Generated by HiviewDFX@OpenHarmony
================================================================
Device info:emulator
Build info:emulator 7.0.0.106(SP1DEVC00E999R4P11)
DeviceDebuggable:No
Fingerprint:daed63e47011c65c3df92cf2e65ac554505cc1c61b956548d08de023010166ca
Module name:com.example.callaite
ReleaseType:debug
CpuAbi:x86_64
Version:1.0.0
VersionCode:1000000
IsSystemApp:No
PreInstalled:No
Foreground:Yes
Pid:31328
Uid:20020063
App running unique id:15061299852214612238
Process life time:190s
Process Memory(kB): 202856(Rss)
Device Memory(kB): Total 4025340, Free 2241200, Available 2825648
Reason:THREAD_BLOCK_6S
appfreeze: com.example.callaite THREAD_BLOCK_6S at 20260919150014
DisplayPowerInfo:powerState:UNKNOWN
Page switch history:
  14:59:58.994 :enters foreground
>>>>>>>>>>>>>>>>>>>>>>>>>>>>>>>>>>>>>>>>>>>
DOMAIN:AAFWK
STRINGID:THREAD_BLOCK_6S
TIMESTAMP:2026/09/19-15:00:14:784
PID:31328
UID:20020063
PACKAGE_NAME:com.example.callaite
PROCESS_NAME:com.example.callaite

*******************************************
start time: 2026/09/19-15:00:11:807
DOMAIN = AAFWK
EVENTNAME = THREAD_BLOCK_3S
TIMESTAMP = 2026/09/19-15:00:11:805
PID = 31328
UID = 20020063
TID = 31328
PACKAGE_NAME = com.example.callaite
PROCESS_NAME = com.example.callaite
eventLog_action = ffrt,t,GpuStack,cmd:m,hot
eventLog_interval = 10
this thread has blocked 3000ms.
IS_FROZEN = 0
MainHeap(bytes): Used 15093280, Total 18087936
SharedHeap(bytes): Used 850216, Total 815792128
GC Status: count 451, maxPause 30.69ms, minPause 0.347ms, averagePause 1.21548ms, lastStartTime 2026/09/19-15:00:11.678, lastEndTime 2026/09/19-15:00:11.679, lastType Local GC
I/O(bytes): rchar 1265390, wchar 60160, syscr 308, syscw 623, read_bytes 0, write_bytes 69632, cancelled_write_bytes 32768
MSG = 
Fault time:2026/09/19-15:00:11
App main thread is not response!

Main handler dump start time: 2026-09-19 15:00:11.685
mainHandler dump is:
 EventHandler dump begin curTime: 2026-09-19 15:00:11.685
 Event runner (Thread name = , Thread ID = 31328) is running
 Current Running: start at 2026-09-19 14:59:59.205, Event { send thread = 31328, send time = 2026-09-19 14:59:59.205, handle time = 2026-11-08 08:02:46.499, trigger time = 2026-09-19 14:59:59.205, task name = vSyncTask, caller = [event_queue.cpp(PostTaskForVsync:235)] }
 History event queue information:
 No. 0 : Event { send thread = 31328, send time = 2026-09-19 14:59:59.089, handle time = 2026-09-19 14:59:59.089, trigger time = 2026-09-19 14:59:59.100, completeTime time = 2026-09-19 14:59:59.202, priority = Low, task name = ArkUIRunPageUrl, caller = [task_runner_adapter_impl.cpp(PostTask:35)] }
 No. 1 : Event { send thread = 32490, send time = 2026-09-19 14:59:59.177, handle time = 2026-09-19 14:59:59.177, trigger time = 2026-09-19 14:59:59.202, completeTime time = 2026-09-19 14:59:59.202, priority = Immediate, task name = GetBundleInfoForSelf, caller = [ohos_js_environment_impl.cpp(PostTaskToHandler:72)] }
 No. 2 : Event { send thread = 32469, send time = 2026-09-19 14:59:59.150, handle time = 2026-09-19 14:59:59.150, trigger time = 2026-09-19 14:59:59.202, completeTime time = 2026-09-19 14:59:59.204, priority = High, task name = JsWindowManager::OnGetTopWindow, caller = [ohos_js_environment_impl.cpp(PostTaskToHandler:72)] }
 No. 3 : Event { send thread = 31328, send time = 2026-09-19 14:59:59.089, handle time = 2026-09-19 14:59:59.089, trigger time = 2026-09-19 14:59:59.204, completeTime time = 2026-09-19 14:59:59.204, priority = Low, task name = ArkUISetSingleHandTransform, caller = [task_runner_adapter_impl.cpp(PostTask:35)] }
 No. 4 : Event { send thread = 31328, send time = 2026-09-19 14:59:59.090, handle time = 2026-09-19 14:59:59.090, trigger time = 2026-09-19 14:59:59.204, completeTime time = 2026-09-19 14:59:59.204, priority = Low, task name = ArkUIStatusBarItemColor, caller = [task_runner_adapter_impl.cpp(PostTask:35)] }
 No. 5 : Event { send thread = 31328, send time = 2026-09-19 14:59:59.090, handle time = 2026-09-19 14:59:59.090, trigger time = 2026-09-19 14:59:59.204, completeTime time = 2026-09-19 14:59:59.204, priority = Low, task name = ArkUINotifyWindowMode, caller = [task_runner_adapter_impl.cpp(PostTask:35)] }
 No. 6 : Event { send thread = 31328, send time = 2026-09-19 14:59:59.094, handle time = 2026-09-19 14:59:59.094, trigger time = 2026-09-19 14:59:59.204, completeTime time = 2026-09-19 14:59:59.204, priority = Low, task name = ArkUIUpdateBrightness, caller = [task_runner_adapter_impl.cpp(PostTask:35)] }
 No. 7 : Event { send thread = 31328, send time = 2026-09-19 14:59:59.094, handle time = 2026-09-19 14:59:59.094, trigger time = 2026-09-19 14:59:59.204, completeTime time = 2026-09-19 14:59:59.204, priority = Low, task name = ArkUIUpdateViewportConfig, caller = [task_runner_adapter_impl.cpp(PostTask:35)] }
 No. 8 : Event { send thread = 31328, send time = 2026-09-19 14:59:59.094, handle time = 2026-09-19 14:59:59.094, trigger time = 2026-09-19 14:59:59.204, completeTime time = 2026-09-19 14:59:59.204, priority = Low, task name = ArkUIUpdateSessionViewportConfig, caller = [task_runner_adapter_impl.cpp(PostTask:35)] }
 No. 9 : Event { send thread = 31328, send time = 2026-09-19 14:59:59.094, handle time = 2026-09-19 14:59:59.094, trigger time = 2026-09-19 14:59:59.204, completeTime time = 2026-09-19 14:59:59.204, priority = Low, task name = ArkUIFrontendActive, caller = [task_runner_adapter_impl.cpp(PostTask:35)] }
 No. 10 : Event { send thread = 31328, send time = 2026-09-19 14:59:59.094, handle time = 2026-09-19 14:59:59.094, trigger time = 2026-09-19 14:59:59.204, completeTime time = 2026-09-19 14:59:59.204, priority = Low, task name = ArkUIWindowFocus, caller = [task_runner_adapter_impl.cpp(PostTask:35)] }
 No. 11 : Event { send thread = 31328, send time = 2026-09-19 14:59:59.094, handle time = 2026-09-19 14:59:59.094, trigger time = 2026-09-19 14:59:59.204, completeTime time = 2026-09-19 14:59:59.204, priority = Low, task name = ArkUISetOnWindowFocusedCallback, caller = [task_runner_adapter_impl.cpp(PostTask:35)] }
 No. 12 : Event { send thread = 31328, send time = 2026-09-19 14:59:59.095, handle time = 2026-09-19 14:59:59.095, trigger time = 2026-09-19 14:59:59.204, completeTime time = 2026-09-19 14:59:59.205, priority = Low, task name = ArkUIFrontendActive, caller = [task_runner_adapter_impl.cpp(PostTask:35)] }
 No. 13 : Event { send thread = 31328, send time = 2026-09-19 14:59:59.095, handle time = 2026-09-19 14:59:59.095, trigger time = 2026-09-19 14:59:59.205, completeTime time = 2026-09-19 14:59:59.205, priority = Low, task name = ArkUIWindowActivate, caller = [task_runner_adapter_impl.cpp(PostTask:35)] }
 No. 14 : Event { send thread = 31328, send time = 2026-09-19 14:59:59.097, handle time = 2026-09-19 14:59:59.097, trigger time = 2026-09-19 14:59:59.205, completeTime time = 2026-09-19 14:59:59.205, priority = Low, task name = ArkUIWindowRectChange, caller = [task_runner_adapter_impl.cpp(PostTask:35)] }
 No. 15 : Event { send thread = 31328, send time = 2026-09-19 14:59:59.097, handle time = 2026-09-19 14:59:59.097, trigger time = 2026-09-19 14:59:59.205, completeTime time = 2026-09-19 14:59:59.205, priority = Low, task name = ArkUIUpdateOriginAvoidAreaAndExecuteKeyboardAvoid, caller = [task_runner_adapter_impl.cpp(PostTask:35)] }
 No. 16 : Event { send thread = 31328, send time = 2026-09-19 14:59:59.099, handle time = 2026-09-19 14:59:59.099, trigger time = 2026-09-19 14:59:59.205, completeTime time = 2026-09-19 14:59:59.205, priority = Low, task name = ArkUIUpdateOriginAvoidAreaAndExecuteKeyboardAvoid, caller = [task_runner_adapter_impl.cpp(PostTask:35)] }
 No. 17 : Event { send thread = 31328, send time = 2026-09-19 14:59:59.093, handle time = 2026-09-19 14:59:59.144, trigger time = 2026-09-19 14:59:59.205, completeTime time = 2026-09-19 14:59:59.205, priority = Low, task name = ArkUIIdleTask, caller = [task_runner_adapter_impl.cpp(PostDelayedTask:46)] }
 No. 18 : Event { send thread = 31328, send time = 2026-09-19 14:59:59.205, handle time = 2026-11-08 08:02:46.499, trigger time = 2026-09-19 14:59:59.205, completeTime time = , priority = VIP, task name = vSyncTask, caller = [event_queue.cpp(PostTaskForVsync:235)] }
 No. 19 : Event { send thread = 31328, send time = 2026-09-19 14:59:59.056, handle time = 2026-09-19 14:59:59.056, trigger time = 2026-09-19 14:59:59.098, completeTime time = 2026-09-19 14:59:59.098, priority = Low, task name = ArkUISetThreadPriority, caller = [task_runner_adapter_impl.cpp(PostTask:35)] }
 No. 20 : Event { send thread = 31328, send time = 2026-09-19 14:59:59.056, handle time = 2026-09-19 14:59:59.056, trigger time = 2026-09-19 14:59:59.098, completeTime time = 2026-09-19 14:59:59.098, priority = Low, task name = ArkUISetThreadPriority, caller = [task_runner_adapter_impl.cpp(PostTask:35)] }
 No. 21 : Event { send thread = 31328, send time = 2026-09-19 14:59:59.056, handle time = 2026-09-19 14:59:59.056, trigger time = 2026-09-19 14:59:59.098, completeTime time = 2026-09-19 14:59:59.098, priority = Low, task name = ArkUIFillTaskTypeTable, caller = [task_runner_adapter_impl.cpp(PostTask:35)] }
 No. 22 : Event { send thread = 31328, send time = 2026-09-19 14:59:59.056, handle time = 2026-09-19 14:59:59.056, trigger time = 2026-09-19 14:59:59.098, completeTime time = 2026-09-19 14:59:59.098, priority = Low, task name = ArkUIFillTaskTypeTable, caller = [task_runner_adapter_impl.cpp(PostTask:35)] }
 No. 23 : Event { send thread = 31328, send time = 2026-09-19 14:59:59.056, handle time = 2026-09-19 14:59:59.056, trigger time = 2026-09-19 14:59:59.098, completeTime time = 2026-09-19 14:59:59.098, priority = Low, task name = ArkUIFillTaskTypeTable, caller = [task_runner_adapter_impl.cpp(PostTask:35)] }
 No. 24 : Event { send thread = 31328, send time = 2026-09-19 14:59:59.056, handle time = 2026-09-19 14:59:59.056, trigger time = 2026-09-19 14:59:59.098, completeTime time = 2026-09-19 14:59:59.098, priority = Low, task name = ArkUIFillTaskTypeTable, caller = [task_runner_adapter_impl.cpp(PostTask:35)] }
 No. 25 : Event { send thread = 31328, send time = 2026-09-19 14:59:59.057, handle time = 2026-09-19 14:59:59.057, trigger time = 2026-09-19 14:59:59.098, completeTime time = 2026-09-19 14:59:59.098, priority = Low, task name = ArkUISetJsMessageDispatcher, caller = [task_runner_adapter_impl.cpp(PostTask:35)] }
 No. 26 : Event { send thread = 31328, send time = 2026-09-19 14:59:59.058, handle time = 2026-09-19 14:59:59.058, trigger time = 2026-09-19 14:59:59.098, completeTime time = 2026-09-19 14:59:59.098, priority = Low, task name = ArkUIPageSwitchLogStatusChanged, caller = [task_runner_adapter_impl.cpp(PostTask:35)] }
 No. 27 : Event { send thread = 31328, send time = 2026-09-19 14:59:59.076, handle time = 2026-09-19 14:59:59.076, trigger time = 2026-09-19 14:59:59.098, completeTime time = 2026-09-19 14:59:59.098, priority = Low, task name = ArkUIFrontendActive, caller = [task_runner_adapter_impl.cpp(PostTask:35)] }
 No. 28 : Event { send thread = 31328, send time = 2026-09-19 14:59:59.076, handle time = 2026-09-19 14:59:59.076, trigger time = 2026-09-19 14:59:59.098, completeTime time = 2026-09-19 14:59:59.099, priority = Low, task name = ArkUIWindowFocus, caller = [task_runner_adapter_impl.cpp(PostTask:35)] }
 No. 29 : Event { send thread = 32461, send time = 2026-09-19 14:59:59.082, handle time = 2026-09-19 14:59:59.082, trigger time = 2026-09-19 14:59:59.099, completeTime time = 2026-09-19 14:59:59.099, priority = Low, task name = WMS_WindowSessionImpl_UpdateRectForOtherReason, caller = [window_session_impl.cpp(UpdateRectForOtherReason:1693)] }
 No. 30 : Event { send thread = 31328, send time = 2026-09-19 14:59:59.099, handle time = 2026-09-19 14:59:59.099, trigger time = 2026-09-19 14:59:59.099, completeTime time = 2026-09-19 14:59:59.099, priority = VIP, task name = UpdateDisplayValid5, caller = [native_event.cpp(SendEventByEventHandler:322)] }
 No. 31 : Event { send thread = 31328, send time = 2026-09-19 14:59:59.089, handle time = 2026-09-19 14:59:59.089, trigger time = 2026-09-19 14:59:59.099, completeTime time = 2026-09-19 14:59:59.099, priority = Low, task name = ArkUIParseI18nJsonInfo, caller = [task_runner_adapter_impl.cpp(PostTask:35)] }
 VIP priority event queue information:
 No.1 : Event { send thread = 32448, send time = 2026-09-19 15:00:01.686, handle time = 2026-09-19 15:00:01.686, id = 1, caller = [watchdog.cpp(Timer:303)] }
 No.2 : Event { send thread = 32448, send time = 2026-09-19 15:00:08.687, handle time = 2026-09-19 15:00:08.687, id = 1, caller = [watchdog.cpp(Timer:303)] }
 No.3 : Event { send thread = 32448, send time = 2026-09-19 15:00:11.685, handle time = 2026-09-19 15:00:11.685, id = 1, caller = [watchdog.cpp(Timer:303)] }
 Total size of VIP events : 3
 Immediate priority event queue information:
 Total size of Immediate events : 0
 High priority event queue information:
 No.1 : Event { send thread = 31328, send time = 2026-09-19 14:59:59.205, handle time = 2026-09-19 14:59:59.205, task name = uvLoopTask, caller = [event_queue.cpp(HandleFileDescriptorEvent:313)] }
 Total size of High events : 1
 Low priority event queue information:
 No.1 : Event { send thread = 31328, send time = 2026-09-19 14:59:59.213, handle time = 2026-09-19 14:59:59.264, task name = ArkUIIdleTask, caller = [task_runner_adapter_impl.cpp(PostDelayedTask:46)] }
 No.2 : Event { send thread = 31328, send time = 2026-09-19 14:59:59.213, handle time = 2026-09-19 14:59:59.713, task name = ArkUIVsyncTimeoutCheck, caller = [task_runner_adapter_impl.cpp(PostDelayedTask:46)] }
 No.3 : Event { send thread = 31328, send time = 2026-09-19 14:59:58.794, handle time = 2026-09-19 14:59:59.794, task name = AppRecovery:AddAbility, caller = [app_recovery.cpp(AddAbility:133)] }
 No.4 : Event { send thread = 31328, send time = 2026-09-19 14:59:59.212, handle time = 2026-09-19 14:59:59.812, task name = vsync_time_out_task_134552735449089, caller = [vsync_station.cpp(RequestVsync:148)] }
 No.5 : Event { send thread = 31328, send time = 2026-09-19 14:59:59.201, handle time = 2026-09-19 15:00:01.201, task name = ExtensionTransparentDetector, caller = [task_runner_adapter_impl.cpp(PostDelayedTask:46)] }
 No.6 : Event { send thread = 31328, send time = 2026-09-19 14:59:59.213, handle time = 2026-09-19 15:00:02.213, task name = ArkUIVsyncTimeoutCheck, caller = [task_runner_adapter_impl.cpp(PostDelayedTask:46)] }
 No.7 : Event { send thread = 31328, send time = 2026-09-19 14:59:59.145, handle time = 2026-09-19 15:00:04.145, task name = TriggerModuleSerializer, caller = [task_runner_adapter_impl.cpp(PostDelayedTask:46)] }
 Total size of Low events : 7
 Idle priority event queue information:
 No.1 : Event { send thread = 32477, send time = 2026-09-19 14:59:59.307, handle time = 2026-09-19 14:59:59.307, task name = uv_io_cb, caller = [ohos_js_environment_impl.cpp(PostTaskToHandler:72)] }
 No.2 : Event { send thread = 32477, send time = 2026-09-19 14:59:59.545, handle time = 2026-09-19 14:59:59.545, task name = uv_io_cb, caller = [ohos_js_environment_impl.cpp(PostTaskToHandler:72)] }
 Total size of Idle events : 2
 Total event size : 13
Main handler dump end time: 2026-09-19 15:00:11.686

Catche stack trace start time: 2026-09-19 15:00:11.706

Tid:31328, Name:xample.callaite
state=R, utime=1223, stime=57, priority=10, nice=-10, clk=100
#00 pc 00000000000df4cb /system/lib/ld-musl-x86_64.so.1(mprotect+43)(74178aa6301b8bad2ac9b6d7f2361221)
#01 pc 0000000000adb20d /system/lib64/platformsdk/libark_jsruntime.so(3403c0dea7c24e42adea4ee0f5dd2803)
#02 pc 000000000076bbae /system/lib64/platformsdk/libark_jsruntime.so(3403c0dea7c24e42adea4ee0f5dd2803)
#03 pc 000000000076b39c /system/lib64/platformsdk/libark_jsruntime.so(3403c0dea7c24e42adea4ee0f5dd2803)
#04 pc 000000000076ad27 /system/lib64/platformsdk/libark_jsruntime.so(3403c0dea7c24e42adea4ee0f5dd2803)
#05 pc 000000000075d9ec /system/lib64/platformsdk/libark_jsruntime.so(3403c0dea7c24e42adea4ee0f5dd2803)
#06 pc 000000000075fd82 /system/lib64/platformsdk/libark_jsruntime.so(3403c0dea7c24e42adea4ee0f5dd2803)
#07 pc 0000000000931170 /system/lib64/platformsdk/libark_jsruntime.so(3403c0dea7c24e42adea4ee0f5dd2803)
#08 pc 00000000009f2548 /system/lib64/platformsdk/libark_jsruntime.so(3403c0dea7c24e42adea4ee0f5dd2803)
#09 pc 000000000124e1b2 /system/lib64/module/arkcompiler/stub.an(RTStub_CallRuntime+50)
#10 pc 0000000000d82912 /system/lib64/module/arkcompiler/stub.an(COStub_GrowElementsCapacityStwCopy+450)
#11 pc 0000000000ee5317 /system/lib64/module/arkcompiler/stub.an(BuiltinStub_ArrayPushStwCopy+1911)
#12 pc 0000000001225aa2 /system/lib64/module/arkcompiler/stub.an(BCStub_HandleCallthis1withnameImm8Id16V8V8StwCopy+658)
Tid:32446, Name:OS_IPC_0_32446
state=S, utime=0, stime=0, priority=0, nice=-20, clk=100
#00 pc 00000000000dc469 /system/lib/ld-musl-x86_64.so.1(ioctl+185)(74178aa6301b8bad2ac9b6d7f2361221)
#01 pc 0000000000010ca7 /system/lib64/platformsdk/libipc_common.z.so(OHOS::BinderConnector::WriteBinder(unsigned long, void*)+55)(ae9fe169bf1f8b0397c31ba1b67e0e94)
#02 pc 000000000007e34d /system/lib64/platformsdk/libipc_single.z.so(OHOS::BinderInvoker::TransactWithDriver(bool)+269)(216555c1ccaa2644568394a99c5a7547)
#03 pc 000000000007e71a /system/lib64/platformsdk/libipc_single.z.so(OHOS::BinderInvoker::StartWorkLoop()+106)(216555c1ccaa2644568394a99c5a7547)
#04 pc 0000000000080c28 /system/lib64/platformsdk/libipc_single.z.so(OHOS::BinderInvoker::JoinThread(bool)+40)(216555c1ccaa2644568394a99c5a7547)
#05 pc 00000000000769f5 /system/lib64/platformsdk/libipc_single.z.so(OHOS::IPCWorkThread::ThreadHandler(void*)+901)(216555c1ccaa2644568394a99c5a7547)
#06 pc 00000000001299e7 /system/lib/ld-musl-x86_64.so.1(74178aa6301b8bad2ac9b6d7f2361221)
#07 pc 0000000000090f8e /system/lib/ld-musl-x86_64.so.1(74178aa6301b8bad2ac9b6d7f2361221)
Tid:32447, Name:OS_IPC_1_32447
state=S, utime=0, stime=0, priority=0, nice=-20, clk=100
#00 pc 00000000000dc46b /system/lib/ld-musl-x86_64.so.1(ioctl+187)(74178aa6301b8bad2ac9b6d7f2361221)
#01 pc 0000000000010ca7 /system/lib64/platformsdk/libipc_common.z.so(OHOS::BinderConnector::WriteBinder(unsigned long, void*)+55)(ae9fe169bf1f8b0397c31ba1b67e0e94)
#02 pc 000000000007e34d /system/lib64/platformsdk/libipc_single.z.so(OHOS::BinderInvoker::TransactWithDriver(bool)+269)(216555c1ccaa2644568394a99c5a7547)
#03 pc 000000000007e71a /system/lib64/platformsdk/libipc_single.z.so(OHOS::BinderInvoker::StartWorkLoop()+106)(216555c1ccaa2644568394a99c5a7547)
#04 pc 0000000000080c28 /system/lib64/platformsdk/libipc_single.z.so(OHOS::BinderInvoker::JoinThread(bool)+40)(216555c1ccaa2644568394a99c5a7547)
#05 pc 00000000000769f5 /system/lib64/platformsdk/libipc_single.z.so(OHOS::IPCWorkThread::ThreadHandler(void*)+901)(216555c1ccaa2644568394a99c5a7547)
#06 pc 00000000001299e7 /system/lib/ld-musl-x86_64.so.1(74178aa6301b8bad2ac9b6d7f2361221)
#07 pc 0000000000090f8e /system/lib/ld-musl-x86_64.so.1(74178aa6301b8bad2ac9b6d7f2361221)
Tid:32448, Name:OS_DfxWatchdog
state=S, utime=0, stime=0, priority=0, nice=-20, clk=100
#00 pc 0000000000125ee9 /system/lib/ld-musl-x86_64.so.1(74178aa6301b8bad2ac9b6d7f2361221)
#01 pc 0000000000127883 /system/lib/ld-musl-x86_64.so.1(pthread_cond_timedwait+195)(74178aa6301b8bad2ac9b6d7f2361221)
#02 pc 00000000000c74e7 /system/lib64/chipset-sdk-sp/libc++.so(std::__h::condition_variable::__do_timed_wait(std::__h::unique_lock<std::__h::mutex>&, std::__h::chrono::time_point<std::__h::chrono::system_clock, std::__h::chrono::duration<long long, std::__h::ratio<1l, 1000000000l>>>)+103)(ca45f3285cb13d8a615c2dcf32305914fbc391ad)
#03 pc 00000000000245a0 /system/lib64/chipset-sdk-sp/libhicollie.z.so(0d0f332b1d543f1b44cdc8747e67264a)
#04 pc 00000000000242a1 /system/lib64/chipset-sdk-sp/libhicollie.z.so(0d0f332b1d543f1b44cdc8747e67264a)
#05 pc 000000000002c17d /system/lib64/chipset-sdk-sp/libhicollie.z.so(0d0f332b1d543f1b44cdc8747e67264a)
#06 pc 00000000001299e7 /system/lib/ld-musl-x86_64.so.1(74178aa6301b8bad2ac9b6d7f2361221)
#07 pc 0000000000090f8e /system/lib/ld-musl-x86_64.so.1(74178aa6301b8bad2ac9b6d7f2361221)
Tid:32455, Name:OS_FFRT_Delay
state=S, utime=0, stime=0, priority=0, nice=-20, clk=100
#00 pc 00000000000b837f /system/lib/ld-musl-x86_64.so.1(epoll_wait+31)(74178aa6301b8bad2ac9b6d7f2361221)
#01 pc 00000000000b2cda /system/lib64/ndk/libffrt.so(6014d53b82cd59820b512f223d249356)
#02 pc 00000000001299e7 /system/lib/ld-musl-x86_64.so.1(74178aa6301b8bad2ac9b6d7f2361221)
#03 pc 0000000000090f8e /system/lib/ld-musl-x86_64.so.1(74178aa6301b8bad2ac9b6d7f2361221)
Tid:32461, Name:OS_IPC_2_32461
state=S, utime=0, stime=0, priority=0, nice=-20, clk=100
#00 pc 00000000000dc46b /system/lib/ld-musl-x86_64.so.1(ioctl+187)(74178aa6301b8bad2ac9b6d7f2361221)
#01 pc 0000000000010ca7 /system/lib64/platformsdk/libipc_common.z.so(OHOS::BinderConnector::WriteBinder(unsigned long, void*)+55)(ae9fe169bf1f8b0397c31ba1b67e0e94)
#02 pc 000000000007e34d /system/lib64/platformsdk/libipc_single.z.so(OHOS::BinderInvoker::TransactWithDriver(bool)+269)(216555c1ccaa2644568394a99c5a7547)
#03 pc 000000000007e71a /system/lib64/platformsdk/libipc_single.z.so(OHOS::BinderInvoker::StartWorkLoop()+106)(216555c1ccaa2644568394a99c5a7547)
#04 pc 0000000000080c28 /system/lib64/platformsdk/libipc_single.z.so(OHOS::BinderInvoker::JoinThread(bool)+40)(216555c1ccaa2644568394a99c5a7547)
#05 pc 00000000000769f5 /system/lib64/platformsdk/libipc_single.z.so(OHOS::IPCWorkThread::ThreadHandler(void*)+901)(216555c1ccaa2644568394a99c5a7547)
#06 pc 00000000001299e7 /system/lib/ld-musl-x86_64.so.1(74178aa6301b8bad2ac9b6d7f2361221)
#07 pc 0000000000090f8e /system/lib/ld-musl-x86_64.so.1(74178aa6301b8bad2ac9b6d7f2361221)
Tid:32462, Name:OS_FFRT_5_0
state=S, utime=0, stime=0, priority=0, nice=-20, clk=100
#00 pc 0000000000125ee9 /system/lib/ld-musl-x86_64.so.1(74178aa6301b8bad2ac9b6d7f2361221)
#01 pc 0000000000127883 /system/lib/ld-musl-x86_64.so.1(pthread_cond_timedwait+195)(74178aa6301b8bad2ac9b6d7f2361221)
#02 pc 00000000000c74e7 /system/lib64/chipset-sdk-sp/libc++.so(std::__h::condition_variable::__do_timed_wait(std::__h::unique_lock<std::__h::mutex>&, std::__h::chrono::time_point<std::__h::chrono::system_clock, std::__h::chrono::duration<long long, std::__h::ratio<1l, 1000000000l>>>)+103)(ca45f3285cb13d8a615c2dcf32305914fbc391ad)
#03 pc 000000000008bcb0 /system/lib64/ndk/libffrt.so(6014d53b82cd59820b512f223d249356)
#04 pc 00000000000760ef /system/lib64/ndk/libffrt.so(6014d53b82cd59820b512f223d249356)
#05 pc 0000000000075eaf /system/lib64/ndk/libffrt.so(6014d53b82cd59820b512f223d249356)
#06 pc 0000000000075d79 /system/lib64/ndk/libffrt.so(6014d53b82cd59820b512f223d249356)
#07 pc 00000000001299e7 /system/lib/ld-musl-x86_64.so.1(74178aa6301b8bad2ac9b6d7f2361221)
#08 pc 0000000000090f8e /system/lib/ld-musl-x86_64.so.1(74178aa6301b8bad2ac9b6d7f2361221)
Tid:32469, Name:OS_FFRT_2_0
state=S, utime=0, stime=1, priority=0, nice=-20, clk=100
#00 pc 0000000000125ee9 /system/lib/ld-musl-x86_64.so.1(74178aa6301b8bad2ac9b6d7f2361221)
#01 pc 0000000000127883 /system/lib/ld-musl-x86_64.so.1(pthread_cond_timedwait+195)(74178aa6301b8bad2ac9b6d7f2361221)
#02 pc 00000000000c74e7 /system/lib64/chipset-sdk-sp/libc++.so(std::__h::condition_variable::__do_timed_wait(std::__h::unique_lock<std::__h::mutex>&, std::__h::chrono::time_point<std::__h::chrono::system_clock, std::__h::chrono::duration<long long, std::__h::ratio<1l, 1000000000l>>>)+103)(ca45f3285cb13d8a615c2dcf32305914fbc391ad)
#03 pc 000000000008bcb0 /system/lib64/ndk/libffrt.so(6014d53b82cd59820b512f223d249356)
#04 pc 00000000000760ef /system/lib64/ndk/libffrt.so(6014d53b82cd59820b512f223d249356)
#05 pc 0000000000075eaf /system/lib64/ndk/libffrt.so(6014d53b82cd59820b512f223d249356)
#06 pc 0000000000075d79 /system/lib64/ndk/libffrt.so(6014d53b82cd59820b512f223d249356)
#07 pc 00000000001299e7 /system/lib/ld-musl-x86_64.so.1(74178aa6301b8bad2ac9b6d7f2361221)
#08 pc 0000000000090f8e /system/lib/ld-musl-x86_64.so.1(74178aa6301b8bad2ac9b6d7f2361221)
Tid:32470, Name:OS_GC_Thread
state=S, utime=0, stime=0, priority=0, nice=-20, clk=100
#00 pc 0000000000125ee9 /system/lib/ld-musl-x86_64.so.1(74178aa6301b8bad2ac9b6d7f2361221)
#01 pc 0000000000127883 /system/lib/ld-musl-x86_64.so.1(pthread_cond_timedwait+195)(74178aa6301b8bad2ac9b6d7f2361221)
#02 pc 00000000009cd4ca /system/lib64/platformsdk/libark_jsruntime.so(3403c0dea7c24e42adea4ee0f5dd2803)
#03 pc 00000000009cd443 /system/lib64/platformsdk/libark_jsruntime.so(3403c0dea7c24e42adea4ee0f5dd2803)
#04 pc 00000000009cd8b5 /system/lib64/platformsdk/libark_jsruntime.so(3403c0dea7c24e42adea4ee0f5dd2803)
#05 pc 00000000001299e7 /system/lib/ld-musl-x86_64.so.1(74178aa6301b8bad2ac9b6d7f2361221)
#06 pc 0000000000090f8e /system/lib/ld-musl-x86_64.so.1(74178aa6301b8bad2ac9b6d7f2361221)
Tid:32471, Name:OS_GC_Thread
state=S, utime=14, stime=4, priority=0, nice=-20, clk=100
#00 pc 0000000000125ee9 /system/lib/ld-musl-x86_64.so.1(74178aa6301b8bad2ac9b6d7f2361221)
#01 pc 0000000000127883 /system/lib/ld-musl-x86_64.so.1(pthread_cond_timedwait+195)(74178aa6301b8bad2ac9b6d7f2361221)
#02 pc 00000000000c7451 /system/lib64/chipset-sdk-sp/libc++.so(std::__h::condition_variable::wait(std::__h::unique_lock<std::__h::mutex>&)+17)(ca45f3285cb13d8a615c2dcf32305914fbc391ad)
#03 pc 0000000000a298fd /system/lib64/platformsdk/libark_jsruntime.so(3403c0dea7c24e42adea4ee0f5dd2803)
#04 pc 0000000000a29475 /system/lib64/platformsdk/libark_jsruntime.so(3403c0dea7c24e42adea4ee0f5dd2803)
#05 pc 0000000000a2955a /system/lib64/platformsdk/libark_jsruntime.so(3403c0dea7c24e42adea4ee0f5dd2803)
#06 pc 00000000001299e7 /system/lib/ld-musl-x86_64.so.1(74178aa6301b8bad2ac9b6d7f2361221)
#07 pc 0000000000090f8e /system/lib/ld-musl-x86_64.so.1(74178aa6301b8bad2ac9b6d7f2361221)
Tid:32472, Name:OS_GC_Thread
state=S, utime=12, stime=7, priority=0, nice=-20, clk=100
#00 pc 0000000000125ee9 /system/lib/ld-musl-x86_64.so.1(74178aa6301b8bad2ac9b6d7f2361221)
#01 pc 0000000000127883 /system/lib/ld-musl-x86_64.so.1(pthread_cond_timedwait+195)(74178aa6301b8bad2ac9b6d7f2361221)
#02 pc 00000000000c7451 /system/lib64/chipset-sdk-sp/libc++.so(std::__h::condition_variable::wait(std::__h::unique_lock<std::__h::mutex>&)+17)(ca45f3285cb13d8a615c2dcf32305914fbc391ad)
#03 pc 0000000000a298fd /system/lib64/platformsdk/libark_jsruntime.so(3403c0dea7c24e42adea4ee0f5dd2803)
#04 pc 0000000000a29475 /system/lib64/platformsdk/libark_jsruntime.so(3403c0dea7c24e42adea4ee0f5dd2803)
#05 pc 0000000000a2955a /system/lib64/platformsdk/libark_jsruntime.so(3403c0dea7c24e42adea4ee0f5dd2803)
#06 pc 00000000001299e7 /system/lib/ld-musl-x86_64.so.1(74178aa6301b8bad2ac9b6d7f2361221)
#07 pc 0000000000090f8e /system/lib/ld-musl-x86_64.so.1(74178aa6301b8bad2ac9b6d7f2361221)
Tid:32473, Name:OS_GC_Thread
state=S, utime=13, stime=6, priority=0, nice=-20, clk=100
#00 pc 0000000000125ee9 /system/lib/ld-musl-x86_64.so.1(74178aa6301b8bad2ac9b6d7f2361221)
#01 pc 0000000000127883 /system/lib/ld-musl-x86_64.so.1(pthread_cond_timedwait+195)(74178aa6301b8bad2ac9b6d7f2361221)
#02 pc 00000000000c7451 /system/lib64/chipset-sdk-sp/libc++.so(std::__h::condition_variable::wait(std::__h::unique_lock<std::__h::mutex>&)+17)(ca45f3285cb13d8a615c2dcf32305914fbc391ad)
#03 pc 0000000000a298fd /system/lib64/platformsdk/libark_jsruntime.so(3403c0dea7c24e42adea4ee0f5dd2803)
#04 pc 0000000000a29475 /system/lib64/platformsdk/libark_jsruntime.so(3403c0dea7c24e42adea4ee0f5dd2803)
#05 pc 0000000000a2955a /system/lib64/platformsdk/libark_jsruntime.so(3403c0dea7c24e42adea4ee0f5dd2803)
#06 pc 00000000001299e7 /system/lib/ld-musl-x86_64.so.1(74178aa6301b8bad2ac9b6d7f2361221)
#07 pc 0000000000090f8e /system/lib/ld-musl-x86_64.so.1(74178aa6301b8bad2ac9b6d7f2361221)
Tid:32474, Name:OS_FFRT_3_0
state=S, utime=5, stime=11, priority=0, nice=-20, clk=100
#00 pc 0000000000125ee9 /system/lib/ld-musl-x86_64.so.1(74178aa6301b8bad2ac9b6d7f2361221)
#01 pc 0000000000127883 /system/lib/ld-musl-x86_64.so.1(pthread_cond_timedwait+195)(74178aa6301b8bad2ac9b6d7f2361221)
#02 pc 00000000000c74e7 /system/lib64/chipset-sdk-sp/libc++.so(std::__h::condition_variable::__do_timed_wait(std::__h::unique_lock<std::__h::mutex>&, std::__h::chrono::time_point<std::__h::chrono::system_clock, std::__h::chrono::duration<long long, std::__h::ratio<1l, 1000000000l>>>)+103)(ca45f3285cb13d8a615c2dcf32305914fbc391ad)
#03 pc 000000000008bcb0 /system/lib64/ndk/libffrt.so(6014d53b82cd59820b512f223d249356)
#04 pc 00000000000760ef /system/lib64/ndk/libffrt.so(6014d53b82cd59820b512f223d249356)
#05 pc 0000000000075eaf /system/lib64/ndk/libffrt.so(6014d53b82cd59820b512f223d249356)
#06 pc 0000000000075d79 /system/lib64/ndk/libffrt.so(6014d53b82cd59820b512f223d249356)
#07 pc 00000000001299e7 /system/lib/ld-musl-x86_64.so.1(74178aa6301b8bad2ac9b6d7f2361221)
#08 pc 0000000000090f8e /system/lib/ld-musl-x86_64.so.1(74178aa6301b8bad2ac9b6d7f2361221)
Tid:32476, Name:OS_hdcRegister
state=S, utime=0, stime=0, priority=0, nice=-20, clk=100
#00 pc 00000000000b837f /system/lib/ld-musl-x86_64.so.1(epoll_wait+31)(74178aa6301b8bad2ac9b6d7f2361221)
#01 pc 000000000000660f /system/lib64/platformsdk/libhdc_register.z.so(Hdc::HdcJdwpSimulator::ReadFromJdwp()+367)(4c41d0541b0381aaf6674e818696d512)
#02 pc 0000000000006ba3 /system/lib64/platformsdk/libhdc_register.z.so(Hdc::HdcJdwpSimulator::Connect()+195)(4c41d0541b0381aaf6674e818696d512)
#03 pc 00000000000052ef /system/lib64/platformsdk/libhdc_register.z.so(Hdc::HdcConnectRun(void*)+559)(4c41d0541b0381aaf6674e818696d512)
#04 pc 00000000001299e7 /system/lib/ld-musl-x86_64.so.1(74178aa6301b8bad2ac9b6d7f2361221)
#05 pc 0000000000090f8e /system/lib/ld-musl-x86_64.so.1(74178aa6301b8bad2ac9b6d7f2361221)
Tid:32477, Name:OS_FFRT_0_0
state=S, utime=0, stime=0, priority=0, nice=-20, clk=100
#00 pc 0000000000125ee9 /system/lib/ld-musl-x86_64.so.1(74178aa6301b8bad2ac9b6d7f2361221)
#01 pc 0000000000127883 /system/lib/ld-musl-x86_64.so.1(pthread_cond_timedwait+195)(74178aa6301b8bad2ac9b6d7f2361221)
#02 pc 00000000000c74e7 /system/lib64/chipset-sdk-sp/libc++.so(std::__h::condition_variable::__do_timed_wait(std::__h::unique_lock<std::__h::mutex>&, std::__h::chrono::time_point<std::__h::chrono::system_clock, std::__h::chrono::duration<long long, std::__h::ratio<1l, 1000000000l>>>)+103)(ca45f3285cb13d8a615c2dcf32305914fbc391ad)
#03 pc 000000000008bcb0 /system/lib64/ndk/libffrt.so(6014d53b82cd59820b512f223d249356)
#04 pc 00000000000760ef /system/lib64/ndk/libffrt.so(6014d53b82cd59820b512f223d249356)
#05 pc 0000000000075eaf /system/lib64/ndk/libffrt.so(6014d53b82cd59820b512f223d249356)
#06 pc 0000000000075d79 /system/lib64/ndk/libffrt.so(6014d53b82cd59820b512f223d249356)
#07 pc 00000000001299e7 /system/lib/ld-musl-x86_64.so.1(74178aa6301b8bad2ac9b6d7f2361221)
#08 pc 0000000000090f8e /system/lib/ld-musl-x86_64.so.1(74178aa6301b8bad2ac9b6d7f2361221)
Tid:32485, Name:sandbox_thread
state=S, utime=0, stime=0, priority=0, nice=-20, clk=100
#00 pc 0000000000125ee9 /system/lib/ld-musl-x86_64.so.1(74178aa6301b8bad2ac9b6d7f2361221)
#01 pc 0000000000127883 /system/lib/ld-musl-x86_64.so.1(pthread_cond_timedwait+195)(74178aa6301b8bad2ac9b6d7f2361221)
#02 pc 00000000000c7451 /system/lib64/chipset-sdk-sp/libc++.so(std::__h::condition_variable::wait(std::__h::unique_lock<std::__h::mutex>&)+17)(ca45f3285cb13d8a615c2dcf32305914fbc391ad)
#03 pc 00000000000086d7 /system/lib64/platformsdk/libsandboxlog.so(15f86dfff1c9aa3778b113b4e1f84fe4)
#04 pc 0000000000009363 /system/lib64/platformsdk/libsandboxlog.so(15f86dfff1c9aa3778b113b4e1f84fe4)
#05 pc 00000000001299e7 /system/lib/ld-musl-x86_64.so.1(74178aa6301b8bad2ac9b6d7f2361221)
#06 pc 0000000000090f8e /system/lib/ld-musl-x86_64.so.1(74178aa6301b8bad2ac9b6d7f2361221)
Tid:32487, Name:xample.callaite
state=S, utime=0, stime=0, priority=0, nice=-20, clk=100
#00 pc 000000000013100d /system/lib/ld-musl-x86_64.so.1(nanosleep+13)(74178aa6301b8bad2ac9b6d7f2361221)
#01 pc 00000000000d9b9a /system/lib64/chipset-sdk-sp/libc++.so(std::__h::this_thread::sleep_for(std::__h::chrono::duration<long long, std::__h::ratio<1l, 1000000000l>> const&)+90)(ca45f3285cb13d8a615c2dcf32305914fbc391ad)
#02 pc 0000000000015f52 /system/lib64/platformsdk/libhistogram.z.so(bcaef44ffc0c920a27140798ab5f7654)
#03 pc 00000000001299e7 /system/lib/ld-musl-x86_64.so.1(74178aa6301b8bad2ac9b6d7f2361221)
#04 pc 0000000000090f8e /system/lib/ld-musl-x86_64.so.1(74178aa6301b8bad2ac9b6d7f2361221)
Tid:32488, Name:OS_EVENT_POLL
state=S, utime=0, stime=0, priority=0, nice=-20, clk=100
#00 pc 00000000000b837f /system/lib/ld-musl-x86_64.so.1(epoll_wait+31)(74178aa6301b8bad2ac9b6d7f2361221)
#01 pc 000000000001a0fc /system/lib64/chipset-sdk-sp/libeventhandler.z.so(d20098a20e88abe540f8f998e7a8bdcc)
#02 pc 000000000001b2e6 /system/lib64/chipset-sdk-sp/libeventhandler.z.so(d20098a20e88abe540f8f998e7a8bdcc)
#03 pc 00000000001299e7 /system/lib/ld-musl-x86_64.so.1(74178aa6301b8bad2ac9b6d7f2361221)
#04 pc 0000000000090f8e /system/lib/ld-musl-x86_64.so.1(74178aa6301b8bad2ac9b6d7f2361221)
Tid:32490, Name:OS_FFRT_3_1
state=S, utime=0, stime=0, priority=0, nice=-20, clk=100
#00 pc 0000000000125ee9 /system/lib/ld-musl-x86_64.so.1(74178aa6301b8bad2ac9b6d7f2361221)
#01 pc 0000000000127883 /system/lib/ld-musl-x86_64.so.1(pthread_cond_timedwait+195)(74178aa6301b8bad2ac9b6d7f2361221)
#02 pc 00000000000c74e7 /system/lib64/chipset-sdk-sp/libc++.so(std::__h::condition_variable::__do_timed_wait(std::__h::unique_lock<std::__h::mutex>&, std::__h::chrono::time_point<std::__h::chrono::system_clock, std::__h::chrono::duration<long long, std::__h::ratio<1l, 1000000000l>>>)+103)(ca45f3285cb13d8a615c2dcf32305914fbc391ad)
#03 pc 000000000008bcb0 /system/lib64/ndk/libffrt.so(6014d53b82cd59820b512f223d249356)
#04 pc 00000000000760ef /system/lib64/ndk/libffrt.so(6014d53b82cd59820b512f223d249356)
#05 pc 0000000000075eaf /system/lib64/ndk/libffrt.so(6014d53b82cd59820b512f223d249356)
#06 pc 0000000000075d79 /system/lib64/ndk/libffrt.so(6014d53b82cd59820b512f223d249356)
#07 pc 00000000001299e7 /system/lib/ld-musl-x86_64.so.1(74178aa6301b8bad2ac9b6d7f2361221)
#08 pc 0000000000090f8e /system/lib/ld-musl-x86_64.so.1(74178aa6301b8bad2ac9b6d7f2361221)
Tid:32491, Name:OS_FFRT_3_2
state=S, utime=0, stime=0, priority=0, nice=-20, clk=100
#00 pc 0000000000125ee9 /system/lib/ld-musl-x86_64.so.1(74178aa6301b8bad2ac9b6d7f2361221)
#01 pc 0000000000127883 /system/lib/ld-musl-x86_64.so.1(pthread_cond_timedwait+195)(74178aa6301b8bad2ac9b6d7f2361221)
#02 pc 00000000000c74e7 /system/lib64/chipset-sdk-sp/libc++.so(std::__h::condition_variable::__do_timed_wait(std::__h::unique_lock<std::__h::mutex>&, std::__h::chrono::time_point<std::__h::chrono::system_clock, std::__h::chrono::duration<long long, std::__h::ratio<1l, 1000000000l>>>)+103)(ca45f3285cb13d8a615c2dcf32305914fbc391ad)
#03 pc 000000000008bcb0 /system/lib64/ndk/libffrt.so(6014d53b82cd59820b512f223d249356)
#04 pc 00000000000760ef /system/lib64/ndk/libffrt.so(6014d53b82cd59820b512f223d249356)
#05 pc 0000000000075eaf /system/lib64/ndk/libffrt.so(6014d53b82cd59820b512f223d249356)
#06 pc 0000000000075d79 /system/lib64/ndk/libffrt.so(6014d53b82cd59820b512f223d249356)
#07 pc 00000000001299e7 /system/lib/ld-musl-x86_64.so.1(74178aa6301b8bad2ac9b6d7f2361221)
#08 pc 0000000000090f8e /system/lib/ld-musl-x86_64.so.1(74178aa6301b8bad2ac9b6d7f2361221)
Tid:32492, Name:OS_FFRT_3_3
state=S, utime=0, stime=0, priority=0, nice=-20, clk=100
#00 pc 0000000000125ee9 /system/lib/ld-musl-x86_64.so.1(74178aa6301b8bad2ac9b6d7f2361221)
#01 pc 0000000000127883 /system/lib/ld-musl-x86_64.so.1(pthread_cond_timedwait+195)(74178aa6301b8bad2ac9b6d7f2361221)
#02 pc 00000000000c74e7 /system/lib64/chipset-sdk-sp/libc++.so(std::__h::condition_variable::__do_timed_wait(std::__h::unique_lock<std::__h::mutex>&, std::__h::chrono::time_point<std::__h::chrono::system_clock, std::__h::chrono::duration<long long, std::__h::ratio<1l, 1000000000l>>>)+103)(ca45f3285cb13d8a615c2dcf32305914fbc391ad)
#03 pc 000000000008bcb0 /system/lib64/ndk/libffrt.so(6014d53b82cd59820b512f223d249356)
#04 pc 00000000000760ef /system/lib64/ndk/libffrt.so(6014d53b82cd59820b512f223d249356)
#05 pc 0000000000075eaf /system/lib64/ndk/libffrt.so(6014d53b82cd59820b512f223d249356)
#06 pc 0000000000075d79 /system/lib64/ndk/libffrt.so(6014d53b82cd59820b512f223d249356)
#07 pc 00000000001299e7 /system/lib/ld-musl-x86_64.so.1(74178aa6301b8bad2ac9b6d7f2361221)
#08 pc 0000000000090f8e /system/lib/ld-musl-x86_64.so.1(74178aa6301b8bad2ac9b6d7f2361221)
Tid:32494, Name:OS_MainDisplayS
state=S, utime=0, stime=0, priority=0, nice=-20, clk=100
#00 pc 00000000000b837f /system/lib/ld-musl-x86_64.so.1(epoll_wait+31)(74178aa6301b8bad2ac9b6d7f2361221)
#01 pc 000000000001ceee /system/lib64/chipset-sdk-sp/libeventhandler.z.so(d20098a20e88abe540f8f998e7a8bdcc)
#02 pc 00000000000230bf /system/lib64/chipset-sdk-sp/libeventhandler.z.so(OHOS::AppExecFwk::EventQueue::WaitUntilLocked(std::__h::chrono::time_point<std::__h::chrono::steady_clock, std::__h::chrono::duration<long long, std::__h::ratio<1l, 1000000000l>>> const&, OHOS::AppExecFwk::UniqueLockBase&, bool)+79)(d20098a20e88abe540f8f998e7a8bdcc)
#03 pc 00000000000282df /system/lib64/chipset-sdk-sp/libeventhandler.z.so(OHOS::AppExecFwk::EventQueueBase::GetEvent()+207)(d20098a20e88abe540f8f998e7a8bdcc)
#04 pc 0000000000033985 /system/lib64/chipset-sdk-sp/libeventhandler.z.so(d20098a20e88abe540f8f998e7a8bdcc)
#05 pc 0000000000030352 /system/lib64/chipset-sdk-sp/libeventhandler.z.so(d20098a20e88abe540f8f998e7a8bdcc)
#06 pc 00000000000357c3 /system/lib64/chipset-sdk-sp/libeventhandler.z.so(d20098a20e88abe540f8f998e7a8bdcc)
#07 pc 00000000001299e7 /system/lib/ld-musl-x86_64.so.1(74178aa6301b8bad2ac9b6d7f2361221)
#08 pc 0000000000090f8e /system/lib/ld-musl-x86_64.so.1(74178aa6301b8bad2ac9b6d7f2361221)
Tid:32497, Name:OS_IPC_3_32497
state=S, utime=0, stime=0, priority=0, nice=-20, clk=100
#00 pc 00000000000dc46b /system/lib/ld-musl-x86_64.so.1(ioctl+187)(74178aa6301b8bad2ac9b6d7f2361221)
#01 pc 0000000000010ca7 /system/lib64/platformsdk/libipc_common.z.so(OHOS::BinderConnector::WriteBinder(unsigned long, void*)+55)(ae9fe169bf1f8b0397c31ba1b67e0e94)
#02 pc 000000000007e34d /system/lib64/platformsdk/libipc_single.z.so(OHOS::BinderInvoker::TransactWithDriver(bool)+269)(216555c1ccaa2644568394a99c5a7547)
#03 pc 000000000007e71a /system/lib64/platformsdk/libipc_single.z.so(OHOS::BinderInvoker::StartWorkLoop()+106)(216555c1ccaa2644568394a99c5a7547)
#04 pc 0000000000080c28 /system/lib64/platformsdk/libipc_single.z.so(OHOS::BinderInvoker::JoinThread(bool)+40)(216555c1ccaa2644568394a99c5a7547)
#05 pc 00000000000769f5 /system/lib64/platformsdk/libipc_single.z.so(OHOS::IPCWorkThread::ThreadHandler(void*)+901)(216555c1ccaa2644568394a99c5a7547)
#06 pc 00000000001299e7 /system/lib/ld-musl-x86_64.so.1(74178aa6301b8bad2ac9b6d7f2361221)
#07 pc 0000000000090f8e /system/lib/ld-musl-x86_64.so.1(74178aa6301b8bad2ac9b6d7f2361221)
Tid:32498, Name:ace.bg.1
state=S, utime=0, stime=0, priority=0, nice=-20, clk=100
#00 pc 0000000000125ee9 /system/lib/ld-musl-x86_64.so.1(74178aa6301b8bad2ac9b6d7f2361221)
#01 pc 0000000000127883 /system/lib/ld-musl-x86_64.so.1(pthread_cond_timedwait+195)(74178aa6301b8bad2ac9b6d7f2361221)
#02 pc 00000000000c7451 /system/lib64/chipset-sdk-sp/libc++.so(std::__h::condition_variable::wait(std::__h::unique_lock<std::__h::mutex>&)+17)(ca45f3285cb13d8a615c2dcf32305914fbc391ad)
#03 pc 000000000148ac32 /system/lib64/platformsdk/libace_compatible.z.so(cb476043f6fb29150d891bc788a45885)
#04 pc 000000000148afa2 /system/lib64/platformsdk/libace_compatible.z.so(cb476043f6fb29150d891bc788a45885)
#05 pc 00000000001299e7 /system/lib/ld-musl-x86_64.so.1(74178aa6301b8bad2ac9b6d7f2361221)
#06 pc 0000000000090f8e /system/lib/ld-musl-x86_64.so.1(74178aa6301b8bad2ac9b6d7f2361221)
Tid:32499, Name:ace.bg.2
state=S, utime=0, stime=0, priority=0, nice=-20, clk=100
#00 pc 0000000000125ee9 /system/lib/ld-musl-x86_64.so.1(74178aa6301b8bad2ac9b6d7f2361221)
#01 pc 0000000000127883 /system/lib/ld-musl-x86_64.so.1(pthread_cond_timedwait+195)(74178aa6301b8bad2ac9b6d7f2361221)
#02 pc 00000000000c7451 /system/lib64/chipset-sdk-sp/libc++.so(std::__h::condition_variable::wait(std::__h::unique_lock<std::__h::mutex>&)+17)(ca45f3285cb13d8a615c2dcf32305914fbc391ad)
#03 pc 000000000148ac32 /system/lib64/platformsdk/libace_compatible.z.so(cb476043f6fb29150d891bc788a45885)
#04 pc 000000000148afa2 /system/lib64/platformsdk/libace_compatible.z.so(cb476043f6fb29150d891bc788a45885)
#05 pc 00000000001299e7 /system/lib/ld-musl-x86_64.so.1(74178aa6301b8bad2ac9b6d7f2361221)
#06 pc 0000000000090f8e /system/lib/ld-musl-x86_64.so.1(74178aa6301b8bad2ac9b6d7f2361221)
Tid:32500, Name:ace.bg.3
state=S, utime=0, stime=0, priority=0, nice=-20, clk=100
#00 pc 0000000000125ee9 /system/lib/ld-musl-x86_64.so.1(74178aa6301b8bad2ac9b6d7f2361221)
#01 pc 0000000000127883 /system/lib/ld-musl-x86_64.so.1(pthread_cond_timedwait+195)(74178aa6301b8bad2ac9b6d7f2361221)
#02 pc 00000000000c7451 /system/lib64/chipset-sdk-sp/libc++.so(std::__h::condition_variable::wait(std::__h::unique_lock<std::__h::mutex>&)+17)(ca45f3285cb13d8a615c2dcf32305914fbc391ad)
#03 pc 000000000148ac32 /system/lib64/platformsdk/libace_compatible.z.so(cb476043f6fb29150d891bc788a45885)
#04 pc 000000000148afa2 /system/lib64/platformsdk/libace_compatible.z.so(cb476043f6fb29150d891bc788a45885)
#05 pc 00000000001299e7 /system/lib/ld-musl-x86_64.so.1(74178aa6301b8bad2ac9b6d7f2361221)
#06 pc 0000000000090f8e /system/lib/ld-musl-x86_64.so.1(74178aa6301b8bad2ac9b6d7f2361221)
Tid:32501, Name:ace.bg.4
state=S, utime=0, stime=0, priority=0, nice=-20, clk=100
#00 pc 0000000000125ee9 /system/lib/ld-musl-x86_64.so.1(74178aa6301b8bad2ac9b6d7f2361221)
#01 pc 0000000000127883 /system/lib/ld-musl-x86_64.so.1(pthread_cond_timedwait+195)(74178aa6301b8bad2ac9b6d7f2361221)
#02 pc 00000000000c7451 /system/lib64/chipset-sdk-sp/libc++.so(std::__h::condition_variable::wait(std::__h::unique_lock<std::__h::mutex>&)+17)(ca45f3285cb13d8a615c2dcf32305914fbc391ad)
#03 pc 000000000148ac32 /system/lib64/platformsdk/libace_compatible.z.so(cb476043f6fb29150d891bc788a45885)
#04 pc 000000000148afa2 /system/lib64/platformsdk/libace_compatible.z.so(cb476043f6fb29150d891bc788a45885)
#05 pc 00000000001299e7 /system/lib/ld-musl-x86_64.so.1(74178aa6301b8bad2ac9b6d7f2361221)
#06 pc 0000000000090f8e /system/lib/ld-musl-x86_64.so.1(74178aa6301b8bad2ac9b6d7f2361221)
Tid:32502, Name:ace.bg.5
state=S, utime=0, stime=0, priority=0, nice=-20, clk=100
#00 pc 0000000000125ee9 /system/lib/ld-musl-x86_64.so.1(74178aa6301b8bad2ac9b6d7f2361221)
#01 pc 0000000000127883 /system/lib/ld-musl-x86_64.so.1(pthread_cond_timedwait+195)(74178aa6301b8bad2ac9b6d7f2361221)
#02 pc 00000000000c7451 /system/lib64/chipset-sdk-sp/libc++.so(std::__h::condition_variable::wait(std::__h::unique_lock<std::__h::mutex>&)+17)(ca45f3285cb13d8a615c2dcf32305914fbc391ad)
#03 pc 000000000148ac32 /system/lib64/platformsdk/libace_compatible.z.so(cb476043f6fb29150d891bc788a45885)
#04 pc 000000000148afa2 /system/lib64/platformsdk/libace_compatible.z.so(cb476043f6fb29150d891bc788a45885)
#05 pc 00000000001299e7 /system/lib/ld-musl-x86_64.so.1(74178aa6301b8bad2ac9b6d7f2361221)
#06 pc 0000000000090f8e /system/lib/ld-musl-x86_64.so.1(74178aa6301b8bad2ac9b6d7f2361221)
Tid:32503, Name:ace.bg.6
state=S, utime=0, stime=0, priority=0, nice=-20, clk=100
#00 pc 0000000000125ee9 /system/lib/ld-musl-x86_64.so.1(74178aa6301b8bad2ac9b6d7f2361221)
#01 pc 0000000000127883 /system/lib/ld-musl-x86_64.so.1(pthread_cond_timedwait+195)(74178aa6301b8bad2ac9b6d7f2361221)
#02 pc 00000000000c7451 /system/lib64/chipset-sdk-sp/libc++.so(std::__h::condition_variable::wait(std::__h::unique_lock<std::__h::mutex>&)+17)(ca45f3285cb13d8a615c2dcf32305914fbc391ad)
#03 pc 000000000148ac32 /system/lib64/platformsdk/libace_compatible.z.so(cb476043f6fb29150d891bc788a45885)
#04 pc 000000000148afa2 /system/lib64/platformsdk/libace_compatible.z.so(cb476043f6fb29150d891bc788a45885)
#05 pc 00000000001299e7 /system/lib/ld-musl-x86_64.so.1(74178aa6301b8bad2ac9b6d7f2361221)
#06 pc 0000000000090f8e /system/lib/ld-musl-x86_64.so.1(74178aa6301b8bad2ac9b6d7f2361221)
Tid:32504, Name:ace.bg.7
state=S, utime=0, stime=0, priority=0, nice=-20, clk=100
#00 pc 0000000000125ee9 /system/lib/ld-musl-x86_64.so.1(74178aa6301b8bad2ac9b6d7f2361221)
#01 pc 0000000000127883 /system/lib/ld-musl-x86_64.so.1(pthread_cond_timedwait+195)(74178aa6301b8bad2ac9b6d7f2361221)
#02 pc 00000000000c7451 /system/lib64/chipset-sdk-sp/libc++.so(std::__h::condition_variable::wait(std::__h::unique_lock<std::__h::mutex>&)+17)(ca45f3285cb13d8a615c2dcf32305914fbc391ad)
#03 pc 000000000148ac32 /system/lib64/platformsdk/libace_compatible.z.so(cb476043f6fb29150d891bc788a45885)
#04 pc 000000000148afa2 /system/lib64/platformsdk/libace_compatible.z.so(cb476043f6fb29150d891bc788a45885)
#05 pc 00000000001299e7 /system/lib/ld-musl-x86_64.so.1(74178aa6301b8bad2ac9b6d7f2361221)
#06 pc 0000000000090f8e /system/lib/ld-musl-x86_64.so.1(74178aa6301b8bad2ac9b6d7f2361221)
Tid:32505, Name:ace.bg.8
state=S, utime=0, stime=0, priority=0, nice=-20, clk=100
#00 pc 0000000000125ee9 /system/lib/ld-musl-x86_64.so.1(74178aa6301b8bad2ac9b6d7f2361221)
#01 pc 0000000000127883 /system/lib/ld-musl-x86_64.so.1(pthread_cond_timedwait+195)(74178aa6301b8bad2ac9b6d7f2361221)
#02 pc 00000000000c7451 /system/lib64/chipset-sdk-sp/libc++.so(std::__h::condition_variable::wait(std::__h::unique_lock<std::__h::mutex>&)+17)(ca45f3285cb13d8a615c2dcf32305914fbc391ad)
#03 pc 000000000148ac32 /system/lib64/platformsdk/libace_compatible.z.so(cb476043f6fb29150d891bc788a45885)
#04 pc 000000000148afa2 /system/lib64/platformsdk/libace_compatible.z.so(cb476043f6fb29150d891bc788a45885)
#05 pc 00000000001299e7 /system/lib/ld-musl-x86_64.so.1(74178aa6301b8bad2ac9b6d7f2361221)
#06 pc 0000000000090f8e /system/lib/ld-musl-x86_64.so.1(74178aa6301b8bad2ac9b6d7f2361221)
Tid:32506, Name:OS_FFRT_5_1
state=S, utime=0, stime=0, priority=0, nice=-20, clk=100
#00 pc 0000000000125ee9 /system/lib/ld-musl-x86_64.so.1(74178aa6301b8bad2ac9b6d7f2361221)
#01 pc 0000000000127883 /system/lib/ld-musl-x86_64.so.1(pthread_cond_timedwait+195)(74178aa6301b8bad2ac9b6d7f2361221)
#02 pc 00000000000c74e7 /system/lib64/chipset-sdk-sp/libc++.so(std::__h::condition_variable::__do_timed_wait(std::__h::unique_lock<std::__h::mutex>&, std::__h::chrono::time_point<std::__h::chrono::system_clock, std::__h::chrono::duration<long long, std::__h::ratio<1l, 1000000000l>>>)+103)(ca45f3285cb13d8a615c2dcf32305914fbc391ad)
#03 pc 000000000008bcb0 /system/lib64/ndk/libffrt.so(6014d53b82cd59820b512f223d249356)
#04 pc 00000000000760ef /system/lib64/ndk/libffrt.so(6014d53b82cd59820b512f223d249356)
#05 pc 0000000000075eaf /system/lib64/ndk/libffrt.so(6014d53b82cd59820b512f223d249356)
#06 pc 0000000000075d79 /system/lib64/ndk/libffrt.so(6014d53b82cd59820b512f223d249356)
#07 pc 00000000001299e7 /system/lib/ld-musl-x86_64.so.1(74178aa6301b8bad2ac9b6d7f2361221)
#08 pc 0000000000090f8e /system/lib/ld-musl-x86_64.so.1(74178aa6301b8bad2ac9b6d7f2361221)
Tid:32588, Name:OS_IPC_4_32588
state=S, utime=0, stime=0, priority=0, nice=-20, clk=100
#00 pc 00000000000dc46b /system/lib/ld-musl-x86_64.so.1(ioctl+187)(74178aa6301b8bad2ac9b6d7f2361221)
#01 pc 0000000000010ca7 /system/lib64/platformsdk/libipc_common.z.so(OHOS::BinderConnector::WriteBinder(unsigned long, void*)+55)(ae9fe169bf1f8b0397c31ba1b67e0e94)
#02 pc 000000000007e34d /system/lib64/platformsdk/libipc_single.z.so(OHOS::BinderInvoker::TransactWithDriver(bool)+269)(216555c1ccaa2644568394a99c5a7547)
#03 pc 000000000007e71a /system/lib64/platformsdk/libipc_single.z.so(OHOS::BinderInvoker::StartWorkLoop()+106)(216555c1ccaa2644568394a99c5a7547)
#04 pc 0000000000080c28 /system/lib64/platformsdk/libipc_single.z.so(OHOS::BinderInvoker::JoinThread(bool)+40)(216555c1ccaa2644568394a99c5a7547)
#05 pc 00000000000769f5 /system/lib64/platformsdk/libipc_single.z.so(OHOS::IPCWorkThread::ThreadHandler(void*)+901)(216555c1ccaa2644568394a99c5a7547)
#06 pc 00000000001299e7 /system/lib/ld-musl-x86_64.so.1(74178aa6301b8bad2ac9b6d7f2361221)
#07 pc 0000000000090f8e /system/lib/ld-musl-x86_64.so.1(74178aa6301b8bad2ac9b6d7f2361221)

Catche stack trace end time: 2026-09-19 15:00:11.805

Dump main thread stack start time: 2026-09-19 15:00:11.686
Tid:31328, Name:xample.callaite
state=R, utime=1221, stime=56, priority=10, nice=-10, clk=100
#00 pc 0000000001251152 /system/lib64/module/arkcompiler/stub.an(RTStub_PushCallThisArgs2AndDispatch+130)
#01 pc 0000000000000002 Not mapped

Dump main thread stack end time: 2026-09-19 15:00:11.704

PeerBinder pids is empty


---------------------------------------------------
FfrtCatcher -- start time: 2026/09/19-15:00:11:815

FfrtCatcher --

ffrt fump pid=31328:

-------------------------------[ability]-------------------------------


----------------------------------ApplicationManagerService----------------------------------
|-> Launcher proc ffrt, now:2026-09-19 15:00:11.829657 pid:31328
    |-> key status
no key status info
    |-> worker count
        qos 0: worker num:1 tid:32477
        qos 2: worker num:1 tid:32469
        qos 3: worker num:4 tid:32491, 32492, 32490, 32474
        qos 5: worker num:2 tid:32506, 32462
    |-> worker status
        qos 0: worker tid 32477 is running nothing
        qos 2: worker tid 32469 is running nothing
        qos 3: worker tid 32491 is running nothing
        qos 3: worker tid 32492 is running nothing
        qos 3: worker tid 32490 is running nothing
        qos 3: worker tid 32474 is running nothing
        qos 5: worker tid 32506 is running nothing
        qos 5: worker tid 32462 is running nothing
<<<=== Timeout Task Info ===>>>
Timeout info EmptyQueue Timeout info Empty<<<=== Queue Traffic Record ===>>>
Queue Traffic Record Empty

FfrtCatcher -- end time: 2026/09/19-15:00:11:835
---------------------------------------------------

---------------------------------------------------
catcher cmd: hilog -z 1000 -P start time: 2026/09/19-15:00:11:835

catcher cmd: hilog -z 1000 -P 
09-19 14:59:58.663 31328 31328 I C02c11/APPSPAWN: AppSpawnChild id 58 flags:0xc
09-19 14:59:58.664 31328 31328 I C02d33/HitraceOption: FilterAppTrace com.example.callaite 31328
09-19 14:59:58.664 31328 31328 W C02c11/APPSPAWN: errno:2 bind mount /system/app/ArkWebCoreLegacy to /mnt/sandbox/100/com.example.callaite/system/app/ArkWebCoreLegacy
09-19 14:59:58.664 31328 31328 W C02c11/APPSPAWN: errno:2 bind mount /vendor/etc/hiai to /mnt/sandbox/100/com.example.callaite/vendor/etc/hiai
09-19 14:59:58.664 31328 31328 W C02c11/APPSPAWN: errno:2 bind mount /data/data/hiai to /mnt/sandbox/100/com.example.callaite/data/data/hiai
09-19 14:59:58.665 31328 31328 W C02c11/APPSPAWN: errno:2 bind mount /data/service/el1/public/themes/100/a/app to /mnt/sandbox/100/com.example.callaite/data/themes/a/app
09-19 14:59:58.665 31328 31328 W C02c11/APPSPAWN: errno:2 bind mount /data/service/el1/public/themes/100/b/app to /mnt/sandbox/100/com.example.callaite/data/themes/b/app
09-19 14:59:58.665 31328 31328 W C02c11/APPSPAWN: errno:2 bind mount /chip_prod/lib64/passthrough to /mnt/sandbox/100/com.example.callaite/chip_prod/lib64/passthrough
09-19 14:59:58.665 31328 31328 W C02c11/APPSPAWN: errno:2 bind mount /data/app/el1/bundle/public/com.huawei.hmos.arkwebcorelegacy to /mnt/sandbox/100/com.example.callaite/data/storage/el1/bundle/arkwebcorelegacy
09-19 14:59:58.665 31328 31328 W C02c11/APPSPAWN: check dir /data/app/el1/bundle/public/com.huawei.hmos.arkwebcorelegacy failed,strerror:No such file or directory
09-19 14:59:58.665 31328 31328 W C02c11/APPSPAWN: check dir /data/app/el1/public/aot_compiler/ark_cache/com.example.callaite failed,strerror:No such file or directory
09-19 14:59:58.676 31328 31328 W C02c11/APPSPAWN: errno:2 bind mount /data/preload/app to /mnt/sandbox/100/com.example.callaite/data/preload/app
09-19 14:59:58.680 31328 31328 W C02c11/APPSPAWN: mount /mnt/sandbox/100/com.example.callaite/mnt/storage/ANCO_APP_DATA time 5000 us
09-19 14:59:58.681 31328 31328 E C02c11/APPSPAWN: [sandbox_dec.c:247]Open dec file failed errno 2
09-19 14:59:58.681 31328 31328 I C05a03/Selinux: Hap setcon finish, context for com.example.callaite is relabeled to o:r:debug_hap:s0:x95,x334,x512,x868,x1024
09-19 14:59:58.683 31328 31328 I C05a05/SecCompEnhanceClient: [RegisterCheckCallback]Register secComp: sessionId=244478043, seqNum=******107.
09-19 14:59:58.683 31328 32446 W C057c1/IPCWorkThread: ThreadHandler: proto:0 policy:1 name:OS_IPC_0_32446 invoker:3886496
09-19 14:59:58.684 31328 32447 W C057c1/IPCWorkThread: ThreadHandler: proto:0 policy:0 name:OS_IPC_1_32447 invoker:3885344
09-19 14:59:58.684 31328 31328 I C02d0b/HICHECKER: hichecker param is empty.
09-19 14:59:58.684 31328 31328 I C04500/webview: CalculateActiveWebEngineVersion: CalculateActiveWebEngineVersion, enforce 3
09-19 14:59:58.685 31328 31328 I C01317/AppKit: [MTHRD3495]mainthread start, pid:31328
09-19 14:59:58.685 31328 31328 I C01317/AppKit: [MTHRD3294]is not in rescue mode
09-19 14:59:58.685 31328 31328 I C01317/AppKit: [MTHRD3321]is not in rescue mode
09-19 14:59:58.692 31328 31328 I C01317/AppKit: [MTHRD442]attach
09-19 14:59:58.711 31328 32461 W C057c1/IPCWorkThread: ThreadHandler: proto:0 policy:0 name:OS_IPC_2_32461 invoker:3887056
09-19 14:59:58.711 31328 32447 I C01317/AppKit: [MTHRD922]ScheduleLaunchAbility called,ability EntryAbility,1
09-19 14:59:58.719 31328 31328 I C01317/AppKit: [MTHRD267]NativeLibPath empty
09-19 14:59:58.721 31328 31328 I C01317/AppKit: [MTHRD1990]SmartGC:0 version:1000000
09-19 14:59:58.721 31328 31328 I C03f00/ArkCompiler: [ecmascript] asmint: 1, aot: 0, jit: 1, baseline jit: 0, bundle name: com.example.callaite, arkTSMode: dynamic
09-19 14:59:58.728 31328 31328 I C03f00/ArkCompiler: [ecmascript] multi-thread check enabled: 0
09-19 14:59:58.728 31328 32470 E C01707/CONCUR: [Interface] task 32470 apply qos failed, errno = 4
09-19 14:59:58.728 31328 31328 I C03f00/ArkCompiler: [pgo] reset pgo profiler, pgo profiler is disabled
09-19 14:59:58.728 31328 31328 I C03301/LIBUV: clean up handles in loop(6176)
09-19 14:59:58.729 31328 31328 I C03301/LIBUV: loop:(6176) closed in 0s
09-19 14:59:58.729 31328 31328 I C03301/LIBUV: close:6176, async_io_wfd:14
09-19 14:59:58.729 31328 31328 I C03301/LIBUV: close:6176, backend_fd:8
09-19 14:59:58.729 31328 31328 I C03301/LIBUV: init:4384
09-19 14:59:58.729 31328 31328 I C03301/LIBUV: init:4384, backend_fd:8
09-19 14:59:58.729 31328 31328 I C03301/LIBUV: open:4384, pipefd[0]:14
09-19 14:59:58.729 31328 31328 I C03f00/ArkCompiler: [ecmascript] can not find aot file
09-19 14:59:58.755 31328 31328 I C03f00/ArkCompiler: StartServer, componentName = <private>
09-19 14:59:58.755 31328 31328 W C01321/JsRuntime: [CSM161]disCon
09-19 14:59:58.755 31328 31328 I C03f00/ArkCompiler: [ecmascript] JSNApi::NotifyDebugMode, tid = 31328, debugApp = 1, isDebugMode = 0, instanceId = 0
09-19 14:59:58.756 31328 32476 I C02c03/PARAM_WATCHER: Add watcher keyPrefix persist.hdc.jdwp remoteWatcherId 107 success
09-19 14:59:58.759 31328 31328 I C03f00/ArkCompiler: [compiler] __jit_debug_register_code() is called.
09-19 14:59:58.759 31328 31328 I C03f00/ArkCompiler: [compiler] success to register stub.an to debugger.
09-19 14:59:58.759 31328 32469 I C01317/AppKit: [DRH689]File existed. dir: /data/storage/el2/base/cache/rawheap
09-19 14:59:58.759 31328 32469 I C01317/AppKit: [DRH667]success to create /data/storage/el2/base/cache/rawheap
09-19 14:59:58.763 31328 31328 W C01e00/ResourceManager: update userId, currentUserId_= 0, userId= 100
09-19 14:59:58.763 31328 31328 E C01e00/ResourceManager: LoadThemesRes failed, userId = 100, bundleName = com.example.callaite
09-19 14:59:58.763 31328 31328 W C01e00/ResourceManager: theme resources will clean, id 100
09-19 14:59:58.764 31328 32462 W C01653/NativePreferences: LoadFromDisk: The settingXml /***/el1/***/i18*** load failed.
09-19 14:59:58.771 31328 31328 E C01301/CompatiblePolicyDeviceType: [calculateResourceType:81]deviceType is empty.
09-19 14:59:58.772 31328 31328 W C01301/Ability: [resource_config_helper.cpp193]invalid source:
09-19 14:59:58.773 31328 31328 W C01301/Ability: [resource_config_helper.cpp193]invalid source:
09-19 14:59:58.773 31328 31328 I C01317/AppKit: [application_cleaner.cpp94]ClearTempData
09-19 14:59:58.777 31328 31328 I C01317/AppKit: [MTHRD2947]NtfyAppPreAbiCreate
09-19 14:59:58.792 31328 31328 I C01317/AppKit: [JAS211]LoadModule
09-19 14:59:58.792 31328 31328 W C01317/AppKit: [JAS1032]null stage
09-19 14:59:58.792 31328 31328 W C01317/AppKit: [JAS254]Not found AbilityStage.js
09-19 14:59:58.792 31328 31328 I C01317/AppKit: [OH_APP432]OnAboutToCreateAbility
09-19 14:59:58.792 31328 31328 W C01317/AppKit: [JAS349]Not found AbilityStage.js
09-19 14:59:58.794 31328 31328 I C01332/UIAbility: [ui_ability.cpp131]instanceId: a940-644c-5832-4442-a531db481a1538df
09-19 14:59:58.795 31328 31328 I C03f00/ArkCompiler: [ecmascript] start to execute module buffer with secure memory: /data/storage/el1/bundle/entry/ets/entryability/EntryAbility.abc
09-19 14:59:58.796 31328 31328 E C03f00/ArkCompiler: [common] Can not open xpm proc file, do not check secure memory anymore.
09-19 14:59:58.796 31328 32471 I C03f00/ArkCompiler: [pgo] will save profiler to file /data/storage/ark-profile/rt_entry.ap
09-19 14:59:58.801 31328 31328 E C01707/CONCUR: [Interface] task 32471 apply qos failed, errno = 4
09-19 14:59:58.804 31328 31328 E C01707/CONCUR: [Interface] task 32472 apply qos failed, errno = 4
09-19 14:59:58.806 31328 31328 E C01707/CONCUR: [Interface] task 32473 apply qos failed, errno = 4
09-19 14:59:58.817 31328 31328 E C01707/CONCUR: [Interface] task 32471 apply qos failed, errno = 4
09-19 14:59:58.821 31328 31328 E C01707/CONCUR: [Interface] task 32472 apply qos failed, errno = 4
09-19 14:59:58.824 31328 31328 E C01707/CONCUR: [Interface] task 32473 apply qos failed, errno = 4
09-19 14:59:58.865 31328 31328 W C03f04/MMG: [NMM:1439] First: failed do_dlsym failed: Symbol not found: NAPI_file_fs_GetABCCode, version: null so=/system/lib64/module/file/libfs.z.so.Second: failed /system/lib64/module/hms/core/libiap_napi.z.so not exist.load /system/etc/abc/core/iap.abc failed
09-19 14:59:58.865 31328 31328 E C03f00/ArkCompiler: [ecmascript] export objects of native so is undefined, so name is @hms:core.iap
09-19 14:59:58.878 31328 31328 I C04309/CLOUD_FILE_SYNC: CloudSyncExport:Class MultiDownloadProgress for module cloudSyncDownload has been exported
09-19 14:59:58.878 31328 31328 I C04309/CLOUD_FILE_SYNC: CloudSyncExport:Class CloudFileCache for module cloudSyncDownload has been exported
09-19 14:59:58.878 31328 31328 I C04309/CLOUD_FILE_SYNC: CloudSyncExport:Class Download for module cloudSyncDownload has been exported
09-19 14:59:58.878 31328 31328 I C04309/CLOUD_FILE_SYNC: CloudSyncExport:Class GallerySync for module cloudSyncDownload has been exported
09-19 14:59:58.878 31328 31328 I C04309/CLOUD_FILE_SYNC: CloudSyncExport:Class FileSync for module cloudSyncDownload has been exported
09-19 14:59:58.878 31328 31328 I C04309/CLOUD_FILE_SYNC: CloudSyncExport:Class FileVersion for module cloudSyncDownload has been exported
09-19 14:59:58.881 31328 31328 I C01324/JsNapi: [js_error_manager.cpp1837]called
09-19 14:59:58.881 31328 31328 I C01320/JsEnv: [JSENV300]timing: 85
09-19 14:59:58.881 31328 31328 I C01320/JSENV: Callee constructor is OK string
09-19 14:59:58.881 31328 31328 I C01320/JSENV: Ability::constructor callee is object [object Object]
09-19 14:59:58.881 31328 31328 I C03f00/ArkCompiler: [ecmascript] start to execute ark buffer with secure memory use file: /data/storage/el1/bundle/entry/ets/modules.abc, entrypoint: @normalized:N&&&entry/build/generated/r/ResourceTable&
09-19 14:59:58.884 31328 31328 I C01332/UIAbility: [ui_ability_thread.cpp204]Lifecycle:Attach
09-19 14:59:58.888 31328 31328 I C01317/AppKit: [MTHRD3123]called
09-19 14:59:58.889 31328 31328 I C03f00/ArkCompiler: [gc] app is not inBackground
09-19 14:59:58.892 31328 31328 E C01707/CONCUR: [Interface] task 32471 apply qos failed, errno = 4
09-19 14:59:58.895 31328 31328 E C01707/CONCUR: [Interface] task 32472 apply qos failed, errno = 4
09-19 14:59:58.896 31328 31328 E C01707/CONCUR: [Interface] task 32473 apply qos failed, errno = 4
09-19 14:59:58.904 31328 32447 I C01332/UIAbility: [ui_ability_thread.cpp352]name:EntryAbility,targeState:5,isNewWant:0
09-19 14:59:58.904 31328 31328 I C01332/UIAbility: [ui_ability_thread.cpp271]Lifecycle:name EntryAbility
09-19 14:59:58.905 31328 31328 I C04201/DMS: AddDisplayIdFromAms: abilityToken and display[0] has been added.
09-19 14:59:58.912 31328 31328 I C01332/UIAbility: [JUA2177]JsUIAbility call js, name: onCreate
09-19 14:59:58.912 31328 31328 I A00001/EntryAbility: Ability onCreate
09-19 14:59:58.918 31328 31328 E C01356/Recovery: [app_recovery_api.cpp124]invalid restartFlag: 7
09-19 14:59:58.918 31328 31328 I A00001/ErrorRecovery: App recovery enabled
09-19 14:59:58.921 31328 31328 I C01317/AppKit: [OH_APP1240]current 2, pre 0
09-19 14:59:58.921 31328 31328 W C01317/AppKit: [OH_APP1269]fontSize empty
09-19 14:59:58.921 31328 31328 I C01317/AppKit: [OH_APP1300]current 2, pre 0
09-19 14:59:58.922 31328 31328 W C01317/AppKit: [OH_APP1304]language empty
09-19 14:59:58.922 31328 31328 W C01317/AppKit: [OH_APP1323]language and locale empty
09-19 14:59:58.922 31328 31328 I C01317/AppKit: [OH_APP298]configuration_: {"0#const.build.characteristics":"phone","0#input.pointer.device":"true","0#ohos.app.fontSizeScale":"nonFollowSystem","0#ohos.application.densitydpi":"xxxldpi","0#ohos.application.direction":"vertical","0#ohos.application.displayid":"0","0#ohos.system.colorMode":"light","0#ohos.system.colorMode.isSetByApp":"isSetByApp","0#ohos.system.fontSizeScale":"1.0","0#ohos.system.fontWeightScale":"1.0","0#ohos.system.hour":"false","0#ohos.system.language":"zh-Hans","0#ohos.system.locale":"zh-Hans"}, config: {"0#ohos.system.colorMode":"light","0#ohos.system.colorMode.isSetByApp":"isSetByApp"}
09-19 14:59:58.922 31328 31328 E C04217/WMSAttribute: UpdateConfigurationSyncForAll: root is null
09-19 14:59:58.922 31328 31328 I C01332/UIAbility: [JUA2177]JsUIAbility call js, name: onConfigurationUpdated
09-19 14:59:58.922 31328 31328 I C01332/UIAbility: [JUA2222]end, name: onConfigurationUpdated, time: 0
09-19 14:59:58.922 31328 31328 I C01332/UIAbility: [JUA2177]JsUIAbility call js, name: onConfigurationUpdate
09-19 14:59:58.922 31328 31328 I C01332/UIAbility: [JUA2222]end, name: onConfigurationUpdate, time: 0
09-19 14:59:58.923 31328 31328 W C01317/AppKit: [JAS919]Not found AbilityStage.js
09-19 14:59:58.923 31328 31328 W C01317/AppKit: [JAS919]Not found AbilityStage.js
09-19 14:59:58.923 31328 31328 I C01317/AppKit: [OH_APP322]ignoreWindowContext size 0
09-19 14:59:58.923 31328 31328 E C04217/WMSAttribute: UpdateConfigurationForAll: root is null
09-19 14:59:58.923 31328 31328 I C01332/UIAbility: [JUA2222]end, name: onCreate, time: 11
09-19 14:59:58.923 31328 31328 E C01332/UIAbility: [ui_ability_impl.cpp364]hasSaveData_: false
09-19 14:59:58.923 31328 31328 W C01332/UIAbility: [JUA1352]formatRegex: []
09-19 14:59:58.923 31328 31328 I C04202/WMSMain: Init: [requestId: 9][scbRequestId: 27]WindowScene with window session!
09-19 14:59:58.923 31328 31328 I C04202/WMSMain: Init: set isModuleAbilityHookEnd
09-19 14:59:58.924 31328 31328 I C0420a/WMSLife: WindowSessionImpl: nodeId: 134552735449089
09-19 14:59:58.925 31328 31328 I C01406/OHOS::RS: RSLogManager init log flag: 0x0(0)
09-19 14:59:58.926 31328 31328 I C01406/OHOS::RS: RSRenderServiceConnectHub call CreateConnection, needRefresh:[0]
09-19 14:59:58.927 31328 31328 I C01406/OHOS::RS: RSFrameRateLinker::Create id: 134552735449088
09-19 14:59:58.927 31328 31328 I C04202/WMSMain: VsyncStation: id 134552735449089 created
09-19 14:59:58.927 31328 31328 I C04200/WindowSceneSessionImpl: WindowSceneSessionImpl: [WMSCom] Constructor callaite0
09-19 14:59:58.927 31328 31328 E C04200/WMS: SetWindowType: permission denied!
09-19 14:59:58.927 31328 31328 I C0420a/WMSLife: Create: Window Create name:callaite0, state:0, mode:0
09-19 14:59:58.928 31328 31328 I C0420a/WMSLife: Create: SetIsAbilityHookOff 0
09-19 14:59:58.928 31328 31328 W C0420a/WMSLife: IsWindowSessionInvalid: id: 0 state_: 0
09-19 14:59:58.928 31328 31328 W C04200/WindowSceneSessionImpl: AdjustWindowAnimationFlag: session invalid!
09-19 14:59:58.928 31328 31328 I C04200/WindowSceneSessionImpl: Remove window flag WINDOW_FLAG_SHOW_WHEN_LOCKED
09-19 14:59:58.929 31328 31328 I C0420a/WMSLife: Connect: in
09-19 14:59:58.933 31328 32447 I C04208/WMSLayout: UpdateRect: [WindowRectUpdate:ClientRecv] UpdateRect id:0 name:callaite0, preRect=[0 0 0 0], newRect=[0 0 1308 2880], reason:23 displayId:0
09-19 14:59:58.933 31328 32447 I C04208/WMSLayout: NotifyFirstValidLayoutUpdate: Id:0, rect:[0 0 1308 2880]
09-19 14:59:58.933 31328 31328 I C01406/OHOS::RS: RSSurfaceNode::Unmarshalling, Node: 134552735449089, Name: callaite0
09-19 14:59:58.933 31328 31328 I C04208/WMSLayout: Connect: updateRect when connect.preRect:[0,0,1308,2880]rect:[0,0,1308,2880]
09-19 14:59:58.933 31328 31328 E C0421c/WMSCompat: ReadCombinedCompatibleConfig: combinedConfigSize: 0 fail to meet the conditions
09-19 14:59:58.933 31328 32447 W C04208/WMSLayout: NotifySingleHandTransformChange: id:46, uiContent is nullptr
09-19 14:59:58.935 31328 31328 I C0420a/WMSLife: Connect: Window Connect [name:callaite0, id:46, type:1], ret:0, oriDisplayId:0, curDisplayId:0
09-19 14:59:58.935 31328 31328 I C04204/WMSScb: RS multi-instance enabled: 1
09-19 14:59:58.936 31328 31328 I C01406/OHOS::RS: multi-instance, create RSUIContextManager, isMultiInstanceOpen_ 1
09-19 14:59:58.936 31328 31328 I C01406/OHOS::RS: RSRenderServiceConnectHub AddRenderProcessConnectionToken
09-19 14:59:58.936 31328 31328 I C01406/OHOS::RS: RSRenderServiceConnectHub::SetOnDiedCallback, code:0
09-19 14:59:58.936 31328 31328 I C01406/OHOS::RS: RSApplicationAgentImpl::RegisterRSApplicationAgent!
09-19 14:59:58.936 31328 31328 I C01406/OHOS::RS: RSUIDirector::GoCreate CurrentState:0, UIContext:134552735449089
09-19 14:59:58.936 31328 31328 I C01406/OHOS::RS: RSUIDirector::GoResume CurrentState:0, UIContext:134552735449089
09-19 14:59:58.936 31328 31328 I C01406/OHOS::RS: RSUIDirector::GoForeground CurrentState:1, UIContext:134552735449089
09-19 14:59:58.937 31328 31328 I C02c03/PARAM_WATCHER: Add watcher keyPrefix persist.sys.graphic.animationscale remoteWatcherId 107 success
09-19 14:59:58.937 31328 31328 I C04204/WMSScb: InitRSUIDirector: Create RSUIDirector: RSUIDirector's RSUIContext [token: 134552735449089, tid: 31328], rsUIContext: RSUIContext is null
09-19 14:59:58.937 31328 31328 I C0420a/WMSLife: PostInitSurfaceNode: post init surfaceNode success, name: callaite0
09-19 14:59:58.937 31328 31328 I C0421c/WMSCompat: SetAppHookWindowInfo: Id:46, preHookWindowInfo:[enableHookWindow: false, widthHookRatio: 1.000000, notifyWindowChange: false, drawableRectHook: false], newHookWindowInfo:[enableHookWindow: false, widthHookRatio: 1.000000, notifyWindowChange: false, drawableRectHook: false]
09-19 14:59:58.937 31328 31328 I C0421c/WMSCompat: SendCombinedCompatibleConfigToArkUI: bundleName: com.example.callaite, combinedCompatibleConfig size: 0
09-19 14:59:58.937 31328 31328 E C0421c/WMSCompat: SendCombinedCompatibleConfigToArkUI: Combined compatible config size is less than 2!
09-19 14:59:58.937 31328 31328 I C01406/OHOS::RS: RSSurfaceNode::SetAlphaChangedCallback, node=[134552735449089, callaite0]
09-19 14:59:58.937 31328 31328 I C04208/WMSLayout: SetWindowMode: windowId: 46, windowModeSupportType: 127, mode: 1
09-19 14:59:58.937 31328 31328 I C04208/WMSLayout: UpdateWindowModeImmediately: [WindowModeUpdate:Inner] UpdateWindowModeImmediately id:46, mode:1, splitStyle:0, splitIndex:0, state:1
09-19 14:59:58.938 31328 31328 I C04208/WMSLayout: NotifyWindowStatusChange: [WindowModeUpdate:Inner] NotifyWindowStatusChange id:46, mode:1, status:1, lastStatus:0, skipRedundant:0
09-19 14:59:58.939 31328 31328 I C04208/WMSLayout: SetConfigWindowLimitsVP: id:46, windowLimits:[0 0 0 0 0.000000 0.000000 1.000000 1]
09-19 14:59:58.939 31328 31328 I C04208/WMSLayout: GetSystemSizeLimits: systemLimitsPX: [6720 6720 1120 840 340282346638528859811704183484516925440.000000 0.000000 1.000000 0], systemLimitsVP: [1920 1920 320 240 340282346638528859811704183484516925440.000000 0.000000 1.000000 1], configMaxSize: 1920, vpr: 3.500000, winType: 1
09-19 14:59:58.939 31328 31328 I C04208/WMSLayout: UpdateWindowSizeLimits: [WindowLimitsUpdate:CalcLimits] SaveLimits id:46, px[minW:1120,minH:840,maxW:6720,maxH:6720] vp[minW:320,minH:240,maxW:1920,maxH:1920] vpr=3.500000
09-19 14:59:58.940 31328 31328 I C0421a/WMSLayoutPc: GetSupportedWindowModesConfiguration: winId: 46, windowModeSupportType: 15
09-19 14:59:58.940 31328 31328 I C04202/WMSMain: SetSupportedWindowModesForAncoInFreeWindow: is not anco app, need not update support window mode.
09-19 14:59:58.940 31328 31328 I C04208/WMSLayout: SetWindowModeSupportType: id:46, old:127, new:15
09-19 14:59:58.940 31328 31328 I C04208/WMSLayout: GetConfigurationFromAbilityInfo: windowId: 46, windowModeSupportType: 15, isAncoSupportFreeWindow: 0
09-19 14:59:58.940 31328 31328 I C0420f/WMSRecover: RegisterSessionRecoverCallbackFunc: persistentId=46
09-19 14:59:58.940 31328 31328 I C04217/WMSAttribute: UpdateStatusBarColorByColorMode: win=46, appColor=light
09-19 14:59:58.941 31328 31328 I C04200/WMS: IsMainHandlerAvailable: id:46, isAvailable:1
09-19 14:59:58.941 31328 31328 I C04200/WMS: IsMainHandlerAvailable: id:46, isAvailable:1
09-19 14:59:58.943 31328 31328 I C02800/MMIClient: [|267]Connection to server succeeded, fd:32
09-19 14:59:58.943 31328 31328 I C02800/MMIClient: [|166]Server was listening
09-19 14:59:58.943 31328 31328 I C02800/MMIClient: [|127]reuse current event handler, thread name:
09-19 14:59:58.943 31328 31328 I C02800/MMIClient: [|130]File fd is in listening
09-19 14:59:58.943 31328 31328 I C0420c/WMSEvent: AddInputWindow: SetWindowInputEventConsumer success, wid:46
09-19 14:59:58.945 31328 31328 I C04732/GameController: [(RegisterEntryModule:24)]begin load gamecontroller_event
09-19 14:59:58.945 31328 31328 I C04732/GameController: [(StartInputToTouch:61)]Begin StartInputToTouch
09-19 14:59:58.946 31328 32489 I C04732/GameController: [(GetSelfBundleName:49)]The current bundleName [com.example.callaite]. version [1.0.0]
09-19 14:59:58.946 31328 32489 I C04732/GameController: [(IsCommonApp:94)]The [com.example.callaite] is a common app.
09-19 14:59:58.946 31328 32489 W C04732/GameController: [(ReadJsonFromFile:224)]realpath failed for [/data/service/el1/public/for-all-app/gamecontroller_server/game_support_key_mapping.json]
09-19 14:59:58.946 31328 32489 I C04732/GameController: [(SetSupportKeyMapping:73)]SetSupportKeyMapping. isSupportKeyMapping_ is [0]
09-19 14:59:58.946 31328 32489 I C04732/GameController: [(DoAsyncTask:76)]The app does not support input-to-touch feature.
09-19 14:59:58.952 31328 31328 I C04217/WMSAttribute: ConnectServer: start connect
09-19 14:59:58.952 31328 31328 I C04217/WMSAttribute: ConnectServer: end connect
09-19 14:59:58.952 31328 31328 W C04217/WMSAttribute: RegisterGetWMSWindowListCallback: callback has registered
09-19 14:59:58.952 31328 31328 I C04217/WMSAttribute: RegisterGetWMSWindowListCallback: winId: 46
09-19 14:59:58.952 31328 31328 I C04217/WMSAttribute: UpdateColorMode: winId: 46, colorMode: light
09-19 14:59:58.952 31328 31328 I C04218/WMSPc: UpdateSidebarBlurStyleWhenColorModeChange: in, persistentId=46
09-19 14:59:58.952 31328 31328 W C04218/WMSPc: UpdateSidebarBlurStyleWhenColorModeChange: RSAnimatableProperty is null
09-19 14:59:58.952 31328 31328 I C04217/WMSAttribute: UpdateColorMode: winId: 46, colorMode: light, hasDarkRes: 1
09-19 14:59:58.952 31328 31328 I C0421c/WMSCompat: SetPcAppInpadSpecificSystemBarInvisible: isPcAppInpadSpecificSystemBarInvisible: 0
09-19 14:59:58.952 31328 31328 I C0421c/WMSCompat: SetPcAppInpadOrientationLandscape: isPcAppInpadOrientationLandscape: 0
09-19 14:59:58.952 31328 31328 I C0420a/WMSLife: Create: Window Create success [name:callaite0, id:46], state:1, mode:1, enableDefaultDensity:0, displayId:0
09-19 14:59:58.952 31328 31328 E C04200/WMS: singleton_container.cpp GetSingleton: cant get OHOS::Rosen::WindowInfoReporter
09-19 14:59:58.953 31328 31328 I C01332/UIAbility: [JUA2177]JsUIAbility call js, name: onWindowStageCreate
09-19 14:59:58.953 31328 31328 I A00001/EntryAbility: Ability onWindowStageCreate
09-19 14:59:58.954 31328 31328 I A03d00/JSAPP: [DataStore] Loading 2 .md files from /data/storage/el2/base/haps/entry/files/graph
09-19 14:59:58.954 31328 31328 W A03d00/JSAPP: [DataStore] Empty or unreadable file: 2026-09-19.md
09-19 14:59:58.955 31328 31328 I A03d00/JSAPP: [DataStore] Graph loaded. Pages: 1
09-19 14:59:58.957 31328 32474 I C01610/KvStoreServiceDeathNotifier: [a92ab132eee9977, 0, 0] AddServiceDeathWatcher: Success set size: <private>
09-19 14:59:58.957 31328 32474 I C01610/KvStoreServiceDeathNotifier: [a92ab132eee9977, 0, 0] GetDistributedKvDataService: Create remote proxy.
09-19 14:59:58.957 31328 32474 I C01610/DataMgrServiceProxy: [a92ab132eee9977, 0, 0] DataMgrServiceProxy: Init data service proxy.
09-19 14:59:58.957 31328 32474 I C01610/KvStoreServiceDeathNotifier: [a92ab132eee9977, 0, 0] ServiceDeathRecipient: Constructor.
09-19 14:59:58.959 31328 32474 I C01610/KvStoreClientDeathObserver: [a92ab132eee9977, 0, 0] KvStoreClientDeathObserver: This client death observer
09-19 14:59:58.961 31328 32474 I C01610/DataMgrServiceProxy: [a92ab132eee9977, 0, 0] GetFeatureInterface: get feature:kv_store
09-19 14:59:58.965 31328 31328 E C01317/AppKit: [context_impl.cpp1466]create dir /data/storage/el2/cloud failed, errno is 13
09-19 14:59:58.965 31328 31328 E C01317/AppKit: [context_impl.cpp1466]create dir /data/storage/el2/cloud failed, errno is 13
09-19 14:59:58.965 31328 31328 E C01317/AppKit: [context_impl.cpp1466]create dir /data/storage/el2/cloud failed, errno is 13
09-19 14:59:58.966 31328 31328 E C04388/file_api: [prop_n_exporter.cpp:456->MkdirExec] Failed to create directories, error: 13
09-19 14:59:58.967 31328 32490 E C01b00/DistributedAccountFwk: Read result failed, code is: 8.
09-19 14:59:58.967 31328 31328 I A03d00/JSAPP: [PluginManager] Initialized 4 plugins
09-19 14:59:58.972 31328 32490 E C01b00/DistributedAccountFwk: Read result failed, code is: 8.
09-19 14:59:58.981 31328 32474 I C01630/DistributedDB: [a92ab132eee9977, 0, 0] before open db,db file: [size: 65536, mtime: 1789792123, inode: 824462]; db wal file: [size: 0, mtime: 1789792123, inode: 824463]; db shm file: [size: 32768, mtime: 1789801026, inode: 824466]; db dwr file: [stat() failed, errCode: -1, errno: 2]; 
09-19 14:59:58.982 31328 31328 I C01317/AppKit: [OH_APP1240]current 2, pre 0
09-19 14:59:58.982 31328 31328 W C01317/AppKit: [OH_APP1269]fontSize empty
09-19 14:59:58.982 31328 31328 I C01317/AppKit: [OH_APP1300]current 2, pre 0
09-19 14:59:58.982 31328 31328 W C01317/AppKit: [OH_APP1304]language empty
09-19 14:59:58.982 31328 31328 W C01317/AppKit: [OH_APP1323]language and locale empty
09-19 14:59:58.982 31328 32474 I C01630/DistributedDB: [a92ab132eee9977, 0, 0] [SqlUp] meta[0] label[3] flag[0] ver[104]
09-19 14:59:58.982 31328 31328 I C01317/AppKit: [OH_APP298]configuration_: {"0#const.build.characteristics":"phone","0#input.pointer.device":"true","0#ohos.app.fontSizeScale":"nonFollowSystem","0#ohos.application.densitydpi":"xxxldpi","0#ohos.application.direction":"vertical","0#ohos.application.displayid":"0","0#ohos.system.colorMode":"light","0#ohos.system.colorMode.isSetByApp":"isSetByApp","0#ohos.system.fontSizeScale":"1.0","0#ohos.system.fontWeightScale":"1.0","0#ohos.system.hour":"false","0#ohos.system.language":"zh-Hans","0#ohos.system.locale":"zh-Hans"}, config: {"0#ohos.system.colorMode":"light","0#ohos.system.colorMode.isSetByApp":"isSetByApp"}
09-19 14:59:58.982 31328 31328 E C04217/WMSAttribute: UpdateConfigurationSync: uiContent null, scene win=46, display=0
09-19 14:59:58.982 31328 31328 E C04217/WMSAttribute: UpdateConfigurationSyncForAll: root is null
09-19 14:59:58.983 31328 31328 I C01332/UIAbility: [JUA2177]JsUIAbility call js, name: onConfigurationUpdated
09-19 14:59:58.983 31328 31328 I C01332/UIAbility: [JUA2222]end, name: onConfigurationUpdated, time: 0
09-19 14:59:58.983 31328 31328 I C01332/UIAbility: [JUA2177]JsUIAbility call js, name: onConfigurationUpdate
09-19 14:59:58.983 31328 31328 I C01332/UIAbility: [JUA2222]end, name: onConfigurationUpdate, time: 0
09-19 14:59:58.983 31328 31328 W C01317/AppKit: [JAS919]Not found AbilityStage.js
09-19 14:59:58.983 31328 31328 W C01317/AppKit: [JAS919]Not found AbilityStage.js
09-19 14:59:58.983 31328 31328 I C01317/AppKit: [OH_APP322]ignoreWindowContext size 0
09-19 14:59:58.983 31328 31328 E C04217/WMSAttribute: UpdateConfiguration: uiContent null, scene win=46, display=0
09-19 14:59:58.983 31328 31328 I C04217/WMSAttribute: UpdateStatusBarColorByColorMode: win=46, appColor=light
09-19 14:59:58.983 31328 32474 I C01630/DistributedDB: [a92ab132eee9977, 0, 0] [KVDB] [StartSyncerWithNoLock] [uüª] event=3
09-19 14:59:58.983 31328 32474 I C01630/DistributedDB: [a92ab132eee9977, 0, 0] db id:75fcaa, dir:485848
09-19 14:59:58.984 31328 32474 E C01610/StoreUtil: [a92ab132eee9977, 0, 0] SetServiceGid: file not exit, filePath:/da***.db ,code:2
09-19 14:59:58.984 31328 32474 I C01610/KvStoreServiceDeathNotifier: [a92ab132eee9977, 0, 0] AddServiceDeathWatcher: Success set size: <private>
09-19 14:59:58.984 31328 31328 E C04217/WMSAttribute: UpdateConfigurationForAll: root is null
09-19 14:59:58.984 31328 31328 I C04200/JsWindowStage: LoadContent: [NAPI]
09-19 14:59:58.985 31328 31328 I C01332/UIAbility: [JUA2222]end, name: onWindowStageCreate, time: 32
09-19 14:59:58.985 31328 31328 I C0420a/WMSLife: NotifyWindowStageCreateFinished: id: 46
09-19 14:59:58.985 31328 31328 I C01332/UIAbility: [JUA2177]JsUIAbility call js, name: onWillForeground
09-19 14:59:58.985 31328 31328 I C01332/UIAbility: [JUA2222]end, name: onWillForeground, time: 0
09-19 14:59:58.985 31328 31328 I C04202/WMSMain: GoForeground: [requestId: 9][scbRequestId: 27]reason: 4 isGamePreLaunch: 0
09-19 14:59:58.985 31328 31328 I C0420a/WMSLife: Show: [requestId: 9][scbRequestId: 27]Window show [name: callaite0, id: 46, type: 1], reason: 4, state:1, requestState:1
09-19 14:59:58.985 31328 31328 I C04208/WMSLayout: GetSystemSizeLimits: systemLimitsPX: [6720 6720 1120 840 340282346638528859811704183484516925440.000000 0.000000 1.000000 0], systemLimitsVP: [1920 1920 320 240 340282346638528859811704183484516925440.000000 0.000000 1.000000 1], configMaxSize: 1920, vpr: 3.500000, winType: 1
09-19 14:59:58.985 31328 31328 I C04208/WMSLayout: UpdateWindowSizeLimits: [WindowLimitsUpdate:CalcLimits] SaveLimits id:46, px[minW:1120,minH:840,maxW:6720,maxH:6720] vp[minW:320,minH:240,maxW:1920,maxH:1920] vpr=3.500000
09-19 14:59:58.986 31328 31328 I C04217/WMSAttribute: IsSystemDensityChanged: windowId: 46, lastDensity: -1.000000, currDensity: 3.500000
09-19 14:59:58.986 31328 31328 W C04200/WindowSessionImpl: UpdateViewportConfig: uiContent is null!
09-19 14:59:58.987 31328 31328 I C01332/UIAbility: [ui_ability_impl.cpp489]wnd call, AfterForeground
09-19 14:59:58.987 31328 31328 I C01406/OHOS::RS: RSFrameRateLinker::Create id: 134552735449089
09-19 14:59:58.989 31328 31328 E C01706/ueaClient-RmeCoreSched: [Init]: do not enabled!ret: -1
09-19 14:59:58.989 31328 31328 I C01706/ueaClient-FrameMsgMgr: [Init]:inited success!
09-19 14:59:58.989 31328 31328 I C01706/ueaClient-FrameUiIntf: [Init]:ret:1, inited:1
09-19 14:59:58.989 31328 31328 I C04217/WMSAttribute: InitWaterfallMode: winId: 46
09-19 14:59:58.989 31328 31328 I C04217/WMSAttribute: NotifyWaterfallModeChange: winId: 46, waterfall: 0, stat: 2
09-19 14:59:58.989 31328 31328 I C04202/WMSMain: NotifyFreeMultiWindowModeResume: IsPcMode 0, isColdStart 1
09-19 14:59:58.989 31328 31328 I C0420a/WMSLife: Show: [requestId: 9][scbRequestId: 27]Window show success [name:callaite0, id:46, type:1]
09-19 14:59:58.991 31328 31328 W C04201/DMS: OnDisplayInfoChange: data is not changed.
09-19 14:59:58.994 31328 32461 I C04207/WMSFocus: ProcessUpdateFocus: unfocusId:11, focusId:46, isFocused:1,isSyncNotify:0, old:0, new:1789801198686, current:1789801198994
09-19 14:59:58.994 31328 32461 I C04207/WMSFocus: UpdateFocusState: focus: 1, id: 46
09-19 14:59:58.995 31328 32461 I C04207/WMSFocus: NotifyApplicationFocusChangedResult: 1
09-19 14:59:58.995 31328 32447 I C04207/WMSFocus: ProcessNotifyHighlightChange: timeStamp:1789801198686, highlightId:46, isHighlight:1,isSyncNotify:0, old:0, new:1789801198686, current:1789801198995
09-19 14:59:58.995 31328 32447 I C04207/WMSFocus: NotifyHighlightChange: windowId: 46, isHighlight: 1,
09-19 14:59:58.995 31328 31328 I C01332/UIAbility: [JUA2177]JsUIAbility call js, name: onForeground
09-19 14:59:58.995 31328 31328 I A00001/EntryAbility: Ability onForeground
09-19 14:59:58.995 31328 31328 I C01332/UIAbility: [JUA2222]end, name: onForeground, time: 0
09-19 14:59:58.996 31328 32447 E C0420a/WMSLife: NotifyUIExtHostRectChangeInGlobalDisplayListeners: uiContent is null
09-19 14:59:58.997 31328 32447 W C04208/WMSLayout: NotifySingleHandTransformChange: id:46, uiContent is nullptr
09-19 14:59:58.998 31328 32497 W C057c1/IPCWorkThread: ThreadHandler: proto:0 policy:0 name:OS_IPC_3_32497 invoker:3892816
09-19 14:59:59.003 31328 31328 E C01651/data_share_manager_impl: RegisterClientDeathObserver: RegisterClientDeathObserver failed, bundleName is com.example.callaite
09-19 14:59:59.003 31328 31328 E C01651/data_share_manager_impl: GetDataShareServiceProxy: RegisterClientDeathObserver failed
09-19 14:59:59.004 31328 32461 E C01651/data_share_manager_impl: RegisterClientDeathObserver: RegisterClientDeathObserver failed, bundleName is com.example.callaite
09-19 14:59:59.004 31328 32461 E C01651/data_share_manager_impl: GetDataShareServiceProxy: RegisterClientDeathObserver failed
09-19 14:59:59.004 31328 32461 I C01651/data_share_manager_impl: operator(): RecoverObs start
09-19 14:59:59.015 31328 31328 I C05405/CompConfigClient: GetConfigByApp: GetDataShareData return 0 result
09-19 14:59:59.015 31328 31328 E C01301/Ability: [page_config_manager.cpp62]configJson_ is empty
09-19 14:59:59.017 31328 31328 I C02d11/DfxUnwinder: UnwindLocal:: fpUnwind: 0
09-19 14:59:59.017 31328 31328 W C01320/JsEnv: [source_map.cpp145]the stack without line info
09-19 14:59:59.018 31328 31328 I C02d11/DfxUnwinder: UnwindLocal:: fpUnwind: 0
09-19 14:59:59.018 31328 31328 W C01320/JsEnv: [source_map.cpp145]the stack without line info
09-19 14:59:59.019 31328 31328 I A00001/EntryAbility: Huawei account refreshed: 
09-19 14:59:59.019 31328 31328 I C01612/JsKVManager: operator(): output delete reference success
09-19 14:59:59.019 31328 31328 I C01612/JsSingleKVStore: operator(): subscribe to event:dataChange
09-19 14:59:59.019 31328 31328 I C01612/JsSingleKVStore: OnDataChange: subscribe data change type 2
09-19 14:59:59.019 31328 31328 I C01630/DistributedDB: [KvStoreNbDelegate][RegisterDeviceObserver] Register device observer ok mode:1
09-19 14:59:59.019 31328 31328 I C01610/KvStoreObserverClient: KvStoreObserverClient: Start
09-19 14:59:59.021 31328 31328 I A03d00/JSAPP: [Collaboration] KVStore initialized
09-19 14:59:59.021 31328 31328 I C01332/UIAbility: [JUA2177]JsUIAbility call js, name: onDidForeground
09-19 14:59:59.021 31328 31328 I C01332/UIAbility: [JUA2222]end, name: onDidForeground, time: 0
09-19 14:59:59.021 31328 31328 I C04202/WMSMain: GoResume: in isGamePreLaunch: 0
09-19 14:59:59.021 31328 31328 I C0420a/WMSLife: SetUIContentInner: pages/Index, state:2, persistentId: 46
09-19 14:59:59.021 31328 31328 I C0420a/WMSLife: NotifySetUIContentComplete: start
09-19 14:59:59.021 31328 31328 I C0420a/WMSLife: SetUIContentComplete: persistentId=46
09-19 14:59:59.021 31328 31328 I C0420a/WMSLife: InitUIContent: start
09-19 14:59:59.021 31328 31328 I C0420a/WMSLife: DestroyExistUIContent: start
09-19 14:59:59.022 31328 31328 I C03900/Ace: [(-1:-1:undefined)] CreateUIContent.
09-19 14:59:59.022 31328 31328 I C03934/AceUIEvent: [(-1:-1:undefined)] report ace loaded
09-19 14:59:59.022 31328 31328 I C04707/HaAceEngine: OnAceLoaded end
09-19 14:59:59.023 31328 32469 W C04707/HaClient: =========Invalid Client=========
09-19 14:59:59.023 31328 31328 I C03900/Ace: [(-2:-1:undefined)] Create ace bg threads pool.
09-19 14:59:59.024 31328 31328 I C03900/Ace: [(-2:-1:undefined)] Init RenderService UniRender Type:0
09-19 14:59:59.026 31328 31328 W C01409/APS_MANAGER: redo Connect
09-19 14:59:59.026 31328 31328 I C01409/APS_MANAGER: Start to ConnectService
09-19 14:59:59.026 31328 31328 I C01409/APS_MANAGER: GetSystemAbilityManager success
09-19 14:59:59.027 31328 32499 I C03900/Ace: [(-1:-1:undefined)] dlsym function ReportData success.
09-19 14:59:59.027 31328 31328 I C01409/APS_MANAGER: GetSystemAbility success
09-19 14:59:59.027 31328 32499 I C03900/Ace: [(-1:-1:undefined)] dlsym function ReportSyncEvent success.
09-19 14:59:59.027 31328 31328 I C03900/Ace: [(-2:-1:undefined)] [com.example.callaite][entry][-1]: UIContent: apiCompatibleVersion: 60101024, apiTargetVersion: 260000026, and apiReleaseType: Release, useNewPipe: 1, enableCustomComponentCrossAbility: 0
09-19 14:59:59.029 31328 31328 I C02c03/PARAM_WATCHER: Add watcher keyPrefix persist.sys.arkui.animationscale remoteWatcherId 107 success
09-19 14:59:59.029 31328 31328 E C03900/Ace: [(-2:-1:undefined)] ConfigParserBase read system file failed
09-19 14:59:59.030 31328 31328 W C03900/Ace: [(-2:-1:undefined)] ArkUiFeatureParamManager failed to load xml file
09-19 14:59:59.030 31328 31328 E C03900/Ace: [(-2:-1:undefined)] ConfigParserBase read system UI correction config file failed
09-19 14:59:59.030 31328 31328 W C03900/Ace: [(-2:-1:undefined)] ArkUiFeatureParamManager failed to load UI correction config file
09-19 14:59:59.032 31328 32461 I C04208/WMSLayout: NotifyWindowStatusDidChange: [WindowModeUpdate:Inner] NotifyWindowStatusDidChange id:46, mode:1, status:1, lastStatus:0, listenerSize:0, rect:[0 0 1308 2880]
09-19 14:59:59.036 31328 31328 I C05405/CompConfigClient: SubscribeEvent_: SubscriberEvent, ret: 1
09-19 14:59:59.045 31328 31328 I C05405/CompConfigClient: GetConfigByApp: GetDataShareData return 0 result
09-19 14:59:59.046 31328 31328 W C03900/Ace: [(-2:-1:undefined)] FeatureManager get config failed, key:UICorrectionStrategy ret:1
09-19 14:59:59.046 31328 31328 W C03900/Ace: [(-2:-1:undefined)] FeatureParamManager get UICorrectionStrategy from FeatureManager failed
09-19 14:59:59.049 31328 31328 I C03900/Ace: [(-2:-1:undefined)] SetLocale language tag: zh-Hans, font locale: zh-Hans, select language: zh-CN
09-19 14:59:59.049 31328 31328 I C03900/Ace: [(-2:-1:undefined)] [com.example.callaite][entry][-1]: SetLanguage: zh, colorMode: light, deviceAccess: 1
09-19 14:59:59.049 31328 31328 I C03900/Ace: [(-2:-1:undefined)] [com.example.callaite][entry][-1]: Initialize UIContent isModelJson:true
09-19 14:59:59.052 31328 31328 I C03922/AceNavigation: [(-2:-1:undefined)] subscribe hsp Update successfully
09-19 14:59:59.053 31328 31328 I C03900/Ace: [(100000:100000:scope)] SetHapPath, Use hap path to load resource
09-19 14:59:59.053 31328 31328 I C04217/WMSAttribute: RegisterWaterfallModeChangeListener: winId: 46
09-19 14:59:59.055 31328 31328 I C04200/WMS: GetSurfaceNode: name:callaite0, id:46
09-19 14:59:59.055 31328 31328 I C04200/WMS: GetSurfaceNode: name:callaite0, id:46
09-19 14:59:59.055 31328 31328 I C03900/Ace: [(100000:100000:scope)] SetRSSurfaceNode 134552735449089 with rs multi
09-19 14:59:59.055 31328 31328 I C01406/OHOS::RS: RSUIContext::AttachFromUI. token: 134552735449089 uiPiplineNum: -1
09-19 14:59:59.055 31328 31328 I C01406/OHOS::RS: RSUIContext::SetUITaskRunner, Context token:134552735449089
09-19 14:59:59.056 31328 31328 I C03925/AceRouter: [(100000:100000:scope)] createManager, deviceType: 0
09-19 14:59:59.057 31328 31328 W C03900/Ace: [(100000:100000:scope)] Invalid config:zh_Hans-long-notround-vertical-light-phone-xxxhdpi
09-19 14:59:59.057 31328 31328 I C01406/OHOS::RS: RSUIDirector::GoBackground CurrentState:2, UIContext:134552735449089
09-19 14:59:59.057 31328 31328 I C01406/OHOS::RS: RSSurfaceNode::SetAbilityState, surfaceNodeId:[134552735449089], ability state: background
09-19 14:59:59.058 31328 31328 I C03900/Ace: [(100000:100000:scope)] set translateManager to pipeline, instanceId:100000
09-19 14:59:59.058 31328 31328 I C0421d/WMSRotation: RegisterOrientationChangeListener: in
09-19 14:59:59.058 31328 31328 I C03900/Ace: [(100000:100000:scope)] AddPersistAfterLayoutTask size: 1
09-19 14:59:59.058 31328 31328 I C03919/AceInputTracking: [(100000:100000:scope)] Debug touch pass mode 0
09-19 14:59:59.059 31328 31328 E C03934/AceUIEvent: [(100000:100000:scope)] AceTransform load failed: Error loading shared library /system/lib64/libtransform_interaction_ext.z.so: No such file or directory
09-19 14:59:59.059 31328 31328 I C03937/AceResource: [(100000:100000:scope)] ResourceAdapter UpdateResConfig with colorMode light
09-19 14:59:59.059 31328 31328 W C03900/Ace: [(100000:100000:scope)] not found systemTheme in HapModuleInfo, loading default OHOS_THEME
09-19 14:59:59.059 31328 31328 I C03900/Ace: [(100000:100000:scope)] Cannot Get File List from resources/styles/
09-19 14:59:59.059 31328 31328 W C03900/Ace: [(100000:100000:scope)] GetAsset failed: resources/styles/default.json
09-19 14:59:59.069 31328 31328 I C01406/OHOS::RS: RSRootNode::Create, Node:134552735449091, Token:134552735449089
09-19 14:59:59.069 31328 31328 I C03900/Ace: [(100000:100000:scope)] root node OnAttachToFrameNode, id:0
09-19 14:59:59.070 31328 31328 I C03900/Ace: [(100000:100000:scope)] Rosenwindow set root, rsId:134552735449091
09-19 14:59:59.070 31328 31328 I C01406/OHOS::RS: RSRootNode::AttachRSSurfaceNode, SurfaceNode:134552735449089, Node:134552735449091
09-19 14:59:59.071 31328 31328 I C03900/Ace: [(100000:100000:scope)] AddPersistAfterLayoutTask size: 2
09-19 14:59:59.075 31328 31328 I C03900/Ace: [(100000:100000:scope)] focusWindowId: 0, realHostWindowId: 0
09-19 14:59:59.076 31328 31328 I C03900/Ace: [(100000:100000:scope)] [com.example.callaite][entry][100000]: window focus
09-19 14:59:59.076 31328 31328 I C02c03/PARAM_WATCHER: Add watcher keyPrefix debug.graphic.frame remoteWatcherId 107 success
09-19 14:59:59.077 31328 31328 E C03900/Ace: [(100000:100000:scope)] ERROR EACCES
09-19 14:59:59.077 31328 31328 E C03900/Ace: [(100000:100000:scope)] ERROR EACCES
09-19 14:59:59.077 31328 31328 I C03900/Ace: [(100000:100000:scope)] ArkUIInvisibleFreeze: 0
09-19 14:59:59.077 31328 31328 I C03900/Ace: [(100000:100000:scope)] [com.example.callaite][entry][100000]: SetMinPlatformVersion is 60101024
09-19 14:59:59.077 31328 31328 I C04209/WMSImms: RegisterAvoidAreaChangeListener: win 46
09-19 14:59:59.077 31328 31328 E C04200/IMockSessionManager: Read result failed, code is: 4.
09-19 14:59:59.078 31328 31328 E C04200/IMockSessionManager: Read result failed, code is: 4.
09-19 14:59:59.078 31328 31328 I C04200/WMS: InitSessionManagerServiceProxy: Init success, userId=-1
09-19 14:59:59.079 31328 31328 I C04200/WMS: InitSceneSessionManagerLiteProxy: Init success, userId=-1
09-19 14:59:59.079 31328 31328 I C04204/WMSScb: InitSceneSessionManagerProxy: enter, userId=-1
09-19 14:59:59.079 31328 31328 I C04204/WMSScb: GetSceneSessionManagerProxy: init first time, userId=-1
09-19 14:59:59.081 31328 32461 I C04208/WMSLayout: UpdateRect: [WindowRectUpdate:ClientRecv] UpdateRect id:46 name:callaite0, preRect=[0 0 1308 2880], newRect=[0 0 1308 2880], reason:23 displayId:0
09-19 14:59:59.087 31328 31328 I C04209/WMSImms: GetAvoidAreaByType: win 46 type not supported
09-19 14:59:59.087 31328 31328 I C03917/AceSafeArea: [(100000:100000:scope)] InitializeSafeArea systemInsets:SafeAreaInsets left_: [start: 0, end: 0], top_: [start: 0, end: 136], right_: [start: 0, end: 0], bottom_: [start: 0, end: 0], cutoutInsets:SafeAreaInsets left_: [start: 0, end: 0], top_: [start: 50, end: 128], right_: [start: 0, end: 0], bottom_: [start: 0, end: 0], navInsets:SafeAreaInsets left_: [start: 0, end: 0], top_: [start: 0, end: 0], right_: [start: 0, end: 0], bottom_: [start: 2782, end: 2880], floatNavInsets:SafeAreaInsets left_: [start: 0, end: 0], top_: [start: 0, end: 0], right_: [start: 0, end: 0], bottom_: [start: 0, end: 0]
09-19 14:59:59.088 31328 31328 I C0394e/AceWindow: [(100000:100000:scope)] Initialize displayId: 0, availableRect: [0, 0, 1308, 2880]
09-19 14:59:59.089 31328 31328 I C03900/Ace: [(100000:100000:scope)] Failed to open libthp_extra_innerapi.z.so, reason: Error loading shared library /system/lib64/libthp_extra_innerapi.z.so: No such file or directory
09-19 14:59:59.089 31328 31328 I C03900/Ace: [(-2:100000:singleton)] [com.example.callaite][entry][100000]: Initialize: pages/Index
09-19 14:59:59.089 31328 31328 I C03900/Ace: [(100000:100000:scope)] RunPage:pages/Index
09-19 14:59:59.089 31328 31328 W C03900/Ace: [(100000:100000:scope)] GetAsset failed: manifest.json
09-19 14:59:59.089 31328 31328 I C04200/WMS: InitUIContent: [0, 0]
09-19 14:59:59.089 31328 31328 I C0420a/WMSLife: RegisterUIContenCallback: start
09-19 14:59:59.089 31328 31328 I C04208/WMSLayout: SetUIContentInner: single hand, id:46, posX:0, posY:0, scaleX:1.000000, scaleY:1.000000
09-19 14:59:59.089 31328 32505 I C03951/InputKeyFlow: [(-1:100000:singleton)] Subscribe touch.events.pass.through Event
09-19 14:59:59.090 31328 31328 I C04219/WMSDecor: UpdateDecorEnable: decorVisible:1, isDockAutoHide:0, isDecorHiddenByApp:0, isMaximizeInvoked:0, id:46
09-19 14:59:59.090 31328 31328 I C03900/Ace: [(-2:100000:singleton)] [com.example.callaite][entry][100000]: UpdateWindowVisible: 1, hasDecor: 0
09-19 14:59:59.090 31328 31328 I C03900/Ace: [(-2:100000:singleton)] [com.example.callaite][entry][100000]: NotifyWindowMode mode = 1
09-19 14:59:59.090 31328 32498 I C02c03/PARAM_WATCHER: Add watcher keyPrefix persist.ace.trace.layout.enabled remoteWatcherId 107 success
09-19 14:59:59.091 31328 32498 I C02c03/PARAM_WATCHER: Add watcher keyPrefix persist.ace.trace.inputevent.enabled remoteWatcherId 107 success
09-19 14:59:59.091 31328 32498 I C02c03/PARAM_WATCHER: Add watcher keyPrefix const.security.developermode.state remoteWatcherId 107 success
09-19 14:59:59.091 31328 31328 I C03900/Ace: [(-2:100000:singleton)] [com.example.callaite][entry][100000]: window foreground
09-19 14:59:59.092 31328 31328 I C03900/Ace: [(100000:100000:scope)] Update application state , state: ON_SHOW
09-19 14:59:59.092 31328 31328 I C01406/OHOS::RS: RSUIDirector::GoForeground CurrentState:3, UIContext:134552735449089
09-19 14:59:59.092 31328 31328 I C01406/OHOS::RS: RSSurfaceNode::SetAbilityState, surfaceNodeId:[134552735449089], ability state: foreground
09-19 14:59:59.093 31328 32498 I C02c03/PARAM_WATCHER: Add watcher keyPrefix persist.ace.debug.statemgr.enabled remoteWatcherId 107 success
09-19 14:59:59.093 31328 32498 I C02c03/PARAM_WATCHER: Add watcher keyPrefix persist.ace.debug.boundary.enabled remoteWatcherId 107 success
09-19 14:59:59.093 31328 31328 I C03900/Ace: [(100000:100000:scope)] ArkUI requests first Vsync.
09-19 14:59:59.093 31328 31328 I C04202/WMSMain: RequestVsync: First vsync has requested, nodeId: 134552735449089
09-19 14:59:59.093 31328 32498 I C02c03/PARAM_WATCHER: Add watcher keyPrefix persist.ace.performance.monitor.enabled remoteWatcherId 107 success
09-19 14:59:59.094 31328 31328 I C03959/AceLayout: [(-2:100000:singleton)] UVC Viewport config: size: (1308, 2880) orientation: 0 density: 3.500000 position: (0, 0) transformHint: 0 displayId: 0 forceSplitDisplayConfig: disable forceSplit, mode: 0, WSCR 0, IRN 1, , keyboardInfo is null
09-19 14:59:59.094 31328 31328 I C03922/AceNavigation: [(100000:100000:scope)] disable forceSplit, mode:0
09-19 14:59:59.094 31328 31328 I C04208/WMSLayout: UpdateViewportConfig: Id: 46, reason: 0, viewportRect: [0 0 1308 2880], displayOrientation: 0, config[0, 0, 0, 3.500000]
09-19 14:59:59.094 31328 31328 I C03900/Ace: [(-2:100000:singleton)] [com.example.callaite][entry][100000]: window focus
09-19 14:59:59.094 31328 31328 I C03900/Ace: [(-2:100000:singleton)] [com.example.callaite][entry][100000]:window active
09-19 14:59:59.095 31328 31328 I C02d11/DfxUnwinder: UnwindLocal:: fpUnwind: 0
09-19 14:59:59.096 31328 31328 W C01320/JsEnv: [source_map.cpp145]the stack without line info
09-19 14:59:59.096 31328 31328 I A00001/EntryAbility: Succeeded in loading the content.
09-19 14:59:59.096 31328 31328 I C04200/JsWindowStage: Window [46, callaite0] load content end, ret=0
09-19 14:59:59.096 31328 31328 I C04209/WMSImms: NotifyAvoidAreaChange: win 46 api 26 type 0 area top [0 0 1308 136] 
09-19 14:59:59.097 31328 31328 I C04209/WMSImms: NotifyAvoidAreaChange: win 46 api 26 type 1 area top [615 50 78 78] 
09-19 14:59:59.097 31328 31328 I C04209/WMSImms: NotifyAvoidAreaChange: win 46 api 26 type 2 area empty
09-19 14:59:59.097 31328 31328 I C04209/WMSImms: NotifyAvoidAreaChange: win 46 api 26 type 3 area empty
09-19 14:59:59.097 31328 31328 I C04209/WMSImms: NotifyAvoidAreaChange: win 46 api 26 type 4 area bottom [425 2782 458 98] 
09-19 14:59:59.097 31328 31328 I C03922/AceNavigation: [(100000:100000:scope)] disable forceSplit, mode:0
09-19 14:59:59.097 31328 31328 I C04208/WMSLayout: UpdateViewportConfig: Id: 46, reason: 23, viewportRect: [0 0 1308 2880], displayOrientation: 0, config[0, 0, 0, 3.500000]
09-19 14:59:59.098 31328 31328 I C03900/Ace: [(100000:100000:scope)] Update application state , state: ON_ACTIVE
09-19 14:59:59.098 31328 31328 I C0391c/AceFocus: [(100000:100000:scope)] Window: 46 get focus.
09-19 14:59:59.099 31328 31328 W C0391c/AceFocus: [(100000:100000:scope)] Current focus view can not found!
09-19 14:59:59.099 31328 31328 I C0391c/AceFocus: [(100000:100000:scope)] Request focus on rootFocusHub: root/0
09-19 14:59:59.099 31328 31328 I C03922/AceNavigation: [(100000:100000:scope)] disable forceSplit, mode:0
09-19 14:59:59.099 31328 31328 I C04208/WMSLayout: UpdateViewportConfig: Id: 46, reason: 23, viewportRect: [0 0 1308 2880], displayOrientation: 0, config[0, 0, 0, 3.500000]
09-19 14:59:59.099 31328 31328 I C03925/AceRouter: [(100000:100000:scope)] Page router manager is creating page[1]: url: pages/Index path: pages/Index.js, recoverable: yes, namedRouter: no
09-19 14:59:59.127 31328 31328 I C03f04/MMG: [NMM:1561]Module:file.photoAccessHelper
09-19 14:59:59.129 31328 31328 W C03f04/MMG: [NMM:1466] Name mismatch: file.photoAccessHelperNative != file.photoAccessHelper
09-19 14:59:59.131 31328 31328 I C02b71/MediaLibraryNapi: Common:{Init:156} TaskSignalNapi::Init in
09-19 14:59:59.131 31328 31328 I C02b71/MediaLibraryNapi: Common:{Init:164} TaskSignalNapi::Init success
09-19 14:59:59.135 31328 31328 I C02b01/CAMERA: {63} PickerOnLoad
09-19 14:59:59.135 31328 31328 I C02b01/CAMERA: {463} CameraPickerNapi E
09-19 14:59:59.135 31328 31328 W C03f04/MMG: [NMM:1466] Name mismatch: web.webnativemessagingextensionmanager_napi != web.webNativeMessagingExtensionManager
09-19 14:59:59.136 31328 31328 I C03f04/MMG: [NMM:1561]Module:arkui.node
09-19 14:59:59.149 31328 32469 I C04215/WMSHierarchy: GetTopWindowWithContext: mainId:46!
09-19 14:59:59.149 31328 31328 I C04201/DMS: IfCallbackRegistered: change not registered!
09-19 14:59:59.149 31328 31328 I C04201/DMS: JsDisplayListener: Constructor
09-19 14:59:59.154 31328 31328 I C0391c/AceFocus: [(100000:100000:scope)] Request focus id can not found.
09-19 14:59:59.154 31328 31328 W C03926/AceTheme: [(100000:100000:scope)] style 125829872 not contains scroll_bar_pattern!
09-19 14:59:59.155 31328 31328 W C03926/AceTheme: [(100000:100000:scope)] style scroll_bar_pattern get attr scroll_bar_interactive error!
09-19 14:59:59.155 31328 31328 W C03926/AceTheme: [(100000:100000:scope)] style scroll_bar_pattern not contains arc_scroll_bar_normal_background_width!
09-19 14:59:59.156 31328 31328 W C03926/AceTheme: [(100000:100000:scope)] style 125829872 not contains scrollable_pattern!
09-19 14:59:59.156 31328 31328 W C03926/AceTheme: [(100000:100000:scope)] style scrollable_pattern not contains scroll_able_default_scrolling_distance!
09-19 14:59:59.177 31328 31328 W C03926/AceTheme: [(100000:100000:scope)] style text_pattern not contains linear_split_child_min_size!
09-19 14:59:59.178 31328 31328 W C03926/AceTheme: [(100000:100000:scope)] style text_pattern not contains menu_celia_ask_is_support!
09-19 14:59:59.178 31328 31328 W C03926/AceTheme: [(100000:100000:scope)] style 125829872 not contains app_theme_pattern!
09-19 14:59:59.178 31328 31328 W C01e00/ResourceManager: by id=125835722 limitPaths is empty
09-19 14:59:59.178 31328 31328 E C01e00/ResourceManager: ref <private> id not found
09-19 14:59:59.178 31328 31328 W C01e00/ResourceManager: by id=125835722 limitPaths is empty
09-19 14:59:59.178 31328 31328 E C01e00/ResourceManager: ref <private> id not found
09-19 14:59:59.178 31328 31328 W C03937/AceResource: [(100000:100000:scope)] Get pattern by name error, name=app_theme_pattern, bundleName: com.example.callaite, moduleName: entry
09-19 14:59:59.178 31328 31328 W C01e00/ResourceManager: by id=125835722 limitPaths is empty
09-19 14:59:59.178 31328 31328 E C01e00/ResourceManager: ref <private> id not found
09-19 14:59:59.178 31328 31328 W C01e00/ResourceManager: by id=125835722 limitPaths is empty
09-19 14:59:59.178 31328 31328 E C01e00/ResourceManager: ref <private> id not found
09-19 14:59:59.178 31328 31328 W C03937/AceResource: [(100000:100000:scope)] Get pattern by name error, name=app_theme_pattern
09-19 14:59:59.178 31328 31328 W C03926/AceTheme: [(100000:100000:scope)] style app_theme_pattern not contains app_theme_drag_distancethreshold!
09-19 14:59:59.200 31328 31328 I C0391c/AceFocus: [(100000:100000:scope)] view: page/2 show
09-19 14:59:59.201 31328 31328 I C03922/AceNavigation: [(100000:100000:scope)] can't find inner navigation
09-19 14:59:59.202 31328 31328 I C03933/AceKeyboard: [(100000:100000:scope)] PageChangeCloseKB
09-19 14:59:59.202 31328 31328 I C03925/AceRouter: [(100000:100000:scope)] LoadPage Success
09-19 14:59:59.202 31328 31328 I C04200/JsWindow: CreateJsWindow callaite0
09-19 14:59:59.202 31328 31328 I C0420a/WMSLife: JsWindow: window: callaite0, ctorCnt: 1
09-19 14:59:59.203 31328 31328 I C0420a/WMSLife: CreateJsWindowObject: Add window callaite0
09-19 14:59:59.203 31328 31328 I C0392a/AceUiExtensionComponent: [(-2:100000:singleton)] NotifyWindowMode aliveUIExtensions = 0
09-19 14:59:59.203 31328 31328 I C0394e/AceWindow: [(100000:100000:scope)] Update displayWindowRect in UpdateViewportConfig to : Rect (0.00, 0.00) - [1308.00 x 2880.00]
09-19 14:59:59.203 31328 31328 I C03917/AceSafeArea: [(100000:100000:scope)] SetIsFullScreen 1
09-19 14:59:59.204 31328 31328 I C03900/Ace: [(100000:100000:scope)] Root node request first frame.
09-19 14:59:59.204 31328 31328 I C03900/Ace: [(100000:100000:scope)] Update application state , state: ON_ACTIVE
09-19 14:59:59.204 31328 31328 I C0391c/AceFocus: [(100000:100000:scope)] Window: 46 get focus.
09-19 14:59:59.204 31328 31328 I C03900/Ace: [(100000:100000:scope)] Update application state , state: ON_ACTIVE
09-19 14:59:59.205 31328 31328 I C04202/WMSMain: VsyncCallbackInner: First vsync has come back, nodeId: 134552735449089
09-19 14:59:59.206 31328 31328 I C01408/Text: InitTextBundleConfig: Adapter text height enabled 0
09-19 14:59:59.206 31328 31328 I C01408/Text: InitTextBundleConfig: Disable spacing for control char 0
09-19 14:59:59.206 31328 31328 E C02d34/HistogramClient: ArkGraphics2d.Text.OH_Drawing_TextStyleAddFontVariation is not in metadata.
09-19 14:59:59.289 31328 31328 E C01707/CONCUR: [Interface] task 32471 apply qos failed, errno = 4
09-19 14:59:59.292 31328 31328 E C01707/CONCUR: [Interface] task 32472 apply qos failed, errno = 4
09-19 14:59:59.297 31328 31328 E C01707/CONCUR: [Interface] task 32473 apply qos failed, errno = 4
09-19 14:59:59.300 31328 31328 E C01707/CONCUR: [Interface] task 32471 apply qos failed, errno = 4
09-19 14:59:59.303 31328 31328 E C01707/CONCUR: [Interface] task 32472 apply qos failed, errno = 4
09-19 14:59:59.307 31328 31328 E C01707/CONCUR: [Interface] task 32473 apply qos failed, errno = 4
09-19 14:59:59.406 31328 31328 E C01707/CONCUR: [Interface] task 32471 apply qos failed, errno = 4
09-19 14:59:59.409 31328 31328 E C01707/CONCUR: [Interface] task 32472 apply qos failed, errno = 4
09-19 14:59:59.411 31328 31328 E C01707/CONCUR: [Interface] task 32473 apply qos failed, errno = 4
09-19 14:59:59.415 31328 31328 E C01707/CONCUR: [Interface] task 32471 apply qos failed, errno = 4
09-19 14:59:59.417 31328 31328 E C01707/CONCUR: [Interface] task 32472 apply qos failed, errno = 4
09-19 14:59:59.420 31328 31328 E C01707/CONCUR: [Interface] task 32473 apply qos failed, errno = 4
09-19 14:59:59.528 31328 31328 E C01707/CONCUR: [Interface] task 32471 apply qos failed, errno = 4
09-19 14:59:59.531 31328 31328 E C01707/CONCUR: [Interface] task 32472 apply qos failed, errno = 4
09-19 14:59:59.533 31328 31328 E C01707/CONCUR: [Interface] task 32473 apply qos failed, errno = 4
09-19 14:59:59.537 31328 31328 E C01707/CONCUR: [Interface] task 32471 apply qos failed, errno = 4
09-19 14:59:59.540 31328 31328 E C01707/CONCUR: [Interface] task 32472 apply qos failed, errno = 4
09-19 14:59:59.544 31328 31328 E C01707/CONCUR: [Interface] task 32473 apply qos failed, errno = 4
09-19 14:59:59.646 31328 31328 E C01707/CONCUR: [Interface] task 32471 apply qos failed, errno = 4
09-19 14:59:59.648 31328 31328 E C01707/CONCUR: [Interface] task 32472 apply qos failed, errno = 4
09-19 14:59:59.650 31328 31328 E C01707/CONCUR: [Interface] task 32473 apply qos failed, errno = 4
09-19 14:59:59.655 31328 31328 E C01707/CONCUR: [Interface] task 32471 apply qos failed, errno = 4
09-19 14:59:59.657 31328 31328 E C01707/CONCUR: [Interface] task 32472 apply qos failed, errno = 4
09-19 14:59:59.659 31328 31328 E C01707/CONCUR: [Interface] task 32473 apply qos failed, errno = 4
09-19 14:59:59.764 31328 31328 E C01707/CONCUR: [Interface] task 32471 apply qos failed, errno = 4
09-19 14:59:59.767 31328 31328 E C01707/CONCUR: [Interface] task 32472 apply qos failed, errno = 4
09-19 14:59:59.769 31328 31328 E C01707/CONCUR: [Interface] task 32473 apply qos failed, errno = 4
09-19 14:59:59.772 31328 31328 E C01707/CONCUR: [Interface] task 32471 apply qos failed, errno = 4
09-19 14:59:59.774 31328 31328 E C01707/CONCUR: [Interface] task 32472 apply qos failed, errno = 4
09-19 14:59:59.777 31328 31328 E C01707/CONCUR: [Interface] task 32473 apply qos failed, errno = 4
09-19 14:59:59.882 31328 31328 E C01707/CONCUR: [Interface] task 32471 apply qos failed, errno = 4
09-19 14:59:59.884 31328 31328 E C01707/CONCUR: [Interface] task 32472 apply qos failed, errno = 4
09-19 14:59:59.887 31328 31328 E C01707/CONCUR: [Interface] task 32473 apply qos failed, errno = 4
09-19 14:59:59.890 31328 31328 E C01707/CONCUR: [Interface] task 32471 apply qos failed, errno = 4
09-19 14:59:59.893 31328 31328 E C01707/CONCUR: [Interface] task 32472 apply qos failed, errno = 4
09-19 14:59:59.895 31328 31328 E C01707/CONCUR: [Interface] task 32473 apply qos failed, errno = 4
09-19 15:00:00.016 31328 31328 E C01707/CONCUR: [Interface] task 32471 apply qos failed, errno = 4
09-19 15:00:00.021 31328 31328 E C01707/CONCUR: [Interface] task 32472 apply qos failed, errno = 4
09-19 15:00:00.026 31328 31328 E C01707/CONCUR: [Interface] task 32473 apply qos failed, errno = 4
09-19 15:00:00.033 31328 31328 E C01707/CONCUR: [Interface] task 32471 apply qos failed, errno = 4
09-19 15:00:00.038 31328 31328 E C01707/CONCUR: [Interface] task 32472 apply qos failed, errno = 4
09-19 15:00:00.043 31328 31328 E C01707/CONCUR: [Interface] task 32473 apply qos failed, errno = 4
09-19 15:00:00.172 31328 31328 E C01707/CONCUR: [Interface] task 32471 apply qos failed, errno = 4
09-19 15:00:00.175 31328 31328 E C01707/CONCUR: [Interface] task 32472 apply qos failed, errno = 4
09-19 15:00:00.178 31328 31328 E C01707/CONCUR: [Interface] task 32473 apply qos failed, errno = 4
09-19 15:00:00.182 31328 31328 E C01707/CONCUR: [Interface] task 32471 apply qos failed, errno = 4
09-19 15:00:00.184 31328 31328 E C01707/CONCUR: [Interface] task 32472 apply qos failed, errno = 4
09-19 15:00:00.187 31328 31328 E C01707/CONCUR: [Interface] task 32473 apply qos failed, errno = 4
09-19 15:00:00.299 31328 31328 E C01707/CONCUR: [Interface] task 32471 apply qos failed, errno = 4
09-19 15:00:00.301 31328 31328 E C01707/CONCUR: [Interface] task 32472 apply qos failed, errno = 4
09-19 15:00:00.304 31328 31328 E C01707/CONCUR: [Interface] task 32473 apply qos failed, errno = 4
09-19 15:00:00.307 31328 31328 E C01707/CONCUR: [Interface] task 32471 apply qos failed, errno = 4
09-19 15:00:00.309 31328 31328 E C01707/CONCUR: [Interface] task 32472 apply qos failed, errno = 4
09-19 15:00:00.312 31328 31328 E C01707/CONCUR: [Interface] task 32473 apply qos failed, errno = 4
09-19 15:00:00.427 31328 31328 E C01707/CONCUR: [Interface] task 32471 apply qos failed, errno = 4
09-19 15:00:00.430 31328 31328 E C01707/CONCUR: [Interface] task 32472 apply qos failed, errno = 4
09-19 15:00:00.432 31328 31328 E C01707/CONCUR: [Interface] task 32473 apply qos failed, errno = 4
09-19 15:00:00.435 31328 31328 E C01707/CONCUR: [Interface] task 32471 apply qos failed, errno = 4
09-19 15:00:00.438 31328 31328 E C01707/CONCUR: [Interface] task 32472 apply qos failed, errno = 4
09-19 15:00:00.440 31328 31328 E C01707/CONCUR: [Interface] task 32473 apply qos failed, errno = 4
09-19 15:00:00.556 31328 31328 E C01707/CONCUR: [Interface] task 32471 apply qos failed, errno = 4
09-19 15:00:00.558 31328 31328 E C01707/CONCUR: [Interface] task 32472 apply qos failed, errno = 4
09-19 15:00:00.560 31328 31328 E C01707/CONCUR: [Interface] task 32473 apply qos failed, errno = 4
09-19 15:00:00.564 31328 31328 E C01707/CONCUR: [Interface] task 32471 apply qos failed, errno = 4
09-19 15:00:00.566 31328 31328 E C01707/CONCUR: [Interface] task 32472 apply qos failed, errno = 4
09-19 15:00:00.568 31328 31328 E C01707/CONCUR: [Interface] task 32473 apply qos failed, errno = 4
09-19 15:00:00.685 31328 31328 E C01707/CONCUR: [Interface] task 32471 apply qos failed, errno = 4
09-19 15:00:00.688 31328 31328 E C01707/CONCUR: [Interface] task 32472 apply qos failed, errno = 4
09-19 15:00:00.690 31328 31328 E C01707/CONCUR: [Interface] task 32473 apply qos failed, errno = 4
09-19 15:00:00.694 31328 31328 E C01707/CONCUR: [Interface] task 32471 apply qos failed, errno = 4
09-19 15:00:00.696 31328 31328 E C01707/CONCUR: [Interface] task 32472 apply qos failed, errno = 4
09-19 15:00:00.701 31328 31328 E C01707/CONCUR: [Interface] task 32473 apply qos failed, errno = 4
09-19 15:00:00.823 31328 31328 E C01707/CONCUR: [Interface] task 32471 apply qos failed, errno = 4
09-19 15:00:00.825 31328 31328 E C01707/CONCUR: [Interface] task 32472 apply qos failed, errno = 4
09-19 15:00:00.828 31328 31328 E C01707/CONCUR: [Interface] task 32473 apply qos failed, errno = 4
09-19 15:00:00.830 31328 31328 E C01707/CONCUR: [Interface] task 32471 apply qos failed, errno = 4
09-19 15:00:00.835 31328 31328 E C01707/CONCUR: [Interface] task 32472 apply qos failed, errno = 4
09-19 15:00:00.837 31328 31328 E C01707/CONCUR: [Interface] task 32473 apply qos failed, errno = 4
09-19 15:00:00.958 31328 31328 E C01707/CONCUR: [Interface] task 32471 apply qos failed, errno = 4
09-19 15:00:00.961 31328 31328 E C01707/CONCUR: [Interface] task 32472 apply qos failed, errno = 4
09-19 15:00:00.963 31328 31328 E C01707/CONCUR: [Interface] task 32473 apply qos failed, errno = 4
09-19 15:00:00.966 31328 31328 E C01707/CONCUR: [Interface] task 32471 apply qos failed, errno = 4
09-19 15:00:00.971 31328 31328 E C01707/CONCUR: [Interface] task 32472 apply qos failed, errno = 4
09-19 15:00:00.974 31328 31328 E C01707/CONCUR: [Interface] task 32473 apply qos failed, errno = 4
09-19 15:00:01.098 31328 31328 E C01707/CONCUR: [Interface] task 32471 apply qos failed, errno = 4
09-19 15:00:01.101 31328 31328 E C01707/CONCUR: [Interface] task 32472 apply qos failed, errno = 4
09-19 15:00:01.103 31328 31328 E C01707/CONCUR: [Interface] task 32473 apply qos failed, errno = 4
09-19 15:00:01.106 31328 31328 E C01707/CONCUR: [Interface] task 32471 apply qos failed, errno = 4
09-19 15:00:01.109 31328 31328 E C01707/CONCUR: [Interface] task 32472 apply qos failed, errno = 4
09-19 15:00:01.111 31328 31328 E C01707/CONCUR: [Interface] task 32473 apply qos failed, errno = 4
09-19 15:00:01.235 31328 31328 E C01707/CONCUR: [Interface] task 32471 apply qos failed, errno = 4
09-19 15:00:01.237 31328 31328 E C01707/CONCUR: [Interface] task 32472 apply qos failed, errno = 4
09-19 15:00:01.239 31328 31328 E C01707/CONCUR: [Interface] task 32473 apply qos failed, errno = 4
09-19 15:00:01.244 31328 31328 E C01707/CONCUR: [Interface] task 32471 apply qos failed, errno = 4
09-19 15:00:01.246 31328 31328 E C01707/CONCUR: [Interface] task 32472 apply qos failed, errno = 4
09-19 15:00:01.248 31328 31328 E C01707/CONCUR: [Interface] task 32473 apply qos failed, errno = 4
09-19 15:00:01.282 31328 31328 E C01707/CONCUR: [Interface] task 32471 apply qos failed, errno = 4
09-19 15:00:01.285 31328 31328 E C01707/CONCUR: [Interface] task 32472 apply qos failed, errno = 4
09-19 15:00:01.287 31328 31328 E C01707/CONCUR: [Interface] task 32473 apply qos failed, errno = 4
09-19 15:00:01.291 31328 31328 E C01707/CONCUR: [Interface] task 32471 apply qos failed, errno = 4
09-19 15:00:01.294 31328 31328 E C01707/CONCUR: [Interface] task 32472 apply qos failed, errno = 4
09-19 15:00:01.296 31328 31328 E C01707/CONCUR: [Interface] task 32473 apply qos failed, errno = 4
09-19 15:00:01.329 31328 31328 E C01707/CONCUR: [Interface] task 32471 apply qos failed, errno = 4
09-19 15:00:01.332 31328 31328 E C01707/CONCUR: [Interface] task 32472 apply qos failed, errno = 4
09-19 15:00:01.334 31328 31328 E C01707/CONCUR: [Interface] task 32473 apply qos failed, errno = 4
09-19 15:00:01.337 31328 31328 E C01707/CONCUR: [Interface] task 32471 apply qos failed, errno = 4
09-19 15:00:01.339 31328 31328 E C01707/CONCUR: [Interface] task 32472 apply qos failed, errno = 4
09-19 15:00:01.342 31328 31328 E C01707/CONCUR: [Interface] task 32473 apply qos failed, errno = 4
09-19 15:00:08.687 31328 32448 I C01310/AppDfr: [watchdog.cpp356]Thread may be blocked, not report time. currTime: 1789801208687, lastTime: 1789801201686
09-19 15:00:11.685 31328 32448 W C01310/AppDfr: [appfreeze_inner.cpp760]hisysevent write FREEZE_HALF_HIVIEW_LOG, pid:31328, packageName:, ret:0
09-19 15:00:11.685 31328 32448 W C02d06/XCollie: Sample freeze half file=freeze_20260919150011_31328.txt
09-19 15:00:11.685 31328 32448 I C01310/AppDfr: [appfreeze_inner.cpp595]start to sample freeze stack, eventName:THREAD_BLOCK_3S
09-19 15:00:11.685 31328 32448 W C01310/AppDfr: [appfreeze_inner.cpp627]submit reportAppFreeze, name:THREAD_BLOCK_3S, startTime:2026-09-19 15:00:11.685
09-19 15:00:11.685 31328 32448 E C02d06/XCollie: ThreadSampler initialize failed.
09-19 15:00:11.685 31328 32491 I C01201/EventHandler: EventHandler start dumper!
09-19 15:00:11.686 31328 32491 I C01201/EventHandler: EventHandler end dumper!
09-19 15:00:11.686 31328 32491 W C01310/AppDfr: [appfreeze_inner.cpp683]get mainhandler dump, eventName:THREAD_BLOCK_3S, endTime:2026-09-19 15:00:11.686, interval:1 ms
09-19 15:00:11.686 31328 32491 E C02d06/XCollie: no freeze callback
09-19 15:00:11.686 31328 32491 I C03f00/ArkCompiler: [ecmascript] GC statistic, count: 451, maxPause: 30.69, minPause: 0.347, averagePause: 1.21548, lastStartTime: 1789801211678, lastEndTime: 1789801211679, lastType: Local GC
09-19 15:00:11.686 31328 32491 I C01310/AppDfr: [appfreeze_inner.cpp388]heap info: HEAP_TOTAL_SIZE:18087936,HEAP_OBJECT_SIZE:15093280,HEAP_SHARED_SIZE:850216, process lifeTime: PROCESS_LIFETIME:187s
09-19 15:00:11.698 31328 32469 W C02d11/DfxUnwinder: Failed to step first frame, lr fallback
09-19 15:00:11.704 31328 32490 I C01310/AppDfr: [appfreeze_inner.cpp493]get main stack has finished less than 1s
09-19 15:00:11.704 31328 32490 W C01310/AppDfr: [appfreeze_inner.cpp788]NotifyAppFault:THREAD_BLOCK_3S, pid:31328, bundleName:com.example.callaite currentTime:2026-09-19 15:00:11.704, processExit:1 appfreezeInfo:freeze_20260919150011_31328.txt enbleMainThreadSample:0.
09-19 15:00:11.705 31328 32490 I C01311/AppMS: [app_mgr_proxy.cpp1740]called
09-19 15:00:11.723 31328 32588 W C057c1/IPCWorkThread: ThreadHandler: proto:0 policy:0 name:OS_IPC_4_32588 invoker:4085408
09-19 15:00:11.793 31328 32592 W C057c1/IPCWorkThread: ThreadHandler: proto:0 policy:0 name:OS_IPC_5_32592 invoker:4085984
catcher cmd: hilog -z 1000 -P end time: 2026/09/19-15:00:11:849
---------------------------------------------------

---------------------------------------------------
MemoryCatcher -- start time: 2026/09/19-15:00:11:849

MemoryCatcher --

Get freeze memory start time: 2026-09-19 15:00:11.706
some avg10=0.00 avg60=0.00 avg300=0.00 total=3315742
full avg10=0.00 avg60=0.00 avg300=0.00 total=755749
MemTotal:        4025340 kB
MemFree:         2193936 kB
MemAvailable:    2776380 kB
Buffers:            7236 kB
Cached:           615572 kB
SwapCached:        27188 kB
Active:           469424 kB
Inactive:         964976 kB
Active(anon):      61280 kB
Inactive(anon):   770464 kB
Active(file):     408144 kB
Inactive(file):   194512 kB
Unevictable:           0 kB
Mlocked:               0 kB
SwapTotal:       2097148 kB
SwapFree:        1888764 kB
Dirty:                20 kB
Writeback:             0 kB
AnonPages:        800060 kB
Mapped:           317748 kB
Shmem:             20152 kB
KReclaimable:      45860 kB
Slab:             123188 kB
SReclaimable:      45860 kB
SUnreclaim:        77328 kB
KernelStack:       18768 kB
PageTables:        35344 kB
NFS_Unstable:          0 kB
Bounce:                0 kB
WritebackTmp:          0 kB
CommitLimit:     4109816 kB
Committed_AS:   26555440 kB
VmallocTotal:   34359738367 kB
VmallocUsed:       89456 kB
VmallocChunk:          0 kB
Percpu:             1488 kB
DirectMap4k:       24388 kB
DirectMap2M:     4169728 kB
Get freeze memory end time: 2026-09-19 15:00:11.706
don't collect ashmem dmaheap gpumem
MemoryCatcher -- end time: 2026/09/19-15:00:11:855
---------------------------------------------------

---------------------------------------------------
ThermalInfoCatcher -- start time: 2026/09/19-15:00:11:855

ThermalInfoCatcher --

ThermalLevel info: 0
ThermalInfoCatcher -- end time: 2026/09/19-15:00:11:860
---------------------------------------------------


Catcher log total time is 53ms

*******************************************
start time: 2026/09/19-15:00:14:786
DOMAIN = AAFWK
EVENTNAME = THREAD_BLOCK_6S
TIMESTAMP = 2026/09/19-15:00:14:784
PID = 31328
UID = 20020063
TID = 31328
PACKAGE_NAME = com.example.callaite
PROCESS_NAME = com.example.callaite
eventLog_action = t,cmd:c,cmd:cci,cmd:m,cmd:dam,tr,k:SysRqFile,hot,sli
eventLog_interval = 10
this thread has blocked 6000ms.
IS_FROZEN = 0
MainHeap(bytes): Used 21278368, Total 24379392
SharedHeap(bytes): Used 850216, Total 815792128
GC Status: count 572, maxPause 30.69ms, minPause 0.347ms, averagePause 1.07433ms, lastStartTime 2026/09/19-15:00:14.671, lastEndTime 2026/09/19-15:00:14.672, lastType Local GC
I/O(bytes): rchar 2383518, wchar 63948, syscr 1414, syscw 673, read_bytes 0, write_bytes 69632, cancelled_write_bytes 32768
MSG = 
Fault time:2026/09/19-15:00:14
App main thread is not response!

Main handler dump start time: 2026-09-19 15:00:14.687
mainHandler dump is:
 EventHandler dump begin curTime: 2026-09-19 15:00:14.687
 Event runner (Thread name = , Thread ID = 31328) is running
 Current Running: start at 2026-09-19 14:59:59.206, Event { send thread = 31328, send time = 2026-09-19 14:59:59.206, handle time = 2026-11-08 08:02:46.500, trigger time = 2026-09-19 14:59:59.206, task name = vSyncTask, caller = [event_queue.cpp(PostTaskForVsync:235)] }
 History event queue information:
 No. 0 : Event { send thread = 31328, send time = 2026-09-19 14:59:59.090, handle time = 2026-09-19 14:59:59.090, trigger time = 2026-09-19 14:59:59.100, completeTime time = 2026-09-19 14:59:59.203, priority = Low, task name = ArkUIRunPageUrl, caller = [task_runner_adapter_impl.cpp(PostTask:35)] }
 No. 1 : Event { send thread = 32490, send time = 2026-09-19 14:59:59.178, handle time = 2026-09-19 14:59:59.178, trigger time = 2026-09-19 14:59:59.203, completeTime time = 2026-09-19 14:59:59.203, priority = Immediate, task name = GetBundleInfoForSelf, caller = [ohos_js_environment_impl.cpp(PostTaskToHandler:72)] }
 No. 2 : Event { send thread = 32469, send time = 2026-09-19 14:59:59.150, handle time = 2026-09-19 14:59:59.150, trigger time = 2026-09-19 14:59:59.203, completeTime time = 2026-09-19 14:59:59.204, priority = High, task name = JsWindowManager::OnGetTopWindow, caller = [ohos_js_environment_impl.cpp(PostTaskToHandler:72)] }
 No. 3 : Event { send thread = 31328, send time = 2026-09-19 14:59:59.090, handle time = 2026-09-19 14:59:59.090, trigger time = 2026-09-19 14:59:59.204, completeTime time = 2026-09-19 14:59:59.204, priority = Low, task name = ArkUISetSingleHandTransform, caller = [task_runner_adapter_impl.cpp(PostTask:35)] }
 No. 4 : Event { send thread = 31328, send time = 2026-09-19 14:59:59.090, handle time = 2026-09-19 14:59:59.090, trigger time = 2026-09-19 14:59:59.204, completeTime time = 2026-09-19 14:59:59.204, priority = Low, task name = ArkUIStatusBarItemColor, caller = [task_runner_adapter_impl.cpp(PostTask:35)] }
 No. 5 : Event { send thread = 31328, send time = 2026-09-19 14:59:59.091, handle time = 2026-09-19 14:59:59.091, trigger time = 2026-09-19 14:59:59.204, completeTime time = 2026-09-19 14:59:59.204, priority = Low, task name = ArkUINotifyWindowMode, caller = [task_runner_adapter_impl.cpp(PostTask:35)] }
 No. 6 : Event { send thread = 31328, send time = 2026-09-19 14:59:59.095, handle time = 2026-09-19 14:59:59.095, trigger time = 2026-09-19 14:59:59.204, completeTime time = 2026-09-19 14:59:59.204, priority = Low, task name = ArkUIUpdateBrightness, caller = [task_runner_adapter_impl.cpp(PostTask:35)] }
 No. 7 : Event { send thread = 31328, send time = 2026-09-19 14:59:59.095, handle time = 2026-09-19 14:59:59.095, trigger time = 2026-09-19 14:59:59.204, completeTime time = 2026-09-19 14:59:59.205, priority = Low, task name = ArkUIUpdateViewportConfig, caller = [task_runner_adapter_impl.cpp(PostTask:35)] }
 No. 8 : Event { send thread = 31328, send time = 2026-09-19 14:59:59.095, handle time = 2026-09-19 14:59:59.095, trigger time = 2026-09-19 14:59:59.205, completeTime time = 2026-09-19 14:59:59.205, priority = Low, task name = ArkUIUpdateSessionViewportConfig, caller = [task_runner_adapter_impl.cpp(PostTask:35)] }
 No. 9 : Event { send thread = 31328, send time = 2026-09-19 14:59:59.095, handle time = 2026-09-19 14:59:59.095, trigger time = 2026-09-19 14:59:59.205, completeTime time = 2026-09-19 14:59:59.205, priority = Low, task name = ArkUIFrontendActive, caller = [task_runner_adapter_impl.cpp(PostTask:35)] }
 No. 10 : Event { send thread = 31328, send time = 2026-09-19 14:59:59.095, handle time = 2026-09-19 14:59:59.095, trigger time = 2026-09-19 14:59:59.205, completeTime time = 2026-09-19 14:59:59.205, priority = Low, task name = ArkUIWindowFocus, caller = [task_runner_adapter_impl.cpp(PostTask:35)] }
 No. 11 : Event { send thread = 31328, send time = 2026-09-19 14:59:59.095, handle time = 2026-09-19 14:59:59.095, trigger time = 2026-09-19 14:59:59.205, completeTime time = 2026-09-19 14:59:59.205, priority = Low, task name = ArkUISetOnWindowFocusedCallback, caller = [task_runner_adapter_impl.cpp(PostTask:35)] }
 No. 12 : Event { send thread = 31328, send time = 2026-09-19 14:59:59.095, handle time = 2026-09-19 14:59:59.095, trigger time = 2026-09-19 14:59:59.205, completeTime time = 2026-09-19 14:59:59.206, priority = Low, task name = ArkUIFrontendActive, caller = [task_runner_adapter_impl.cpp(PostTask:35)] }
 No. 13 : Event { send thread = 31328, send time = 2026-09-19 14:59:59.095, handle time = 2026-09-19 14:59:59.095, trigger time = 2026-09-19 14:59:59.206, completeTime time = 2026-09-19 14:59:59.206, priority = Low, task name = ArkUIWindowActivate, caller = [task_runner_adapter_impl.cpp(PostTask:35)] }
 No. 14 : Event { send thread = 31328, send time = 2026-09-19 14:59:59.097, handle time = 2026-09-19 14:59:59.097, trigger time = 2026-09-19 14:59:59.206, completeTime time = 2026-09-19 14:59:59.206, priority = Low, task name = ArkUIWindowRectChange, caller = [task_runner_adapter_impl.cpp(PostTask:35)] }
 No. 15 : Event { send thread = 31328, send time = 2026-09-19 14:59:59.098, handle time = 2026-09-19 14:59:59.098, trigger time = 2026-09-19 14:59:59.206, completeTime time = 2026-09-19 14:59:59.206, priority = Low, task name = ArkUIUpdateOriginAvoidAreaAndExecuteKeyboardAvoid, caller = [task_runner_adapter_impl.cpp(PostTask:35)] }
 No. 16 : Event { send thread = 31328, send time = 2026-09-19 14:59:59.100, handle time = 2026-09-19 14:59:59.100, trigger time = 2026-09-19 14:59:59.206, completeTime time = 2026-09-19 14:59:59.206, priority = Low, task name = ArkUIUpdateOriginAvoidAreaAndExecuteKeyboardAvoid, caller = [task_runner_adapter_impl.cpp(PostTask:35)] }
 No. 17 : Event { send thread = 31328, send time = 2026-09-19 14:59:59.094, handle time = 2026-09-19 14:59:59.145, trigger time = 2026-09-19 14:59:59.206, completeTime time = 2026-09-19 14:59:59.206, priority = Low, task name = ArkUIIdleTask, caller = [task_runner_adapter_impl.cpp(PostDelayedTask:46)] }
 No. 18 : Event { send thread = 31328, send time = 2026-09-19 14:59:59.206, handle time = 2026-11-08 08:02:46.500, trigger time = 2026-09-19 14:59:59.206, completeTime time = , priority = VIP, task name = vSyncTask, caller = [event_queue.cpp(PostTaskForVsync:235)] }
 No. 19 : Event { send thread = 31328, send time = 2026-09-19 14:59:59.056, handle time = 2026-09-19 14:59:59.056, trigger time = 2026-09-19 14:59:59.098, completeTime time = 2026-09-19 14:59:59.098, priority = Low, task name = ArkUISetThreadPriority, caller = [task_runner_adapter_impl.cpp(PostTask:35)] }
 No. 20 : Event { send thread = 31328, send time = 2026-09-19 14:59:59.056, handle time = 2026-09-19 14:59:59.056, trigger time = 2026-09-19 14:59:59.098, completeTime time = 2026-09-19 14:59:59.098, priority = Low, task name = ArkUISetThreadPriority, caller = [task_runner_adapter_impl.cpp(PostTask:35)] }
 No. 21 : Event { send thread = 31328, send time = 2026-09-19 14:59:59.056, handle time = 2026-09-19 14:59:59.056, trigger time = 2026-09-19 14:59:59.098, completeTime time = 2026-09-19 14:59:59.098, priority = Low, task name = ArkUIFillTaskTypeTable, caller = [task_runner_adapter_impl.cpp(PostTask:35)] }
 No. 22 : Event { send thread = 31328, send time = 2026-09-19 14:59:59.056, handle time = 2026-09-19 14:59:59.056, trigger time = 2026-09-19 14:59:59.098, completeTime time = 2026-09-19 14:59:59.098, priority = Low, task name = ArkUIFillTaskTypeTable, caller = [task_runner_adapter_impl.cpp(PostTask:35)] }
 No. 23 : Event { send thread = 31328, send time = 2026-09-19 14:59:59.056, handle time = 2026-09-19 14:59:59.056, trigger time = 2026-09-19 14:59:59.098, completeTime time = 2026-09-19 14:59:59.098, priority = Low, task name = ArkUIFillTaskTypeTable, caller = [task_runner_adapter_impl.cpp(PostTask:35)] }
 No. 24 : Event { send thread = 31328, send time = 2026-09-19 14:59:59.056, handle time = 2026-09-19 14:59:59.056, trigger time = 2026-09-19 14:59:59.098, completeTime time = 2026-09-19 14:59:59.098, priority = Low, task name = ArkUIFillTaskTypeTable, caller = [task_runner_adapter_impl.cpp(PostTask:35)] }
 No. 25 : Event { send thread = 31328, send time = 2026-09-19 14:59:59.058, handle time = 2026-09-19 14:59:59.058, trigger time = 2026-09-19 14:59:59.098, completeTime time = 2026-09-19 14:59:59.098, priority = Low, task name = ArkUISetJsMessageDispatcher, caller = [task_runner_adapter_impl.cpp(PostTask:35)] }
 No. 26 : Event { send thread = 31328, send time = 2026-09-19 14:59:59.058, handle time = 2026-09-19 14:59:59.058, trigger time = 2026-09-19 14:59:59.098, completeTime time = 2026-09-19 14:59:59.098, priority = Low, task name = ArkUIPageSwitchLogStatusChanged, caller = [task_runner_adapter_impl.cpp(PostTask:35)] }
 No. 27 : Event { send thread = 31328, send time = 2026-09-19 14:59:59.076, handle time = 2026-09-19 14:59:59.076, trigger time = 2026-09-19 14:59:59.098, completeTime time = 2026-09-19 14:59:59.099, priority = Low, task name = ArkUIFrontendActive, caller = [task_runner_adapter_impl.cpp(PostTask:35)] }
 No. 28 : Event { send thread = 31328, send time = 2026-09-19 14:59:59.076, handle time = 2026-09-19 14:59:59.076, trigger time = 2026-09-19 14:59:59.099, completeTime time = 2026-09-19 14:59:59.099, priority = Low, task name = ArkUIWindowFocus, caller = [task_runner_adapter_impl.cpp(PostTask:35)] }
 No. 29 : Event { send thread = 32461, send time = 2026-09-19 14:59:59.083, handle time = 2026-09-19 14:59:59.083, trigger time = 2026-09-19 14:59:59.099, completeTime time = 2026-09-19 14:59:59.100, priority = Low, task name = WMS_WindowSessionImpl_UpdateRectForOtherReason, caller = [window_session_impl.cpp(UpdateRectForOtherReason:1693)] }
 No. 30 : Event { send thread = 31328, send time = 2026-09-19 14:59:59.100, handle time = 2026-09-19 14:59:59.100, trigger time = 2026-09-19 14:59:59.100, completeTime time = 2026-09-19 14:59:59.100, priority = VIP, task name = UpdateDisplayValid5, caller = [native_event.cpp(SendEventByEventHandler:322)] }
 No. 31 : Event { send thread = 31328, send time = 2026-09-19 14:59:59.090, handle time = 2026-09-19 14:59:59.090, trigger time = 2026-09-19 14:59:59.100, completeTime time = 2026-09-19 14:59:59.100, priority = Low, task name = ArkUIParseI18nJsonInfo, caller = [task_runner_adapter_impl.cpp(PostTask:35)] }
 VIP priority event queue information:
 No.1 : Event { send thread = 32448, send time = 2026-09-19 15:00:01.686, handle time = 2026-09-19 15:00:01.686, id = 1, caller = [watchdog.cpp(Timer:303)] }
 No.2 : Event { send thread = 32448, send time = 2026-09-19 15:00:08.687, handle time = 2026-09-19 15:00:08.687, id = 1, caller = [watchdog.cpp(Timer:303)] }
 No.3 : Event { send thread = 32448, send time = 2026-09-19 15:00:11.686, handle time = 2026-09-19 15:00:11.686, id = 1, caller = [watchdog.cpp(Timer:303)] }
 No.4 : Event { send thread = 32448, send time = 2026-09-19 15:00:14.687, handle time = 2026-09-19 15:00:14.687, id = 1, caller = [watchdog.cpp(Timer:303)] }
 Total size of VIP events : 4
 Immediate priority event queue information:
 Total size of Immediate events : 0
 High priority event queue information:
 No.1 : Event { send thread = 31328, send time = 2026-09-19 14:59:59.206, handle time = 2026-09-19 14:59:59.206, task name = uvLoopTask, caller = [event_queue.cpp(HandleFileDescriptorEvent:313)] }
 Total size of High events : 1
 Low priority event queue information:
 No.1 : Event { send thread = 31328, send time = 2026-09-19 14:59:59.213, handle time = 2026-09-19 14:59:59.264, task name = ArkUIIdleTask, caller = [task_runner_adapter_impl.cpp(PostDelayedTask:46)] }
 No.2 : Event { send thread = 31328, send time = 2026-09-19 14:59:59.213, handle time = 2026-09-19 14:59:59.713, task name = ArkUIVsyncTimeoutCheck, caller = [task_runner_adapter_impl.cpp(PostDelayedTask:46)] }
 No.3 : Event { send thread = 31328, send time = 2026-09-19 14:59:58.795, handle time = 2026-09-19 14:59:59.795, task name = AppRecovery:AddAbility, caller = [app_recovery.cpp(AddAbility:133)] }
 No.4 : Event { send thread = 31328, send time = 2026-09-19 14:59:59.213, handle time = 2026-09-19 14:59:59.813, task name = vsync_time_out_task_134552735449089, caller = [vsync_station.cpp(RequestVsync:148)] }
 No.5 : Event { send thread = 31328, send time = 2026-09-19 14:59:59.202, handle time = 2026-09-19 15:00:01.202, task name = ExtensionTransparentDetector, caller = [task_runner_adapter_impl.cpp(PostDelayedTask:46)] }
 No.6 : Event { send thread = 31328, send time = 2026-09-19 14:59:59.213, handle time = 2026-09-19 15:00:02.213, task name = ArkUIVsyncTimeoutCheck, caller = [task_runner_adapter_impl.cpp(PostDelayedTask:46)] }
 No.7 : Event { send thread = 31328, send time = 2026-09-19 14:59:59.146, handle time = 2026-09-19 15:00:04.146, task name = TriggerModuleSerializer, caller = [task_runner_adapter_impl.cpp(PostDelayedTask:46)] }
 Total size of Low events : 7
 Idle priority event queue information:
 No.1 : Event { send thread = 32477, send time = 2026-09-19 14:59:59.308, handle time = 2026-09-19 14:59:59.308, task name = uv_io_cb, caller = [ohos_js_environment_impl.cpp(PostTaskToHandler:72)] }
 No.2 : Event { send thread = 32477, send time = 2026-09-19 14:59:59.544, handle time = 2026-09-19 14:59:59.544, task name = uv_io_cb, caller = [ohos_js_environment_impl.cpp(PostTaskToHandler:72)] }
 Total size of Idle events : 2
 Total event size : 14
Main handler dump end time: 2026-09-19 15:00:14.687

Catche stack trace start time: 2026-09-19 15:00:14.689

Tid:31328, Name:xample.callaite
state=R, utime=1509, stime=63, priority=10, nice=-10, clk=100
#00 pc 0000000000d82bd8 /system/lib64/module/arkcompiler/stub.an(COStub_GrowElementsCapacityStwCopy+1160)
Tid:32497, Name:OS_IPC_3_32497
state=S, utime=0, stime=0, priority=0, nice=-20, clk=100
#00 pc 00000000000dc469 /system/lib/ld-musl-x86_64.so.1(ioctl+185)(74178aa6301b8bad2ac9b6d7f2361221)
#01 pc 0000000000010ca7 /system/lib64/platformsdk/libipc_common.z.so(OHOS::BinderConnector::WriteBinder(unsigned long, void*)+55)(ae9fe169bf1f8b0397c31ba1b67e0e94)
#02 pc 000000000007e34d /system/lib64/platformsdk/libipc_single.z.so(OHOS::BinderInvoker::TransactWithDriver(bool)+269)(216555c1ccaa2644568394a99c5a7547)
#03 pc 000000000007e71a /system/lib64/platformsdk/libipc_single.z.so(OHOS::BinderInvoker::StartWorkLoop()+106)(216555c1ccaa2644568394a99c5a7547)
#04 pc 0000000000080c28 /system/lib64/platformsdk/libipc_single.z.so(OHOS::BinderInvoker::JoinThread(bool)+40)(216555c1ccaa2644568394a99c5a7547)
#05 pc 00000000000769f5 /system/lib64/platformsdk/libipc_single.z.so(OHOS::IPCWorkThread::ThreadHandler(void*)+901)(216555c1ccaa2644568394a99c5a7547)
#06 pc 00000000001299e7 /system/lib/ld-musl-x86_64.so.1(74178aa6301b8bad2ac9b6d7f2361221)
#07 pc 0000000000090f8e /system/lib/ld-musl-x86_64.so.1(74178aa6301b8bad2ac9b6d7f2361221)
Tid:32446, Name:OS_IPC_0_32446
state=S, utime=0, stime=1, priority=0, nice=-20, clk=100
#00 pc 00000000000dc46b /system/lib/ld-musl-x86_64.so.1(ioctl+187)(74178aa6301b8bad2ac9b6d7f2361221)
#01 pc 0000000000010ca7 /system/lib64/platformsdk/libipc_common.z.so(OHOS::BinderConnector::WriteBinder(unsigned long, void*)+55)(ae9fe169bf1f8b0397c31ba1b67e0e94)
#02 pc 000000000007e34d /system/lib64/platformsdk/libipc_single.z.so(OHOS::BinderInvoker::TransactWithDriver(bool)+269)(216555c1ccaa2644568394a99c5a7547)
#03 pc 000000000007e71a /system/lib64/platformsdk/libipc_single.z.so(OHOS::BinderInvoker::StartWorkLoop()+106)(216555c1ccaa2644568394a99c5a7547)
#04 pc 0000000000080c28 /system/lib64/platformsdk/libipc_single.z.so(OHOS::BinderInvoker::JoinThread(bool)+40)(216555c1ccaa2644568394a99c5a7547)
#05 pc 00000000000769f5 /system/lib64/platformsdk/libipc_single.z.so(OHOS::IPCWorkThread::ThreadHandler(void*)+901)(216555c1ccaa2644568394a99c5a7547)
#06 pc 00000000001299e7 /system/lib/ld-musl-x86_64.so.1(74178aa6301b8bad2ac9b6d7f2361221)
#07 pc 0000000000090f8e /system/lib/ld-musl-x86_64.so.1(74178aa6301b8bad2ac9b6d7f2361221)
Tid:32447, Name:OS_IPC_1_32447
state=S, utime=0, stime=0, priority=0, nice=-20, clk=100
#00 pc 00000000000dc46b /system/lib/ld-musl-x86_64.so.1(ioctl+187)(74178aa6301b8bad2ac9b6d7f2361221)
#01 pc 0000000000010ca7 /system/lib64/platformsdk/libipc_common.z.so(OHOS::BinderConnector::WriteBinder(unsigned long, void*)+55)(ae9fe169bf1f8b0397c31ba1b67e0e94)
#02 pc 000000000007e34d /system/lib64/platformsdk/libipc_single.z.so(OHOS::BinderInvoker::TransactWithDriver(bool)+269)(216555c1ccaa2644568394a99c5a7547)
#03 pc 000000000007e71a /system/lib64/platformsdk/libipc_single.z.so(OHOS::BinderInvoker::StartWorkLoop()+106)(216555c1ccaa2644568394a99c5a7547)
#04 pc 0000000000080c28 /system/lib64/platformsdk/libipc_single.z.so(OHOS::BinderInvoker::JoinThread(bool)+40)(216555c1ccaa2644568394a99c5a7547)
#05 pc 00000000000769f5 /system/lib64/platformsdk/libipc_single.z.so(OHOS::IPCWorkThread::ThreadHandler(void*)+901)(216555c1ccaa2644568394a99c5a7547)
#06 pc 00000000001299e7 /system/lib/ld-musl-x86_64.so.1(74178aa6301b8bad2ac9b6d7f2361221)
#07 pc 0000000000090f8e /system/lib/ld-musl-x86_64.so.1(74178aa6301b8bad2ac9b6d7f2361221)
Tid:32448, Name:OS_DfxWatchdog
state=S, utime=0, stime=0, priority=0, nice=-20, clk=100
#00 pc 0000000000125ee9 /system/lib/ld-musl-x86_64.so.1(74178aa6301b8bad2ac9b6d7f2361221)
#01 pc 0000000000127883 /system/lib/ld-musl-x86_64.so.1(pthread_cond_timedwait+195)(74178aa6301b8bad2ac9b6d7f2361221)
#02 pc 00000000000c74e7 /system/lib64/chipset-sdk-sp/libc++.so(std::__h::condition_variable::__do_timed_wait(std::__h::unique_lock<std::__h::mutex>&, std::__h::chrono::time_point<std::__h::chrono::system_clock, std::__h::chrono::duration<long long, std::__h::ratio<1l, 1000000000l>>>)+103)(ca45f3285cb13d8a615c2dcf32305914fbc391ad)
#03 pc 00000000000245a0 /system/lib64/chipset-sdk-sp/libhicollie.z.so(0d0f332b1d543f1b44cdc8747e67264a)
#04 pc 00000000000242a1 /system/lib64/chipset-sdk-sp/libhicollie.z.so(0d0f332b1d543f1b44cdc8747e67264a)
#05 pc 000000000002c17d /system/lib64/chipset-sdk-sp/libhicollie.z.so(0d0f332b1d543f1b44cdc8747e67264a)
#06 pc 00000000001299e7 /system/lib/ld-musl-x86_64.so.1(74178aa6301b8bad2ac9b6d7f2361221)
#07 pc 0000000000090f8e /system/lib/ld-musl-x86_64.so.1(74178aa6301b8bad2ac9b6d7f2361221)
Tid:32455, Name:OS_FFRT_Delay
state=S, utime=0, stime=0, priority=0, nice=-20, clk=100
#00 pc 00000000000b837f /system/lib/ld-musl-x86_64.so.1(epoll_wait+31)(74178aa6301b8bad2ac9b6d7f2361221)
#01 pc 00000000000b2cda /system/lib64/ndk/libffrt.so(6014d53b82cd59820b512f223d249356)
#02 pc 00000000001299e7 /system/lib/ld-musl-x86_64.so.1(74178aa6301b8bad2ac9b6d7f2361221)
#03 pc 0000000000090f8e /system/lib/ld-musl-x86_64.so.1(74178aa6301b8bad2ac9b6d7f2361221)
Tid:32461, Name:OS_IPC_2_32461
state=S, utime=0, stime=0, priority=0, nice=-20, clk=100
#00 pc 00000000000dc46b /system/lib/ld-musl-x86_64.so.1(ioctl+187)(74178aa6301b8bad2ac9b6d7f2361221)
#01 pc 0000000000010ca7 /system/lib64/platformsdk/libipc_common.z.so(OHOS::BinderConnector::WriteBinder(unsigned long, void*)+55)(ae9fe169bf1f8b0397c31ba1b67e0e94)
#02 pc 000000000007e34d /system/lib64/platformsdk/libipc_single.z.so(OHOS::BinderInvoker::TransactWithDriver(bool)+269)(216555c1ccaa2644568394a99c5a7547)
#03 pc 000000000007e71a /system/lib64/platformsdk/libipc_single.z.so(OHOS::BinderInvoker::StartWorkLoop()+106)(216555c1ccaa2644568394a99c5a7547)
#04 pc 0000000000080c28 /system/lib64/platformsdk/libipc_single.z.so(OHOS::BinderInvoker::JoinThread(bool)+40)(216555c1ccaa2644568394a99c5a7547)
#05 pc 00000000000769f5 /system/lib64/platformsdk/libipc_single.z.so(OHOS::IPCWorkThread::ThreadHandler(void*)+901)(216555c1ccaa2644568394a99c5a7547)
#06 pc 00000000001299e7 /system/lib/ld-musl-x86_64.so.1(74178aa6301b8bad2ac9b6d7f2361221)
#07 pc 0000000000090f8e /system/lib/ld-musl-x86_64.so.1(74178aa6301b8bad2ac9b6d7f2361221)
Tid:32469, Name:OS_FFRT_2_0
state=S, utime=0, stime=1, priority=0, nice=-20, clk=100
#00 pc 0000000000125ee9 /system/lib/ld-musl-x86_64.so.1(74178aa6301b8bad2ac9b6d7f2361221)
#01 pc 0000000000127883 /system/lib/ld-musl-x86_64.so.1(pthread_cond_timedwait+195)(74178aa6301b8bad2ac9b6d7f2361221)
#02 pc 00000000000c74e7 /system/lib64/chipset-sdk-sp/libc++.so(std::__h::condition_variable::__do_timed_wait(std::__h::unique_lock<std::__h::mutex>&, std::__h::chrono::time_point<std::__h::chrono::system_clock, std::__h::chrono::duration<long long, std::__h::ratio<1l, 1000000000l>>>)+103)(ca45f3285cb13d8a615c2dcf32305914fbc391ad)
#03 pc 000000000008bcb0 /system/lib64/ndk/libffrt.so(6014d53b82cd59820b512f223d249356)
#04 pc 00000000000760ef /system/lib64/ndk/libffrt.so(6014d53b82cd59820b512f223d249356)
#05 pc 0000000000075eaf /system/lib64/ndk/libffrt.so(6014d53b82cd59820b512f223d249356)
#06 pc 0000000000075d79 /system/lib64/ndk/libffrt.so(6014d53b82cd59820b512f223d249356)
#07 pc 00000000001299e7 /system/lib/ld-musl-x86_64.so.1(74178aa6301b8bad2ac9b6d7f2361221)
#08 pc 0000000000090f8e /system/lib/ld-musl-x86_64.so.1(74178aa6301b8bad2ac9b6d7f2361221)
Tid:32470, Name:OS_GC_Thread
state=S, utime=0, stime=0, priority=0, nice=-20, clk=100
#00 pc 0000000000125ee9 /system/lib/ld-musl-x86_64.so.1(74178aa6301b8bad2ac9b6d7f2361221)
#01 pc 0000000000127883 /system/lib/ld-musl-x86_64.so.1(pthread_cond_timedwait+195)(74178aa6301b8bad2ac9b6d7f2361221)
#02 pc 00000000009cd4ca /system/lib64/platformsdk/libark_jsruntime.so(3403c0dea7c24e42adea4ee0f5dd2803)
#03 pc 00000000009cd443 /system/lib64/platformsdk/libark_jsruntime.so(3403c0dea7c24e42adea4ee0f5dd2803)
#04 pc 00000000009cd8b5 /system/lib64/platformsdk/libark_jsruntime.so(3403c0dea7c24e42adea4ee0f5dd2803)
#05 pc 00000000001299e7 /system/lib/ld-musl-x86_64.so.1(74178aa6301b8bad2ac9b6d7f2361221)
#06 pc 0000000000090f8e /system/lib/ld-musl-x86_64.so.1(74178aa6301b8bad2ac9b6d7f2361221)
Tid:32471, Name:OS_GC_Thread
state=S, utime=17, stime=6, priority=0, nice=-20, clk=100
#00 pc 0000000000125ee9 /system/lib/ld-musl-x86_64.so.1(74178aa6301b8bad2ac9b6d7f2361221)
#01 pc 0000000000127883 /system/lib/ld-musl-x86_64.so.1(pthread_cond_timedwait+195)(74178aa6301b8bad2ac9b6d7f2361221)
#02 pc 00000000000c7451 /system/lib64/chipset-sdk-sp/libc++.so(std::__h::condition_variable::wait(std::__h::unique_lock<std::__h::mutex>&)+17)(ca45f3285cb13d8a615c2dcf32305914fbc391ad)
#03 pc 0000000000a298fd /system/lib64/platformsdk/libark_jsruntime.so(3403c0dea7c24e42adea4ee0f5dd2803)
#04 pc 0000000000a29475 /system/lib64/platformsdk/libark_jsruntime.so(3403c0dea7c24e42adea4ee0f5dd2803)
#05 pc 0000000000a2955a /system/lib64/platformsdk/libark_jsruntime.so(3403c0dea7c24e42adea4ee0f5dd2803)
#06 pc 00000000001299e7 /system/lib/ld-musl-x86_64.so.1(74178aa6301b8bad2ac9b6d7f2361221)
#07 pc 0000000000090f8e /system/lib/ld-musl-x86_64.so.1(74178aa6301b8bad2ac9b6d7f2361221)
Tid:32472, Name:OS_GC_Thread
state=S, utime=14, stime=9, priority=0, nice=-20, clk=100
#00 pc 0000000000125ee9 /system/lib/ld-musl-x86_64.so.1(74178aa6301b8bad2ac9b6d7f2361221)
#01 pc 0000000000127883 /system/lib/ld-musl-x86_64.so.1(pthread_cond_timedwait+195)(74178aa6301b8bad2ac9b6d7f2361221)
#02 pc 00000000000c7451 /system/lib64/chipset-sdk-sp/libc++.so(std::__h::condition_variable::wait(std::__h::unique_lock<std::__h::mutex>&)+17)(ca45f3285cb13d8a615c2dcf32305914fbc391ad)
#03 pc 0000000000a298fd /system/lib64/platformsdk/libark_jsruntime.so(3403c0dea7c24e42adea4ee0f5dd2803)
#04 pc 0000000000a29475 /system/lib64/platformsdk/libark_jsruntime.so(3403c0dea7c24e42adea4ee0f5dd2803)
#05 pc 0000000000a2955a /system/lib64/platformsdk/libark_jsruntime.so(3403c0dea7c24e42adea4ee0f5dd2803)
#06 pc 00000000001299e7 /system/lib/ld-musl-x86_64.so.1(74178aa6301b8bad2ac9b6d7f2361221)
#07 pc 0000000000090f8e /system/lib/ld-musl-x86_64.so.1(74178aa6301b8bad2ac9b6d7f2361221)
Tid:32473, Name:OS_GC_Thread
state=S, utime=16, stime=7, priority=0, nice=-20, clk=100
#00 pc 0000000000125ee9 /system/lib/ld-musl-x86_64.so.1(74178aa6301b8bad2ac9b6d7f2361221)
#01 pc 0000000000127883 /system/lib/ld-musl-x86_64.so.1(pthread_cond_timedwait+195)(74178aa6301b8bad2ac9b6d7f2361221)
#02 pc 00000000000c7451 /system/lib64/chipset-sdk-sp/libc++.so(std::__h::condition_variable::wait(std::__h::unique_lock<std::__h::mutex>&)+17)(ca45f3285cb13d8a615c2dcf32305914fbc391ad)
#03 pc 0000000000a298fd /system/lib64/platformsdk/libark_jsruntime.so(3403c0dea7c24e42adea4ee0f5dd2803)
#04 pc 0000000000a29475 /system/lib64/platformsdk/libark_jsruntime.so(3403c0dea7c24e42adea4ee0f5dd2803)
#05 pc 0000000000a2955a /system/lib64/platformsdk/libark_jsruntime.so(3403c0dea7c24e42adea4ee0f5dd2803)
#06 pc 00000000001299e7 /system/lib/ld-musl-x86_64.so.1(74178aa6301b8bad2ac9b6d7f2361221)
#07 pc 0000000000090f8e /system/lib/ld-musl-x86_64.so.1(74178aa6301b8bad2ac9b6d7f2361221)
Tid:32474, Name:OS_FFRT_3_0
state=S, utime=5, stime=11, priority=0, nice=-20, clk=100
#00 pc 0000000000125ee9 /system/lib/ld-musl-x86_64.so.1(74178aa6301b8bad2ac9b6d7f2361221)
#01 pc 0000000000127883 /system/lib/ld-musl-x86_64.so.1(pthread_cond_timedwait+195)(74178aa6301b8bad2ac9b6d7f2361221)
#02 pc 00000000000c74e7 /system/lib64/chipset-sdk-sp/libc++.so(std::__h::condition_variable::__do_timed_wait(std::__h::unique_lock<std::__h::mutex>&, std::__h::chrono::time_point<std::__h::chrono::system_clock, std::__h::chrono::duration<long long, std::__h::ratio<1l, 1000000000l>>>)+103)(ca45f3285cb13d8a615c2dcf32305914fbc391ad)
#03 pc 000000000008bcb0 /system/lib64/ndk/libffrt.so(6014d53b82cd59820b512f223d249356)
#04 pc 00000000000760ef /system/lib64/ndk/libffrt.so(6014d53b82cd59820b512f223d249356)
#05 pc 0000000000075eaf /system/lib64/ndk/libffrt.so(6014d53b82cd59820b512f223d249356)
#06 pc 0000000000075d79 /system/lib64/ndk/libffrt.so(6014d53b82cd59820b512f223d249356)
#07 pc 00000000001299e7 /system/lib/ld-musl-x86_64.so.1(74178aa6301b8bad2ac9b6d7f2361221)
#08 pc 0000000000090f8e /system/lib/ld-musl-x86_64.so.1(74178aa6301b8bad2ac9b6d7f2361221)
Tid:32476, Name:OS_hdcRegister
state=S, utime=0, stime=0, priority=0, nice=-20, clk=100
#00 pc 00000000000b837f /system/lib/ld-musl-x86_64.so.1(epoll_wait+31)(74178aa6301b8bad2ac9b6d7f2361221)
#01 pc 000000000000660f /system/lib64/platformsdk/libhdc_register.z.so(Hdc::HdcJdwpSimulator::ReadFromJdwp()+367)(4c41d0541b0381aaf6674e818696d512)
#02 pc 0000000000006ba3 /system/lib64/platformsdk/libhdc_register.z.so(Hdc::HdcJdwpSimulator::Connect()+195)(4c41d0541b0381aaf6674e818696d512)
#03 pc 00000000000052ef /system/lib64/platformsdk/libhdc_register.z.so(Hdc::HdcConnectRun(void*)+559)(4c41d0541b0381aaf6674e818696d512)
#04 pc 00000000001299e7 /system/lib/ld-musl-x86_64.so.1(74178aa6301b8bad2ac9b6d7f2361221)
#05 pc 0000000000090f8e /system/lib/ld-musl-x86_64.so.1(74178aa6301b8bad2ac9b6d7f2361221)
Tid:32477, Name:OS_FFRT_0_0
state=S, utime=0, stime=0, priority=0, nice=-20, clk=100
#00 pc 0000000000125ee9 /system/lib/ld-musl-x86_64.so.1(74178aa6301b8bad2ac9b6d7f2361221)
#01 pc 0000000000127883 /system/lib/ld-musl-x86_64.so.1(pthread_cond_timedwait+195)(74178aa6301b8bad2ac9b6d7f2361221)
#02 pc 00000000000c74e7 /system/lib64/chipset-sdk-sp/libc++.so(std::__h::condition_variable::__do_timed_wait(std::__h::unique_lock<std::__h::mutex>&, std::__h::chrono::time_point<std::__h::chrono::system_clock, std::__h::chrono::duration<long long, std::__h::ratio<1l, 1000000000l>>>)+103)(ca45f3285cb13d8a615c2dcf32305914fbc391ad)
#03 pc 000000000008bcb0 /system/lib64/ndk/libffrt.so(6014d53b82cd59820b512f223d249356)
#04 pc 00000000000760ef /system/lib64/ndk/libffrt.so(6014d53b82cd59820b512f223d249356)
#05 pc 0000000000075eaf /system/lib64/ndk/libffrt.so(6014d53b82cd59820b512f223d249356)
#06 pc 0000000000075d79 /system/lib64/ndk/libffrt.so(6014d53b82cd59820b512f223d249356)
#07 pc 00000000001299e7 /system/lib/ld-musl-x86_64.so.1(74178aa6301b8bad2ac9b6d7f2361221)
#08 pc 0000000000090f8e /system/lib/ld-musl-x86_64.so.1(74178aa6301b8bad2ac9b6d7f2361221)
Tid:32485, Name:sandbox_thread
state=S, utime=0, stime=0, priority=0, nice=-20, clk=100
#00 pc 0000000000125ee9 /system/lib/ld-musl-x86_64.so.1(74178aa6301b8bad2ac9b6d7f2361221)
#01 pc 0000000000127883 /system/lib/ld-musl-x86_64.so.1(pthread_cond_timedwait+195)(74178aa6301b8bad2ac9b6d7f2361221)
#02 pc 00000000000c7451 /system/lib64/chipset-sdk-sp/libc++.so(std::__h::condition_variable::wait(std::__h::unique_lock<std::__h::mutex>&)+17)(ca45f3285cb13d8a615c2dcf32305914fbc391ad)
#03 pc 00000000000086d7 /system/lib64/platformsdk/libsandboxlog.so(15f86dfff1c9aa3778b113b4e1f84fe4)
#04 pc 0000000000009363 /system/lib64/platformsdk/libsandboxlog.so(15f86dfff1c9aa3778b113b4e1f84fe4)
#05 pc 00000000001299e7 /system/lib/ld-musl-x86_64.so.1(74178aa6301b8bad2ac9b6d7f2361221)
#06 pc 0000000000090f8e /system/lib/ld-musl-x86_64.so.1(74178aa6301b8bad2ac9b6d7f2361221)
Tid:32487, Name:xample.callaite
state=S, utime=0, stime=0, priority=0, nice=-20, clk=100
#00 pc 000000000013100d /system/lib/ld-musl-x86_64.so.1(nanosleep+13)(74178aa6301b8bad2ac9b6d7f2361221)
#01 pc 00000000000d9b9a /system/lib64/chipset-sdk-sp/libc++.so(std::__h::this_thread::sleep_for(std::__h::chrono::duration<long long, std::__h::ratio<1l, 1000000000l>> const&)+90)(ca45f3285cb13d8a615c2dcf32305914fbc391ad)
#02 pc 0000000000015f52 /system/lib64/platformsdk/libhistogram.z.so(bcaef44ffc0c920a27140798ab5f7654)
#03 pc 00000000001299e7 /system/lib/ld-musl-x86_64.so.1(74178aa6301b8bad2ac9b6d7f2361221)
#04 pc 0000000000090f8e /system/lib/ld-musl-x86_64.so.1(74178aa6301b8bad2ac9b6d7f2361221)
Tid:32488, Name:OS_EVENT_POLL
state=S, utime=0, stime=0, priority=0, nice=-20, clk=100
#00 pc 00000000000b837f /system/lib/ld-musl-x86_64.so.1(epoll_wait+31)(74178aa6301b8bad2ac9b6d7f2361221)
#01 pc 000000000001a0fc /system/lib64/chipset-sdk-sp/libeventhandler.z.so(d20098a20e88abe540f8f998e7a8bdcc)
#02 pc 000000000001b2e6 /system/lib64/chipset-sdk-sp/libeventhandler.z.so(d20098a20e88abe540f8f998e7a8bdcc)
#03 pc 00000000001299e7 /system/lib/ld-musl-x86_64.so.1(74178aa6301b8bad2ac9b6d7f2361221)
#04 pc 0000000000090f8e /system/lib/ld-musl-x86_64.so.1(74178aa6301b8bad2ac9b6d7f2361221)
Tid:32490, Name:OS_FFRT_3_1
state=S, utime=0, stime=0, priority=0, nice=-20, clk=100
#00 pc 0000000000125ee9 /system/lib/ld-musl-x86_64.so.1(74178aa6301b8bad2ac9b6d7f2361221)
#01 pc 0000000000127883 /system/lib/ld-musl-x86_64.so.1(pthread_cond_timedwait+195)(74178aa6301b8bad2ac9b6d7f2361221)
#02 pc 00000000000c74e7 /system/lib64/chipset-sdk-sp/libc++.so(std::__h::condition_variable::__do_timed_wait(std::__h::unique_lock<std::__h::mutex>&, std::__h::chrono::time_point<std::__h::chrono::system_clock, std::__h::chrono::duration<long long, std::__h::ratio<1l, 1000000000l>>>)+103)(ca45f3285cb13d8a615c2dcf32305914fbc391ad)
#03 pc 000000000008bcb0 /system/lib64/ndk/libffrt.so(6014d53b82cd59820b512f223d249356)
#04 pc 00000000000760ef /system/lib64/ndk/libffrt.so(6014d53b82cd59820b512f223d249356)
#05 pc 0000000000075eaf /system/lib64/ndk/libffrt.so(6014d53b82cd59820b512f223d249356)
#06 pc 0000000000075d79 /system/lib64/ndk/libffrt.so(6014d53b82cd59820b512f223d249356)
#07 pc 00000000001299e7 /system/lib/ld-musl-x86_64.so.1(74178aa6301b8bad2ac9b6d7f2361221)
#08 pc 0000000000090f8e /system/lib/ld-musl-x86_64.so.1(74178aa6301b8bad2ac9b6d7f2361221)
Tid:32491, Name:OS_FFRT_3_2
state=S, utime=0, stime=0, priority=0, nice=-20, clk=100
#00 pc 0000000000125ee9 /system/lib/ld-musl-x86_64.so.1(74178aa6301b8bad2ac9b6d7f2361221)
#01 pc 0000000000127883 /system/lib/ld-musl-x86_64.so.1(pthread_cond_timedwait+195)(74178aa6301b8bad2ac9b6d7f2361221)
#02 pc 00000000000c74e7 /system/lib64/chipset-sdk-sp/libc++.so(std::__h::condition_variable::__do_timed_wait(std::__h::unique_lock<std::__h::mutex>&, std::__h::chrono::time_point<std::__h::chrono::system_clock, std::__h::chrono::duration<long long, std::__h::ratio<1l, 1000000000l>>>)+103)(ca45f3285cb13d8a615c2dcf32305914fbc391ad)
#03 pc 000000000008bcb0 /system/lib64/ndk/libffrt.so(6014d53b82cd59820b512f223d249356)
#04 pc 00000000000760ef /system/lib64/ndk/libffrt.so(6014d53b82cd59820b512f223d249356)
#05 pc 0000000000075eaf /system/lib64/ndk/libffrt.so(6014d53b82cd59820b512f223d249356)
#06 pc 0000000000075d79 /system/lib64/ndk/libffrt.so(6014d53b82cd59820b512f223d249356)
#07 pc 00000000001299e7 /system/lib/ld-musl-x86_64.so.1(74178aa6301b8bad2ac9b6d7f2361221)
#08 pc 0000000000090f8e /system/lib/ld-musl-x86_64.so.1(74178aa6301b8bad2ac9b6d7f2361221)
Tid:32492, Name:OS_FFRT_3_3
state=S, utime=0, stime=0, priority=0, nice=-20, clk=100
#00 pc 0000000000125ee9 /system/lib/ld-musl-x86_64.so.1(74178aa6301b8bad2ac9b6d7f2361221)
#01 pc 0000000000127883 /system/lib/ld-musl-x86_64.so.1(pthread_cond_timedwait+195)(74178aa6301b8bad2ac9b6d7f2361221)
#02 pc 00000000000c74e7 /system/lib64/chipset-sdk-sp/libc++.so(std::__h::condition_variable::__do_timed_wait(std::__h::unique_lock<std::__h::mutex>&, std::__h::chrono::time_point<std::__h::chrono::system_clock, std::__h::chrono::duration<long long, std::__h::ratio<1l, 1000000000l>>>)+103)(ca45f3285cb13d8a615c2dcf32305914fbc391ad)
#03 pc 000000000008bcb0 /system/lib64/ndk/libffrt.so(6014d53b82cd59820b512f223d249356)
#04 pc 00000000000760ef /system/lib64/ndk/libffrt.so(6014d53b82cd59820b512f223d249356)
#05 pc 0000000000075eaf /system/lib64/ndk/libffrt.so(6014d53b82cd59820b512f223d249356)
#06 pc 0000000000075d79 /system/lib64/ndk/libffrt.so(6014d53b82cd59820b512f223d249356)
#07 pc 00000000001299e7 /system/lib/ld-musl-x86_64.so.1(74178aa6301b8bad2ac9b6d7f2361221)
#08 pc 0000000000090f8e /system/lib/ld-musl-x86_64.so.1(74178aa6301b8bad2ac9b6d7f2361221)
Tid:32494, Name:OS_MainDisplayS
state=S, utime=0, stime=0, priority=0, nice=-20, clk=100
#00 pc 00000000000b837f /system/lib/ld-musl-x86_64.so.1(epoll_wait+31)(74178aa6301b8bad2ac9b6d7f2361221)
#01 pc 000000000001ceee /system/lib64/chipset-sdk-sp/libeventhandler.z.so(d20098a20e88abe540f8f998e7a8bdcc)
#02 pc 00000000000230bf /system/lib64/chipset-sdk-sp/libeventhandler.z.so(OHOS::AppExecFwk::EventQueue::WaitUntilLocked(std::__h::chrono::time_point<std::__h::chrono::steady_clock, std::__h::chrono::duration<long long, std::__h::ratio<1l, 1000000000l>>> const&, OHOS::AppExecFwk::UniqueLockBase&, bool)+79)(d20098a20e88abe540f8f998e7a8bdcc)
#03 pc 00000000000282df /system/lib64/chipset-sdk-sp/libeventhandler.z.so(OHOS::AppExecFwk::EventQueueBase::GetEvent()+207)(d20098a20e88abe540f8f998e7a8bdcc)
#04 pc 0000000000033985 /system/lib64/chipset-sdk-sp/libeventhandler.z.so(d20098a20e88abe540f8f998e7a8bdcc)
#05 pc 0000000000030352 /system/lib64/chipset-sdk-sp/libeventhandler.z.so(d20098a20e88abe540f8f998e7a8bdcc)
#06 pc 00000000000357c3 /system/lib64/chipset-sdk-sp/libeventhandler.z.so(d20098a20e88abe540f8f998e7a8bdcc)
#07 pc 00000000001299e7 /system/lib/ld-musl-x86_64.so.1(74178aa6301b8bad2ac9b6d7f2361221)
#08 pc 0000000000090f8e /system/lib/ld-musl-x86_64.so.1(74178aa6301b8bad2ac9b6d7f2361221)
Tid:32498, Name:ace.bg.1
state=S, utime=0, stime=0, priority=0, nice=-20, clk=100
#00 pc 0000000000125ee9 /system/lib/ld-musl-x86_64.so.1(74178aa6301b8bad2ac9b6d7f2361221)
#01 pc 0000000000127883 /system/lib/ld-musl-x86_64.so.1(pthread_cond_timedwait+195)(74178aa6301b8bad2ac9b6d7f2361221)
#02 pc 00000000000c7451 /system/lib64/chipset-sdk-sp/libc++.so(std::__h::condition_variable::wait(std::__h::unique_lock<std::__h::mutex>&)+17)(ca45f3285cb13d8a615c2dcf32305914fbc391ad)
#03 pc 000000000148ac32 /system/lib64/platformsdk/libace_compatible.z.so(cb476043f6fb29150d891bc788a45885)
#04 pc 000000000148afa2 /system/lib64/platformsdk/libace_compatible.z.so(cb476043f6fb29150d891bc788a45885)
#05 pc 00000000001299e7 /system/lib/ld-musl-x86_64.so.1(74178aa6301b8bad2ac9b6d7f2361221)
#06 pc 0000000000090f8e /system/lib/ld-musl-x86_64.so.1(74178aa6301b8bad2ac9b6d7f2361221)
Tid:32499, Name:ace.bg.2
state=S, utime=0, stime=0, priority=0, nice=-20, clk=100
#00 pc 0000000000125ee9 /system/lib/ld-musl-x86_64.so.1(74178aa6301b8bad2ac9b6d7f2361221)
#01 pc 0000000000127883 /system/lib/ld-musl-x86_64.so.1(pthread_cond_timedwait+195)(74178aa6301b8bad2ac9b6d7f2361221)
#02 pc 00000000000c7451 /system/lib64/chipset-sdk-sp/libc++.so(std::__h::condition_variable::wait(std::__h::unique_lock<std::__h::mutex>&)+17)(ca45f3285cb13d8a615c2dcf32305914fbc391ad)
#03 pc 000000000148ac32 /system/lib64/platformsdk/libace_compatible.z.so(cb476043f6fb29150d891bc788a45885)
#04 pc 000000000148afa2 /system/lib64/platformsdk/libace_compatible.z.so(cb476043f6fb29150d891bc788a45885)
#05 pc 00000000001299e7 /system/lib/ld-musl-x86_64.so.1(74178aa6301b8bad2ac9b6d7f2361221)
#06 pc 0000000000090f8e /system/lib/ld-musl-x86_64.so.1(74178aa6301b8bad2ac9b6d7f2361221)
Tid:32500, Name:ace.bg.3
state=S, utime=0, stime=0, priority=0, nice=-20, clk=100
#00 pc 0000000000125ee9 /system/lib/ld-musl-x86_64.so.1(74178aa6301b8bad2ac9b6d7f2361221)
#01 pc 0000000000127883 /system/lib/ld-musl-x86_64.so.1(pthread_cond_timedwait+195)(74178aa6301b8bad2ac9b6d7f2361221)
#02 pc 00000000000c7451 /system/lib64/chipset-sdk-sp/libc++.so(std::__h::condition_variable::wait(std::__h::unique_lock<std::__h::mutex>&)+17)(ca45f3285cb13d8a615c2dcf32305914fbc391ad)
#03 pc 000000000148ac32 /system/lib64/platformsdk/libace_compatible.z.so(cb476043f6fb29150d891bc788a45885)
#04 pc 000000000148afa2 /system/lib64/platformsdk/libace_compatible.z.so(cb476043f6fb29150d891bc788a45885)
#05 pc 00000000001299e7 /system/lib/ld-musl-x86_64.so.1(74178aa6301b8bad2ac9b6d7f2361221)
#06 pc 0000000000090f8e /system/lib/ld-musl-x86_64.so.1(74178aa6301b8bad2ac9b6d7f2361221)
Tid:32501, Name:ace.bg.4
state=S, utime=0, stime=0, priority=0, nice=-20, clk=100
#00 pc 0000000000125ee9 /system/lib/ld-musl-x86_64.so.1(74178aa6301b8bad2ac9b6d7f2361221)
#01 pc 0000000000127883 /system/lib/ld-musl-x86_64.so.1(pthread_cond_timedwait+195)(74178aa6301b8bad2ac9b6d7f2361221)
#02 pc 00000000000c7451 /system/lib64/chipset-sdk-sp/libc++.so(std::__h::condition_variable::wait(std::__h::unique_lock<std::__h::mutex>&)+17)(ca45f3285cb13d8a615c2dcf32305914fbc391ad)
#03 pc 000000000148ac32 /system/lib64/platformsdk/libace_compatible.z.so(cb476043f6fb29150d891bc788a45885)
#04 pc 000000000148afa2 /system/lib64/platformsdk/libace_compatible.z.so(cb476043f6fb29150d891bc788a45885)
#05 pc 00000000001299e7 /system/lib/ld-musl-x86_64.so.1(74178aa6301b8bad2ac9b6d7f2361221)
#06 pc 0000000000090f8e /system/lib/ld-musl-x86_64.so.1(74178aa6301b8bad2ac9b6d7f2361221)
Tid:32502, Name:ace.bg.5
state=S, utime=0, stime=0, priority=0, nice=-20, clk=100
#00 pc 0000000000125ee9 /system/lib/ld-musl-x86_64.so.1(74178aa6301b8bad2ac9b6d7f2361221)
#01 pc 0000000000127883 /system/lib/ld-musl-x86_64.so.1(pthread_cond_timedwait+195)(74178aa6301b8bad2ac9b6d7f2361221)
#02 pc 00000000000c7451 /system/lib64/chipset-sdk-sp/libc++.so(std::__h::condition_variable::wait(std::__h::unique_lock<std::__h::mutex>&)+17)(ca45f3285cb13d8a615c2dcf32305914fbc391ad)
#03 pc 000000000148ac32 /system/lib64/platformsdk/libace_compatible.z.so(cb476043f6fb29150d891bc788a45885)
#04 pc 000000000148afa2 /system/lib64/platformsdk/libace_compatible.z.so(cb476043f6fb29150d891bc788a45885)
#05 pc 00000000001299e7 /system/lib/ld-musl-x86_64.so.1(74178aa6301b8bad2ac9b6d7f2361221)
#06 pc 0000000000090f8e /system/lib/ld-musl-x86_64.so.1(74178aa6301b8bad2ac9b6d7f2361221)
Tid:32503, Name:ace.bg.6
state=S, utime=0, stime=0, priority=0, nice=-20, clk=100
#00 pc 0000000000125ee9 /system/lib/ld-musl-x86_64.so.1(74178aa6301b8bad2ac9b6d7f2361221)
#01 pc 0000000000127883 /system/lib/ld-musl-x86_64.so.1(pthread_cond_timedwait+195)(74178aa6301b8bad2ac9b6d7f2361221)
#02 pc 00000000000c7451 /system/lib64/chipset-sdk-sp/libc++.so(std::__h::condition_variable::wait(std::__h::unique_lock<std::__h::mutex>&)+17)(ca45f3285cb13d8a615c2dcf32305914fbc391ad)
#03 pc 000000000148ac32 /system/lib64/platformsdk/libace_compatible.z.so(cb476043f6fb29150d891bc788a45885)
#04 pc 000000000148afa2 /system/lib64/platformsdk/libace_compatible.z.so(cb476043f6fb29150d891bc788a45885)
#05 pc 00000000001299e7 /system/lib/ld-musl-x86_64.so.1(74178aa6301b8bad2ac9b6d7f2361221)
#06 pc 0000000000090f8e /system/lib/ld-musl-x86_64.so.1(74178aa6301b8bad2ac9b6d7f2361221)
Tid:32504, Name:ace.bg.7
state=S, utime=0, stime=0, priority=0, nice=-20, clk=100
#00 pc 0000000000125ee9 /system/lib/ld-musl-x86_64.so.1(74178aa6301b8bad2ac9b6d7f2361221)
#01 pc 0000000000127883 /system/lib/ld-musl-x86_64.so.1(pthread_cond_timedwait+195)(74178aa6301b8bad2ac9b6d7f2361221)
#02 pc 00000000000c7451 /system/lib64/chipset-sdk-sp/libc++.so(std::__h::condition_variable::wait(std::__h::unique_lock<std::__h::mutex>&)+17)(ca45f3285cb13d8a615c2dcf32305914fbc391ad)
#03 pc 000000000148ac32 /system/lib64/platformsdk/libace_compatible.z.so(cb476043f6fb29150d891bc788a45885)
#04 pc 000000000148afa2 /system/lib64/platformsdk/libace_compatible.z.so(cb476043f6fb29150d891bc788a45885)
#05 pc 00000000001299e7 /system/lib/ld-musl-x86_64.so.1(74178aa6301b8bad2ac9b6d7f2361221)
#06 pc 0000000000090f8e /system/lib/ld-musl-x86_64.so.1(74178aa6301b8bad2ac9b6d7f2361221)
Tid:32505, Name:ace.bg.8
state=S, utime=0, stime=0, priority=0, nice=-20, clk=100
#00 pc 0000000000125ee9 /system/lib/ld-musl-x86_64.so.1(74178aa6301b8bad2ac9b6d7f2361221)
#01 pc 0000000000127883 /system/lib/ld-musl-x86_64.so.1(pthread_cond_timedwait+195)(74178aa6301b8bad2ac9b6d7f2361221)
#02 pc 00000000000c7451 /system/lib64/chipset-sdk-sp/libc++.so(std::__h::condition_variable::wait(std::__h::unique_lock<std::__h::mutex>&)+17)(ca45f3285cb13d8a615c2dcf32305914fbc391ad)
#03 pc 000000000148ac32 /system/lib64/platformsdk/libace_compatible.z.so(cb476043f6fb29150d891bc788a45885)
#04 pc 000000000148afa2 /system/lib64/platformsdk/libace_compatible.z.so(cb476043f6fb29150d891bc788a45885)
#05 pc 00000000001299e7 /system/lib/ld-musl-x86_64.so.1(74178aa6301b8bad2ac9b6d7f2361221)
#06 pc 0000000000090f8e /system/lib/ld-musl-x86_64.so.1(74178aa6301b8bad2ac9b6d7f2361221)
Tid:32506, Name:OS_FFRT_5_1
state=S, utime=0, stime=0, priority=0, nice=-20, clk=100
#00 pc 0000000000125ee9 /system/lib/ld-musl-x86_64.so.1(74178aa6301b8bad2ac9b6d7f2361221)
#01 pc 0000000000127883 /system/lib/ld-musl-x86_64.so.1(pthread_cond_timedwait+195)(74178aa6301b8bad2ac9b6d7f2361221)
#02 pc 00000000000c74e7 /system/lib64/chipset-sdk-sp/libc++.so(std::__h::condition_variable::__do_timed_wait(std::__h::unique_lock<std::__h::mutex>&, std::__h::chrono::time_point<std::__h::chrono::system_clock, std::__h::chrono::duration<long long, std::__h::ratio<1l, 1000000000l>>>)+103)(ca45f3285cb13d8a615c2dcf32305914fbc391ad)
#03 pc 000000000008bcb0 /system/lib64/ndk/libffrt.so(6014d53b82cd59820b512f223d249356)
#04 pc 00000000000760ef /system/lib64/ndk/libffrt.so(6014d53b82cd59820b512f223d249356)
#05 pc 0000000000075eaf /system/lib64/ndk/libffrt.so(6014d53b82cd59820b512f223d249356)
#06 pc 0000000000075d79 /system/lib64/ndk/libffrt.so(6014d53b82cd59820b512f223d249356)
#07 pc 00000000001299e7 /system/lib/ld-musl-x86_64.so.1(74178aa6301b8bad2ac9b6d7f2361221)
#08 pc 0000000000090f8e /system/lib/ld-musl-x86_64.so.1(74178aa6301b8bad2ac9b6d7f2361221)
Tid:32588, Name:OS_IPC_4_32588
state=S, utime=0, stime=0, priority=0, nice=-20, clk=100
#00 pc 00000000000dc46b /system/lib/ld-musl-x86_64.so.1(ioctl+187)(74178aa6301b8bad2ac9b6d7f2361221)
#01 pc 0000000000010ca7 /system/lib64/platformsdk/libipc_common.z.so(OHOS::BinderConnector::WriteBinder(unsigned long, void*)+55)(ae9fe169bf1f8b0397c31ba1b67e0e94)
#02 pc 000000000007e34d /system/lib64/platformsdk/libipc_single.z.so(OHOS::BinderInvoker::TransactWithDriver(bool)+269)(216555c1ccaa2644568394a99c5a7547)
#03 pc 000000000007e71a /system/lib64/platformsdk/libipc_single.z.so(OHOS::BinderInvoker::StartWorkLoop()+106)(216555c1ccaa2644568394a99c5a7547)
#04 pc 0000000000080c28 /system/lib64/platformsdk/libipc_single.z.so(OHOS::BinderInvoker::JoinThread(bool)+40)(216555c1ccaa2644568394a99c5a7547)
#05 pc 00000000000769f5 /system/lib64/platformsdk/libipc_single.z.so(OHOS::IPCWorkThread::ThreadHandler(void*)+901)(216555c1ccaa2644568394a99c5a7547)
#06 pc 00000000001299e7 /system/lib/ld-musl-x86_64.so.1(74178aa6301b8bad2ac9b6d7f2361221)
#07 pc 0000000000090f8e /system/lib/ld-musl-x86_64.so.1(74178aa6301b8bad2ac9b6d7f2361221)
Tid:32592, Name:OS_IPC_5_32592
state=S, utime=0, stime=0, priority=0, nice=-20, clk=100
#00 pc 00000000000dc46b /system/lib/ld-musl-x86_64.so.1(ioctl+187)(74178aa6301b8bad2ac9b6d7f2361221)
#01 pc 0000000000010ca7 /system/lib64/platformsdk/libipc_common.z.so(OHOS::BinderConnector::WriteBinder(unsigned long, void*)+55)(ae9fe169bf1f8b0397c31ba1b67e0e94)
#02 pc 000000000007e34d /system/lib64/platformsdk/libipc_single.z.so(OHOS::BinderInvoker::TransactWithDriver(bool)+269)(216555c1ccaa2644568394a99c5a7547)
#03 pc 000000000007e71a /system/lib64/platformsdk/libipc_single.z.so(OHOS::BinderInvoker::StartWorkLoop()+106)(216555c1ccaa2644568394a99c5a7547)
#04 pc 0000000000080c28 /system/lib64/platformsdk/libipc_single.z.so(OHOS::BinderInvoker::JoinThread(bool)+40)(216555c1ccaa2644568394a99c5a7547)
#05 pc 00000000000769f5 /system/lib64/platformsdk/libipc_single.z.so(OHOS::IPCWorkThread::ThreadHandler(void*)+901)(216555c1ccaa2644568394a99c5a7547)
#06 pc 00000000001299e7 /system/lib/ld-musl-x86_64.so.1(74178aa6301b8bad2ac9b6d7f2361221)
#07 pc 0000000000090f8e /system/lib/ld-musl-x86_64.so.1(74178aa6301b8bad2ac9b6d7f2361221)

Catche stack trace end time: 2026-09-19 15:00:14.783

Dump main thread stack start time: 2026-09-19 15:00:11.686
Tid:31328, Name:xample.callaite
state=R, utime=1221, stime=56, priority=10, nice=-10, clk=100
#00 pc 0000000001251152 /system/lib64/module/arkcompiler/stub.an(RTStub_PushCallThisArgs2AndDispatch+130)
#01 pc 0000000000000002 Not mapped

Dump main thread stack end time: 2026-09-19 15:00:11.704


SysrqCatcher -- fullPath:/data/log/eventlog/sysrq-20260919150014.log

---------------------------------------------------
catcher cmd: hilog -z 1000 -P start time: 2026/09/19-15:00:14:791

catcher cmd: hilog -z 1000 -P 
09-19 14:59:58.663 31328 31328 I C02c11/APPSPAWN: AppSpawnChild id 58 flags:0xc
09-19 14:59:58.664 31328 31328 I C02d33/HitraceOption: FilterAppTrace com.example.callaite 31328
09-19 14:59:58.664 31328 31328 W C02c11/APPSPAWN: errno:2 bind mount /system/app/ArkWebCoreLegacy to /mnt/sandbox/100/com.example.callaite/system/app/ArkWebCoreLegacy
09-19 14:59:58.664 31328 31328 W C02c11/APPSPAWN: errno:2 bind mount /vendor/etc/hiai to /mnt/sandbox/100/com.example.callaite/vendor/etc/hiai
09-19 14:59:58.664 31328 31328 W C02c11/APPSPAWN: errno:2 bind mount /data/data/hiai to /mnt/sandbox/100/com.example.callaite/data/data/hiai
09-19 14:59:58.665 31328 31328 W C02c11/APPSPAWN: errno:2 bind mount /data/service/el1/public/themes/100/a/app to /mnt/sandbox/100/com.example.callaite/data/themes/a/app
09-19 14:59:58.665 31328 31328 W C02c11/APPSPAWN: errno:2 bind mount /data/service/el1/public/themes/100/b/app to /mnt/sandbox/100/com.example.callaite/data/themes/b/app
09-19 14:59:58.665 31328 31328 W C02c11/APPSPAWN: errno:2 bind mount /chip_prod/lib64/passthrough to /mnt/sandbox/100/com.example.callaite/chip_prod/lib64/passthrough
09-19 14:59:58.665 31328 31328 W C02c11/APPSPAWN: errno:2 bind mount /data/app/el1/bundle/public/com.huawei.hmos.arkwebcorelegacy to /mnt/sandbox/100/com.example.callaite/data/storage/el1/bundle/arkwebcorelegacy
09-19 14:59:58.665 31328 31328 W C02c11/APPSPAWN: check dir /data/app/el1/bundle/public/com.huawei.hmos.arkwebcorelegacy failed,strerror:No such file or directory
09-19 14:59:58.665 31328 31328 W C02c11/APPSPAWN: check dir /data/app/el1/public/aot_compiler/ark_cache/com.example.callaite failed,strerror:No such file or directory
09-19 14:59:58.676 31328 31328 W C02c11/APPSPAWN: errno:2 bind mount /data/preload/app to /mnt/sandbox/100/com.example.callaite/data/preload/app
09-19 14:59:58.680 31328 31328 W C02c11/APPSPAWN: mount /mnt/sandbox/100/com.example.callaite/mnt/storage/ANCO_APP_DATA time 5000 us
09-19 14:59:58.681 31328 31328 E C02c11/APPSPAWN: [sandbox_dec.c:247]Open dec file failed errno 2
09-19 14:59:58.681 31328 31328 I C05a03/Selinux: Hap setcon finish, context for com.example.callaite is relabeled to o:r:debug_hap:s0:x95,x334,x512,x868,x1024
09-19 14:59:58.683 31328 31328 I C05a05/SecCompEnhanceClient: [RegisterCheckCallback]Register secComp: sessionId=244478043, seqNum=******107.
09-19 14:59:58.683 31328 32446 W C057c1/IPCWorkThread: ThreadHandler: proto:0 policy:1 name:OS_IPC_0_32446 invoker:3886496
09-19 14:59:58.684 31328 32447 W C057c1/IPCWorkThread: ThreadHandler: proto:0 policy:0 name:OS_IPC_1_32447 invoker:3885344
09-19 14:59:58.684 31328 31328 I C02d0b/HICHECKER: hichecker param is empty.
09-19 14:59:58.684 31328 31328 I C04500/webview: CalculateActiveWebEngineVersion: CalculateActiveWebEngineVersion, enforce 3
09-19 14:59:58.685 31328 31328 I C01317/AppKit: [MTHRD3495]mainthread start, pid:31328
09-19 14:59:58.685 31328 31328 I C01317/AppKit: [MTHRD3294]is not in rescue mode
09-19 14:59:58.685 31328 31328 I C01317/AppKit: [MTHRD3321]is not in rescue mode
09-19 14:59:58.692 31328 31328 I C01317/AppKit: [MTHRD442]attach
09-19 14:59:58.711 31328 32461 W C057c1/IPCWorkThread: ThreadHandler: proto:0 policy:0 name:OS_IPC_2_32461 invoker:3887056
09-19 14:59:58.711 31328 32447 I C01317/AppKit: [MTHRD922]ScheduleLaunchAbility called,ability EntryAbility,1
09-19 14:59:58.719 31328 31328 I C01317/AppKit: [MTHRD267]NativeLibPath empty
09-19 14:59:58.721 31328 31328 I C01317/AppKit: [MTHRD1990]SmartGC:0 version:1000000
09-19 14:59:58.721 31328 31328 I C03f00/ArkCompiler: [ecmascript] asmint: 1, aot: 0, jit: 1, baseline jit: 0, bundle name: com.example.callaite, arkTSMode: dynamic
09-19 14:59:58.728 31328 31328 I C03f00/ArkCompiler: [ecmascript] multi-thread check enabled: 0
09-19 14:59:58.728 31328 32470 E C01707/CONCUR: [Interface] task 32470 apply qos failed, errno = 4
09-19 14:59:58.728 31328 31328 I C03f00/ArkCompiler: [pgo] reset pgo profiler, pgo profiler is disabled
09-19 14:59:58.728 31328 31328 I C03301/LIBUV: clean up handles in loop(6176)
09-19 14:59:58.729 31328 31328 I C03301/LIBUV: loop:(6176) closed in 0s
09-19 14:59:58.729 31328 31328 I C03301/LIBUV: close:6176, async_io_wfd:14
09-19 14:59:58.729 31328 31328 I C03301/LIBUV: close:6176, backend_fd:8
09-19 14:59:58.729 31328 31328 I C03301/LIBUV: init:4384
09-19 14:59:58.729 31328 31328 I C03301/LIBUV: init:4384, backend_fd:8
09-19 14:59:58.729 31328 31328 I C03301/LIBUV: open:4384, pipefd[0]:14
09-19 14:59:58.729 31328 31328 I C03f00/ArkCompiler: [ecmascript] can not find aot file
09-19 14:59:58.755 31328 31328 I C03f00/ArkCompiler: StartServer, componentName = <private>
09-19 14:59:58.755 31328 31328 W C01321/JsRuntime: [CSM161]disCon
09-19 14:59:58.755 31328 31328 I C03f00/ArkCompiler: [ecmascript] JSNApi::NotifyDebugMode, tid = 31328, debugApp = 1, isDebugMode = 0, instanceId = 0
09-19 14:59:58.756 31328 32476 I C02c03/PARAM_WATCHER: Add watcher keyPrefix persist.hdc.jdwp remoteWatcherId 107 success
09-19 14:59:58.759 31328 31328 I C03f00/ArkCompiler: [compiler] __jit_debug_register_code() is called.
09-19 14:59:58.759 31328 31328 I C03f00/ArkCompiler: [compiler] success to register stub.an to debugger.
09-19 14:59:58.759 31328 32469 I C01317/AppKit: [DRH689]File existed. dir: /data/storage/el2/base/cache/rawheap
09-19 14:59:58.759 31328 32469 I C01317/AppKit: [DRH667]success to create /data/storage/el2/base/cache/rawheap
09-19 14:59:58.763 31328 31328 W C01e00/ResourceManager: update userId, currentUserId_= 0, userId= 100
09-19 14:59:58.763 31328 31328 E C01e00/ResourceManager: LoadThemesRes failed, userId = 100, bundleName = com.example.callaite
09-19 14:59:58.763 31328 31328 W C01e00/ResourceManager: theme resources will clean, id 100
09-19 14:59:58.764 31328 32462 W C01653/NativePreferences: LoadFromDisk: The settingXml /***/el1/***/i18*** load failed.
09-19 14:59:58.771 31328 31328 E C01301/CompatiblePolicyDeviceType: [calculateResourceType:81]deviceType is empty.
09-19 14:59:58.772 31328 31328 W C01301/Ability: [resource_config_helper.cpp193]invalid source:
09-19 14:59:58.773 31328 31328 W C01301/Ability: [resource_config_helper.cpp193]invalid source:
09-19 14:59:58.773 31328 31328 I C01317/AppKit: [application_cleaner.cpp94]ClearTempData
09-19 14:59:58.777 31328 31328 I C01317/AppKit: [MTHRD2947]NtfyAppPreAbiCreate
09-19 14:59:58.792 31328 31328 I C01317/AppKit: [JAS211]LoadModule
09-19 14:59:58.792 31328 31328 W C01317/AppKit: [JAS1032]null stage
09-19 14:59:58.792 31328 31328 W C01317/AppKit: [JAS254]Not found AbilityStage.js
09-19 14:59:58.792 31328 31328 I C01317/AppKit: [OH_APP432]OnAboutToCreateAbility
09-19 14:59:58.792 31328 31328 W C01317/AppKit: [JAS349]Not found AbilityStage.js
09-19 14:59:58.794 31328 31328 I C01332/UIAbility: [ui_ability.cpp131]instanceId: a940-644c-5832-4442-a531db481a1538df
09-19 14:59:58.795 31328 31328 I C03f00/ArkCompiler: [ecmascript] start to execute module buffer with secure memory: /data/storage/el1/bundle/entry/ets/entryability/EntryAbility.abc
09-19 14:59:58.796 31328 31328 E C03f00/ArkCompiler: [common] Can not open xpm proc file, do not check secure memory anymore.
09-19 14:59:58.796 31328 32471 I C03f00/ArkCompiler: [pgo] will save profiler to file /data/storage/ark-profile/rt_entry.ap
09-19 14:59:58.801 31328 31328 E C01707/CONCUR: [Interface] task 32471 apply qos failed, errno = 4
09-19 14:59:58.804 31328 31328 E C01707/CONCUR: [Interface] task 32472 apply qos failed, errno = 4
09-19 14:59:58.806 31328 31328 E C01707/CONCUR: [Interface] task 32473 apply qos failed, errno = 4
09-19 14:59:58.817 31328 31328 E C01707/CONCUR: [Interface] task 32471 apply qos failed, errno = 4
09-19 14:59:58.821 31328 31328 E C01707/CONCUR: [Interface] task 32472 apply qos failed, errno = 4
09-19 14:59:58.824 31328 31328 E C01707/CONCUR: [Interface] task 32473 apply qos failed, errno = 4
09-19 14:59:58.865 31328 31328 W C03f04/MMG: [NMM:1439] First: failed do_dlsym failed: Symbol not found: NAPI_file_fs_GetABCCode, version: null so=/system/lib64/module/file/libfs.z.so.Second: failed /system/lib64/module/hms/core/libiap_napi.z.so not exist.load /system/etc/abc/core/iap.abc failed
09-19 14:59:58.865 31328 31328 E C03f00/ArkCompiler: [ecmascript] export objects of native so is undefined, so name is @hms:core.iap
09-19 14:59:58.878 31328 31328 I C04309/CLOUD_FILE_SYNC: CloudSyncExport:Class MultiDownloadProgress for module cloudSyncDownload has been exported
09-19 14:59:58.878 31328 31328 I C04309/CLOUD_FILE_SYNC: CloudSyncExport:Class CloudFileCache for module cloudSyncDownload has been exported
09-19 14:59:58.878 31328 31328 I C04309/CLOUD_FILE_SYNC: CloudSyncExport:Class Download for module cloudSyncDownload has been exported
09-19 14:59:58.878 31328 31328 I C04309/CLOUD_FILE_SYNC: CloudSyncExport:Class GallerySync for module cloudSyncDownload has been exported
09-19 14:59:58.878 31328 31328 I C04309/CLOUD_FILE_SYNC: CloudSyncExport:Class FileSync for module cloudSyncDownload has been exported
09-19 14:59:58.878 31328 31328 I C04309/CLOUD_FILE_SYNC: CloudSyncExport:Class FileVersion for module cloudSyncDownload has been exported
09-19 14:59:58.881 31328 31328 I C01324/JsNapi: [js_error_manager.cpp1837]called
09-19 14:59:58.881 31328 31328 I C01320/JsEnv: [JSENV300]timing: 85
09-19 14:59:58.881 31328 31328 I C01320/JSENV: Callee constructor is OK string
09-19 14:59:58.881 31328 31328 I C01320/JSENV: Ability::constructor callee is object [object Object]
09-19 14:59:58.881 31328 31328 I C03f00/ArkCompiler: [ecmascript] start to execute ark buffer with secure memory use file: /data/storage/el1/bundle/entry/ets/modules.abc, entrypoint: @normalized:N&&&entry/build/generated/r/ResourceTable&
09-19 14:59:58.884 31328 31328 I C01332/UIAbility: [ui_ability_thread.cpp204]Lifecycle:Attach
09-19 14:59:58.888 31328 31328 I C01317/AppKit: [MTHRD3123]called
09-19 14:59:58.889 31328 31328 I C03f00/ArkCompiler: [gc] app is not inBackground
09-19 14:59:58.892 31328 31328 E C01707/CONCUR: [Interface] task 32471 apply qos failed, errno = 4
09-19 14:59:58.895 31328 31328 E C01707/CONCUR: [Interface] task 32472 apply qos failed, errno = 4
09-19 14:59:58.896 31328 31328 E C01707/CONCUR: [Interface] task 32473 apply qos failed, errno = 4
09-19 14:59:58.904 31328 32447 I C01332/UIAbility: [ui_ability_thread.cpp352]name:EntryAbility,targeState:5,isNewWant:0
09-19 14:59:58.904 31328 31328 I C01332/UIAbility: [ui_ability_thread.cpp271]Lifecycle:name EntryAbility
09-19 14:59:58.905 31328 31328 I C04201/DMS: AddDisplayIdFromAms: abilityToken and display[0] has been added.
09-19 14:59:58.912 31328 31328 I C01332/UIAbility: [JUA2177]JsUIAbility call js, name: onCreate
09-19 14:59:58.912 31328 31328 I A00001/EntryAbility: Ability onCreate
09-19 14:59:58.918 31328 31328 E C01356/Recovery: [app_recovery_api.cpp124]invalid restartFlag: 7
09-19 14:59:58.918 31328 31328 I A00001/ErrorRecovery: App recovery enabled
09-19 14:59:58.921 31328 31328 I C01317/AppKit: [OH_APP1240]current 2, pre 0
09-19 14:59:58.921 31328 31328 W C01317/AppKit: [OH_APP1269]fontSize empty
09-19 14:59:58.921 31328 31328 I C01317/AppKit: [OH_APP1300]current 2, pre 0
09-19 14:59:58.922 31328 31328 W C01317/AppKit: [OH_APP1304]language empty
09-19 14:59:58.922 31328 31328 W C01317/AppKit: [OH_APP1323]language and locale empty
09-19 14:59:58.922 31328 31328 I C01317/AppKit: [OH_APP298]configuration_: {"0#const.build.characteristics":"phone","0#input.pointer.device":"true","0#ohos.app.fontSizeScale":"nonFollowSystem","0#ohos.application.densitydpi":"xxxldpi","0#ohos.application.direction":"vertical","0#ohos.application.displayid":"0","0#ohos.system.colorMode":"light","0#ohos.system.colorMode.isSetByApp":"isSetByApp","0#ohos.system.fontSizeScale":"1.0","0#ohos.system.fontWeightScale":"1.0","0#ohos.system.hour":"false","0#ohos.system.language":"zh-Hans","0#ohos.system.locale":"zh-Hans"}, config: {"0#ohos.system.colorMode":"light","0#ohos.system.colorMode.isSetByApp":"isSetByApp"}
09-19 14:59:58.922 31328 31328 E C04217/WMSAttribute: UpdateConfigurationSyncForAll: root is null
09-19 14:59:58.922 31328 31328 I C01332/UIAbility: [JUA2177]JsUIAbility call js, name: onConfigurationUpdated
09-19 14:59:58.922 31328 31328 I C01332/UIAbility: [JUA2222]end, name: onConfigurationUpdated, time: 0
09-19 14:59:58.922 31328 31328 I C01332/UIAbility: [JUA2177]JsUIAbility call js, name: onConfigurationUpdate
09-19 14:59:58.922 31328 31328 I C01332/UIAbility: [JUA2222]end, name: onConfigurationUpdate, time: 0
09-19 14:59:58.923 31328 31328 W C01317/AppKit: [JAS919]Not found AbilityStage.js
09-19 14:59:58.923 31328 31328 W C01317/AppKit: [JAS919]Not found AbilityStage.js
09-19 14:59:58.923 31328 31328 I C01317/AppKit: [OH_APP322]ignoreWindowContext size 0
09-19 14:59:58.923 31328 31328 E C04217/WMSAttribute: UpdateConfigurationForAll: root is null
09-19 14:59:58.923 31328 31328 I C01332/UIAbility: [JUA2222]end, name: onCreate, time: 11
09-19 14:59:58.923 31328 31328 E C01332/UIAbility: [ui_ability_impl.cpp364]hasSaveData_: false
09-19 14:59:58.923 31328 31328 W C01332/UIAbility: [JUA1352]formatRegex: []
09-19 14:59:58.923 31328 31328 I C04202/WMSMain: Init: [requestId: 9][scbRequestId: 27]WindowScene with window session!
09-19 14:59:58.923 31328 31328 I C04202/WMSMain: Init: set isModuleAbilityHookEnd
09-19 14:59:58.924 31328 31328 I C0420a/WMSLife: WindowSessionImpl: nodeId: 134552735449089
09-19 14:59:58.925 31328 31328 I C01406/OHOS::RS: RSLogManager init log flag: 0x0(0)
09-19 14:59:58.926 31328 31328 I C01406/OHOS::RS: RSRenderServiceConnectHub call CreateConnection, needRefresh:[0]
09-19 14:59:58.927 31328 31328 I C01406/OHOS::RS: RSFrameRateLinker::Create id: 134552735449088
09-19 14:59:58.927 31328 31328 I C04202/WMSMain: VsyncStation: id 134552735449089 created
09-19 14:59:58.927 31328 31328 I C04200/WindowSceneSessionImpl: WindowSceneSessionImpl: [WMSCom] Constructor callaite0
09-19 14:59:58.927 31328 31328 E C04200/WMS: SetWindowType: permission denied!
09-19 14:59:58.927 31328 31328 I C0420a/WMSLife: Create: Window Create name:callaite0, state:0, mode:0
09-19 14:59:58.928 31328 31328 I C0420a/WMSLife: Create: SetIsAbilityHookOff 0
09-19 14:59:58.928 31328 31328 W C0420a/WMSLife: IsWindowSessionInvalid: id: 0 state_: 0
09-19 14:59:58.928 31328 31328 W C04200/WindowSceneSessionImpl: AdjustWindowAnimationFlag: session invalid!
09-19 14:59:58.928 31328 31328 I C04200/WindowSceneSessionImpl: Remove window flag WINDOW_FLAG_SHOW_WHEN_LOCKED
09-19 14:59:58.929 31328 31328 I C0420a/WMSLife: Connect: in
09-19 14:59:58.933 31328 32447 I C04208/WMSLayout: UpdateRect: [WindowRectUpdate:ClientRecv] UpdateRect id:0 name:callaite0, preRect=[0 0 0 0], newRect=[0 0 1308 2880], reason:23 displayId:0
09-19 14:59:58.933 31328 32447 I C04208/WMSLayout: NotifyFirstValidLayoutUpdate: Id:0, rect:[0 0 1308 2880]
09-19 14:59:58.933 31328 31328 I C01406/OHOS::RS: RSSurfaceNode::Unmarshalling, Node: 134552735449089, Name: callaite0
09-19 14:59:58.933 31328 31328 I C04208/WMSLayout: Connect: updateRect when connect.preRect:[0,0,1308,2880]rect:[0,0,1308,2880]
09-19 14:59:58.933 31328 31328 E C0421c/WMSCompat: ReadCombinedCompatibleConfig: combinedConfigSize: 0 fail to meet the conditions
09-19 14:59:58.933 31328 32447 W C04208/WMSLayout: NotifySingleHandTransformChange: id:46, uiContent is nullptr
09-19 14:59:58.935 31328 31328 I C0420a/WMSLife: Connect: Window Connect [name:callaite0, id:46, type:1], ret:0, oriDisplayId:0, curDisplayId:0
09-19 14:59:58.935 31328 31328 I C04204/WMSScb: RS multi-instance enabled: 1
09-19 14:59:58.936 31328 31328 I C01406/OHOS::RS: multi-instance, create RSUIContextManager, isMultiInstanceOpen_ 1
09-19 14:59:58.936 31328 31328 I C01406/OHOS::RS: RSRenderServiceConnectHub AddRenderProcessConnectionToken
09-19 14:59:58.936 31328 31328 I C01406/OHOS::RS: RSRenderServiceConnectHub::SetOnDiedCallback, code:0
09-19 14:59:58.936 31328 31328 I C01406/OHOS::RS: RSApplicationAgentImpl::RegisterRSApplicationAgent!
09-19 14:59:58.936 31328 31328 I C01406/OHOS::RS: RSUIDirector::GoCreate CurrentState:0, UIContext:134552735449089
09-19 14:59:58.936 31328 31328 I C01406/OHOS::RS: RSUIDirector::GoResume CurrentState:0, UIContext:134552735449089
09-19 14:59:58.936 31328 31328 I C01406/OHOS::RS: RSUIDirector::GoForeground CurrentState:1, UIContext:134552735449089
09-19 14:59:58.937 31328 31328 I C02c03/PARAM_WATCHER: Add watcher keyPrefix persist.sys.graphic.animationscale remoteWatcherId 107 success
09-19 14:59:58.937 31328 31328 I C04204/WMSScb: InitRSUIDirector: Create RSUIDirector: RSUIDirector's RSUIContext [token: 134552735449089, tid: 31328], rsUIContext: RSUIContext is null
09-19 14:59:58.937 31328 31328 I C0420a/WMSLife: PostInitSurfaceNode: post init surfaceNode success, name: callaite0
09-19 14:59:58.937 31328 31328 I C0421c/WMSCompat: SetAppHookWindowInfo: Id:46, preHookWindowInfo:[enableHookWindow: false, widthHookRatio: 1.000000, notifyWindowChange: false, drawableRectHook: false], newHookWindowInfo:[enableHookWindow: false, widthHookRatio: 1.000000, notifyWindowChange: false, drawableRectHook: false]
09-19 14:59:58.937 31328 31328 I C0421c/WMSCompat: SendCombinedCompatibleConfigToArkUI: bundleName: com.example.callaite, combinedCompatibleConfig size: 0
09-19 14:59:58.937 31328 31328 E C0421c/WMSCompat: SendCombinedCompatibleConfigToArkUI: Combined compatible config size is less than 2!
09-19 14:59:58.937 31328 31328 I C01406/OHOS::RS: RSSurfaceNode::SetAlphaChangedCallback, node=[134552735449089, callaite0]
09-19 14:59:58.937 31328 31328 I C04208/WMSLayout: SetWindowMode: windowId: 46, windowModeSupportType: 127, mode: 1
09-19 14:59:58.937 31328 31328 I C04208/WMSLayout: UpdateWindowModeImmediately: [WindowModeUpdate:Inner] UpdateWindowModeImmediately id:46, mode:1, splitStyle:0, splitIndex:0, state:1
09-19 14:59:58.938 31328 31328 I C04208/WMSLayout: NotifyWindowStatusChange: [WindowModeUpdate:Inner] NotifyWindowStatusChange id:46, mode:1, status:1, lastStatus:0, skipRedundant:0
09-19 14:59:58.939 31328 31328 I C04208/WMSLayout: SetConfigWindowLimitsVP: id:46, windowLimits:[0 0 0 0 0.000000 0.000000 1.000000 1]
09-19 14:59:58.939 31328 31328 I C04208/WMSLayout: GetSystemSizeLimits: systemLimitsPX: [6720 6720 1120 840 340282346638528859811704183484516925440.000000 0.000000 1.000000 0], systemLimitsVP: [1920 1920 320 240 340282346638528859811704183484516925440.000000 0.000000 1.000000 1], configMaxSize: 1920, vpr: 3.500000, winType: 1
09-19 14:59:58.939 31328 31328 I C04208/WMSLayout: UpdateWindowSizeLimits: [WindowLimitsUpdate:CalcLimits] SaveLimits id:46, px[minW:1120,minH:840,maxW:6720,maxH:6720] vp[minW:320,minH:240,maxW:1920,maxH:1920] vpr=3.500000
09-19 14:59:58.940 31328 31328 I C0421a/WMSLayoutPc: GetSupportedWindowModesConfiguration: winId: 46, windowModeSupportType: 15
09-19 14:59:58.940 31328 31328 I C04202/WMSMain: SetSupportedWindowModesForAncoInFreeWindow: is not anco app, need not update support window mode.
09-19 14:59:58.940 31328 31328 I C04208/WMSLayout: SetWindowModeSupportType: id:46, old:127, new:15
09-19 14:59:58.940 31328 31328 I C04208/WMSLayout: GetConfigurationFromAbilityInfo: windowId: 46, windowModeSupportType: 15, isAncoSupportFreeWindow: 0
09-19 14:59:58.940 31328 31328 I C0420f/WMSRecover: RegisterSessionRecoverCallbackFunc: persistentId=46
09-19 14:59:58.940 31328 31328 I C04217/WMSAttribute: UpdateStatusBarColorByColorMode: win=46, appColor=light
09-19 14:59:58.941 31328 31328 I C04200/WMS: IsMainHandlerAvailable: id:46, isAvailable:1
09-19 14:59:58.941 31328 31328 I C04200/WMS: IsMainHandlerAvailable: id:46, isAvailable:1
09-19 14:59:58.943 31328 31328 I C02800/MMIClient: [|267]Connection to server succeeded, fd:32
09-19 14:59:58.943 31328 31328 I C02800/MMIClient: [|166]Server was listening
09-19 14:59:58.943 31328 31328 I C02800/MMIClient: [|127]reuse current event handler, thread name:
09-19 14:59:58.943 31328 31328 I C02800/MMIClient: [|130]File fd is in listening
09-19 14:59:58.943 31328 31328 I C0420c/WMSEvent: AddInputWindow: SetWindowInputEventConsumer success, wid:46
09-19 14:59:58.945 31328 31328 I C04732/GameController: [(RegisterEntryModule:24)]begin load gamecontroller_event
09-19 14:59:58.945 31328 31328 I C04732/GameController: [(StartInputToTouch:61)]Begin StartInputToTouch
09-19 14:59:58.946 31328 32489 I C04732/GameController: [(GetSelfBundleName:49)]The current bundleName [com.example.callaite]. version [1.0.0]
09-19 14:59:58.946 31328 32489 I C04732/GameController: [(IsCommonApp:94)]The [com.example.callaite] is a common app.
09-19 14:59:58.946 31328 32489 W C04732/GameController: [(ReadJsonFromFile:224)]realpath failed for [/data/service/el1/public/for-all-app/gamecontroller_server/game_support_key_mapping.json]
09-19 14:59:58.946 31328 32489 I C04732/GameController: [(SetSupportKeyMapping:73)]SetSupportKeyMapping. isSupportKeyMapping_ is [0]
09-19 14:59:58.946 31328 32489 I C04732/GameController: [(DoAsyncTask:76)]The app does not support input-to-touch feature.
09-19 14:59:58.952 31328 31328 I C04217/WMSAttribute: ConnectServer: start connect
09-19 14:59:58.952 31328 31328 I C04217/WMSAttribute: ConnectServer: end connect
09-19 14:59:58.952 31328 31328 W C04217/WMSAttribute: RegisterGetWMSWindowListCallback: callback has registered
09-19 14:59:58.952 31328 31328 I C04217/WMSAttribute: RegisterGetWMSWindowListCallback: winId: 46
09-19 14:59:58.952 31328 31328 I C04217/WMSAttribute: UpdateColorMode: winId: 46, colorMode: light
09-19 14:59:58.952 31328 31328 I C04218/WMSPc: UpdateSidebarBlurStyleWhenColorModeChange: in, persistentId=46
09-19 14:59:58.952 31328 31328 W C04218/WMSPc: UpdateSidebarBlurStyleWhenColorModeChange: RSAnimatableProperty is null
09-19 14:59:58.952 31328 31328 I C04217/WMSAttribute: UpdateColorMode: winId: 46, colorMode: light, hasDarkRes: 1
09-19 14:59:58.952 31328 31328 I C0421c/WMSCompat: SetPcAppInpadSpecificSystemBarInvisible: isPcAppInpadSpecificSystemBarInvisible: 0
09-19 14:59:58.952 31328 31328 I C0421c/WMSCompat: SetPcAppInpadOrientationLandscape: isPcAppInpadOrientationLandscape: 0
09-19 14:59:58.952 31328 31328 I C0420a/WMSLife: Create: Window Create success [name:callaite0, id:46], state:1, mode:1, enableDefaultDensity:0, displayId:0
09-19 14:59:58.952 31328 31328 E C04200/WMS: singleton_container.cpp GetSingleton: cant get OHOS::Rosen::WindowInfoReporter
09-19 14:59:58.953 31328 31328 I C01332/UIAbility: [JUA2177]JsUIAbility call js, name: onWindowStageCreate
09-19 14:59:58.953 31328 31328 I A00001/EntryAbility: Ability onWindowStageCreate
09-19 14:59:58.954 31328 31328 I A03d00/JSAPP: [DataStore] Loading 2 .md files from /data/storage/el2/base/haps/entry/files/graph
09-19 14:59:58.954 31328 31328 W A03d00/JSAPP: [DataStore] Empty or unreadable file: 2026-09-19.md
09-19 14:59:58.955 31328 31328 I A03d00/JSAPP: [DataStore] Graph loaded. Pages: 1
09-19 14:59:58.957 31328 32474 I C01610/KvStoreServiceDeathNotifier: [a92ab132eee9977, 0, 0] AddServiceDeathWatcher: Success set size: <private>
09-19 14:59:58.957 31328 32474 I C01610/KvStoreServiceDeathNotifier: [a92ab132eee9977, 0, 0] GetDistributedKvDataService: Create remote proxy.
09-19 14:59:58.957 31328 32474 I C01610/DataMgrServiceProxy: [a92ab132eee9977, 0, 0] DataMgrServiceProxy: Init data service proxy.
09-19 14:59:58.957 31328 32474 I C01610/KvStoreServiceDeathNotifier: [a92ab132eee9977, 0, 0] ServiceDeathRecipient: Constructor.
09-19 14:59:58.959 31328 32474 I C01610/KvStoreClientDeathObserver: [a92ab132eee9977, 0, 0] KvStoreClientDeathObserver: This client death observer
09-19 14:59:58.961 31328 32474 I C01610/DataMgrServiceProxy: [a92ab132eee9977, 0, 0] GetFeatureInterface: get feature:kv_store
09-19 14:59:58.965 31328 31328 E C01317/AppKit: [context_impl.cpp1466]create dir /data/storage/el2/cloud failed, errno is 13
09-19 14:59:58.965 31328 31328 E C01317/AppKit: [context_impl.cpp1466]create dir /data/storage/el2/cloud failed, errno is 13
09-19 14:59:58.965 31328 31328 E C01317/AppKit: [context_impl.cpp1466]create dir /data/storage/el2/cloud failed, errno is 13
09-19 14:59:58.966 31328 31328 E C04388/file_api: [prop_n_exporter.cpp:456->MkdirExec] Failed to create directories, error: 13
09-19 14:59:58.967 31328 32490 E C01b00/DistributedAccountFwk: Read result failed, code is: 8.
09-19 14:59:58.967 31328 31328 I A03d00/JSAPP: [PluginManager] Initialized 4 plugins
09-19 14:59:58.972 31328 32490 E C01b00/DistributedAccountFwk: Read result failed, code is: 8.
09-19 14:59:58.981 31328 32474 I C01630/DistributedDB: [a92ab132eee9977, 0, 0] before open db,db file: [size: 65536, mtime: 1789792123, inode: 824462]; db wal file: [size: 0, mtime: 1789792123, inode: 824463]; db shm file: [size: 32768, mtime: 1789801026, inode: 824466]; db dwr file: [stat() failed, errCode: -1, errno: 2]; 
09-19 14:59:58.982 31328 31328 I C01317/AppKit: [OH_APP1240]current 2, pre 0
09-19 14:59:58.982 31328 31328 W C01317/AppKit: [OH_APP1269]fontSize empty
09-19 14:59:58.982 31328 31328 I C01317/AppKit: [OH_APP1300]current 2, pre 0
09-19 14:59:58.982 31328 31328 W C01317/AppKit: [OH_APP1304]language empty
09-19 14:59:58.982 31328 31328 W C01317/AppKit: [OH_APP1323]language and locale empty
09-19 14:59:58.982 31328 32474 I C01630/DistributedDB: [a92ab132eee9977, 0, 0] [SqlUp] meta[0] label[3] flag[0] ver[104]
09-19 14:59:58.982 31328 31328 I C01317/AppKit: [OH_APP298]configuration_: {"0#const.build.characteristics":"phone","0#input.pointer.device":"true","0#ohos.app.fontSizeScale":"nonFollowSystem","0#ohos.application.densitydpi":"xxxldpi","0#ohos.application.direction":"vertical","0#ohos.application.displayid":"0","0#ohos.system.colorMode":"light","0#ohos.system.colorMode.isSetByApp":"isSetByApp","0#ohos.system.fontSizeScale":"1.0","0#ohos.system.fontWeightScale":"1.0","0#ohos.system.hour":"false","0#ohos.system.language":"zh-Hans","0#ohos.system.locale":"zh-Hans"}, config: {"0#ohos.system.colorMode":"light","0#ohos.system.colorMode.isSetByApp":"isSetByApp"}
09-19 14:59:58.982 31328 31328 E C04217/WMSAttribute: UpdateConfigurationSync: uiContent null, scene win=46, display=0
09-19 14:59:58.982 31328 31328 E C04217/WMSAttribute: UpdateConfigurationSyncForAll: root is null
09-19 14:59:58.983 31328 31328 I C01332/UIAbility: [JUA2177]JsUIAbility call js, name: onConfigurationUpdated
09-19 14:59:58.983 31328 31328 I C01332/UIAbility: [JUA2222]end, name: onConfigurationUpdated, time: 0
09-19 14:59:58.983 31328 31328 I C01332/UIAbility: [JUA2177]JsUIAbility call js, name: onConfigurationUpdate
09-19 14:59:58.983 31328 31328 I C01332/UIAbility: [JUA2222]end, name: onConfigurationUpdate, time: 0
09-19 14:59:58.983 31328 31328 W C01317/AppKit: [JAS919]Not found AbilityStage.js
09-19 14:59:58.983 31328 31328 W C01317/AppKit: [JAS919]Not found AbilityStage.js
09-19 14:59:58.983 31328 31328 I C01317/AppKit: [OH_APP322]ignoreWindowContext size 0
09-19 14:59:58.983 31328 31328 E C04217/WMSAttribute: UpdateConfiguration: uiContent null, scene win=46, display=0
09-19 14:59:58.983 31328 31328 I C04217/WMSAttribute: UpdateStatusBarColorByColorMode: win=46, appColor=light
09-19 14:59:58.983 31328 32474 I C01630/DistributedDB: [a92ab132eee9977, 0, 0] [KVDB] [StartSyncerWithNoLock] [uüª] event=3
09-19 14:59:58.983 31328 32474 I C01630/DistributedDB: [a92ab132eee9977, 0, 0] db id:75fcaa, dir:485848
09-19 14:59:58.984 31328 32474 E C01610/StoreUtil: [a92ab132eee9977, 0, 0] SetServiceGid: file not exit, filePath:/da***.db ,code:2
09-19 14:59:58.984 31328 32474 I C01610/KvStoreServiceDeathNotifier: [a92ab132eee9977, 0, 0] AddServiceDeathWatcher: Success set size: <private>
09-19 14:59:58.984 31328 31328 E C04217/WMSAttribute: UpdateConfigurationForAll: root is null
09-19 14:59:58.984 31328 31328 I C04200/JsWindowStage: LoadContent: [NAPI]
09-19 14:59:58.985 31328 31328 I C01332/UIAbility: [JUA2222]end, name: onWindowStageCreate, time: 32
09-19 14:59:58.985 31328 31328 I C0420a/WMSLife: NotifyWindowStageCreateFinished: id: 46
09-19 14:59:58.985 31328 31328 I C01332/UIAbility: [JUA2177]JsUIAbility call js, name: onWillForeground
09-19 14:59:58.985 31328 31328 I C01332/UIAbility: [JUA2222]end, name: onWillForeground, time: 0
09-19 14:59:58.985 31328 31328 I C04202/WMSMain: GoForeground: [requestId: 9][scbRequestId: 27]reason: 4 isGamePreLaunch: 0
09-19 14:59:58.985 31328 31328 I C0420a/WMSLife: Show: [requestId: 9][scbRequestId: 27]Window show [name: callaite0, id: 46, type: 1], reason: 4, state:1, requestState:1
09-19 14:59:58.985 31328 31328 I C04208/WMSLayout: GetSystemSizeLimits: systemLimitsPX: [6720 6720 1120 840 340282346638528859811704183484516925440.000000 0.000000 1.000000 0], systemLimitsVP: [1920 1920 320 240 340282346638528859811704183484516925440.000000 0.000000 1.000000 1], configMaxSize: 1920, vpr: 3.500000, winType: 1
09-19 14:59:58.985 31328 31328 I C04208/WMSLayout: UpdateWindowSizeLimits: [WindowLimitsUpdate:CalcLimits] SaveLimits id:46, px[minW:1120,minH:840,maxW:6720,maxH:6720] vp[minW:320,minH:240,maxW:1920,maxH:1920] vpr=3.500000
09-19 14:59:58.986 31328 31328 I C04217/WMSAttribute: IsSystemDensityChanged: windowId: 46, lastDensity: -1.000000, currDensity: 3.500000
09-19 14:59:58.986 31328 31328 W C04200/WindowSessionImpl: UpdateViewportConfig: uiContent is null!
09-19 14:59:58.987 31328 31328 I C01332/UIAbility: [ui_ability_impl.cpp489]wnd call, AfterForeground
09-19 14:59:58.987 31328 31328 I C01406/OHOS::RS: RSFrameRateLinker::Create id: 134552735449089
09-19 14:59:58.989 31328 31328 E C01706/ueaClient-RmeCoreSched: [Init]: do not enabled!ret: -1
09-19 14:59:58.989 31328 31328 I C01706/ueaClient-FrameMsgMgr: [Init]:inited success!
09-19 14:59:58.989 31328 31328 I C01706/ueaClient-FrameUiIntf: [Init]:ret:1, inited:1
09-19 14:59:58.989 31328 31328 I C04217/WMSAttribute: InitWaterfallMode: winId: 46
09-19 14:59:58.989 31328 31328 I C04217/WMSAttribute: NotifyWaterfallModeChange: winId: 46, waterfall: 0, stat: 2
09-19 14:59:58.989 31328 31328 I C04202/WMSMain: NotifyFreeMultiWindowModeResume: IsPcMode 0, isColdStart 1
09-19 14:59:58.989 31328 31328 I C0420a/WMSLife: Show: [requestId: 9][scbRequestId: 27]Window show success [name:callaite0, id:46, type:1]
09-19 14:59:58.991 31328 31328 W C04201/DMS: OnDisplayInfoChange: data is not changed.
09-19 14:59:58.994 31328 32461 I C04207/WMSFocus: ProcessUpdateFocus: unfocusId:11, focusId:46, isFocused:1,isSyncNotify:0, old:0, new:1789801198686, current:1789801198994
09-19 14:59:58.994 31328 32461 I C04207/WMSFocus: UpdateFocusState: focus: 1, id: 46
09-19 14:59:58.995 31328 32461 I C04207/WMSFocus: NotifyApplicationFocusChangedResult: 1
09-19 14:59:58.995 31328 32447 I C04207/WMSFocus: ProcessNotifyHighlightChange: timeStamp:1789801198686, highlightId:46, isHighlight:1,isSyncNotify:0, old:0, new:1789801198686, current:1789801198995
09-19 14:59:58.995 31328 32447 I C04207/WMSFocus: NotifyHighlightChange: windowId: 46, isHighlight: 1,
09-19 14:59:58.995 31328 31328 I C01332/UIAbility: [JUA2177]JsUIAbility call js, name: onForeground
09-19 14:59:58.995 31328 31328 I A00001/EntryAbility: Ability onForeground
09-19 14:59:58.995 31328 31328 I C01332/UIAbility: [JUA2222]end, name: onForeground, time: 0
09-19 14:59:58.996 31328 32447 E C0420a/WMSLife: NotifyUIExtHostRectChangeInGlobalDisplayListeners: uiContent is null
09-19 14:59:58.997 31328 32447 W C04208/WMSLayout: NotifySingleHandTransformChange: id:46, uiContent is nullptr
09-19 14:59:58.998 31328 32497 W C057c1/IPCWorkThread: ThreadHandler: proto:0 policy:0 name:OS_IPC_3_32497 invoker:3892816
09-19 14:59:59.003 31328 31328 E C01651/data_share_manager_impl: RegisterClientDeathObserver: RegisterClientDeathObserver failed, bundleName is com.example.callaite
09-19 14:59:59.003 31328 31328 E C01651/data_share_manager_impl: GetDataShareServiceProxy: RegisterClientDeathObserver failed
09-19 14:59:59.004 31328 32461 E C01651/data_share_manager_impl: RegisterClientDeathObserver: RegisterClientDeathObserver failed, bundleName is com.example.callaite
09-19 14:59:59.004 31328 32461 E C01651/data_share_manager_impl: GetDataShareServiceProxy: RegisterClientDeathObserver failed
09-19 14:59:59.004 31328 32461 I C01651/data_share_manager_impl: operator(): RecoverObs start
09-19 14:59:59.015 31328 31328 I C05405/CompConfigClient: GetConfigByApp: GetDataShareData return 0 result
09-19 14:59:59.015 31328 31328 E C01301/Ability: [page_config_manager.cpp62]configJson_ is empty
09-19 14:59:59.017 31328 31328 I C02d11/DfxUnwinder: UnwindLocal:: fpUnwind: 0
09-19 14:59:59.017 31328 31328 W C01320/JsEnv: [source_map.cpp145]the stack without line info
09-19 14:59:59.018 31328 31328 I C02d11/DfxUnwinder: UnwindLocal:: fpUnwind: 0
09-19 14:59:59.018 31328 31328 W C01320/JsEnv: [source_map.cpp145]the stack without line info
09-19 14:59:59.019 31328 31328 I A00001/EntryAbility: Huawei account refreshed: 
09-19 14:59:59.019 31328 31328 I C01612/JsKVManager: operator(): output delete reference success
09-19 14:59:59.019 31328 31328 I C01612/JsSingleKVStore: operator(): subscribe to event:dataChange
09-19 14:59:59.019 31328 31328 I C01612/JsSingleKVStore: OnDataChange: subscribe data change type 2
09-19 14:59:59.019 31328 31328 I C01630/DistributedDB: [KvStoreNbDelegate][RegisterDeviceObserver] Register device observer ok mode:1
09-19 14:59:59.019 31328 31328 I C01610/KvStoreObserverClient: KvStoreObserverClient: Start
09-19 14:59:59.021 31328 31328 I A03d00/JSAPP: [Collaboration] KVStore initialized
09-19 14:59:59.021 31328 31328 I C01332/UIAbility: [JUA2177]JsUIAbility call js, name: onDidForeground
09-19 14:59:59.021 31328 31328 I C01332/UIAbility: [JUA2222]end, name: onDidForeground, time: 0
09-19 14:59:59.021 31328 31328 I C04202/WMSMain: GoResume: in isGamePreLaunch: 0
09-19 14:59:59.021 31328 31328 I C0420a/WMSLife: SetUIContentInner: pages/Index, state:2, persistentId: 46
09-19 14:59:59.021 31328 31328 I C0420a/WMSLife: NotifySetUIContentComplete: start
09-19 14:59:59.021 31328 31328 I C0420a/WMSLife: SetUIContentComplete: persistentId=46
09-19 14:59:59.021 31328 31328 I C0420a/WMSLife: InitUIContent: start
09-19 14:59:59.021 31328 31328 I C0420a/WMSLife: DestroyExistUIContent: start
09-19 14:59:59.022 31328 31328 I C03900/Ace: [(-1:-1:undefined)] CreateUIContent.
09-19 14:59:59.022 31328 31328 I C03934/AceUIEvent: [(-1:-1:undefined)] report ace loaded
09-19 14:59:59.022 31328 31328 I C04707/HaAceEngine: OnAceLoaded end
09-19 14:59:59.023 31328 32469 W C04707/HaClient: =========Invalid Client=========
09-19 14:59:59.023 31328 31328 I C03900/Ace: [(-2:-1:undefined)] Create ace bg threads pool.
09-19 14:59:59.024 31328 31328 I C03900/Ace: [(-2:-1:undefined)] Init RenderService UniRender Type:0
09-19 14:59:59.026 31328 31328 W C01409/APS_MANAGER: redo Connect
09-19 14:59:59.026 31328 31328 I C01409/APS_MANAGER: Start to ConnectService
09-19 14:59:59.026 31328 31328 I C01409/APS_MANAGER: GetSystemAbilityManager success
09-19 14:59:59.027 31328 32499 I C03900/Ace: [(-1:-1:undefined)] dlsym function ReportData success.
09-19 14:59:59.027 31328 31328 I C01409/APS_MANAGER: GetSystemAbility success
09-19 14:59:59.027 31328 32499 I C03900/Ace: [(-1:-1:undefined)] dlsym function ReportSyncEvent success.
09-19 14:59:59.027 31328 31328 I C03900/Ace: [(-2:-1:undefined)] [com.example.callaite][entry][-1]: UIContent: apiCompatibleVersion: 60101024, apiTargetVersion: 260000026, and apiReleaseType: Release, useNewPipe: 1, enableCustomComponentCrossAbility: 0
09-19 14:59:59.029 31328 31328 I C02c03/PARAM_WATCHER: Add watcher keyPrefix persist.sys.arkui.animationscale remoteWatcherId 107 success
09-19 14:59:59.029 31328 31328 E C03900/Ace: [(-2:-1:undefined)] ConfigParserBase read system file failed
09-19 14:59:59.030 31328 31328 W C03900/Ace: [(-2:-1:undefined)] ArkUiFeatureParamManager failed to load xml file
09-19 14:59:59.030 31328 31328 E C03900/Ace: [(-2:-1:undefined)] ConfigParserBase read system UI correction config file failed
09-19 14:59:59.030 31328 31328 W C03900/Ace: [(-2:-1:undefined)] ArkUiFeatureParamManager failed to load UI correction config file
09-19 14:59:59.032 31328 32461 I C04208/WMSLayout: NotifyWindowStatusDidChange: [WindowModeUpdate:Inner] NotifyWindowStatusDidChange id:46, mode:1, status:1, lastStatus:0, listenerSize:0, rect:[0 0 1308 2880]
09-19 14:59:59.036 31328 31328 I C05405/CompConfigClient: SubscribeEvent_: SubscriberEvent, ret: 1
09-19 14:59:59.045 31328 31328 I C05405/CompConfigClient: GetConfigByApp: GetDataShareData return 0 result
09-19 14:59:59.046 31328 31328 W C03900/Ace: [(-2:-1:undefined)] FeatureManager get config failed, key:UICorrectionStrategy ret:1
09-19 14:59:59.046 31328 31328 W C03900/Ace: [(-2:-1:undefined)] FeatureParamManager get UICorrectionStrategy from FeatureManager failed
09-19 14:59:59.049 31328 31328 I C03900/Ace: [(-2:-1:undefined)] SetLocale language tag: zh-Hans, font locale: zh-Hans, select language: zh-CN
09-19 14:59:59.049 31328 31328 I C03900/Ace: [(-2:-1:undefined)] [com.example.callaite][entry][-1]: SetLanguage: zh, colorMode: light, deviceAccess: 1
09-19 14:59:59.049 31328 31328 I C03900/Ace: [(-2:-1:undefined)] [com.example.callaite][entry][-1]: Initialize UIContent isModelJson:true
09-19 14:59:59.052 31328 31328 I C03922/AceNavigation: [(-2:-1:undefined)] subscribe hsp Update successfully
09-19 14:59:59.053 31328 31328 I C03900/Ace: [(100000:100000:scope)] SetHapPath, Use hap path to load resource
09-19 14:59:59.053 31328 31328 I C04217/WMSAttribute: RegisterWaterfallModeChangeListener: winId: 46
09-19 14:59:59.055 31328 31328 I C04200/WMS: GetSurfaceNode: name:callaite0, id:46
09-19 14:59:59.055 31328 31328 I C04200/WMS: GetSurfaceNode: name:callaite0, id:46
09-19 14:59:59.055 31328 31328 I C03900/Ace: [(100000:100000:scope)] SetRSSurfaceNode 134552735449089 with rs multi
09-19 14:59:59.055 31328 31328 I C01406/OHOS::RS: RSUIContext::AttachFromUI. token: 134552735449089 uiPiplineNum: -1
09-19 14:59:59.055 31328 31328 I C01406/OHOS::RS: RSUIContext::SetUITaskRunner, Context token:134552735449089
09-19 14:59:59.056 31328 31328 I C03925/AceRouter: [(100000:100000:scope)] createManager, deviceType: 0
09-19 14:59:59.057 31328 31328 W C03900/Ace: [(100000:100000:scope)] Invalid config:zh_Hans-long-notround-vertical-light-phone-xxxhdpi
09-19 14:59:59.057 31328 31328 I C01406/OHOS::RS: RSUIDirector::GoBackground CurrentState:2, UIContext:134552735449089
09-19 14:59:59.057 31328 31328 I C01406/OHOS::RS: RSSurfaceNode::SetAbilityState, surfaceNodeId:[134552735449089], ability state: background
09-19 14:59:59.058 31328 31328 I C03900/Ace: [(100000:100000:scope)] set translateManager to pipeline, instanceId:100000
09-19 14:59:59.058 31328 31328 I C0421d/WMSRotation: RegisterOrientationChangeListener: in
09-19 14:59:59.058 31328 31328 I C03900/Ace: [(100000:100000:scope)] AddPersistAfterLayoutTask size: 1
09-19 14:59:59.058 31328 31328 I C03919/AceInputTracking: [(100000:100000:scope)] Debug touch pass mode 0
09-19 14:59:59.059 31328 31328 E C03934/AceUIEvent: [(100000:100000:scope)] AceTransform load failed: Error loading shared library /system/lib64/libtransform_interaction_ext.z.so: No such file or directory
09-19 14:59:59.059 31328 31328 I C03937/AceResource: [(100000:100000:scope)] ResourceAdapter UpdateResConfig with colorMode light
09-19 14:59:59.059 31328 31328 W C03900/Ace: [(100000:100000:scope)] not found systemTheme in HapModuleInfo, loading default OHOS_THEME
09-19 14:59:59.059 31328 31328 I C03900/Ace: [(100000:100000:scope)] Cannot Get File List from resources/styles/
09-19 14:59:59.059 31328 31328 W C03900/Ace: [(100000:100000:scope)] GetAsset failed: resources/styles/default.json
09-19 14:59:59.069 31328 31328 I C01406/OHOS::RS: RSRootNode::Create, Node:134552735449091, Token:134552735449089
09-19 14:59:59.069 31328 31328 I C03900/Ace: [(100000:100000:scope)] root node OnAttachToFrameNode, id:0
09-19 14:59:59.070 31328 31328 I C03900/Ace: [(100000:100000:scope)] Rosenwindow set root, rsId:134552735449091
09-19 14:59:59.070 31328 31328 I C01406/OHOS::RS: RSRootNode::AttachRSSurfaceNode, SurfaceNode:134552735449089, Node:134552735449091
09-19 14:59:59.071 31328 31328 I C03900/Ace: [(100000:100000:scope)] AddPersistAfterLayoutTask size: 2
09-19 14:59:59.075 31328 31328 I C03900/Ace: [(100000:100000:scope)] focusWindowId: 0, realHostWindowId: 0
09-19 14:59:59.076 31328 31328 I C03900/Ace: [(100000:100000:scope)] [com.example.callaite][entry][100000]: window focus
09-19 14:59:59.076 31328 31328 I C02c03/PARAM_WATCHER: Add watcher keyPrefix debug.graphic.frame remoteWatcherId 107 success
09-19 14:59:59.077 31328 31328 E C03900/Ace: [(100000:100000:scope)] ERROR EACCES
09-19 14:59:59.077 31328 31328 E C03900/Ace: [(100000:100000:scope)] ERROR EACCES
09-19 14:59:59.077 31328 31328 I C03900/Ace: [(100000:100000:scope)] ArkUIInvisibleFreeze: 0
09-19 14:59:59.077 31328 31328 I C03900/Ace: [(100000:100000:scope)] [com.example.callaite][entry][100000]: SetMinPlatformVersion is 60101024
09-19 14:59:59.077 31328 31328 I C04209/WMSImms: RegisterAvoidAreaChangeListener: win 46
09-19 14:59:59.077 31328 31328 E C04200/IMockSessionManager: Read result failed, code is: 4.
09-19 14:59:59.078 31328 31328 E C04200/IMockSessionManager: Read result failed, code is: 4.
09-19 14:59:59.078 31328 31328 I C04200/WMS: InitSessionManagerServiceProxy: Init success, userId=-1
09-19 14:59:59.079 31328 31328 I C04200/WMS: InitSceneSessionManagerLiteProxy: Init success, userId=-1
09-19 14:59:59.079 31328 31328 I C04204/WMSScb: InitSceneSessionManagerProxy: enter, userId=-1
09-19 14:59:59.079 31328 31328 I C04204/WMSScb: GetSceneSessionManagerProxy: init first time, userId=-1
09-19 14:59:59.081 31328 32461 I C04208/WMSLayout: UpdateRect: [WindowRectUpdate:ClientRecv] UpdateRect id:46 name:callaite0, preRect=[0 0 1308 2880], newRect=[0 0 1308 2880], reason:23 displayId:0
09-19 14:59:59.087 31328 31328 I C04209/WMSImms: GetAvoidAreaByType: win 46 type not supported
09-19 14:59:59.087 31328 31328 I C03917/AceSafeArea: [(100000:100000:scope)] InitializeSafeArea systemInsets:SafeAreaInsets left_: [start: 0, end: 0], top_: [start: 0, end: 136], right_: [start: 0, end: 0], bottom_: [start: 0, end: 0], cutoutInsets:SafeAreaInsets left_: [start: 0, end: 0], top_: [start: 50, end: 128], right_: [start: 0, end: 0], bottom_: [start: 0, end: 0], navInsets:SafeAreaInsets left_: [start: 0, end: 0], top_: [start: 0, end: 0], right_: [start: 0, end: 0], bottom_: [start: 2782, end: 2880], floatNavInsets:SafeAreaInsets left_: [start: 0, end: 0], top_: [start: 0, end: 0], right_: [start: 0, end: 0], bottom_: [start: 0, end: 0]
09-19 14:59:59.088 31328 31328 I C0394e/AceWindow: [(100000:100000:scope)] Initialize displayId: 0, availableRect: [0, 0, 1308, 2880]
09-19 14:59:59.089 31328 31328 I C03900/Ace: [(100000:100000:scope)] Failed to open libthp_extra_innerapi.z.so, reason: Error loading shared library /system/lib64/libthp_extra_innerapi.z.so: No such file or directory
09-19 14:59:59.089 31328 31328 I C03900/Ace: [(-2:100000:singleton)] [com.example.callaite][entry][100000]: Initialize: pages/Index
09-19 14:59:59.089 31328 31328 I C03900/Ace: [(100000:100000:scope)] RunPage:pages/Index
09-19 14:59:59.089 31328 31328 W C03900/Ace: [(100000:100000:scope)] GetAsset failed: manifest.json
09-19 14:59:59.089 31328 31328 I C04200/WMS: InitUIContent: [0, 0]
09-19 14:59:59.089 31328 31328 I C0420a/WMSLife: RegisterUIContenCallback: start
09-19 14:59:59.089 31328 31328 I C04208/WMSLayout: SetUIContentInner: single hand, id:46, posX:0, posY:0, scaleX:1.000000, scaleY:1.000000
09-19 14:59:59.089 31328 32505 I C03951/InputKeyFlow: [(-1:100000:singleton)] Subscribe touch.events.pass.through Event
09-19 14:59:59.090 31328 31328 I C04219/WMSDecor: UpdateDecorEnable: decorVisible:1, isDockAutoHide:0, isDecorHiddenByApp:0, isMaximizeInvoked:0, id:46
09-19 14:59:59.090 31328 31328 I C03900/Ace: [(-2:100000:singleton)] [com.example.callaite][entry][100000]: UpdateWindowVisible: 1, hasDecor: 0
09-19 14:59:59.090 31328 31328 I C03900/Ace: [(-2:100000:singleton)] [com.example.callaite][entry][100000]: NotifyWindowMode mode = 1
09-19 14:59:59.090 31328 32498 I C02c03/PARAM_WATCHER: Add watcher keyPrefix persist.ace.trace.layout.enabled remoteWatcherId 107 success
09-19 14:59:59.091 31328 32498 I C02c03/PARAM_WATCHER: Add watcher keyPrefix persist.ace.trace.inputevent.enabled remoteWatcherId 107 success
09-19 14:59:59.091 31328 32498 I C02c03/PARAM_WATCHER: Add watcher keyPrefix const.security.developermode.state remoteWatcherId 107 success
09-19 14:59:59.091 31328 31328 I C03900/Ace: [(-2:100000:singleton)] [com.example.callaite][entry][100000]: window foreground
09-19 14:59:59.092 31328 31328 I C03900/Ace: [(100000:100000:scope)] Update application state , state: ON_SHOW
09-19 14:59:59.092 31328 31328 I C01406/OHOS::RS: RSUIDirector::GoForeground CurrentState:3, UIContext:134552735449089
09-19 14:59:59.092 31328 31328 I C01406/OHOS::RS: RSSurfaceNode::SetAbilityState, surfaceNodeId:[134552735449089], ability state: foreground
09-19 14:59:59.093 31328 32498 I C02c03/PARAM_WATCHER: Add watcher keyPrefix persist.ace.debug.statemgr.enabled remoteWatcherId 107 success
09-19 14:59:59.093 31328 32498 I C02c03/PARAM_WATCHER: Add watcher keyPrefix persist.ace.debug.boundary.enabled remoteWatcherId 107 success
09-19 14:59:59.093 31328 31328 I C03900/Ace: [(100000:100000:scope)] ArkUI requests first Vsync.
09-19 14:59:59.093 31328 31328 I C04202/WMSMain: RequestVsync: First vsync has requested, nodeId: 134552735449089
09-19 14:59:59.093 31328 32498 I C02c03/PARAM_WATCHER: Add watcher keyPrefix persist.ace.performance.monitor.enabled remoteWatcherId 107 success
09-19 14:59:59.094 31328 31328 I C03959/AceLayout: [(-2:100000:singleton)] UVC Viewport config: size: (1308, 2880) orientation: 0 density: 3.500000 position: (0, 0) transformHint: 0 displayId: 0 forceSplitDisplayConfig: disable forceSplit, mode: 0, WSCR 0, IRN 1, , keyboardInfo is null
09-19 14:59:59.094 31328 31328 I C03922/AceNavigation: [(100000:100000:scope)] disable forceSplit, mode:0
09-19 14:59:59.094 31328 31328 I C04208/WMSLayout: UpdateViewportConfig: Id: 46, reason: 0, viewportRect: [0 0 1308 2880], displayOrientation: 0, config[0, 0, 0, 3.500000]
09-19 14:59:59.094 31328 31328 I C03900/Ace: [(-2:100000:singleton)] [com.example.callaite][entry][100000]: window focus
09-19 14:59:59.094 31328 31328 I C03900/Ace: [(-2:100000:singleton)] [com.example.callaite][entry][100000]:window active
09-19 14:59:59.095 31328 31328 I C02d11/DfxUnwinder: UnwindLocal:: fpUnwind: 0
09-19 14:59:59.096 31328 31328 W C01320/JsEnv: [source_map.cpp145]the stack without line info
09-19 14:59:59.096 31328 31328 I A00001/EntryAbility: Succeeded in loading the content.
09-19 14:59:59.096 31328 31328 I C04200/JsWindowStage: Window [46, callaite0] load content end, ret=0
09-19 14:59:59.096 31328 31328 I C04209/WMSImms: NotifyAvoidAreaChange: win 46 api 26 type 0 area top [0 0 1308 136] 
09-19 14:59:59.097 31328 31328 I C04209/WMSImms: NotifyAvoidAreaChange: win 46 api 26 type 1 area top [615 50 78 78] 
09-19 14:59:59.097 31328 31328 I C04209/WMSImms: NotifyAvoidAreaChange: win 46 api 26 type 2 area empty
09-19 14:59:59.097 31328 31328 I C04209/WMSImms: NotifyAvoidAreaChange: win 46 api 26 type 3 area empty
09-19 14:59:59.097 31328 31328 I C04209/WMSImms: NotifyAvoidAreaChange: win 46 api 26 type 4 area bottom [425 2782 458 98] 
09-19 14:59:59.097 31328 31328 I C03922/AceNavigation: [(100000:100000:scope)] disable forceSplit, mode:0
09-19 14:59:59.097 31328 31328 I C04208/WMSLayout: UpdateViewportConfig: Id: 46, reason: 23, viewportRect: [0 0 1308 2880], displayOrientation: 0, config[0, 0, 0, 3.500000]
09-19 14:59:59.098 31328 31328 I C03900/Ace: [(100000:100000:scope)] Update application state , state: ON_ACTIVE
09-19 14:59:59.098 31328 31328 I C0391c/AceFocus: [(100000:100000:scope)] Window: 46 get focus.
09-19 14:59:59.099 31328 31328 W C0391c/AceFocus: [(100000:100000:scope)] Current focus view can not found!
09-19 14:59:59.099 31328 31328 I C0391c/AceFocus: [(100000:100000:scope)] Request focus on rootFocusHub: root/0
09-19 14:59:59.099 31328 31328 I C03922/AceNavigation: [(100000:100000:scope)] disable forceSplit, mode:0
09-19 14:59:59.099 31328 31328 I C04208/WMSLayout: UpdateViewportConfig: Id: 46, reason: 23, viewportRect: [0 0 1308 2880], displayOrientation: 0, config[0, 0, 0, 3.500000]
09-19 14:59:59.099 31328 31328 I C03925/AceRouter: [(100000:100000:scope)] Page router manager is creating page[1]: url: pages/Index path: pages/Index.js, recoverable: yes, namedRouter: no
09-19 14:59:59.127 31328 31328 I C03f04/MMG: [NMM:1561]Module:file.photoAccessHelper
09-19 14:59:59.129 31328 31328 W C03f04/MMG: [NMM:1466] Name mismatch: file.photoAccessHelperNative != file.photoAccessHelper
09-19 14:59:59.131 31328 31328 I C02b71/MediaLibraryNapi: Common:{Init:156} TaskSignalNapi::Init in
09-19 14:59:59.131 31328 31328 I C02b71/MediaLibraryNapi: Common:{Init:164} TaskSignalNapi::Init success
09-19 14:59:59.135 31328 31328 I C02b01/CAMERA: {63} PickerOnLoad
09-19 14:59:59.135 31328 31328 I C02b01/CAMERA: {463} CameraPickerNapi E
09-19 14:59:59.135 31328 31328 W C03f04/MMG: [NMM:1466] Name mismatch: web.webnativemessagingextensionmanager_napi != web.webNativeMessagingExtensionManager
09-19 14:59:59.136 31328 31328 I C03f04/MMG: [NMM:1561]Module:arkui.node
09-19 14:59:59.149 31328 32469 I C04215/WMSHierarchy: GetTopWindowWithContext: mainId:46!
09-19 14:59:59.149 31328 31328 I C04201/DMS: IfCallbackRegistered: change not registered!
09-19 14:59:59.149 31328 31328 I C04201/DMS: JsDisplayListener: Constructor
09-19 14:59:59.154 31328 31328 I C0391c/AceFocus: [(100000:100000:scope)] Request focus id can not found.
09-19 14:59:59.154 31328 31328 W C03926/AceTheme: [(100000:100000:scope)] style 125829872 not contains scroll_bar_pattern!
09-19 14:59:59.155 31328 31328 W C03926/AceTheme: [(100000:100000:scope)] style scroll_bar_pattern get attr scroll_bar_interactive error!
09-19 14:59:59.155 31328 31328 W C03926/AceTheme: [(100000:100000:scope)] style scroll_bar_pattern not contains arc_scroll_bar_normal_background_width!
09-19 14:59:59.156 31328 31328 W C03926/AceTheme: [(100000:100000:scope)] style 125829872 not contains scrollable_pattern!
09-19 14:59:59.156 31328 31328 W C03926/AceTheme: [(100000:100000:scope)] style scrollable_pattern not contains scroll_able_default_scrolling_distance!
09-19 14:59:59.177 31328 31328 W C03926/AceTheme: [(100000:100000:scope)] style text_pattern not contains linear_split_child_min_size!
09-19 14:59:59.178 31328 31328 W C03926/AceTheme: [(100000:100000:scope)] style text_pattern not contains menu_celia_ask_is_support!
09-19 14:59:59.178 31328 31328 W C03926/AceTheme: [(100000:100000:scope)] style 125829872 not contains app_theme_pattern!
09-19 14:59:59.178 31328 31328 W C01e00/ResourceManager: by id=125835722 limitPaths is empty
09-19 14:59:59.178 31328 31328 E C01e00/ResourceManager: ref <private> id not found
09-19 14:59:59.178 31328 31328 W C01e00/ResourceManager: by id=125835722 limitPaths is empty
09-19 14:59:59.178 31328 31328 E C01e00/ResourceManager: ref <private> id not found
09-19 14:59:59.178 31328 31328 W C03937/AceResource: [(100000:100000:scope)] Get pattern by name error, name=app_theme_pattern, bundleName: com.example.callaite, moduleName: entry
09-19 14:59:59.178 31328 31328 W C01e00/ResourceManager: by id=125835722 limitPaths is empty
09-19 14:59:59.178 31328 31328 E C01e00/ResourceManager: ref <private> id not found
09-19 14:59:59.178 31328 31328 W C01e00/ResourceManager: by id=125835722 limitPaths is empty
09-19 14:59:59.178 31328 31328 E C01e00/ResourceManager: ref <private> id not found
09-19 14:59:59.178 31328 31328 W C03937/AceResource: [(100000:100000:scope)] Get pattern by name error, name=app_theme_pattern
09-19 14:59:59.178 31328 31328 W C03926/AceTheme: [(100000:100000:scope)] style app_theme_pattern not contains app_theme_drag_distancethreshold!
09-19 14:59:59.200 31328 31328 I C0391c/AceFocus: [(100000:100000:scope)] view: page/2 show
09-19 14:59:59.201 31328 31328 I C03922/AceNavigation: [(100000:100000:scope)] can't find inner navigation
09-19 14:59:59.202 31328 31328 I C03933/AceKeyboard: [(100000:100000:scope)] PageChangeCloseKB
09-19 14:59:59.202 31328 31328 I C03925/AceRouter: [(100000:100000:scope)] LoadPage Success
09-19 14:59:59.202 31328 31328 I C04200/JsWindow: CreateJsWindow callaite0
09-19 14:59:59.202 31328 31328 I C0420a/WMSLife: JsWindow: window: callaite0, ctorCnt: 1
09-19 14:59:59.203 31328 31328 I C0420a/WMSLife: CreateJsWindowObject: Add window callaite0
09-19 14:59:59.203 31328 31328 I C0392a/AceUiExtensionComponent: [(-2:100000:singleton)] NotifyWindowMode aliveUIExtensions = 0
09-19 14:59:59.203 31328 31328 I C0394e/AceWindow: [(100000:100000:scope)] Update displayWindowRect in UpdateViewportConfig to : Rect (0.00, 0.00) - [1308.00 x 2880.00]
09-19 14:59:59.203 31328 31328 I C03917/AceSafeArea: [(100000:100000:scope)] SetIsFullScreen 1
09-19 14:59:59.204 31328 31328 I C03900/Ace: [(100000:100000:scope)] Root node request first frame.
09-19 14:59:59.204 31328 31328 I C03900/Ace: [(100000:100000:scope)] Update application state , state: ON_ACTIVE
09-19 14:59:59.204 31328 31328 I C0391c/AceFocus: [(100000:100000:scope)] Window: 46 get focus.
09-19 14:59:59.204 31328 31328 I C03900/Ace: [(100000:100000:scope)] Update application state , state: ON_ACTIVE
09-19 14:59:59.205 31328 31328 I C04202/WMSMain: VsyncCallbackInner: First vsync has come back, nodeId: 134552735449089
09-19 14:59:59.206 31328 31328 I C01408/Text: InitTextBundleConfig: Adapter text height enabled 0
09-19 14:59:59.206 31328 31328 I C01408/Text: InitTextBundleConfig: Disable spacing for control char 0
09-19 14:59:59.206 31328 31328 E C02d34/HistogramClient: ArkGraphics2d.Text.OH_Drawing_TextStyleAddFontVariation is not in metadata.
09-19 14:59:59.289 31328 31328 E C01707/CONCUR: [Interface] task 32471 apply qos failed, errno = 4
09-19 14:59:59.292 31328 31328 E C01707/CONCUR: [Interface] task 32472 apply qos failed, errno = 4
09-19 14:59:59.297 31328 31328 E C01707/CONCUR: [Interface] task 32473 apply qos failed, errno = 4
09-19 14:59:59.300 31328 31328 E C01707/CONCUR: [Interface] task 32471 apply qos failed, errno = 4
09-19 14:59:59.303 31328 31328 E C01707/CONCUR: [Interface] task 32472 apply qos failed, errno = 4
09-19 14:59:59.307 31328 31328 E C01707/CONCUR: [Interface] task 32473 apply qos failed, errno = 4
09-19 14:59:59.406 31328 31328 E C01707/CONCUR: [Interface] task 32471 apply qos failed, errno = 4
09-19 14:59:59.409 31328 31328 E C01707/CONCUR: [Interface] task 32472 apply qos failed, errno = 4
09-19 14:59:59.411 31328 31328 E C01707/CONCUR: [Interface] task 32473 apply qos failed, errno = 4
09-19 14:59:59.415 31328 31328 E C01707/CONCUR: [Interface] task 32471 apply qos failed, errno = 4
09-19 14:59:59.417 31328 31328 E C01707/CONCUR: [Interface] task 32472 apply qos failed, errno = 4
09-19 14:59:59.420 31328 31328 E C01707/CONCUR: [Interface] task 32473 apply qos failed, errno = 4
09-19 14:59:59.528 31328 31328 E C01707/CONCUR: [Interface] task 32471 apply qos failed, errno = 4
09-19 14:59:59.531 31328 31328 E C01707/CONCUR: [Interface] task 32472 apply qos failed, errno = 4
09-19 14:59:59.533 31328 31328 E C01707/CONCUR: [Interface] task 32473 apply qos failed, errno = 4
09-19 14:59:59.537 31328 31328 E C01707/CONCUR: [Interface] task 32471 apply qos failed, errno = 4
09-19 14:59:59.540 31328 31328 E C01707/CONCUR: [Interface] task 32472 apply qos failed, errno = 4
09-19 14:59:59.544 31328 31328 E C01707/CONCUR: [Interface] task 32473 apply qos failed, errno = 4
09-19 14:59:59.646 31328 31328 E C01707/CONCUR: [Interface] task 32471 apply qos failed, errno = 4
09-19 14:59:59.648 31328 31328 E C01707/CONCUR: [Interface] task 32472 apply qos failed, errno = 4
09-19 14:59:59.650 31328 31328 E C01707/CONCUR: [Interface] task 32473 apply qos failed, errno = 4
09-19 14:59:59.655 31328 31328 E C01707/CONCUR: [Interface] task 32471 apply qos failed, errno = 4
09-19 14:59:59.657 31328 31328 E C01707/CONCUR: [Interface] task 32472 apply qos failed, errno = 4
09-19 14:59:59.659 31328 31328 E C01707/CONCUR: [Interface] task 32473 apply qos failed, errno = 4
09-19 14:59:59.764 31328 31328 E C01707/CONCUR: [Interface] task 32471 apply qos failed, errno = 4
09-19 14:59:59.767 31328 31328 E C01707/CONCUR: [Interface] task 32472 apply qos failed, errno = 4
09-19 14:59:59.769 31328 31328 E C01707/CONCUR: [Interface] task 32473 apply qos failed, errno = 4
09-19 14:59:59.772 31328 31328 E C01707/CONCUR: [Interface] task 32471 apply qos failed, errno = 4
09-19 14:59:59.774 31328 31328 E C01707/CONCUR: [Interface] task 32472 apply qos failed, errno = 4
09-19 14:59:59.777 31328 31328 E C01707/CONCUR: [Interface] task 32473 apply qos failed, errno = 4
09-19 14:59:59.882 31328 31328 E C01707/CONCUR: [Interface] task 32471 apply qos failed, errno = 4
09-19 14:59:59.884 31328 31328 E C01707/CONCUR: [Interface] task 32472 apply qos failed, errno = 4
09-19 14:59:59.887 31328 31328 E C01707/CONCUR: [Interface] task 32473 apply qos failed, errno = 4
09-19 14:59:59.890 31328 31328 E C01707/CONCUR: [Interface] task 32471 apply qos failed, errno = 4
09-19 14:59:59.893 31328 31328 E C01707/CONCUR: [Interface] task 32472 apply qos failed, errno = 4
09-19 14:59:59.895 31328 31328 E C01707/CONCUR: [Interface] task 32473 apply qos failed, errno = 4
09-19 15:00:00.016 31328 31328 E C01707/CONCUR: [Interface] task 32471 apply qos failed, errno = 4
09-19 15:00:00.021 31328 31328 E C01707/CONCUR: [Interface] task 32472 apply qos failed, errno = 4
09-19 15:00:00.026 31328 31328 E C01707/CONCUR: [Interface] task 32473 apply qos failed, errno = 4
09-19 15:00:00.033 31328 31328 E C01707/CONCUR: [Interface] task 32471 apply qos failed, errno = 4
09-19 15:00:00.038 31328 31328 E C01707/CONCUR: [Interface] task 32472 apply qos failed, errno = 4
09-19 15:00:00.043 31328 31328 E C01707/CONCUR: [Interface] task 32473 apply qos failed, errno = 4
09-19 15:00:00.172 31328 31328 E C01707/CONCUR: [Interface] task 32471 apply qos failed, errno = 4
09-19 15:00:00.175 31328 31328 E C01707/CONCUR: [Interface] task 32472 apply qos failed, errno = 4
09-19 15:00:00.178 31328 31328 E C01707/CONCUR: [Interface] task 32473 apply qos failed, errno = 4
09-19 15:00:00.182 31328 31328 E C01707/CONCUR: [Interface] task 32471 apply qos failed, errno = 4
09-19 15:00:00.184 31328 31328 E C01707/CONCUR: [Interface] task 32472 apply qos failed, errno = 4
09-19 15:00:00.187 31328 31328 E C01707/CONCUR: [Interface] task 32473 apply qos failed, errno = 4
09-19 15:00:00.299 31328 31328 E C01707/CONCUR: [Interface] task 32471 apply qos failed, errno = 4
09-19 15:00:00.301 31328 31328 E C01707/CONCUR: [Interface] task 32472 apply qos failed, errno = 4
09-19 15:00:00.304 31328 31328 E C01707/CONCUR: [Interface] task 32473 apply qos failed, errno = 4
09-19 15:00:00.307 31328 31328 E C01707/CONCUR: [Interface] task 32471 apply qos failed, errno = 4
09-19 15:00:00.309 31328 31328 E C01707/CONCUR: [Interface] task 32472 apply qos failed, errno = 4
09-19 15:00:00.312 31328 31328 E C01707/CONCUR: [Interface] task 32473 apply qos failed, errno = 4
09-19 15:00:00.427 31328 31328 E C01707/CONCUR: [Interface] task 32471 apply qos failed, errno = 4
09-19 15:00:00.430 31328 31328 E C01707/CONCUR: [Interface] task 32472 apply qos failed, errno = 4
09-19 15:00:00.432 31328 31328 E C01707/CONCUR: [Interface] task 32473 apply qos failed, errno = 4
09-19 15:00:00.435 31328 31328 E C01707/CONCUR: [Interface] task 32471 apply qos failed, errno = 4
09-19 15:00:00.438 31328 31328 E C01707/CONCUR: [Interface] task 32472 apply qos failed, errno = 4
09-19 15:00:00.440 31328 31328 E C01707/CONCUR: [Interface] task 32473 apply qos failed, errno = 4
09-19 15:00:00.556 31328 31328 E C01707/CONCUR: [Interface] task 32471 apply qos failed, errno = 4
09-19 15:00:00.558 31328 31328 E C01707/CONCUR: [Interface] task 32472 apply qos failed, errno = 4
09-19 15:00:00.560 31328 31328 E C01707/CONCUR: [Interface] task 32473 apply qos failed, errno = 4
09-19 15:00:00.564 31328 31328 E C01707/CONCUR: [Interface] task 32471 apply qos failed, errno = 4
09-19 15:00:00.566 31328 31328 E C01707/CONCUR: [Interface] task 32472 apply qos failed, errno = 4
09-19 15:00:00.568 31328 31328 E C01707/CONCUR: [Interface] task 32473 apply qos failed, errno = 4
09-19 15:00:00.685 31328 31328 E C01707/CONCUR: [Interface] task 32471 apply qos failed, errno = 4
09-19 15:00:00.688 31328 31328 E C01707/CONCUR: [Interface] task 32472 apply qos failed, errno = 4
09-19 15:00:00.690 31328 31328 E C01707/CONCUR: [Interface] task 32473 apply qos failed, errno = 4
09-19 15:00:00.694 31328 31328 E C01707/CONCUR: [Interface] task 32471 apply qos failed, errno = 4
09-19 15:00:00.696 31328 31328 E C01707/CONCUR: [Interface] task 32472 apply qos failed, errno = 4
09-19 15:00:00.701 31328 31328 E C01707/CONCUR: [Interface] task 32473 apply qos failed, errno = 4
09-19 15:00:00.823 31328 31328 E C01707/CONCUR: [Interface] task 32471 apply qos failed, errno = 4
09-19 15:00:00.825 31328 31328 E C01707/CONCUR: [Interface] task 32472 apply qos failed, errno = 4
09-19 15:00:00.828 31328 31328 E C01707/CONCUR: [Interface] task 32473 apply qos failed, errno = 4
09-19 15:00:00.830 31328 31328 E C01707/CONCUR: [Interface] task 32471 apply qos failed, errno = 4
09-19 15:00:00.835 31328 31328 E C01707/CONCUR: [Interface] task 32472 apply qos failed, errno = 4
09-19 15:00:00.837 31328 31328 E C01707/CONCUR: [Interface] task 32473 apply qos failed, errno = 4
09-19 15:00:00.958 31328 31328 E C01707/CONCUR: [Interface] task 32471 apply qos failed, errno = 4
09-19 15:00:00.961 31328 31328 E C01707/CONCUR: [Interface] task 32472 apply qos failed, errno = 4
09-19 15:00:00.963 31328 31328 E C01707/CONCUR: [Interface] task 32473 apply qos failed, errno = 4
09-19 15:00:00.966 31328 31328 E C01707/CONCUR: [Interface] task 32471 apply qos failed, errno = 4
09-19 15:00:00.971 31328 31328 E C01707/CONCUR: [Interface] task 32472 apply qos failed, errno = 4
09-19 15:00:00.974 31328 31328 E C01707/CONCUR: [Interface] task 32473 apply qos failed, errno = 4
09-19 15:00:01.098 31328 31328 E C01707/CONCUR: [Interface] task 32471 apply qos failed, errno = 4
09-19 15:00:01.101 31328 31328 E C01707/CONCUR: [Interface] task 32472 apply qos failed, errno = 4
09-19 15:00:01.103 31328 31328 E C01707/CONCUR: [Interface] task 32473 apply qos failed, errno = 4
09-19 15:00:01.106 31328 31328 E C01707/CONCUR: [Interface] task 32471 apply qos failed, errno = 4
09-19 15:00:01.109 31328 31328 E C01707/CONCUR: [Interface] task 32472 apply qos failed, errno = 4
09-19 15:00:01.111 31328 31328 E C01707/CONCUR: [Interface] task 32473 apply qos failed, errno = 4
09-19 15:00:01.235 31328 31328 E C01707/CONCUR: [Interface] task 32471 apply qos failed, errno = 4
09-19 15:00:01.237 31328 31328 E C01707/CONCUR: [Interface] task 32472 apply qos failed, errno = 4
09-19 15:00:01.239 31328 31328 E C01707/CONCUR: [Interface] task 32473 apply qos failed, errno = 4
09-19 15:00:01.244 31328 31328 E C01707/CONCUR: [Interface] task 32471 apply qos failed, errno = 4
09-19 15:00:01.246 31328 31328 E C01707/CONCUR: [Interface] task 32472 apply qos failed, errno = 4
09-19 15:00:01.248 31328 31328 E C01707/CONCUR: [Interface] task 32473 apply qos failed, errno = 4
09-19 15:00:01.282 31328 31328 E C01707/CONCUR: [Interface] task 32471 apply qos failed, errno = 4
09-19 15:00:01.285 31328 31328 E C01707/CONCUR: [Interface] task 32472 apply qos failed, errno = 4
09-19 15:00:01.287 31328 31328 E C01707/CONCUR: [Interface] task 32473 apply qos failed, errno = 4
09-19 15:00:01.291 31328 31328 E C01707/CONCUR: [Interface] task 32471 apply qos failed, errno = 4
09-19 15:00:01.294 31328 31328 E C01707/CONCUR: [Interface] task 32472 apply qos failed, errno = 4
09-19 15:00:01.296 31328 31328 E C01707/CONCUR: [Interface] task 32473 apply qos failed, errno = 4
09-19 15:00:01.329 31328 31328 E C01707/CONCUR: [Interface] task 32471 apply qos failed, errno = 4
09-19 15:00:01.332 31328 31328 E C01707/CONCUR: [Interface] task 32472 apply qos failed, errno = 4
09-19 15:00:01.334 31328 31328 E C01707/CONCUR: [Interface] task 32473 apply qos failed, errno = 4
09-19 15:00:01.337 31328 31328 E C01707/CONCUR: [Interface] task 32471 apply qos failed, errno = 4
09-19 15:00:01.339 31328 31328 E C01707/CONCUR: [Interface] task 32472 apply qos failed, errno = 4
09-19 15:00:01.342 31328 31328 E C01707/CONCUR: [Interface] task 32473 apply qos failed, errno = 4
09-19 15:00:08.687 31328 32448 I C01310/AppDfr: [watchdog.cpp356]Thread may be blocked, not report time. currTime: 1789801208687, lastTime: 1789801201686
09-19 15:00:11.685 31328 32448 W C01310/AppDfr: [appfreeze_inner.cpp760]hisysevent write FREEZE_HALF_HIVIEW_LOG, pid:31328, packageName:, ret:0
09-19 15:00:11.685 31328 32448 W C02d06/XCollie: Sample freeze half file=freeze_20260919150011_31328.txt
09-19 15:00:11.685 31328 32448 I C01310/AppDfr: [appfreeze_inner.cpp595]start to sample freeze stack, eventName:THREAD_BLOCK_3S
09-19 15:00:11.685 31328 32448 W C01310/AppDfr: [appfreeze_inner.cpp627]submit reportAppFreeze, name:THREAD_BLOCK_3S, startTime:2026-09-19 15:00:11.685
09-19 15:00:11.685 31328 32448 E C02d06/XCollie: ThreadSampler initialize failed.
09-19 15:00:11.685 31328 32491 I C01201/EventHandler: EventHandler start dumper!
09-19 15:00:11.686 31328 32491 I C01201/EventHandler: EventHandler end dumper!
09-19 15:00:11.686 31328 32491 W C01310/AppDfr: [appfreeze_inner.cpp683]get mainhandler dump, eventName:THREAD_BLOCK_3S, endTime:2026-09-19 15:00:11.686, interval:1 ms
09-19 15:00:11.686 31328 32491 E C02d06/XCollie: no freeze callback
09-19 15:00:11.686 31328 32491 I C03f00/ArkCompiler: [ecmascript] GC statistic, count: 451, maxPause: 30.69, minPause: 0.347, averagePause: 1.21548, lastStartTime: 1789801211678, lastEndTime: 1789801211679, lastType: Local GC
09-19 15:00:11.686 31328 32491 I C01310/AppDfr: [appfreeze_inner.cpp388]heap info: HEAP_TOTAL_SIZE:18087936,HEAP_OBJECT_SIZE:15093280,HEAP_SHARED_SIZE:850216, process lifeTime: PROCESS_LIFETIME:187s
09-19 15:00:11.698 31328 32469 W C02d11/DfxUnwinder: Failed to step first frame, lr fallback
09-19 15:00:11.704 31328 32490 I C01310/AppDfr: [appfreeze_inner.cpp493]get main stack has finished less than 1s
09-19 15:00:11.704 31328 32490 W C01310/AppDfr: [appfreeze_inner.cpp788]NotifyAppFault:THREAD_BLOCK_3S, pid:31328, bundleName:com.example.callaite currentTime:2026-09-19 15:00:11.704, processExit:1 appfreezeInfo:freeze_20260919150011_31328.txt enbleMainThreadSample:0.
09-19 15:00:11.705 31328 32490 I C01311/AppMS: [app_mgr_proxy.cpp1740]called
09-19 15:00:11.723 31328 32588 W C057c1/IPCWorkThread: ThreadHandler: proto:0 policy:0 name:OS_IPC_4_32588 invoker:4085408
09-19 15:00:11.793 31328 32592 W C057c1/IPCWorkThread: ThreadHandler: proto:0 policy:0 name:OS_IPC_5_32592 invoker:4085984
09-19 15:00:14.686 31328 32448 W C01310/AppDfr: [watchdog.cpp178]get hitrace id is invalid.
09-19 15:00:14.686 31328 32448 W C02d06/XCollie: get lastest freeze file: , interval: 10733829.
09-19 15:00:14.686 31328 32448 I C01310/AppDfr: [appfreeze_inner.cpp605]stop to sample freeze stack, eventName:THREAD_BLOCK_6S freezeFile: enbleMainThreadSample:0.
09-19 15:00:14.686 31328 32448 W C01310/AppDfr: [appfreeze_inner.cpp627]submit reportAppFreeze, name:THREAD_BLOCK_6S, startTime:2026-09-19 15:00:14.686
09-19 15:00:14.687 31328 32492 I C01201/EventHandler: EventHandler start dumper!
09-19 15:00:14.687 31328 32492 I C01201/EventHandler: EventHandler end dumper!
09-19 15:00:14.687 31328 32492 W C01310/AppDfr: [appfreeze_inner.cpp683]get mainhandler dump, eventName:THREAD_BLOCK_6S, endTime:2026-09-19 15:00:14.687, interval:0 ms
09-19 15:00:14.687 31328 32492 E C02d06/XCollie: no freeze callback
09-19 15:00:14.687 31328 32492 I C03f00/ArkCompiler: [ecmascript] GC statistic, count: 572, maxPause: 30.69, minPause: 0.347, averagePause: 1.07433, lastStartTime: 1789801214671, lastEndTime: 1789801214672, lastType: Local GC
09-19 15:00:14.687 31328 32492 I C01310/AppDfr: [appfreeze_inner.cpp388]heap info: HEAP_TOTAL_SIZE:24379392,HEAP_OBJECT_SIZE:21278368,HEAP_SHARED_SIZE:850216, process lifeTime: PROCESS_LIFETIME:190s
09-19 15:00:14.687 31328 32492 I C01336/AMS: [AMC1927]RecordAppWithReason pid:31328, uid:20020063, killId:2000
09-19 15:00:14.688 31328 32492 I C01310/AppDfr: [appfreeze_inner.cpp537]Record result=0, pid=31328, uid=20020063, killId=2000
09-19 15:00:14.688 31328 32492 W C01310/AppDfr: [appfreeze_inner.cpp788]NotifyAppFault:THREAD_BLOCK_6S, pid:31328, bundleName:com.example.callaite currentTime:2026-09-19 15:00:14.688, processExit:1 appfreezeInfo: enbleMainThreadSample:0.
09-19 15:00:14.688 31328 32492 I C01311/AppMS: [app_mgr_proxy.cpp1740]called
09-19 15:00:14.689 31328 32492 I C01356/Recovery: [app_recovery.cpp193]begin
09-19 15:00:14.689 31328 32492 E C01356/Recovery: [app_recovery.cpp180]not enabled
09-19 15:00:14.689 31328 32492 I C01356/Recovery: [app_recovery.cpp282]scheduleRecoverApp  begin
09-19 15:00:14.773 31328 32622 W C057c1/IPCWorkThread: ThreadHandler: proto:0 policy:0 name:OS_IPC_6_32622 invoker:4083680
catcher cmd: hilog -z 1000 -P end time: 2026/09/19-15:00:14:810
---------------------------------------------------

---------------------------------------------------
catcher cmd: hidumper --cpuusage start time: 2026/09/19-15:00:14:810

catcher cmd: hidumper --cpuusage 

-------------------------------[cpuusage]-------------------------------

Load average: 0.42 / 0.20 / 0.13; the cpu load average in 1 min, 5 min and 15 min
CPU usage from 2026-09-19 15:00:12 to 2026-09-19 15:00:14
Total: 18.74%; User Space: 17.40%; Kernel Space: 1.34%; iowait: 0.10%; irq: 0.00%; idle: 81.15%
Details of Processes:
    PID   Total Usage	   User Space    Kernel Space    Page Fault Minor    Page Fault Major    Name
    31328     25.79%          24.90%          0.89%           51806                   2            com.example.callaite
    129        0.47%           0.08%          0.39%         1621252                5360            hiview         
    1          0.43%           0.09%          0.34%           48231                 419            init           
    30         0.41%           0.00%          0.41%               0                   0            kauditd        
    108        0.21%           0.20%          0.01%          183802               28140            hilogd         
    31331      0.17%           0.00%          0.17%               0                   0            kworker/0:0-events
    454        0.15%           0.01%          0.14%           50620                2102            distributeddata
    514        0.08%           0.07%          0.01%             983                  37            sensor_host    
    32552      0.08%           0.04%          0.05%            6637                   3            hidumper_service
    730        0.07%           0.03%          0.05%         1901061               84784            foundation     
    603        0.05%           0.04%          0.01%            1864                  29            sensors        
    647        0.04%           0.04%          0.00%            5497                 925            powermgr       
    1893       0.04%           0.02%          0.02%          494695              103676            com.ohos.sceneboard
    10         0.04%           0.00%          0.04%               0                   0            rcu_sched      
    1020       0.03%           0.02%          0.01%            8766                1101            locationhub    
    341        0.03%           0.02%          0.01%            3955                 679            file_monitor_service
    878        0.03%           0.01%          0.02%         1104373                  16            hdcd           
    563        0.03%           0.00%          0.03%            1286                  75            composer_host  
    278        0.03%           0.00%          0.03%           23379                3508            resource_schedule_service
    289        0.02%           0.01%          0.01%           14744                 272            accesstoken_service
    606        0.02%           0.00%          0.02%           46307                 116            security_guard 
    127        0.02%           0.00%          0.02%            3769                  80            samgr          
    1618       0.01%           0.01%          0.00%           13338                 786            com.huawei.hms.pushservice
    1340       0.01%           0.01%          0.00%            2744                 624            com.huawei.hmsapp.samplemanagement
    981        0.01%           0.01%          0.00%            3988                 750            deviceprofile  
    836        0.01%           0.01%          0.00%            9838                1597            CollaborationFwk
    815        0.01%           0.01%          0.00%            1956                  35            aps_manager    
    813        0.01%           0.01%          0.00%            4017                  89            av_session     
    656        0.01%           0.01%          0.00%            7354                  32            netsysnative   
    458        0.01%           0.01%          0.00%            3198                 683            device_manager 
    313        0.01%           0.01%          0.00%           17393                2070            telephony      
    299        0.01%           0.01%          0.00%           36085                1903            netmanager     
    2046       0.01%           0.00%          0.01%           10105                 425            index_insert_service
    233        0.01%           0.00%          0.01%            5062                  39            memmgrservice  
    97         0.01%           0.00%          0.01%               0                   0            jbd2/vdd-8     
    84         0.01%           0.00%          0.01%               0                   0            kworker/3:1H-kblockd
    69         0.01%           0.00%          0.01%               0                   0            snapshotd      
    25         0.01%           0.00%          0.01%               0                   0            ksoftirqd/3    
    9          0.01%           0.00%          0.01%               0                   0            ksoftirqd/0    
    32445      0.00%           0.00%          0.00%              63                   0            apppool        
    31572      0.00%           0.00%          0.00%               0                   0            kworker/u8:2   
    31164      0.00%           0.00%          0.00%               0                   0            kworker/2:2    
    30887      0.00%           0.00%          0.00%            3590                   1            clouddevelopproxy
    30858      0.00%           0.00%          0.00%            2070                   0            installs       
    29392      0.00%           0.00%          0.00%               0                   0            kworker/u8:0-flush-254:48
    27169      0.00%           0.00%          0.00%               0                   0            kworker/1:3-events
    27165      0.00%           0.00%          0.00%               0                   0            kworker/1:2-events
    27133      0.00%           0.00%          0.00%               0                   0            kworker/2:0-events
    17660      0.00%           0.00%          0.00%               0                   0            kworker/u8:1-ext4-rsv-conversion
    11007      0.00%           0.00%          0.00%               0                   0            kworker/0:2    
    8814       0.00%           0.00%          0.00%               0                   0            kworker/0:1-events
    7519       0.00%           0.00%          0.00%               0                   0            kworker/3:0-events
    5387       0.00%           0.00%          0.00%            1892                  17            cert_manager_service
    3557       0.00%           0.00%          0.00%               0                   0            kworker/3:2    
    3420       0.00%           0.00%          0.00%            6562                  28            atomicservice_ecological_rule_manager
    2793       0.00%           0.00%          0.00%            2549                 202            device_activate_service
    2728       0.00%           0.00%          0.00%            4070                 303            pasteboard_service
    2717       0.00%           0.00%          0.00%            3306                   0            QemuParams     
    2716       0.00%           0.00%          0.00%            3283                   0            QemuParams     
    2715       0.00%           0.00%          0.00%            3322                   1            QemuParams     
    2711       0.00%           0.00%          0.00%            3283                   0            QemuParams     
    2500       0.00%           0.00%          0.00%           11601                3206            com.ohos.sceneboard:EngineServiceAbility:1
    2160       0.00%           0.00%          0.00%           14517                 450            com.ohos.contactsdataability
    2099       0.00%           0.00%          0.00%             818                   3            deviceinfoservice
    2000       0.00%           0.00%          0.00%           25444                 848            com.ohos.medialibrary.medialibrarydata
    1941       0.00%           0.00%          0.00%            6402                 315            com.huawei.hmsapp.intelligent
    1915       0.00%           0.00%          0.00%           11821                 339            com.huawei.hms.adsservice
    1841       0.00%           0.00%          0.00%            5313                 332            appgallery_service
    1804       0.00%           0.00%          0.00%               0                   0            dfs_srv_wb3    
    1803       0.00%           0.00%          0.00%               0                   0            dfs_sb_wb3     
    1802       0.00%           0.00%          0.00%               0                   0            dfs_ino_wb3    
    1801       0.00%           0.00%          0.00%               0                   0            share_item_time
    1795       0.00%           0.00%          0.00%               0                   0            dfs_srv_wb2    
    1794       0.00%           0.00%          0.00%               0                   0            dfs_sb_wb2     
    1793       0.00%           0.00%          0.00%               0                   0            dfs_ino_wb2    
    1792       0.00%           0.00%          0.00%               0                   0            share_item_time
    1791       0.00%           0.00%          0.00%               0                   0            dfs_srv_wb1    
    1790       0.00%           0.00%          0.00%               0                   0            dfs_sb_wb1     
    1789       0.00%           0.00%          0.00%               0                   0            dfs_ino_wb1    
    1788       0.00%           0.00%          0.00%               0                   0            share_item_time
    1601       0.00%           0.00%          0.00%               0                   0            psimon         
    1370       0.00%           0.00%          0.00%            1923                  26            dcm_service    
    1369       0.00%           0.00%          0.00%            2463                  56            asset_service  
    1346       0.00%           0.00%          0.00%            1194                 262            com.huawei.hmos.location
    1327       0.00%           0.00%          0.00%            2836                 656            com.huawei.emulatormultiscreen
    1323       0.00%           0.00%          0.00%            2290                  33            nwebspawn      
    1193       0.00%           0.00%          0.00%             794                  17            location_host  
    1146       0.00%           0.00%          0.00%            1847                  37            wpa_host       
    835        0.00%           0.00%          0.00%            4260                 102            accountmgr     
    797        0.00%           0.00%          0.00%            6376                 143            camera_service 
    792        0.00%           0.00%          0.00%            2775                  27            client_cloud_cache_service
    762        0.00%           0.00%          0.00%             465                   3            data_monitor_service
    739        0.00%           0.00%          0.00%            1591                  19            drm_service    
    729        0.00%           0.00%          0.00%          157798               81310            render_service 
    728        0.00%           0.00%          0.00%            5259                 169            hianalytics    
    716        0.00%           0.00%          0.00%            4146                 811            huawei_id_svc  
    697        0.00%           0.00%          0.00%           23085                  37            inputmethod_service
    681        0.00%           0.00%          0.00%            1993                  18            media_monitor  
    664        0.00%           0.00%          0.00%            9881                 297            media_service  
    636        0.00%           0.00%          0.00%            1482                  62            privacy_service
    617        0.00%           0.00%          0.00%            1154                   9            av_codec_service
    613        0.00%           0.00%          0.00%            1160                  10            pin_auth_host  
    602        0.00%           0.00%          0.00%            6816                1015            softbus_server 
    581        0.00%           0.00%          0.00%            1659                   9            ui_service     
    572        0.00%           0.00%          0.00%            2563                  64            useriam        
    561        0.00%           0.00%          0.00%            1042                   7            allocator_host 
    559        0.00%           0.00%          0.00%             770                   7            blue_host      
    558        0.00%           0.00%          0.00%             702                   4            usb_host       
    554        0.00%           0.00%          0.00%           18306                  30            power_host     
    551        0.00%           0.00%          0.00%            1219                  39            wifi_host      
    545        0.00%           0.00%          0.00%             927                  35            audio_host     
    534        0.00%           0.00%          0.00%            1354                  41            camera_host    
    517        0.00%           0.00%          0.00%             649                   0            input_user_host
    498        0.00%           0.00%          0.00%             772                   7            vibrator_host  
    495        0.00%           0.00%          0.00%             773                   6            light_host     
    447        0.00%           0.00%          0.00%            7094                 241            wifi_manager_service
    428        0.00%           0.00%          0.00%             865                  10            codec_host     
    423        0.00%           0.00%          0.00%             807                   9            face_auth_host 
    422        0.00%           0.00%          0.00%            1170                  25            user_auth_host 
    417        0.00%           0.00%          0.00%             755                  15            fingerprint_auth_host
    395        0.00%           0.00%          0.00%            2577                  42            time_service   
    363        0.00%           0.00%          0.00%           17189                1998            push_manager_service
    360        0.00%           0.00%          0.00%            7353                1099            msdp           
    314        0.00%           0.00%          0.00%            3753                 766            wallpaper_service
    254        0.00%           0.00%          0.00%            2001                  25            resource_schedule_executor
    235        0.00%           0.00%          0.00%            7028                 202            multimodalinput
    226        0.00%           0.00%          0.00%            3283                  45            huks_service   
    203        0.00%           0.00%          0.00%            1650                  23            dlp_credential_service_sa
    195        0.00%           0.00%          0.00%             812                   4            concurrent_task_service
    194        0.00%           0.00%          0.00%            6671                 342            audio_server   
    186        0.00%           0.00%          0.00%            9201                1255            accessibility  
    136        0.00%           0.00%          0.00%            3090                 348            QemuParams     
    135        0.00%           0.00%          0.00%           52046                4675            appspawn       
    133        0.00%           0.00%          0.00%             782                  13            hdf_devmgr     
    128        0.00%           0.00%          0.00%            1240                   7            param_watcher  
    123        0.00%           0.00%          0.00%            2284                  77            storage_daemon 
    122        0.00%           0.00%          0.00%            1716                  30            storage_manager
    107        0.00%           0.00%          0.00%             628                  17            faultloggerd   
    100        0.00%           0.00%          0.00%            1408                   4            ueventd        
    98         0.00%           0.00%          0.00%               0                   0            ext4-rsv-conver
    93         0.00%           0.00%          0.00%               0                   0            ext4-rsv-conver
    92         0.00%           0.00%          0.00%               0                   0            ext4-rsv-conver
    91         0.00%           0.00%          0.00%               0                   0            ext4-rsv-conver
    85         0.00%           0.00%          0.00%               0                   0            cache_freed    
    83         0.00%           0.00%          0.00%               0                   0            ipv6_addrconf  
    82         0.00%           0.00%          0.00%               0                   0            kworker/0:1H-kblockd
    80         0.00%           0.00%          0.00%               0                   0            ion_system_heap
    77         0.00%           0.00%          0.00%               0                   0            scsi_tmf_1     
    76         0.00%           0.00%          0.00%               0                   0            scsi_eh_1      
    75         0.00%           0.00%          0.00%               0                   0            scsi_tmf_0     
    74         0.00%           0.00%          0.00%               0                   0            scsi_eh_0      
    73         0.00%           0.00%          0.00%               0                   0            kworker/2:1H-kblockd
    71         0.00%           0.00%          0.00%               0                   0            nfsiod         
    70         0.00%           0.00%          0.00%               0                   0            zswapd0        
    68         0.00%           0.00%          0.00%               0                   0            kswapd0        
    67         0.00%           0.00%          0.00%               0                   0            cfg80211       
    66         0.00%           0.00%          0.00%               0                   0            xprtiod        
    65         0.00%           0.00%          0.00%               0                   0            kworker/u9:0   
    64         0.00%           0.00%          0.00%               0                   0            rpciod         
    63         0.00%           0.00%          0.00%               0                   0            kworker/1:1H-kblockd
    62         0.00%           0.00%          0.00%               0                   0            ata_sff        
    61         0.00%           0.00%          0.00%               0                   0            kblockd        
    46         0.00%           0.00%          0.00%               0                   0            kworker/2:1-events
    35         0.00%           0.00%          0.00%               0                   0            kcompactd0     
    34         0.00%           0.00%          0.00%               0                   0            writeback      
    33         0.00%           0.00%          0.00%               0                   0            oom_reaper     
    29         0.00%           0.00%          0.00%               0                   0            netns          
    28         0.00%           0.00%          0.00%               0                   0            kdevtmpfs      
    27         0.00%           0.00%          0.00%               0                   0            kworker/3:0H-events_highpri
    24         0.00%           0.00%          0.00%               0                   0            migration/3    
    23         0.00%           0.00%          0.00%               0                   0            cpuhp/3        
    22         0.00%           0.00%          0.00%               0                   0            kworker/2:0H-kblockd
    20         0.00%           0.00%          0.00%               0                   0            ksoftirqd/2    
    19         0.00%           0.00%          0.00%               0                   0            migration/2    
    18         0.00%           0.00%          0.00%               0                   0            cpuhp/2        
    17         0.00%           0.00%          0.00%               0                   0            kworker/1:0H-events_highpri
    15         0.00%           0.00%          0.00%               0                   0            ksoftirqd/1    
    14         0.00%           0.00%          0.00%               0                   0            migration/1    
    13         0.00%           0.00%          0.00%               0                   0            cpuhp/1        
    12         0.00%           0.00%          0.00%               0                   0            cpuhp/0        
    11         0.00%           0.00%          0.00%               0                   0            migration/0    
    8          0.00%           0.00%          0.00%               0                   0            mm_percpu_wq   
    6          0.00%           0.00%          0.00%               0                   0            kworker/0:0H-events_highpri
    4          0.00%           0.00%          0.00%               0                   0            rcu_par_gp     
    3          0.00%           0.00%          0.00%               0                   0            rcu_gp         
    2          0.00%           0.00%          0.00%               0                   0            kthreadd       
catcher cmd: hidumper --cpuusage end time: 2026/09/19-15:00:15:600
---------------------------------------------------

---------------------------------------------------
CpuCoreInfoCatcher -- start time: 2026/09/19-15:00:15:600

CpuCoreInfoCatcher --

cpu, userUsage=0.186047

cpu0, userUsage=0.041916

cpu1, userUsage=0.830579

cpu2, userUsage=0.026471

cpu3, userUsage=0.024024

cpu0, cpuFreq=0, minFreq=0, maxFreq=0

cpu1, cpuFreq=0, minFreq=0, maxFreq=0

cpu2, cpuFreq=0, minFreq=0, maxFreq=0

cpu3, cpuFreq=0, minFreq=0, maxFreq=0

---------------------------------------------------
collect StabilityGetTempFreqInfo start time: 2026/09/19-15:00:15:604

Freq: bigCur: , bigMax: , midCur: , midMax: , litCur: , litMax: 
IPA: 

collect StabilityGetTempFreqInfo end time: 2026/09/19-15:00:15:604
---------------------------------------------------
CpuCoreInfoCatcher -- end time: 2026/09/19-15:00:15:604
---------------------------------------------------

---------------------------------------------------
MemoryCatcher -- start time: 2026/09/19-15:00:15:604

MemoryCatcher --

Get freeze memory start time: 2026-09-19 15:00:14.689
some avg10=0.00 avg60=0.00 avg300=0.00 total=3315768
full avg10=0.00 avg60=0.00 avg300=0.00 total=755769
MemTotal:        4025340 kB
MemFree:         2192476 kB
MemAvailable:    2775260 kB
Buffers:            7240 kB
Cached:           615908 kB
SwapCached:        27188 kB
Active:           469624 kB
Inactive:         965372 kB
Active(anon):      61368 kB
Inactive(anon):   770632 kB
Active(file):     408256 kB
Inactive(file):   194740 kB
Unevictable:           0 kB
Mlocked:               0 kB
SwapTotal:       2097148 kB
SwapFree:        1888764 kB
Dirty:               264 kB
Writeback:             0 kB
AnonPages:        800256 kB
Mapped:           317748 kB
Shmem:             20152 kB
KReclaimable:      45860 kB
Slab:             123248 kB
SReclaimable:      45860 kB
SUnreclaim:        77388 kB
KernelStack:       18816 kB
PageTables:        35356 kB
NFS_Unstable:          0 kB
Bounce:                0 kB
WritebackTmp:          0 kB
CommitLimit:     4109816 kB
Committed_AS:   26564712 kB
VmallocTotal:   34359738367 kB
VmallocUsed:       89472 kB
VmallocChunk:          0 kB
Percpu:             1488 kB
DirectMap4k:       24388 kB
DirectMap2M:     4169728 kB
Get freeze memory end time: 2026-09-19 15:00:14.689
don't collect ashmem dmaheap gpumem
MemoryCatcher -- end time: 2026/09/19-15:00:15:608
---------------------------------------------------

---------------------------------------------------
catcher cmd: hidumper -s 1910 -a DumpAppMap start time: 2026/09/19-15:00:15:608

catcher cmd: hidumper -s 1910 -a DumpAppMap 
catcher cmd: hidumper -s 1910 -a DumpAppMap end time: 2026/09/19-15:00:15:620
---------------------------------------------------

---------------------------------------------------
ThermalInfoCatcher -- start time: 2026/09/19-15:00:15:620

ThermalInfoCatcher --

ThermalLevel info: 0
ThermalInfoCatcher -- end time: 2026/09/19-15:00:15:625
---------------------------------------------------

---------------------------------------------------
SummaryLogInfoCatcher -- start time: 2026/09/19-15:00:15:625

SummaryLogInfoCatcher --

SummaryLogInfoCatcher -- end time: 2026/09/19-15:00:15:629
---------------------------------------------------


Catcher log total time is 843ms
