Generated by HiviewDFX@OpenHarmony
================================================================
Device info:emulator
Build info:emulator 7.0.0.106(SP1DEVC00E999R4P11)
DeviceDebuggable:No
Fingerprint:36e7c688b689ff8fac502a0dcbd80032ba743371ffabe68a0258e0fcc8af3d77
Module name:com.example.callaite
ReleaseType:debug
CpuAbi:x86_64
Version:1.0.0
VersionCode:1000000
IsSystemApp:No
PreInstalled:No
Foreground:Yes
Pid:11401
Uid:20020063
App running unique id:55793628785393156
Process life time:34s
Process Memory(kB): 202316(Rss)
Device Memory(kB): Total 4025340, Free 2096448, Available 2747436
Reason:THREAD_BLOCK_6S
appfreeze: com.example.callaite THREAD_BLOCK_6S at 20260919135727
DisplayPowerInfo:powerState:UNKNOWN
Page switch history:
  13:57:11.236 :enters foreground
>>>>>>>>>>>>>>>>>>>>>>>>>>>>>>>>>>>>>>>>>>>
DOMAIN:AAFWK
STRINGID:THREAD_BLOCK_6S
TIMESTAMP:2026/09/19-13:57:27:64
PID:11401
UID:20020063
PACKAGE_NAME:com.example.callaite
PROCESS_NAME:com.example.callaite

*******************************************
start time: 2026/09/19-13:57:24:088
DOMAIN = AAFWK
EVENTNAME = THREAD_BLOCK_3S
TIMESTAMP = 2026/09/19-13:57:24:85
PID = 11401
UID = 20020063
TID = 11401
PACKAGE_NAME = com.example.callaite
PROCESS_NAME = com.example.callaite
eventLog_action = ffrt,t,GpuStack,cmd:m,hot
eventLog_interval = 10
this thread has blocked 3000ms.
IS_FROZEN = 0
MainHeap(bytes): Used 18959136, Total 21757952
SharedHeap(bytes): Used 850456, Total 815792128
GC Status: count 455, maxPause 22.639ms, minPause 0.395ms, averagePause 1.24243ms, lastStartTime 2026/09/19-13:57:23.961, lastEndTime 2026/09/19-13:57:23.961, lastType Local GC
I/O(bytes): rchar 1266087, wchar 60827, syscr 309, syscw 631, read_bytes 0, write_bytes 69632, cancelled_write_bytes 32768
MSG = 
Fault time:2026/09/19-13:57:23
App main thread is not response!

Main handler dump start time: 2026-09-19 13:57:23.973
mainHandler dump is:
 EventHandler dump begin curTime: 2026-09-19 13:57:23.974
 Event runner (Thread name = , Thread ID = 11401) is running
 Current Running: start at 2026-09-19 13:57:11.404, Event { send thread = 11401, send time = 2026-09-19 13:57:11.404, handle time = 2026-11-08 06:59:58.698, trigger time = 2026-09-19 13:57:11.404, task name = vSyncTask, caller = [event_queue.cpp(PostTaskForVsync:235)] }
 History event queue information:
 No. 0 : Event { send thread = 11401, send time = 2026-09-19 13:57:11.315, handle time = 2026-09-19 13:57:11.315, trigger time = 2026-09-19 13:57:11.324, completeTime time = 2026-09-19 13:57:11.324, priority = Low, task name = ArkUIParseI18nJsonInfo, caller = [task_runner_adapter_impl.cpp(PostTask:35)] }
 No. 1 : Event { send thread = 11401, send time = 2026-09-19 13:57:11.315, handle time = 2026-09-19 13:57:11.315, trigger time = 2026-09-19 13:57:11.324, completeTime time = 2026-09-19 13:57:11.401, priority = Low, task name = ArkUIRunPageUrl, caller = [task_runner_adapter_impl.cpp(PostTask:35)] }
 No. 2 : Event { send thread = 11650, send time = 2026-09-19 13:57:11.386, handle time = 2026-09-19 13:57:11.386, trigger time = 2026-09-19 13:57:11.401, completeTime time = 2026-09-19 13:57:11.401, priority = Immediate, task name = GetBundleInfoForSelf, caller = [ohos_js_environment_impl.cpp(PostTaskToHandler:72)] }
 No. 3 : Event { send thread = 11625, send time = 2026-09-19 13:57:11.368, handle time = 2026-09-19 13:57:11.368, trigger time = 2026-09-19 13:57:11.401, completeTime time = 2026-09-19 13:57:11.403, priority = High, task name = JsWindowManager::OnGetTopWindow, caller = [ohos_js_environment_impl.cpp(PostTaskToHandler:72)] }
 No. 4 : Event { send thread = 11401, send time = 2026-09-19 13:57:11.316, handle time = 2026-09-19 13:57:11.316, trigger time = 2026-09-19 13:57:11.403, completeTime time = 2026-09-19 13:57:11.403, priority = Low, task name = ArkUISetSingleHandTransform, caller = [task_runner_adapter_impl.cpp(PostTask:35)] }
 No. 5 : Event { send thread = 11401, send time = 2026-09-19 13:57:11.316, handle time = 2026-09-19 13:57:11.316, trigger time = 2026-09-19 13:57:11.403, completeTime time = 2026-09-19 13:57:11.403, priority = Low, task name = ArkUIStatusBarItemColor, caller = [task_runner_adapter_impl.cpp(PostTask:35)] }
 No. 6 : Event { send thread = 11401, send time = 2026-09-19 13:57:11.316, handle time = 2026-09-19 13:57:11.316, trigger time = 2026-09-19 13:57:11.403, completeTime time = 2026-09-19 13:57:11.403, priority = Low, task name = ArkUINotifyWindowMode, caller = [task_runner_adapter_impl.cpp(PostTask:35)] }
 No. 7 : Event { send thread = 11401, send time = 2026-09-19 13:57:11.319, handle time = 2026-09-19 13:57:11.319, trigger time = 2026-09-19 13:57:11.403, completeTime time = 2026-09-19 13:57:11.403, priority = Low, task name = ArkUIUpdateBrightness, caller = [task_runner_adapter_impl.cpp(PostTask:35)] }
 No. 8 : Event { send thread = 11401, send time = 2026-09-19 13:57:11.319, handle time = 2026-09-19 13:57:11.319, trigger time = 2026-09-19 13:57:11.403, completeTime time = 2026-09-19 13:57:11.403, priority = Low, task name = ArkUIUpdateViewportConfig, caller = [task_runner_adapter_impl.cpp(PostTask:35)] }
 No. 9 : Event { send thread = 11401, send time = 2026-09-19 13:57:11.319, handle time = 2026-09-19 13:57:11.319, trigger time = 2026-09-19 13:57:11.403, completeTime time = 2026-09-19 13:57:11.403, priority = Low, task name = ArkUIUpdateSessionViewportConfig, caller = [task_runner_adapter_impl.cpp(PostTask:35)] }
 No. 10 : Event { send thread = 11401, send time = 2026-09-19 13:57:11.320, handle time = 2026-09-19 13:57:11.320, trigger time = 2026-09-19 13:57:11.403, completeTime time = 2026-09-19 13:57:11.403, priority = Low, task name = ArkUIFrontendActive, caller = [task_runner_adapter_impl.cpp(PostTask:35)] }
 No. 11 : Event { send thread = 11401, send time = 2026-09-19 13:57:11.320, handle time = 2026-09-19 13:57:11.320, trigger time = 2026-09-19 13:57:11.403, completeTime time = 2026-09-19 13:57:11.403, priority = Low, task name = ArkUIWindowFocus, caller = [task_runner_adapter_impl.cpp(PostTask:35)] }
 No. 12 : Event { send thread = 11401, send time = 2026-09-19 13:57:11.320, handle time = 2026-09-19 13:57:11.320, trigger time = 2026-09-19 13:57:11.403, completeTime time = 2026-09-19 13:57:11.403, priority = Low, task name = ArkUISetOnWindowFocusedCallback, caller = [task_runner_adapter_impl.cpp(PostTask:35)] }
 No. 13 : Event { send thread = 11401, send time = 2026-09-19 13:57:11.320, handle time = 2026-09-19 13:57:11.320, trigger time = 2026-09-19 13:57:11.403, completeTime time = 2026-09-19 13:57:11.404, priority = Low, task name = ArkUIFrontendActive, caller = [task_runner_adapter_impl.cpp(PostTask:35)] }
 No. 14 : Event { send thread = 11401, send time = 2026-09-19 13:57:11.320, handle time = 2026-09-19 13:57:11.320, trigger time = 2026-09-19 13:57:11.404, completeTime time = 2026-09-19 13:57:11.404, priority = Low, task name = ArkUIWindowActivate, caller = [task_runner_adapter_impl.cpp(PostTask:35)] }
 No. 15 : Event { send thread = 11401, send time = 2026-09-19 13:57:11.320, handle time = 2026-09-19 13:57:11.320, trigger time = 2026-09-19 13:57:11.404, completeTime time = 2026-09-19 13:57:11.404, priority = Low, task name = ArkUISetWindowScale, caller = [task_runner_adapter_impl.cpp(PostTask:35)] }
 No. 16 : Event { send thread = 11401, send time = 2026-09-19 13:57:11.320, handle time = 2026-09-19 13:57:11.320, trigger time = 2026-09-19 13:57:11.404, completeTime time = 2026-09-19 13:57:11.404, priority = Low, task name = ArkUIWindowRectChange, caller = [task_runner_adapter_impl.cpp(PostTask:35)] }
 No. 17 : Event { send thread = 11401, send time = 2026-09-19 13:57:11.321, handle time = 2026-09-19 13:57:11.321, trigger time = 2026-09-19 13:57:11.404, completeTime time = 2026-09-19 13:57:11.404, priority = Low, task name = ArkUIUpdateOriginAvoidAreaAndExecuteKeyboardAvoid, caller = [task_runner_adapter_impl.cpp(PostTask:35)] }
 No. 18 : Event { send thread = 11401, send time = 2026-09-19 13:57:11.322, handle time = 2026-09-19 13:57:11.322, trigger time = 2026-09-19 13:57:11.404, completeTime time = 2026-09-19 13:57:11.404, priority = Low, task name = ArkUIWindowRectChange, caller = [task_runner_adapter_impl.cpp(PostTask:35)] }
 No. 19 : Event { send thread = 11401, send time = 2026-09-19 13:57:11.323, handle time = 2026-09-19 13:57:11.323, trigger time = 2026-09-19 13:57:11.404, completeTime time = 2026-09-19 13:57:11.404, priority = Low, task name = ArkUIUpdateOriginAvoidAreaAndExecuteKeyboardAvoid, caller = [task_runner_adapter_impl.cpp(PostTask:35)] }
 No. 20 : Event { send thread = 11401, send time = 2026-09-19 13:57:11.319, handle time = 2026-09-19 13:57:11.370, trigger time = 2026-09-19 13:57:11.404, completeTime time = 2026-09-19 13:57:11.404, priority = Low, task name = ArkUIIdleTask, caller = [task_runner_adapter_impl.cpp(PostDelayedTask:46)] }
 No. 21 : Event { send thread = 11401, send time = 2026-09-19 13:57:11.404, handle time = 2026-11-08 06:59:58.698, trigger time = 2026-09-19 13:57:11.404, completeTime time = , priority = VIP, task name = vSyncTask, caller = [event_queue.cpp(PostTaskForVsync:235)] }
 No. 22 : Event { send thread = 11401, send time = 2026-09-19 13:57:11.286, handle time = 2026-09-19 13:57:11.286, trigger time = 2026-09-19 13:57:11.321, completeTime time = 2026-09-19 13:57:11.321, priority = Low, task name = ArkUIFillTaskTypeTable, caller = [task_runner_adapter_impl.cpp(PostTask:35)] }
 No. 23 : Event { send thread = 11401, send time = 2026-09-19 13:57:11.286, handle time = 2026-09-19 13:57:11.286, trigger time = 2026-09-19 13:57:11.321, completeTime time = 2026-09-19 13:57:11.321, priority = Low, task name = ArkUIFillTaskTypeTable, caller = [task_runner_adapter_impl.cpp(PostTask:35)] }
 No. 24 : Event { send thread = 11401, send time = 2026-09-19 13:57:11.286, handle time = 2026-09-19 13:57:11.286, trigger time = 2026-09-19 13:57:11.321, completeTime time = 2026-09-19 13:57:11.321, priority = Low, task name = ArkUIFillTaskTypeTable, caller = [task_runner_adapter_impl.cpp(PostTask:35)] }
 No. 25 : Event { send thread = 11401, send time = 2026-09-19 13:57:11.286, handle time = 2026-09-19 13:57:11.286, trigger time = 2026-09-19 13:57:11.321, completeTime time = 2026-09-19 13:57:11.321, priority = Low, task name = ArkUIFillTaskTypeTable, caller = [task_runner_adapter_impl.cpp(PostTask:35)] }
 No. 26 : Event { send thread = 11401, send time = 2026-09-19 13:57:11.287, handle time = 2026-09-19 13:57:11.287, trigger time = 2026-09-19 13:57:11.321, completeTime time = 2026-09-19 13:57:11.321, priority = Low, task name = ArkUISetJsMessageDispatcher, caller = [task_runner_adapter_impl.cpp(PostTask:35)] }
 No. 27 : Event { send thread = 11401, send time = 2026-09-19 13:57:11.288, handle time = 2026-09-19 13:57:11.288, trigger time = 2026-09-19 13:57:11.321, completeTime time = 2026-09-19 13:57:11.321, priority = Low, task name = ArkUIPageSwitchLogStatusChanged, caller = [task_runner_adapter_impl.cpp(PostTask:35)] }
 No. 28 : Event { send thread = 11401, send time = 2026-09-19 13:57:11.302, handle time = 2026-09-19 13:57:11.302, trigger time = 2026-09-19 13:57:11.321, completeTime time = 2026-09-19 13:57:11.322, priority = Low, task name = ArkUIFrontendActive, caller = [task_runner_adapter_impl.cpp(PostTask:35)] }
 No. 29 : Event { send thread = 11401, send time = 2026-09-19 13:57:11.302, handle time = 2026-09-19 13:57:11.302, trigger time = 2026-09-19 13:57:11.322, completeTime time = 2026-09-19 13:57:11.322, priority = Low, task name = ArkUIWindowFocus, caller = [task_runner_adapter_impl.cpp(PostTask:35)] }
 No. 30 : Event { send thread = 11623, send time = 2026-09-19 13:57:11.307, handle time = 2026-09-19 13:57:11.307, trigger time = 2026-09-19 13:57:11.322, completeTime time = 2026-09-19 13:57:11.323, priority = Low, task name = WMS_WindowSessionImpl_UpdateRectForOtherReason, caller = [window_session_impl.cpp(UpdateRectForOtherReason:1693)] }
 No. 31 : Event { send thread = 11401, send time = 2026-09-19 13:57:11.323, handle time = 2026-09-19 13:57:11.323, trigger time = 2026-09-19 13:57:11.323, completeTime time = 2026-09-19 13:57:11.323, priority = VIP, task name = UpdateDisplayValid5, caller = [native_event.cpp(SendEventByEventHandler:322)] }
 VIP priority event queue information:
 No.1 : Event { send thread = 11620, send time = 2026-09-19 13:57:13.972, handle time = 2026-09-19 13:57:13.972, id = 1, caller = [watchdog.cpp(Timer:303)] }
 No.2 : Event { send thread = 11620, send time = 2026-09-19 13:57:20.973, handle time = 2026-09-19 13:57:20.973, id = 1, caller = [watchdog.cpp(Timer:303)] }
 No.3 : Event { send thread = 11620, send time = 2026-09-19 13:57:23.974, handle time = 2026-09-19 13:57:23.974, id = 1, caller = [watchdog.cpp(Timer:303)] }
 Total size of VIP events : 3
 Immediate priority event queue information:
 Total size of Immediate events : 0
 High priority event queue information:
 No.1 : Event { send thread = 11401, send time = 2026-09-19 13:57:11.404, handle time = 2026-09-19 13:57:11.404, task name = uvLoopTask, caller = [event_queue.cpp(HandleFileDescriptorEvent:313)] }
 Total size of High events : 1
 Low priority event queue information:
 No.1 : Event { send thread = 11401, send time = 2026-09-19 13:57:11.410, handle time = 2026-09-19 13:57:11.461, task name = ArkUIIdleTask, caller = [task_runner_adapter_impl.cpp(PostDelayedTask:46)] }
 No.2 : Event { send thread = 11401, send time = 2026-09-19 13:57:11.410, handle time = 2026-09-19 13:57:11.910, task name = ArkUIVsyncTimeoutCheck, caller = [task_runner_adapter_impl.cpp(PostDelayedTask:46)] }
 No.3 : Event { send thread = 11401, send time = 2026-09-19 13:57:11.410, handle time = 2026-09-19 13:57:12.010, task name = vsync_time_out_task_48966922141697, caller = [vsync_station.cpp(RequestVsync:148)] }
 No.4 : Event { send thread = 11401, send time = 2026-09-19 13:57:11.053, handle time = 2026-09-19 13:57:12.053, task name = AppRecovery:AddAbility, caller = [app_recovery.cpp(AddAbility:133)] }
 No.5 : Event { send thread = 11401, send time = 2026-09-19 13:57:11.401, handle time = 2026-09-19 13:57:13.401, task name = ExtensionTransparentDetector, caller = [task_runner_adapter_impl.cpp(PostDelayedTask:46)] }
 No.6 : Event { send thread = 11401, send time = 2026-09-19 13:57:11.410, handle time = 2026-09-19 13:57:14.410, task name = ArkUIVsyncTimeoutCheck, caller = [task_runner_adapter_impl.cpp(PostDelayedTask:46)] }
 No.7 : Event { send thread = 11401, send time = 2026-09-19 13:57:11.364, handle time = 2026-09-19 13:57:16.364, task name = TriggerModuleSerializer, caller = [task_runner_adapter_impl.cpp(PostDelayedTask:46)] }
 Total size of Low events : 7
 Idle priority event queue information:
 No.1 : Event { send thread = 11637, send time = 2026-09-19 13:57:11.497, handle time = 2026-09-19 13:57:11.497, task name = uv_io_cb, caller = [ohos_js_environment_impl.cpp(PostTaskToHandler:72)] }
 No.2 : Event { send thread = 11637, send time = 2026-09-19 13:57:11.730, handle time = 2026-09-19 13:57:11.730, task name = uv_io_cb, caller = [ohos_js_environment_impl.cpp(PostTaskToHandler:72)] }
 Total size of Idle events : 2
 Total event size : 13
Main handler dump end time: 2026-09-19 13:57:23.974

Catche stack trace start time: 2026-09-19 13:57:23.994

Tid:11401, Name:xample.callaite
state=R, utime=1224, stime=61, priority=10, nice=-10, clk=100
#00 pc 0000000000d82bd8 /system/lib64/module/arkcompiler/stub.an(COStub_GrowElementsCapacityStwCopy+1160)
Tid:11618, Name:OS_IPC_0_11618
state=S, utime=0, stime=0, priority=0, nice=-20, clk=100
#00 pc 00000000000dc469 /system/lib/ld-musl-x86_64.so.1(ioctl+185)(74178aa6301b8bad2ac9b6d7f2361221)
#01 pc 0000000000010ca7 /system/lib64/platformsdk/libipc_common.z.so(OHOS::BinderConnector::WriteBinder(unsigned long, void*)+55)(ae9fe169bf1f8b0397c31ba1b67e0e94)
#02 pc 000000000007e34d /system/lib64/platformsdk/libipc_single.z.so(OHOS::BinderInvoker::TransactWithDriver(bool)+269)(216555c1ccaa2644568394a99c5a7547)
#03 pc 000000000007e71a /system/lib64/platformsdk/libipc_single.z.so(OHOS::BinderInvoker::StartWorkLoop()+106)(216555c1ccaa2644568394a99c5a7547)
#04 pc 0000000000080c28 /system/lib64/platformsdk/libipc_single.z.so(OHOS::BinderInvoker::JoinThread(bool)+40)(216555c1ccaa2644568394a99c5a7547)
#05 pc 00000000000769f5 /system/lib64/platformsdk/libipc_single.z.so(OHOS::IPCWorkThread::ThreadHandler(void*)+901)(216555c1ccaa2644568394a99c5a7547)
#06 pc 00000000001299e7 /system/lib/ld-musl-x86_64.so.1(74178aa6301b8bad2ac9b6d7f2361221)
#07 pc 0000000000090f8e /system/lib/ld-musl-x86_64.so.1(74178aa6301b8bad2ac9b6d7f2361221)
Tid:11619, Name:OS_IPC_1_11619
state=S, utime=0, stime=0, priority=0, nice=-20, clk=100
#00 pc 00000000000dc46b /system/lib/ld-musl-x86_64.so.1(ioctl+187)(74178aa6301b8bad2ac9b6d7f2361221)
#01 pc 0000000000010ca7 /system/lib64/platformsdk/libipc_common.z.so(OHOS::BinderConnector::WriteBinder(unsigned long, void*)+55)(ae9fe169bf1f8b0397c31ba1b67e0e94)
#02 pc 000000000007e34d /system/lib64/platformsdk/libipc_single.z.so(OHOS::BinderInvoker::TransactWithDriver(bool)+269)(216555c1ccaa2644568394a99c5a7547)
#03 pc 000000000007e71a /system/lib64/platformsdk/libipc_single.z.so(OHOS::BinderInvoker::StartWorkLoop()+106)(216555c1ccaa2644568394a99c5a7547)
#04 pc 0000000000080c28 /system/lib64/platformsdk/libipc_single.z.so(OHOS::BinderInvoker::JoinThread(bool)+40)(216555c1ccaa2644568394a99c5a7547)
#05 pc 00000000000769f5 /system/lib64/platformsdk/libipc_single.z.so(OHOS::IPCWorkThread::ThreadHandler(void*)+901)(216555c1ccaa2644568394a99c5a7547)
#06 pc 00000000001299e7 /system/lib/ld-musl-x86_64.so.1(74178aa6301b8bad2ac9b6d7f2361221)
#07 pc 0000000000090f8e /system/lib/ld-musl-x86_64.so.1(74178aa6301b8bad2ac9b6d7f2361221)
Tid:11620, Name:OS_DfxWatchdog
state=S, utime=0, stime=0, priority=0, nice=-20, clk=100
#00 pc 0000000000125ee9 /system/lib/ld-musl-x86_64.so.1(74178aa6301b8bad2ac9b6d7f2361221)
#01 pc 0000000000127883 /system/lib/ld-musl-x86_64.so.1(pthread_cond_timedwait+195)(74178aa6301b8bad2ac9b6d7f2361221)
#02 pc 00000000000c74e7 /system/lib64/chipset-sdk-sp/libc++.so(std::__h::condition_variable::__do_timed_wait(std::__h::unique_lock<std::__h::mutex>&, std::__h::chrono::time_point<std::__h::chrono::system_clock, std::__h::chrono::duration<long long, std::__h::ratio<1l, 1000000000l>>>)+103)(ca45f3285cb13d8a615c2dcf32305914fbc391ad)
#03 pc 00000000000245a0 /system/lib64/chipset-sdk-sp/libhicollie.z.so(0d0f332b1d543f1b44cdc8747e67264a)
#04 pc 00000000000242a1 /system/lib64/chipset-sdk-sp/libhicollie.z.so(0d0f332b1d543f1b44cdc8747e67264a)
#05 pc 000000000002c17d /system/lib64/chipset-sdk-sp/libhicollie.z.so(0d0f332b1d543f1b44cdc8747e67264a)
#06 pc 00000000001299e7 /system/lib/ld-musl-x86_64.so.1(74178aa6301b8bad2ac9b6d7f2361221)
#07 pc 0000000000090f8e /system/lib/ld-musl-x86_64.so.1(74178aa6301b8bad2ac9b6d7f2361221)
Tid:11621, Name:OS_FFRT_Delay
state=S, utime=0, stime=0, priority=0, nice=-20, clk=100
#00 pc 00000000000b837f /system/lib/ld-musl-x86_64.so.1(epoll_wait+31)(74178aa6301b8bad2ac9b6d7f2361221)
#01 pc 00000000000b2cda /system/lib64/ndk/libffrt.so(6014d53b82cd59820b512f223d249356)
#02 pc 00000000001299e7 /system/lib/ld-musl-x86_64.so.1(74178aa6301b8bad2ac9b6d7f2361221)
#03 pc 0000000000090f8e /system/lib/ld-musl-x86_64.so.1(74178aa6301b8bad2ac9b6d7f2361221)
Tid:11623, Name:OS_IPC_2_11623
state=S, utime=0, stime=0, priority=0, nice=-20, clk=100
#00 pc 00000000000dc46b /system/lib/ld-musl-x86_64.so.1(ioctl+187)(74178aa6301b8bad2ac9b6d7f2361221)
#01 pc 0000000000010ca7 /system/lib64/platformsdk/libipc_common.z.so(OHOS::BinderConnector::WriteBinder(unsigned long, void*)+55)(ae9fe169bf1f8b0397c31ba1b67e0e94)
#02 pc 000000000007e34d /system/lib64/platformsdk/libipc_single.z.so(OHOS::BinderInvoker::TransactWithDriver(bool)+269)(216555c1ccaa2644568394a99c5a7547)
#03 pc 000000000007e71a /system/lib64/platformsdk/libipc_single.z.so(OHOS::BinderInvoker::StartWorkLoop()+106)(216555c1ccaa2644568394a99c5a7547)
#04 pc 0000000000080c28 /system/lib64/platformsdk/libipc_single.z.so(OHOS::BinderInvoker::JoinThread(bool)+40)(216555c1ccaa2644568394a99c5a7547)
#05 pc 00000000000769f5 /system/lib64/platformsdk/libipc_single.z.so(OHOS::IPCWorkThread::ThreadHandler(void*)+901)(216555c1ccaa2644568394a99c5a7547)
#06 pc 00000000001299e7 /system/lib/ld-musl-x86_64.so.1(74178aa6301b8bad2ac9b6d7f2361221)
#07 pc 0000000000090f8e /system/lib/ld-musl-x86_64.so.1(74178aa6301b8bad2ac9b6d7f2361221)
Tid:11624, Name:OS_FFRT_5_0
state=S, utime=0, stime=0, priority=0, nice=-20, clk=100
#00 pc 0000000000125ee9 /system/lib/ld-musl-x86_64.so.1(74178aa6301b8bad2ac9b6d7f2361221)
#01 pc 0000000000127883 /system/lib/ld-musl-x86_64.so.1(pthread_cond_timedwait+195)(74178aa6301b8bad2ac9b6d7f2361221)
#02 pc 00000000000c74e7 /system/lib64/chipset-sdk-sp/libc++.so(std::__h::condition_variable::__do_timed_wait(std::__h::unique_lock<std::__h::mutex>&, std::__h::chrono::time_point<std::__h::chrono::system_clock, std::__h::chrono::duration<long long, std::__h::ratio<1l, 1000000000l>>>)+103)(ca45f3285cb13d8a615c2dcf32305914fbc391ad)
#03 pc 000000000008bcb0 /system/lib64/ndk/libffrt.so(6014d53b82cd59820b512f223d249356)
#04 pc 00000000000760ef /system/lib64/ndk/libffrt.so(6014d53b82cd59820b512f223d249356)
#05 pc 0000000000075eaf /system/lib64/ndk/libffrt.so(6014d53b82cd59820b512f223d249356)
#06 pc 0000000000075d79 /system/lib64/ndk/libffrt.so(6014d53b82cd59820b512f223d249356)
#07 pc 00000000001299e7 /system/lib/ld-musl-x86_64.so.1(74178aa6301b8bad2ac9b6d7f2361221)
#08 pc 0000000000090f8e /system/lib/ld-musl-x86_64.so.1(74178aa6301b8bad2ac9b6d7f2361221)
Tid:11625, Name:OS_FFRT_2_0
state=S, utime=0, stime=1, priority=0, nice=-20, clk=100
#00 pc 0000000000125ee9 /system/lib/ld-musl-x86_64.so.1(74178aa6301b8bad2ac9b6d7f2361221)
#01 pc 0000000000127883 /system/lib/ld-musl-x86_64.so.1(pthread_cond_timedwait+195)(74178aa6301b8bad2ac9b6d7f2361221)
#02 pc 00000000000c74e7 /system/lib64/chipset-sdk-sp/libc++.so(std::__h::condition_variable::__do_timed_wait(std::__h::unique_lock<std::__h::mutex>&, std::__h::chrono::time_point<std::__h::chrono::system_clock, std::__h::chrono::duration<long long, std::__h::ratio<1l, 1000000000l>>>)+103)(ca45f3285cb13d8a615c2dcf32305914fbc391ad)
#03 pc 000000000008bcb0 /system/lib64/ndk/libffrt.so(6014d53b82cd59820b512f223d249356)
#04 pc 00000000000760ef /system/lib64/ndk/libffrt.so(6014d53b82cd59820b512f223d249356)
#05 pc 0000000000075eaf /system/lib64/ndk/libffrt.so(6014d53b82cd59820b512f223d249356)
#06 pc 0000000000075d79 /system/lib64/ndk/libffrt.so(6014d53b82cd59820b512f223d249356)
#07 pc 00000000001299e7 /system/lib/ld-musl-x86_64.so.1(74178aa6301b8bad2ac9b6d7f2361221)
#08 pc 0000000000090f8e /system/lib/ld-musl-x86_64.so.1(74178aa6301b8bad2ac9b6d7f2361221)
Tid:11627, Name:OS_GC_Thread
state=S, utime=0, stime=0, priority=0, nice=-20, clk=100
#00 pc 0000000000125ee9 /system/lib/ld-musl-x86_64.so.1(74178aa6301b8bad2ac9b6d7f2361221)
#01 pc 0000000000127883 /system/lib/ld-musl-x86_64.so.1(pthread_cond_timedwait+195)(74178aa6301b8bad2ac9b6d7f2361221)
#02 pc 00000000009cd4ca /system/lib64/platformsdk/libark_jsruntime.so(3403c0dea7c24e42adea4ee0f5dd2803)
#03 pc 00000000009cd443 /system/lib64/platformsdk/libark_jsruntime.so(3403c0dea7c24e42adea4ee0f5dd2803)
#04 pc 00000000009cd8b5 /system/lib64/platformsdk/libark_jsruntime.so(3403c0dea7c24e42adea4ee0f5dd2803)
#05 pc 00000000001299e7 /system/lib/ld-musl-x86_64.so.1(74178aa6301b8bad2ac9b6d7f2361221)
#06 pc 0000000000090f8e /system/lib/ld-musl-x86_64.so.1(74178aa6301b8bad2ac9b6d7f2361221)
Tid:11628, Name:OS_GC_Thread
state=S, utime=13, stime=7, priority=0, nice=-20, clk=100
#00 pc 0000000000125ee9 /system/lib/ld-musl-x86_64.so.1(74178aa6301b8bad2ac9b6d7f2361221)
#01 pc 0000000000127883 /system/lib/ld-musl-x86_64.so.1(pthread_cond_timedwait+195)(74178aa6301b8bad2ac9b6d7f2361221)
#02 pc 00000000000c7451 /system/lib64/chipset-sdk-sp/libc++.so(std::__h::condition_variable::wait(std::__h::unique_lock<std::__h::mutex>&)+17)(ca45f3285cb13d8a615c2dcf32305914fbc391ad)
#03 pc 0000000000a298fd /system/lib64/platformsdk/libark_jsruntime.so(3403c0dea7c24e42adea4ee0f5dd2803)
#04 pc 0000000000a29475 /system/lib64/platformsdk/libark_jsruntime.so(3403c0dea7c24e42adea4ee0f5dd2803)
#05 pc 0000000000a2955a /system/lib64/platformsdk/libark_jsruntime.so(3403c0dea7c24e42adea4ee0f5dd2803)
#06 pc 00000000001299e7 /system/lib/ld-musl-x86_64.so.1(74178aa6301b8bad2ac9b6d7f2361221)
#07 pc 0000000000090f8e /system/lib/ld-musl-x86_64.so.1(74178aa6301b8bad2ac9b6d7f2361221)
Tid:11629, Name:OS_GC_Thread
state=S, utime=13, stime=5, priority=0, nice=-20, clk=100
#00 pc 0000000000125ee9 /system/lib/ld-musl-x86_64.so.1(74178aa6301b8bad2ac9b6d7f2361221)
#01 pc 0000000000127883 /system/lib/ld-musl-x86_64.so.1(pthread_cond_timedwait+195)(74178aa6301b8bad2ac9b6d7f2361221)
#02 pc 00000000000c7451 /system/lib64/chipset-sdk-sp/libc++.so(std::__h::condition_variable::wait(std::__h::unique_lock<std::__h::mutex>&)+17)(ca45f3285cb13d8a615c2dcf32305914fbc391ad)
#03 pc 0000000000a298fd /system/lib64/platformsdk/libark_jsruntime.so(3403c0dea7c24e42adea4ee0f5dd2803)
#04 pc 0000000000a29475 /system/lib64/platformsdk/libark_jsruntime.so(3403c0dea7c24e42adea4ee0f5dd2803)
#05 pc 0000000000a2955a /system/lib64/platformsdk/libark_jsruntime.so(3403c0dea7c24e42adea4ee0f5dd2803)
#06 pc 00000000001299e7 /system/lib/ld-musl-x86_64.so.1(74178aa6301b8bad2ac9b6d7f2361221)
#07 pc 0000000000090f8e /system/lib/ld-musl-x86_64.so.1(74178aa6301b8bad2ac9b6d7f2361221)
Tid:11630, Name:OS_GC_Thread
state=S, utime=13, stime=7, priority=0, nice=-20, clk=100
#00 pc 0000000000125ee9 /system/lib/ld-musl-x86_64.so.1(74178aa6301b8bad2ac9b6d7f2361221)
#01 pc 0000000000127883 /system/lib/ld-musl-x86_64.so.1(pthread_cond_timedwait+195)(74178aa6301b8bad2ac9b6d7f2361221)
#02 pc 00000000000c7451 /system/lib64/chipset-sdk-sp/libc++.so(std::__h::condition_variable::wait(std::__h::unique_lock<std::__h::mutex>&)+17)(ca45f3285cb13d8a615c2dcf32305914fbc391ad)
#03 pc 0000000000a298fd /system/lib64/platformsdk/libark_jsruntime.so(3403c0dea7c24e42adea4ee0f5dd2803)
#04 pc 0000000000a29475 /system/lib64/platformsdk/libark_jsruntime.so(3403c0dea7c24e42adea4ee0f5dd2803)
#05 pc 0000000000a2955a /system/lib64/platformsdk/libark_jsruntime.so(3403c0dea7c24e42adea4ee0f5dd2803)
#06 pc 00000000001299e7 /system/lib/ld-musl-x86_64.so.1(74178aa6301b8bad2ac9b6d7f2361221)
#07 pc 0000000000090f8e /system/lib/ld-musl-x86_64.so.1(74178aa6301b8bad2ac9b6d7f2361221)
Tid:11631, Name:OS_FFRT_3_0
state=S, utime=6, stime=8, priority=0, nice=-20, clk=100
#00 pc 0000000000125ee9 /system/lib/ld-musl-x86_64.so.1(74178aa6301b8bad2ac9b6d7f2361221)
#01 pc 0000000000127883 /system/lib/ld-musl-x86_64.so.1(pthread_cond_timedwait+195)(74178aa6301b8bad2ac9b6d7f2361221)
#02 pc 00000000000c74e7 /system/lib64/chipset-sdk-sp/libc++.so(std::__h::condition_variable::__do_timed_wait(std::__h::unique_lock<std::__h::mutex>&, std::__h::chrono::time_point<std::__h::chrono::system_clock, std::__h::chrono::duration<long long, std::__h::ratio<1l, 1000000000l>>>)+103)(ca45f3285cb13d8a615c2dcf32305914fbc391ad)
#03 pc 000000000008bcb0 /system/lib64/ndk/libffrt.so(6014d53b82cd59820b512f223d249356)
#04 pc 00000000000760ef /system/lib64/ndk/libffrt.so(6014d53b82cd59820b512f223d249356)
#05 pc 0000000000075eaf /system/lib64/ndk/libffrt.so(6014d53b82cd59820b512f223d249356)
#06 pc 0000000000075d79 /system/lib64/ndk/libffrt.so(6014d53b82cd59820b512f223d249356)
#07 pc 00000000001299e7 /system/lib/ld-musl-x86_64.so.1(74178aa6301b8bad2ac9b6d7f2361221)
#08 pc 0000000000090f8e /system/lib/ld-musl-x86_64.so.1(74178aa6301b8bad2ac9b6d7f2361221)
Tid:11632, Name:OS_hdcRegister
state=S, utime=0, stime=0, priority=0, nice=-20, clk=100
#00 pc 00000000000b837f /system/lib/ld-musl-x86_64.so.1(epoll_wait+31)(74178aa6301b8bad2ac9b6d7f2361221)
#01 pc 000000000000660f /system/lib64/platformsdk/libhdc_register.z.so(Hdc::HdcJdwpSimulator::ReadFromJdwp()+367)(4c41d0541b0381aaf6674e818696d512)
#02 pc 0000000000006ba3 /system/lib64/platformsdk/libhdc_register.z.so(Hdc::HdcJdwpSimulator::Connect()+195)(4c41d0541b0381aaf6674e818696d512)
#03 pc 00000000000052ef /system/lib64/platformsdk/libhdc_register.z.so(Hdc::HdcConnectRun(void*)+559)(4c41d0541b0381aaf6674e818696d512)
#04 pc 00000000001299e7 /system/lib/ld-musl-x86_64.so.1(74178aa6301b8bad2ac9b6d7f2361221)
#05 pc 0000000000090f8e /system/lib/ld-musl-x86_64.so.1(74178aa6301b8bad2ac9b6d7f2361221)
Tid:11637, Name:OS_FFRT_0_0
state=S, utime=0, stime=0, priority=0, nice=-20, clk=100
#00 pc 0000000000125ee9 /system/lib/ld-musl-x86_64.so.1(74178aa6301b8bad2ac9b6d7f2361221)
#01 pc 0000000000127883 /system/lib/ld-musl-x86_64.so.1(pthread_cond_timedwait+195)(74178aa6301b8bad2ac9b6d7f2361221)
#02 pc 00000000000c74e7 /system/lib64/chipset-sdk-sp/libc++.so(std::__h::condition_variable::__do_timed_wait(std::__h::unique_lock<std::__h::mutex>&, std::__h::chrono::time_point<std::__h::chrono::system_clock, std::__h::chrono::duration<long long, std::__h::ratio<1l, 1000000000l>>>)+103)(ca45f3285cb13d8a615c2dcf32305914fbc391ad)
#03 pc 000000000008bcb0 /system/lib64/ndk/libffrt.so(6014d53b82cd59820b512f223d249356)
#04 pc 00000000000760ef /system/lib64/ndk/libffrt.so(6014d53b82cd59820b512f223d249356)
#05 pc 0000000000075eaf /system/lib64/ndk/libffrt.so(6014d53b82cd59820b512f223d249356)
#06 pc 0000000000075d79 /system/lib64/ndk/libffrt.so(6014d53b82cd59820b512f223d249356)
#07 pc 00000000001299e7 /system/lib/ld-musl-x86_64.so.1(74178aa6301b8bad2ac9b6d7f2361221)
#08 pc 0000000000090f8e /system/lib/ld-musl-x86_64.so.1(74178aa6301b8bad2ac9b6d7f2361221)
Tid:11645, Name:sandbox_thread
state=S, utime=0, stime=0, priority=0, nice=-20, clk=100
#00 pc 0000000000125ee9 /system/lib/ld-musl-x86_64.so.1(74178aa6301b8bad2ac9b6d7f2361221)
#01 pc 0000000000127883 /system/lib/ld-musl-x86_64.so.1(pthread_cond_timedwait+195)(74178aa6301b8bad2ac9b6d7f2361221)
#02 pc 00000000000c7451 /system/lib64/chipset-sdk-sp/libc++.so(std::__h::condition_variable::wait(std::__h::unique_lock<std::__h::mutex>&)+17)(ca45f3285cb13d8a615c2dcf32305914fbc391ad)
#03 pc 00000000000086d7 /system/lib64/platformsdk/libsandboxlog.so(15f86dfff1c9aa3778b113b4e1f84fe4)
#04 pc 0000000000009363 /system/lib64/platformsdk/libsandboxlog.so(15f86dfff1c9aa3778b113b4e1f84fe4)
#05 pc 00000000001299e7 /system/lib/ld-musl-x86_64.so.1(74178aa6301b8bad2ac9b6d7f2361221)
#06 pc 0000000000090f8e /system/lib/ld-musl-x86_64.so.1(74178aa6301b8bad2ac9b6d7f2361221)
Tid:11647, Name:xample.callaite
state=S, utime=0, stime=0, priority=0, nice=-20, clk=100
#00 pc 000000000013100d /system/lib/ld-musl-x86_64.so.1(nanosleep+13)(74178aa6301b8bad2ac9b6d7f2361221)
#01 pc 00000000000d9b9a /system/lib64/chipset-sdk-sp/libc++.so(std::__h::this_thread::sleep_for(std::__h::chrono::duration<long long, std::__h::ratio<1l, 1000000000l>> const&)+90)(ca45f3285cb13d8a615c2dcf32305914fbc391ad)
#02 pc 0000000000015f52 /system/lib64/platformsdk/libhistogram.z.so(bcaef44ffc0c920a27140798ab5f7654)
#03 pc 00000000001299e7 /system/lib/ld-musl-x86_64.so.1(74178aa6301b8bad2ac9b6d7f2361221)
#04 pc 0000000000090f8e /system/lib/ld-musl-x86_64.so.1(74178aa6301b8bad2ac9b6d7f2361221)
Tid:11648, Name:OS_EVENT_POLL
state=S, utime=0, stime=0, priority=0, nice=-20, clk=100
#00 pc 00000000000b837f /system/lib/ld-musl-x86_64.so.1(epoll_wait+31)(74178aa6301b8bad2ac9b6d7f2361221)
#01 pc 000000000001a0fc /system/lib64/chipset-sdk-sp/libeventhandler.z.so(d20098a20e88abe540f8f998e7a8bdcc)
#02 pc 000000000001b2e6 /system/lib64/chipset-sdk-sp/libeventhandler.z.so(d20098a20e88abe540f8f998e7a8bdcc)
#03 pc 00000000001299e7 /system/lib/ld-musl-x86_64.so.1(74178aa6301b8bad2ac9b6d7f2361221)
#04 pc 0000000000090f8e /system/lib/ld-musl-x86_64.so.1(74178aa6301b8bad2ac9b6d7f2361221)
Tid:11650, Name:OS_FFRT_3_1
state=S, utime=0, stime=0, priority=0, nice=-20, clk=100
#00 pc 0000000000125ee9 /system/lib/ld-musl-x86_64.so.1(74178aa6301b8bad2ac9b6d7f2361221)
#01 pc 0000000000127883 /system/lib/ld-musl-x86_64.so.1(pthread_cond_timedwait+195)(74178aa6301b8bad2ac9b6d7f2361221)
#02 pc 00000000000c74e7 /system/lib64/chipset-sdk-sp/libc++.so(std::__h::condition_variable::__do_timed_wait(std::__h::unique_lock<std::__h::mutex>&, std::__h::chrono::time_point<std::__h::chrono::system_clock, std::__h::chrono::duration<long long, std::__h::ratio<1l, 1000000000l>>>)+103)(ca45f3285cb13d8a615c2dcf32305914fbc391ad)
#03 pc 000000000008bcb0 /system/lib64/ndk/libffrt.so(6014d53b82cd59820b512f223d249356)
#04 pc 00000000000760ef /system/lib64/ndk/libffrt.so(6014d53b82cd59820b512f223d249356)
#05 pc 0000000000075eaf /system/lib64/ndk/libffrt.so(6014d53b82cd59820b512f223d249356)
#06 pc 0000000000075d79 /system/lib64/ndk/libffrt.so(6014d53b82cd59820b512f223d249356)
#07 pc 00000000001299e7 /system/lib/ld-musl-x86_64.so.1(74178aa6301b8bad2ac9b6d7f2361221)
#08 pc 0000000000090f8e /system/lib/ld-musl-x86_64.so.1(74178aa6301b8bad2ac9b6d7f2361221)
Tid:11651, Name:OS_FFRT_3_3
state=S, utime=0, stime=0, priority=0, nice=-20, clk=100
#00 pc 0000000000125ee9 /system/lib/ld-musl-x86_64.so.1(74178aa6301b8bad2ac9b6d7f2361221)
#01 pc 0000000000127883 /system/lib/ld-musl-x86_64.so.1(pthread_cond_timedwait+195)(74178aa6301b8bad2ac9b6d7f2361221)
#02 pc 00000000000c74e7 /system/lib64/chipset-sdk-sp/libc++.so(std::__h::condition_variable::__do_timed_wait(std::__h::unique_lock<std::__h::mutex>&, std::__h::chrono::time_point<std::__h::chrono::system_clock, std::__h::chrono::duration<long long, std::__h::ratio<1l, 1000000000l>>>)+103)(ca45f3285cb13d8a615c2dcf32305914fbc391ad)
#03 pc 000000000008bcb0 /system/lib64/ndk/libffrt.so(6014d53b82cd59820b512f223d249356)
#04 pc 00000000000760ef /system/lib64/ndk/libffrt.so(6014d53b82cd59820b512f223d249356)
#05 pc 0000000000075eaf /system/lib64/ndk/libffrt.so(6014d53b82cd59820b512f223d249356)
#06 pc 0000000000075d79 /system/lib64/ndk/libffrt.so(6014d53b82cd59820b512f223d249356)
#07 pc 00000000001299e7 /system/lib/ld-musl-x86_64.so.1(74178aa6301b8bad2ac9b6d7f2361221)
#08 pc 0000000000090f8e /system/lib/ld-musl-x86_64.so.1(74178aa6301b8bad2ac9b6d7f2361221)
Tid:11652, Name:OS_FFRT_3_2
state=S, utime=0, stime=0, priority=0, nice=-20, clk=100
#00 pc 0000000000125ee9 /system/lib/ld-musl-x86_64.so.1(74178aa6301b8bad2ac9b6d7f2361221)
#01 pc 0000000000127883 /system/lib/ld-musl-x86_64.so.1(pthread_cond_timedwait+195)(74178aa6301b8bad2ac9b6d7f2361221)
#02 pc 00000000000c74e7 /system/lib64/chipset-sdk-sp/libc++.so(std::__h::condition_variable::__do_timed_wait(std::__h::unique_lock<std::__h::mutex>&, std::__h::chrono::time_point<std::__h::chrono::system_clock, std::__h::chrono::duration<long long, std::__h::ratio<1l, 1000000000l>>>)+103)(ca45f3285cb13d8a615c2dcf32305914fbc391ad)
#03 pc 000000000008bcb0 /system/lib64/ndk/libffrt.so(6014d53b82cd59820b512f223d249356)
#04 pc 00000000000760ef /system/lib64/ndk/libffrt.so(6014d53b82cd59820b512f223d249356)
#05 pc 0000000000075eaf /system/lib64/ndk/libffrt.so(6014d53b82cd59820b512f223d249356)
#06 pc 0000000000075d79 /system/lib64/ndk/libffrt.so(6014d53b82cd59820b512f223d249356)
#07 pc 00000000001299e7 /system/lib/ld-musl-x86_64.so.1(74178aa6301b8bad2ac9b6d7f2361221)
#08 pc 0000000000090f8e /system/lib/ld-musl-x86_64.so.1(74178aa6301b8bad2ac9b6d7f2361221)
Tid:11654, Name:OS_MainDisplayS
state=S, utime=0, stime=0, priority=0, nice=-20, clk=100
#00 pc 00000000000b837f /system/lib/ld-musl-x86_64.so.1(epoll_wait+31)(74178aa6301b8bad2ac9b6d7f2361221)
#01 pc 000000000001ceee /system/lib64/chipset-sdk-sp/libeventhandler.z.so(d20098a20e88abe540f8f998e7a8bdcc)
#02 pc 00000000000230bf /system/lib64/chipset-sdk-sp/libeventhandler.z.so(OHOS::AppExecFwk::EventQueue::WaitUntilLocked(std::__h::chrono::time_point<std::__h::chrono::steady_clock, std::__h::chrono::duration<long long, std::__h::ratio<1l, 1000000000l>>> const&, OHOS::AppExecFwk::UniqueLockBase&, bool)+79)(d20098a20e88abe540f8f998e7a8bdcc)
#03 pc 00000000000282df /system/lib64/chipset-sdk-sp/libeventhandler.z.so(OHOS::AppExecFwk::EventQueueBase::GetEvent()+207)(d20098a20e88abe540f8f998e7a8bdcc)
#04 pc 0000000000033985 /system/lib64/chipset-sdk-sp/libeventhandler.z.so(d20098a20e88abe540f8f998e7a8bdcc)
#05 pc 0000000000030352 /system/lib64/chipset-sdk-sp/libeventhandler.z.so(d20098a20e88abe540f8f998e7a8bdcc)
#06 pc 00000000000357c3 /system/lib64/chipset-sdk-sp/libeventhandler.z.so(d20098a20e88abe540f8f998e7a8bdcc)
#07 pc 00000000001299e7 /system/lib/ld-musl-x86_64.so.1(74178aa6301b8bad2ac9b6d7f2361221)
#08 pc 0000000000090f8e /system/lib/ld-musl-x86_64.so.1(74178aa6301b8bad2ac9b6d7f2361221)
Tid:11658, Name:OS_IPC_3_11658
state=S, utime=0, stime=0, priority=0, nice=-20, clk=100
#00 pc 00000000000dc46b /system/lib/ld-musl-x86_64.so.1(ioctl+187)(74178aa6301b8bad2ac9b6d7f2361221)
#01 pc 0000000000010ca7 /system/lib64/platformsdk/libipc_common.z.so(OHOS::BinderConnector::WriteBinder(unsigned long, void*)+55)(ae9fe169bf1f8b0397c31ba1b67e0e94)
#02 pc 000000000007e34d /system/lib64/platformsdk/libipc_single.z.so(OHOS::BinderInvoker::TransactWithDriver(bool)+269)(216555c1ccaa2644568394a99c5a7547)
#03 pc 000000000007e71a /system/lib64/platformsdk/libipc_single.z.so(OHOS::BinderInvoker::StartWorkLoop()+106)(216555c1ccaa2644568394a99c5a7547)
#04 pc 0000000000080c28 /system/lib64/platformsdk/libipc_single.z.so(OHOS::BinderInvoker::JoinThread(bool)+40)(216555c1ccaa2644568394a99c5a7547)
#05 pc 00000000000769f5 /system/lib64/platformsdk/libipc_single.z.so(OHOS::IPCWorkThread::ThreadHandler(void*)+901)(216555c1ccaa2644568394a99c5a7547)
#06 pc 00000000001299e7 /system/lib/ld-musl-x86_64.so.1(74178aa6301b8bad2ac9b6d7f2361221)
#07 pc 0000000000090f8e /system/lib/ld-musl-x86_64.so.1(74178aa6301b8bad2ac9b6d7f2361221)
Tid:11661, Name:ace.bg.1
state=S, utime=0, stime=0, priority=0, nice=-20, clk=100
#00 pc 0000000000125ee9 /system/lib/ld-musl-x86_64.so.1(74178aa6301b8bad2ac9b6d7f2361221)
#01 pc 0000000000127883 /system/lib/ld-musl-x86_64.so.1(pthread_cond_timedwait+195)(74178aa6301b8bad2ac9b6d7f2361221)
#02 pc 00000000000c7451 /system/lib64/chipset-sdk-sp/libc++.so(std::__h::condition_variable::wait(std::__h::unique_lock<std::__h::mutex>&)+17)(ca45f3285cb13d8a615c2dcf32305914fbc391ad)
#03 pc 000000000148ac32 /system/lib64/platformsdk/libace_compatible.z.so(cb476043f6fb29150d891bc788a45885)
#04 pc 000000000148afa2 /system/lib64/platformsdk/libace_compatible.z.so(cb476043f6fb29150d891bc788a45885)
#05 pc 00000000001299e7 /system/lib/ld-musl-x86_64.so.1(74178aa6301b8bad2ac9b6d7f2361221)
#06 pc 0000000000090f8e /system/lib/ld-musl-x86_64.so.1(74178aa6301b8bad2ac9b6d7f2361221)
Tid:11662, Name:ace.bg.2
state=S, utime=0, stime=0, priority=0, nice=-20, clk=100
#00 pc 0000000000125ee9 /system/lib/ld-musl-x86_64.so.1(74178aa6301b8bad2ac9b6d7f2361221)
#01 pc 0000000000127883 /system/lib/ld-musl-x86_64.so.1(pthread_cond_timedwait+195)(74178aa6301b8bad2ac9b6d7f2361221)
#02 pc 00000000000c7451 /system/lib64/chipset-sdk-sp/libc++.so(std::__h::condition_variable::wait(std::__h::unique_lock<std::__h::mutex>&)+17)(ca45f3285cb13d8a615c2dcf32305914fbc391ad)
#03 pc 000000000148ac32 /system/lib64/platformsdk/libace_compatible.z.so(cb476043f6fb29150d891bc788a45885)
#04 pc 000000000148afa2 /system/lib64/platformsdk/libace_compatible.z.so(cb476043f6fb29150d891bc788a45885)
#05 pc 00000000001299e7 /system/lib/ld-musl-x86_64.so.1(74178aa6301b8bad2ac9b6d7f2361221)
#06 pc 0000000000090f8e /system/lib/ld-musl-x86_64.so.1(74178aa6301b8bad2ac9b6d7f2361221)
Tid:11663, Name:ace.bg.3
state=S, utime=0, stime=0, priority=0, nice=-20, clk=100
#00 pc 0000000000125ee9 /system/lib/ld-musl-x86_64.so.1(74178aa6301b8bad2ac9b6d7f2361221)
#01 pc 0000000000127883 /system/lib/ld-musl-x86_64.so.1(pthread_cond_timedwait+195)(74178aa6301b8bad2ac9b6d7f2361221)
#02 pc 00000000000c7451 /system/lib64/chipset-sdk-sp/libc++.so(std::__h::condition_variable::wait(std::__h::unique_lock<std::__h::mutex>&)+17)(ca45f3285cb13d8a615c2dcf32305914fbc391ad)
#03 pc 000000000148ac32 /system/lib64/platformsdk/libace_compatible.z.so(cb476043f6fb29150d891bc788a45885)
#04 pc 000000000148afa2 /system/lib64/platformsdk/libace_compatible.z.so(cb476043f6fb29150d891bc788a45885)
#05 pc 00000000001299e7 /system/lib/ld-musl-x86_64.so.1(74178aa6301b8bad2ac9b6d7f2361221)
#06 pc 0000000000090f8e /system/lib/ld-musl-x86_64.so.1(74178aa6301b8bad2ac9b6d7f2361221)
Tid:11664, Name:ace.bg.4
state=S, utime=0, stime=0, priority=0, nice=-20, clk=100
#00 pc 0000000000125ee9 /system/lib/ld-musl-x86_64.so.1(74178aa6301b8bad2ac9b6d7f2361221)
#01 pc 0000000000127883 /system/lib/ld-musl-x86_64.so.1(pthread_cond_timedwait+195)(74178aa6301b8bad2ac9b6d7f2361221)
#02 pc 00000000000c7451 /system/lib64/chipset-sdk-sp/libc++.so(std::__h::condition_variable::wait(std::__h::unique_lock<std::__h::mutex>&)+17)(ca45f3285cb13d8a615c2dcf32305914fbc391ad)
#03 pc 000000000148ac32 /system/lib64/platformsdk/libace_compatible.z.so(cb476043f6fb29150d891bc788a45885)
#04 pc 000000000148afa2 /system/lib64/platformsdk/libace_compatible.z.so(cb476043f6fb29150d891bc788a45885)
#05 pc 00000000001299e7 /system/lib/ld-musl-x86_64.so.1(74178aa6301b8bad2ac9b6d7f2361221)
#06 pc 0000000000090f8e /system/lib/ld-musl-x86_64.so.1(74178aa6301b8bad2ac9b6d7f2361221)
Tid:11665, Name:ace.bg.5
state=S, utime=0, stime=0, priority=0, nice=-20, clk=100
#00 pc 0000000000125ee9 /system/lib/ld-musl-x86_64.so.1(74178aa6301b8bad2ac9b6d7f2361221)
#01 pc 0000000000127883 /system/lib/ld-musl-x86_64.so.1(pthread_cond_timedwait+195)(74178aa6301b8bad2ac9b6d7f2361221)
#02 pc 00000000000c7451 /system/lib64/chipset-sdk-sp/libc++.so(std::__h::condition_variable::wait(std::__h::unique_lock<std::__h::mutex>&)+17)(ca45f3285cb13d8a615c2dcf32305914fbc391ad)
#03 pc 000000000148ac32 /system/lib64/platformsdk/libace_compatible.z.so(cb476043f6fb29150d891bc788a45885)
#04 pc 000000000148afa2 /system/lib64/platformsdk/libace_compatible.z.so(cb476043f6fb29150d891bc788a45885)
#05 pc 00000000001299e7 /system/lib/ld-musl-x86_64.so.1(74178aa6301b8bad2ac9b6d7f2361221)
#06 pc 0000000000090f8e /system/lib/ld-musl-x86_64.so.1(74178aa6301b8bad2ac9b6d7f2361221)
Tid:11666, Name:ace.bg.6
state=S, utime=0, stime=0, priority=0, nice=-20, clk=100
#00 pc 0000000000125ee9 /system/lib/ld-musl-x86_64.so.1(74178aa6301b8bad2ac9b6d7f2361221)
#01 pc 0000000000127883 /system/lib/ld-musl-x86_64.so.1(pthread_cond_timedwait+195)(74178aa6301b8bad2ac9b6d7f2361221)
#02 pc 00000000000c7451 /system/lib64/chipset-sdk-sp/libc++.so(std::__h::condition_variable::wait(std::__h::unique_lock<std::__h::mutex>&)+17)(ca45f3285cb13d8a615c2dcf32305914fbc391ad)
#03 pc 000000000148ac32 /system/lib64/platformsdk/libace_compatible.z.so(cb476043f6fb29150d891bc788a45885)
#04 pc 000000000148afa2 /system/lib64/platformsdk/libace_compatible.z.so(cb476043f6fb29150d891bc788a45885)
#05 pc 00000000001299e7 /system/lib/ld-musl-x86_64.so.1(74178aa6301b8bad2ac9b6d7f2361221)
#06 pc 0000000000090f8e /system/lib/ld-musl-x86_64.so.1(74178aa6301b8bad2ac9b6d7f2361221)
Tid:11667, Name:ace.bg.7
state=S, utime=0, stime=0, priority=0, nice=-20, clk=100
#00 pc 0000000000125ee9 /system/lib/ld-musl-x86_64.so.1(74178aa6301b8bad2ac9b6d7f2361221)
#01 pc 0000000000127883 /system/lib/ld-musl-x86_64.so.1(pthread_cond_timedwait+195)(74178aa6301b8bad2ac9b6d7f2361221)
#02 pc 00000000000c7451 /system/lib64/chipset-sdk-sp/libc++.so(std::__h::condition_variable::wait(std::__h::unique_lock<std::__h::mutex>&)+17)(ca45f3285cb13d8a615c2dcf32305914fbc391ad)
#03 pc 000000000148ac32 /system/lib64/platformsdk/libace_compatible.z.so(cb476043f6fb29150d891bc788a45885)
#04 pc 000000000148afa2 /system/lib64/platformsdk/libace_compatible.z.so(cb476043f6fb29150d891bc788a45885)
#05 pc 00000000001299e7 /system/lib/ld-musl-x86_64.so.1(74178aa6301b8bad2ac9b6d7f2361221)
#06 pc 0000000000090f8e /system/lib/ld-musl-x86_64.so.1(74178aa6301b8bad2ac9b6d7f2361221)
Tid:11668, Name:ace.bg.8
state=S, utime=0, stime=0, priority=0, nice=-20, clk=100
#00 pc 0000000000125ee9 /system/lib/ld-musl-x86_64.so.1(74178aa6301b8bad2ac9b6d7f2361221)
#01 pc 0000000000127883 /system/lib/ld-musl-x86_64.so.1(pthread_cond_timedwait+195)(74178aa6301b8bad2ac9b6d7f2361221)
#02 pc 00000000000c7451 /system/lib64/chipset-sdk-sp/libc++.so(std::__h::condition_variable::wait(std::__h::unique_lock<std::__h::mutex>&)+17)(ca45f3285cb13d8a615c2dcf32305914fbc391ad)
#03 pc 000000000148ac32 /system/lib64/platformsdk/libace_compatible.z.so(cb476043f6fb29150d891bc788a45885)
#04 pc 000000000148afa2 /system/lib64/platformsdk/libace_compatible.z.so(cb476043f6fb29150d891bc788a45885)
#05 pc 00000000001299e7 /system/lib/ld-musl-x86_64.so.1(74178aa6301b8bad2ac9b6d7f2361221)
#06 pc 0000000000090f8e /system/lib/ld-musl-x86_64.so.1(74178aa6301b8bad2ac9b6d7f2361221)
Tid:11669, Name:OS_FFRT_5_1
state=S, utime=0, stime=0, priority=0, nice=-20, clk=100
#00 pc 0000000000125ee9 /system/lib/ld-musl-x86_64.so.1(74178aa6301b8bad2ac9b6d7f2361221)
#01 pc 0000000000127883 /system/lib/ld-musl-x86_64.so.1(pthread_cond_timedwait+195)(74178aa6301b8bad2ac9b6d7f2361221)
#02 pc 00000000000c74e7 /system/lib64/chipset-sdk-sp/libc++.so(std::__h::condition_variable::__do_timed_wait(std::__h::unique_lock<std::__h::mutex>&, std::__h::chrono::time_point<std::__h::chrono::system_clock, std::__h::chrono::duration<long long, std::__h::ratio<1l, 1000000000l>>>)+103)(ca45f3285cb13d8a615c2dcf32305914fbc391ad)
#03 pc 000000000008bcb0 /system/lib64/ndk/libffrt.so(6014d53b82cd59820b512f223d249356)
#04 pc 00000000000760ef /system/lib64/ndk/libffrt.so(6014d53b82cd59820b512f223d249356)
#05 pc 0000000000075eaf /system/lib64/ndk/libffrt.so(6014d53b82cd59820b512f223d249356)
#06 pc 0000000000075d79 /system/lib64/ndk/libffrt.so(6014d53b82cd59820b512f223d249356)
#07 pc 00000000001299e7 /system/lib/ld-musl-x86_64.so.1(74178aa6301b8bad2ac9b6d7f2361221)
#08 pc 0000000000090f8e /system/lib/ld-musl-x86_64.so.1(74178aa6301b8bad2ac9b6d7f2361221)

Catche stack trace end time: 2026-09-19 13:57:24.084

Dump main thread stack start time: 2026-09-19 13:57:23.974
Tid:11401, Name:xample.callaite
state=R, utime=1221, stime=60, priority=10, nice=-10, clk=100
#00 pc 000000000103f9a0 /system/lib64/module/arkcompiler/stub.an(BCStub_HandleCallRuntimeStwCopy+0)
#01 pc 000000000001d3ef [anon:native_heap:brk]

Dump main thread stack end time: 2026-09-19 13:57:23.992

PeerBinder pids is empty


---------------------------------------------------
FfrtCatcher -- start time: 2026/09/19-13:57:24:095

FfrtCatcher --

ffrt fump pid=11401:

-------------------------------[ability]-------------------------------


----------------------------------ApplicationManagerService----------------------------------
|-> Launcher proc ffrt, now:2026-09-19 13:57:24.109331 pid:11401
    |-> key status
no key status info
    |-> worker count
        qos 0: worker num:1 tid:11637
        qos 2: worker num:1 tid:11625
        qos 3: worker num:4 tid:11652, 11651, 11650, 11631
        qos 5: worker num:2 tid:11669, 11624
    |-> worker status
        qos 0: worker tid 11637 is running nothing
        qos 2: worker tid 11625 is running nothing
        qos 3: worker tid 11652 is running nothing
        qos 3: worker tid 11651 is running nothing
        qos 3: worker tid 11650 is running nothing
        qos 3: worker tid 11631 is running nothing
        qos 5: worker tid 11669 is running nothing
        qos 5: worker tid 11624 is running nothing
<<<=== Timeout Task Info ===>>>
Timeout info EmptyQueue Timeout info Empty<<<=== Queue Traffic Record ===>>>
Queue Traffic Record Empty

FfrtCatcher -- end time: 2026/09/19-13:57:24:113
---------------------------------------------------

---------------------------------------------------
catcher cmd: hilog -z 1000 -P start time: 2026/09/19-13:57:24:113

catcher cmd: hilog -z 1000 -P 
09-19 13:57:10.956 11401 11401 I C02c11/APPSPAWN: AppSpawnChild id 54 flags:0xc
09-19 13:57:10.957 11401 11401 I C02d33/HitraceOption: FilterAppTrace com.example.callaite 11401
09-19 13:57:10.957 11401 11401 W C02c11/APPSPAWN: errno:2 bind mount /system/app/ArkWebCoreLegacy to /mnt/sandbox/100/com.example.callaite/system/app/ArkWebCoreLegacy
09-19 13:57:10.957 11401 11401 W C02c11/APPSPAWN: errno:2 bind mount /vendor/etc/hiai to /mnt/sandbox/100/com.example.callaite/vendor/etc/hiai
09-19 13:57:10.957 11401 11401 W C02c11/APPSPAWN: errno:2 bind mount /data/data/hiai to /mnt/sandbox/100/com.example.callaite/data/data/hiai
09-19 13:57:10.958 11401 11401 W C02c11/APPSPAWN: errno:2 bind mount /data/service/el1/public/themes/100/a/app to /mnt/sandbox/100/com.example.callaite/data/themes/a/app
09-19 13:57:10.958 11401 11401 W C02c11/APPSPAWN: errno:2 bind mount /data/service/el1/public/themes/100/b/app to /mnt/sandbox/100/com.example.callaite/data/themes/b/app
09-19 13:57:10.958 11401 11401 W C02c11/APPSPAWN: errno:2 bind mount /chip_prod/lib64/passthrough to /mnt/sandbox/100/com.example.callaite/chip_prod/lib64/passthrough
09-19 13:57:10.958 11401 11401 W C02c11/APPSPAWN: errno:2 bind mount /data/app/el1/bundle/public/com.huawei.hmos.arkwebcorelegacy to /mnt/sandbox/100/com.example.callaite/data/storage/el1/bundle/arkwebcorelegacy
09-19 13:57:10.958 11401 11401 W C02c11/APPSPAWN: check dir /data/app/el1/bundle/public/com.huawei.hmos.arkwebcorelegacy failed,strerror:No such file or directory
09-19 13:57:10.958 11401 11401 W C02c11/APPSPAWN: check dir /data/app/el1/public/aot_compiler/ark_cache/com.example.callaite failed,strerror:No such file or directory
09-19 13:57:10.964 11401 11401 W C02c11/APPSPAWN: errno:2 bind mount /data/preload/app to /mnt/sandbox/100/com.example.callaite/data/preload/app
09-19 13:57:10.967 11401 11401 E C02c11/APPSPAWN: [sandbox_dec.c:247]Open dec file failed errno 2
09-19 13:57:10.967 11401 11401 I C05a03/Selinux: Hap setcon finish, context for com.example.callaite is relabeled to o:r:debug_hap:s0:x95,x334,x512,x868,x1024
09-19 13:57:10.968 11401 11618 W C057c1/IPCWorkThread: ThreadHandler: proto:0 policy:1 name:OS_IPC_0_11618 invoker:3886496
09-19 13:57:10.969 11401 11619 W C057c1/IPCWorkThread: ThreadHandler: proto:0 policy:0 name:OS_IPC_1_11619 invoker:3885344
09-19 13:57:10.969 11401 11401 I C05a05/SecCompEnhanceClient: [RegisterCheckCallback]Register secComp: sessionId=792192268, seqNum=******814.
09-19 13:57:10.970 11401 11401 I C02d0b/HICHECKER: hichecker param is empty.
09-19 13:57:10.970 11401 11401 I C04500/webview: CalculateActiveWebEngineVersion: CalculateActiveWebEngineVersion, enforce 3
09-19 13:57:10.970 11401 11401 I C01317/AppKit: [MTHRD3495]mainthread start, pid:11401
09-19 13:57:10.970 11401 11401 I C01317/AppKit: [MTHRD3294]is not in rescue mode
09-19 13:57:10.970 11401 11401 I C01317/AppKit: [MTHRD3321]is not in rescue mode
09-19 13:57:10.973 11401 11401 I C01317/AppKit: [MTHRD442]attach
09-19 13:57:10.976 11401 11619 I C01317/AppKit: [MTHRD922]ScheduleLaunchAbility called,ability EntryAbility,1
09-19 13:57:10.977 11401 11623 W C057c1/IPCWorkThread: ThreadHandler: proto:0 policy:0 name:OS_IPC_2_11623 invoker:3887056
09-19 13:57:10.981 11401 11401 I C01317/AppKit: [MTHRD267]NativeLibPath empty
09-19 13:57:10.984 11401 11401 I C01317/AppKit: [MTHRD1990]SmartGC:0 version:1000000
09-19 13:57:10.984 11401 11401 I C03f00/ArkCompiler: [ecmascript] asmint: 1, aot: 0, jit: 1, baseline jit: 0, bundle name: com.example.callaite, arkTSMode: dynamic
09-19 13:57:10.991 11401 11627 E C01707/CONCUR: [Interface] task 11627 apply qos failed, errno = 4
09-19 13:57:10.991 11401 11401 I C03f00/ArkCompiler: [ecmascript] multi-thread check enabled: 0
09-19 13:57:10.992 11401 11401 I C03f00/ArkCompiler: [pgo] reset pgo profiler, pgo profiler is disabled
09-19 13:57:10.992 11401 11401 I C03301/LIBUV: clean up handles in loop(6176)
09-19 13:57:10.992 11401 11401 I C03301/LIBUV: loop:(6176) closed in 0s
09-19 13:57:10.992 11401 11401 I C03301/LIBUV: close:6176, async_io_wfd:14
09-19 13:57:10.992 11401 11401 I C03301/LIBUV: close:6176, backend_fd:8
09-19 13:57:10.992 11401 11401 I C03301/LIBUV: init:4384
09-19 13:57:10.992 11401 11401 I C03301/LIBUV: init:4384, backend_fd:8
09-19 13:57:10.992 11401 11401 I C03301/LIBUV: open:4384, pipefd[0]:14
09-19 13:57:10.992 11401 11401 I C03f00/ArkCompiler: [ecmascript] can not find aot file
09-19 13:57:10.998 11401 11401 I C03f00/ArkCompiler: StartServer, componentName = <private>
09-19 13:57:10.998 11401 11401 W C01321/JsRuntime: [CSM161]disCon
09-19 13:57:10.998 11401 11401 I C03f00/ArkCompiler: [ecmascript] JSNApi::NotifyDebugMode, tid = 11401, debugApp = 1, isDebugMode = 0, instanceId = 0
09-19 13:57:11.011 11401 11401 I C03f00/ArkCompiler: [compiler] __jit_debug_register_code() is called.
09-19 13:57:11.011 11401 11401 I C03f00/ArkCompiler: [compiler] success to register stub.an to debugger.
09-19 13:57:11.011 11401 11625 I C01317/AppKit: [DRH689]File existed. dir: /data/storage/el2/base/cache/rawheap
09-19 13:57:11.011 11401 11625 I C01317/AppKit: [DRH667]success to create /data/storage/el2/base/cache/rawheap
09-19 13:57:11.013 11401 11632 I C02c03/PARAM_WATCHER: Add watcher keyPrefix persist.hdc.jdwp remoteWatcherId 102 success
09-19 13:57:11.016 11401 11401 W C01e00/ResourceManager: update userId, currentUserId_= 0, userId= 100
09-19 13:57:11.016 11401 11401 E C01e00/ResourceManager: LoadThemesRes failed, userId = 100, bundleName = com.example.callaite
09-19 13:57:11.016 11401 11401 W C01e00/ResourceManager: theme resources will clean, id 100
09-19 13:57:11.016 11401 11624 W C01653/NativePreferences: LoadFromDisk: The settingXml /***/el1/***/i18*** load failed.
09-19 13:57:11.021 11401 11401 E C01301/CompatiblePolicyDeviceType: [calculateResourceType:81]deviceType is empty.
09-19 13:57:11.022 11401 11401 W C01301/Ability: [resource_config_helper.cpp193]invalid source:
09-19 13:57:11.022 11401 11401 W C01301/Ability: [resource_config_helper.cpp193]invalid source:
09-19 13:57:11.023 11401 11401 I C01317/AppKit: [application_cleaner.cpp94]ClearTempData
09-19 13:57:11.029 11401 11401 I C01317/AppKit: [MTHRD2947]NtfyAppPreAbiCreate
09-19 13:57:11.044 11401 11401 I C01317/AppKit: [JAS211]LoadModule
09-19 13:57:11.044 11401 11401 W C01317/AppKit: [JAS1032]null stage
09-19 13:57:11.044 11401 11401 W C01317/AppKit: [JAS254]Not found AbilityStage.js
09-19 13:57:11.044 11401 11401 I C01317/AppKit: [OH_APP432]OnAboutToCreateAbility
09-19 13:57:11.045 11401 11401 W C01317/AppKit: [JAS349]Not found AbilityStage.js
09-19 13:57:11.051 11401 11401 I C01332/UIAbility: [ui_ability.cpp131]instanceId: 0b6e-83dc-57e5-475a-bafa1bfa37dc228e
09-19 13:57:11.054 11401 11628 I C03f00/ArkCompiler: [pgo] will save profiler to file /data/storage/ark-profile/rt_entry.ap
09-19 13:57:11.054 11401 11401 I C03f00/ArkCompiler: [ecmascript] start to execute module buffer with secure memory: /data/storage/el1/bundle/entry/ets/entryability/EntryAbility.abc
09-19 13:57:11.054 11401 11401 E C03f00/ArkCompiler: [common] Can not open xpm proc file, do not check secure memory anymore.
09-19 13:57:11.059 11401 11401 E C01707/CONCUR: [Interface] task 11628 apply qos failed, errno = 4
09-19 13:57:11.062 11401 11401 E C01707/CONCUR: [Interface] task 11629 apply qos failed, errno = 4
09-19 13:57:11.065 11401 11401 E C01707/CONCUR: [Interface] task 11630 apply qos failed, errno = 4
09-19 13:57:11.069 11401 11401 E C01707/CONCUR: [Interface] task 11628 apply qos failed, errno = 4
09-19 13:57:11.072 11401 11401 E C01707/CONCUR: [Interface] task 11629 apply qos failed, errno = 4
09-19 13:57:11.077 11401 11401 E C01707/CONCUR: [Interface] task 11630 apply qos failed, errno = 4
09-19 13:57:11.116 11401 11401 W C03f04/MMG: [NMM:1439] First: failed do_dlsym failed: Symbol not found: NAPI_file_fs_GetABCCode, version: null so=/system/lib64/module/file/libfs.z.so.Second: failed /system/lib64/module/hms/core/libiap_napi.z.so not exist.load /system/etc/abc/core/iap.abc failed
09-19 13:57:11.116 11401 11401 E C03f00/ArkCompiler: [ecmascript] export objects of native so is undefined, so name is @hms:core.iap
09-19 13:57:11.123 11401 11401 I C04309/CLOUD_FILE_SYNC: CloudSyncExport:Class MultiDownloadProgress for module cloudSyncDownload has been exported
09-19 13:57:11.123 11401 11401 I C04309/CLOUD_FILE_SYNC: CloudSyncExport:Class CloudFileCache for module cloudSyncDownload has been exported
09-19 13:57:11.123 11401 11401 I C04309/CLOUD_FILE_SYNC: CloudSyncExport:Class Download for module cloudSyncDownload has been exported
09-19 13:57:11.123 11401 11401 I C04309/CLOUD_FILE_SYNC: CloudSyncExport:Class GallerySync for module cloudSyncDownload has been exported
09-19 13:57:11.123 11401 11401 I C04309/CLOUD_FILE_SYNC: CloudSyncExport:Class FileSync for module cloudSyncDownload has been exported
09-19 13:57:11.123 11401 11401 I C04309/CLOUD_FILE_SYNC: CloudSyncExport:Class FileVersion for module cloudSyncDownload has been exported
09-19 13:57:11.126 11401 11401 I C01324/JsNapi: [js_error_manager.cpp1837]called
09-19 13:57:11.127 11401 11401 I C01320/JsEnv: [JSENV300]timing: 73
09-19 13:57:11.128 11401 11401 I C01320/JSENV: Callee constructor is OK string
09-19 13:57:11.128 11401 11401 I C01320/JSENV: Ability::constructor callee is object [object Object]
09-19 13:57:11.128 11401 11401 I C03f00/ArkCompiler: [ecmascript] start to execute ark buffer with secure memory use file: /data/storage/el1/bundle/entry/ets/modules.abc, entrypoint: @normalized:N&&&entry/build/generated/r/ResourceTable&
09-19 13:57:11.130 11401 11401 I C01332/UIAbility: [ui_ability_thread.cpp204]Lifecycle:Attach
09-19 13:57:11.132 11401 11401 I C01317/AppKit: [MTHRD3123]called
09-19 13:57:11.132 11401 11401 I C03f00/ArkCompiler: [gc] app is not inBackground
09-19 13:57:11.136 11401 11401 E C01707/CONCUR: [Interface] task 11628 apply qos failed, errno = 4
09-19 13:57:11.140 11401 11401 E C01707/CONCUR: [Interface] task 11629 apply qos failed, errno = 4
09-19 13:57:11.146 11401 11401 E C01707/CONCUR: [Interface] task 11630 apply qos failed, errno = 4
09-19 13:57:11.149 11401 11623 I C01332/UIAbility: [ui_ability_thread.cpp352]name:EntryAbility,targeState:5,isNewWant:0
09-19 13:57:11.155 11401 11401 I C01332/UIAbility: [ui_ability_thread.cpp271]Lifecycle:name EntryAbility
09-19 13:57:11.155 11401 11401 I C04201/DMS: AddDisplayIdFromAms: abilityToken and display[0] has been added.
09-19 13:57:11.160 11401 11401 I C01332/UIAbility: [JUA2177]JsUIAbility call js, name: onCreate
09-19 13:57:11.160 11401 11401 I A00001/EntryAbility: Ability onCreate
09-19 13:57:11.167 11401 11401 E C01356/Recovery: [app_recovery_api.cpp124]invalid restartFlag: 7
09-19 13:57:11.167 11401 11401 I A00001/ErrorRecovery: App recovery enabled
09-19 13:57:11.173 11401 11401 I C01317/AppKit: [OH_APP1240]current 2, pre 0
09-19 13:57:11.173 11401 11401 W C01317/AppKit: [OH_APP1269]fontSize empty
09-19 13:57:11.173 11401 11401 I C01317/AppKit: [OH_APP1300]current 2, pre 0
09-19 13:57:11.173 11401 11401 W C01317/AppKit: [OH_APP1304]language empty
09-19 13:57:11.173 11401 11401 W C01317/AppKit: [OH_APP1323]language and locale empty
09-19 13:57:11.173 11401 11401 I C01317/AppKit: [OH_APP298]configuration_: {"0#const.build.characteristics":"phone","0#input.pointer.device":"true","0#ohos.app.fontSizeScale":"nonFollowSystem","0#ohos.application.densitydpi":"xxxldpi","0#ohos.application.direction":"vertical","0#ohos.application.displayid":"0","0#ohos.system.colorMode":"light","0#ohos.system.colorMode.isSetByApp":"isSetByApp","0#ohos.system.fontSizeScale":"1.0","0#ohos.system.fontWeightScale":"1.0","0#ohos.system.hour":"false","0#ohos.system.language":"zh-Hans","0#ohos.system.locale":"zh-Hans"}, config: {"0#ohos.system.colorMode":"light","0#ohos.system.colorMode.isSetByApp":"isSetByApp"}
09-19 13:57:11.174 11401 11401 E C04217/WMSAttribute: UpdateConfigurationSyncForAll: root is null
09-19 13:57:11.174 11401 11401 I C01332/UIAbility: [JUA2177]JsUIAbility call js, name: onConfigurationUpdated
09-19 13:57:11.174 11401 11401 I C01332/UIAbility: [JUA2222]end, name: onConfigurationUpdated, time: 0
09-19 13:57:11.174 11401 11401 I C01332/UIAbility: [JUA2177]JsUIAbility call js, name: onConfigurationUpdate
09-19 13:57:11.174 11401 11401 I C01332/UIAbility: [JUA2222]end, name: onConfigurationUpdate, time: 0
09-19 13:57:11.175 11401 11401 W C01317/AppKit: [JAS919]Not found AbilityStage.js
09-19 13:57:11.175 11401 11401 W C01317/AppKit: [JAS919]Not found AbilityStage.js
09-19 13:57:11.175 11401 11401 I C01317/AppKit: [OH_APP322]ignoreWindowContext size 0
09-19 13:57:11.175 11401 11401 E C04217/WMSAttribute: UpdateConfigurationForAll: root is null
09-19 13:57:11.175 11401 11401 I C01332/UIAbility: [JUA2222]end, name: onCreate, time: 15
09-19 13:57:11.175 11401 11401 E C01332/UIAbility: [ui_ability_impl.cpp364]hasSaveData_: false
09-19 13:57:11.175 11401 11401 W C01332/UIAbility: [JUA1352]formatRegex: []
09-19 13:57:11.176 11401 11401 I C04202/WMSMain: Init: [requestId: 8][scbRequestId: 0]WindowScene with window session!
09-19 13:57:11.176 11401 11401 I C04202/WMSMain: Init: set isModuleAbilityHookEnd
09-19 13:57:11.176 11401 11401 I C0420a/WMSLife: WindowSessionImpl: nodeId: 48966922141697
09-19 13:57:11.177 11401 11401 I C01406/OHOS::RS: RSLogManager init log flag: 0x0(0)
09-19 13:57:11.178 11401 11401 I C01406/OHOS::RS: RSRenderServiceConnectHub call CreateConnection, needRefresh:[0]
09-19 13:57:11.179 11401 11401 I C01406/OHOS::RS: RSFrameRateLinker::Create id: 48966922141696
09-19 13:57:11.180 11401 11401 I C04202/WMSMain: VsyncStation: id 48966922141697 created
09-19 13:57:11.180 11401 11401 I C04200/WindowSceneSessionImpl: WindowSceneSessionImpl: [WMSCom] Constructor callaite0
09-19 13:57:11.180 11401 11401 E C04200/WMS: SetWindowType: permission denied!
09-19 13:57:11.180 11401 11401 I C0420a/WMSLife: Create: Window Create name:callaite0, state:0, mode:0
09-19 13:57:11.181 11401 11401 I C0420a/WMSLife: Create: SetIsAbilityHookOff 0
09-19 13:57:11.182 11401 11401 W C0420a/WMSLife: IsWindowSessionInvalid: id: 0 state_: 0
09-19 13:57:11.182 11401 11401 W C04200/WindowSceneSessionImpl: AdjustWindowAnimationFlag: session invalid!
09-19 13:57:11.182 11401 11401 I C04200/WindowSceneSessionImpl: Remove window flag WINDOW_FLAG_SHOW_WHEN_LOCKED
09-19 13:57:11.183 11401 11401 I C0420a/WMSLife: Connect: in
09-19 13:57:11.191 11401 11623 I C04208/WMSLayout: UpdateRect: [WindowRectUpdate:ClientRecv] UpdateRect id:0 name:callaite0, preRect=[0 0 0 0], newRect=[0 0 1308 2880], reason:0 displayId:0
09-19 13:57:11.191 11401 11623 I C04208/WMSLayout: NotifyFirstValidLayoutUpdate: Id:0, rect:[0 0 1308 2880]
09-19 13:57:11.191 11401 11401 I C01406/OHOS::RS: RSSurfaceNode::Unmarshalling, Node: 48966922141697, Name: callaite0
09-19 13:57:11.192 11401 11619 W C04208/WMSLayout: NotifySingleHandTransformChange: id:0, uiContent is nullptr
09-19 13:57:11.192 11401 11401 I C04208/WMSLayout: Connect: updateRect when connect.preRect:[0,0,1308,2880]rect:[0,0,1308,2880]
09-19 13:57:11.192 11401 11401 E C0421c/WMSCompat: ReadCombinedCompatibleConfig: combinedConfigSize: 0 fail to meet the conditions
09-19 13:57:11.193 11401 11401 I C0420a/WMSLife: Connect: Window Connect [name:callaite0, id:45, type:1], ret:0, oriDisplayId:0, curDisplayId:0
09-19 13:57:11.193 11401 11401 I C04204/WMSScb: RS multi-instance enabled: 1
09-19 13:57:11.193 11401 11401 I C01406/OHOS::RS: multi-instance, create RSUIContextManager, isMultiInstanceOpen_ 1
09-19 13:57:11.194 11401 11401 I C01406/OHOS::RS: RSRenderServiceConnectHub AddRenderProcessConnectionToken
09-19 13:57:11.194 11401 11401 I C01406/OHOS::RS: RSRenderServiceConnectHub::SetOnDiedCallback, code:0
09-19 13:57:11.194 11401 11401 I C01406/OHOS::RS: RSApplicationAgentImpl::RegisterRSApplicationAgent!
09-19 13:57:11.194 11401 11401 I C01406/OHOS::RS: RSUIDirector::GoCreate CurrentState:0, UIContext:48966922141697
09-19 13:57:11.194 11401 11401 I C01406/OHOS::RS: RSUIDirector::GoResume CurrentState:0, UIContext:48966922141697
09-19 13:57:11.194 11401 11401 I C01406/OHOS::RS: RSUIDirector::GoForeground CurrentState:1, UIContext:48966922141697
09-19 13:57:11.195 11401 11401 I C02c03/PARAM_WATCHER: Add watcher keyPrefix persist.sys.graphic.animationscale remoteWatcherId 102 success
09-19 13:57:11.195 11401 11401 I C04204/WMSScb: InitRSUIDirector: Create RSUIDirector: RSUIDirector's RSUIContext [token: 48966922141697, tid: 11401], rsUIContext: RSUIContext is null
09-19 13:57:11.195 11401 11401 I C0420a/WMSLife: PostInitSurfaceNode: post init surfaceNode success, name: callaite0
09-19 13:57:11.195 11401 11401 I C0421c/WMSCompat: SetAppHookWindowInfo: Id:45, preHookWindowInfo:[enableHookWindow: false, widthHookRatio: 1.000000, notifyWindowChange: false, drawableRectHook: false], newHookWindowInfo:[enableHookWindow: false, widthHookRatio: 1.000000, notifyWindowChange: false, drawableRectHook: false]
09-19 13:57:11.195 11401 11401 I C0421c/WMSCompat: SendCombinedCompatibleConfigToArkUI: bundleName: com.example.callaite, combinedCompatibleConfig size: 0
09-19 13:57:11.195 11401 11401 E C0421c/WMSCompat: SendCombinedCompatibleConfigToArkUI: Combined compatible config size is less than 2!
09-19 13:57:11.195 11401 11401 I C01406/OHOS::RS: RSSurfaceNode::SetAlphaChangedCallback, node=[48966922141697, callaite0]
09-19 13:57:11.195 11401 11401 I C04208/WMSLayout: SetWindowMode: windowId: 45, windowModeSupportType: 127, mode: 1
09-19 13:57:11.195 11401 11401 I C04208/WMSLayout: UpdateWindowModeImmediately: [WindowModeUpdate:Inner] UpdateWindowModeImmediately id:45, mode:1, splitStyle:0, splitIndex:0, state:1
09-19 13:57:11.198 11401 11401 I C04208/WMSLayout: NotifyWindowStatusChange: [WindowModeUpdate:Inner] NotifyWindowStatusChange id:45, mode:1, status:1, lastStatus:0, skipRedundant:0
09-19 13:57:11.198 11401 11401 I C04208/WMSLayout: SetConfigWindowLimitsVP: id:45, windowLimits:[0 0 0 0 0.000000 0.000000 1.000000 1]
09-19 13:57:11.199 11401 11401 I C04208/WMSLayout: GetSystemSizeLimits: systemLimitsPX: [6720 6720 1120 840 340282346638528859811704183484516925440.000000 0.000000 1.000000 0], systemLimitsVP: [1920 1920 320 240 340282346638528859811704183484516925440.000000 0.000000 1.000000 1], configMaxSize: 1920, vpr: 3.500000, winType: 1
09-19 13:57:11.199 11401 11401 I C04208/WMSLayout: UpdateWindowSizeLimits: [WindowLimitsUpdate:CalcLimits] SaveLimits id:45, px[minW:1120,minH:840,maxW:6720,maxH:6720] vp[minW:320,minH:240,maxW:1920,maxH:1920] vpr=3.500000
09-19 13:57:11.199 11401 11401 I C0421a/WMSLayoutPc: GetSupportedWindowModesConfiguration: winId: 45, windowModeSupportType: 15
09-19 13:57:11.199 11401 11401 I C04202/WMSMain: SetSupportedWindowModesForAncoInFreeWindow: is not anco app, need not update support window mode.
09-19 13:57:11.199 11401 11401 I C04208/WMSLayout: SetWindowModeSupportType: id:45, old:127, new:15
09-19 13:57:11.199 11401 11401 I C04208/WMSLayout: GetConfigurationFromAbilityInfo: windowId: 45, windowModeSupportType: 15, isAncoSupportFreeWindow: 0
09-19 13:57:11.200 11401 11401 I C0420f/WMSRecover: RegisterSessionRecoverCallbackFunc: persistentId=45
09-19 13:57:11.200 11401 11401 I C04217/WMSAttribute: UpdateStatusBarColorByColorMode: win=45, appColor=light
09-19 13:57:11.200 11401 11401 I C04200/WMS: IsMainHandlerAvailable: id:45, isAvailable:1
09-19 13:57:11.200 11401 11401 I C04200/WMS: IsMainHandlerAvailable: id:45, isAvailable:1
09-19 13:57:11.202 11401 11401 I C02800/MMIClient: [|267]Connection to server succeeded, fd:32
09-19 13:57:11.202 11401 11401 I C02800/MMIClient: [|166]Server was listening
09-19 13:57:11.202 11401 11401 I C02800/MMIClient: [|127]reuse current event handler, thread name:
09-19 13:57:11.202 11401 11401 I C02800/MMIClient: [|130]File fd is in listening
09-19 13:57:11.202 11401 11401 I C0420c/WMSEvent: AddInputWindow: SetWindowInputEventConsumer success, wid:45
09-19 13:57:11.204 11401 11401 I C04732/GameController: [(RegisterEntryModule:24)]begin load gamecontroller_event
09-19 13:57:11.204 11401 11401 I C04732/GameController: [(StartInputToTouch:61)]Begin StartInputToTouch
09-19 13:57:11.206 11401 11401 I C04217/WMSAttribute: ConnectServer: start connect
09-19 13:57:11.206 11401 11401 I C04217/WMSAttribute: ConnectServer: end connect
09-19 13:57:11.206 11401 11401 W C04217/WMSAttribute: RegisterGetWMSWindowListCallback: callback has registered
09-19 13:57:11.206 11401 11401 I C04217/WMSAttribute: RegisterGetWMSWindowListCallback: winId: 45
09-19 13:57:11.206 11401 11401 I C04217/WMSAttribute: UpdateColorMode: winId: 45, colorMode: light
09-19 13:57:11.206 11401 11401 I C04218/WMSPc: UpdateSidebarBlurStyleWhenColorModeChange: in, persistentId=45
09-19 13:57:11.206 11401 11401 W C04218/WMSPc: UpdateSidebarBlurStyleWhenColorModeChange: RSAnimatableProperty is null
09-19 13:57:11.206 11401 11401 I C04217/WMSAttribute: UpdateColorMode: winId: 45, colorMode: light, hasDarkRes: 1
09-19 13:57:11.206 11401 11401 I C0421c/WMSCompat: SetPcAppInpadSpecificSystemBarInvisible: isPcAppInpadSpecificSystemBarInvisible: 0
09-19 13:57:11.206 11401 11401 I C0421c/WMSCompat: SetPcAppInpadOrientationLandscape: isPcAppInpadOrientationLandscape: 0
09-19 13:57:11.206 11401 11401 I C0420a/WMSLife: Create: Window Create success [name:callaite0, id:45], state:1, mode:1, enableDefaultDensity:0, displayId:0
09-19 13:57:11.206 11401 11401 E C04200/WMS: singleton_container.cpp GetSingleton: cant get OHOS::Rosen::WindowInfoReporter
09-19 13:57:11.207 11401 11401 I C01332/UIAbility: [JUA2177]JsUIAbility call js, name: onWindowStageCreate
09-19 13:57:11.207 11401 11401 I A00001/EntryAbility: Ability onWindowStageCreate
09-19 13:57:11.207 11401 11401 I A03d00/JSAPP: [DataStore] Loading 2 .md files from /data/storage/el2/base/haps/entry/files/graph
09-19 13:57:11.207 11401 11401 W A03d00/JSAPP: [DataStore] Empty or unreadable file: 2026-09-19.md
09-19 13:57:11.208 11401 11649 I C04732/GameController: [(GetSelfBundleName:49)]The current bundleName [com.example.callaite]. version [1.0.0]
09-19 13:57:11.208 11401 11649 I C04732/GameController: [(IsCommonApp:94)]The [com.example.callaite] is a common app.
09-19 13:57:11.208 11401 11649 W C04732/GameController: [(ReadJsonFromFile:224)]realpath failed for [/data/service/el1/public/for-all-app/gamecontroller_server/game_support_key_mapping.json]
09-19 13:57:11.208 11401 11649 I C04732/GameController: [(SetSupportKeyMapping:73)]SetSupportKeyMapping. isSupportKeyMapping_ is [0]
09-19 13:57:11.208 11401 11649 I C04732/GameController: [(DoAsyncTask:76)]The app does not support input-to-touch feature.
09-19 13:57:11.209 11401 11401 I A03d00/JSAPP: [DataStore] Graph loaded. Pages: 1
09-19 13:57:11.209 11401 11631 I C01610/KvStoreServiceDeathNotifier: [a92ab124373322d, 0, 0] AddServiceDeathWatcher: Success set size: <private>
09-19 13:57:11.209 11401 11631 I C01610/KvStoreServiceDeathNotifier: [a92ab124373322d, 0, 0] GetDistributedKvDataService: Create remote proxy.
09-19 13:57:11.210 11401 11631 I C01610/DataMgrServiceProxy: [a92ab124373322d, 0, 0] DataMgrServiceProxy: Init data service proxy.
09-19 13:57:11.210 11401 11631 I C01610/KvStoreServiceDeathNotifier: [a92ab124373322d, 0, 0] ServiceDeathRecipient: Constructor.
09-19 13:57:11.211 11401 11631 I C01610/KvStoreClientDeathObserver: [a92ab124373322d, 0, 0] KvStoreClientDeathObserver: This client death observer
09-19 13:57:11.212 11401 11631 I C01610/DataMgrServiceProxy: [a92ab124373322d, 0, 0] GetFeatureInterface: get feature:kv_store
09-19 13:57:11.216 11401 11650 E C01b00/DistributedAccountFwk: Read result failed, code is: 8.
09-19 13:57:11.218 11401 11650 E C01b00/DistributedAccountFwk: Read result failed, code is: 8.
09-19 13:57:11.218 11401 11401 E C01317/AppKit: [context_impl.cpp1466]create dir /data/storage/el2/cloud failed, errno is 13
09-19 13:57:11.218 11401 11401 E C01317/AppKit: [context_impl.cpp1466]create dir /data/storage/el2/cloud failed, errno is 13
09-19 13:57:11.218 11401 11401 E C01317/AppKit: [context_impl.cpp1466]create dir /data/storage/el2/cloud failed, errno is 13
09-19 13:57:11.218 11401 11401 E C04388/file_api: [prop_n_exporter.cpp:456->MkdirExec] Failed to create directories, error: 13
09-19 13:57:11.219 11401 11401 I A03d00/JSAPP: [PluginManager] Initialized 4 plugins
09-19 13:57:11.220 11401 11401 I C01317/AppKit: [OH_APP1240]current 2, pre 0
09-19 13:57:11.220 11401 11401 W C01317/AppKit: [OH_APP1269]fontSize empty
09-19 13:57:11.220 11401 11401 I C01317/AppKit: [OH_APP1300]current 2, pre 0
09-19 13:57:11.220 11401 11401 W C01317/AppKit: [OH_APP1304]language empty
09-19 13:57:11.220 11401 11401 W C01317/AppKit: [OH_APP1323]language and locale empty
09-19 13:57:11.220 11401 11401 I C01317/AppKit: [OH_APP298]configuration_: {"0#const.build.characteristics":"phone","0#input.pointer.device":"true","0#ohos.app.fontSizeScale":"nonFollowSystem","0#ohos.application.densitydpi":"xxxldpi","0#ohos.application.direction":"vertical","0#ohos.application.displayid":"0","0#ohos.system.colorMode":"light","0#ohos.system.colorMode.isSetByApp":"isSetByApp","0#ohos.system.fontSizeScale":"1.0","0#ohos.system.fontWeightScale":"1.0","0#ohos.system.hour":"false","0#ohos.system.language":"zh-Hans","0#ohos.system.locale":"zh-Hans"}, config: {"0#ohos.system.colorMode":"light","0#ohos.system.colorMode.isSetByApp":"isSetByApp"}
09-19 13:57:11.220 11401 11401 E C04217/WMSAttribute: UpdateConfigurationSync: uiContent null, scene win=45, display=0
09-19 13:57:11.220 11401 11401 E C04217/WMSAttribute: UpdateConfigurationSyncForAll: root is null
09-19 13:57:11.220 11401 11631 I C01630/DistributedDB: [a92ab124373322d, 0, 0] before open db,db file: [size: 65536, mtime: 1789792123, inode: 824462]; db wal file: [size: 0, mtime: 1789792123, inode: 824463]; db shm file: [size: 32768, mtime: 1789797329, inode: 824466]; db dwr file: [stat() failed, errCode: -1, errno: 2]; 
09-19 13:57:11.221 11401 11401 I C01332/UIAbility: [JUA2177]JsUIAbility call js, name: onConfigurationUpdated
09-19 13:57:11.221 11401 11401 I C01332/UIAbility: [JUA2222]end, name: onConfigurationUpdated, time: 0
09-19 13:57:11.221 11401 11401 I C01332/UIAbility: [JUA2177]JsUIAbility call js, name: onConfigurationUpdate
09-19 13:57:11.221 11401 11401 I C01332/UIAbility: [JUA2222]end, name: onConfigurationUpdate, time: 0
09-19 13:57:11.221 11401 11401 W C01317/AppKit: [JAS919]Not found AbilityStage.js
09-19 13:57:11.221 11401 11401 W C01317/AppKit: [JAS919]Not found AbilityStage.js
09-19 13:57:11.221 11401 11401 I C01317/AppKit: [OH_APP322]ignoreWindowContext size 0
09-19 13:57:11.221 11401 11401 E C04217/WMSAttribute: UpdateConfiguration: uiContent null, scene win=45, display=0
09-19 13:57:11.221 11401 11401 I C04217/WMSAttribute: UpdateStatusBarColorByColorMode: win=45, appColor=light
09-19 13:57:11.226 11401 11401 E C04217/WMSAttribute: UpdateConfigurationForAll: root is null
09-19 13:57:11.226 11401 11401 I C04200/JsWindowStage: LoadContent: [NAPI]
09-19 13:57:11.226 11401 11401 I C01332/UIAbility: [JUA2222]end, name: onWindowStageCreate, time: 19
09-19 13:57:11.226 11401 11401 I C0420a/WMSLife: NotifyWindowStageCreateFinished: id: 45
09-19 13:57:11.226 11401 11631 I C01630/DistributedDB: [a92ab124373322d, 0, 0] [SqlUp] meta[0] label[3] flag[0] ver[104]
09-19 13:57:11.226 11401 11401 I C01332/UIAbility: [JUA2177]JsUIAbility call js, name: onWillForeground
09-19 13:57:11.226 11401 11401 I C01332/UIAbility: [JUA2222]end, name: onWillForeground, time: 0
09-19 13:57:11.226 11401 11401 I C04202/WMSMain: GoForeground: [requestId: 8][scbRequestId: 0]reason: 4 isGamePreLaunch: 0
09-19 13:57:11.226 11401 11401 I C0420a/WMSLife: Show: [requestId: 8][scbRequestId: 0]Window show [name: callaite0, id: 45, type: 1], reason: 4, state:1, requestState:1
09-19 13:57:11.227 11401 11401 I C04208/WMSLayout: GetSystemSizeLimits: systemLimitsPX: [6720 6720 1120 840 340282346638528859811704183484516925440.000000 0.000000 1.000000 0], systemLimitsVP: [1920 1920 320 240 340282346638528859811704183484516925440.000000 0.000000 1.000000 1], configMaxSize: 1920, vpr: 3.500000, winType: 1
09-19 13:57:11.227 11401 11401 I C04208/WMSLayout: UpdateWindowSizeLimits: [WindowLimitsUpdate:CalcLimits] SaveLimits id:45, px[minW:1120,minH:840,maxW:6720,maxH:6720] vp[minW:320,minH:240,maxW:1920,maxH:1920] vpr=3.500000
09-19 13:57:11.227 11401 11631 I C01630/DistributedDB: [a92ab124373322d, 0, 0] [KVDB] [StartSyncerWithNoLock] [uüª] event=3
09-19 13:57:11.227 11401 11631 I C01630/DistributedDB: [a92ab124373322d, 0, 0] db id:75fcaa, dir:485848
09-19 13:57:11.227 11401 11401 I C04217/WMSAttribute: IsSystemDensityChanged: windowId: 45, lastDensity: -1.000000, currDensity: 3.500000
09-19 13:57:11.227 11401 11631 E C01610/StoreUtil: [a92ab124373322d, 0, 0] SetServiceGid: file not exit, filePath:/da***.db ,code:2
09-19 13:57:11.228 11401 11631 I C01610/KvStoreServiceDeathNotifier: [a92ab124373322d, 0, 0] AddServiceDeathWatcher: Success set size: <private>
09-19 13:57:11.228 11401 11401 W C04200/WindowSessionImpl: UpdateViewportConfig: uiContent is null!
09-19 13:57:11.228 11401 11401 I C01332/UIAbility: [ui_ability_impl.cpp489]wnd call, AfterForeground
09-19 13:57:11.228 11401 11401 I C01406/OHOS::RS: RSFrameRateLinker::Create id: 48966922141697
09-19 13:57:11.235 11401 11623 I C04207/WMSFocus: ProcessUpdateFocus: unfocusId:11, focusId:45, isFocused:1,isSyncNotify:0, old:0, new:1789797431002, current:1789797431235
09-19 13:57:11.235 11401 11623 I C04207/WMSFocus: UpdateFocusState: focus: 1, id: 45
09-19 13:57:11.235 11401 11623 I C04207/WMSFocus: NotifyApplicationFocusChangedResult: 1
09-19 13:57:11.235 11401 11619 I C04207/WMSFocus: ProcessNotifyHighlightChange: timeStamp:1789797431002, highlightId:45, isHighlight:1,isSyncNotify:0, old:0, new:1789797431002, current:1789797431235
09-19 13:57:11.235 11401 11619 I C04207/WMSFocus: NotifyHighlightChange: windowId: 45, isHighlight: 1,
09-19 13:57:11.235 11401 11619 E C0420a/WMSLife: NotifyUIExtHostRectChangeInGlobalDisplayListeners: uiContent is null
09-19 13:57:11.235 11401 11619 W C04208/WMSLayout: NotifySingleHandTransformChange: id:45, uiContent is nullptr
09-19 13:57:11.236 11401 11401 E C01706/ueaClient-RmeCoreSched: [Init]: do not enabled!ret: -1
09-19 13:57:11.236 11401 11401 I C01706/ueaClient-FrameMsgMgr: [Init]:inited success!
09-19 13:57:11.236 11401 11401 I C01706/ueaClient-FrameUiIntf: [Init]:ret:1, inited:1
09-19 13:57:11.236 11401 11658 W C057c1/IPCWorkThread: ThreadHandler: proto:0 policy:0 name:OS_IPC_3_11658 invoker:3898000
09-19 13:57:11.236 11401 11401 I C04217/WMSAttribute: InitWaterfallMode: winId: 45
09-19 13:57:11.236 11401 11401 I C04217/WMSAttribute: NotifyWaterfallModeChange: winId: 45, waterfall: 0, stat: 2
09-19 13:57:11.236 11401 11401 I C04202/WMSMain: NotifyFreeMultiWindowModeResume: IsPcMode 0, isColdStart 1
09-19 13:57:11.236 11401 11401 I C0420a/WMSLife: Show: [requestId: 8][scbRequestId: 0]Window show success [name:callaite0, id:45, type:1]
09-19 13:57:11.236 11401 11401 W C04201/DMS: OnDisplayInfoChange: data is not changed.
09-19 13:57:11.237 11401 11401 I C01332/UIAbility: [JUA2177]JsUIAbility call js, name: onForeground
09-19 13:57:11.237 11401 11401 I A00001/EntryAbility: Ability onForeground
09-19 13:57:11.237 11401 11401 I C01332/UIAbility: [JUA2222]end, name: onForeground, time: 0
09-19 13:57:11.239 11401 11401 E C01651/data_share_manager_impl: RegisterClientDeathObserver: RegisterClientDeathObserver failed, bundleName is com.example.callaite
09-19 13:57:11.239 11401 11401 E C01651/data_share_manager_impl: GetDataShareServiceProxy: RegisterClientDeathObserver failed
09-19 13:57:11.240 11401 11658 E C01651/data_share_manager_impl: RegisterClientDeathObserver: RegisterClientDeathObserver failed, bundleName is com.example.callaite
09-19 13:57:11.240 11401 11658 E C01651/data_share_manager_impl: GetDataShareServiceProxy: RegisterClientDeathObserver failed
09-19 13:57:11.240 11401 11658 I C01651/data_share_manager_impl: operator(): RecoverObs start
09-19 13:57:11.254 11401 11401 I C05405/CompConfigClient: GetConfigByApp: GetDataShareData return 0 result
09-19 13:57:11.254 11401 11401 E C01301/Ability: [page_config_manager.cpp62]configJson_ is empty
09-19 13:57:11.257 11401 11401 I C02d11/DfxUnwinder: UnwindLocal:: fpUnwind: 0
09-19 13:57:11.257 11401 11401 W C01320/JsEnv: [source_map.cpp145]the stack without line info
09-19 13:57:11.258 11401 11401 I C02d11/DfxUnwinder: UnwindLocal:: fpUnwind: 0
09-19 13:57:11.258 11401 11401 W C01320/JsEnv: [source_map.cpp145]the stack without line info
09-19 13:57:11.258 11401 11401 I A00001/EntryAbility: Huawei account refreshed: 
09-19 13:57:11.258 11401 11401 I C01612/JsKVManager: operator(): output delete reference success
09-19 13:57:11.258 11401 11401 I C01612/JsSingleKVStore: operator(): subscribe to event:dataChange
09-19 13:57:11.258 11401 11401 I C01612/JsSingleKVStore: OnDataChange: subscribe data change type 2
09-19 13:57:11.258 11401 11401 I C01630/DistributedDB: [KvStoreNbDelegate][RegisterDeviceObserver] Register device observer ok mode:1
09-19 13:57:11.258 11401 11401 I C01610/KvStoreObserverClient: KvStoreObserverClient: Start
09-19 13:57:11.260 11401 11401 I A03d00/JSAPP: [Collaboration] KVStore initialized
09-19 13:57:11.260 11401 11401 I C01332/UIAbility: [JUA2177]JsUIAbility call js, name: onDidForeground
09-19 13:57:11.260 11401 11401 I C01332/UIAbility: [JUA2222]end, name: onDidForeground, time: 0
09-19 13:57:11.260 11401 11401 I C04202/WMSMain: GoResume: in isGamePreLaunch: 0
09-19 13:57:11.261 11401 11401 I C0420a/WMSLife: SetUIContentInner: pages/Index, state:2, persistentId: 45
09-19 13:57:11.261 11401 11401 I C0420a/WMSLife: NotifySetUIContentComplete: start
09-19 13:57:11.261 11401 11401 I C0420a/WMSLife: SetUIContentComplete: persistentId=45
09-19 13:57:11.261 11401 11401 I C0420a/WMSLife: InitUIContent: start
09-19 13:57:11.261 11401 11401 I C0420a/WMSLife: DestroyExistUIContent: start
09-19 13:57:11.261 11401 11401 I C03900/Ace: [(-1:-1:undefined)] CreateUIContent.
09-19 13:57:11.261 11401 11401 I C03934/AceUIEvent: [(-1:-1:undefined)] report ace loaded
09-19 13:57:11.261 11401 11401 I C04707/HaAceEngine: OnAceLoaded end
09-19 13:57:11.262 11401 11625 W C04707/HaClient: =========Invalid Client=========
09-19 13:57:11.262 11401 11401 I C03900/Ace: [(-2:-1:undefined)] Create ace bg threads pool.
09-19 13:57:11.262 11401 11401 I C03900/Ace: [(-2:-1:undefined)] Init RenderService UniRender Type:0
09-19 13:57:11.264 11401 11401 W C01409/APS_MANAGER: redo Connect
09-19 13:57:11.264 11401 11401 I C01409/APS_MANAGER: Start to ConnectService
09-19 13:57:11.264 11401 11401 I C01409/APS_MANAGER: GetSystemAbilityManager success
09-19 13:57:11.264 11401 11401 I C01409/APS_MANAGER: GetSystemAbility success
09-19 13:57:11.265 11401 11662 I C03900/Ace: [(-1:-1:undefined)] dlsym function ReportData success.
09-19 13:57:11.265 11401 11662 I C03900/Ace: [(-1:-1:undefined)] dlsym function ReportSyncEvent success.
09-19 13:57:11.265 11401 11401 I C03900/Ace: [(-2:-1:undefined)] [com.example.callaite][entry][-1]: UIContent: apiCompatibleVersion: 60101024, apiTargetVersion: 260000026, and apiReleaseType: Release, useNewPipe: 1, enableCustomComponentCrossAbility: 0
09-19 13:57:11.266 11401 11401 I C02c03/PARAM_WATCHER: Add watcher keyPrefix persist.sys.arkui.animationscale remoteWatcherId 102 success
09-19 13:57:11.267 11401 11401 E C03900/Ace: [(-2:-1:undefined)] ConfigParserBase read system file failed
09-19 13:57:11.267 11401 11401 W C03900/Ace: [(-2:-1:undefined)] ArkUiFeatureParamManager failed to load xml file
09-19 13:57:11.267 11401 11401 E C03900/Ace: [(-2:-1:undefined)] ConfigParserBase read system UI correction config file failed
09-19 13:57:11.267 11401 11401 W C03900/Ace: [(-2:-1:undefined)] ArkUiFeatureParamManager failed to load UI correction config file
09-19 13:57:11.271 11401 11401 I C05405/CompConfigClient: SubscribeEvent_: SubscriberEvent, ret: 1
09-19 13:57:11.273 11401 11658 I C04200/WindowSessionImpl: NotifyTransformChange: in
09-19 13:57:11.274 11401 11658 I C04208/WMSLayout: NotifyWindowStatusDidChange: [WindowModeUpdate:Inner] NotifyWindowStatusDidChange id:45, mode:1, status:1, lastStatus:0, listenerSize:0, rect:[0 0 1308 2880]
09-19 13:57:11.278 11401 11401 I C05405/CompConfigClient: GetConfigByApp: GetDataShareData return 0 result
09-19 13:57:11.278 11401 11401 W C03900/Ace: [(-2:-1:undefined)] FeatureManager get config failed, key:UICorrectionStrategy ret:1
09-19 13:57:11.278 11401 11401 W C03900/Ace: [(-2:-1:undefined)] FeatureParamManager get UICorrectionStrategy from FeatureManager failed
09-19 13:57:11.281 11401 11401 I C03900/Ace: [(-2:-1:undefined)] SetLocale language tag: zh-Hans, font locale: zh-Hans, select language: zh-CN
09-19 13:57:11.281 11401 11401 I C03900/Ace: [(-2:-1:undefined)] [com.example.callaite][entry][-1]: SetLanguage: zh, colorMode: light, deviceAccess: 1
09-19 13:57:11.281 11401 11401 I C03900/Ace: [(-2:-1:undefined)] [com.example.callaite][entry][-1]: Initialize UIContent isModelJson:true
09-19 13:57:11.283 11401 11401 I C03922/AceNavigation: [(-2:-1:undefined)] subscribe hsp Update successfully
09-19 13:57:11.283 11401 11401 I C03900/Ace: [(100000:100000:scope)] SetHapPath, Use hap path to load resource
09-19 13:57:11.284 11401 11401 I C04217/WMSAttribute: RegisterWaterfallModeChangeListener: winId: 45
09-19 13:57:11.285 11401 11401 I C04200/WMS: GetSurfaceNode: name:callaite0, id:45
09-19 13:57:11.285 11401 11401 I C04200/WMS: GetSurfaceNode: name:callaite0, id:45
09-19 13:57:11.285 11401 11401 I C03900/Ace: [(100000:100000:scope)] SetRSSurfaceNode 48966922141697 with rs multi
09-19 13:57:11.285 11401 11401 I C01406/OHOS::RS: RSUIContext::AttachFromUI. token: 48966922141697 uiPiplineNum: -1
09-19 13:57:11.285 11401 11401 I C01406/OHOS::RS: RSUIContext::SetUITaskRunner, Context token:48966922141697
09-19 13:57:11.286 11401 11401 I C03925/AceRouter: [(100000:100000:scope)] createManager, deviceType: 0
09-19 13:57:11.286 11401 11401 W C03900/Ace: [(100000:100000:scope)] Invalid config:zh_Hans-long-notround-vertical-light-phone-xxxhdpi
09-19 13:57:11.287 11401 11401 I C01406/OHOS::RS: RSUIDirector::GoBackground CurrentState:2, UIContext:48966922141697
09-19 13:57:11.287 11401 11401 I C01406/OHOS::RS: RSSurfaceNode::SetAbilityState, surfaceNodeId:[48966922141697], ability state: background
09-19 13:57:11.287 11401 11401 I C03900/Ace: [(100000:100000:scope)] set translateManager to pipeline, instanceId:100000
09-19 13:57:11.287 11401 11401 I C0421d/WMSRotation: RegisterOrientationChangeListener: in
09-19 13:57:11.287 11401 11401 I C03900/Ace: [(100000:100000:scope)] AddPersistAfterLayoutTask size: 1
09-19 13:57:11.287 11401 11401 I C03919/AceInputTracking: [(100000:100000:scope)] Debug touch pass mode 0
09-19 13:57:11.288 11401 11401 E C03934/AceUIEvent: [(100000:100000:scope)] AceTransform load failed: Error loading shared library /system/lib64/libtransform_interaction_ext.z.so: No such file or directory
09-19 13:57:11.288 11401 11401 I C03937/AceResource: [(100000:100000:scope)] ResourceAdapter UpdateResConfig with colorMode light
09-19 13:57:11.288 11401 11401 W C03900/Ace: [(100000:100000:scope)] not found systemTheme in HapModuleInfo, loading default OHOS_THEME
09-19 13:57:11.288 11401 11401 I C03900/Ace: [(100000:100000:scope)] Cannot Get File List from resources/styles/
09-19 13:57:11.288 11401 11401 W C03900/Ace: [(100000:100000:scope)] GetAsset failed: resources/styles/default.json
09-19 13:57:11.297 11401 11401 I C01406/OHOS::RS: RSRootNode::Create, Node:48966922141699, Token:48966922141697
09-19 13:57:11.297 11401 11401 I C03900/Ace: [(100000:100000:scope)] root node OnAttachToFrameNode, id:0
09-19 13:57:11.297 11401 11401 I C03900/Ace: [(100000:100000:scope)] Rosenwindow set root, rsId:48966922141699
09-19 13:57:11.298 11401 11401 I C01406/OHOS::RS: RSRootNode::AttachRSSurfaceNode, SurfaceNode:48966922141697, Node:48966922141699
09-19 13:57:11.298 11401 11401 I C03900/Ace: [(100000:100000:scope)] AddPersistAfterLayoutTask size: 2
09-19 13:57:11.302 11401 11401 I C03900/Ace: [(100000:100000:scope)] focusWindowId: 0, realHostWindowId: 0
09-19 13:57:11.302 11401 11401 I C03900/Ace: [(100000:100000:scope)] [com.example.callaite][entry][100000]: window focus
09-19 13:57:11.302 11401 11401 I C02c03/PARAM_WATCHER: Add watcher keyPrefix debug.graphic.frame remoteWatcherId 102 success
09-19 13:57:11.303 11401 11401 E C03900/Ace: [(100000:100000:scope)] ERROR EACCES
09-19 13:57:11.303 11401 11401 E C03900/Ace: [(100000:100000:scope)] ERROR EACCES
09-19 13:57:11.303 11401 11401 I C03900/Ace: [(100000:100000:scope)] ArkUIInvisibleFreeze: 0
09-19 13:57:11.303 11401 11401 I C03900/Ace: [(100000:100000:scope)] [com.example.callaite][entry][100000]: SetMinPlatformVersion is 60101024
09-19 13:57:11.303 11401 11401 I C04209/WMSImms: RegisterAvoidAreaChangeListener: win 45
09-19 13:57:11.303 11401 11401 E C04200/IMockSessionManager: Read result failed, code is: 4.
09-19 13:57:11.304 11401 11401 E C04200/IMockSessionManager: Read result failed, code is: 4.
09-19 13:57:11.304 11401 11401 I C04200/WMS: InitSessionManagerServiceProxy: Init success, userId=-1
09-19 13:57:11.305 11401 11401 I C04200/WMS: InitSceneSessionManagerLiteProxy: Init success, userId=-1
09-19 13:57:11.305 11401 11401 I C04204/WMSScb: InitSceneSessionManagerProxy: enter, userId=-1
09-19 13:57:11.305 11401 11401 I C04204/WMSScb: GetSceneSessionManagerProxy: init first time, userId=-1
09-19 13:57:11.307 11401 11658 E C0420a/WMSLife: NotifyUIExtHostRectChangeInGlobalDisplayListeners: uiContent is null
09-19 13:57:11.307 11401 11623 I C04208/WMSLayout: UpdateRect: [WindowRectUpdate:ClientRecv] UpdateRect id:45 name:callaite0, preRect=[0 0 1308 2880], newRect=[0 0 1308 2880], reason:23 displayId:0
09-19 13:57:11.312 11401 11401 I C04209/WMSImms: GetAvoidAreaByType: win 45 type not supported
09-19 13:57:11.312 11401 11401 I C03917/AceSafeArea: [(100000:100000:scope)] InitializeSafeArea systemInsets:SafeAreaInsets left_: [start: 0, end: 0], top_: [start: 0, end: 136], right_: [start: 0, end: 0], bottom_: [start: 0, end: 0], cutoutInsets:SafeAreaInsets left_: [start: 0, end: 0], top_: [start: 50, end: 128], right_: [start: 0, end: 0], bottom_: [start: 0, end: 0], navInsets:SafeAreaInsets left_: [start: 0, end: 0], top_: [start: 0, end: 0], right_: [start: 0, end: 0], bottom_: [start: 2782, end: 2880], floatNavInsets:SafeAreaInsets left_: [start: 0, end: 0], top_: [start: 0, end: 0], right_: [start: 0, end: 0], bottom_: [start: 0, end: 0]
09-19 13:57:11.314 11401 11401 I C0394e/AceWindow: [(100000:100000:scope)] Initialize displayId: 0, availableRect: [0, 0, 1308, 2880]
09-19 13:57:11.314 11401 11401 I C03900/Ace: [(100000:100000:scope)] Failed to open libthp_extra_innerapi.z.so, reason: Error loading shared library /system/lib64/libthp_extra_innerapi.z.so: No such file or directory
09-19 13:57:11.314 11401 11401 I C03900/Ace: [(-2:100000:singleton)] [com.example.callaite][entry][100000]: Initialize: pages/Index
09-19 13:57:11.314 11401 11401 I C03900/Ace: [(100000:100000:scope)] RunPage:pages/Index
09-19 13:57:11.314 11401 11401 W C03900/Ace: [(100000:100000:scope)] GetAsset failed: manifest.json
09-19 13:57:11.315 11401 11401 I C04200/WMS: InitUIContent: [0, 0]
09-19 13:57:11.315 11401 11401 I C0420a/WMSLife: RegisterUIContenCallback: start
09-19 13:57:11.315 11401 11401 I C04208/WMSLayout: SetUIContentInner: single hand, id:45, posX:0, posY:0, scaleX:1.000000, scaleY:1.000000
09-19 13:57:11.315 11401 11665 I C03951/InputKeyFlow: [(-1:100000:singleton)] Subscribe touch.events.pass.through Event
09-19 13:57:11.315 11401 11401 I C04219/WMSDecor: UpdateDecorEnable: decorVisible:1, isDockAutoHide:0, isDecorHiddenByApp:0, isMaximizeInvoked:0, id:45
09-19 13:57:11.315 11401 11401 I C03900/Ace: [(-2:100000:singleton)] [com.example.callaite][entry][100000]: UpdateWindowVisible: 1, hasDecor: 0
09-19 13:57:11.315 11401 11401 I C03900/Ace: [(-2:100000:singleton)] [com.example.callaite][entry][100000]: NotifyWindowMode mode = 1
09-19 13:57:11.316 11401 11401 I C03900/Ace: [(-2:100000:singleton)] [com.example.callaite][entry][100000]: window foreground
09-19 13:57:11.317 11401 11401 I C03900/Ace: [(100000:100000:scope)] Update application state , state: ON_SHOW
09-19 13:57:11.317 11401 11665 I C02c03/PARAM_WATCHER: Add watcher keyPrefix persist.ace.trace.layout.enabled remoteWatcherId 102 success
09-19 13:57:11.317 11401 11401 I C01406/OHOS::RS: RSUIDirector::GoForeground CurrentState:3, UIContext:48966922141697
09-19 13:57:11.317 11401 11401 I C01406/OHOS::RS: RSSurfaceNode::SetAbilityState, surfaceNodeId:[48966922141697], ability state: foreground
09-19 13:57:11.318 11401 11665 I C02c03/PARAM_WATCHER: Add watcher keyPrefix persist.ace.trace.inputevent.enabled remoteWatcherId 102 success
09-19 13:57:11.318 11401 11401 I C03900/Ace: [(100000:100000:scope)] ArkUI requests first Vsync.
09-19 13:57:11.318 11401 11401 I C04202/WMSMain: RequestVsync: First vsync has requested, nodeId: 48966922141697
09-19 13:57:11.318 11401 11665 I C02c03/PARAM_WATCHER: Add watcher keyPrefix const.security.developermode.state remoteWatcherId 102 success
09-19 13:57:11.318 11401 11401 I C03959/AceLayout: [(-2:100000:singleton)] UVC Viewport config: size: (1308, 2880) orientation: 0 density: 3.500000 position: (0, 0) transformHint: 0 displayId: 0 forceSplitDisplayConfig: disable forceSplit, mode: 0, WSCR 0, IRN 1, , keyboardInfo is null
09-19 13:57:11.318 11401 11401 I C03922/AceNavigation: [(100000:100000:scope)] disable forceSplit, mode:0
09-19 13:57:11.319 11401 11401 I C04208/WMSLayout: UpdateViewportConfig: Id: 45, reason: 0, viewportRect: [0 0 1308 2880], displayOrientation: 0, config[0, 0, 0, 3.500000]
09-19 13:57:11.319 11401 11665 I C02c03/PARAM_WATCHER: Add watcher keyPrefix persist.ace.debug.statemgr.enabled remoteWatcherId 102 success
09-19 13:57:11.319 11401 11401 I C03900/Ace: [(-2:100000:singleton)] [com.example.callaite][entry][100000]: window focus
09-19 13:57:11.319 11401 11401 I C03900/Ace: [(-2:100000:singleton)] [com.example.callaite][entry][100000]:window active
09-19 13:57:11.319 11401 11401 I C04208/WMSLayout: NotifyAfterUIContentReady: Renotify transform, id:45, scaleX:1.000000, scaleY:1.000000
09-19 13:57:11.319 11401 11401 I C02d11/DfxUnwinder: UnwindLocal:: fpUnwind: 0
09-19 13:57:11.319 11401 11665 I C02c03/PARAM_WATCHER: Add watcher keyPrefix persist.ace.debug.boundary.enabled remoteWatcherId 102 success
09-19 13:57:11.319 11401 11401 W C01320/JsEnv: [source_map.cpp145]the stack without line info
09-19 13:57:11.319 11401 11401 I A00001/EntryAbility: Succeeded in loading the content.
09-19 13:57:11.319 11401 11665 I C02c03/PARAM_WATCHER: Add watcher keyPrefix persist.ace.performance.monitor.enabled remoteWatcherId 102 success
09-19 13:57:11.319 11401 11401 I C04200/JsWindowStage: Window [45, callaite0] load content end, ret=0
09-19 13:57:11.319 11401 11401 I C04209/WMSImms: NotifyAvoidAreaChange: win 45 api 26 type 0 area top [0 0 1308 136] 
09-19 13:57:11.319 11401 11401 I C04209/WMSImms: NotifyAvoidAreaChange: win 45 api 26 type 1 area top [615 50 78 78] 
09-19 13:57:11.319 11401 11401 I C04209/WMSImms: NotifyAvoidAreaChange: win 45 api 26 type 2 area empty
09-19 13:57:11.319 11401 11401 I C04209/WMSImms: NotifyAvoidAreaChange: win 45 api 26 type 3 area empty
09-19 13:57:11.320 11401 11401 I C04209/WMSImms: NotifyAvoidAreaChange: win 45 api 26 type 4 area bottom [425 2782 458 98] 
09-19 13:57:11.320 11401 11401 I C03922/AceNavigation: [(100000:100000:scope)] disable forceSplit, mode:0
09-19 13:57:11.320 11401 11401 I C04208/WMSLayout: UpdateViewportConfig: Id: 45, reason: 0, viewportRect: [0 0 1308 2880], displayOrientation: 0, config[0, 0, 0, 3.500000]
09-19 13:57:11.321 11401 11401 I C03900/Ace: [(100000:100000:scope)] Update application state , state: ON_ACTIVE
09-19 13:57:11.322 11401 11401 I C0391c/AceFocus: [(100000:100000:scope)] Window: 45 get focus.
09-19 13:57:11.322 11401 11401 W C0391c/AceFocus: [(100000:100000:scope)] Current focus view can not found!
09-19 13:57:11.322 11401 11401 I C0391c/AceFocus: [(100000:100000:scope)] Request focus on rootFocusHub: root/0
09-19 13:57:11.323 11401 11401 I C03922/AceNavigation: [(100000:100000:scope)] disable forceSplit, mode:0
09-19 13:57:11.323 11401 11401 I C04208/WMSLayout: UpdateViewportConfig: Id: 45, reason: 23, viewportRect: [0 0 1308 2880], displayOrientation: 0, config[0, 0, 0, 3.500000]
09-19 13:57:11.323 11401 11401 I C03925/AceRouter: [(100000:100000:scope)] Page router manager is creating page[1]: url: pages/Index path: pages/Index.js, recoverable: yes, namedRouter: no
09-19 13:57:11.348 11401 11401 I C03f04/MMG: [NMM:1561]Module:file.photoAccessHelper
09-19 13:57:11.349 11401 11401 W C03f04/MMG: [NMM:1466] Name mismatch: file.photoAccessHelperNative != file.photoAccessHelper
09-19 13:57:11.350 11401 11401 I C02b71/MediaLibraryNapi: Common:{Init:156} TaskSignalNapi::Init in
09-19 13:57:11.351 11401 11401 I C02b71/MediaLibraryNapi: Common:{Init:164} TaskSignalNapi::Init success
09-19 13:57:11.353 11401 11401 I C02b01/CAMERA: {63} PickerOnLoad
09-19 13:57:11.353 11401 11401 I C02b01/CAMERA: {463} CameraPickerNapi E
09-19 13:57:11.354 11401 11401 W C03f04/MMG: [NMM:1466] Name mismatch: web.webnativemessagingextensionmanager_napi != web.webNativeMessagingExtensionManager
09-19 13:57:11.354 11401 11401 I C03f04/MMG: [NMM:1561]Module:arkui.node
09-19 13:57:11.366 11401 11401 I C04201/DMS: IfCallbackRegistered: change not registered!
09-19 13:57:11.366 11401 11401 I C04201/DMS: JsDisplayListener: Constructor
09-19 13:57:11.366 11401 11625 I C04215/WMSHierarchy: GetTopWindowWithContext: mainId:45!
09-19 13:57:11.369 11401 11401 I C0391c/AceFocus: [(100000:100000:scope)] Request focus id can not found.
09-19 13:57:11.370 11401 11401 W C03926/AceTheme: [(100000:100000:scope)] style 125829872 not contains scroll_bar_pattern!
09-19 13:57:11.370 11401 11401 W C03926/AceTheme: [(100000:100000:scope)] style scroll_bar_pattern get attr scroll_bar_interactive error!
09-19 13:57:11.370 11401 11401 W C03926/AceTheme: [(100000:100000:scope)] style scroll_bar_pattern not contains arc_scroll_bar_normal_background_width!
09-19 13:57:11.371 11401 11401 W C03926/AceTheme: [(100000:100000:scope)] style 125829872 not contains scrollable_pattern!
09-19 13:57:11.371 11401 11401 W C03926/AceTheme: [(100000:100000:scope)] style scrollable_pattern not contains scroll_able_default_scrolling_distance!
09-19 13:57:11.385 11401 11401 W C03926/AceTheme: [(100000:100000:scope)] style text_pattern not contains linear_split_child_min_size!
09-19 13:57:11.385 11401 11401 W C03926/AceTheme: [(100000:100000:scope)] style text_pattern not contains menu_celia_ask_is_support!
09-19 13:57:11.385 11401 11401 W C03926/AceTheme: [(100000:100000:scope)] style 125829872 not contains app_theme_pattern!
09-19 13:57:11.385 11401 11401 W C01e00/ResourceManager: by id=125835722 limitPaths is empty
09-19 13:57:11.385 11401 11401 E C01e00/ResourceManager: ref <private> id not found
09-19 13:57:11.385 11401 11401 W C01e00/ResourceManager: by id=125835722 limitPaths is empty
09-19 13:57:11.385 11401 11401 E C01e00/ResourceManager: ref <private> id not found
09-19 13:57:11.385 11401 11401 W C03937/AceResource: [(100000:100000:scope)] Get pattern by name error, name=app_theme_pattern, bundleName: com.example.callaite, moduleName: entry
09-19 13:57:11.385 11401 11401 W C01e00/ResourceManager: by id=125835722 limitPaths is empty
09-19 13:57:11.385 11401 11401 E C01e00/ResourceManager: ref <private> id not found
09-19 13:57:11.386 11401 11401 W C01e00/ResourceManager: by id=125835722 limitPaths is empty
09-19 13:57:11.386 11401 11401 E C01e00/ResourceManager: ref <private> id not found
09-19 13:57:11.386 11401 11401 W C03937/AceResource: [(100000:100000:scope)] Get pattern by name error, name=app_theme_pattern
09-19 13:57:11.386 11401 11401 W C03926/AceTheme: [(100000:100000:scope)] style app_theme_pattern not contains app_theme_drag_distancethreshold!
09-19 13:57:11.399 11401 11401 I C0391c/AceFocus: [(100000:100000:scope)] view: page/2 show
09-19 13:57:11.399 11401 11401 I C03922/AceNavigation: [(100000:100000:scope)] can't find inner navigation
09-19 13:57:11.400 11401 11401 I C03933/AceKeyboard: [(100000:100000:scope)] PageChangeCloseKB
09-19 13:57:11.400 11401 11401 I C03925/AceRouter: [(100000:100000:scope)] LoadPage Success
09-19 13:57:11.401 11401 11401 I C04200/JsWindow: CreateJsWindow callaite0
09-19 13:57:11.401 11401 11401 I C0420a/WMSLife: JsWindow: window: callaite0, ctorCnt: 1
09-19 13:57:11.401 11401 11401 I C0420a/WMSLife: CreateJsWindowObject: Add window callaite0
09-19 13:57:11.402 11401 11401 I C0392a/AceUiExtensionComponent: [(-2:100000:singleton)] NotifyWindowMode aliveUIExtensions = 0
09-19 13:57:11.402 11401 11401 I C0394e/AceWindow: [(100000:100000:scope)] Update displayWindowRect in UpdateViewportConfig to : Rect (0.00, 0.00) - [1308.00 x 2880.00]
09-19 13:57:11.402 11401 11401 I C03917/AceSafeArea: [(100000:100000:scope)] SetIsFullScreen 1
09-19 13:57:11.402 11401 11401 I C03900/Ace: [(100000:100000:scope)] Root node request first frame.
09-19 13:57:11.402 11401 11401 I C03900/Ace: [(100000:100000:scope)] Update application state , state: ON_ACTIVE
09-19 13:57:11.403 11401 11401 I C0391c/AceFocus: [(100000:100000:scope)] Window: 45 get focus.
09-19 13:57:11.403 11401 11401 I C03900/Ace: [(100000:100000:scope)] Update application state , state: ON_ACTIVE
09-19 13:57:11.403 11401 11401 I C04202/WMSMain: VsyncCallbackInner: First vsync has come back, nodeId: 48966922141697
09-19 13:57:11.404 11401 11401 I C01408/Text: InitTextBundleConfig: Adapter text height enabled 0
09-19 13:57:11.404 11401 11401 I C01408/Text: InitTextBundleConfig: Disable spacing for control char 0
09-19 13:57:11.404 11401 11401 E C02d34/HistogramClient: ArkGraphics2d.Text.OH_Drawing_TextStyleAddFontVariation is not in metadata.
09-19 13:57:11.479 11401 11401 E C01707/CONCUR: [Interface] task 11628 apply qos failed, errno = 4
09-19 13:57:11.484 11401 11401 E C01707/CONCUR: [Interface] task 11629 apply qos failed, errno = 4
09-19 13:57:11.487 11401 11401 E C01707/CONCUR: [Interface] task 11630 apply qos failed, errno = 4
09-19 13:57:11.491 11401 11401 E C01707/CONCUR: [Interface] task 11628 apply qos failed, errno = 4
09-19 13:57:11.494 11401 11401 E C01707/CONCUR: [Interface] task 11629 apply qos failed, errno = 4
09-19 13:57:11.497 11401 11401 E C01707/CONCUR: [Interface] task 11630 apply qos failed, errno = 4
09-19 13:57:11.586 11401 11401 E C01707/CONCUR: [Interface] task 11628 apply qos failed, errno = 4
09-19 13:57:11.589 11401 11401 E C01707/CONCUR: [Interface] task 11629 apply qos failed, errno = 4
09-19 13:57:11.592 11401 11401 E C01707/CONCUR: [Interface] task 11630 apply qos failed, errno = 4
09-19 13:57:11.596 11401 11401 E C01707/CONCUR: [Interface] task 11628 apply qos failed, errno = 4
09-19 13:57:11.600 11401 11401 E C01707/CONCUR: [Interface] task 11629 apply qos failed, errno = 4
09-19 13:57:11.605 11401 11401 E C01707/CONCUR: [Interface] task 11630 apply qos failed, errno = 4
09-19 13:57:11.711 11401 11401 E C01707/CONCUR: [Interface] task 11628 apply qos failed, errno = 4
09-19 13:57:11.714 11401 11401 E C01707/CONCUR: [Interface] task 11629 apply qos failed, errno = 4
09-19 13:57:11.716 11401 11401 E C01707/CONCUR: [Interface] task 11630 apply qos failed, errno = 4
09-19 13:57:11.720 11401 11401 E C01707/CONCUR: [Interface] task 11628 apply qos failed, errno = 4
09-19 13:57:11.724 11401 11401 E C01707/CONCUR: [Interface] task 11629 apply qos failed, errno = 4
09-19 13:57:11.727 11401 11401 E C01707/CONCUR: [Interface] task 11630 apply qos failed, errno = 4
09-19 13:57:11.828 11401 11401 E C01707/CONCUR: [Interface] task 11628 apply qos failed, errno = 4
09-19 13:57:11.832 11401 11401 E C01707/CONCUR: [Interface] task 11629 apply qos failed, errno = 4
09-19 13:57:11.834 11401 11401 E C01707/CONCUR: [Interface] task 11630 apply qos failed, errno = 4
09-19 13:57:11.837 11401 11401 E C01707/CONCUR: [Interface] task 11628 apply qos failed, errno = 4
09-19 13:57:11.840 11401 11401 E C01707/CONCUR: [Interface] task 11629 apply qos failed, errno = 4
09-19 13:57:11.842 11401 11401 E C01707/CONCUR: [Interface] task 11630 apply qos failed, errno = 4
09-19 13:57:11.944 11401 11401 E C01707/CONCUR: [Interface] task 11628 apply qos failed, errno = 4
09-19 13:57:11.946 11401 11401 E C01707/CONCUR: [Interface] task 11629 apply qos failed, errno = 4
09-19 13:57:11.949 11401 11401 E C01707/CONCUR: [Interface] task 11630 apply qos failed, errno = 4
09-19 13:57:11.952 11401 11401 E C01707/CONCUR: [Interface] task 11628 apply qos failed, errno = 4
09-19 13:57:11.954 11401 11401 E C01707/CONCUR: [Interface] task 11629 apply qos failed, errno = 4
09-19 13:57:11.957 11401 11401 E C01707/CONCUR: [Interface] task 11630 apply qos failed, errno = 4
09-19 13:57:12.061 11401 11401 E C01707/CONCUR: [Interface] task 11628 apply qos failed, errno = 4
09-19 13:57:12.063 11401 11401 E C01707/CONCUR: [Interface] task 11629 apply qos failed, errno = 4
09-19 13:57:12.066 11401 11401 E C01707/CONCUR: [Interface] task 11630 apply qos failed, errno = 4
09-19 13:57:12.069 11401 11401 E C01707/CONCUR: [Interface] task 11628 apply qos failed, errno = 4
09-19 13:57:12.071 11401 11401 E C01707/CONCUR: [Interface] task 11629 apply qos failed, errno = 4
09-19 13:57:12.074 11401 11401 E C01707/CONCUR: [Interface] task 11630 apply qos failed, errno = 4
09-19 13:57:12.181 11401 11401 E C01707/CONCUR: [Interface] task 11628 apply qos failed, errno = 4
09-19 13:57:12.183 11401 11401 E C01707/CONCUR: [Interface] task 11629 apply qos failed, errno = 4
09-19 13:57:12.186 11401 11401 E C01707/CONCUR: [Interface] task 11630 apply qos failed, errno = 4
09-19 13:57:12.189 11401 11401 E C01707/CONCUR: [Interface] task 11628 apply qos failed, errno = 4
09-19 13:57:12.191 11401 11401 E C01707/CONCUR: [Interface] task 11629 apply qos failed, errno = 4
09-19 13:57:12.194 11401 11401 E C01707/CONCUR: [Interface] task 11630 apply qos failed, errno = 4
09-19 13:57:12.304 11401 11401 E C01707/CONCUR: [Interface] task 11628 apply qos failed, errno = 4
09-19 13:57:12.306 11401 11401 E C01707/CONCUR: [Interface] task 11629 apply qos failed, errno = 4
09-19 13:57:12.308 11401 11401 E C01707/CONCUR: [Interface] task 11630 apply qos failed, errno = 4
09-19 13:57:12.311 11401 11401 E C01707/CONCUR: [Interface] task 11628 apply qos failed, errno = 4
09-19 13:57:12.314 11401 11401 E C01707/CONCUR: [Interface] task 11629 apply qos failed, errno = 4
09-19 13:57:12.316 11401 11401 E C01707/CONCUR: [Interface] task 11630 apply qos failed, errno = 4
09-19 13:57:12.423 11401 11401 E C01707/CONCUR: [Interface] task 11628 apply qos failed, errno = 4
09-19 13:57:12.426 11401 11401 E C01707/CONCUR: [Interface] task 11629 apply qos failed, errno = 4
09-19 13:57:12.428 11401 11401 E C01707/CONCUR: [Interface] task 11630 apply qos failed, errno = 4
09-19 13:57:12.431 11401 11401 E C01707/CONCUR: [Interface] task 11628 apply qos failed, errno = 4
09-19 13:57:12.433 11401 11401 E C01707/CONCUR: [Interface] task 11629 apply qos failed, errno = 4
09-19 13:57:12.436 11401 11401 E C01707/CONCUR: [Interface] task 11630 apply qos failed, errno = 4
09-19 13:57:12.547 11401 11401 E C01707/CONCUR: [Interface] task 11628 apply qos failed, errno = 4
09-19 13:57:12.549 11401 11401 E C01707/CONCUR: [Interface] task 11629 apply qos failed, errno = 4
09-19 13:57:12.552 11401 11401 E C01707/CONCUR: [Interface] task 11630 apply qos failed, errno = 4
09-19 13:57:12.555 11401 11401 E C01707/CONCUR: [Interface] task 11628 apply qos failed, errno = 4
09-19 13:57:12.557 11401 11401 E C01707/CONCUR: [Interface] task 11629 apply qos failed, errno = 4
09-19 13:57:12.560 11401 11401 E C01707/CONCUR: [Interface] task 11630 apply qos failed, errno = 4
09-19 13:57:12.674 11401 11401 E C01707/CONCUR: [Interface] task 11628 apply qos failed, errno = 4
09-19 13:57:12.676 11401 11401 E C01707/CONCUR: [Interface] task 11629 apply qos failed, errno = 4
09-19 13:57:12.678 11401 11401 E C01707/CONCUR: [Interface] task 11630 apply qos failed, errno = 4
09-19 13:57:12.680 11401 11401 E C01707/CONCUR: [Interface] task 11628 apply qos failed, errno = 4
09-19 13:57:12.686 11401 11401 E C01707/CONCUR: [Interface] task 11629 apply qos failed, errno = 4
09-19 13:57:12.688 11401 11401 E C01707/CONCUR: [Interface] task 11630 apply qos failed, errno = 4
09-19 13:57:12.804 11401 11401 E C01707/CONCUR: [Interface] task 11628 apply qos failed, errno = 4
09-19 13:57:12.807 11401 11401 E C01707/CONCUR: [Interface] task 11629 apply qos failed, errno = 4
09-19 13:57:12.809 11401 11401 E C01707/CONCUR: [Interface] task 11630 apply qos failed, errno = 4
09-19 13:57:12.812 11401 11401 E C01707/CONCUR: [Interface] task 11628 apply qos failed, errno = 4
09-19 13:57:12.815 11401 11401 E C01707/CONCUR: [Interface] task 11629 apply qos failed, errno = 4
09-19 13:57:12.817 11401 11401 E C01707/CONCUR: [Interface] task 11630 apply qos failed, errno = 4
09-19 13:57:12.930 11401 11401 E C01707/CONCUR: [Interface] task 11628 apply qos failed, errno = 4
09-19 13:57:12.933 11401 11401 E C01707/CONCUR: [Interface] task 11629 apply qos failed, errno = 4
09-19 13:57:12.935 11401 11401 E C01707/CONCUR: [Interface] task 11630 apply qos failed, errno = 4
09-19 13:57:12.938 11401 11401 E C01707/CONCUR: [Interface] task 11628 apply qos failed, errno = 4
09-19 13:57:12.940 11401 11401 E C01707/CONCUR: [Interface] task 11629 apply qos failed, errno = 4
09-19 13:57:12.943 11401 11401 E C01707/CONCUR: [Interface] task 11630 apply qos failed, errno = 4
09-19 13:57:13.060 11401 11401 E C01707/CONCUR: [Interface] task 11628 apply qos failed, errno = 4
09-19 13:57:13.063 11401 11401 E C01707/CONCUR: [Interface] task 11629 apply qos failed, errno = 4
09-19 13:57:13.066 11401 11401 E C01707/CONCUR: [Interface] task 11630 apply qos failed, errno = 4
09-19 13:57:13.069 11401 11401 E C01707/CONCUR: [Interface] task 11628 apply qos failed, errno = 4
09-19 13:57:13.072 11401 11401 E C01707/CONCUR: [Interface] task 11629 apply qos failed, errno = 4
09-19 13:57:13.076 11401 11401 E C01707/CONCUR: [Interface] task 11630 apply qos failed, errno = 4
09-19 13:57:13.196 11401 11401 E C01707/CONCUR: [Interface] task 11628 apply qos failed, errno = 4
09-19 13:57:13.198 11401 11401 E C01707/CONCUR: [Interface] task 11629 apply qos failed, errno = 4
09-19 13:57:13.200 11401 11401 E C01707/CONCUR: [Interface] task 11630 apply qos failed, errno = 4
09-19 13:57:13.204 11401 11401 E C01707/CONCUR: [Interface] task 11628 apply qos failed, errno = 4
09-19 13:57:13.206 11401 11401 E C01707/CONCUR: [Interface] task 11629 apply qos failed, errno = 4
09-19 13:57:13.209 11401 11401 E C01707/CONCUR: [Interface] task 11630 apply qos failed, errno = 4
09-19 13:57:13.331 11401 11401 E C01707/CONCUR: [Interface] task 11628 apply qos failed, errno = 4
09-19 13:57:13.333 11401 11401 E C01707/CONCUR: [Interface] task 11629 apply qos failed, errno = 4
09-19 13:57:13.335 11401 11401 E C01707/CONCUR: [Interface] task 11630 apply qos failed, errno = 4
09-19 13:57:13.339 11401 11401 E C01707/CONCUR: [Interface] task 11628 apply qos failed, errno = 4
09-19 13:57:13.341 11401 11401 E C01707/CONCUR: [Interface] task 11629 apply qos failed, errno = 4
09-19 13:57:13.343 11401 11401 E C01707/CONCUR: [Interface] task 11630 apply qos failed, errno = 4
09-19 13:57:13.466 11401 11401 E C01707/CONCUR: [Interface] task 11628 apply qos failed, errno = 4
09-19 13:57:13.468 11401 11401 E C01707/CONCUR: [Interface] task 11629 apply qos failed, errno = 4
09-19 13:57:13.471 11401 11401 E C01707/CONCUR: [Interface] task 11630 apply qos failed, errno = 4
09-19 13:57:13.474 11401 11401 E C01707/CONCUR: [Interface] task 11628 apply qos failed, errno = 4
09-19 13:57:13.477 11401 11401 E C01707/CONCUR: [Interface] task 11629 apply qos failed, errno = 4
09-19 13:57:13.479 11401 11401 E C01707/CONCUR: [Interface] task 11630 apply qos failed, errno = 4
09-19 13:57:13.511 11401 11401 E C01707/CONCUR: [Interface] task 11628 apply qos failed, errno = 4
09-19 13:57:13.514 11401 11401 E C01707/CONCUR: [Interface] task 11629 apply qos failed, errno = 4
09-19 13:57:13.516 11401 11401 E C01707/CONCUR: [Interface] task 11630 apply qos failed, errno = 4
09-19 13:57:13.521 11401 11401 E C01707/CONCUR: [Interface] task 11628 apply qos failed, errno = 4
09-19 13:57:13.523 11401 11401 E C01707/CONCUR: [Interface] task 11629 apply qos failed, errno = 4
09-19 13:57:13.525 11401 11401 E C01707/CONCUR: [Interface] task 11630 apply qos failed, errno = 4
09-19 13:57:13.559 11401 11401 E C01707/CONCUR: [Interface] task 11628 apply qos failed, errno = 4
09-19 13:57:13.562 11401 11401 E C01707/CONCUR: [Interface] task 11629 apply qos failed, errno = 4
09-19 13:57:13.564 11401 11401 E C01707/CONCUR: [Interface] task 11630 apply qos failed, errno = 4
09-19 13:57:13.567 11401 11401 E C01707/CONCUR: [Interface] task 11628 apply qos failed, errno = 4
09-19 13:57:13.570 11401 11401 E C01707/CONCUR: [Interface] task 11629 apply qos failed, errno = 4
09-19 13:57:13.572 11401 11401 E C01707/CONCUR: [Interface] task 11630 apply qos failed, errno = 4
09-19 13:57:20.972 11401 11620 I C01310/AppDfr: [watchdog.cpp356]Thread may be blocked, not report time. currTime: 1789797440972, lastTime: 1789797433971
09-19 13:57:23.973 11401 11620 W C01310/AppDfr: [appfreeze_inner.cpp760]hisysevent write FREEZE_HALF_HIVIEW_LOG, pid:11401, packageName:, ret:0
09-19 13:57:23.973 11401 11620 W C02d06/XCollie: Sample freeze half file=freeze_20260919135723_11401.txt
09-19 13:57:23.973 11401 11620 I C01310/AppDfr: [appfreeze_inner.cpp595]start to sample freeze stack, eventName:THREAD_BLOCK_3S
09-19 13:57:23.973 11401 11620 W C01310/AppDfr: [appfreeze_inner.cpp627]submit reportAppFreeze, name:THREAD_BLOCK_3S, startTime:2026-09-19 13:57:23.973
09-19 13:57:23.973 11401 11620 E C02d06/XCollie: ThreadSampler initialize failed.
09-19 13:57:23.974 11401 11652 I C01201/EventHandler: EventHandler start dumper!
09-19 13:57:23.974 11401 11652 I C01201/EventHandler: EventHandler end dumper!
09-19 13:57:23.974 11401 11652 W C01310/AppDfr: [appfreeze_inner.cpp683]get mainhandler dump, eventName:THREAD_BLOCK_3S, endTime:2026-09-19 13:57:23.974, interval:0 ms
09-19 13:57:23.974 11401 11652 E C02d06/XCollie: no freeze callback
09-19 13:57:23.974 11401 11652 I C03f00/ArkCompiler: [ecmascript] GC statistic, count: 455, maxPause: 22.639, minPause: 0.395, averagePause: 1.24243, lastStartTime: 1789797443961, lastEndTime: 1789797443961, lastType: Local GC
09-19 13:57:23.974 11401 11652 I C01310/AppDfr: [appfreeze_inner.cpp388]heap info: HEAP_TOTAL_SIZE:21757952,HEAP_OBJECT_SIZE:18959136,HEAP_SHARED_SIZE:850456, process lifeTime: PROCESS_LIFETIME:31s
09-19 13:57:23.985 11401 11625 W C02d11/DfxUnwinder: Failed to step first frame, lr fallback
09-19 13:57:23.992 11401 11650 I C01310/AppDfr: [appfreeze_inner.cpp493]get main stack has finished less than 1s
09-19 13:57:23.992 11401 11650 W C01310/AppDfr: [appfreeze_inner.cpp788]NotifyAppFault:THREAD_BLOCK_3S, pid:11401, bundleName:com.example.callaite currentTime:2026-09-19 13:57:23.992, processExit:1 appfreezeInfo:freeze_20260919135723_11401.txt enbleMainThreadSample:0.
09-19 13:57:23.993 11401 11650 I C01311/AppMS: [app_mgr_proxy.cpp1740]called
catcher cmd: hilog -z 1000 -P end time: 2026/09/19-13:57:24:126
---------------------------------------------------

---------------------------------------------------
MemoryCatcher -- start time: 2026/09/19-13:57:24:126

MemoryCatcher --

Get freeze memory start time: 2026-09-19 13:57:23.994
some avg10=0.00 avg60=0.00 avg300=0.00 total=3247408
full avg10=0.00 avg60=0.00 avg300=0.00 total=720133
MemTotal:        4025340 kB
MemFree:         2030528 kB
MemAvailable:    2680948 kB
Buffers:            7492 kB
Cached:           679088 kB
SwapCached:        27188 kB
Active:           561272 kB
Inactive:        1035096 kB
Active(anon):      63500 kB
Inactive(anon):   862068 kB
Active(file):     497772 kB
Inactive(file):   173028 kB
Unevictable:           0 kB
Mlocked:               0 kB
SwapTotal:       2097148 kB
SwapFree:        1890556 kB
Dirty:               132 kB
Writeback:             0 kB
AnonPages:        898196 kB
Mapped:           334340 kB
Shmem:             15780 kB
KReclaimable:      45692 kB
Slab:             123100 kB
SReclaimable:      45692 kB
SUnreclaim:        77408 kB
KernelStack:       19760 kB
PageTables:        36636 kB
NFS_Unstable:          0 kB
Bounce:                0 kB
WritebackTmp:          0 kB
CommitLimit:     4109816 kB
Committed_AS:   26764128 kB
VmallocTotal:   34359738367 kB
VmallocUsed:       90844 kB
VmallocChunk:          0 kB
Percpu:             1488 kB
DirectMap4k:       24388 kB
DirectMap2M:     4169728 kB
Get freeze memory end time: 2026-09-19 13:57:23.994
don't collect ashmem dmaheap gpumem
MemoryCatcher -- end time: 2026/09/19-13:57:24:130
---------------------------------------------------

---------------------------------------------------
ThermalInfoCatcher -- start time: 2026/09/19-13:57:24:130

ThermalInfoCatcher --

ThermalLevel info: 0
ThermalInfoCatcher -- end time: 2026/09/19-13:57:24:135
---------------------------------------------------


Catcher log total time is 47ms

*******************************************
start time: 2026/09/19-13:57:27:066
DOMAIN = AAFWK
EVENTNAME = THREAD_BLOCK_6S
TIMESTAMP = 2026/09/19-13:57:27:64
PID = 11401
UID = 20020063
TID = 11401
PACKAGE_NAME = com.example.callaite
PROCESS_NAME = com.example.callaite
eventLog_action = t,cmd:c,cmd:cci,cmd:m,cmd:dam,tr,k:SysRqFile,hot,sli
eventLog_interval = 10
this thread has blocked 6000ms.
IS_FROZEN = 0
MainHeap(bytes): Used 19474560, Total 22282240
SharedHeap(bytes): Used 850456, Total 815792128
GC Status: count 577, maxPause 22.639ms, minPause 0.395ms, averagePause 1.09253ms, lastStartTime 2026/09/19-13:57:26.959, lastEndTime 2026/09/19-13:57:26.960, lastType Local GC
I/O(bytes): rchar 2384773, wchar 64394, syscr 1415, syscw 679, read_bytes 0, write_bytes 69632, cancelled_write_bytes 32768
MSG = 
Fault time:2026/09/19-13:57:26
App main thread is not response!

Main handler dump start time: 2026-09-19 13:57:26.973
mainHandler dump is:
 EventHandler dump begin curTime: 2026-09-19 13:57:26.973
 Event runner (Thread name = , Thread ID = 11401) is running
 Current Running: start at 2026-09-19 13:57:11.404, Event { send thread = 11401, send time = 2026-09-19 13:57:11.404, handle time = 2026-11-08 06:59:58.698, trigger time = 2026-09-19 13:57:11.404, task name = vSyncTask, caller = [event_queue.cpp(PostTaskForVsync:235)] }
 History event queue information:
 No. 0 : Event { send thread = 11401, send time = 2026-09-19 13:57:11.315, handle time = 2026-09-19 13:57:11.315, trigger time = 2026-09-19 13:57:11.323, completeTime time = 2026-09-19 13:57:11.323, priority = Low, task name = ArkUIParseI18nJsonInfo, caller = [task_runner_adapter_impl.cpp(PostTask:35)] }
 No. 1 : Event { send thread = 11401, send time = 2026-09-19 13:57:11.315, handle time = 2026-09-19 13:57:11.315, trigger time = 2026-09-19 13:57:11.323, completeTime time = 2026-09-19 13:57:11.401, priority = Low, task name = ArkUIRunPageUrl, caller = [task_runner_adapter_impl.cpp(PostTask:35)] }
 No. 2 : Event { send thread = 11650, send time = 2026-09-19 13:57:11.386, handle time = 2026-09-19 13:57:11.386, trigger time = 2026-09-19 13:57:11.401, completeTime time = 2026-09-19 13:57:11.401, priority = Immediate, task name = GetBundleInfoForSelf, caller = [ohos_js_environment_impl.cpp(PostTaskToHandler:72)] }
 No. 3 : Event { send thread = 11625, send time = 2026-09-19 13:57:11.367, handle time = 2026-09-19 13:57:11.367, trigger time = 2026-09-19 13:57:11.401, completeTime time = 2026-09-19 13:57:11.402, priority = High, task name = JsWindowManager::OnGetTopWindow, caller = [ohos_js_environment_impl.cpp(PostTaskToHandler:72)] }
 No. 4 : Event { send thread = 11401, send time = 2026-09-19 13:57:11.315, handle time = 2026-09-19 13:57:11.315, trigger time = 2026-09-19 13:57:11.402, completeTime time = 2026-09-19 13:57:11.402, priority = Low, task name = ArkUISetSingleHandTransform, caller = [task_runner_adapter_impl.cpp(PostTask:35)] }
 No. 5 : Event { send thread = 11401, send time = 2026-09-19 13:57:11.316, handle time = 2026-09-19 13:57:11.316, trigger time = 2026-09-19 13:57:11.402, completeTime time = 2026-09-19 13:57:11.402, priority = Low, task name = ArkUIStatusBarItemColor, caller = [task_runner_adapter_impl.cpp(PostTask:35)] }
 No. 6 : Event { send thread = 11401, send time = 2026-09-19 13:57:11.316, handle time = 2026-09-19 13:57:11.316, trigger time = 2026-09-19 13:57:11.402, completeTime time = 2026-09-19 13:57:11.402, priority = Low, task name = ArkUINotifyWindowMode, caller = [task_runner_adapter_impl.cpp(PostTask:35)] }
 No. 7 : Event { send thread = 11401, send time = 2026-09-19 13:57:11.319, handle time = 2026-09-19 13:57:11.319, trigger time = 2026-09-19 13:57:11.402, completeTime time = 2026-09-19 13:57:11.402, priority = Low, task name = ArkUIUpdateBrightness, caller = [task_runner_adapter_impl.cpp(PostTask:35)] }
 No. 8 : Event { send thread = 11401, send time = 2026-09-19 13:57:11.319, handle time = 2026-09-19 13:57:11.319, trigger time = 2026-09-19 13:57:11.402, completeTime time = 2026-09-19 13:57:11.403, priority = Low, task name = ArkUIUpdateViewportConfig, caller = [task_runner_adapter_impl.cpp(PostTask:35)] }
 No. 9 : Event { send thread = 11401, send time = 2026-09-19 13:57:11.319, handle time = 2026-09-19 13:57:11.319, trigger time = 2026-09-19 13:57:11.403, completeTime time = 2026-09-19 13:57:11.403, priority = Low, task name = ArkUIUpdateSessionViewportConfig, caller = [task_runner_adapter_impl.cpp(PostTask:35)] }
 No. 10 : Event { send thread = 11401, send time = 2026-09-19 13:57:11.319, handle time = 2026-09-19 13:57:11.319, trigger time = 2026-09-19 13:57:11.403, completeTime time = 2026-09-19 13:57:11.403, priority = Low, task name = ArkUIFrontendActive, caller = [task_runner_adapter_impl.cpp(PostTask:35)] }
 No. 11 : Event { send thread = 11401, send time = 2026-09-19 13:57:11.319, handle time = 2026-09-19 13:57:11.319, trigger time = 2026-09-19 13:57:11.403, completeTime time = 2026-09-19 13:57:11.403, priority = Low, task name = ArkUIWindowFocus, caller = [task_runner_adapter_impl.cpp(PostTask:35)] }
 No. 12 : Event { send thread = 11401, send time = 2026-09-19 13:57:11.319, handle time = 2026-09-19 13:57:11.319, trigger time = 2026-09-19 13:57:11.403, completeTime time = 2026-09-19 13:57:11.403, priority = Low, task name = ArkUISetOnWindowFocusedCallback, caller = [task_runner_adapter_impl.cpp(PostTask:35)] }
 No. 13 : Event { send thread = 11401, send time = 2026-09-19 13:57:11.319, handle time = 2026-09-19 13:57:11.319, trigger time = 2026-09-19 13:57:11.403, completeTime time = 2026-09-19 13:57:11.404, priority = Low, task name = ArkUIFrontendActive, caller = [task_runner_adapter_impl.cpp(PostTask:35)] }
 No. 14 : Event { send thread = 11401, send time = 2026-09-19 13:57:11.319, handle time = 2026-09-19 13:57:11.319, trigger time = 2026-09-19 13:57:11.404, completeTime time = 2026-09-19 13:57:11.404, priority = Low, task name = ArkUIWindowActivate, caller = [task_runner_adapter_impl.cpp(PostTask:35)] }
 No. 15 : Event { send thread = 11401, send time = 2026-09-19 13:57:11.319, handle time = 2026-09-19 13:57:11.319, trigger time = 2026-09-19 13:57:11.404, completeTime time = 2026-09-19 13:57:11.404, priority = Low, task name = ArkUISetWindowScale, caller = [task_runner_adapter_impl.cpp(PostTask:35)] }
 No. 16 : Event { send thread = 11401, send time = 2026-09-19 13:57:11.320, handle time = 2026-09-19 13:57:11.320, trigger time = 2026-09-19 13:57:11.404, completeTime time = 2026-09-19 13:57:11.404, priority = Low, task name = ArkUIWindowRectChange, caller = [task_runner_adapter_impl.cpp(PostTask:35)] }
 No. 17 : Event { send thread = 11401, send time = 2026-09-19 13:57:11.321, handle time = 2026-09-19 13:57:11.321, trigger time = 2026-09-19 13:57:11.404, completeTime time = 2026-09-19 13:57:11.404, priority = Low, task name = ArkUIUpdateOriginAvoidAreaAndExecuteKeyboardAvoid, caller = [task_runner_adapter_impl.cpp(PostTask:35)] }
 No. 18 : Event { send thread = 11401, send time = 2026-09-19 13:57:11.322, handle time = 2026-09-19 13:57:11.322, trigger time = 2026-09-19 13:57:11.404, completeTime time = 2026-09-19 13:57:11.404, priority = Low, task name = ArkUIWindowRectChange, caller = [task_runner_adapter_impl.cpp(PostTask:35)] }
 No. 19 : Event { send thread = 11401, send time = 2026-09-19 13:57:11.323, handle time = 2026-09-19 13:57:11.323, trigger time = 2026-09-19 13:57:11.404, completeTime time = 2026-09-19 13:57:11.404, priority = Low, task name = ArkUIUpdateOriginAvoidAreaAndExecuteKeyboardAvoid, caller = [task_runner_adapter_impl.cpp(PostTask:35)] }
 No. 20 : Event { send thread = 11401, send time = 2026-09-19 13:57:11.318, handle time = 2026-09-19 13:57:11.369, trigger time = 2026-09-19 13:57:11.404, completeTime time = 2026-09-19 13:57:11.404, priority = Low, task name = ArkUIIdleTask, caller = [task_runner_adapter_impl.cpp(PostDelayedTask:46)] }
 No. 21 : Event { send thread = 11401, send time = 2026-09-19 13:57:11.404, handle time = 2026-11-08 06:59:58.698, trigger time = 2026-09-19 13:57:11.404, completeTime time = , priority = VIP, task name = vSyncTask, caller = [event_queue.cpp(PostTaskForVsync:235)] }
 No. 22 : Event { send thread = 11401, send time = 2026-09-19 13:57:11.286, handle time = 2026-09-19 13:57:11.286, trigger time = 2026-09-19 13:57:11.321, completeTime time = 2026-09-19 13:57:11.321, priority = Low, task name = ArkUIFillTaskTypeTable, caller = [task_runner_adapter_impl.cpp(PostTask:35)] }
 No. 23 : Event { send thread = 11401, send time = 2026-09-19 13:57:11.286, handle time = 2026-09-19 13:57:11.286, trigger time = 2026-09-19 13:57:11.321, completeTime time = 2026-09-19 13:57:11.321, priority = Low, task name = ArkUIFillTaskTypeTable, caller = [task_runner_adapter_impl.cpp(PostTask:35)] }
 No. 24 : Event { send thread = 11401, send time = 2026-09-19 13:57:11.286, handle time = 2026-09-19 13:57:11.286, trigger time = 2026-09-19 13:57:11.321, completeTime time = 2026-09-19 13:57:11.321, priority = Low, task name = ArkUIFillTaskTypeTable, caller = [task_runner_adapter_impl.cpp(PostTask:35)] }
 No. 25 : Event { send thread = 11401, send time = 2026-09-19 13:57:11.286, handle time = 2026-09-19 13:57:11.286, trigger time = 2026-09-19 13:57:11.321, completeTime time = 2026-09-19 13:57:11.321, priority = Low, task name = ArkUIFillTaskTypeTable, caller = [task_runner_adapter_impl.cpp(PostTask:35)] }
 No. 26 : Event { send thread = 11401, send time = 2026-09-19 13:57:11.287, handle time = 2026-09-19 13:57:11.287, trigger time = 2026-09-19 13:57:11.321, completeTime time = 2026-09-19 13:57:11.321, priority = Low, task name = ArkUISetJsMessageDispatcher, caller = [task_runner_adapter_impl.cpp(PostTask:35)] }
 No. 27 : Event { send thread = 11401, send time = 2026-09-19 13:57:11.287, handle time = 2026-09-19 13:57:11.287, trigger time = 2026-09-19 13:57:11.321, completeTime time = 2026-09-19 13:57:11.321, priority = Low, task name = ArkUIPageSwitchLogStatusChanged, caller = [task_runner_adapter_impl.cpp(PostTask:35)] }
 No. 28 : Event { send thread = 11401, send time = 2026-09-19 13:57:11.302, handle time = 2026-09-19 13:57:11.302, trigger time = 2026-09-19 13:57:11.321, completeTime time = 2026-09-19 13:57:11.322, priority = Low, task name = ArkUIFrontendActive, caller = [task_runner_adapter_impl.cpp(PostTask:35)] }
 No. 29 : Event { send thread = 11401, send time = 2026-09-19 13:57:11.302, handle time = 2026-09-19 13:57:11.302, trigger time = 2026-09-19 13:57:11.322, completeTime time = 2026-09-19 13:57:11.322, priority = Low, task name = ArkUIWindowFocus, caller = [task_runner_adapter_impl.cpp(PostTask:35)] }
 No. 30 : Event { send thread = 11623, send time = 2026-09-19 13:57:11.307, handle time = 2026-09-19 13:57:11.307, trigger time = 2026-09-19 13:57:11.322, completeTime time = 2026-09-19 13:57:11.323, priority = Low, task name = WMS_WindowSessionImpl_UpdateRectForOtherReason, caller = [window_session_impl.cpp(UpdateRectForOtherReason:1693)] }
 No. 31 : Event { send thread = 11401, send time = 2026-09-19 13:57:11.323, handle time = 2026-09-19 13:57:11.323, trigger time = 2026-09-19 13:57:11.323, completeTime time = 2026-09-19 13:57:11.323, priority = VIP, task name = UpdateDisplayValid5, caller = [native_event.cpp(SendEventByEventHandler:322)] }
 VIP priority event queue information:
 No.1 : Event { send thread = 11620, send time = 2026-09-19 13:57:13.972, handle time = 2026-09-19 13:57:13.972, id = 1, caller = [watchdog.cpp(Timer:303)] }
 No.2 : Event { send thread = 11620, send time = 2026-09-19 13:57:20.973, handle time = 2026-09-19 13:57:20.973, id = 1, caller = [watchdog.cpp(Timer:303)] }
 No.3 : Event { send thread = 11620, send time = 2026-09-19 13:57:23.974, handle time = 2026-09-19 13:57:23.974, id = 1, caller = [watchdog.cpp(Timer:303)] }
 No.4 : Event { send thread = 11620, send time = 2026-09-19 13:57:26.973, handle time = 2026-09-19 13:57:26.973, id = 1, caller = [watchdog.cpp(Timer:303)] }
 Total size of VIP events : 4
 Immediate priority event queue information:
 Total size of Immediate events : 0
 High priority event queue information:
 No.1 : Event { send thread = 11401, send time = 2026-09-19 13:57:11.403, handle time = 2026-09-19 13:57:11.403, task name = uvLoopTask, caller = [event_queue.cpp(HandleFileDescriptorEvent:313)] }
 Total size of High events : 1
 Low priority event queue information:
 No.1 : Event { send thread = 11401, send time = 2026-09-19 13:57:11.410, handle time = 2026-09-19 13:57:11.461, task name = ArkUIIdleTask, caller = [task_runner_adapter_impl.cpp(PostDelayedTask:46)] }
 No.2 : Event { send thread = 11401, send time = 2026-09-19 13:57:11.410, handle time = 2026-09-19 13:57:11.910, task name = ArkUIVsyncTimeoutCheck, caller = [task_runner_adapter_impl.cpp(PostDelayedTask:46)] }
 No.3 : Event { send thread = 11401, send time = 2026-09-19 13:57:11.409, handle time = 2026-09-19 13:57:12.009, task name = vsync_time_out_task_48966922141697, caller = [vsync_station.cpp(RequestVsync:148)] }
 No.4 : Event { send thread = 11401, send time = 2026-09-19 13:57:11.053, handle time = 2026-09-19 13:57:12.053, task name = AppRecovery:AddAbility, caller = [app_recovery.cpp(AddAbility:133)] }
 No.5 : Event { send thread = 11401, send time = 2026-09-19 13:57:11.400, handle time = 2026-09-19 13:57:13.400, task name = ExtensionTransparentDetector, caller = [task_runner_adapter_impl.cpp(PostDelayedTask:46)] }
 No.6 : Event { send thread = 11401, send time = 2026-09-19 13:57:11.409, handle time = 2026-09-19 13:57:14.409, task name = ArkUIVsyncTimeoutCheck, caller = [task_runner_adapter_impl.cpp(PostDelayedTask:46)] }
 No.7 : Event { send thread = 11401, send time = 2026-09-19 13:57:11.364, handle time = 2026-09-19 13:57:16.364, task name = TriggerModuleSerializer, caller = [task_runner_adapter_impl.cpp(PostDelayedTask:46)] }
 Total size of Low events : 7
 Idle priority event queue information:
 No.1 : Event { send thread = 11637, send time = 2026-09-19 13:57:11.497, handle time = 2026-09-19 13:57:11.497, task name = uv_io_cb, caller = [ohos_js_environment_impl.cpp(PostTaskToHandler:72)] }
 No.2 : Event { send thread = 11637, send time = 2026-09-19 13:57:11.729, handle time = 2026-09-19 13:57:11.729, task name = uv_io_cb, caller = [ohos_js_environment_impl.cpp(PostTaskToHandler:72)] }
 Total size of Idle events : 2
 Total event size : 14
Main handler dump end time: 2026-09-19 13:57:26.973

Catche stack trace start time: 2026-09-19 13:57:26.975

Tid:11401, Name:xample.callaite
state=R, utime=1511, stime=66, priority=10, nice=-10, clk=100
#00 pc 0000000000d82bd0 /system/lib64/module/arkcompiler/stub.an(COStub_GrowElementsCapacityStwCopy+1152)
Tid:11623, Name:OS_IPC_2_11623
state=S, utime=0, stime=0, priority=0, nice=-20, clk=100
#00 pc 00000000000dc469 /system/lib/ld-musl-x86_64.so.1(ioctl+185)(74178aa6301b8bad2ac9b6d7f2361221)
#01 pc 0000000000010ca7 /system/lib64/platformsdk/libipc_common.z.so(OHOS::BinderConnector::WriteBinder(unsigned long, void*)+55)(ae9fe169bf1f8b0397c31ba1b67e0e94)
#02 pc 000000000007e34d /system/lib64/platformsdk/libipc_single.z.so(OHOS::BinderInvoker::TransactWithDriver(bool)+269)(216555c1ccaa2644568394a99c5a7547)
#03 pc 000000000007e71a /system/lib64/platformsdk/libipc_single.z.so(OHOS::BinderInvoker::StartWorkLoop()+106)(216555c1ccaa2644568394a99c5a7547)
#04 pc 0000000000080c28 /system/lib64/platformsdk/libipc_single.z.so(OHOS::BinderInvoker::JoinThread(bool)+40)(216555c1ccaa2644568394a99c5a7547)
#05 pc 00000000000769f5 /system/lib64/platformsdk/libipc_single.z.so(OHOS::IPCWorkThread::ThreadHandler(void*)+901)(216555c1ccaa2644568394a99c5a7547)
#06 pc 00000000001299e7 /system/lib/ld-musl-x86_64.so.1(74178aa6301b8bad2ac9b6d7f2361221)
#07 pc 0000000000090f8e /system/lib/ld-musl-x86_64.so.1(74178aa6301b8bad2ac9b6d7f2361221)
Tid:11618, Name:OS_IPC_0_11618
state=S, utime=0, stime=1, priority=0, nice=-20, clk=100
#00 pc 00000000000dc46b /system/lib/ld-musl-x86_64.so.1(ioctl+187)(74178aa6301b8bad2ac9b6d7f2361221)
#01 pc 0000000000010ca7 /system/lib64/platformsdk/libipc_common.z.so(OHOS::BinderConnector::WriteBinder(unsigned long, void*)+55)(ae9fe169bf1f8b0397c31ba1b67e0e94)
#02 pc 000000000007e34d /system/lib64/platformsdk/libipc_single.z.so(OHOS::BinderInvoker::TransactWithDriver(bool)+269)(216555c1ccaa2644568394a99c5a7547)
#03 pc 000000000007e71a /system/lib64/platformsdk/libipc_single.z.so(OHOS::BinderInvoker::StartWorkLoop()+106)(216555c1ccaa2644568394a99c5a7547)
#04 pc 0000000000080c28 /system/lib64/platformsdk/libipc_single.z.so(OHOS::BinderInvoker::JoinThread(bool)+40)(216555c1ccaa2644568394a99c5a7547)
#05 pc 00000000000769f5 /system/lib64/platformsdk/libipc_single.z.so(OHOS::IPCWorkThread::ThreadHandler(void*)+901)(216555c1ccaa2644568394a99c5a7547)
#06 pc 00000000001299e7 /system/lib/ld-musl-x86_64.so.1(74178aa6301b8bad2ac9b6d7f2361221)
#07 pc 0000000000090f8e /system/lib/ld-musl-x86_64.so.1(74178aa6301b8bad2ac9b6d7f2361221)
Tid:11619, Name:OS_IPC_1_11619
state=S, utime=0, stime=0, priority=0, nice=-20, clk=100
#00 pc 00000000000dc46b /system/lib/ld-musl-x86_64.so.1(ioctl+187)(74178aa6301b8bad2ac9b6d7f2361221)
#01 pc 0000000000010ca7 /system/lib64/platformsdk/libipc_common.z.so(OHOS::BinderConnector::WriteBinder(unsigned long, void*)+55)(ae9fe169bf1f8b0397c31ba1b67e0e94)
#02 pc 000000000007e34d /system/lib64/platformsdk/libipc_single.z.so(OHOS::BinderInvoker::TransactWithDriver(bool)+269)(216555c1ccaa2644568394a99c5a7547)
#03 pc 000000000007e71a /system/lib64/platformsdk/libipc_single.z.so(OHOS::BinderInvoker::StartWorkLoop()+106)(216555c1ccaa2644568394a99c5a7547)
#04 pc 0000000000080c28 /system/lib64/platformsdk/libipc_single.z.so(OHOS::BinderInvoker::JoinThread(bool)+40)(216555c1ccaa2644568394a99c5a7547)
#05 pc 00000000000769f5 /system/lib64/platformsdk/libipc_single.z.so(OHOS::IPCWorkThread::ThreadHandler(void*)+901)(216555c1ccaa2644568394a99c5a7547)
#06 pc 00000000001299e7 /system/lib/ld-musl-x86_64.so.1(74178aa6301b8bad2ac9b6d7f2361221)
#07 pc 0000000000090f8e /system/lib/ld-musl-x86_64.so.1(74178aa6301b8bad2ac9b6d7f2361221)
Tid:11620, Name:OS_DfxWatchdog
state=S, utime=0, stime=0, priority=0, nice=-20, clk=100
#00 pc 0000000000125ee9 /system/lib/ld-musl-x86_64.so.1(74178aa6301b8bad2ac9b6d7f2361221)
#01 pc 0000000000127883 /system/lib/ld-musl-x86_64.so.1(pthread_cond_timedwait+195)(74178aa6301b8bad2ac9b6d7f2361221)
#02 pc 00000000000c74e7 /system/lib64/chipset-sdk-sp/libc++.so(std::__h::condition_variable::__do_timed_wait(std::__h::unique_lock<std::__h::mutex>&, std::__h::chrono::time_point<std::__h::chrono::system_clock, std::__h::chrono::duration<long long, std::__h::ratio<1l, 1000000000l>>>)+103)(ca45f3285cb13d8a615c2dcf32305914fbc391ad)
#03 pc 00000000000245a0 /system/lib64/chipset-sdk-sp/libhicollie.z.so(0d0f332b1d543f1b44cdc8747e67264a)
#04 pc 00000000000242a1 /system/lib64/chipset-sdk-sp/libhicollie.z.so(0d0f332b1d543f1b44cdc8747e67264a)
#05 pc 000000000002c17d /system/lib64/chipset-sdk-sp/libhicollie.z.so(0d0f332b1d543f1b44cdc8747e67264a)
#06 pc 00000000001299e7 /system/lib/ld-musl-x86_64.so.1(74178aa6301b8bad2ac9b6d7f2361221)
#07 pc 0000000000090f8e /system/lib/ld-musl-x86_64.so.1(74178aa6301b8bad2ac9b6d7f2361221)
Tid:11621, Name:OS_FFRT_Delay
state=S, utime=0, stime=0, priority=0, nice=-20, clk=100
#00 pc 00000000000b837f /system/lib/ld-musl-x86_64.so.1(epoll_wait+31)(74178aa6301b8bad2ac9b6d7f2361221)
#01 pc 00000000000b2cda /system/lib64/ndk/libffrt.so(6014d53b82cd59820b512f223d249356)
#02 pc 00000000001299e7 /system/lib/ld-musl-x86_64.so.1(74178aa6301b8bad2ac9b6d7f2361221)
#03 pc 0000000000090f8e /system/lib/ld-musl-x86_64.so.1(74178aa6301b8bad2ac9b6d7f2361221)
Tid:11625, Name:OS_FFRT_2_0
state=S, utime=0, stime=1, priority=0, nice=-20, clk=100
#00 pc 0000000000125ee9 /system/lib/ld-musl-x86_64.so.1(74178aa6301b8bad2ac9b6d7f2361221)
#01 pc 0000000000127883 /system/lib/ld-musl-x86_64.so.1(pthread_cond_timedwait+195)(74178aa6301b8bad2ac9b6d7f2361221)
#02 pc 00000000000c74e7 /system/lib64/chipset-sdk-sp/libc++.so(std::__h::condition_variable::__do_timed_wait(std::__h::unique_lock<std::__h::mutex>&, std::__h::chrono::time_point<std::__h::chrono::system_clock, std::__h::chrono::duration<long long, std::__h::ratio<1l, 1000000000l>>>)+103)(ca45f3285cb13d8a615c2dcf32305914fbc391ad)
#03 pc 000000000008bcb0 /system/lib64/ndk/libffrt.so(6014d53b82cd59820b512f223d249356)
#04 pc 00000000000760ef /system/lib64/ndk/libffrt.so(6014d53b82cd59820b512f223d249356)
#05 pc 0000000000075eaf /system/lib64/ndk/libffrt.so(6014d53b82cd59820b512f223d249356)
#06 pc 0000000000075d79 /system/lib64/ndk/libffrt.so(6014d53b82cd59820b512f223d249356)
#07 pc 00000000001299e7 /system/lib/ld-musl-x86_64.so.1(74178aa6301b8bad2ac9b6d7f2361221)
#08 pc 0000000000090f8e /system/lib/ld-musl-x86_64.so.1(74178aa6301b8bad2ac9b6d7f2361221)
Tid:11627, Name:OS_GC_Thread
state=S, utime=0, stime=0, priority=0, nice=-20, clk=100
#00 pc 0000000000125ee9 /system/lib/ld-musl-x86_64.so.1(74178aa6301b8bad2ac9b6d7f2361221)
#01 pc 0000000000127883 /system/lib/ld-musl-x86_64.so.1(pthread_cond_timedwait+195)(74178aa6301b8bad2ac9b6d7f2361221)
#02 pc 00000000009cd4ca /system/lib64/platformsdk/libark_jsruntime.so(3403c0dea7c24e42adea4ee0f5dd2803)
#03 pc 00000000009cd443 /system/lib64/platformsdk/libark_jsruntime.so(3403c0dea7c24e42adea4ee0f5dd2803)
#04 pc 00000000009cd8b5 /system/lib64/platformsdk/libark_jsruntime.so(3403c0dea7c24e42adea4ee0f5dd2803)
#05 pc 00000000001299e7 /system/lib/ld-musl-x86_64.so.1(74178aa6301b8bad2ac9b6d7f2361221)
#06 pc 0000000000090f8e /system/lib/ld-musl-x86_64.so.1(74178aa6301b8bad2ac9b6d7f2361221)
Tid:11628, Name:OS_GC_Thread
state=S, utime=15, stime=8, priority=0, nice=-20, clk=100
#00 pc 0000000000125ee9 /system/lib/ld-musl-x86_64.so.1(74178aa6301b8bad2ac9b6d7f2361221)
#01 pc 0000000000127883 /system/lib/ld-musl-x86_64.so.1(pthread_cond_timedwait+195)(74178aa6301b8bad2ac9b6d7f2361221)
#02 pc 00000000000c7451 /system/lib64/chipset-sdk-sp/libc++.so(std::__h::condition_variable::wait(std::__h::unique_lock<std::__h::mutex>&)+17)(ca45f3285cb13d8a615c2dcf32305914fbc391ad)
#03 pc 0000000000a298fd /system/lib64/platformsdk/libark_jsruntime.so(3403c0dea7c24e42adea4ee0f5dd2803)
#04 pc 0000000000a29475 /system/lib64/platformsdk/libark_jsruntime.so(3403c0dea7c24e42adea4ee0f5dd2803)
#05 pc 0000000000a2955a /system/lib64/platformsdk/libark_jsruntime.so(3403c0dea7c24e42adea4ee0f5dd2803)
#06 pc 00000000001299e7 /system/lib/ld-musl-x86_64.so.1(74178aa6301b8bad2ac9b6d7f2361221)
#07 pc 0000000000090f8e /system/lib/ld-musl-x86_64.so.1(74178aa6301b8bad2ac9b6d7f2361221)
Tid:11629, Name:OS_GC_Thread
state=S, utime=16, stime=6, priority=0, nice=-20, clk=100
#00 pc 0000000000125ee9 /system/lib/ld-musl-x86_64.so.1(74178aa6301b8bad2ac9b6d7f2361221)
#01 pc 0000000000127883 /system/lib/ld-musl-x86_64.so.1(pthread_cond_timedwait+195)(74178aa6301b8bad2ac9b6d7f2361221)
#02 pc 00000000000c7451 /system/lib64/chipset-sdk-sp/libc++.so(std::__h::condition_variable::wait(std::__h::unique_lock<std::__h::mutex>&)+17)(ca45f3285cb13d8a615c2dcf32305914fbc391ad)
#03 pc 0000000000a298fd /system/lib64/platformsdk/libark_jsruntime.so(3403c0dea7c24e42adea4ee0f5dd2803)
#04 pc 0000000000a29475 /system/lib64/platformsdk/libark_jsruntime.so(3403c0dea7c24e42adea4ee0f5dd2803)
#05 pc 0000000000a2955a /system/lib64/platformsdk/libark_jsruntime.so(3403c0dea7c24e42adea4ee0f5dd2803)
#06 pc 00000000001299e7 /system/lib/ld-musl-x86_64.so.1(74178aa6301b8bad2ac9b6d7f2361221)
#07 pc 0000000000090f8e /system/lib/ld-musl-x86_64.so.1(74178aa6301b8bad2ac9b6d7f2361221)
Tid:11630, Name:OS_GC_Thread
state=S, utime=15, stime=8, priority=0, nice=-20, clk=100
#00 pc 0000000000125ee9 /system/lib/ld-musl-x86_64.so.1(74178aa6301b8bad2ac9b6d7f2361221)
#01 pc 0000000000127883 /system/lib/ld-musl-x86_64.so.1(pthread_cond_timedwait+195)(74178aa6301b8bad2ac9b6d7f2361221)
#02 pc 00000000000c7451 /system/lib64/chipset-sdk-sp/libc++.so(std::__h::condition_variable::wait(std::__h::unique_lock<std::__h::mutex>&)+17)(ca45f3285cb13d8a615c2dcf32305914fbc391ad)
#03 pc 0000000000a298fd /system/lib64/platformsdk/libark_jsruntime.so(3403c0dea7c24e42adea4ee0f5dd2803)
#04 pc 0000000000a29475 /system/lib64/platformsdk/libark_jsruntime.so(3403c0dea7c24e42adea4ee0f5dd2803)
#05 pc 0000000000a2955a /system/lib64/platformsdk/libark_jsruntime.so(3403c0dea7c24e42adea4ee0f5dd2803)
#06 pc 00000000001299e7 /system/lib/ld-musl-x86_64.so.1(74178aa6301b8bad2ac9b6d7f2361221)
#07 pc 0000000000090f8e /system/lib/ld-musl-x86_64.so.1(74178aa6301b8bad2ac9b6d7f2361221)
Tid:11631, Name:OS_FFRT_3_0
state=S, utime=6, stime=8, priority=0, nice=-20, clk=100
#00 pc 0000000000125ee9 /system/lib/ld-musl-x86_64.so.1(74178aa6301b8bad2ac9b6d7f2361221)
#01 pc 0000000000127883 /system/lib/ld-musl-x86_64.so.1(pthread_cond_timedwait+195)(74178aa6301b8bad2ac9b6d7f2361221)
#02 pc 00000000000c74e7 /system/lib64/chipset-sdk-sp/libc++.so(std::__h::condition_variable::__do_timed_wait(std::__h::unique_lock<std::__h::mutex>&, std::__h::chrono::time_point<std::__h::chrono::system_clock, std::__h::chrono::duration<long long, std::__h::ratio<1l, 1000000000l>>>)+103)(ca45f3285cb13d8a615c2dcf32305914fbc391ad)
#03 pc 000000000008bcb0 /system/lib64/ndk/libffrt.so(6014d53b82cd59820b512f223d249356)
#04 pc 00000000000760ef /system/lib64/ndk/libffrt.so(6014d53b82cd59820b512f223d249356)
#05 pc 0000000000075eaf /system/lib64/ndk/libffrt.so(6014d53b82cd59820b512f223d249356)
#06 pc 0000000000075d79 /system/lib64/ndk/libffrt.so(6014d53b82cd59820b512f223d249356)
#07 pc 00000000001299e7 /system/lib/ld-musl-x86_64.so.1(74178aa6301b8bad2ac9b6d7f2361221)
#08 pc 0000000000090f8e /system/lib/ld-musl-x86_64.so.1(74178aa6301b8bad2ac9b6d7f2361221)
Tid:11632, Name:OS_hdcRegister
state=S, utime=0, stime=0, priority=0, nice=-20, clk=100
#00 pc 00000000000b837f /system/lib/ld-musl-x86_64.so.1(epoll_wait+31)(74178aa6301b8bad2ac9b6d7f2361221)
#01 pc 000000000000660f /system/lib64/platformsdk/libhdc_register.z.so(Hdc::HdcJdwpSimulator::ReadFromJdwp()+367)(4c41d0541b0381aaf6674e818696d512)
#02 pc 0000000000006ba3 /system/lib64/platformsdk/libhdc_register.z.so(Hdc::HdcJdwpSimulator::Connect()+195)(4c41d0541b0381aaf6674e818696d512)
#03 pc 00000000000052ef /system/lib64/platformsdk/libhdc_register.z.so(Hdc::HdcConnectRun(void*)+559)(4c41d0541b0381aaf6674e818696d512)
#04 pc 00000000001299e7 /system/lib/ld-musl-x86_64.so.1(74178aa6301b8bad2ac9b6d7f2361221)
#05 pc 0000000000090f8e /system/lib/ld-musl-x86_64.so.1(74178aa6301b8bad2ac9b6d7f2361221)
Tid:11637, Name:OS_FFRT_0_0
state=S, utime=0, stime=0, priority=0, nice=-20, clk=100
#00 pc 0000000000125ee9 /system/lib/ld-musl-x86_64.so.1(74178aa6301b8bad2ac9b6d7f2361221)
#01 pc 0000000000127883 /system/lib/ld-musl-x86_64.so.1(pthread_cond_timedwait+195)(74178aa6301b8bad2ac9b6d7f2361221)
#02 pc 00000000000c74e7 /system/lib64/chipset-sdk-sp/libc++.so(std::__h::condition_variable::__do_timed_wait(std::__h::unique_lock<std::__h::mutex>&, std::__h::chrono::time_point<std::__h::chrono::system_clock, std::__h::chrono::duration<long long, std::__h::ratio<1l, 1000000000l>>>)+103)(ca45f3285cb13d8a615c2dcf32305914fbc391ad)
#03 pc 000000000008bcb0 /system/lib64/ndk/libffrt.so(6014d53b82cd59820b512f223d249356)
#04 pc 00000000000760ef /system/lib64/ndk/libffrt.so(6014d53b82cd59820b512f223d249356)
#05 pc 0000000000075eaf /system/lib64/ndk/libffrt.so(6014d53b82cd59820b512f223d249356)
#06 pc 0000000000075d79 /system/lib64/ndk/libffrt.so(6014d53b82cd59820b512f223d249356)
#07 pc 00000000001299e7 /system/lib/ld-musl-x86_64.so.1(74178aa6301b8bad2ac9b6d7f2361221)
#08 pc 0000000000090f8e /system/lib/ld-musl-x86_64.so.1(74178aa6301b8bad2ac9b6d7f2361221)
Tid:11645, Name:sandbox_thread
state=S, utime=0, stime=0, priority=0, nice=-20, clk=100
#00 pc 0000000000125ee9 /system/lib/ld-musl-x86_64.so.1(74178aa6301b8bad2ac9b6d7f2361221)
#01 pc 0000000000127883 /system/lib/ld-musl-x86_64.so.1(pthread_cond_timedwait+195)(74178aa6301b8bad2ac9b6d7f2361221)
#02 pc 00000000000c7451 /system/lib64/chipset-sdk-sp/libc++.so(std::__h::condition_variable::wait(std::__h::unique_lock<std::__h::mutex>&)+17)(ca45f3285cb13d8a615c2dcf32305914fbc391ad)
#03 pc 00000000000086d7 /system/lib64/platformsdk/libsandboxlog.so(15f86dfff1c9aa3778b113b4e1f84fe4)
#04 pc 0000000000009363 /system/lib64/platformsdk/libsandboxlog.so(15f86dfff1c9aa3778b113b4e1f84fe4)
#05 pc 00000000001299e7 /system/lib/ld-musl-x86_64.so.1(74178aa6301b8bad2ac9b6d7f2361221)
#06 pc 0000000000090f8e /system/lib/ld-musl-x86_64.so.1(74178aa6301b8bad2ac9b6d7f2361221)
Tid:11647, Name:xample.callaite
state=S, utime=0, stime=0, priority=0, nice=-20, clk=100
#00 pc 000000000013100d /system/lib/ld-musl-x86_64.so.1(nanosleep+13)(74178aa6301b8bad2ac9b6d7f2361221)
#01 pc 00000000000d9b9a /system/lib64/chipset-sdk-sp/libc++.so(std::__h::this_thread::sleep_for(std::__h::chrono::duration<long long, std::__h::ratio<1l, 1000000000l>> const&)+90)(ca45f3285cb13d8a615c2dcf32305914fbc391ad)
#02 pc 0000000000015f52 /system/lib64/platformsdk/libhistogram.z.so(bcaef44ffc0c920a27140798ab5f7654)
#03 pc 00000000001299e7 /system/lib/ld-musl-x86_64.so.1(74178aa6301b8bad2ac9b6d7f2361221)
#04 pc 0000000000090f8e /system/lib/ld-musl-x86_64.so.1(74178aa6301b8bad2ac9b6d7f2361221)
Tid:11648, Name:OS_EVENT_POLL
state=S, utime=0, stime=0, priority=0, nice=-20, clk=100
#00 pc 00000000000b837f /system/lib/ld-musl-x86_64.so.1(epoll_wait+31)(74178aa6301b8bad2ac9b6d7f2361221)
#01 pc 000000000001a0fc /system/lib64/chipset-sdk-sp/libeventhandler.z.so(d20098a20e88abe540f8f998e7a8bdcc)
#02 pc 000000000001b2e6 /system/lib64/chipset-sdk-sp/libeventhandler.z.so(d20098a20e88abe540f8f998e7a8bdcc)
#03 pc 00000000001299e7 /system/lib/ld-musl-x86_64.so.1(74178aa6301b8bad2ac9b6d7f2361221)
#04 pc 0000000000090f8e /system/lib/ld-musl-x86_64.so.1(74178aa6301b8bad2ac9b6d7f2361221)
Tid:11650, Name:OS_FFRT_3_1
state=S, utime=0, stime=0, priority=0, nice=-20, clk=100
#00 pc 0000000000125ee9 /system/lib/ld-musl-x86_64.so.1(74178aa6301b8bad2ac9b6d7f2361221)
#01 pc 0000000000127883 /system/lib/ld-musl-x86_64.so.1(pthread_cond_timedwait+195)(74178aa6301b8bad2ac9b6d7f2361221)
#02 pc 00000000000c74e7 /system/lib64/chipset-sdk-sp/libc++.so(std::__h::condition_variable::__do_timed_wait(std::__h::unique_lock<std::__h::mutex>&, std::__h::chrono::time_point<std::__h::chrono::system_clock, std::__h::chrono::duration<long long, std::__h::ratio<1l, 1000000000l>>>)+103)(ca45f3285cb13d8a615c2dcf32305914fbc391ad)
#03 pc 000000000008bcb0 /system/lib64/ndk/libffrt.so(6014d53b82cd59820b512f223d249356)
#04 pc 00000000000760ef /system/lib64/ndk/libffrt.so(6014d53b82cd59820b512f223d249356)
#05 pc 0000000000075eaf /system/lib64/ndk/libffrt.so(6014d53b82cd59820b512f223d249356)
#06 pc 0000000000075d79 /system/lib64/ndk/libffrt.so(6014d53b82cd59820b512f223d249356)
#07 pc 00000000001299e7 /system/lib/ld-musl-x86_64.so.1(74178aa6301b8bad2ac9b6d7f2361221)
#08 pc 0000000000090f8e /system/lib/ld-musl-x86_64.so.1(74178aa6301b8bad2ac9b6d7f2361221)
Tid:11651, Name:OS_FFRT_3_3
state=S, utime=0, stime=0, priority=0, nice=-20, clk=100
#00 pc 0000000000125ee9 /system/lib/ld-musl-x86_64.so.1(74178aa6301b8bad2ac9b6d7f2361221)
#01 pc 0000000000127883 /system/lib/ld-musl-x86_64.so.1(pthread_cond_timedwait+195)(74178aa6301b8bad2ac9b6d7f2361221)
#02 pc 00000000000c74e7 /system/lib64/chipset-sdk-sp/libc++.so(std::__h::condition_variable::__do_timed_wait(std::__h::unique_lock<std::__h::mutex>&, std::__h::chrono::time_point<std::__h::chrono::system_clock, std::__h::chrono::duration<long long, std::__h::ratio<1l, 1000000000l>>>)+103)(ca45f3285cb13d8a615c2dcf32305914fbc391ad)
#03 pc 000000000008bcb0 /system/lib64/ndk/libffrt.so(6014d53b82cd59820b512f223d249356)
#04 pc 00000000000760ef /system/lib64/ndk/libffrt.so(6014d53b82cd59820b512f223d249356)
#05 pc 0000000000075eaf /system/lib64/ndk/libffrt.so(6014d53b82cd59820b512f223d249356)
#06 pc 0000000000075d79 /system/lib64/ndk/libffrt.so(6014d53b82cd59820b512f223d249356)
#07 pc 00000000001299e7 /system/lib/ld-musl-x86_64.so.1(74178aa6301b8bad2ac9b6d7f2361221)
#08 pc 0000000000090f8e /system/lib/ld-musl-x86_64.so.1(74178aa6301b8bad2ac9b6d7f2361221)
Tid:11652, Name:OS_FFRT_3_2
state=S, utime=0, stime=0, priority=0, nice=-20, clk=100
#00 pc 0000000000125ee9 /system/lib/ld-musl-x86_64.so.1(74178aa6301b8bad2ac9b6d7f2361221)
#01 pc 0000000000127883 /system/lib/ld-musl-x86_64.so.1(pthread_cond_timedwait+195)(74178aa6301b8bad2ac9b6d7f2361221)
#02 pc 00000000000c74e7 /system/lib64/chipset-sdk-sp/libc++.so(std::__h::condition_variable::__do_timed_wait(std::__h::unique_lock<std::__h::mutex>&, std::__h::chrono::time_point<std::__h::chrono::system_clock, std::__h::chrono::duration<long long, std::__h::ratio<1l, 1000000000l>>>)+103)(ca45f3285cb13d8a615c2dcf32305914fbc391ad)
#03 pc 000000000008bcb0 /system/lib64/ndk/libffrt.so(6014d53b82cd59820b512f223d249356)
#04 pc 00000000000760ef /system/lib64/ndk/libffrt.so(6014d53b82cd59820b512f223d249356)
#05 pc 0000000000075eaf /system/lib64/ndk/libffrt.so(6014d53b82cd59820b512f223d249356)
#06 pc 0000000000075d79 /system/lib64/ndk/libffrt.so(6014d53b82cd59820b512f223d249356)
#07 pc 00000000001299e7 /system/lib/ld-musl-x86_64.so.1(74178aa6301b8bad2ac9b6d7f2361221)
#08 pc 0000000000090f8e /system/lib/ld-musl-x86_64.so.1(74178aa6301b8bad2ac9b6d7f2361221)
Tid:11654, Name:OS_MainDisplayS
state=S, utime=0, stime=0, priority=0, nice=-20, clk=100
#00 pc 00000000000b837f /system/lib/ld-musl-x86_64.so.1(epoll_wait+31)(74178aa6301b8bad2ac9b6d7f2361221)
#01 pc 000000000001ceee /system/lib64/chipset-sdk-sp/libeventhandler.z.so(d20098a20e88abe540f8f998e7a8bdcc)
#02 pc 00000000000230bf /system/lib64/chipset-sdk-sp/libeventhandler.z.so(OHOS::AppExecFwk::EventQueue::WaitUntilLocked(std::__h::chrono::time_point<std::__h::chrono::steady_clock, std::__h::chrono::duration<long long, std::__h::ratio<1l, 1000000000l>>> const&, OHOS::AppExecFwk::UniqueLockBase&, bool)+79)(d20098a20e88abe540f8f998e7a8bdcc)
#03 pc 00000000000282df /system/lib64/chipset-sdk-sp/libeventhandler.z.so(OHOS::AppExecFwk::EventQueueBase::GetEvent()+207)(d20098a20e88abe540f8f998e7a8bdcc)
#04 pc 0000000000033985 /system/lib64/chipset-sdk-sp/libeventhandler.z.so(d20098a20e88abe540f8f998e7a8bdcc)
#05 pc 0000000000030352 /system/lib64/chipset-sdk-sp/libeventhandler.z.so(d20098a20e88abe540f8f998e7a8bdcc)
#06 pc 00000000000357c3 /system/lib64/chipset-sdk-sp/libeventhandler.z.so(d20098a20e88abe540f8f998e7a8bdcc)
#07 pc 00000000001299e7 /system/lib/ld-musl-x86_64.so.1(74178aa6301b8bad2ac9b6d7f2361221)
#08 pc 0000000000090f8e /system/lib/ld-musl-x86_64.so.1(74178aa6301b8bad2ac9b6d7f2361221)
Tid:11658, Name:OS_IPC_3_11658
state=S, utime=0, stime=0, priority=0, nice=-20, clk=100
#00 pc 00000000000dc46b /system/lib/ld-musl-x86_64.so.1(ioctl+187)(74178aa6301b8bad2ac9b6d7f2361221)
#01 pc 0000000000010ca7 /system/lib64/platformsdk/libipc_common.z.so(OHOS::BinderConnector::WriteBinder(unsigned long, void*)+55)(ae9fe169bf1f8b0397c31ba1b67e0e94)
#02 pc 000000000007e34d /system/lib64/platformsdk/libipc_single.z.so(OHOS::BinderInvoker::TransactWithDriver(bool)+269)(216555c1ccaa2644568394a99c5a7547)
#03 pc 000000000007e71a /system/lib64/platformsdk/libipc_single.z.so(OHOS::BinderInvoker::StartWorkLoop()+106)(216555c1ccaa2644568394a99c5a7547)
#04 pc 0000000000080c28 /system/lib64/platformsdk/libipc_single.z.so(OHOS::BinderInvoker::JoinThread(bool)+40)(216555c1ccaa2644568394a99c5a7547)
#05 pc 00000000000769f5 /system/lib64/platformsdk/libipc_single.z.so(OHOS::IPCWorkThread::ThreadHandler(void*)+901)(216555c1ccaa2644568394a99c5a7547)
#06 pc 00000000001299e7 /system/lib/ld-musl-x86_64.so.1(74178aa6301b8bad2ac9b6d7f2361221)
#07 pc 0000000000090f8e /system/lib/ld-musl-x86_64.so.1(74178aa6301b8bad2ac9b6d7f2361221)
Tid:11661, Name:ace.bg.1
state=S, utime=0, stime=0, priority=0, nice=-20, clk=100
#00 pc 0000000000125ee9 /system/lib/ld-musl-x86_64.so.1(74178aa6301b8bad2ac9b6d7f2361221)
#01 pc 0000000000127883 /system/lib/ld-musl-x86_64.so.1(pthread_cond_timedwait+195)(74178aa6301b8bad2ac9b6d7f2361221)
#02 pc 00000000000c7451 /system/lib64/chipset-sdk-sp/libc++.so(std::__h::condition_variable::wait(std::__h::unique_lock<std::__h::mutex>&)+17)(ca45f3285cb13d8a615c2dcf32305914fbc391ad)
#03 pc 000000000148ac32 /system/lib64/platformsdk/libace_compatible.z.so(cb476043f6fb29150d891bc788a45885)
#04 pc 000000000148afa2 /system/lib64/platformsdk/libace_compatible.z.so(cb476043f6fb29150d891bc788a45885)
#05 pc 00000000001299e7 /system/lib/ld-musl-x86_64.so.1(74178aa6301b8bad2ac9b6d7f2361221)
#06 pc 0000000000090f8e /system/lib/ld-musl-x86_64.so.1(74178aa6301b8bad2ac9b6d7f2361221)
Tid:11662, Name:ace.bg.2
state=S, utime=0, stime=0, priority=0, nice=-20, clk=100
#00 pc 0000000000125ee9 /system/lib/ld-musl-x86_64.so.1(74178aa6301b8bad2ac9b6d7f2361221)
#01 pc 0000000000127883 /system/lib/ld-musl-x86_64.so.1(pthread_cond_timedwait+195)(74178aa6301b8bad2ac9b6d7f2361221)
#02 pc 00000000000c7451 /system/lib64/chipset-sdk-sp/libc++.so(std::__h::condition_variable::wait(std::__h::unique_lock<std::__h::mutex>&)+17)(ca45f3285cb13d8a615c2dcf32305914fbc391ad)
#03 pc 000000000148ac32 /system/lib64/platformsdk/libace_compatible.z.so(cb476043f6fb29150d891bc788a45885)
#04 pc 000000000148afa2 /system/lib64/platformsdk/libace_compatible.z.so(cb476043f6fb29150d891bc788a45885)
#05 pc 00000000001299e7 /system/lib/ld-musl-x86_64.so.1(74178aa6301b8bad2ac9b6d7f2361221)
#06 pc 0000000000090f8e /system/lib/ld-musl-x86_64.so.1(74178aa6301b8bad2ac9b6d7f2361221)
Tid:11663, Name:ace.bg.3
state=S, utime=0, stime=0, priority=0, nice=-20, clk=100
#00 pc 0000000000125ee9 /system/lib/ld-musl-x86_64.so.1(74178aa6301b8bad2ac9b6d7f2361221)
#01 pc 0000000000127883 /system/lib/ld-musl-x86_64.so.1(pthread_cond_timedwait+195)(74178aa6301b8bad2ac9b6d7f2361221)
#02 pc 00000000000c7451 /system/lib64/chipset-sdk-sp/libc++.so(std::__h::condition_variable::wait(std::__h::unique_lock<std::__h::mutex>&)+17)(ca45f3285cb13d8a615c2dcf32305914fbc391ad)
#03 pc 000000000148ac32 /system/lib64/platformsdk/libace_compatible.z.so(cb476043f6fb29150d891bc788a45885)
#04 pc 000000000148afa2 /system/lib64/platformsdk/libace_compatible.z.so(cb476043f6fb29150d891bc788a45885)
#05 pc 00000000001299e7 /system/lib/ld-musl-x86_64.so.1(74178aa6301b8bad2ac9b6d7f2361221)
#06 pc 0000000000090f8e /system/lib/ld-musl-x86_64.so.1(74178aa6301b8bad2ac9b6d7f2361221)
Tid:11664, Name:ace.bg.4
state=S, utime=0, stime=0, priority=0, nice=-20, clk=100
#00 pc 0000000000125ee9 /system/lib/ld-musl-x86_64.so.1(74178aa6301b8bad2ac9b6d7f2361221)
#01 pc 0000000000127883 /system/lib/ld-musl-x86_64.so.1(pthread_cond_timedwait+195)(74178aa6301b8bad2ac9b6d7f2361221)
#02 pc 00000000000c7451 /system/lib64/chipset-sdk-sp/libc++.so(std::__h::condition_variable::wait(std::__h::unique_lock<std::__h::mutex>&)+17)(ca45f3285cb13d8a615c2dcf32305914fbc391ad)
#03 pc 000000000148ac32 /system/lib64/platformsdk/libace_compatible.z.so(cb476043f6fb29150d891bc788a45885)
#04 pc 000000000148afa2 /system/lib64/platformsdk/libace_compatible.z.so(cb476043f6fb29150d891bc788a45885)
#05 pc 00000000001299e7 /system/lib/ld-musl-x86_64.so.1(74178aa6301b8bad2ac9b6d7f2361221)
#06 pc 0000000000090f8e /system/lib/ld-musl-x86_64.so.1(74178aa6301b8bad2ac9b6d7f2361221)
Tid:11665, Name:ace.bg.5
state=S, utime=0, stime=0, priority=0, nice=-20, clk=100
#00 pc 0000000000125ee9 /system/lib/ld-musl-x86_64.so.1(74178aa6301b8bad2ac9b6d7f2361221)
#01 pc 0000000000127883 /system/lib/ld-musl-x86_64.so.1(pthread_cond_timedwait+195)(74178aa6301b8bad2ac9b6d7f2361221)
#02 pc 00000000000c7451 /system/lib64/chipset-sdk-sp/libc++.so(std::__h::condition_variable::wait(std::__h::unique_lock<std::__h::mutex>&)+17)(ca45f3285cb13d8a615c2dcf32305914fbc391ad)
#03 pc 000000000148ac32 /system/lib64/platformsdk/libace_compatible.z.so(cb476043f6fb29150d891bc788a45885)
#04 pc 000000000148afa2 /system/lib64/platformsdk/libace_compatible.z.so(cb476043f6fb29150d891bc788a45885)
#05 pc 00000000001299e7 /system/lib/ld-musl-x86_64.so.1(74178aa6301b8bad2ac9b6d7f2361221)
#06 pc 0000000000090f8e /system/lib/ld-musl-x86_64.so.1(74178aa6301b8bad2ac9b6d7f2361221)
Tid:11666, Name:ace.bg.6
state=S, utime=0, stime=0, priority=0, nice=-20, clk=100
#00 pc 0000000000125ee9 /system/lib/ld-musl-x86_64.so.1(74178aa6301b8bad2ac9b6d7f2361221)
#01 pc 0000000000127883 /system/lib/ld-musl-x86_64.so.1(pthread_cond_timedwait+195)(74178aa6301b8bad2ac9b6d7f2361221)
#02 pc 00000000000c7451 /system/lib64/chipset-sdk-sp/libc++.so(std::__h::condition_variable::wait(std::__h::unique_lock<std::__h::mutex>&)+17)(ca45f3285cb13d8a615c2dcf32305914fbc391ad)
#03 pc 000000000148ac32 /system/lib64/platformsdk/libace_compatible.z.so(cb476043f6fb29150d891bc788a45885)
#04 pc 000000000148afa2 /system/lib64/platformsdk/libace_compatible.z.so(cb476043f6fb29150d891bc788a45885)
#05 pc 00000000001299e7 /system/lib/ld-musl-x86_64.so.1(74178aa6301b8bad2ac9b6d7f2361221)
#06 pc 0000000000090f8e /system/lib/ld-musl-x86_64.so.1(74178aa6301b8bad2ac9b6d7f2361221)
Tid:11667, Name:ace.bg.7
state=S, utime=0, stime=0, priority=0, nice=-20, clk=100
#00 pc 0000000000125ee9 /system/lib/ld-musl-x86_64.so.1(74178aa6301b8bad2ac9b6d7f2361221)
#01 pc 0000000000127883 /system/lib/ld-musl-x86_64.so.1(pthread_cond_timedwait+195)(74178aa6301b8bad2ac9b6d7f2361221)
#02 pc 00000000000c7451 /system/lib64/chipset-sdk-sp/libc++.so(std::__h::condition_variable::wait(std::__h::unique_lock<std::__h::mutex>&)+17)(ca45f3285cb13d8a615c2dcf32305914fbc391ad)
#03 pc 000000000148ac32 /system/lib64/platformsdk/libace_compatible.z.so(cb476043f6fb29150d891bc788a45885)
#04 pc 000000000148afa2 /system/lib64/platformsdk/libace_compatible.z.so(cb476043f6fb29150d891bc788a45885)
#05 pc 00000000001299e7 /system/lib/ld-musl-x86_64.so.1(74178aa6301b8bad2ac9b6d7f2361221)
#06 pc 0000000000090f8e /system/lib/ld-musl-x86_64.so.1(74178aa6301b8bad2ac9b6d7f2361221)
Tid:11668, Name:ace.bg.8
state=S, utime=0, stime=0, priority=0, nice=-20, clk=100
#00 pc 0000000000125ee9 /system/lib/ld-musl-x86_64.so.1(74178aa6301b8bad2ac9b6d7f2361221)
#01 pc 0000000000127883 /system/lib/ld-musl-x86_64.so.1(pthread_cond_timedwait+195)(74178aa6301b8bad2ac9b6d7f2361221)
#02 pc 00000000000c7451 /system/lib64/chipset-sdk-sp/libc++.so(std::__h::condition_variable::wait(std::__h::unique_lock<std::__h::mutex>&)+17)(ca45f3285cb13d8a615c2dcf32305914fbc391ad)
#03 pc 000000000148ac32 /system/lib64/platformsdk/libace_compatible.z.so(cb476043f6fb29150d891bc788a45885)
#04 pc 000000000148afa2 /system/lib64/platformsdk/libace_compatible.z.so(cb476043f6fb29150d891bc788a45885)
#05 pc 00000000001299e7 /system/lib/ld-musl-x86_64.so.1(74178aa6301b8bad2ac9b6d7f2361221)
#06 pc 0000000000090f8e /system/lib/ld-musl-x86_64.so.1(74178aa6301b8bad2ac9b6d7f2361221)
Tid:11669, Name:OS_FFRT_5_1
state=S, utime=0, stime=0, priority=0, nice=-20, clk=100
#00 pc 0000000000125ee9 /system/lib/ld-musl-x86_64.so.1(74178aa6301b8bad2ac9b6d7f2361221)
#01 pc 0000000000127883 /system/lib/ld-musl-x86_64.so.1(pthread_cond_timedwait+195)(74178aa6301b8bad2ac9b6d7f2361221)
#02 pc 00000000000c74e7 /system/lib64/chipset-sdk-sp/libc++.so(std::__h::condition_variable::__do_timed_wait(std::__h::unique_lock<std::__h::mutex>&, std::__h::chrono::time_point<std::__h::chrono::system_clock, std::__h::chrono::duration<long long, std::__h::ratio<1l, 1000000000l>>>)+103)(ca45f3285cb13d8a615c2dcf32305914fbc391ad)
#03 pc 000000000008bcb0 /system/lib64/ndk/libffrt.so(6014d53b82cd59820b512f223d249356)
#04 pc 00000000000760ef /system/lib64/ndk/libffrt.so(6014d53b82cd59820b512f223d249356)
#05 pc 0000000000075eaf /system/lib64/ndk/libffrt.so(6014d53b82cd59820b512f223d249356)
#06 pc 0000000000075d79 /system/lib64/ndk/libffrt.so(6014d53b82cd59820b512f223d249356)
#07 pc 00000000001299e7 /system/lib/ld-musl-x86_64.so.1(74178aa6301b8bad2ac9b6d7f2361221)
#08 pc 0000000000090f8e /system/lib/ld-musl-x86_64.so.1(74178aa6301b8bad2ac9b6d7f2361221)
Tid:11761, Name:OS_IPC_4_11761
state=S, utime=0, stime=0, priority=0, nice=-20, clk=100
#00 pc 00000000000dc46b /system/lib/ld-musl-x86_64.so.1(ioctl+187)(74178aa6301b8bad2ac9b6d7f2361221)
#01 pc 0000000000010ca7 /system/lib64/platformsdk/libipc_common.z.so(OHOS::BinderConnector::WriteBinder(unsigned long, void*)+55)(ae9fe169bf1f8b0397c31ba1b67e0e94)
#02 pc 000000000007e34d /system/lib64/platformsdk/libipc_single.z.so(OHOS::BinderInvoker::TransactWithDriver(bool)+269)(216555c1ccaa2644568394a99c5a7547)
#03 pc 000000000007e71a /system/lib64/platformsdk/libipc_single.z.so(OHOS::BinderInvoker::StartWorkLoop()+106)(216555c1ccaa2644568394a99c5a7547)
#04 pc 0000000000080c28 /system/lib64/platformsdk/libipc_single.z.so(OHOS::BinderInvoker::JoinThread(bool)+40)(216555c1ccaa2644568394a99c5a7547)
#05 pc 00000000000769f5 /system/lib64/platformsdk/libipc_single.z.so(OHOS::IPCWorkThread::ThreadHandler(void*)+901)(216555c1ccaa2644568394a99c5a7547)
#06 pc 00000000001299e7 /system/lib/ld-musl-x86_64.so.1(74178aa6301b8bad2ac9b6d7f2361221)
#07 pc 0000000000090f8e /system/lib/ld-musl-x86_64.so.1(74178aa6301b8bad2ac9b6d7f2361221)

Catche stack trace end time: 2026-09-19 13:57:27.063

Dump main thread stack start time: 2026-09-19 13:57:23.974
Tid:11401, Name:xample.callaite
state=R, utime=1221, stime=60, priority=10, nice=-10, clk=100
#00 pc 000000000103f9a0 /system/lib64/module/arkcompiler/stub.an(BCStub_HandleCallRuntimeStwCopy+0)
#01 pc 000000000001d3ef [anon:native_heap:brk]

Dump main thread stack end time: 2026-09-19 13:57:23.992


SysrqCatcher -- fullPath:/data/log/eventlog/sysrq-20260919135727.log

---------------------------------------------------
catcher cmd: hilog -z 1000 -P start time: 2026/09/19-13:57:27:070

catcher cmd: hilog -z 1000 -P 
09-19 13:57:10.956 11401 11401 I C02c11/APPSPAWN: AppSpawnChild id 54 flags:0xc
09-19 13:57:10.957 11401 11401 I C02d33/HitraceOption: FilterAppTrace com.example.callaite 11401
09-19 13:57:10.957 11401 11401 W C02c11/APPSPAWN: errno:2 bind mount /system/app/ArkWebCoreLegacy to /mnt/sandbox/100/com.example.callaite/system/app/ArkWebCoreLegacy
09-19 13:57:10.957 11401 11401 W C02c11/APPSPAWN: errno:2 bind mount /vendor/etc/hiai to /mnt/sandbox/100/com.example.callaite/vendor/etc/hiai
09-19 13:57:10.957 11401 11401 W C02c11/APPSPAWN: errno:2 bind mount /data/data/hiai to /mnt/sandbox/100/com.example.callaite/data/data/hiai
09-19 13:57:10.958 11401 11401 W C02c11/APPSPAWN: errno:2 bind mount /data/service/el1/public/themes/100/a/app to /mnt/sandbox/100/com.example.callaite/data/themes/a/app
09-19 13:57:10.958 11401 11401 W C02c11/APPSPAWN: errno:2 bind mount /data/service/el1/public/themes/100/b/app to /mnt/sandbox/100/com.example.callaite/data/themes/b/app
09-19 13:57:10.958 11401 11401 W C02c11/APPSPAWN: errno:2 bind mount /chip_prod/lib64/passthrough to /mnt/sandbox/100/com.example.callaite/chip_prod/lib64/passthrough
09-19 13:57:10.958 11401 11401 W C02c11/APPSPAWN: errno:2 bind mount /data/app/el1/bundle/public/com.huawei.hmos.arkwebcorelegacy to /mnt/sandbox/100/com.example.callaite/data/storage/el1/bundle/arkwebcorelegacy
09-19 13:57:10.958 11401 11401 W C02c11/APPSPAWN: check dir /data/app/el1/bundle/public/com.huawei.hmos.arkwebcorelegacy failed,strerror:No such file or directory
09-19 13:57:10.958 11401 11401 W C02c11/APPSPAWN: check dir /data/app/el1/public/aot_compiler/ark_cache/com.example.callaite failed,strerror:No such file or directory
09-19 13:57:10.964 11401 11401 W C02c11/APPSPAWN: errno:2 bind mount /data/preload/app to /mnt/sandbox/100/com.example.callaite/data/preload/app
09-19 13:57:10.967 11401 11401 E C02c11/APPSPAWN: [sandbox_dec.c:247]Open dec file failed errno 2
09-19 13:57:10.967 11401 11401 I C05a03/Selinux: Hap setcon finish, context for com.example.callaite is relabeled to o:r:debug_hap:s0:x95,x334,x512,x868,x1024
09-19 13:57:10.968 11401 11618 W C057c1/IPCWorkThread: ThreadHandler: proto:0 policy:1 name:OS_IPC_0_11618 invoker:3886496
09-19 13:57:10.969 11401 11619 W C057c1/IPCWorkThread: ThreadHandler: proto:0 policy:0 name:OS_IPC_1_11619 invoker:3885344
09-19 13:57:10.969 11401 11401 I C05a05/SecCompEnhanceClient: [RegisterCheckCallback]Register secComp: sessionId=792192268, seqNum=******814.
09-19 13:57:10.970 11401 11401 I C02d0b/HICHECKER: hichecker param is empty.
09-19 13:57:10.970 11401 11401 I C04500/webview: CalculateActiveWebEngineVersion: CalculateActiveWebEngineVersion, enforce 3
09-19 13:57:10.970 11401 11401 I C01317/AppKit: [MTHRD3495]mainthread start, pid:11401
09-19 13:57:10.970 11401 11401 I C01317/AppKit: [MTHRD3294]is not in rescue mode
09-19 13:57:10.970 11401 11401 I C01317/AppKit: [MTHRD3321]is not in rescue mode
09-19 13:57:10.973 11401 11401 I C01317/AppKit: [MTHRD442]attach
09-19 13:57:10.976 11401 11619 I C01317/AppKit: [MTHRD922]ScheduleLaunchAbility called,ability EntryAbility,1
09-19 13:57:10.977 11401 11623 W C057c1/IPCWorkThread: ThreadHandler: proto:0 policy:0 name:OS_IPC_2_11623 invoker:3887056
09-19 13:57:10.981 11401 11401 I C01317/AppKit: [MTHRD267]NativeLibPath empty
09-19 13:57:10.984 11401 11401 I C01317/AppKit: [MTHRD1990]SmartGC:0 version:1000000
09-19 13:57:10.984 11401 11401 I C03f00/ArkCompiler: [ecmascript] asmint: 1, aot: 0, jit: 1, baseline jit: 0, bundle name: com.example.callaite, arkTSMode: dynamic
09-19 13:57:10.991 11401 11627 E C01707/CONCUR: [Interface] task 11627 apply qos failed, errno = 4
09-19 13:57:10.991 11401 11401 I C03f00/ArkCompiler: [ecmascript] multi-thread check enabled: 0
09-19 13:57:10.992 11401 11401 I C03f00/ArkCompiler: [pgo] reset pgo profiler, pgo profiler is disabled
09-19 13:57:10.992 11401 11401 I C03301/LIBUV: clean up handles in loop(6176)
09-19 13:57:10.992 11401 11401 I C03301/LIBUV: loop:(6176) closed in 0s
09-19 13:57:10.992 11401 11401 I C03301/LIBUV: close:6176, async_io_wfd:14
09-19 13:57:10.992 11401 11401 I C03301/LIBUV: close:6176, backend_fd:8
09-19 13:57:10.992 11401 11401 I C03301/LIBUV: init:4384
09-19 13:57:10.992 11401 11401 I C03301/LIBUV: init:4384, backend_fd:8
09-19 13:57:10.992 11401 11401 I C03301/LIBUV: open:4384, pipefd[0]:14
09-19 13:57:10.992 11401 11401 I C03f00/ArkCompiler: [ecmascript] can not find aot file
09-19 13:57:10.998 11401 11401 I C03f00/ArkCompiler: StartServer, componentName = <private>
09-19 13:57:10.998 11401 11401 W C01321/JsRuntime: [CSM161]disCon
09-19 13:57:10.998 11401 11401 I C03f00/ArkCompiler: [ecmascript] JSNApi::NotifyDebugMode, tid = 11401, debugApp = 1, isDebugMode = 0, instanceId = 0
09-19 13:57:11.011 11401 11401 I C03f00/ArkCompiler: [compiler] __jit_debug_register_code() is called.
09-19 13:57:11.011 11401 11401 I C03f00/ArkCompiler: [compiler] success to register stub.an to debugger.
09-19 13:57:11.011 11401 11625 I C01317/AppKit: [DRH689]File existed. dir: /data/storage/el2/base/cache/rawheap
09-19 13:57:11.011 11401 11625 I C01317/AppKit: [DRH667]success to create /data/storage/el2/base/cache/rawheap
09-19 13:57:11.013 11401 11632 I C02c03/PARAM_WATCHER: Add watcher keyPrefix persist.hdc.jdwp remoteWatcherId 102 success
09-19 13:57:11.016 11401 11401 W C01e00/ResourceManager: update userId, currentUserId_= 0, userId= 100
09-19 13:57:11.016 11401 11401 E C01e00/ResourceManager: LoadThemesRes failed, userId = 100, bundleName = com.example.callaite
09-19 13:57:11.016 11401 11401 W C01e00/ResourceManager: theme resources will clean, id 100
09-19 13:57:11.016 11401 11624 W C01653/NativePreferences: LoadFromDisk: The settingXml /***/el1/***/i18*** load failed.
09-19 13:57:11.021 11401 11401 E C01301/CompatiblePolicyDeviceType: [calculateResourceType:81]deviceType is empty.
09-19 13:57:11.022 11401 11401 W C01301/Ability: [resource_config_helper.cpp193]invalid source:
09-19 13:57:11.022 11401 11401 W C01301/Ability: [resource_config_helper.cpp193]invalid source:
09-19 13:57:11.023 11401 11401 I C01317/AppKit: [application_cleaner.cpp94]ClearTempData
09-19 13:57:11.029 11401 11401 I C01317/AppKit: [MTHRD2947]NtfyAppPreAbiCreate
09-19 13:57:11.044 11401 11401 I C01317/AppKit: [JAS211]LoadModule
09-19 13:57:11.044 11401 11401 W C01317/AppKit: [JAS1032]null stage
09-19 13:57:11.044 11401 11401 W C01317/AppKit: [JAS254]Not found AbilityStage.js
09-19 13:57:11.044 11401 11401 I C01317/AppKit: [OH_APP432]OnAboutToCreateAbility
09-19 13:57:11.045 11401 11401 W C01317/AppKit: [JAS349]Not found AbilityStage.js
09-19 13:57:11.051 11401 11401 I C01332/UIAbility: [ui_ability.cpp131]instanceId: 0b6e-83dc-57e5-475a-bafa1bfa37dc228e
09-19 13:57:11.054 11401 11628 I C03f00/ArkCompiler: [pgo] will save profiler to file /data/storage/ark-profile/rt_entry.ap
09-19 13:57:11.054 11401 11401 I C03f00/ArkCompiler: [ecmascript] start to execute module buffer with secure memory: /data/storage/el1/bundle/entry/ets/entryability/EntryAbility.abc
09-19 13:57:11.054 11401 11401 E C03f00/ArkCompiler: [common] Can not open xpm proc file, do not check secure memory anymore.
09-19 13:57:11.059 11401 11401 E C01707/CONCUR: [Interface] task 11628 apply qos failed, errno = 4
09-19 13:57:11.062 11401 11401 E C01707/CONCUR: [Interface] task 11629 apply qos failed, errno = 4
09-19 13:57:11.065 11401 11401 E C01707/CONCUR: [Interface] task 11630 apply qos failed, errno = 4
09-19 13:57:11.069 11401 11401 E C01707/CONCUR: [Interface] task 11628 apply qos failed, errno = 4
09-19 13:57:11.072 11401 11401 E C01707/CONCUR: [Interface] task 11629 apply qos failed, errno = 4
09-19 13:57:11.077 11401 11401 E C01707/CONCUR: [Interface] task 11630 apply qos failed, errno = 4
09-19 13:57:11.116 11401 11401 W C03f04/MMG: [NMM:1439] First: failed do_dlsym failed: Symbol not found: NAPI_file_fs_GetABCCode, version: null so=/system/lib64/module/file/libfs.z.so.Second: failed /system/lib64/module/hms/core/libiap_napi.z.so not exist.load /system/etc/abc/core/iap.abc failed
09-19 13:57:11.116 11401 11401 E C03f00/ArkCompiler: [ecmascript] export objects of native so is undefined, so name is @hms:core.iap
09-19 13:57:11.123 11401 11401 I C04309/CLOUD_FILE_SYNC: CloudSyncExport:Class MultiDownloadProgress for module cloudSyncDownload has been exported
09-19 13:57:11.123 11401 11401 I C04309/CLOUD_FILE_SYNC: CloudSyncExport:Class CloudFileCache for module cloudSyncDownload has been exported
09-19 13:57:11.123 11401 11401 I C04309/CLOUD_FILE_SYNC: CloudSyncExport:Class Download for module cloudSyncDownload has been exported
09-19 13:57:11.123 11401 11401 I C04309/CLOUD_FILE_SYNC: CloudSyncExport:Class GallerySync for module cloudSyncDownload has been exported
09-19 13:57:11.123 11401 11401 I C04309/CLOUD_FILE_SYNC: CloudSyncExport:Class FileSync for module cloudSyncDownload has been exported
09-19 13:57:11.123 11401 11401 I C04309/CLOUD_FILE_SYNC: CloudSyncExport:Class FileVersion for module cloudSyncDownload has been exported
09-19 13:57:11.126 11401 11401 I C01324/JsNapi: [js_error_manager.cpp1837]called
09-19 13:57:11.127 11401 11401 I C01320/JsEnv: [JSENV300]timing: 73
09-19 13:57:11.128 11401 11401 I C01320/JSENV: Callee constructor is OK string
09-19 13:57:11.128 11401 11401 I C01320/JSENV: Ability::constructor callee is object [object Object]
09-19 13:57:11.128 11401 11401 I C03f00/ArkCompiler: [ecmascript] start to execute ark buffer with secure memory use file: /data/storage/el1/bundle/entry/ets/modules.abc, entrypoint: @normalized:N&&&entry/build/generated/r/ResourceTable&
09-19 13:57:11.130 11401 11401 I C01332/UIAbility: [ui_ability_thread.cpp204]Lifecycle:Attach
09-19 13:57:11.132 11401 11401 I C01317/AppKit: [MTHRD3123]called
09-19 13:57:11.132 11401 11401 I C03f00/ArkCompiler: [gc] app is not inBackground
09-19 13:57:11.136 11401 11401 E C01707/CONCUR: [Interface] task 11628 apply qos failed, errno = 4
09-19 13:57:11.140 11401 11401 E C01707/CONCUR: [Interface] task 11629 apply qos failed, errno = 4
09-19 13:57:11.146 11401 11401 E C01707/CONCUR: [Interface] task 11630 apply qos failed, errno = 4
09-19 13:57:11.149 11401 11623 I C01332/UIAbility: [ui_ability_thread.cpp352]name:EntryAbility,targeState:5,isNewWant:0
09-19 13:57:11.155 11401 11401 I C01332/UIAbility: [ui_ability_thread.cpp271]Lifecycle:name EntryAbility
09-19 13:57:11.155 11401 11401 I C04201/DMS: AddDisplayIdFromAms: abilityToken and display[0] has been added.
09-19 13:57:11.160 11401 11401 I C01332/UIAbility: [JUA2177]JsUIAbility call js, name: onCreate
09-19 13:57:11.160 11401 11401 I A00001/EntryAbility: Ability onCreate
09-19 13:57:11.167 11401 11401 E C01356/Recovery: [app_recovery_api.cpp124]invalid restartFlag: 7
09-19 13:57:11.167 11401 11401 I A00001/ErrorRecovery: App recovery enabled
09-19 13:57:11.173 11401 11401 I C01317/AppKit: [OH_APP1240]current 2, pre 0
09-19 13:57:11.173 11401 11401 W C01317/AppKit: [OH_APP1269]fontSize empty
09-19 13:57:11.173 11401 11401 I C01317/AppKit: [OH_APP1300]current 2, pre 0
09-19 13:57:11.173 11401 11401 W C01317/AppKit: [OH_APP1304]language empty
09-19 13:57:11.173 11401 11401 W C01317/AppKit: [OH_APP1323]language and locale empty
09-19 13:57:11.173 11401 11401 I C01317/AppKit: [OH_APP298]configuration_: {"0#const.build.characteristics":"phone","0#input.pointer.device":"true","0#ohos.app.fontSizeScale":"nonFollowSystem","0#ohos.application.densitydpi":"xxxldpi","0#ohos.application.direction":"vertical","0#ohos.application.displayid":"0","0#ohos.system.colorMode":"light","0#ohos.system.colorMode.isSetByApp":"isSetByApp","0#ohos.system.fontSizeScale":"1.0","0#ohos.system.fontWeightScale":"1.0","0#ohos.system.hour":"false","0#ohos.system.language":"zh-Hans","0#ohos.system.locale":"zh-Hans"}, config: {"0#ohos.system.colorMode":"light","0#ohos.system.colorMode.isSetByApp":"isSetByApp"}
09-19 13:57:11.174 11401 11401 E C04217/WMSAttribute: UpdateConfigurationSyncForAll: root is null
09-19 13:57:11.174 11401 11401 I C01332/UIAbility: [JUA2177]JsUIAbility call js, name: onConfigurationUpdated
09-19 13:57:11.174 11401 11401 I C01332/UIAbility: [JUA2222]end, name: onConfigurationUpdated, time: 0
09-19 13:57:11.174 11401 11401 I C01332/UIAbility: [JUA2177]JsUIAbility call js, name: onConfigurationUpdate
09-19 13:57:11.174 11401 11401 I C01332/UIAbility: [JUA2222]end, name: onConfigurationUpdate, time: 0
09-19 13:57:11.175 11401 11401 W C01317/AppKit: [JAS919]Not found AbilityStage.js
09-19 13:57:11.175 11401 11401 W C01317/AppKit: [JAS919]Not found AbilityStage.js
09-19 13:57:11.175 11401 11401 I C01317/AppKit: [OH_APP322]ignoreWindowContext size 0
09-19 13:57:11.175 11401 11401 E C04217/WMSAttribute: UpdateConfigurationForAll: root is null
09-19 13:57:11.175 11401 11401 I C01332/UIAbility: [JUA2222]end, name: onCreate, time: 15
09-19 13:57:11.175 11401 11401 E C01332/UIAbility: [ui_ability_impl.cpp364]hasSaveData_: false
09-19 13:57:11.175 11401 11401 W C01332/UIAbility: [JUA1352]formatRegex: []
09-19 13:57:11.176 11401 11401 I C04202/WMSMain: Init: [requestId: 8][scbRequestId: 0]WindowScene with window session!
09-19 13:57:11.176 11401 11401 I C04202/WMSMain: Init: set isModuleAbilityHookEnd
09-19 13:57:11.176 11401 11401 I C0420a/WMSLife: WindowSessionImpl: nodeId: 48966922141697
09-19 13:57:11.177 11401 11401 I C01406/OHOS::RS: RSLogManager init log flag: 0x0(0)
09-19 13:57:11.178 11401 11401 I C01406/OHOS::RS: RSRenderServiceConnectHub call CreateConnection, needRefresh:[0]
09-19 13:57:11.179 11401 11401 I C01406/OHOS::RS: RSFrameRateLinker::Create id: 48966922141696
09-19 13:57:11.180 11401 11401 I C04202/WMSMain: VsyncStation: id 48966922141697 created
09-19 13:57:11.180 11401 11401 I C04200/WindowSceneSessionImpl: WindowSceneSessionImpl: [WMSCom] Constructor callaite0
09-19 13:57:11.180 11401 11401 E C04200/WMS: SetWindowType: permission denied!
09-19 13:57:11.180 11401 11401 I C0420a/WMSLife: Create: Window Create name:callaite0, state:0, mode:0
09-19 13:57:11.181 11401 11401 I C0420a/WMSLife: Create: SetIsAbilityHookOff 0
09-19 13:57:11.182 11401 11401 W C0420a/WMSLife: IsWindowSessionInvalid: id: 0 state_: 0
09-19 13:57:11.182 11401 11401 W C04200/WindowSceneSessionImpl: AdjustWindowAnimationFlag: session invalid!
09-19 13:57:11.182 11401 11401 I C04200/WindowSceneSessionImpl: Remove window flag WINDOW_FLAG_SHOW_WHEN_LOCKED
09-19 13:57:11.183 11401 11401 I C0420a/WMSLife: Connect: in
09-19 13:57:11.191 11401 11623 I C04208/WMSLayout: UpdateRect: [WindowRectUpdate:ClientRecv] UpdateRect id:0 name:callaite0, preRect=[0 0 0 0], newRect=[0 0 1308 2880], reason:0 displayId:0
09-19 13:57:11.191 11401 11623 I C04208/WMSLayout: NotifyFirstValidLayoutUpdate: Id:0, rect:[0 0 1308 2880]
09-19 13:57:11.191 11401 11401 I C01406/OHOS::RS: RSSurfaceNode::Unmarshalling, Node: 48966922141697, Name: callaite0
09-19 13:57:11.192 11401 11619 W C04208/WMSLayout: NotifySingleHandTransformChange: id:0, uiContent is nullptr
09-19 13:57:11.192 11401 11401 I C04208/WMSLayout: Connect: updateRect when connect.preRect:[0,0,1308,2880]rect:[0,0,1308,2880]
09-19 13:57:11.192 11401 11401 E C0421c/WMSCompat: ReadCombinedCompatibleConfig: combinedConfigSize: 0 fail to meet the conditions
09-19 13:57:11.193 11401 11401 I C0420a/WMSLife: Connect: Window Connect [name:callaite0, id:45, type:1], ret:0, oriDisplayId:0, curDisplayId:0
09-19 13:57:11.193 11401 11401 I C04204/WMSScb: RS multi-instance enabled: 1
09-19 13:57:11.193 11401 11401 I C01406/OHOS::RS: multi-instance, create RSUIContextManager, isMultiInstanceOpen_ 1
09-19 13:57:11.194 11401 11401 I C01406/OHOS::RS: RSRenderServiceConnectHub AddRenderProcessConnectionToken
09-19 13:57:11.194 11401 11401 I C01406/OHOS::RS: RSRenderServiceConnectHub::SetOnDiedCallback, code:0
09-19 13:57:11.194 11401 11401 I C01406/OHOS::RS: RSApplicationAgentImpl::RegisterRSApplicationAgent!
09-19 13:57:11.194 11401 11401 I C01406/OHOS::RS: RSUIDirector::GoCreate CurrentState:0, UIContext:48966922141697
09-19 13:57:11.194 11401 11401 I C01406/OHOS::RS: RSUIDirector::GoResume CurrentState:0, UIContext:48966922141697
09-19 13:57:11.194 11401 11401 I C01406/OHOS::RS: RSUIDirector::GoForeground CurrentState:1, UIContext:48966922141697
09-19 13:57:11.195 11401 11401 I C02c03/PARAM_WATCHER: Add watcher keyPrefix persist.sys.graphic.animationscale remoteWatcherId 102 success
09-19 13:57:11.195 11401 11401 I C04204/WMSScb: InitRSUIDirector: Create RSUIDirector: RSUIDirector's RSUIContext [token: 48966922141697, tid: 11401], rsUIContext: RSUIContext is null
09-19 13:57:11.195 11401 11401 I C0420a/WMSLife: PostInitSurfaceNode: post init surfaceNode success, name: callaite0
09-19 13:57:11.195 11401 11401 I C0421c/WMSCompat: SetAppHookWindowInfo: Id:45, preHookWindowInfo:[enableHookWindow: false, widthHookRatio: 1.000000, notifyWindowChange: false, drawableRectHook: false], newHookWindowInfo:[enableHookWindow: false, widthHookRatio: 1.000000, notifyWindowChange: false, drawableRectHook: false]
09-19 13:57:11.195 11401 11401 I C0421c/WMSCompat: SendCombinedCompatibleConfigToArkUI: bundleName: com.example.callaite, combinedCompatibleConfig size: 0
09-19 13:57:11.195 11401 11401 E C0421c/WMSCompat: SendCombinedCompatibleConfigToArkUI: Combined compatible config size is less than 2!
09-19 13:57:11.195 11401 11401 I C01406/OHOS::RS: RSSurfaceNode::SetAlphaChangedCallback, node=[48966922141697, callaite0]
09-19 13:57:11.195 11401 11401 I C04208/WMSLayout: SetWindowMode: windowId: 45, windowModeSupportType: 127, mode: 1
09-19 13:57:11.195 11401 11401 I C04208/WMSLayout: UpdateWindowModeImmediately: [WindowModeUpdate:Inner] UpdateWindowModeImmediately id:45, mode:1, splitStyle:0, splitIndex:0, state:1
09-19 13:57:11.198 11401 11401 I C04208/WMSLayout: NotifyWindowStatusChange: [WindowModeUpdate:Inner] NotifyWindowStatusChange id:45, mode:1, status:1, lastStatus:0, skipRedundant:0
09-19 13:57:11.198 11401 11401 I C04208/WMSLayout: SetConfigWindowLimitsVP: id:45, windowLimits:[0 0 0 0 0.000000 0.000000 1.000000 1]
09-19 13:57:11.199 11401 11401 I C04208/WMSLayout: GetSystemSizeLimits: systemLimitsPX: [6720 6720 1120 840 340282346638528859811704183484516925440.000000 0.000000 1.000000 0], systemLimitsVP: [1920 1920 320 240 340282346638528859811704183484516925440.000000 0.000000 1.000000 1], configMaxSize: 1920, vpr: 3.500000, winType: 1
09-19 13:57:11.199 11401 11401 I C04208/WMSLayout: UpdateWindowSizeLimits: [WindowLimitsUpdate:CalcLimits] SaveLimits id:45, px[minW:1120,minH:840,maxW:6720,maxH:6720] vp[minW:320,minH:240,maxW:1920,maxH:1920] vpr=3.500000
09-19 13:57:11.199 11401 11401 I C0421a/WMSLayoutPc: GetSupportedWindowModesConfiguration: winId: 45, windowModeSupportType: 15
09-19 13:57:11.199 11401 11401 I C04202/WMSMain: SetSupportedWindowModesForAncoInFreeWindow: is not anco app, need not update support window mode.
09-19 13:57:11.199 11401 11401 I C04208/WMSLayout: SetWindowModeSupportType: id:45, old:127, new:15
09-19 13:57:11.199 11401 11401 I C04208/WMSLayout: GetConfigurationFromAbilityInfo: windowId: 45, windowModeSupportType: 15, isAncoSupportFreeWindow: 0
09-19 13:57:11.200 11401 11401 I C0420f/WMSRecover: RegisterSessionRecoverCallbackFunc: persistentId=45
09-19 13:57:11.200 11401 11401 I C04217/WMSAttribute: UpdateStatusBarColorByColorMode: win=45, appColor=light
09-19 13:57:11.200 11401 11401 I C04200/WMS: IsMainHandlerAvailable: id:45, isAvailable:1
09-19 13:57:11.200 11401 11401 I C04200/WMS: IsMainHandlerAvailable: id:45, isAvailable:1
09-19 13:57:11.202 11401 11401 I C02800/MMIClient: [|267]Connection to server succeeded, fd:32
09-19 13:57:11.202 11401 11401 I C02800/MMIClient: [|166]Server was listening
09-19 13:57:11.202 11401 11401 I C02800/MMIClient: [|127]reuse current event handler, thread name:
09-19 13:57:11.202 11401 11401 I C02800/MMIClient: [|130]File fd is in listening
09-19 13:57:11.202 11401 11401 I C0420c/WMSEvent: AddInputWindow: SetWindowInputEventConsumer success, wid:45
09-19 13:57:11.204 11401 11401 I C04732/GameController: [(RegisterEntryModule:24)]begin load gamecontroller_event
09-19 13:57:11.204 11401 11401 I C04732/GameController: [(StartInputToTouch:61)]Begin StartInputToTouch
09-19 13:57:11.206 11401 11401 I C04217/WMSAttribute: ConnectServer: start connect
09-19 13:57:11.206 11401 11401 I C04217/WMSAttribute: ConnectServer: end connect
09-19 13:57:11.206 11401 11401 W C04217/WMSAttribute: RegisterGetWMSWindowListCallback: callback has registered
09-19 13:57:11.206 11401 11401 I C04217/WMSAttribute: RegisterGetWMSWindowListCallback: winId: 45
09-19 13:57:11.206 11401 11401 I C04217/WMSAttribute: UpdateColorMode: winId: 45, colorMode: light
09-19 13:57:11.206 11401 11401 I C04218/WMSPc: UpdateSidebarBlurStyleWhenColorModeChange: in, persistentId=45
09-19 13:57:11.206 11401 11401 W C04218/WMSPc: UpdateSidebarBlurStyleWhenColorModeChange: RSAnimatableProperty is null
09-19 13:57:11.206 11401 11401 I C04217/WMSAttribute: UpdateColorMode: winId: 45, colorMode: light, hasDarkRes: 1
09-19 13:57:11.206 11401 11401 I C0421c/WMSCompat: SetPcAppInpadSpecificSystemBarInvisible: isPcAppInpadSpecificSystemBarInvisible: 0
09-19 13:57:11.206 11401 11401 I C0421c/WMSCompat: SetPcAppInpadOrientationLandscape: isPcAppInpadOrientationLandscape: 0
09-19 13:57:11.206 11401 11401 I C0420a/WMSLife: Create: Window Create success [name:callaite0, id:45], state:1, mode:1, enableDefaultDensity:0, displayId:0
09-19 13:57:11.206 11401 11401 E C04200/WMS: singleton_container.cpp GetSingleton: cant get OHOS::Rosen::WindowInfoReporter
09-19 13:57:11.207 11401 11401 I C01332/UIAbility: [JUA2177]JsUIAbility call js, name: onWindowStageCreate
09-19 13:57:11.207 11401 11401 I A00001/EntryAbility: Ability onWindowStageCreate
09-19 13:57:11.207 11401 11401 I A03d00/JSAPP: [DataStore] Loading 2 .md files from /data/storage/el2/base/haps/entry/files/graph
09-19 13:57:11.207 11401 11401 W A03d00/JSAPP: [DataStore] Empty or unreadable file: 2026-09-19.md
09-19 13:57:11.208 11401 11649 I C04732/GameController: [(GetSelfBundleName:49)]The current bundleName [com.example.callaite]. version [1.0.0]
09-19 13:57:11.208 11401 11649 I C04732/GameController: [(IsCommonApp:94)]The [com.example.callaite] is a common app.
09-19 13:57:11.208 11401 11649 W C04732/GameController: [(ReadJsonFromFile:224)]realpath failed for [/data/service/el1/public/for-all-app/gamecontroller_server/game_support_key_mapping.json]
09-19 13:57:11.208 11401 11649 I C04732/GameController: [(SetSupportKeyMapping:73)]SetSupportKeyMapping. isSupportKeyMapping_ is [0]
09-19 13:57:11.208 11401 11649 I C04732/GameController: [(DoAsyncTask:76)]The app does not support input-to-touch feature.
09-19 13:57:11.209 11401 11401 I A03d00/JSAPP: [DataStore] Graph loaded. Pages: 1
09-19 13:57:11.209 11401 11631 I C01610/KvStoreServiceDeathNotifier: [a92ab124373322d, 0, 0] AddServiceDeathWatcher: Success set size: <private>
09-19 13:57:11.209 11401 11631 I C01610/KvStoreServiceDeathNotifier: [a92ab124373322d, 0, 0] GetDistributedKvDataService: Create remote proxy.
09-19 13:57:11.210 11401 11631 I C01610/DataMgrServiceProxy: [a92ab124373322d, 0, 0] DataMgrServiceProxy: Init data service proxy.
09-19 13:57:11.210 11401 11631 I C01610/KvStoreServiceDeathNotifier: [a92ab124373322d, 0, 0] ServiceDeathRecipient: Constructor.
09-19 13:57:11.211 11401 11631 I C01610/KvStoreClientDeathObserver: [a92ab124373322d, 0, 0] KvStoreClientDeathObserver: This client death observer
09-19 13:57:11.212 11401 11631 I C01610/DataMgrServiceProxy: [a92ab124373322d, 0, 0] GetFeatureInterface: get feature:kv_store
09-19 13:57:11.216 11401 11650 E C01b00/DistributedAccountFwk: Read result failed, code is: 8.
09-19 13:57:11.218 11401 11650 E C01b00/DistributedAccountFwk: Read result failed, code is: 8.
09-19 13:57:11.218 11401 11401 E C01317/AppKit: [context_impl.cpp1466]create dir /data/storage/el2/cloud failed, errno is 13
09-19 13:57:11.218 11401 11401 E C01317/AppKit: [context_impl.cpp1466]create dir /data/storage/el2/cloud failed, errno is 13
09-19 13:57:11.218 11401 11401 E C01317/AppKit: [context_impl.cpp1466]create dir /data/storage/el2/cloud failed, errno is 13
09-19 13:57:11.218 11401 11401 E C04388/file_api: [prop_n_exporter.cpp:456->MkdirExec] Failed to create directories, error: 13
09-19 13:57:11.219 11401 11401 I A03d00/JSAPP: [PluginManager] Initialized 4 plugins
09-19 13:57:11.220 11401 11401 I C01317/AppKit: [OH_APP1240]current 2, pre 0
09-19 13:57:11.220 11401 11401 W C01317/AppKit: [OH_APP1269]fontSize empty
09-19 13:57:11.220 11401 11401 I C01317/AppKit: [OH_APP1300]current 2, pre 0
09-19 13:57:11.220 11401 11401 W C01317/AppKit: [OH_APP1304]language empty
09-19 13:57:11.220 11401 11401 W C01317/AppKit: [OH_APP1323]language and locale empty
09-19 13:57:11.220 11401 11401 I C01317/AppKit: [OH_APP298]configuration_: {"0#const.build.characteristics":"phone","0#input.pointer.device":"true","0#ohos.app.fontSizeScale":"nonFollowSystem","0#ohos.application.densitydpi":"xxxldpi","0#ohos.application.direction":"vertical","0#ohos.application.displayid":"0","0#ohos.system.colorMode":"light","0#ohos.system.colorMode.isSetByApp":"isSetByApp","0#ohos.system.fontSizeScale":"1.0","0#ohos.system.fontWeightScale":"1.0","0#ohos.system.hour":"false","0#ohos.system.language":"zh-Hans","0#ohos.system.locale":"zh-Hans"}, config: {"0#ohos.system.colorMode":"light","0#ohos.system.colorMode.isSetByApp":"isSetByApp"}
09-19 13:57:11.220 11401 11401 E C04217/WMSAttribute: UpdateConfigurationSync: uiContent null, scene win=45, display=0
09-19 13:57:11.220 11401 11401 E C04217/WMSAttribute: UpdateConfigurationSyncForAll: root is null
09-19 13:57:11.220 11401 11631 I C01630/DistributedDB: [a92ab124373322d, 0, 0] before open db,db file: [size: 65536, mtime: 1789792123, inode: 824462]; db wal file: [size: 0, mtime: 1789792123, inode: 824463]; db shm file: [size: 32768, mtime: 1789797329, inode: 824466]; db dwr file: [stat() failed, errCode: -1, errno: 2]; 
09-19 13:57:11.221 11401 11401 I C01332/UIAbility: [JUA2177]JsUIAbility call js, name: onConfigurationUpdated
09-19 13:57:11.221 11401 11401 I C01332/UIAbility: [JUA2222]end, name: onConfigurationUpdated, time: 0
09-19 13:57:11.221 11401 11401 I C01332/UIAbility: [JUA2177]JsUIAbility call js, name: onConfigurationUpdate
09-19 13:57:11.221 11401 11401 I C01332/UIAbility: [JUA2222]end, name: onConfigurationUpdate, time: 0
09-19 13:57:11.221 11401 11401 W C01317/AppKit: [JAS919]Not found AbilityStage.js
09-19 13:57:11.221 11401 11401 W C01317/AppKit: [JAS919]Not found AbilityStage.js
09-19 13:57:11.221 11401 11401 I C01317/AppKit: [OH_APP322]ignoreWindowContext size 0
09-19 13:57:11.221 11401 11401 E C04217/WMSAttribute: UpdateConfiguration: uiContent null, scene win=45, display=0
09-19 13:57:11.221 11401 11401 I C04217/WMSAttribute: UpdateStatusBarColorByColorMode: win=45, appColor=light
09-19 13:57:11.226 11401 11401 E C04217/WMSAttribute: UpdateConfigurationForAll: root is null
09-19 13:57:11.226 11401 11401 I C04200/JsWindowStage: LoadContent: [NAPI]
09-19 13:57:11.226 11401 11401 I C01332/UIAbility: [JUA2222]end, name: onWindowStageCreate, time: 19
09-19 13:57:11.226 11401 11401 I C0420a/WMSLife: NotifyWindowStageCreateFinished: id: 45
09-19 13:57:11.226 11401 11631 I C01630/DistributedDB: [a92ab124373322d, 0, 0] [SqlUp] meta[0] label[3] flag[0] ver[104]
09-19 13:57:11.226 11401 11401 I C01332/UIAbility: [JUA2177]JsUIAbility call js, name: onWillForeground
09-19 13:57:11.226 11401 11401 I C01332/UIAbility: [JUA2222]end, name: onWillForeground, time: 0
09-19 13:57:11.226 11401 11401 I C04202/WMSMain: GoForeground: [requestId: 8][scbRequestId: 0]reason: 4 isGamePreLaunch: 0
09-19 13:57:11.226 11401 11401 I C0420a/WMSLife: Show: [requestId: 8][scbRequestId: 0]Window show [name: callaite0, id: 45, type: 1], reason: 4, state:1, requestState:1
09-19 13:57:11.227 11401 11401 I C04208/WMSLayout: GetSystemSizeLimits: systemLimitsPX: [6720 6720 1120 840 340282346638528859811704183484516925440.000000 0.000000 1.000000 0], systemLimitsVP: [1920 1920 320 240 340282346638528859811704183484516925440.000000 0.000000 1.000000 1], configMaxSize: 1920, vpr: 3.500000, winType: 1
09-19 13:57:11.227 11401 11401 I C04208/WMSLayout: UpdateWindowSizeLimits: [WindowLimitsUpdate:CalcLimits] SaveLimits id:45, px[minW:1120,minH:840,maxW:6720,maxH:6720] vp[minW:320,minH:240,maxW:1920,maxH:1920] vpr=3.500000
09-19 13:57:11.227 11401 11631 I C01630/DistributedDB: [a92ab124373322d, 0, 0] [KVDB] [StartSyncerWithNoLock] [uüª] event=3
09-19 13:57:11.227 11401 11631 I C01630/DistributedDB: [a92ab124373322d, 0, 0] db id:75fcaa, dir:485848
09-19 13:57:11.227 11401 11401 I C04217/WMSAttribute: IsSystemDensityChanged: windowId: 45, lastDensity: -1.000000, currDensity: 3.500000
09-19 13:57:11.227 11401 11631 E C01610/StoreUtil: [a92ab124373322d, 0, 0] SetServiceGid: file not exit, filePath:/da***.db ,code:2
09-19 13:57:11.228 11401 11631 I C01610/KvStoreServiceDeathNotifier: [a92ab124373322d, 0, 0] AddServiceDeathWatcher: Success set size: <private>
09-19 13:57:11.228 11401 11401 W C04200/WindowSessionImpl: UpdateViewportConfig: uiContent is null!
09-19 13:57:11.228 11401 11401 I C01332/UIAbility: [ui_ability_impl.cpp489]wnd call, AfterForeground
09-19 13:57:11.228 11401 11401 I C01406/OHOS::RS: RSFrameRateLinker::Create id: 48966922141697
09-19 13:57:11.235 11401 11623 I C04207/WMSFocus: ProcessUpdateFocus: unfocusId:11, focusId:45, isFocused:1,isSyncNotify:0, old:0, new:1789797431002, current:1789797431235
09-19 13:57:11.235 11401 11623 I C04207/WMSFocus: UpdateFocusState: focus: 1, id: 45
09-19 13:57:11.235 11401 11623 I C04207/WMSFocus: NotifyApplicationFocusChangedResult: 1
09-19 13:57:11.235 11401 11619 I C04207/WMSFocus: ProcessNotifyHighlightChange: timeStamp:1789797431002, highlightId:45, isHighlight:1,isSyncNotify:0, old:0, new:1789797431002, current:1789797431235
09-19 13:57:11.235 11401 11619 I C04207/WMSFocus: NotifyHighlightChange: windowId: 45, isHighlight: 1,
09-19 13:57:11.235 11401 11619 E C0420a/WMSLife: NotifyUIExtHostRectChangeInGlobalDisplayListeners: uiContent is null
09-19 13:57:11.235 11401 11619 W C04208/WMSLayout: NotifySingleHandTransformChange: id:45, uiContent is nullptr
09-19 13:57:11.236 11401 11401 E C01706/ueaClient-RmeCoreSched: [Init]: do not enabled!ret: -1
09-19 13:57:11.236 11401 11401 I C01706/ueaClient-FrameMsgMgr: [Init]:inited success!
09-19 13:57:11.236 11401 11401 I C01706/ueaClient-FrameUiIntf: [Init]:ret:1, inited:1
09-19 13:57:11.236 11401 11658 W C057c1/IPCWorkThread: ThreadHandler: proto:0 policy:0 name:OS_IPC_3_11658 invoker:3898000
09-19 13:57:11.236 11401 11401 I C04217/WMSAttribute: InitWaterfallMode: winId: 45
09-19 13:57:11.236 11401 11401 I C04217/WMSAttribute: NotifyWaterfallModeChange: winId: 45, waterfall: 0, stat: 2
09-19 13:57:11.236 11401 11401 I C04202/WMSMain: NotifyFreeMultiWindowModeResume: IsPcMode 0, isColdStart 1
09-19 13:57:11.236 11401 11401 I C0420a/WMSLife: Show: [requestId: 8][scbRequestId: 0]Window show success [name:callaite0, id:45, type:1]
09-19 13:57:11.236 11401 11401 W C04201/DMS: OnDisplayInfoChange: data is not changed.
09-19 13:57:11.237 11401 11401 I C01332/UIAbility: [JUA2177]JsUIAbility call js, name: onForeground
09-19 13:57:11.237 11401 11401 I A00001/EntryAbility: Ability onForeground
09-19 13:57:11.237 11401 11401 I C01332/UIAbility: [JUA2222]end, name: onForeground, time: 0
09-19 13:57:11.239 11401 11401 E C01651/data_share_manager_impl: RegisterClientDeathObserver: RegisterClientDeathObserver failed, bundleName is com.example.callaite
09-19 13:57:11.239 11401 11401 E C01651/data_share_manager_impl: GetDataShareServiceProxy: RegisterClientDeathObserver failed
09-19 13:57:11.240 11401 11658 E C01651/data_share_manager_impl: RegisterClientDeathObserver: RegisterClientDeathObserver failed, bundleName is com.example.callaite
09-19 13:57:11.240 11401 11658 E C01651/data_share_manager_impl: GetDataShareServiceProxy: RegisterClientDeathObserver failed
09-19 13:57:11.240 11401 11658 I C01651/data_share_manager_impl: operator(): RecoverObs start
09-19 13:57:11.254 11401 11401 I C05405/CompConfigClient: GetConfigByApp: GetDataShareData return 0 result
09-19 13:57:11.254 11401 11401 E C01301/Ability: [page_config_manager.cpp62]configJson_ is empty
09-19 13:57:11.257 11401 11401 I C02d11/DfxUnwinder: UnwindLocal:: fpUnwind: 0
09-19 13:57:11.257 11401 11401 W C01320/JsEnv: [source_map.cpp145]the stack without line info
09-19 13:57:11.258 11401 11401 I C02d11/DfxUnwinder: UnwindLocal:: fpUnwind: 0
09-19 13:57:11.258 11401 11401 W C01320/JsEnv: [source_map.cpp145]the stack without line info
09-19 13:57:11.258 11401 11401 I A00001/EntryAbility: Huawei account refreshed: 
09-19 13:57:11.258 11401 11401 I C01612/JsKVManager: operator(): output delete reference success
09-19 13:57:11.258 11401 11401 I C01612/JsSingleKVStore: operator(): subscribe to event:dataChange
09-19 13:57:11.258 11401 11401 I C01612/JsSingleKVStore: OnDataChange: subscribe data change type 2
09-19 13:57:11.258 11401 11401 I C01630/DistributedDB: [KvStoreNbDelegate][RegisterDeviceObserver] Register device observer ok mode:1
09-19 13:57:11.258 11401 11401 I C01610/KvStoreObserverClient: KvStoreObserverClient: Start
09-19 13:57:11.260 11401 11401 I A03d00/JSAPP: [Collaboration] KVStore initialized
09-19 13:57:11.260 11401 11401 I C01332/UIAbility: [JUA2177]JsUIAbility call js, name: onDidForeground
09-19 13:57:11.260 11401 11401 I C01332/UIAbility: [JUA2222]end, name: onDidForeground, time: 0
09-19 13:57:11.260 11401 11401 I C04202/WMSMain: GoResume: in isGamePreLaunch: 0
09-19 13:57:11.261 11401 11401 I C0420a/WMSLife: SetUIContentInner: pages/Index, state:2, persistentId: 45
09-19 13:57:11.261 11401 11401 I C0420a/WMSLife: NotifySetUIContentComplete: start
09-19 13:57:11.261 11401 11401 I C0420a/WMSLife: SetUIContentComplete: persistentId=45
09-19 13:57:11.261 11401 11401 I C0420a/WMSLife: InitUIContent: start
09-19 13:57:11.261 11401 11401 I C0420a/WMSLife: DestroyExistUIContent: start
09-19 13:57:11.261 11401 11401 I C03900/Ace: [(-1:-1:undefined)] CreateUIContent.
09-19 13:57:11.261 11401 11401 I C03934/AceUIEvent: [(-1:-1:undefined)] report ace loaded
09-19 13:57:11.261 11401 11401 I C04707/HaAceEngine: OnAceLoaded end
09-19 13:57:11.262 11401 11625 W C04707/HaClient: =========Invalid Client=========
09-19 13:57:11.262 11401 11401 I C03900/Ace: [(-2:-1:undefined)] Create ace bg threads pool.
09-19 13:57:11.262 11401 11401 I C03900/Ace: [(-2:-1:undefined)] Init RenderService UniRender Type:0
09-19 13:57:11.264 11401 11401 W C01409/APS_MANAGER: redo Connect
09-19 13:57:11.264 11401 11401 I C01409/APS_MANAGER: Start to ConnectService
09-19 13:57:11.264 11401 11401 I C01409/APS_MANAGER: GetSystemAbilityManager success
09-19 13:57:11.264 11401 11401 I C01409/APS_MANAGER: GetSystemAbility success
09-19 13:57:11.265 11401 11662 I C03900/Ace: [(-1:-1:undefined)] dlsym function ReportData success.
09-19 13:57:11.265 11401 11662 I C03900/Ace: [(-1:-1:undefined)] dlsym function ReportSyncEvent success.
09-19 13:57:11.265 11401 11401 I C03900/Ace: [(-2:-1:undefined)] [com.example.callaite][entry][-1]: UIContent: apiCompatibleVersion: 60101024, apiTargetVersion: 260000026, and apiReleaseType: Release, useNewPipe: 1, enableCustomComponentCrossAbility: 0
09-19 13:57:11.266 11401 11401 I C02c03/PARAM_WATCHER: Add watcher keyPrefix persist.sys.arkui.animationscale remoteWatcherId 102 success
09-19 13:57:11.267 11401 11401 E C03900/Ace: [(-2:-1:undefined)] ConfigParserBase read system file failed
09-19 13:57:11.267 11401 11401 W C03900/Ace: [(-2:-1:undefined)] ArkUiFeatureParamManager failed to load xml file
09-19 13:57:11.267 11401 11401 E C03900/Ace: [(-2:-1:undefined)] ConfigParserBase read system UI correction config file failed
09-19 13:57:11.267 11401 11401 W C03900/Ace: [(-2:-1:undefined)] ArkUiFeatureParamManager failed to load UI correction config file
09-19 13:57:11.271 11401 11401 I C05405/CompConfigClient: SubscribeEvent_: SubscriberEvent, ret: 1
09-19 13:57:11.273 11401 11658 I C04200/WindowSessionImpl: NotifyTransformChange: in
09-19 13:57:11.274 11401 11658 I C04208/WMSLayout: NotifyWindowStatusDidChange: [WindowModeUpdate:Inner] NotifyWindowStatusDidChange id:45, mode:1, status:1, lastStatus:0, listenerSize:0, rect:[0 0 1308 2880]
09-19 13:57:11.278 11401 11401 I C05405/CompConfigClient: GetConfigByApp: GetDataShareData return 0 result
09-19 13:57:11.278 11401 11401 W C03900/Ace: [(-2:-1:undefined)] FeatureManager get config failed, key:UICorrectionStrategy ret:1
09-19 13:57:11.278 11401 11401 W C03900/Ace: [(-2:-1:undefined)] FeatureParamManager get UICorrectionStrategy from FeatureManager failed
09-19 13:57:11.281 11401 11401 I C03900/Ace: [(-2:-1:undefined)] SetLocale language tag: zh-Hans, font locale: zh-Hans, select language: zh-CN
09-19 13:57:11.281 11401 11401 I C03900/Ace: [(-2:-1:undefined)] [com.example.callaite][entry][-1]: SetLanguage: zh, colorMode: light, deviceAccess: 1
09-19 13:57:11.281 11401 11401 I C03900/Ace: [(-2:-1:undefined)] [com.example.callaite][entry][-1]: Initialize UIContent isModelJson:true
09-19 13:57:11.283 11401 11401 I C03922/AceNavigation: [(-2:-1:undefined)] subscribe hsp Update successfully
09-19 13:57:11.283 11401 11401 I C03900/Ace: [(100000:100000:scope)] SetHapPath, Use hap path to load resource
09-19 13:57:11.284 11401 11401 I C04217/WMSAttribute: RegisterWaterfallModeChangeListener: winId: 45
09-19 13:57:11.285 11401 11401 I C04200/WMS: GetSurfaceNode: name:callaite0, id:45
09-19 13:57:11.285 11401 11401 I C04200/WMS: GetSurfaceNode: name:callaite0, id:45
09-19 13:57:11.285 11401 11401 I C03900/Ace: [(100000:100000:scope)] SetRSSurfaceNode 48966922141697 with rs multi
09-19 13:57:11.285 11401 11401 I C01406/OHOS::RS: RSUIContext::AttachFromUI. token: 48966922141697 uiPiplineNum: -1
09-19 13:57:11.285 11401 11401 I C01406/OHOS::RS: RSUIContext::SetUITaskRunner, Context token:48966922141697
09-19 13:57:11.286 11401 11401 I C03925/AceRouter: [(100000:100000:scope)] createManager, deviceType: 0
09-19 13:57:11.286 11401 11401 W C03900/Ace: [(100000:100000:scope)] Invalid config:zh_Hans-long-notround-vertical-light-phone-xxxhdpi
09-19 13:57:11.287 11401 11401 I C01406/OHOS::RS: RSUIDirector::GoBackground CurrentState:2, UIContext:48966922141697
09-19 13:57:11.287 11401 11401 I C01406/OHOS::RS: RSSurfaceNode::SetAbilityState, surfaceNodeId:[48966922141697], ability state: background
09-19 13:57:11.287 11401 11401 I C03900/Ace: [(100000:100000:scope)] set translateManager to pipeline, instanceId:100000
09-19 13:57:11.287 11401 11401 I C0421d/WMSRotation: RegisterOrientationChangeListener: in
09-19 13:57:11.287 11401 11401 I C03900/Ace: [(100000:100000:scope)] AddPersistAfterLayoutTask size: 1
09-19 13:57:11.287 11401 11401 I C03919/AceInputTracking: [(100000:100000:scope)] Debug touch pass mode 0
09-19 13:57:11.288 11401 11401 E C03934/AceUIEvent: [(100000:100000:scope)] AceTransform load failed: Error loading shared library /system/lib64/libtransform_interaction_ext.z.so: No such file or directory
09-19 13:57:11.288 11401 11401 I C03937/AceResource: [(100000:100000:scope)] ResourceAdapter UpdateResConfig with colorMode light
09-19 13:57:11.288 11401 11401 W C03900/Ace: [(100000:100000:scope)] not found systemTheme in HapModuleInfo, loading default OHOS_THEME
09-19 13:57:11.288 11401 11401 I C03900/Ace: [(100000:100000:scope)] Cannot Get File List from resources/styles/
09-19 13:57:11.288 11401 11401 W C03900/Ace: [(100000:100000:scope)] GetAsset failed: resources/styles/default.json
09-19 13:57:11.297 11401 11401 I C01406/OHOS::RS: RSRootNode::Create, Node:48966922141699, Token:48966922141697
09-19 13:57:11.297 11401 11401 I C03900/Ace: [(100000:100000:scope)] root node OnAttachToFrameNode, id:0
09-19 13:57:11.297 11401 11401 I C03900/Ace: [(100000:100000:scope)] Rosenwindow set root, rsId:48966922141699
09-19 13:57:11.298 11401 11401 I C01406/OHOS::RS: RSRootNode::AttachRSSurfaceNode, SurfaceNode:48966922141697, Node:48966922141699
09-19 13:57:11.298 11401 11401 I C03900/Ace: [(100000:100000:scope)] AddPersistAfterLayoutTask size: 2
09-19 13:57:11.302 11401 11401 I C03900/Ace: [(100000:100000:scope)] focusWindowId: 0, realHostWindowId: 0
09-19 13:57:11.302 11401 11401 I C03900/Ace: [(100000:100000:scope)] [com.example.callaite][entry][100000]: window focus
09-19 13:57:11.302 11401 11401 I C02c03/PARAM_WATCHER: Add watcher keyPrefix debug.graphic.frame remoteWatcherId 102 success
09-19 13:57:11.303 11401 11401 E C03900/Ace: [(100000:100000:scope)] ERROR EACCES
09-19 13:57:11.303 11401 11401 E C03900/Ace: [(100000:100000:scope)] ERROR EACCES
09-19 13:57:11.303 11401 11401 I C03900/Ace: [(100000:100000:scope)] ArkUIInvisibleFreeze: 0
09-19 13:57:11.303 11401 11401 I C03900/Ace: [(100000:100000:scope)] [com.example.callaite][entry][100000]: SetMinPlatformVersion is 60101024
09-19 13:57:11.303 11401 11401 I C04209/WMSImms: RegisterAvoidAreaChangeListener: win 45
09-19 13:57:11.303 11401 11401 E C04200/IMockSessionManager: Read result failed, code is: 4.
09-19 13:57:11.304 11401 11401 E C04200/IMockSessionManager: Read result failed, code is: 4.
09-19 13:57:11.304 11401 11401 I C04200/WMS: InitSessionManagerServiceProxy: Init success, userId=-1
09-19 13:57:11.305 11401 11401 I C04200/WMS: InitSceneSessionManagerLiteProxy: Init success, userId=-1
09-19 13:57:11.305 11401 11401 I C04204/WMSScb: InitSceneSessionManagerProxy: enter, userId=-1
09-19 13:57:11.305 11401 11401 I C04204/WMSScb: GetSceneSessionManagerProxy: init first time, userId=-1
09-19 13:57:11.307 11401 11658 E C0420a/WMSLife: NotifyUIExtHostRectChangeInGlobalDisplayListeners: uiContent is null
09-19 13:57:11.307 11401 11623 I C04208/WMSLayout: UpdateRect: [WindowRectUpdate:ClientRecv] UpdateRect id:45 name:callaite0, preRect=[0 0 1308 2880], newRect=[0 0 1308 2880], reason:23 displayId:0
09-19 13:57:11.312 11401 11401 I C04209/WMSImms: GetAvoidAreaByType: win 45 type not supported
09-19 13:57:11.312 11401 11401 I C03917/AceSafeArea: [(100000:100000:scope)] InitializeSafeArea systemInsets:SafeAreaInsets left_: [start: 0, end: 0], top_: [start: 0, end: 136], right_: [start: 0, end: 0], bottom_: [start: 0, end: 0], cutoutInsets:SafeAreaInsets left_: [start: 0, end: 0], top_: [start: 50, end: 128], right_: [start: 0, end: 0], bottom_: [start: 0, end: 0], navInsets:SafeAreaInsets left_: [start: 0, end: 0], top_: [start: 0, end: 0], right_: [start: 0, end: 0], bottom_: [start: 2782, end: 2880], floatNavInsets:SafeAreaInsets left_: [start: 0, end: 0], top_: [start: 0, end: 0], right_: [start: 0, end: 0], bottom_: [start: 0, end: 0]
09-19 13:57:11.314 11401 11401 I C0394e/AceWindow: [(100000:100000:scope)] Initialize displayId: 0, availableRect: [0, 0, 1308, 2880]
09-19 13:57:11.314 11401 11401 I C03900/Ace: [(100000:100000:scope)] Failed to open libthp_extra_innerapi.z.so, reason: Error loading shared library /system/lib64/libthp_extra_innerapi.z.so: No such file or directory
09-19 13:57:11.314 11401 11401 I C03900/Ace: [(-2:100000:singleton)] [com.example.callaite][entry][100000]: Initialize: pages/Index
09-19 13:57:11.314 11401 11401 I C03900/Ace: [(100000:100000:scope)] RunPage:pages/Index
09-19 13:57:11.314 11401 11401 W C03900/Ace: [(100000:100000:scope)] GetAsset failed: manifest.json
09-19 13:57:11.315 11401 11401 I C04200/WMS: InitUIContent: [0, 0]
09-19 13:57:11.315 11401 11401 I C0420a/WMSLife: RegisterUIContenCallback: start
09-19 13:57:11.315 11401 11401 I C04208/WMSLayout: SetUIContentInner: single hand, id:45, posX:0, posY:0, scaleX:1.000000, scaleY:1.000000
09-19 13:57:11.315 11401 11665 I C03951/InputKeyFlow: [(-1:100000:singleton)] Subscribe touch.events.pass.through Event
09-19 13:57:11.315 11401 11401 I C04219/WMSDecor: UpdateDecorEnable: decorVisible:1, isDockAutoHide:0, isDecorHiddenByApp:0, isMaximizeInvoked:0, id:45
09-19 13:57:11.315 11401 11401 I C03900/Ace: [(-2:100000:singleton)] [com.example.callaite][entry][100000]: UpdateWindowVisible: 1, hasDecor: 0
09-19 13:57:11.315 11401 11401 I C03900/Ace: [(-2:100000:singleton)] [com.example.callaite][entry][100000]: NotifyWindowMode mode = 1
09-19 13:57:11.316 11401 11401 I C03900/Ace: [(-2:100000:singleton)] [com.example.callaite][entry][100000]: window foreground
09-19 13:57:11.317 11401 11401 I C03900/Ace: [(100000:100000:scope)] Update application state , state: ON_SHOW
09-19 13:57:11.317 11401 11665 I C02c03/PARAM_WATCHER: Add watcher keyPrefix persist.ace.trace.layout.enabled remoteWatcherId 102 success
09-19 13:57:11.317 11401 11401 I C01406/OHOS::RS: RSUIDirector::GoForeground CurrentState:3, UIContext:48966922141697
09-19 13:57:11.317 11401 11401 I C01406/OHOS::RS: RSSurfaceNode::SetAbilityState, surfaceNodeId:[48966922141697], ability state: foreground
09-19 13:57:11.318 11401 11665 I C02c03/PARAM_WATCHER: Add watcher keyPrefix persist.ace.trace.inputevent.enabled remoteWatcherId 102 success
09-19 13:57:11.318 11401 11401 I C03900/Ace: [(100000:100000:scope)] ArkUI requests first Vsync.
09-19 13:57:11.318 11401 11401 I C04202/WMSMain: RequestVsync: First vsync has requested, nodeId: 48966922141697
09-19 13:57:11.318 11401 11665 I C02c03/PARAM_WATCHER: Add watcher keyPrefix const.security.developermode.state remoteWatcherId 102 success
09-19 13:57:11.318 11401 11401 I C03959/AceLayout: [(-2:100000:singleton)] UVC Viewport config: size: (1308, 2880) orientation: 0 density: 3.500000 position: (0, 0) transformHint: 0 displayId: 0 forceSplitDisplayConfig: disable forceSplit, mode: 0, WSCR 0, IRN 1, , keyboardInfo is null
09-19 13:57:11.318 11401 11401 I C03922/AceNavigation: [(100000:100000:scope)] disable forceSplit, mode:0
09-19 13:57:11.319 11401 11401 I C04208/WMSLayout: UpdateViewportConfig: Id: 45, reason: 0, viewportRect: [0 0 1308 2880], displayOrientation: 0, config[0, 0, 0, 3.500000]
09-19 13:57:11.319 11401 11665 I C02c03/PARAM_WATCHER: Add watcher keyPrefix persist.ace.debug.statemgr.enabled remoteWatcherId 102 success
09-19 13:57:11.319 11401 11401 I C03900/Ace: [(-2:100000:singleton)] [com.example.callaite][entry][100000]: window focus
09-19 13:57:11.319 11401 11401 I C03900/Ace: [(-2:100000:singleton)] [com.example.callaite][entry][100000]:window active
09-19 13:57:11.319 11401 11401 I C04208/WMSLayout: NotifyAfterUIContentReady: Renotify transform, id:45, scaleX:1.000000, scaleY:1.000000
09-19 13:57:11.319 11401 11401 I C02d11/DfxUnwinder: UnwindLocal:: fpUnwind: 0
09-19 13:57:11.319 11401 11665 I C02c03/PARAM_WATCHER: Add watcher keyPrefix persist.ace.debug.boundary.enabled remoteWatcherId 102 success
09-19 13:57:11.319 11401 11401 W C01320/JsEnv: [source_map.cpp145]the stack without line info
09-19 13:57:11.319 11401 11401 I A00001/EntryAbility: Succeeded in loading the content.
09-19 13:57:11.319 11401 11665 I C02c03/PARAM_WATCHER: Add watcher keyPrefix persist.ace.performance.monitor.enabled remoteWatcherId 102 success
09-19 13:57:11.319 11401 11401 I C04200/JsWindowStage: Window [45, callaite0] load content end, ret=0
09-19 13:57:11.319 11401 11401 I C04209/WMSImms: NotifyAvoidAreaChange: win 45 api 26 type 0 area top [0 0 1308 136] 
09-19 13:57:11.319 11401 11401 I C04209/WMSImms: NotifyAvoidAreaChange: win 45 api 26 type 1 area top [615 50 78 78] 
09-19 13:57:11.319 11401 11401 I C04209/WMSImms: NotifyAvoidAreaChange: win 45 api 26 type 2 area empty
09-19 13:57:11.319 11401 11401 I C04209/WMSImms: NotifyAvoidAreaChange: win 45 api 26 type 3 area empty
09-19 13:57:11.320 11401 11401 I C04209/WMSImms: NotifyAvoidAreaChange: win 45 api 26 type 4 area bottom [425 2782 458 98] 
09-19 13:57:11.320 11401 11401 I C03922/AceNavigation: [(100000:100000:scope)] disable forceSplit, mode:0
09-19 13:57:11.320 11401 11401 I C04208/WMSLayout: UpdateViewportConfig: Id: 45, reason: 0, viewportRect: [0 0 1308 2880], displayOrientation: 0, config[0, 0, 0, 3.500000]
09-19 13:57:11.321 11401 11401 I C03900/Ace: [(100000:100000:scope)] Update application state , state: ON_ACTIVE
09-19 13:57:11.322 11401 11401 I C0391c/AceFocus: [(100000:100000:scope)] Window: 45 get focus.
09-19 13:57:11.322 11401 11401 W C0391c/AceFocus: [(100000:100000:scope)] Current focus view can not found!
09-19 13:57:11.322 11401 11401 I C0391c/AceFocus: [(100000:100000:scope)] Request focus on rootFocusHub: root/0
09-19 13:57:11.323 11401 11401 I C03922/AceNavigation: [(100000:100000:scope)] disable forceSplit, mode:0
09-19 13:57:11.323 11401 11401 I C04208/WMSLayout: UpdateViewportConfig: Id: 45, reason: 23, viewportRect: [0 0 1308 2880], displayOrientation: 0, config[0, 0, 0, 3.500000]
09-19 13:57:11.323 11401 11401 I C03925/AceRouter: [(100000:100000:scope)] Page router manager is creating page[1]: url: pages/Index path: pages/Index.js, recoverable: yes, namedRouter: no
09-19 13:57:11.348 11401 11401 I C03f04/MMG: [NMM:1561]Module:file.photoAccessHelper
09-19 13:57:11.349 11401 11401 W C03f04/MMG: [NMM:1466] Name mismatch: file.photoAccessHelperNative != file.photoAccessHelper
09-19 13:57:11.350 11401 11401 I C02b71/MediaLibraryNapi: Common:{Init:156} TaskSignalNapi::Init in
09-19 13:57:11.351 11401 11401 I C02b71/MediaLibraryNapi: Common:{Init:164} TaskSignalNapi::Init success
09-19 13:57:11.353 11401 11401 I C02b01/CAMERA: {63} PickerOnLoad
09-19 13:57:11.353 11401 11401 I C02b01/CAMERA: {463} CameraPickerNapi E
09-19 13:57:11.354 11401 11401 W C03f04/MMG: [NMM:1466] Name mismatch: web.webnativemessagingextensionmanager_napi != web.webNativeMessagingExtensionManager
09-19 13:57:11.354 11401 11401 I C03f04/MMG: [NMM:1561]Module:arkui.node
09-19 13:57:11.366 11401 11401 I C04201/DMS: IfCallbackRegistered: change not registered!
09-19 13:57:11.366 11401 11401 I C04201/DMS: JsDisplayListener: Constructor
09-19 13:57:11.366 11401 11625 I C04215/WMSHierarchy: GetTopWindowWithContext: mainId:45!
09-19 13:57:11.369 11401 11401 I C0391c/AceFocus: [(100000:100000:scope)] Request focus id can not found.
09-19 13:57:11.370 11401 11401 W C03926/AceTheme: [(100000:100000:scope)] style 125829872 not contains scroll_bar_pattern!
09-19 13:57:11.370 11401 11401 W C03926/AceTheme: [(100000:100000:scope)] style scroll_bar_pattern get attr scroll_bar_interactive error!
09-19 13:57:11.370 11401 11401 W C03926/AceTheme: [(100000:100000:scope)] style scroll_bar_pattern not contains arc_scroll_bar_normal_background_width!
09-19 13:57:11.371 11401 11401 W C03926/AceTheme: [(100000:100000:scope)] style 125829872 not contains scrollable_pattern!
09-19 13:57:11.371 11401 11401 W C03926/AceTheme: [(100000:100000:scope)] style scrollable_pattern not contains scroll_able_default_scrolling_distance!
09-19 13:57:11.385 11401 11401 W C03926/AceTheme: [(100000:100000:scope)] style text_pattern not contains linear_split_child_min_size!
09-19 13:57:11.385 11401 11401 W C03926/AceTheme: [(100000:100000:scope)] style text_pattern not contains menu_celia_ask_is_support!
09-19 13:57:11.385 11401 11401 W C03926/AceTheme: [(100000:100000:scope)] style 125829872 not contains app_theme_pattern!
09-19 13:57:11.385 11401 11401 W C01e00/ResourceManager: by id=125835722 limitPaths is empty
09-19 13:57:11.385 11401 11401 E C01e00/ResourceManager: ref <private> id not found
09-19 13:57:11.385 11401 11401 W C01e00/ResourceManager: by id=125835722 limitPaths is empty
09-19 13:57:11.385 11401 11401 E C01e00/ResourceManager: ref <private> id not found
09-19 13:57:11.385 11401 11401 W C03937/AceResource: [(100000:100000:scope)] Get pattern by name error, name=app_theme_pattern, bundleName: com.example.callaite, moduleName: entry
09-19 13:57:11.385 11401 11401 W C01e00/ResourceManager: by id=125835722 limitPaths is empty
09-19 13:57:11.385 11401 11401 E C01e00/ResourceManager: ref <private> id not found
09-19 13:57:11.386 11401 11401 W C01e00/ResourceManager: by id=125835722 limitPaths is empty
09-19 13:57:11.386 11401 11401 E C01e00/ResourceManager: ref <private> id not found
09-19 13:57:11.386 11401 11401 W C03937/AceResource: [(100000:100000:scope)] Get pattern by name error, name=app_theme_pattern
09-19 13:57:11.386 11401 11401 W C03926/AceTheme: [(100000:100000:scope)] style app_theme_pattern not contains app_theme_drag_distancethreshold!
09-19 13:57:11.399 11401 11401 I C0391c/AceFocus: [(100000:100000:scope)] view: page/2 show
09-19 13:57:11.399 11401 11401 I C03922/AceNavigation: [(100000:100000:scope)] can't find inner navigation
09-19 13:57:11.400 11401 11401 I C03933/AceKeyboard: [(100000:100000:scope)] PageChangeCloseKB
09-19 13:57:11.400 11401 11401 I C03925/AceRouter: [(100000:100000:scope)] LoadPage Success
09-19 13:57:11.401 11401 11401 I C04200/JsWindow: CreateJsWindow callaite0
09-19 13:57:11.401 11401 11401 I C0420a/WMSLife: JsWindow: window: callaite0, ctorCnt: 1
09-19 13:57:11.401 11401 11401 I C0420a/WMSLife: CreateJsWindowObject: Add window callaite0
09-19 13:57:11.402 11401 11401 I C0392a/AceUiExtensionComponent: [(-2:100000:singleton)] NotifyWindowMode aliveUIExtensions = 0
09-19 13:57:11.402 11401 11401 I C0394e/AceWindow: [(100000:100000:scope)] Update displayWindowRect in UpdateViewportConfig to : Rect (0.00, 0.00) - [1308.00 x 2880.00]
09-19 13:57:11.402 11401 11401 I C03917/AceSafeArea: [(100000:100000:scope)] SetIsFullScreen 1
09-19 13:57:11.402 11401 11401 I C03900/Ace: [(100000:100000:scope)] Root node request first frame.
09-19 13:57:11.402 11401 11401 I C03900/Ace: [(100000:100000:scope)] Update application state , state: ON_ACTIVE
09-19 13:57:11.403 11401 11401 I C0391c/AceFocus: [(100000:100000:scope)] Window: 45 get focus.
09-19 13:57:11.403 11401 11401 I C03900/Ace: [(100000:100000:scope)] Update application state , state: ON_ACTIVE
09-19 13:57:11.403 11401 11401 I C04202/WMSMain: VsyncCallbackInner: First vsync has come back, nodeId: 48966922141697
09-19 13:57:11.404 11401 11401 I C01408/Text: InitTextBundleConfig: Adapter text height enabled 0
09-19 13:57:11.404 11401 11401 I C01408/Text: InitTextBundleConfig: Disable spacing for control char 0
09-19 13:57:11.404 11401 11401 E C02d34/HistogramClient: ArkGraphics2d.Text.OH_Drawing_TextStyleAddFontVariation is not in metadata.
09-19 13:57:11.479 11401 11401 E C01707/CONCUR: [Interface] task 11628 apply qos failed, errno = 4
09-19 13:57:11.484 11401 11401 E C01707/CONCUR: [Interface] task 11629 apply qos failed, errno = 4
09-19 13:57:11.487 11401 11401 E C01707/CONCUR: [Interface] task 11630 apply qos failed, errno = 4
09-19 13:57:11.491 11401 11401 E C01707/CONCUR: [Interface] task 11628 apply qos failed, errno = 4
09-19 13:57:11.494 11401 11401 E C01707/CONCUR: [Interface] task 11629 apply qos failed, errno = 4
09-19 13:57:11.497 11401 11401 E C01707/CONCUR: [Interface] task 11630 apply qos failed, errno = 4
09-19 13:57:11.586 11401 11401 E C01707/CONCUR: [Interface] task 11628 apply qos failed, errno = 4
09-19 13:57:11.589 11401 11401 E C01707/CONCUR: [Interface] task 11629 apply qos failed, errno = 4
09-19 13:57:11.592 11401 11401 E C01707/CONCUR: [Interface] task 11630 apply qos failed, errno = 4
09-19 13:57:11.596 11401 11401 E C01707/CONCUR: [Interface] task 11628 apply qos failed, errno = 4
09-19 13:57:11.600 11401 11401 E C01707/CONCUR: [Interface] task 11629 apply qos failed, errno = 4
09-19 13:57:11.605 11401 11401 E C01707/CONCUR: [Interface] task 11630 apply qos failed, errno = 4
09-19 13:57:11.711 11401 11401 E C01707/CONCUR: [Interface] task 11628 apply qos failed, errno = 4
09-19 13:57:11.714 11401 11401 E C01707/CONCUR: [Interface] task 11629 apply qos failed, errno = 4
09-19 13:57:11.716 11401 11401 E C01707/CONCUR: [Interface] task 11630 apply qos failed, errno = 4
09-19 13:57:11.720 11401 11401 E C01707/CONCUR: [Interface] task 11628 apply qos failed, errno = 4
09-19 13:57:11.724 11401 11401 E C01707/CONCUR: [Interface] task 11629 apply qos failed, errno = 4
09-19 13:57:11.727 11401 11401 E C01707/CONCUR: [Interface] task 11630 apply qos failed, errno = 4
09-19 13:57:11.828 11401 11401 E C01707/CONCUR: [Interface] task 11628 apply qos failed, errno = 4
09-19 13:57:11.832 11401 11401 E C01707/CONCUR: [Interface] task 11629 apply qos failed, errno = 4
09-19 13:57:11.834 11401 11401 E C01707/CONCUR: [Interface] task 11630 apply qos failed, errno = 4
09-19 13:57:11.837 11401 11401 E C01707/CONCUR: [Interface] task 11628 apply qos failed, errno = 4
09-19 13:57:11.840 11401 11401 E C01707/CONCUR: [Interface] task 11629 apply qos failed, errno = 4
09-19 13:57:11.842 11401 11401 E C01707/CONCUR: [Interface] task 11630 apply qos failed, errno = 4
09-19 13:57:11.944 11401 11401 E C01707/CONCUR: [Interface] task 11628 apply qos failed, errno = 4
09-19 13:57:11.946 11401 11401 E C01707/CONCUR: [Interface] task 11629 apply qos failed, errno = 4
09-19 13:57:11.949 11401 11401 E C01707/CONCUR: [Interface] task 11630 apply qos failed, errno = 4
09-19 13:57:11.952 11401 11401 E C01707/CONCUR: [Interface] task 11628 apply qos failed, errno = 4
09-19 13:57:11.954 11401 11401 E C01707/CONCUR: [Interface] task 11629 apply qos failed, errno = 4
09-19 13:57:11.957 11401 11401 E C01707/CONCUR: [Interface] task 11630 apply qos failed, errno = 4
09-19 13:57:12.061 11401 11401 E C01707/CONCUR: [Interface] task 11628 apply qos failed, errno = 4
09-19 13:57:12.063 11401 11401 E C01707/CONCUR: [Interface] task 11629 apply qos failed, errno = 4
09-19 13:57:12.066 11401 11401 E C01707/CONCUR: [Interface] task 11630 apply qos failed, errno = 4
09-19 13:57:12.069 11401 11401 E C01707/CONCUR: [Interface] task 11628 apply qos failed, errno = 4
09-19 13:57:12.071 11401 11401 E C01707/CONCUR: [Interface] task 11629 apply qos failed, errno = 4
09-19 13:57:12.074 11401 11401 E C01707/CONCUR: [Interface] task 11630 apply qos failed, errno = 4
09-19 13:57:12.181 11401 11401 E C01707/CONCUR: [Interface] task 11628 apply qos failed, errno = 4
09-19 13:57:12.183 11401 11401 E C01707/CONCUR: [Interface] task 11629 apply qos failed, errno = 4
09-19 13:57:12.186 11401 11401 E C01707/CONCUR: [Interface] task 11630 apply qos failed, errno = 4
09-19 13:57:12.189 11401 11401 E C01707/CONCUR: [Interface] task 11628 apply qos failed, errno = 4
09-19 13:57:12.191 11401 11401 E C01707/CONCUR: [Interface] task 11629 apply qos failed, errno = 4
09-19 13:57:12.194 11401 11401 E C01707/CONCUR: [Interface] task 11630 apply qos failed, errno = 4
09-19 13:57:12.304 11401 11401 E C01707/CONCUR: [Interface] task 11628 apply qos failed, errno = 4
09-19 13:57:12.306 11401 11401 E C01707/CONCUR: [Interface] task 11629 apply qos failed, errno = 4
09-19 13:57:12.308 11401 11401 E C01707/CONCUR: [Interface] task 11630 apply qos failed, errno = 4
09-19 13:57:12.311 11401 11401 E C01707/CONCUR: [Interface] task 11628 apply qos failed, errno = 4
09-19 13:57:12.314 11401 11401 E C01707/CONCUR: [Interface] task 11629 apply qos failed, errno = 4
09-19 13:57:12.316 11401 11401 E C01707/CONCUR: [Interface] task 11630 apply qos failed, errno = 4
09-19 13:57:12.423 11401 11401 E C01707/CONCUR: [Interface] task 11628 apply qos failed, errno = 4
09-19 13:57:12.426 11401 11401 E C01707/CONCUR: [Interface] task 11629 apply qos failed, errno = 4
09-19 13:57:12.428 11401 11401 E C01707/CONCUR: [Interface] task 11630 apply qos failed, errno = 4
09-19 13:57:12.431 11401 11401 E C01707/CONCUR: [Interface] task 11628 apply qos failed, errno = 4
09-19 13:57:12.433 11401 11401 E C01707/CONCUR: [Interface] task 11629 apply qos failed, errno = 4
09-19 13:57:12.436 11401 11401 E C01707/CONCUR: [Interface] task 11630 apply qos failed, errno = 4
09-19 13:57:12.547 11401 11401 E C01707/CONCUR: [Interface] task 11628 apply qos failed, errno = 4
09-19 13:57:12.549 11401 11401 E C01707/CONCUR: [Interface] task 11629 apply qos failed, errno = 4
09-19 13:57:12.552 11401 11401 E C01707/CONCUR: [Interface] task 11630 apply qos failed, errno = 4
09-19 13:57:12.555 11401 11401 E C01707/CONCUR: [Interface] task 11628 apply qos failed, errno = 4
09-19 13:57:12.557 11401 11401 E C01707/CONCUR: [Interface] task 11629 apply qos failed, errno = 4
09-19 13:57:12.560 11401 11401 E C01707/CONCUR: [Interface] task 11630 apply qos failed, errno = 4
09-19 13:57:12.674 11401 11401 E C01707/CONCUR: [Interface] task 11628 apply qos failed, errno = 4
09-19 13:57:12.676 11401 11401 E C01707/CONCUR: [Interface] task 11629 apply qos failed, errno = 4
09-19 13:57:12.678 11401 11401 E C01707/CONCUR: [Interface] task 11630 apply qos failed, errno = 4
09-19 13:57:12.680 11401 11401 E C01707/CONCUR: [Interface] task 11628 apply qos failed, errno = 4
09-19 13:57:12.686 11401 11401 E C01707/CONCUR: [Interface] task 11629 apply qos failed, errno = 4
09-19 13:57:12.688 11401 11401 E C01707/CONCUR: [Interface] task 11630 apply qos failed, errno = 4
09-19 13:57:12.804 11401 11401 E C01707/CONCUR: [Interface] task 11628 apply qos failed, errno = 4
09-19 13:57:12.807 11401 11401 E C01707/CONCUR: [Interface] task 11629 apply qos failed, errno = 4
09-19 13:57:12.809 11401 11401 E C01707/CONCUR: [Interface] task 11630 apply qos failed, errno = 4
09-19 13:57:12.812 11401 11401 E C01707/CONCUR: [Interface] task 11628 apply qos failed, errno = 4
09-19 13:57:12.815 11401 11401 E C01707/CONCUR: [Interface] task 11629 apply qos failed, errno = 4
09-19 13:57:12.817 11401 11401 E C01707/CONCUR: [Interface] task 11630 apply qos failed, errno = 4
09-19 13:57:12.930 11401 11401 E C01707/CONCUR: [Interface] task 11628 apply qos failed, errno = 4
09-19 13:57:12.933 11401 11401 E C01707/CONCUR: [Interface] task 11629 apply qos failed, errno = 4
09-19 13:57:12.935 11401 11401 E C01707/CONCUR: [Interface] task 11630 apply qos failed, errno = 4
09-19 13:57:12.938 11401 11401 E C01707/CONCUR: [Interface] task 11628 apply qos failed, errno = 4
09-19 13:57:12.940 11401 11401 E C01707/CONCUR: [Interface] task 11629 apply qos failed, errno = 4
09-19 13:57:12.943 11401 11401 E C01707/CONCUR: [Interface] task 11630 apply qos failed, errno = 4
09-19 13:57:13.060 11401 11401 E C01707/CONCUR: [Interface] task 11628 apply qos failed, errno = 4
09-19 13:57:13.063 11401 11401 E C01707/CONCUR: [Interface] task 11629 apply qos failed, errno = 4
09-19 13:57:13.066 11401 11401 E C01707/CONCUR: [Interface] task 11630 apply qos failed, errno = 4
09-19 13:57:13.069 11401 11401 E C01707/CONCUR: [Interface] task 11628 apply qos failed, errno = 4
09-19 13:57:13.072 11401 11401 E C01707/CONCUR: [Interface] task 11629 apply qos failed, errno = 4
09-19 13:57:13.076 11401 11401 E C01707/CONCUR: [Interface] task 11630 apply qos failed, errno = 4
09-19 13:57:13.196 11401 11401 E C01707/CONCUR: [Interface] task 11628 apply qos failed, errno = 4
09-19 13:57:13.198 11401 11401 E C01707/CONCUR: [Interface] task 11629 apply qos failed, errno = 4
09-19 13:57:13.200 11401 11401 E C01707/CONCUR: [Interface] task 11630 apply qos failed, errno = 4
09-19 13:57:13.204 11401 11401 E C01707/CONCUR: [Interface] task 11628 apply qos failed, errno = 4
09-19 13:57:13.206 11401 11401 E C01707/CONCUR: [Interface] task 11629 apply qos failed, errno = 4
09-19 13:57:13.209 11401 11401 E C01707/CONCUR: [Interface] task 11630 apply qos failed, errno = 4
09-19 13:57:13.331 11401 11401 E C01707/CONCUR: [Interface] task 11628 apply qos failed, errno = 4
09-19 13:57:13.333 11401 11401 E C01707/CONCUR: [Interface] task 11629 apply qos failed, errno = 4
09-19 13:57:13.335 11401 11401 E C01707/CONCUR: [Interface] task 11630 apply qos failed, errno = 4
09-19 13:57:13.339 11401 11401 E C01707/CONCUR: [Interface] task 11628 apply qos failed, errno = 4
09-19 13:57:13.341 11401 11401 E C01707/CONCUR: [Interface] task 11629 apply qos failed, errno = 4
09-19 13:57:13.343 11401 11401 E C01707/CONCUR: [Interface] task 11630 apply qos failed, errno = 4
09-19 13:57:13.466 11401 11401 E C01707/CONCUR: [Interface] task 11628 apply qos failed, errno = 4
09-19 13:57:13.468 11401 11401 E C01707/CONCUR: [Interface] task 11629 apply qos failed, errno = 4
09-19 13:57:13.471 11401 11401 E C01707/CONCUR: [Interface] task 11630 apply qos failed, errno = 4
09-19 13:57:13.474 11401 11401 E C01707/CONCUR: [Interface] task 11628 apply qos failed, errno = 4
09-19 13:57:13.477 11401 11401 E C01707/CONCUR: [Interface] task 11629 apply qos failed, errno = 4
09-19 13:57:13.479 11401 11401 E C01707/CONCUR: [Interface] task 11630 apply qos failed, errno = 4
09-19 13:57:13.511 11401 11401 E C01707/CONCUR: [Interface] task 11628 apply qos failed, errno = 4
09-19 13:57:13.514 11401 11401 E C01707/CONCUR: [Interface] task 11629 apply qos failed, errno = 4
09-19 13:57:13.516 11401 11401 E C01707/CONCUR: [Interface] task 11630 apply qos failed, errno = 4
09-19 13:57:13.521 11401 11401 E C01707/CONCUR: [Interface] task 11628 apply qos failed, errno = 4
09-19 13:57:13.523 11401 11401 E C01707/CONCUR: [Interface] task 11629 apply qos failed, errno = 4
09-19 13:57:13.525 11401 11401 E C01707/CONCUR: [Interface] task 11630 apply qos failed, errno = 4
09-19 13:57:13.559 11401 11401 E C01707/CONCUR: [Interface] task 11628 apply qos failed, errno = 4
09-19 13:57:13.562 11401 11401 E C01707/CONCUR: [Interface] task 11629 apply qos failed, errno = 4
09-19 13:57:13.564 11401 11401 E C01707/CONCUR: [Interface] task 11630 apply qos failed, errno = 4
09-19 13:57:13.567 11401 11401 E C01707/CONCUR: [Interface] task 11628 apply qos failed, errno = 4
09-19 13:57:13.570 11401 11401 E C01707/CONCUR: [Interface] task 11629 apply qos failed, errno = 4
09-19 13:57:13.572 11401 11401 E C01707/CONCUR: [Interface] task 11630 apply qos failed, errno = 4
09-19 13:57:20.972 11401 11620 I C01310/AppDfr: [watchdog.cpp356]Thread may be blocked, not report time. currTime: 1789797440972, lastTime: 1789797433971
09-19 13:57:23.973 11401 11620 W C01310/AppDfr: [appfreeze_inner.cpp760]hisysevent write FREEZE_HALF_HIVIEW_LOG, pid:11401, packageName:, ret:0
09-19 13:57:23.973 11401 11620 W C02d06/XCollie: Sample freeze half file=freeze_20260919135723_11401.txt
09-19 13:57:23.973 11401 11620 I C01310/AppDfr: [appfreeze_inner.cpp595]start to sample freeze stack, eventName:THREAD_BLOCK_3S
09-19 13:57:23.973 11401 11620 W C01310/AppDfr: [appfreeze_inner.cpp627]submit reportAppFreeze, name:THREAD_BLOCK_3S, startTime:2026-09-19 13:57:23.973
09-19 13:57:23.973 11401 11620 E C02d06/XCollie: ThreadSampler initialize failed.
09-19 13:57:23.974 11401 11652 I C01201/EventHandler: EventHandler start dumper!
09-19 13:57:23.974 11401 11652 I C01201/EventHandler: EventHandler end dumper!
09-19 13:57:23.974 11401 11652 W C01310/AppDfr: [appfreeze_inner.cpp683]get mainhandler dump, eventName:THREAD_BLOCK_3S, endTime:2026-09-19 13:57:23.974, interval:0 ms
09-19 13:57:23.974 11401 11652 E C02d06/XCollie: no freeze callback
09-19 13:57:23.974 11401 11652 I C03f00/ArkCompiler: [ecmascript] GC statistic, count: 455, maxPause: 22.639, minPause: 0.395, averagePause: 1.24243, lastStartTime: 1789797443961, lastEndTime: 1789797443961, lastType: Local GC
09-19 13:57:23.974 11401 11652 I C01310/AppDfr: [appfreeze_inner.cpp388]heap info: HEAP_TOTAL_SIZE:21757952,HEAP_OBJECT_SIZE:18959136,HEAP_SHARED_SIZE:850456, process lifeTime: PROCESS_LIFETIME:31s
09-19 13:57:23.985 11401 11625 W C02d11/DfxUnwinder: Failed to step first frame, lr fallback
09-19 13:57:23.992 11401 11650 I C01310/AppDfr: [appfreeze_inner.cpp493]get main stack has finished less than 1s
09-19 13:57:23.992 11401 11650 W C01310/AppDfr: [appfreeze_inner.cpp788]NotifyAppFault:THREAD_BLOCK_3S, pid:11401, bundleName:com.example.callaite currentTime:2026-09-19 13:57:23.992, processExit:1 appfreezeInfo:freeze_20260919135723_11401.txt enbleMainThreadSample:0.
09-19 13:57:23.993 11401 11650 I C01311/AppMS: [app_mgr_proxy.cpp1740]called
09-19 13:57:26.972 11401 11620 W C01310/AppDfr: [watchdog.cpp178]get hitrace id is invalid.
09-19 13:57:26.973 11401 11620 W C02d06/XCollie: get lastest freeze file: , interval: 6966116.
09-19 13:57:26.973 11401 11620 I C01310/AppDfr: [appfreeze_inner.cpp605]stop to sample freeze stack, eventName:THREAD_BLOCK_6S freezeFile: enbleMainThreadSample:0.
09-19 13:57:26.973 11401 11620 W C01310/AppDfr: [appfreeze_inner.cpp627]submit reportAppFreeze, name:THREAD_BLOCK_6S, startTime:2026-09-19 13:57:26.973
09-19 13:57:26.973 11401 11651 I C01201/EventHandler: EventHandler start dumper!
09-19 13:57:26.973 11401 11651 I C01201/EventHandler: EventHandler end dumper!
09-19 13:57:26.973 11401 11651 W C01310/AppDfr: [appfreeze_inner.cpp683]get mainhandler dump, eventName:THREAD_BLOCK_6S, endTime:2026-09-19 13:57:26.973, interval:0 ms
09-19 13:57:26.973 11401 11651 E C02d06/XCollie: no freeze callback
09-19 13:57:26.973 11401 11651 I C03f00/ArkCompiler: [ecmascript] GC statistic, count: 577, maxPause: 22.639, minPause: 0.395, averagePause: 1.09253, lastStartTime: 1789797446959, lastEndTime: 1789797446960, lastType: Local GC
09-19 13:57:26.973 11401 11651 I C01310/AppDfr: [appfreeze_inner.cpp388]heap info: HEAP_TOTAL_SIZE:22282240,HEAP_OBJECT_SIZE:19474560,HEAP_SHARED_SIZE:850456, process lifeTime: PROCESS_LIFETIME:34s
09-19 13:57:26.974 11401 11651 I C01336/AMS: [AMC1927]RecordAppWithReason pid:11401, uid:20020063, killId:2000
09-19 13:57:26.974 11401 11651 I C01310/AppDfr: [appfreeze_inner.cpp537]Record result=0, pid=11401, uid=20020063, killId=2000
09-19 13:57:26.975 11401 11651 W C01310/AppDfr: [appfreeze_inner.cpp788]NotifyAppFault:THREAD_BLOCK_6S, pid:11401, bundleName:com.example.callaite currentTime:2026-09-19 13:57:26.975, processExit:1 appfreezeInfo: enbleMainThreadSample:0.
09-19 13:57:26.975 11401 11651 I C01311/AppMS: [app_mgr_proxy.cpp1740]called
09-19 13:57:26.975 11401 11651 I C01356/Recovery: [app_recovery.cpp193]begin
09-19 13:57:26.975 11401 11651 E C01356/Recovery: [app_recovery.cpp180]not enabled
09-19 13:57:26.975 11401 11651 I C01356/Recovery: [app_recovery.cpp282]scheduleRecoverApp  begin
09-19 13:57:26.989 11401 11761 W C057c1/IPCWorkThread: ThreadHandler: proto:0 policy:0 name:OS_IPC_4_11761 invoker:4641312
09-19 13:57:27.054 11401 11765 W C057c1/IPCWorkThread: ThreadHandler: proto:0 policy:0 name:OS_IPC_5_11765 invoker:4643024
catcher cmd: hilog -z 1000 -P end time: 2026/09/19-13:57:27:085
---------------------------------------------------

---------------------------------------------------
catcher cmd: hidumper --cpuusage start time: 2026/09/19-13:57:27:085

catcher cmd: hidumper --cpuusage 

-------------------------------[cpuusage]-------------------------------

Load average: 0.47 / 0.31 / 0.15; the cpu load average in 1 min, 5 min and 15 min
CPU usage from 2026-09-19 13:57:21 to 2026-09-19 13:57:27
Total: 19.58%; User Space: 18.19%; Kernel Space: 1.39%; iowait: 0.14%; irq: 0.00%; idle: 80.28%
Details of Processes:
    PID   Total Usage	   User Space    Kernel Space    Page Fault Minor    Page Fault Major    Name
    11401     25.73%          24.92%          0.81%           52209                   6            com.example.callaite
    1          0.98%           0.42%          0.56%           44305                 419            init           
    129        0.32%           0.11%          0.21%         1194645                5000            hiview         
    30         0.21%           0.00%          0.21%               0                   0            kauditd        
    454        0.20%           0.02%          0.18%           46314                1881            distributeddata
    108        0.20%           0.09%          0.11%          141720               19190            hilogd         
    8814       0.12%           0.00%          0.12%               0                   0            kworker/0:1-events
    514        0.08%           0.07%          0.01%             981                  28            sensor_host    
    730        0.07%           0.02%          0.06%         1867621               82030            foundation     
    127        0.06%           0.00%          0.06%            3469                  80            samgr          
    447        0.05%           0.00%          0.05%            6655                 237            wifi_manager_service
    8637       0.04%           0.03%          0.01%           10174                   0            hidumper_service
    647        0.04%           0.03%          0.01%            5287                 925            powermgr       
    603        0.04%           0.03%          0.01%            1832                  23            sensors        
    1893       0.04%           0.03%          0.02%          476830              100087            com.ohos.sceneboard
    10         0.04%           0.00%          0.04%               0                   0            rcu_sched      
    878        0.03%           0.00%          0.03%          877031                  16            hdcd           
    313        0.03%           0.00%          0.03%           14371                2046            telephony      
    341        0.02%           0.01%          0.01%            3948                 678            file_monitor_service
    815        0.02%           0.00%          0.02%            1956                  35            aps_manager    
    563        0.02%           0.00%          0.02%            1286                  75            composer_host  
    135        0.02%           0.00%          0.02%           51806                4671            appspawn       
    739        0.01%           0.01%          0.00%            1591                  19            drm_service    
    299        0.01%           0.01%          0.00%           35630                1896            netmanager     
    606        0.01%           0.00%          0.01%           32119                 112            security_guard 
    278        0.01%           0.00%          0.01%           21627                3494            resource_schedule_service
    572        0.01%           0.01%          0.00%            2563                  64            useriam        
    551        0.01%           0.01%          0.00%            1187                  39            wifi_host      
    289        0.01%           0.01%          0.00%           14629                 264            accesstoken_service
    1941       0.01%           0.00%          0.00%            6401                 315            com.huawei.hmsapp.intelligent
    1618       0.01%           0.00%          0.00%           13331                 786            com.huawei.hms.pushservice
    1340       0.01%           0.00%          0.00%            2743                 624            com.huawei.hmsapp.samplemanagement
    981        0.01%           0.00%          0.00%            3988                 750            deviceprofile  
    697        0.01%           0.00%          0.00%           21194                  37            inputmethod_service
    2500       0.01%           0.00%          0.01%           11598                3206            com.ohos.sceneboard:EngineServiceAbility:1
    1020       0.01%           0.00%          0.01%            8499                1101            locationhub    
    360        0.01%           0.00%          0.01%            7353                1099            msdp           
    97         0.01%           0.00%          0.01%               0                   0            jbd2/vdd-8     
    84         0.01%           0.00%          0.01%               0                   0            kworker/3:1H-kblockd
    69         0.01%           0.00%          0.01%               0                   0            snapshotd      
    836        0.00%           0.00%          0.00%            9790                1597            CollaborationFwk
    813        0.00%           0.00%          0.00%            4017                  89            av_session     
    656        0.00%           0.00%          0.00%            7351                  32            netsysnative   
    27169      0.00%           0.00%          0.00%               0                   0            kworker/1:3-events
    7519       0.00%           0.00%          0.00%               0                   0            kworker/3:0-events
    2793       0.00%           0.00%          0.00%            2442                 187            device_activate_service
    2717       0.00%           0.00%          0.00%            3306                   0            QemuParams     
    2160       0.00%           0.00%          0.00%           14516                 450            com.ohos.contactsdataability
    1915       0.00%           0.00%          0.00%           11809                 337            com.huawei.hms.adsservice
    1323       0.00%           0.00%          0.00%            2290                  33            nwebspawn      
    1146       0.00%           0.00%          0.00%            1819                  37            wpa_host       
    835        0.00%           0.00%          0.00%            4178                 102            accountmgr     
    602        0.00%           0.00%          0.00%            6816                1012            softbus_server 
    554        0.00%           0.00%          0.00%           12273                  30            power_host     
    458        0.00%           0.00%          0.00%            3198                 683            device_manager 
    395        0.00%           0.00%          0.00%            2306                  42            time_service   
    194        0.00%           0.00%          0.00%            6671                 342            audio_server   
    107        0.00%           0.00%          0.00%             624                  17            faultloggerd   
    35         0.00%           0.00%          0.00%               0                   0            kcompactd0     
    9          0.00%           0.00%          0.00%               0                   0            ksoftirqd/0    
    32374      0.00%           0.00%          0.00%               0                   0            kworker/u8:1-flush-254:48
    27217      0.00%           0.00%          0.00%               0                   0            kworker/0:0-events
    27165      0.00%           0.00%          0.00%               0                   0            kworker/1:2-events
    27133      0.00%           0.00%          0.00%               0                   0            kworker/2:0-events
    11617      0.00%           0.00%          0.00%              63                   0            apppool        
    11421      0.00%           0.00%          0.00%            7304                   8            security_privacy_server
    11420      0.00%           0.00%          0.00%            1352                   0            secure_access_fence
    11400      0.00%           0.00%          0.00%            1433                   0            app_fwk_update_service
    11342      0.00%           0.00%          0.00%            1830                  10            compatibility_config_center
    11007      0.00%           0.00%          0.00%               0                   0            kworker/0:2    
    10688      0.00%           0.00%          0.00%            2229                  16            sandbox_manager_service
    10625      0.00%           0.00%          0.00%            3588                   1            clouddevelopproxy
    10601      0.00%           0.00%          0.00%            2097                   0            installs       
    7414       0.00%           0.00%          0.00%               0                   0            kworker/u8:0-ext4-rsv-conversion
    5515       0.00%           0.00%          0.00%               0                   0            kworker/u8:2-ext4-rsv-conversion
    5387       0.00%           0.00%          0.00%            1892                  17            cert_manager_service
    3557       0.00%           0.00%          0.00%               0                   0            kworker/3:2    
    3420       0.00%           0.00%          0.00%            6553                  28            atomicservice_ecological_rule_manager
    2728       0.00%           0.00%          0.00%            4070                 303            pasteboard_service
    2716       0.00%           0.00%          0.00%            3283                   0            QemuParams     
    2715       0.00%           0.00%          0.00%            3322                   1            QemuParams     
    2711       0.00%           0.00%          0.00%            3283                   0            QemuParams     
    2099       0.00%           0.00%          0.00%             818                   3            deviceinfoservice
    2046       0.00%           0.00%          0.00%           10105                 425            index_insert_service
    2000       0.00%           0.00%          0.00%           24624                 785            com.ohos.medialibrary.medialibrarydata
    1841       0.00%           0.00%          0.00%            5293                 316            appgallery_service
    1804       0.00%           0.00%          0.00%               0                   0            dfs_srv_wb3    
    1803       0.00%           0.00%          0.00%               0                   0            dfs_sb_wb3     
    1802       0.00%           0.00%          0.00%               0                   0            dfs_ino_wb3    
    1801       0.00%           0.00%          0.00%               0                   0            share_item_time
    1795       0.00%           0.00%          0.00%               0                   0            dfs_srv_wb2    
    1794       0.00%           0.00%          0.00%               0                   0            dfs_sb_wb2     
    1793       0.00%           0.00%          0.00%               0                   0            dfs_ino_wb2    
    1792       0.00%           0.00%          0.00%               0                   0            share_item_time
    1791       0.00%           0.00%          0.00%               0                   0            dfs_srv_wb1    
    1790       0.00%           0.00%          0.00%               0                   0            dfs_sb_wb1     
    1789       0.00%           0.00%          0.00%               0                   0            dfs_ino_wb1    
    1788       0.00%           0.00%          0.00%               0                   0            share_item_time
    1601       0.00%           0.00%          0.00%               0                   0            psimon         
    1370       0.00%           0.00%          0.00%            1923                  26            dcm_service    
    1369       0.00%           0.00%          0.00%            2463                  56            asset_service  
    1346       0.00%           0.00%          0.00%            1194                 262            com.huawei.hmos.location
    1327       0.00%           0.00%          0.00%            2835                 656            com.huawei.emulatormultiscreen
    1193       0.00%           0.00%          0.00%             794                  17            location_host  
    797        0.00%           0.00%          0.00%            6376                 143            camera_service 
    792        0.00%           0.00%          0.00%            2592                  27            client_cloud_cache_service
    762        0.00%           0.00%          0.00%             465                   3            data_monitor_service
    729        0.00%           0.00%          0.00%          146276               70273            render_service 
    728        0.00%           0.00%          0.00%            5259                 169            hianalytics    
    716        0.00%           0.00%          0.00%            4146                 811            huawei_id_svc  
    681        0.00%           0.00%          0.00%            1993                  14            media_monitor  
    664        0.00%           0.00%          0.00%            9875                 297            media_service  
    636        0.00%           0.00%          0.00%            1482                  60            privacy_service
    617        0.00%           0.00%          0.00%            1154                   9            av_codec_service
    613        0.00%           0.00%          0.00%            1160                  10            pin_auth_host  
    581        0.00%           0.00%          0.00%            1659                   9            ui_service     
    561        0.00%           0.00%          0.00%            1042                   7            allocator_host 
    559        0.00%           0.00%          0.00%             770                   7            blue_host      
    558        0.00%           0.00%          0.00%             702                   4            usb_host       
    545        0.00%           0.00%          0.00%             927                  35            audio_host     
    534        0.00%           0.00%          0.00%            1354                  41            camera_host    
    517        0.00%           0.00%          0.00%             649                   0            input_user_host
    498        0.00%           0.00%          0.00%             772                   7            vibrator_host  
    495        0.00%           0.00%          0.00%             773                   6            light_host     
    428        0.00%           0.00%          0.00%             865                  10            codec_host     
    423        0.00%           0.00%          0.00%             807                   9            face_auth_host 
    422        0.00%           0.00%          0.00%            1170                  25            user_auth_host 
    417        0.00%           0.00%          0.00%             755                  15            fingerprint_auth_host
    363        0.00%           0.00%          0.00%           15859                1977            push_manager_service
    314        0.00%           0.00%          0.00%            3753                 766            wallpaper_service
    254        0.00%           0.00%          0.00%            1935                  25            resource_schedule_executor
    235        0.00%           0.00%          0.00%            6867                 202            multimodalinput
    233        0.00%           0.00%          0.00%            4854                  39            memmgrservice  
    226        0.00%           0.00%          0.00%            3280                  45            huks_service   
    203        0.00%           0.00%          0.00%            1650                  23            dlp_credential_service_sa
    195        0.00%           0.00%          0.00%             812                   4            concurrent_task_service
    186        0.00%           0.00%          0.00%            9157                1251            accessibility  
    136        0.00%           0.00%          0.00%            3090                 348            QemuParams     
    133        0.00%           0.00%          0.00%             782                  13            hdf_devmgr     
    128        0.00%           0.00%          0.00%            1238                   7            param_watcher  
    123        0.00%           0.00%          0.00%            2284                  77            storage_daemon 
    122        0.00%           0.00%          0.00%            1716                  30            storage_manager
    100        0.00%           0.00%          0.00%            1408                   4            ueventd        
    98         0.00%           0.00%          0.00%               0                   0            ext4-rsv-conver
    93         0.00%           0.00%          0.00%               0                   0            ext4-rsv-conver
    92         0.00%           0.00%          0.00%               0                   0            ext4-rsv-conver
    91         0.00%           0.00%          0.00%               0                   0            ext4-rsv-conver
    85         0.00%           0.00%          0.00%               0                   0            cache_freed    
    83         0.00%           0.00%          0.00%               0                   0            ipv6_addrconf  
    82         0.00%           0.00%          0.00%               0                   0            kworker/0:1H-kblockd
    80         0.00%           0.00%          0.00%               0                   0            ion_system_heap
    77         0.00%           0.00%          0.00%               0                   0            scsi_tmf_1     
    76         0.00%           0.00%          0.00%               0                   0            scsi_eh_1      
    75         0.00%           0.00%          0.00%               0                   0            scsi_tmf_0     
    74         0.00%           0.00%          0.00%               0                   0            scsi_eh_0      
    73         0.00%           0.00%          0.00%               0                   0            kworker/2:1H-kblockd
    71         0.00%           0.00%          0.00%               0                   0            nfsiod         
    70         0.00%           0.00%          0.00%               0                   0            zswapd0        
    68         0.00%           0.00%          0.00%               0                   0            kswapd0        
    67         0.00%           0.00%          0.00%               0                   0            cfg80211       
    66         0.00%           0.00%          0.00%               0                   0            xprtiod        
    65         0.00%           0.00%          0.00%               0                   0            kworker/u9:0   
    64         0.00%           0.00%          0.00%               0                   0            rpciod         
    63         0.00%           0.00%          0.00%               0                   0            kworker/1:1H-kblockd
    62         0.00%           0.00%          0.00%               0                   0            ata_sff        
    61         0.00%           0.00%          0.00%               0                   0            kblockd        
    46         0.00%           0.00%          0.00%               0                   0            kworker/2:1-events
    34         0.00%           0.00%          0.00%               0                   0            writeback      
    33         0.00%           0.00%          0.00%               0                   0            oom_reaper     
    29         0.00%           0.00%          0.00%               0                   0            netns          
    28         0.00%           0.00%          0.00%               0                   0            kdevtmpfs      
    27         0.00%           0.00%          0.00%               0                   0            kworker/3:0H-events_highpri
    25         0.00%           0.00%          0.00%               0                   0            ksoftirqd/3    
    24         0.00%           0.00%          0.00%               0                   0            migration/3    
    23         0.00%           0.00%          0.00%               0                   0            cpuhp/3        
    22         0.00%           0.00%          0.00%               0                   0            kworker/2:0H-kblockd
    20         0.00%           0.00%          0.00%               0                   0            ksoftirqd/2    
    19         0.00%           0.00%          0.00%               0                   0            migration/2    
    18         0.00%           0.00%          0.00%               0                   0            cpuhp/2        
    17         0.00%           0.00%          0.00%               0                   0            kworker/1:0H-events_highpri
    15         0.00%           0.00%          0.00%               0                   0            ksoftirqd/1    
    14         0.00%           0.00%          0.00%               0                   0            migration/1    
    13         0.00%           0.00%          0.00%               0                   0            cpuhp/1        
    12         0.00%           0.00%          0.00%               0                   0            cpuhp/0        
    11         0.00%           0.00%          0.00%               0                   0            migration/0    
    8          0.00%           0.00%          0.00%               0                   0            mm_percpu_wq   
    6          0.00%           0.00%          0.00%               0                   0            kworker/0:0H-events_highpri
    4          0.00%           0.00%          0.00%               0                   0            rcu_par_gp     
    3          0.00%           0.00%          0.00%               0                   0            rcu_gp         
    2          0.00%           0.00%          0.00%               0                   0            kthreadd       
catcher cmd: hidumper --cpuusage end time: 2026/09/19-13:57:27:890
---------------------------------------------------

---------------------------------------------------
CpuCoreInfoCatcher -- start time: 2026/09/19-13:57:27:890

CpuCoreInfoCatcher --

cpu, userUsage=0.189873

cpu0, userUsage=0.269027

cpu1, userUsage=0.050794

cpu2, userUsage=0.396768

cpu3, userUsage=0.073171

cpu0, cpuFreq=0, minFreq=0, maxFreq=0

cpu1, cpuFreq=0, minFreq=0, maxFreq=0

cpu2, cpuFreq=0, minFreq=0, maxFreq=0

cpu3, cpuFreq=0, minFreq=0, maxFreq=0

---------------------------------------------------
collect StabilityGetTempFreqInfo start time: 2026/09/19-13:57:27:894

Freq: bigCur: , bigMax: , midCur: , midMax: , litCur: , litMax: 
IPA: 

collect StabilityGetTempFreqInfo end time: 2026/09/19-13:57:27:894
---------------------------------------------------
CpuCoreInfoCatcher -- end time: 2026/09/19-13:57:27:894
---------------------------------------------------

---------------------------------------------------
MemoryCatcher -- start time: 2026/09/19-13:57:27:894

MemoryCatcher --

Get freeze memory start time: 2026-09-19 13:57:26.975
some avg10=0.00 avg60=0.00 avg300=0.00 total=3247408
full avg10=0.00 avg60=0.00 avg300=0.00 total=720133
MemTotal:        4025340 kB
MemFree:         2034740 kB
MemAvailable:    2685364 kB
Buffers:            7492 kB
Cached:           679292 kB
SwapCached:        27188 kB
Active:           561360 kB
Inactive:        1029184 kB
Active(anon):      63588 kB
Inactive(anon):   855952 kB
Active(file):     497772 kB
Inactive(file):   173232 kB
Unevictable:           0 kB
Mlocked:               0 kB
SwapTotal:       2097148 kB
SwapFree:        1890556 kB
Dirty:               248 kB
Writeback:             0 kB
AnonPages:        892176 kB
Mapped:           333868 kB
Shmem:             15780 kB
KReclaimable:      45692 kB
Slab:             123244 kB
SReclaimable:      45692 kB
SUnreclaim:        77552 kB
KernelStack:       19536 kB
PageTables:        36396 kB
NFS_Unstable:          0 kB
Bounce:                0 kB
WritebackTmp:          0 kB
CommitLimit:     4109816 kB
Committed_AS:   26715796 kB
VmallocTotal:   34359738367 kB
VmallocUsed:       90684 kB
VmallocChunk:          0 kB
Percpu:             1488 kB
DirectMap4k:       24388 kB
DirectMap2M:     4169728 kB
Get freeze memory end time: 2026-09-19 13:57:26.975
don't collect ashmem dmaheap gpumem
MemoryCatcher -- end time: 2026/09/19-13:57:27:898
---------------------------------------------------

---------------------------------------------------
catcher cmd: hidumper -s 1910 -a DumpAppMap start time: 2026/09/19-13:57:27:898

catcher cmd: hidumper -s 1910 -a DumpAppMap 
catcher cmd: hidumper -s 1910 -a DumpAppMap end time: 2026/09/19-13:57:27:914
---------------------------------------------------

---------------------------------------------------
ThermalInfoCatcher -- start time: 2026/09/19-13:57:27:914

ThermalInfoCatcher --

ThermalLevel info: 0
ThermalInfoCatcher -- end time: 2026/09/19-13:57:27:922
---------------------------------------------------

---------------------------------------------------
SummaryLogInfoCatcher -- start time: 2026/09/19-13:57:27:922

SummaryLogInfoCatcher --

SummaryLogInfoCatcher -- end time: 2026/09/19-13:57:27:925
---------------------------------------------------


Catcher log total time is 859ms
