Generated by HiviewDFX@OpenHarmony
================================================================
Device info:emulator
Build info:emulator 7.0.0.106(SP1DEVC00E999R4P11)
DeviceDebuggable:No
Fingerprint:cb0d05e1c440c8bded72b60d098bad68b8ee9f1edb426ded8363b4e000089502
Module name:com.example.callaite
ReleaseType:debug
CpuAbi:x86_64
Version:1.0.0
VersionCode:1000000
IsSystemApp:No
PreInstalled:No
Foreground:Yes
Pid:10728
Uid:20020063
App running unique id:1434003648970066604
Process life time:19s
Process Memory(kB): 202804(Rss)
Device Memory(kB): Total 4025340, Free 2089740, Available 2738816
Reason:THREAD_BLOCK_6S
appfreeze: com.example.callaite THREAD_BLOCK_6S at 20260919135545
DisplayPowerInfo:powerState:UNKNOWN
Page switch history:
  13:55:29.321 :enters foreground
>>>>>>>>>>>>>>>>>>>>>>>>>>>>>>>>>>>>>>>>>>>
DOMAIN:AAFWK
STRINGID:THREAD_BLOCK_6S
TIMESTAMP:2026/09/19-13:55:45:154
PID:10728
UID:20020063
PACKAGE_NAME:com.example.callaite
PROCESS_NAME:com.example.callaite

*******************************************
start time: 2026/09/19-13:55:42:183
DOMAIN = AAFWK
EVENTNAME = THREAD_BLOCK_3S
TIMESTAMP = 2026/09/19-13:55:42:181
PID = 10728
UID = 20020063
TID = 10728
PACKAGE_NAME = com.example.callaite
PROCESS_NAME = com.example.callaite
eventLog_action = ffrt,t,GpuStack,cmd:m,hot
eventLog_interval = 10
this thread has blocked 3000ms.
IS_FROZEN = 0
MainHeap(bytes): Used 24371120, Total 27262976
SharedHeap(bytes): Used 850256, Total 815792128
GC Status: count 447, maxPause 53.527ms, minPause 0.345ms, averagePause 1.33924ms, lastStartTime 2026/09/19-13:55:42.040, lastEndTime 2026/09/19-13:55:42.041, lastType Local GC
I/O(bytes): rchar 1267189, wchar 64465, syscr 311, syscw 655, read_bytes 0, write_bytes 69632, cancelled_write_bytes 32768
MSG = 
Fault time:2026/09/19-13:55:42
App main thread is not response!

Main handler dump start time: 2026-09-19 13:55:42.061
mainHandler dump is:
 EventHandler dump begin curTime: 2026-09-19 13:55:42.061
 Event runner (Thread name = , Thread ID = 10728) is running
 Current Running: start at 2026-09-19 13:55:29.534, Event { send thread = 10728, send time = 2026-09-19 13:55:29.534, handle time = 2026-11-08 06:58:16.828, trigger time = 2026-09-19 13:55:29.534, task name = vSyncTask, caller = [event_queue.cpp(PostTaskForVsync:235)] }
 History event queue information:
 No. 0 : Event { send thread = 10728, send time = 2026-09-19 13:55:29.406, handle time = 2026-09-19 13:55:29.406, trigger time = 2026-09-19 13:55:29.419, completeTime time = 2026-09-19 13:55:29.419, priority = Low, task name = ArkUIParseI18nJsonInfo, caller = [task_runner_adapter_impl.cpp(PostTask:35)] }
 No. 1 : Event { send thread = 10728, send time = 2026-09-19 13:55:29.406, handle time = 2026-09-19 13:55:29.406, trigger time = 2026-09-19 13:55:29.419, completeTime time = 2026-09-19 13:55:29.530, priority = Low, task name = ArkUIRunPageUrl, caller = [task_runner_adapter_impl.cpp(PostTask:35)] }
 No. 2 : Event { send thread = 10871, send time = 2026-09-19 13:55:29.507, handle time = 2026-09-19 13:55:29.507, trigger time = 2026-09-19 13:55:29.530, completeTime time = 2026-09-19 13:55:29.531, priority = Immediate, task name = GetBundleInfoForSelf, caller = [ohos_js_environment_impl.cpp(PostTaskToHandler:72)] }
 No. 3 : Event { send thread = 10851, send time = 2026-09-19 13:55:29.484, handle time = 2026-09-19 13:55:29.484, trigger time = 2026-09-19 13:55:29.531, completeTime time = 2026-09-19 13:55:29.532, priority = High, task name = JsWindowManager::OnGetTopWindow, caller = [ohos_js_environment_impl.cpp(PostTaskToHandler:72)] }
 No. 4 : Event { send thread = 10728, send time = 2026-09-19 13:55:29.406, handle time = 2026-09-19 13:55:29.406, trigger time = 2026-09-19 13:55:29.532, completeTime time = 2026-09-19 13:55:29.532, priority = Low, task name = ArkUISetSingleHandTransform, caller = [task_runner_adapter_impl.cpp(PostTask:35)] }
 No. 5 : Event { send thread = 10728, send time = 2026-09-19 13:55:29.406, handle time = 2026-09-19 13:55:29.406, trigger time = 2026-09-19 13:55:29.532, completeTime time = 2026-09-19 13:55:29.532, priority = Low, task name = ArkUIStatusBarItemColor, caller = [task_runner_adapter_impl.cpp(PostTask:35)] }
 No. 6 : Event { send thread = 10728, send time = 2026-09-19 13:55:29.407, handle time = 2026-09-19 13:55:29.407, trigger time = 2026-09-19 13:55:29.532, completeTime time = 2026-09-19 13:55:29.532, priority = Low, task name = ArkUINotifyWindowMode, caller = [task_runner_adapter_impl.cpp(PostTask:35)] }
 No. 7 : Event { send thread = 10728, send time = 2026-09-19 13:55:29.410, handle time = 2026-09-19 13:55:29.410, trigger time = 2026-09-19 13:55:29.532, completeTime time = 2026-09-19 13:55:29.532, priority = Low, task name = ArkUIUpdateBrightness, caller = [task_runner_adapter_impl.cpp(PostTask:35)] }
 No. 8 : Event { send thread = 10728, send time = 2026-09-19 13:55:29.410, handle time = 2026-09-19 13:55:29.410, trigger time = 2026-09-19 13:55:29.532, completeTime time = 2026-09-19 13:55:29.532, priority = Low, task name = ArkUIUpdateViewportConfig, caller = [task_runner_adapter_impl.cpp(PostTask:35)] }
 No. 9 : Event { send thread = 10728, send time = 2026-09-19 13:55:29.410, handle time = 2026-09-19 13:55:29.410, trigger time = 2026-09-19 13:55:29.532, completeTime time = 2026-09-19 13:55:29.532, priority = Low, task name = ArkUIUpdateSessionViewportConfig, caller = [task_runner_adapter_impl.cpp(PostTask:35)] }
 No. 10 : Event { send thread = 10728, send time = 2026-09-19 13:55:29.411, handle time = 2026-09-19 13:55:29.411, trigger time = 2026-09-19 13:55:29.532, completeTime time = 2026-09-19 13:55:29.533, priority = Low, task name = ArkUIFrontendActive, caller = [task_runner_adapter_impl.cpp(PostTask:35)] }
 No. 11 : Event { send thread = 10728, send time = 2026-09-19 13:55:29.411, handle time = 2026-09-19 13:55:29.411, trigger time = 2026-09-19 13:55:29.533, completeTime time = 2026-09-19 13:55:29.533, priority = Low, task name = ArkUIWindowFocus, caller = [task_runner_adapter_impl.cpp(PostTask:35)] }
 No. 12 : Event { send thread = 10728, send time = 2026-09-19 13:55:29.411, handle time = 2026-09-19 13:55:29.411, trigger time = 2026-09-19 13:55:29.533, completeTime time = 2026-09-19 13:55:29.533, priority = Low, task name = ArkUISetOnWindowFocusedCallback, caller = [task_runner_adapter_impl.cpp(PostTask:35)] }
 No. 13 : Event { send thread = 10728, send time = 2026-09-19 13:55:29.411, handle time = 2026-09-19 13:55:29.411, trigger time = 2026-09-19 13:55:29.533, completeTime time = 2026-09-19 13:55:29.534, priority = Low, task name = ArkUIFrontendActive, caller = [task_runner_adapter_impl.cpp(PostTask:35)] }
 No. 14 : Event { send thread = 10728, send time = 2026-09-19 13:55:29.411, handle time = 2026-09-19 13:55:29.411, trigger time = 2026-09-19 13:55:29.534, completeTime time = 2026-09-19 13:55:29.534, priority = Low, task name = ArkUIWindowActivate, caller = [task_runner_adapter_impl.cpp(PostTask:35)] }
 No. 15 : Event { send thread = 10728, send time = 2026-09-19 13:55:29.411, handle time = 2026-09-19 13:55:29.411, trigger time = 2026-09-19 13:55:29.534, completeTime time = 2026-09-19 13:55:29.534, priority = Low, task name = ArkUISetWindowScale, caller = [task_runner_adapter_impl.cpp(PostTask:35)] }
 No. 16 : Event { send thread = 10728, send time = 2026-09-19 13:55:29.414, handle time = 2026-09-19 13:55:29.414, trigger time = 2026-09-19 13:55:29.534, completeTime time = 2026-09-19 13:55:29.534, priority = Low, task name = ArkUIWindowRectChange, caller = [task_runner_adapter_impl.cpp(PostTask:35)] }
 No. 17 : Event { send thread = 10728, send time = 2026-09-19 13:55:29.417, handle time = 2026-09-19 13:55:29.417, trigger time = 2026-09-19 13:55:29.534, completeTime time = 2026-09-19 13:55:29.534, priority = Low, task name = ArkUIUpdateOriginAvoidAreaAndExecuteKeyboardAvoid, caller = [task_runner_adapter_impl.cpp(PostTask:35)] }
 No. 18 : Event { send thread = 10728, send time = 2026-09-19 13:55:29.418, handle time = 2026-09-19 13:55:29.418, trigger time = 2026-09-19 13:55:29.534, completeTime time = 2026-09-19 13:55:29.534, priority = Low, task name = ArkUIWindowRectChange, caller = [task_runner_adapter_impl.cpp(PostTask:35)] }
 No. 19 : Event { send thread = 10728, send time = 2026-09-19 13:55:29.419, handle time = 2026-09-19 13:55:29.419, trigger time = 2026-09-19 13:55:29.534, completeTime time = 2026-09-19 13:55:29.534, priority = Low, task name = ArkUIUpdateOriginAvoidAreaAndExecuteKeyboardAvoid, caller = [task_runner_adapter_impl.cpp(PostTask:35)] }
 No. 20 : Event { send thread = 10728, send time = 2026-09-19 13:55:29.409, handle time = 2026-09-19 13:55:29.460, trigger time = 2026-09-19 13:55:29.534, completeTime time = 2026-09-19 13:55:29.534, priority = Low, task name = ArkUIIdleTask, caller = [task_runner_adapter_impl.cpp(PostDelayedTask:46)] }
 No. 21 : Event { send thread = 10728, send time = 2026-09-19 13:55:29.534, handle time = 2026-11-08 06:58:16.828, trigger time = 2026-09-19 13:55:29.534, completeTime time = , priority = VIP, task name = vSyncTask, caller = [event_queue.cpp(PostTaskForVsync:235)] }
 No. 22 : Event { send thread = 10728, send time = 2026-09-19 13:55:29.375, handle time = 2026-09-19 13:55:29.375, trigger time = 2026-09-19 13:55:29.418, completeTime time = 2026-09-19 13:55:29.418, priority = Low, task name = ArkUIFillTaskTypeTable, caller = [task_runner_adapter_impl.cpp(PostTask:35)] }
 No. 23 : Event { send thread = 10728, send time = 2026-09-19 13:55:29.375, handle time = 2026-09-19 13:55:29.375, trigger time = 2026-09-19 13:55:29.418, completeTime time = 2026-09-19 13:55:29.418, priority = Low, task name = ArkUIFillTaskTypeTable, caller = [task_runner_adapter_impl.cpp(PostTask:35)] }
 No. 24 : Event { send thread = 10728, send time = 2026-09-19 13:55:29.375, handle time = 2026-09-19 13:55:29.375, trigger time = 2026-09-19 13:55:29.418, completeTime time = 2026-09-19 13:55:29.418, priority = Low, task name = ArkUIFillTaskTypeTable, caller = [task_runner_adapter_impl.cpp(PostTask:35)] }
 No. 25 : Event { send thread = 10728, send time = 2026-09-19 13:55:29.375, handle time = 2026-09-19 13:55:29.375, trigger time = 2026-09-19 13:55:29.418, completeTime time = 2026-09-19 13:55:29.418, priority = Low, task name = ArkUIFillTaskTypeTable, caller = [task_runner_adapter_impl.cpp(PostTask:35)] }
 No. 26 : Event { send thread = 10728, send time = 2026-09-19 13:55:29.378, handle time = 2026-09-19 13:55:29.378, trigger time = 2026-09-19 13:55:29.418, completeTime time = 2026-09-19 13:55:29.418, priority = Low, task name = ArkUISetJsMessageDispatcher, caller = [task_runner_adapter_impl.cpp(PostTask:35)] }
 No. 27 : Event { send thread = 10728, send time = 2026-09-19 13:55:29.379, handle time = 2026-09-19 13:55:29.379, trigger time = 2026-09-19 13:55:29.418, completeTime time = 2026-09-19 13:55:29.418, priority = Low, task name = ArkUIPageSwitchLogStatusChanged, caller = [task_runner_adapter_impl.cpp(PostTask:35)] }
 No. 28 : Event { send thread = 10728, send time = 2026-09-19 13:55:29.395, handle time = 2026-09-19 13:55:29.395, trigger time = 2026-09-19 13:55:29.418, completeTime time = 2026-09-19 13:55:29.418, priority = Low, task name = ArkUIFrontendActive, caller = [task_runner_adapter_impl.cpp(PostTask:35)] }
 No. 29 : Event { send thread = 10728, send time = 2026-09-19 13:55:29.395, handle time = 2026-09-19 13:55:29.395, trigger time = 2026-09-19 13:55:29.418, completeTime time = 2026-09-19 13:55:29.418, priority = Low, task name = ArkUIWindowFocus, caller = [task_runner_adapter_impl.cpp(PostTask:35)] }
 No. 30 : Event { send thread = 10869, send time = 2026-09-19 13:55:29.403, handle time = 2026-09-19 13:55:29.403, trigger time = 2026-09-19 13:55:29.418, completeTime time = 2026-09-19 13:55:29.419, priority = Low, task name = WMS_WindowSessionImpl_UpdateRectForOtherReason, caller = [window_session_impl.cpp(UpdateRectForOtherReason:1693)] }
 No. 31 : Event { send thread = 10728, send time = 2026-09-19 13:55:29.419, handle time = 2026-09-19 13:55:29.419, trigger time = 2026-09-19 13:55:29.419, completeTime time = 2026-09-19 13:55:29.419, priority = VIP, task name = UpdateDisplayValid5, caller = [native_event.cpp(SendEventByEventHandler:322)] }
 VIP priority event queue information:
 No.1 : Event { send thread = 10846, send time = 2026-09-19 13:55:32.060, handle time = 2026-09-19 13:55:32.060, id = 1, caller = [watchdog.cpp(Timer:303)] }
 No.2 : Event { send thread = 10846, send time = 2026-09-19 13:55:39.062, handle time = 2026-09-19 13:55:39.062, id = 1, caller = [watchdog.cpp(Timer:303)] }
 No.3 : Event { send thread = 10846, send time = 2026-09-19 13:55:42.061, handle time = 2026-09-19 13:55:42.061, id = 1, caller = [watchdog.cpp(Timer:303)] }
 Total size of VIP events : 3
 Immediate priority event queue information:
 Total size of Immediate events : 0
 High priority event queue information:
 No.1 : Event { send thread = 10728, send time = 2026-09-19 13:55:29.534, handle time = 2026-09-19 13:55:29.534, task name = uvLoopTask, caller = [event_queue.cpp(HandleFileDescriptorEvent:313)] }
 Total size of High events : 1
 Low priority event queue information:
 No.1 : Event { send thread = 10728, send time = 2026-09-19 13:55:29.541, handle time = 2026-09-19 13:55:29.592, task name = ArkUIIdleTask, caller = [task_runner_adapter_impl.cpp(PostDelayedTask:46)] }
 No.2 : Event { send thread = 10728, send time = 2026-09-19 13:55:29.541, handle time = 2026-09-19 13:55:30.041, task name = ArkUIVsyncTimeoutCheck, caller = [task_runner_adapter_impl.cpp(PostDelayedTask:46)] }
 No.3 : Event { send thread = 10728, send time = 2026-09-19 13:55:29.541, handle time = 2026-09-19 13:55:30.141, task name = vsync_time_out_task_46076409151489, caller = [vsync_station.cpp(RequestVsync:148)] }
 No.4 : Event { send thread = 10728, send time = 2026-09-19 13:55:29.150, handle time = 2026-09-19 13:55:30.150, task name = AppRecovery:AddAbility, caller = [app_recovery.cpp(AddAbility:133)] }
 No.5 : Event { send thread = 10728, send time = 2026-09-19 13:55:29.530, handle time = 2026-09-19 13:55:31.530, task name = ExtensionTransparentDetector, caller = [task_runner_adapter_impl.cpp(PostDelayedTask:46)] }
 No.6 : Event { send thread = 10728, send time = 2026-09-19 13:55:29.541, handle time = 2026-09-19 13:55:32.541, task name = ArkUIVsyncTimeoutCheck, caller = [task_runner_adapter_impl.cpp(PostDelayedTask:46)] }
 No.7 : Event { send thread = 10728, send time = 2026-09-19 13:55:29.477, handle time = 2026-09-19 13:55:34.477, task name = TriggerModuleSerializer, caller = [task_runner_adapter_impl.cpp(PostDelayedTask:46)] }
 Total size of Low events : 7
 Idle priority event queue information:
 No.1 : Event { send thread = 10858, send time = 2026-09-19 13:55:29.752, handle time = 2026-09-19 13:55:29.752, task name = uv_io_cb, caller = [ohos_js_environment_impl.cpp(PostTaskToHandler:72)] }
 No.2 : Event { send thread = 10858, send time = 2026-09-19 13:55:30.096, handle time = 2026-09-19 13:55:30.096, task name = uv_io_cb, caller = [ohos_js_environment_impl.cpp(PostTaskToHandler:72)] }
 Total size of Idle events : 2
 Total event size : 13
Main handler dump end time: 2026-09-19 13:55:42.061

Catche stack trace start time: 2026-09-19 13:55:42.086

Tid:10728, Name:xample.callaite
state=R, utime=1199, stime=81, priority=10, nice=-10, clk=100
#00 pc 00000000003b2550 /system/lib64/platformsdk/libark_jsruntime.so(3403c0dea7c24e42adea4ee0f5dd2803)
#01 pc 000000000052b43e /system/lib64/platformsdk/libark_jsruntime.so(3403c0dea7c24e42adea4ee0f5dd2803)
#02 pc 000000000074c19b /system/lib64/platformsdk/libark_jsruntime.so(3403c0dea7c24e42adea4ee0f5dd2803)
#03 pc 00000000006d3bf2 /system/lib64/platformsdk/libark_jsruntime.so(3403c0dea7c24e42adea4ee0f5dd2803)
#04 pc 00000000009fe546 /system/lib64/platformsdk/libark_jsruntime.so(3403c0dea7c24e42adea4ee0f5dd2803)
#05 pc 000000000124e1b2 /system/lib64/module/arkcompiler/stub.an(RTStub_CallRuntime+50)
#06 pc 000000000107b4da /system/lib64/module/arkcompiler/stub.an(BCStub_HandleJmpImm16StwCopy+538)
Tid:10844, Name:OS_IPC_0_10844
state=S, utime=0, stime=0, priority=0, nice=-20, clk=100
#00 pc 00000000000dc469 /system/lib/ld-musl-x86_64.so.1(ioctl+185)(74178aa6301b8bad2ac9b6d7f2361221)
#01 pc 0000000000010ca7 /system/lib64/platformsdk/libipc_common.z.so(OHOS::BinderConnector::WriteBinder(unsigned long, void*)+55)(ae9fe169bf1f8b0397c31ba1b67e0e94)
#02 pc 000000000007e34d /system/lib64/platformsdk/libipc_single.z.so(OHOS::BinderInvoker::TransactWithDriver(bool)+269)(216555c1ccaa2644568394a99c5a7547)
#03 pc 000000000007e71a /system/lib64/platformsdk/libipc_single.z.so(OHOS::BinderInvoker::StartWorkLoop()+106)(216555c1ccaa2644568394a99c5a7547)
#04 pc 0000000000080c28 /system/lib64/platformsdk/libipc_single.z.so(OHOS::BinderInvoker::JoinThread(bool)+40)(216555c1ccaa2644568394a99c5a7547)
#05 pc 00000000000769f5 /system/lib64/platformsdk/libipc_single.z.so(OHOS::IPCWorkThread::ThreadHandler(void*)+901)(216555c1ccaa2644568394a99c5a7547)
#06 pc 00000000001299e7 /system/lib/ld-musl-x86_64.so.1(74178aa6301b8bad2ac9b6d7f2361221)
#07 pc 0000000000090f8e /system/lib/ld-musl-x86_64.so.1(74178aa6301b8bad2ac9b6d7f2361221)
Tid:10845, Name:OS_IPC_1_10845
state=S, utime=0, stime=0, priority=0, nice=-20, clk=100
#00 pc 00000000000dc46b /system/lib/ld-musl-x86_64.so.1(ioctl+187)(74178aa6301b8bad2ac9b6d7f2361221)
#01 pc 0000000000010ca7 /system/lib64/platformsdk/libipc_common.z.so(OHOS::BinderConnector::WriteBinder(unsigned long, void*)+55)(ae9fe169bf1f8b0397c31ba1b67e0e94)
#02 pc 000000000007e34d /system/lib64/platformsdk/libipc_single.z.so(OHOS::BinderInvoker::TransactWithDriver(bool)+269)(216555c1ccaa2644568394a99c5a7547)
#03 pc 000000000007e71a /system/lib64/platformsdk/libipc_single.z.so(OHOS::BinderInvoker::StartWorkLoop()+106)(216555c1ccaa2644568394a99c5a7547)
#04 pc 0000000000080c28 /system/lib64/platformsdk/libipc_single.z.so(OHOS::BinderInvoker::JoinThread(bool)+40)(216555c1ccaa2644568394a99c5a7547)
#05 pc 00000000000769f5 /system/lib64/platformsdk/libipc_single.z.so(OHOS::IPCWorkThread::ThreadHandler(void*)+901)(216555c1ccaa2644568394a99c5a7547)
#06 pc 00000000001299e7 /system/lib/ld-musl-x86_64.so.1(74178aa6301b8bad2ac9b6d7f2361221)
#07 pc 0000000000090f8e /system/lib/ld-musl-x86_64.so.1(74178aa6301b8bad2ac9b6d7f2361221)
Tid:10846, Name:OS_DfxWatchdog
state=S, utime=0, stime=0, priority=0, nice=-20, clk=100
#00 pc 0000000000125ee9 /system/lib/ld-musl-x86_64.so.1(74178aa6301b8bad2ac9b6d7f2361221)
#01 pc 0000000000127883 /system/lib/ld-musl-x86_64.so.1(pthread_cond_timedwait+195)(74178aa6301b8bad2ac9b6d7f2361221)
#02 pc 00000000000c74e7 /system/lib64/chipset-sdk-sp/libc++.so(std::__h::condition_variable::__do_timed_wait(std::__h::unique_lock<std::__h::mutex>&, std::__h::chrono::time_point<std::__h::chrono::system_clock, std::__h::chrono::duration<long long, std::__h::ratio<1l, 1000000000l>>>)+103)(ca45f3285cb13d8a615c2dcf32305914fbc391ad)
#03 pc 00000000000245a0 /system/lib64/chipset-sdk-sp/libhicollie.z.so(0d0f332b1d543f1b44cdc8747e67264a)
#04 pc 00000000000242a1 /system/lib64/chipset-sdk-sp/libhicollie.z.so(0d0f332b1d543f1b44cdc8747e67264a)
#05 pc 000000000002c17d /system/lib64/chipset-sdk-sp/libhicollie.z.so(0d0f332b1d543f1b44cdc8747e67264a)
#06 pc 00000000001299e7 /system/lib/ld-musl-x86_64.so.1(74178aa6301b8bad2ac9b6d7f2361221)
#07 pc 0000000000090f8e /system/lib/ld-musl-x86_64.so.1(74178aa6301b8bad2ac9b6d7f2361221)
Tid:10847, Name:OS_FFRT_Delay
state=R, utime=0, stime=0, priority=0, nice=-20, clk=100
#00 pc 000000000012ae50 /system/lib/ld-musl-x86_64.so.1(pthread_mutex_lock+16)(74178aa6301b8bad2ac9b6d7f2361221)
#01 pc 00000000000cb658 /system/lib64/chipset-sdk-sp/libc++.so(std::__h::mutex::lock()+8)(ca45f3285cb13d8a615c2dcf32305914fbc391ad)
#02 pc 00000000000b2c9f /system/lib64/ndk/libffrt.so(6014d53b82cd59820b512f223d249356)
#03 pc 00000000001299e7 /system/lib/ld-musl-x86_64.so.1(74178aa6301b8bad2ac9b6d7f2361221)
#04 pc 0000000000090f8e /system/lib/ld-musl-x86_64.so.1(74178aa6301b8bad2ac9b6d7f2361221)
Tid:10848, Name:OS_FFRT_5_0
state=S, utime=0, stime=0, priority=0, nice=-20, clk=100
#00 pc 0000000000125ee9 /system/lib/ld-musl-x86_64.so.1(74178aa6301b8bad2ac9b6d7f2361221)
#01 pc 0000000000127883 /system/lib/ld-musl-x86_64.so.1(pthread_cond_timedwait+195)(74178aa6301b8bad2ac9b6d7f2361221)
#02 pc 00000000000c74e7 /system/lib64/chipset-sdk-sp/libc++.so(std::__h::condition_variable::__do_timed_wait(std::__h::unique_lock<std::__h::mutex>&, std::__h::chrono::time_point<std::__h::chrono::system_clock, std::__h::chrono::duration<long long, std::__h::ratio<1l, 1000000000l>>>)+103)(ca45f3285cb13d8a615c2dcf32305914fbc391ad)
#03 pc 000000000008bcb0 /system/lib64/ndk/libffrt.so(6014d53b82cd59820b512f223d249356)
#04 pc 00000000000760ef /system/lib64/ndk/libffrt.so(6014d53b82cd59820b512f223d249356)
#05 pc 0000000000075eaf /system/lib64/ndk/libffrt.so(6014d53b82cd59820b512f223d249356)
#06 pc 0000000000075d79 /system/lib64/ndk/libffrt.so(6014d53b82cd59820b512f223d249356)
#07 pc 00000000001299e7 /system/lib/ld-musl-x86_64.so.1(74178aa6301b8bad2ac9b6d7f2361221)
#08 pc 0000000000090f8e /system/lib/ld-musl-x86_64.so.1(74178aa6301b8bad2ac9b6d7f2361221)
Tid:10851, Name:OS_FFRT_2_0
state=S, utime=0, stime=2, priority=0, nice=-20, clk=100
#00 pc 0000000000125ee9 /system/lib/ld-musl-x86_64.so.1(74178aa6301b8bad2ac9b6d7f2361221)
#01 pc 0000000000127883 /system/lib/ld-musl-x86_64.so.1(pthread_cond_timedwait+195)(74178aa6301b8bad2ac9b6d7f2361221)
#02 pc 00000000000c74e7 /system/lib64/chipset-sdk-sp/libc++.so(std::__h::condition_variable::__do_timed_wait(std::__h::unique_lock<std::__h::mutex>&, std::__h::chrono::time_point<std::__h::chrono::system_clock, std::__h::chrono::duration<long long, std::__h::ratio<1l, 1000000000l>>>)+103)(ca45f3285cb13d8a615c2dcf32305914fbc391ad)
#03 pc 000000000008bcb0 /system/lib64/ndk/libffrt.so(6014d53b82cd59820b512f223d249356)
#04 pc 00000000000760ef /system/lib64/ndk/libffrt.so(6014d53b82cd59820b512f223d249356)
#05 pc 0000000000075eaf /system/lib64/ndk/libffrt.so(6014d53b82cd59820b512f223d249356)
#06 pc 0000000000075d79 /system/lib64/ndk/libffrt.so(6014d53b82cd59820b512f223d249356)
#07 pc 00000000001299e7 /system/lib/ld-musl-x86_64.so.1(74178aa6301b8bad2ac9b6d7f2361221)
#08 pc 0000000000090f8e /system/lib/ld-musl-x86_64.so.1(74178aa6301b8bad2ac9b6d7f2361221)
Tid:10852, Name:OS_GC_Thread
state=S, utime=0, stime=0, priority=0, nice=-20, clk=100
#00 pc 0000000000125ee9 /system/lib/ld-musl-x86_64.so.1(74178aa6301b8bad2ac9b6d7f2361221)
#01 pc 0000000000127883 /system/lib/ld-musl-x86_64.so.1(pthread_cond_timedwait+195)(74178aa6301b8bad2ac9b6d7f2361221)
#02 pc 00000000009cd4ca /system/lib64/platformsdk/libark_jsruntime.so(3403c0dea7c24e42adea4ee0f5dd2803)
#03 pc 00000000009cd443 /system/lib64/platformsdk/libark_jsruntime.so(3403c0dea7c24e42adea4ee0f5dd2803)
#04 pc 00000000009cd8b5 /system/lib64/platformsdk/libark_jsruntime.so(3403c0dea7c24e42adea4ee0f5dd2803)
#05 pc 00000000001299e7 /system/lib/ld-musl-x86_64.so.1(74178aa6301b8bad2ac9b6d7f2361221)
#06 pc 0000000000090f8e /system/lib/ld-musl-x86_64.so.1(74178aa6301b8bad2ac9b6d7f2361221)
Tid:10853, Name:OS_GC_Thread
state=S, utime=10, stime=9, priority=0, nice=-20, clk=100
#00 pc 0000000000125ee9 /system/lib/ld-musl-x86_64.so.1(74178aa6301b8bad2ac9b6d7f2361221)
#01 pc 0000000000127883 /system/lib/ld-musl-x86_64.so.1(pthread_cond_timedwait+195)(74178aa6301b8bad2ac9b6d7f2361221)
#02 pc 00000000000c7451 /system/lib64/chipset-sdk-sp/libc++.so(std::__h::condition_variable::wait(std::__h::unique_lock<std::__h::mutex>&)+17)(ca45f3285cb13d8a615c2dcf32305914fbc391ad)
#03 pc 0000000000a298fd /system/lib64/platformsdk/libark_jsruntime.so(3403c0dea7c24e42adea4ee0f5dd2803)
#04 pc 0000000000a29475 /system/lib64/platformsdk/libark_jsruntime.so(3403c0dea7c24e42adea4ee0f5dd2803)
#05 pc 0000000000a2955a /system/lib64/platformsdk/libark_jsruntime.so(3403c0dea7c24e42adea4ee0f5dd2803)
#06 pc 00000000001299e7 /system/lib/ld-musl-x86_64.so.1(74178aa6301b8bad2ac9b6d7f2361221)
#07 pc 0000000000090f8e /system/lib/ld-musl-x86_64.so.1(74178aa6301b8bad2ac9b6d7f2361221)
Tid:10854, Name:OS_GC_Thread
state=S, utime=14, stime=3, priority=0, nice=-20, clk=100
#00 pc 0000000000125ee9 /system/lib/ld-musl-x86_64.so.1(74178aa6301b8bad2ac9b6d7f2361221)
#01 pc 0000000000127883 /system/lib/ld-musl-x86_64.so.1(pthread_cond_timedwait+195)(74178aa6301b8bad2ac9b6d7f2361221)
#02 pc 00000000000c7451 /system/lib64/chipset-sdk-sp/libc++.so(std::__h::condition_variable::wait(std::__h::unique_lock<std::__h::mutex>&)+17)(ca45f3285cb13d8a615c2dcf32305914fbc391ad)
#03 pc 0000000000a298fd /system/lib64/platformsdk/libark_jsruntime.so(3403c0dea7c24e42adea4ee0f5dd2803)
#04 pc 0000000000a29475 /system/lib64/platformsdk/libark_jsruntime.so(3403c0dea7c24e42adea4ee0f5dd2803)
#05 pc 0000000000a2955a /system/lib64/platformsdk/libark_jsruntime.so(3403c0dea7c24e42adea4ee0f5dd2803)
#06 pc 00000000001299e7 /system/lib/ld-musl-x86_64.so.1(74178aa6301b8bad2ac9b6d7f2361221)
#07 pc 0000000000090f8e /system/lib/ld-musl-x86_64.so.1(74178aa6301b8bad2ac9b6d7f2361221)
Tid:10855, Name:OS_GC_Thread
state=S, utime=13, stime=5, priority=0, nice=-20, clk=100
#00 pc 0000000000125ee9 /system/lib/ld-musl-x86_64.so.1(74178aa6301b8bad2ac9b6d7f2361221)
#01 pc 0000000000127883 /system/lib/ld-musl-x86_64.so.1(pthread_cond_timedwait+195)(74178aa6301b8bad2ac9b6d7f2361221)
#02 pc 00000000000c7451 /system/lib64/chipset-sdk-sp/libc++.so(std::__h::condition_variable::wait(std::__h::unique_lock<std::__h::mutex>&)+17)(ca45f3285cb13d8a615c2dcf32305914fbc391ad)
#03 pc 0000000000a298fd /system/lib64/platformsdk/libark_jsruntime.so(3403c0dea7c24e42adea4ee0f5dd2803)
#04 pc 0000000000a29475 /system/lib64/platformsdk/libark_jsruntime.so(3403c0dea7c24e42adea4ee0f5dd2803)
#05 pc 0000000000a2955a /system/lib64/platformsdk/libark_jsruntime.so(3403c0dea7c24e42adea4ee0f5dd2803)
#06 pc 00000000001299e7 /system/lib/ld-musl-x86_64.so.1(74178aa6301b8bad2ac9b6d7f2361221)
#07 pc 0000000000090f8e /system/lib/ld-musl-x86_64.so.1(74178aa6301b8bad2ac9b6d7f2361221)
Tid:10856, Name:OS_FFRT_3_0
state=S, utime=4, stime=8, priority=0, nice=-20, clk=100
#00 pc 0000000000125ee9 /system/lib/ld-musl-x86_64.so.1(74178aa6301b8bad2ac9b6d7f2361221)
#01 pc 0000000000127883 /system/lib/ld-musl-x86_64.so.1(pthread_cond_timedwait+195)(74178aa6301b8bad2ac9b6d7f2361221)
#02 pc 00000000000c74e7 /system/lib64/chipset-sdk-sp/libc++.so(std::__h::condition_variable::__do_timed_wait(std::__h::unique_lock<std::__h::mutex>&, std::__h::chrono::time_point<std::__h::chrono::system_clock, std::__h::chrono::duration<long long, std::__h::ratio<1l, 1000000000l>>>)+103)(ca45f3285cb13d8a615c2dcf32305914fbc391ad)
#03 pc 000000000008bcb0 /system/lib64/ndk/libffrt.so(6014d53b82cd59820b512f223d249356)
#04 pc 00000000000760ef /system/lib64/ndk/libffrt.so(6014d53b82cd59820b512f223d249356)
#05 pc 0000000000075eaf /system/lib64/ndk/libffrt.so(6014d53b82cd59820b512f223d249356)
#06 pc 0000000000075d79 /system/lib64/ndk/libffrt.so(6014d53b82cd59820b512f223d249356)
#07 pc 00000000001299e7 /system/lib/ld-musl-x86_64.so.1(74178aa6301b8bad2ac9b6d7f2361221)
#08 pc 0000000000090f8e /system/lib/ld-musl-x86_64.so.1(74178aa6301b8bad2ac9b6d7f2361221)
Tid:10857, Name:OS_hdcRegister
state=S, utime=0, stime=0, priority=0, nice=-20, clk=100
#00 pc 00000000000b837f /system/lib/ld-musl-x86_64.so.1(epoll_wait+31)(74178aa6301b8bad2ac9b6d7f2361221)
#01 pc 000000000000660f /system/lib64/platformsdk/libhdc_register.z.so(Hdc::HdcJdwpSimulator::ReadFromJdwp()+367)(4c41d0541b0381aaf6674e818696d512)
#02 pc 0000000000006ba3 /system/lib64/platformsdk/libhdc_register.z.so(Hdc::HdcJdwpSimulator::Connect()+195)(4c41d0541b0381aaf6674e818696d512)
#03 pc 00000000000052ef /system/lib64/platformsdk/libhdc_register.z.so(Hdc::HdcConnectRun(void*)+559)(4c41d0541b0381aaf6674e818696d512)
#04 pc 00000000001299e7 /system/lib/ld-musl-x86_64.so.1(74178aa6301b8bad2ac9b6d7f2361221)
#05 pc 0000000000090f8e /system/lib/ld-musl-x86_64.so.1(74178aa6301b8bad2ac9b6d7f2361221)
Tid:10858, Name:OS_FFRT_0_0
state=S, utime=0, stime=0, priority=0, nice=-20, clk=100
#00 pc 0000000000125ee9 /system/lib/ld-musl-x86_64.so.1(74178aa6301b8bad2ac9b6d7f2361221)
#01 pc 0000000000127883 /system/lib/ld-musl-x86_64.so.1(pthread_cond_timedwait+195)(74178aa6301b8bad2ac9b6d7f2361221)
#02 pc 00000000000c74e7 /system/lib64/chipset-sdk-sp/libc++.so(std::__h::condition_variable::__do_timed_wait(std::__h::unique_lock<std::__h::mutex>&, std::__h::chrono::time_point<std::__h::chrono::system_clock, std::__h::chrono::duration<long long, std::__h::ratio<1l, 1000000000l>>>)+103)(ca45f3285cb13d8a615c2dcf32305914fbc391ad)
#03 pc 000000000008bcb0 /system/lib64/ndk/libffrt.so(6014d53b82cd59820b512f223d249356)
#04 pc 00000000000760ef /system/lib64/ndk/libffrt.so(6014d53b82cd59820b512f223d249356)
#05 pc 0000000000075eaf /system/lib64/ndk/libffrt.so(6014d53b82cd59820b512f223d249356)
#06 pc 0000000000075d79 /system/lib64/ndk/libffrt.so(6014d53b82cd59820b512f223d249356)
#07 pc 00000000001299e7 /system/lib/ld-musl-x86_64.so.1(74178aa6301b8bad2ac9b6d7f2361221)
#08 pc 0000000000090f8e /system/lib/ld-musl-x86_64.so.1(74178aa6301b8bad2ac9b6d7f2361221)
Tid:10864, Name:sandbox_thread
state=S, utime=0, stime=0, priority=0, nice=-20, clk=100
#00 pc 0000000000125ee9 /system/lib/ld-musl-x86_64.so.1(74178aa6301b8bad2ac9b6d7f2361221)
#01 pc 0000000000127883 /system/lib/ld-musl-x86_64.so.1(pthread_cond_timedwait+195)(74178aa6301b8bad2ac9b6d7f2361221)
#02 pc 00000000000c7451 /system/lib64/chipset-sdk-sp/libc++.so(std::__h::condition_variable::wait(std::__h::unique_lock<std::__h::mutex>&)+17)(ca45f3285cb13d8a615c2dcf32305914fbc391ad)
#03 pc 00000000000086d7 /system/lib64/platformsdk/libsandboxlog.so(15f86dfff1c9aa3778b113b4e1f84fe4)
#04 pc 0000000000009363 /system/lib64/platformsdk/libsandboxlog.so(15f86dfff1c9aa3778b113b4e1f84fe4)
#05 pc 00000000001299e7 /system/lib/ld-musl-x86_64.so.1(74178aa6301b8bad2ac9b6d7f2361221)
#06 pc 0000000000090f8e /system/lib/ld-musl-x86_64.so.1(74178aa6301b8bad2ac9b6d7f2361221)
Tid:10867, Name:xample.callaite
state=S, utime=0, stime=0, priority=0, nice=-20, clk=100
#00 pc 000000000013100d /system/lib/ld-musl-x86_64.so.1(nanosleep+13)(74178aa6301b8bad2ac9b6d7f2361221)
#01 pc 00000000000d9b9a /system/lib64/chipset-sdk-sp/libc++.so(std::__h::this_thread::sleep_for(std::__h::chrono::duration<long long, std::__h::ratio<1l, 1000000000l>> const&)+90)(ca45f3285cb13d8a615c2dcf32305914fbc391ad)
#02 pc 0000000000015f52 /system/lib64/platformsdk/libhistogram.z.so(bcaef44ffc0c920a27140798ab5f7654)
#03 pc 00000000001299e7 /system/lib/ld-musl-x86_64.so.1(74178aa6301b8bad2ac9b6d7f2361221)
#04 pc 0000000000090f8e /system/lib/ld-musl-x86_64.so.1(74178aa6301b8bad2ac9b6d7f2361221)
Tid:10868, Name:OS_EVENT_POLL
state=S, utime=0, stime=0, priority=0, nice=-20, clk=100
#00 pc 00000000000b837f /system/lib/ld-musl-x86_64.so.1(epoll_wait+31)(74178aa6301b8bad2ac9b6d7f2361221)
#01 pc 000000000001a0fc /system/lib64/chipset-sdk-sp/libeventhandler.z.so(d20098a20e88abe540f8f998e7a8bdcc)
#02 pc 000000000001b2e6 /system/lib64/chipset-sdk-sp/libeventhandler.z.so(d20098a20e88abe540f8f998e7a8bdcc)
#03 pc 00000000001299e7 /system/lib/ld-musl-x86_64.so.1(74178aa6301b8bad2ac9b6d7f2361221)
#04 pc 0000000000090f8e /system/lib/ld-musl-x86_64.so.1(74178aa6301b8bad2ac9b6d7f2361221)
Tid:10869, Name:OS_IPC_2_10869
state=S, utime=0, stime=0, priority=0, nice=-20, clk=100
#00 pc 00000000000dc46b /system/lib/ld-musl-x86_64.so.1(ioctl+187)(74178aa6301b8bad2ac9b6d7f2361221)
#01 pc 0000000000010ca7 /system/lib64/platformsdk/libipc_common.z.so(OHOS::BinderConnector::WriteBinder(unsigned long, void*)+55)(ae9fe169bf1f8b0397c31ba1b67e0e94)
#02 pc 000000000007e34d /system/lib64/platformsdk/libipc_single.z.so(OHOS::BinderInvoker::TransactWithDriver(bool)+269)(216555c1ccaa2644568394a99c5a7547)
#03 pc 000000000007e71a /system/lib64/platformsdk/libipc_single.z.so(OHOS::BinderInvoker::StartWorkLoop()+106)(216555c1ccaa2644568394a99c5a7547)
#04 pc 0000000000080c28 /system/lib64/platformsdk/libipc_single.z.so(OHOS::BinderInvoker::JoinThread(bool)+40)(216555c1ccaa2644568394a99c5a7547)
#05 pc 00000000000769f5 /system/lib64/platformsdk/libipc_single.z.so(OHOS::IPCWorkThread::ThreadHandler(void*)+901)(216555c1ccaa2644568394a99c5a7547)
#06 pc 00000000001299e7 /system/lib/ld-musl-x86_64.so.1(74178aa6301b8bad2ac9b6d7f2361221)
#07 pc 0000000000090f8e /system/lib/ld-musl-x86_64.so.1(74178aa6301b8bad2ac9b6d7f2361221)
Tid:10871, Name:OS_FFRT_3_2
state=S, utime=0, stime=0, priority=0, nice=-20, clk=100
#00 pc 0000000000125ee9 /system/lib/ld-musl-x86_64.so.1(74178aa6301b8bad2ac9b6d7f2361221)
#01 pc 0000000000127883 /system/lib/ld-musl-x86_64.so.1(pthread_cond_timedwait+195)(74178aa6301b8bad2ac9b6d7f2361221)
#02 pc 00000000000c74e7 /system/lib64/chipset-sdk-sp/libc++.so(std::__h::condition_variable::__do_timed_wait(std::__h::unique_lock<std::__h::mutex>&, std::__h::chrono::time_point<std::__h::chrono::system_clock, std::__h::chrono::duration<long long, std::__h::ratio<1l, 1000000000l>>>)+103)(ca45f3285cb13d8a615c2dcf32305914fbc391ad)
#03 pc 000000000008bcb0 /system/lib64/ndk/libffrt.so(6014d53b82cd59820b512f223d249356)
#04 pc 00000000000760ef /system/lib64/ndk/libffrt.so(6014d53b82cd59820b512f223d249356)
#05 pc 0000000000075eaf /system/lib64/ndk/libffrt.so(6014d53b82cd59820b512f223d249356)
#06 pc 0000000000075d79 /system/lib64/ndk/libffrt.so(6014d53b82cd59820b512f223d249356)
#07 pc 00000000001299e7 /system/lib/ld-musl-x86_64.so.1(74178aa6301b8bad2ac9b6d7f2361221)
#08 pc 0000000000090f8e /system/lib/ld-musl-x86_64.so.1(74178aa6301b8bad2ac9b6d7f2361221)
Tid:10872, Name:OS_FFRT_3_1
state=S, utime=0, stime=0, priority=0, nice=-20, clk=100
#00 pc 0000000000125ee9 /system/lib/ld-musl-x86_64.so.1(74178aa6301b8bad2ac9b6d7f2361221)
#01 pc 0000000000127883 /system/lib/ld-musl-x86_64.so.1(pthread_cond_timedwait+195)(74178aa6301b8bad2ac9b6d7f2361221)
#02 pc 00000000000c74e7 /system/lib64/chipset-sdk-sp/libc++.so(std::__h::condition_variable::__do_timed_wait(std::__h::unique_lock<std::__h::mutex>&, std::__h::chrono::time_point<std::__h::chrono::system_clock, std::__h::chrono::duration<long long, std::__h::ratio<1l, 1000000000l>>>)+103)(ca45f3285cb13d8a615c2dcf32305914fbc391ad)
#03 pc 000000000008bcb0 /system/lib64/ndk/libffrt.so(6014d53b82cd59820b512f223d249356)
#04 pc 00000000000760ef /system/lib64/ndk/libffrt.so(6014d53b82cd59820b512f223d249356)
#05 pc 0000000000075eaf /system/lib64/ndk/libffrt.so(6014d53b82cd59820b512f223d249356)
#06 pc 0000000000075d79 /system/lib64/ndk/libffrt.so(6014d53b82cd59820b512f223d249356)
#07 pc 00000000001299e7 /system/lib/ld-musl-x86_64.so.1(74178aa6301b8bad2ac9b6d7f2361221)
#08 pc 0000000000090f8e /system/lib/ld-musl-x86_64.so.1(74178aa6301b8bad2ac9b6d7f2361221)
Tid:10873, Name:OS_FFRT_3_3
state=S, utime=0, stime=0, priority=0, nice=-20, clk=100
#00 pc 0000000000125ee9 /system/lib/ld-musl-x86_64.so.1(74178aa6301b8bad2ac9b6d7f2361221)
#01 pc 0000000000127883 /system/lib/ld-musl-x86_64.so.1(pthread_cond_timedwait+195)(74178aa6301b8bad2ac9b6d7f2361221)
#02 pc 00000000000c74e7 /system/lib64/chipset-sdk-sp/libc++.so(std::__h::condition_variable::__do_timed_wait(std::__h::unique_lock<std::__h::mutex>&, std::__h::chrono::time_point<std::__h::chrono::system_clock, std::__h::chrono::duration<long long, std::__h::ratio<1l, 1000000000l>>>)+103)(ca45f3285cb13d8a615c2dcf32305914fbc391ad)
#03 pc 000000000008bcb0 /system/lib64/ndk/libffrt.so(6014d53b82cd59820b512f223d249356)
#04 pc 00000000000760ef /system/lib64/ndk/libffrt.so(6014d53b82cd59820b512f223d249356)
#05 pc 0000000000075eaf /system/lib64/ndk/libffrt.so(6014d53b82cd59820b512f223d249356)
#06 pc 0000000000075d79 /system/lib64/ndk/libffrt.so(6014d53b82cd59820b512f223d249356)
#07 pc 00000000001299e7 /system/lib/ld-musl-x86_64.so.1(74178aa6301b8bad2ac9b6d7f2361221)
#08 pc 0000000000090f8e /system/lib/ld-musl-x86_64.so.1(74178aa6301b8bad2ac9b6d7f2361221)
Tid:10875, Name:OS_MainDisplayS
state=S, utime=0, stime=0, priority=0, nice=-20, clk=100
#00 pc 00000000000b837f /system/lib/ld-musl-x86_64.so.1(epoll_wait+31)(74178aa6301b8bad2ac9b6d7f2361221)
#01 pc 000000000001ceee /system/lib64/chipset-sdk-sp/libeventhandler.z.so(d20098a20e88abe540f8f998e7a8bdcc)
#02 pc 00000000000230bf /system/lib64/chipset-sdk-sp/libeventhandler.z.so(OHOS::AppExecFwk::EventQueue::WaitUntilLocked(std::__h::chrono::time_point<std::__h::chrono::steady_clock, std::__h::chrono::duration<long long, std::__h::ratio<1l, 1000000000l>>> const&, OHOS::AppExecFwk::UniqueLockBase&, bool)+79)(d20098a20e88abe540f8f998e7a8bdcc)
#03 pc 00000000000282df /system/lib64/chipset-sdk-sp/libeventhandler.z.so(OHOS::AppExecFwk::EventQueueBase::GetEvent()+207)(d20098a20e88abe540f8f998e7a8bdcc)
#04 pc 0000000000033985 /system/lib64/chipset-sdk-sp/libeventhandler.z.so(d20098a20e88abe540f8f998e7a8bdcc)
#05 pc 0000000000030352 /system/lib64/chipset-sdk-sp/libeventhandler.z.so(d20098a20e88abe540f8f998e7a8bdcc)
#06 pc 00000000000357c3 /system/lib64/chipset-sdk-sp/libeventhandler.z.so(d20098a20e88abe540f8f998e7a8bdcc)
#07 pc 00000000001299e7 /system/lib/ld-musl-x86_64.so.1(74178aa6301b8bad2ac9b6d7f2361221)
#08 pc 0000000000090f8e /system/lib/ld-musl-x86_64.so.1(74178aa6301b8bad2ac9b6d7f2361221)
Tid:10876, Name:OS_IPC_3_10876
state=S, utime=0, stime=0, priority=0, nice=-20, clk=100
#00 pc 00000000000dc46b /system/lib/ld-musl-x86_64.so.1(ioctl+187)(74178aa6301b8bad2ac9b6d7f2361221)
#01 pc 0000000000010ca7 /system/lib64/platformsdk/libipc_common.z.so(OHOS::BinderConnector::WriteBinder(unsigned long, void*)+55)(ae9fe169bf1f8b0397c31ba1b67e0e94)
#02 pc 000000000007e34d /system/lib64/platformsdk/libipc_single.z.so(OHOS::BinderInvoker::TransactWithDriver(bool)+269)(216555c1ccaa2644568394a99c5a7547)
#03 pc 000000000007e71a /system/lib64/platformsdk/libipc_single.z.so(OHOS::BinderInvoker::StartWorkLoop()+106)(216555c1ccaa2644568394a99c5a7547)
#04 pc 0000000000080c28 /system/lib64/platformsdk/libipc_single.z.so(OHOS::BinderInvoker::JoinThread(bool)+40)(216555c1ccaa2644568394a99c5a7547)
#05 pc 00000000000769f5 /system/lib64/platformsdk/libipc_single.z.so(OHOS::IPCWorkThread::ThreadHandler(void*)+901)(216555c1ccaa2644568394a99c5a7547)
#06 pc 00000000001299e7 /system/lib/ld-musl-x86_64.so.1(74178aa6301b8bad2ac9b6d7f2361221)
#07 pc 0000000000090f8e /system/lib/ld-musl-x86_64.so.1(74178aa6301b8bad2ac9b6d7f2361221)
Tid:10877, Name:ace.bg.1
state=S, utime=0, stime=0, priority=0, nice=-20, clk=100
#00 pc 0000000000125ee9 /system/lib/ld-musl-x86_64.so.1(74178aa6301b8bad2ac9b6d7f2361221)
#01 pc 0000000000127883 /system/lib/ld-musl-x86_64.so.1(pthread_cond_timedwait+195)(74178aa6301b8bad2ac9b6d7f2361221)
#02 pc 00000000000c7451 /system/lib64/chipset-sdk-sp/libc++.so(std::__h::condition_variable::wait(std::__h::unique_lock<std::__h::mutex>&)+17)(ca45f3285cb13d8a615c2dcf32305914fbc391ad)
#03 pc 000000000148ac32 /system/lib64/platformsdk/libace_compatible.z.so(cb476043f6fb29150d891bc788a45885)
#04 pc 000000000148afa2 /system/lib64/platformsdk/libace_compatible.z.so(cb476043f6fb29150d891bc788a45885)
#05 pc 00000000001299e7 /system/lib/ld-musl-x86_64.so.1(74178aa6301b8bad2ac9b6d7f2361221)
#06 pc 0000000000090f8e /system/lib/ld-musl-x86_64.so.1(74178aa6301b8bad2ac9b6d7f2361221)
Tid:10878, Name:ace.bg.2
state=S, utime=0, stime=0, priority=0, nice=-20, clk=100
#00 pc 0000000000125ee9 /system/lib/ld-musl-x86_64.so.1(74178aa6301b8bad2ac9b6d7f2361221)
#01 pc 0000000000127883 /system/lib/ld-musl-x86_64.so.1(pthread_cond_timedwait+195)(74178aa6301b8bad2ac9b6d7f2361221)
#02 pc 00000000000c7451 /system/lib64/chipset-sdk-sp/libc++.so(std::__h::condition_variable::wait(std::__h::unique_lock<std::__h::mutex>&)+17)(ca45f3285cb13d8a615c2dcf32305914fbc391ad)
#03 pc 000000000148ac32 /system/lib64/platformsdk/libace_compatible.z.so(cb476043f6fb29150d891bc788a45885)
#04 pc 000000000148afa2 /system/lib64/platformsdk/libace_compatible.z.so(cb476043f6fb29150d891bc788a45885)
#05 pc 00000000001299e7 /system/lib/ld-musl-x86_64.so.1(74178aa6301b8bad2ac9b6d7f2361221)
#06 pc 0000000000090f8e /system/lib/ld-musl-x86_64.so.1(74178aa6301b8bad2ac9b6d7f2361221)
Tid:10879, Name:ace.bg.3
state=S, utime=0, stime=0, priority=0, nice=-20, clk=100
#00 pc 0000000000125ee9 /system/lib/ld-musl-x86_64.so.1(74178aa6301b8bad2ac9b6d7f2361221)
#01 pc 0000000000127883 /system/lib/ld-musl-x86_64.so.1(pthread_cond_timedwait+195)(74178aa6301b8bad2ac9b6d7f2361221)
#02 pc 00000000000c7451 /system/lib64/chipset-sdk-sp/libc++.so(std::__h::condition_variable::wait(std::__h::unique_lock<std::__h::mutex>&)+17)(ca45f3285cb13d8a615c2dcf32305914fbc391ad)
#03 pc 000000000148ac32 /system/lib64/platformsdk/libace_compatible.z.so(cb476043f6fb29150d891bc788a45885)
#04 pc 000000000148afa2 /system/lib64/platformsdk/libace_compatible.z.so(cb476043f6fb29150d891bc788a45885)
#05 pc 00000000001299e7 /system/lib/ld-musl-x86_64.so.1(74178aa6301b8bad2ac9b6d7f2361221)
#06 pc 0000000000090f8e /system/lib/ld-musl-x86_64.so.1(74178aa6301b8bad2ac9b6d7f2361221)
Tid:10880, Name:ace.bg.4
state=S, utime=0, stime=0, priority=0, nice=-20, clk=100
#00 pc 0000000000125ee9 /system/lib/ld-musl-x86_64.so.1(74178aa6301b8bad2ac9b6d7f2361221)
#01 pc 0000000000127883 /system/lib/ld-musl-x86_64.so.1(pthread_cond_timedwait+195)(74178aa6301b8bad2ac9b6d7f2361221)
#02 pc 00000000000c7451 /system/lib64/chipset-sdk-sp/libc++.so(std::__h::condition_variable::wait(std::__h::unique_lock<std::__h::mutex>&)+17)(ca45f3285cb13d8a615c2dcf32305914fbc391ad)
#03 pc 000000000148ac32 /system/lib64/platformsdk/libace_compatible.z.so(cb476043f6fb29150d891bc788a45885)
#04 pc 000000000148afa2 /system/lib64/platformsdk/libace_compatible.z.so(cb476043f6fb29150d891bc788a45885)
#05 pc 00000000001299e7 /system/lib/ld-musl-x86_64.so.1(74178aa6301b8bad2ac9b6d7f2361221)
#06 pc 0000000000090f8e /system/lib/ld-musl-x86_64.so.1(74178aa6301b8bad2ac9b6d7f2361221)
Tid:10881, Name:ace.bg.5
state=S, utime=0, stime=0, priority=0, nice=-20, clk=100
#00 pc 0000000000125ee9 /system/lib/ld-musl-x86_64.so.1(74178aa6301b8bad2ac9b6d7f2361221)
#01 pc 0000000000127883 /system/lib/ld-musl-x86_64.so.1(pthread_cond_timedwait+195)(74178aa6301b8bad2ac9b6d7f2361221)
#02 pc 00000000000c7451 /system/lib64/chipset-sdk-sp/libc++.so(std::__h::condition_variable::wait(std::__h::unique_lock<std::__h::mutex>&)+17)(ca45f3285cb13d8a615c2dcf32305914fbc391ad)
#03 pc 000000000148ac32 /system/lib64/platformsdk/libace_compatible.z.so(cb476043f6fb29150d891bc788a45885)
#04 pc 000000000148afa2 /system/lib64/platformsdk/libace_compatible.z.so(cb476043f6fb29150d891bc788a45885)
#05 pc 00000000001299e7 /system/lib/ld-musl-x86_64.so.1(74178aa6301b8bad2ac9b6d7f2361221)
#06 pc 0000000000090f8e /system/lib/ld-musl-x86_64.so.1(74178aa6301b8bad2ac9b6d7f2361221)
Tid:10882, Name:ace.bg.6
state=S, utime=0, stime=0, priority=0, nice=-20, clk=100
#00 pc 0000000000125ee9 /system/lib/ld-musl-x86_64.so.1(74178aa6301b8bad2ac9b6d7f2361221)
#01 pc 0000000000127883 /system/lib/ld-musl-x86_64.so.1(pthread_cond_timedwait+195)(74178aa6301b8bad2ac9b6d7f2361221)
#02 pc 00000000000c7451 /system/lib64/chipset-sdk-sp/libc++.so(std::__h::condition_variable::wait(std::__h::unique_lock<std::__h::mutex>&)+17)(ca45f3285cb13d8a615c2dcf32305914fbc391ad)
#03 pc 000000000148ac32 /system/lib64/platformsdk/libace_compatible.z.so(cb476043f6fb29150d891bc788a45885)
#04 pc 000000000148afa2 /system/lib64/platformsdk/libace_compatible.z.so(cb476043f6fb29150d891bc788a45885)
#05 pc 00000000001299e7 /system/lib/ld-musl-x86_64.so.1(74178aa6301b8bad2ac9b6d7f2361221)
#06 pc 0000000000090f8e /system/lib/ld-musl-x86_64.so.1(74178aa6301b8bad2ac9b6d7f2361221)
Tid:10883, Name:ace.bg.7
state=S, utime=0, stime=0, priority=0, nice=-20, clk=100
#00 pc 0000000000125ee9 /system/lib/ld-musl-x86_64.so.1(74178aa6301b8bad2ac9b6d7f2361221)
#01 pc 0000000000127883 /system/lib/ld-musl-x86_64.so.1(pthread_cond_timedwait+195)(74178aa6301b8bad2ac9b6d7f2361221)
#02 pc 00000000000c7451 /system/lib64/chipset-sdk-sp/libc++.so(std::__h::condition_variable::wait(std::__h::unique_lock<std::__h::mutex>&)+17)(ca45f3285cb13d8a615c2dcf32305914fbc391ad)
#03 pc 000000000148ac32 /system/lib64/platformsdk/libace_compatible.z.so(cb476043f6fb29150d891bc788a45885)
#04 pc 000000000148afa2 /system/lib64/platformsdk/libace_compatible.z.so(cb476043f6fb29150d891bc788a45885)
#05 pc 00000000001299e7 /system/lib/ld-musl-x86_64.so.1(74178aa6301b8bad2ac9b6d7f2361221)
#06 pc 0000000000090f8e /system/lib/ld-musl-x86_64.so.1(74178aa6301b8bad2ac9b6d7f2361221)
Tid:10884, Name:ace.bg.8
state=S, utime=0, stime=0, priority=0, nice=-20, clk=100
#00 pc 0000000000125ee9 /system/lib/ld-musl-x86_64.so.1(74178aa6301b8bad2ac9b6d7f2361221)
#01 pc 0000000000127883 /system/lib/ld-musl-x86_64.so.1(pthread_cond_timedwait+195)(74178aa6301b8bad2ac9b6d7f2361221)
#02 pc 00000000000c7451 /system/lib64/chipset-sdk-sp/libc++.so(std::__h::condition_variable::wait(std::__h::unique_lock<std::__h::mutex>&)+17)(ca45f3285cb13d8a615c2dcf32305914fbc391ad)
#03 pc 000000000148ac32 /system/lib64/platformsdk/libace_compatible.z.so(cb476043f6fb29150d891bc788a45885)
#04 pc 000000000148afa2 /system/lib64/platformsdk/libace_compatible.z.so(cb476043f6fb29150d891bc788a45885)
#05 pc 00000000001299e7 /system/lib/ld-musl-x86_64.so.1(74178aa6301b8bad2ac9b6d7f2361221)
#06 pc 0000000000090f8e /system/lib/ld-musl-x86_64.so.1(74178aa6301b8bad2ac9b6d7f2361221)
Tid:10885, Name:OS_FFRT_5_1
state=S, utime=0, stime=0, priority=0, nice=-20, clk=100
#00 pc 0000000000125ee9 /system/lib/ld-musl-x86_64.so.1(74178aa6301b8bad2ac9b6d7f2361221)
#01 pc 0000000000127883 /system/lib/ld-musl-x86_64.so.1(pthread_cond_timedwait+195)(74178aa6301b8bad2ac9b6d7f2361221)
#02 pc 00000000000c74e7 /system/lib64/chipset-sdk-sp/libc++.so(std::__h::condition_variable::__do_timed_wait(std::__h::unique_lock<std::__h::mutex>&, std::__h::chrono::time_point<std::__h::chrono::system_clock, std::__h::chrono::duration<long long, std::__h::ratio<1l, 1000000000l>>>)+103)(ca45f3285cb13d8a615c2dcf32305914fbc391ad)
#03 pc 000000000008bcb0 /system/lib64/ndk/libffrt.so(6014d53b82cd59820b512f223d249356)
#04 pc 00000000000760ef /system/lib64/ndk/libffrt.so(6014d53b82cd59820b512f223d249356)
#05 pc 0000000000075eaf /system/lib64/ndk/libffrt.so(6014d53b82cd59820b512f223d249356)
#06 pc 0000000000075d79 /system/lib64/ndk/libffrt.so(6014d53b82cd59820b512f223d249356)
#07 pc 00000000001299e7 /system/lib/ld-musl-x86_64.so.1(74178aa6301b8bad2ac9b6d7f2361221)
#08 pc 0000000000090f8e /system/lib/ld-musl-x86_64.so.1(74178aa6301b8bad2ac9b6d7f2361221)

Catche stack trace end time: 2026-09-19 13:55:42.180

Dump main thread stack start time: 2026-09-19 13:55:42.061
Tid:10728, Name:xample.callaite
state=R, utime=1195, stime=80, priority=10, nice=-10, clk=100
#00 pc 00000000010246b0 /system/lib64/module/arkcompiler/stub.an(BCStub_HandleStaV8StwCopy+16)
#01 pc 000000000001d3ef [anon:native_heap:brk]

Dump main thread stack end time: 2026-09-19 13:55:42.085

PeerBinder pids is empty


---------------------------------------------------
FfrtCatcher -- start time: 2026/09/19-13:55:42:190

FfrtCatcher --

ffrt fump pid=10728:

-------------------------------[ability]-------------------------------


----------------------------------ApplicationManagerService----------------------------------
|-> Launcher proc ffrt, now:2026-09-19 13:55:42.202222 pid:10728
    |-> key status
no key status info
    |-> worker count
        qos 0: worker num:1 tid:10858
        qos 2: worker num:1 tid:10851
        qos 3: worker num:4 tid:10872, 10873, 10871, 10856
        qos 5: worker num:2 tid:10885, 10848
    |-> worker status
        qos 0: worker tid 10858 is running nothing
        qos 2: worker tid 10851 is running nothing
        qos 3: worker tid 10872 is running nothing
        qos 3: worker tid 10873 is running nothing
        qos 3: worker tid 10871 is running nothing
        qos 3: worker tid 10856 is running nothing
        qos 5: worker tid 10885 is running nothing
        qos 5: worker tid 10848 is running nothing
<<<=== Timeout Task Info ===>>>
Timeout info EmptyQueue Timeout info Empty<<<=== Queue Traffic Record ===>>>
Queue Traffic Record Empty

FfrtCatcher -- end time: 2026/09/19-13:55:42:208
---------------------------------------------------

---------------------------------------------------
catcher cmd: hilog -z 1000 -P start time: 2026/09/19-13:55:42:208

catcher cmd: hilog -z 1000 -P 
09-19 13:55:29.040 10728 10728 I C02c11/APPSPAWN: AppSpawnChild id 52 flags:0xc
09-19 13:55:29.041 10728 10728 I C02d33/HitraceOption: FilterAppTrace com.example.callaite 10728
09-19 13:55:29.041 10728 10728 W C02c11/APPSPAWN: errno:2 bind mount /system/app/ArkWebCoreLegacy to /mnt/sandbox/100/com.example.callaite/system/app/ArkWebCoreLegacy
09-19 13:55:29.042 10728 10728 W C02c11/APPSPAWN: errno:2 bind mount /vendor/etc/hiai to /mnt/sandbox/100/com.example.callaite/vendor/etc/hiai
09-19 13:55:29.042 10728 10728 W C02c11/APPSPAWN: errno:2 bind mount /data/data/hiai to /mnt/sandbox/100/com.example.callaite/data/data/hiai
09-19 13:55:29.042 10728 10728 W C02c11/APPSPAWN: errno:2 bind mount /data/service/el1/public/themes/100/a/app to /mnt/sandbox/100/com.example.callaite/data/themes/a/app
09-19 13:55:29.042 10728 10728 W C02c11/APPSPAWN: errno:2 bind mount /data/service/el1/public/themes/100/b/app to /mnt/sandbox/100/com.example.callaite/data/themes/b/app
09-19 13:55:29.042 10728 10728 W C02c11/APPSPAWN: errno:2 bind mount /chip_prod/lib64/passthrough to /mnt/sandbox/100/com.example.callaite/chip_prod/lib64/passthrough
09-19 13:55:29.042 10728 10728 W C02c11/APPSPAWN: errno:2 bind mount /data/app/el1/bundle/public/com.huawei.hmos.arkwebcorelegacy to /mnt/sandbox/100/com.example.callaite/data/storage/el1/bundle/arkwebcorelegacy
09-19 13:55:29.042 10728 10728 W C02c11/APPSPAWN: check dir /data/app/el1/bundle/public/com.huawei.hmos.arkwebcorelegacy failed,strerror:No such file or directory
09-19 13:55:29.042 10728 10728 W C02c11/APPSPAWN: check dir /data/app/el1/public/aot_compiler/ark_cache/com.example.callaite failed,strerror:No such file or directory
09-19 13:55:29.050 10728 10728 W C02c11/APPSPAWN: errno:2 bind mount /data/preload/app to /mnt/sandbox/100/com.example.callaite/data/preload/app
09-19 13:55:29.054 10728 10728 E C02c11/APPSPAWN: [sandbox_dec.c:247]Open dec file failed errno 2
09-19 13:55:29.055 10728 10728 I C05a03/Selinux: Hap setcon finish, context for com.example.callaite is relabeled to o:r:debug_hap:s0:x95,x334,x512,x868,x1024
09-19 13:55:29.057 10728 10728 I C05a05/SecCompEnhanceClient: [RegisterCheckCallback]Register secComp: sessionId=3787858999, seqNum=******323.
09-19 13:55:29.057 10728 10844 W C057c1/IPCWorkThread: ThreadHandler: proto:0 policy:1 name:OS_IPC_0_10844 invoker:3886496
09-19 13:55:29.058 10728 10845 W C057c1/IPCWorkThread: ThreadHandler: proto:0 policy:0 name:OS_IPC_1_10845 invoker:3885344
09-19 13:55:29.058 10728 10728 I C02d0b/HICHECKER: hichecker param is empty.
09-19 13:55:29.058 10728 10728 I C04500/webview: CalculateActiveWebEngineVersion: CalculateActiveWebEngineVersion, enforce 3
09-19 13:55:29.059 10728 10728 I C01317/AppKit: [MTHRD3495]mainthread start, pid:10728
09-19 13:55:29.059 10728 10728 I C01317/AppKit: [MTHRD3294]is not in rescue mode
09-19 13:55:29.059 10728 10728 I C01317/AppKit: [MTHRD3321]is not in rescue mode
09-19 13:55:29.066 10728 10728 I C01317/AppKit: [MTHRD442]attach
09-19 13:55:29.082 10728 10845 I C01317/AppKit: [MTHRD922]ScheduleLaunchAbility called,ability EntryAbility,1
09-19 13:55:29.086 10728 10728 I C01317/AppKit: [MTHRD267]NativeLibPath empty
09-19 13:55:29.087 10728 10728 I C01317/AppKit: [MTHRD1990]SmartGC:0 version:1000000
09-19 13:55:29.093 10728 10728 I C03f00/ArkCompiler: [ecmascript] asmint: 1, aot: 0, jit: 1, baseline jit: 0, bundle name: com.example.callaite, arkTSMode: dynamic
09-19 13:55:29.098 10728 10852 E C01707/CONCUR: [Interface] task 10852 apply qos failed, errno = 4
09-19 13:55:29.099 10728 10728 I C03f00/ArkCompiler: [ecmascript] multi-thread check enabled: 0
09-19 13:55:29.099 10728 10728 I C03f00/ArkCompiler: [pgo] reset pgo profiler, pgo profiler is disabled
09-19 13:55:29.099 10728 10728 I C03301/LIBUV: clean up handles in loop(6176)
09-19 13:55:29.099 10728 10728 I C03301/LIBUV: loop:(6176) closed in 0s
09-19 13:55:29.099 10728 10728 I C03301/LIBUV: close:6176, async_io_wfd:14
09-19 13:55:29.099 10728 10728 I C03301/LIBUV: close:6176, backend_fd:8
09-19 13:55:29.099 10728 10728 I C03301/LIBUV: init:6032
09-19 13:55:29.099 10728 10728 I C03301/LIBUV: init:6032, backend_fd:8
09-19 13:55:29.099 10728 10728 I C03301/LIBUV: open:6032, pipefd[0]:14
09-19 13:55:29.099 10728 10728 I C03f00/ArkCompiler: [ecmascript] can not find aot file
09-19 13:55:29.108 10728 10728 I C03f00/ArkCompiler: StartServer, componentName = <private>
09-19 13:55:29.108 10728 10728 W C01321/JsRuntime: [CSM161]disCon
09-19 13:55:29.108 10728 10728 I C03f00/ArkCompiler: [ecmascript] JSNApi::NotifyDebugMode, tid = 10728, debugApp = 1, isDebugMode = 0, instanceId = 0
09-19 13:55:29.110 10728 10857 I C02c03/PARAM_WATCHER: Add watcher keyPrefix persist.hdc.jdwp remoteWatcherId 100 success
09-19 13:55:29.111 10728 10728 I C03f00/ArkCompiler: [compiler] __jit_debug_register_code() is called.
09-19 13:55:29.111 10728 10728 I C03f00/ArkCompiler: [compiler] success to register stub.an to debugger.
09-19 13:55:29.111 10728 10851 I C01317/AppKit: [DRH689]File existed. dir: /data/storage/el2/base/cache/rawheap
09-19 13:55:29.111 10728 10851 I C01317/AppKit: [DRH667]success to create /data/storage/el2/base/cache/rawheap
09-19 13:55:29.113 10728 10728 W C01e00/ResourceManager: update userId, currentUserId_= 0, userId= 100
09-19 13:55:29.113 10728 10728 E C01e00/ResourceManager: LoadThemesRes failed, userId = 100, bundleName = com.example.callaite
09-19 13:55:29.113 10728 10728 W C01e00/ResourceManager: theme resources will clean, id 100
09-19 13:55:29.115 10728 10848 W C01653/NativePreferences: LoadFromDisk: The settingXml /***/el1/***/i18*** load failed.
09-19 13:55:29.119 10728 10728 E C01301/CompatiblePolicyDeviceType: [calculateResourceType:81]deviceType is empty.
09-19 13:55:29.120 10728 10728 W C01301/Ability: [resource_config_helper.cpp193]invalid source:
09-19 13:55:29.120 10728 10728 W C01301/Ability: [resource_config_helper.cpp193]invalid source:
09-19 13:55:29.120 10728 10728 I C01317/AppKit: [application_cleaner.cpp94]ClearTempData
09-19 13:55:29.127 10728 10728 I C01317/AppKit: [MTHRD2947]NtfyAppPreAbiCreate
09-19 13:55:29.145 10728 10728 I C01317/AppKit: [JAS211]LoadModule
09-19 13:55:29.145 10728 10728 W C01317/AppKit: [JAS1032]null stage
09-19 13:55:29.145 10728 10728 W C01317/AppKit: [JAS254]Not found AbilityStage.js
09-19 13:55:29.145 10728 10728 I C01317/AppKit: [OH_APP432]OnAboutToCreateAbility
09-19 13:55:29.145 10728 10728 W C01317/AppKit: [JAS349]Not found AbilityStage.js
09-19 13:55:29.148 10728 10728 I C01332/UIAbility: [ui_ability.cpp131]instanceId: 07ce-d64c-aadf-476f-b8c48885efcb31c4
09-19 13:55:29.151 10728 10728 I C03f00/ArkCompiler: [ecmascript] start to execute module buffer with secure memory: /data/storage/el1/bundle/entry/ets/entryability/EntryAbility.abc
09-19 13:55:29.151 10728 10853 I C03f00/ArkCompiler: [pgo] will save profiler to file /data/storage/ark-profile/rt_entry.ap
09-19 13:55:29.151 10728 10728 E C03f00/ArkCompiler: [common] Can not open xpm proc file, do not check secure memory anymore.
09-19 13:55:29.155 10728 10728 E C01707/CONCUR: [Interface] task 10853 apply qos failed, errno = 4
09-19 13:55:29.158 10728 10728 E C01707/CONCUR: [Interface] task 10854 apply qos failed, errno = 4
09-19 13:55:29.164 10728 10728 E C01707/CONCUR: [Interface] task 10855 apply qos failed, errno = 4
09-19 13:55:29.169 10728 10728 E C01707/CONCUR: [Interface] task 10853 apply qos failed, errno = 4
09-19 13:55:29.173 10728 10728 E C01707/CONCUR: [Interface] task 10854 apply qos failed, errno = 4
09-19 13:55:29.175 10728 10728 E C01707/CONCUR: [Interface] task 10855 apply qos failed, errno = 4
09-19 13:55:29.206 10728 10728 W C03f04/MMG: [NMM:1439] First: failed do_dlsym failed: Symbol not found: NAPI_file_fs_GetABCCode, version: null so=/system/lib64/module/file/libfs.z.so.Second: failed /system/lib64/module/hms/core/libiap_napi.z.so not exist.load /system/etc/abc/core/iap.abc failed
09-19 13:55:29.206 10728 10728 E C03f00/ArkCompiler: [ecmascript] export objects of native so is undefined, so name is @hms:core.iap
09-19 13:55:29.218 10728 10728 I C04309/CLOUD_FILE_SYNC: CloudSyncExport:Class MultiDownloadProgress for module cloudSyncDownload has been exported
09-19 13:55:29.218 10728 10728 I C04309/CLOUD_FILE_SYNC: CloudSyncExport:Class CloudFileCache for module cloudSyncDownload has been exported
09-19 13:55:29.218 10728 10728 I C04309/CLOUD_FILE_SYNC: CloudSyncExport:Class Download for module cloudSyncDownload has been exported
09-19 13:55:29.218 10728 10728 I C04309/CLOUD_FILE_SYNC: CloudSyncExport:Class GallerySync for module cloudSyncDownload has been exported
09-19 13:55:29.218 10728 10728 I C04309/CLOUD_FILE_SYNC: CloudSyncExport:Class FileSync for module cloudSyncDownload has been exported
09-19 13:55:29.218 10728 10728 I C04309/CLOUD_FILE_SYNC: CloudSyncExport:Class FileVersion for module cloudSyncDownload has been exported
09-19 13:55:29.227 10728 10728 I C01324/JsNapi: [js_error_manager.cpp1837]called
09-19 13:55:29.228 10728 10728 I C01320/JsEnv: [JSENV300]timing: 77
09-19 13:55:29.228 10728 10728 I C01320/JSENV: Callee constructor is OK string
09-19 13:55:29.228 10728 10728 I C01320/JSENV: Ability::constructor callee is object [object Object]
09-19 13:55:29.229 10728 10728 I C03f00/ArkCompiler: [ecmascript] start to execute ark buffer with secure memory use file: /data/storage/el1/bundle/entry/ets/modules.abc, entrypoint: @normalized:N&&&entry/build/generated/r/ResourceTable&
09-19 13:55:29.230 10728 10728 I C01332/UIAbility: [ui_ability_thread.cpp204]Lifecycle:Attach
09-19 13:55:29.232 10728 10728 I C01317/AppKit: [MTHRD3123]called
09-19 13:55:29.232 10728 10728 I C03f00/ArkCompiler: [gc] app is not inBackground
09-19 13:55:29.237 10728 10728 E C01707/CONCUR: [Interface] task 10853 apply qos failed, errno = 4
09-19 13:55:29.244 10728 10728 E C01707/CONCUR: [Interface] task 10854 apply qos failed, errno = 4
09-19 13:55:29.248 10728 10728 E C01707/CONCUR: [Interface] task 10855 apply qos failed, errno = 4
09-19 13:55:29.251 10728 10845 I C01332/UIAbility: [ui_ability_thread.cpp352]name:EntryAbility,targeState:5,isNewWant:0
09-19 13:55:29.251 10728 10728 I C01332/UIAbility: [ui_ability_thread.cpp271]Lifecycle:name EntryAbility
09-19 13:55:29.251 10728 10728 I C04201/DMS: AddDisplayIdFromAms: abilityToken and display[0] has been added.
09-19 13:55:29.255 10728 10728 I C01332/UIAbility: [JUA2177]JsUIAbility call js, name: onCreate
09-19 13:55:29.255 10728 10728 I A00001/EntryAbility: Ability onCreate
09-19 13:55:29.258 10728 10728 E C01356/Recovery: [app_recovery_api.cpp124]invalid restartFlag: 7
09-19 13:55:29.258 10728 10728 I A00001/ErrorRecovery: App recovery enabled
09-19 13:55:29.265 10728 10728 I C01317/AppKit: [OH_APP1240]current 2, pre 0
09-19 13:55:29.266 10728 10728 W C01317/AppKit: [OH_APP1269]fontSize empty
09-19 13:55:29.266 10728 10728 I C01317/AppKit: [OH_APP1300]current 2, pre 0
09-19 13:55:29.266 10728 10728 W C01317/AppKit: [OH_APP1304]language empty
09-19 13:55:29.266 10728 10728 W C01317/AppKit: [OH_APP1323]language and locale empty
09-19 13:55:29.266 10728 10728 I C01317/AppKit: [OH_APP298]configuration_: {"0#const.build.characteristics":"phone","0#input.pointer.device":"true","0#ohos.app.fontSizeScale":"nonFollowSystem","0#ohos.application.densitydpi":"xxxldpi","0#ohos.application.direction":"vertical","0#ohos.application.displayid":"0","0#ohos.system.colorMode":"light","0#ohos.system.colorMode.isSetByApp":"isSetByApp","0#ohos.system.fontSizeScale":"1.0","0#ohos.system.fontWeightScale":"1.0","0#ohos.system.hour":"false","0#ohos.system.language":"zh-Hans","0#ohos.system.locale":"zh-Hans"}, config: {"0#ohos.system.colorMode":"light","0#ohos.system.colorMode.isSetByApp":"isSetByApp"}
09-19 13:55:29.266 10728 10728 E C04217/WMSAttribute: UpdateConfigurationSyncForAll: root is null
09-19 13:55:29.266 10728 10728 I C01332/UIAbility: [JUA2177]JsUIAbility call js, name: onConfigurationUpdated
09-19 13:55:29.266 10728 10728 I C01332/UIAbility: [JUA2222]end, name: onConfigurationUpdated, time: 0
09-19 13:55:29.266 10728 10728 I C01332/UIAbility: [JUA2177]JsUIAbility call js, name: onConfigurationUpdate
09-19 13:55:29.266 10728 10728 I C01332/UIAbility: [JUA2222]end, name: onConfigurationUpdate, time: 0
09-19 13:55:29.266 10728 10728 W C01317/AppKit: [JAS919]Not found AbilityStage.js
09-19 13:55:29.267 10728 10728 W C01317/AppKit: [JAS919]Not found AbilityStage.js
09-19 13:55:29.267 10728 10728 I C01317/AppKit: [OH_APP322]ignoreWindowContext size 0
09-19 13:55:29.267 10728 10728 E C04217/WMSAttribute: UpdateConfigurationForAll: root is null
09-19 13:55:29.267 10728 10728 I C01332/UIAbility: [JUA2222]end, name: onCreate, time: 12
09-19 13:55:29.267 10728 10728 E C01332/UIAbility: [ui_ability_impl.cpp364]hasSaveData_: false
09-19 13:55:29.267 10728 10728 W C01332/UIAbility: [JUA1352]formatRegex: []
09-19 13:55:29.267 10728 10728 I C04202/WMSMain: Init: [requestId: 0][scbRequestId: 21]WindowScene with window session!
09-19 13:55:29.267 10728 10728 I C04202/WMSMain: Init: set isModuleAbilityHookEnd
09-19 13:55:29.267 10728 10728 I C0420a/WMSLife: WindowSessionImpl: nodeId: 46076409151489
09-19 13:55:29.267 10728 10728 I C01406/OHOS::RS: RSLogManager init log flag: 0x0(0)
09-19 13:55:29.269 10728 10728 I C01406/OHOS::RS: RSRenderServiceConnectHub call CreateConnection, needRefresh:[0]
09-19 13:55:29.270 10728 10728 I C01406/OHOS::RS: RSFrameRateLinker::Create id: 46076409151488
09-19 13:55:29.270 10728 10728 I C04202/WMSMain: VsyncStation: id 46076409151489 created
09-19 13:55:29.270 10728 10728 I C04200/WindowSceneSessionImpl: WindowSceneSessionImpl: [WMSCom] Constructor callaite0
09-19 13:55:29.270 10728 10728 E C04200/WMS: SetWindowType: permission denied!
09-19 13:55:29.270 10728 10728 I C0420a/WMSLife: Create: Window Create name:callaite0, state:0, mode:0
09-19 13:55:29.271 10728 10728 I C0420a/WMSLife: Create: SetIsAbilityHookOff 0
09-19 13:55:29.271 10728 10728 W C0420a/WMSLife: IsWindowSessionInvalid: id: 0 state_: 0
09-19 13:55:29.271 10728 10728 W C04200/WindowSceneSessionImpl: AdjustWindowAnimationFlag: session invalid!
09-19 13:55:29.271 10728 10728 I C04200/WindowSceneSessionImpl: Remove window flag WINDOW_FLAG_SHOW_WHEN_LOCKED
09-19 13:55:29.271 10728 10728 I C0420a/WMSLife: Connect: in
09-19 13:55:29.273 10728 10869 W C057c1/IPCWorkThread: ThreadHandler: proto:0 policy:0 name:OS_IPC_2_10869 invoker:3893984
09-19 13:55:29.275 10728 10845 I C04208/WMSLayout: UpdateRect: [WindowRectUpdate:ClientRecv] UpdateRect id:0 name:callaite0, preRect=[0 0 0 0], newRect=[0 0 1308 2880], reason:0 displayId:0
09-19 13:55:29.275 10728 10845 I C04208/WMSLayout: NotifyFirstValidLayoutUpdate: Id:0, rect:[0 0 1308 2880]
09-19 13:55:29.275 10728 10845 W C04208/WMSLayout: NotifySingleHandTransformChange: id:0, uiContent is nullptr
09-19 13:55:29.275 10728 10728 I C01406/OHOS::RS: RSSurfaceNode::Unmarshalling, Node: 46076409151489, Name: callaite0
09-19 13:55:29.275 10728 10728 I C04208/WMSLayout: Connect: updateRect when connect.preRect:[0,0,1308,2880]rect:[0,0,1308,2880]
09-19 13:55:29.275 10728 10728 E C0421c/WMSCompat: ReadCombinedCompatibleConfig: combinedConfigSize: 0 fail to meet the conditions
09-19 13:55:29.276 10728 10728 I C0420a/WMSLife: Connect: Window Connect [name:callaite0, id:44, type:1], ret:0, oriDisplayId:0, curDisplayId:0
09-19 13:55:29.276 10728 10728 I C04204/WMSScb: RS multi-instance enabled: 1
09-19 13:55:29.276 10728 10728 I C01406/OHOS::RS: multi-instance, create RSUIContextManager, isMultiInstanceOpen_ 1
09-19 13:55:29.276 10728 10728 I C01406/OHOS::RS: RSRenderServiceConnectHub AddRenderProcessConnectionToken
09-19 13:55:29.277 10728 10728 I C01406/OHOS::RS: RSRenderServiceConnectHub::SetOnDiedCallback, code:0
09-19 13:55:29.277 10728 10728 I C01406/OHOS::RS: RSApplicationAgentImpl::RegisterRSApplicationAgent!
09-19 13:55:29.277 10728 10728 I C01406/OHOS::RS: RSUIDirector::GoCreate CurrentState:0, UIContext:46076409151489
09-19 13:55:29.277 10728 10728 I C01406/OHOS::RS: RSUIDirector::GoResume CurrentState:0, UIContext:46076409151489
09-19 13:55:29.277 10728 10728 I C01406/OHOS::RS: RSUIDirector::GoForeground CurrentState:1, UIContext:46076409151489
09-19 13:55:29.277 10728 10728 I C02c03/PARAM_WATCHER: Add watcher keyPrefix persist.sys.graphic.animationscale remoteWatcherId 100 success
09-19 13:55:29.278 10728 10728 I C04204/WMSScb: InitRSUIDirector: Create RSUIDirector: RSUIDirector's RSUIContext [token: 46076409151489, tid: 10728], rsUIContext: RSUIContext is null
09-19 13:55:29.278 10728 10728 I C0420a/WMSLife: PostInitSurfaceNode: post init surfaceNode success, name: callaite0
09-19 13:55:29.278 10728 10728 I C0421c/WMSCompat: SetAppHookWindowInfo: Id:44, preHookWindowInfo:[enableHookWindow: false, widthHookRatio: 1.000000, notifyWindowChange: false, drawableRectHook: false], newHookWindowInfo:[enableHookWindow: false, widthHookRatio: 1.000000, notifyWindowChange: false, drawableRectHook: false]
09-19 13:55:29.278 10728 10728 I C0421c/WMSCompat: SendCombinedCompatibleConfigToArkUI: bundleName: com.example.callaite, combinedCompatibleConfig size: 0
09-19 13:55:29.278 10728 10728 E C0421c/WMSCompat: SendCombinedCompatibleConfigToArkUI: Combined compatible config size is less than 2!
09-19 13:55:29.278 10728 10728 I C01406/OHOS::RS: RSSurfaceNode::SetAlphaChangedCallback, node=[46076409151489, callaite0]
09-19 13:55:29.278 10728 10728 I C04208/WMSLayout: SetWindowMode: windowId: 44, windowModeSupportType: 127, mode: 1
09-19 13:55:29.278 10728 10728 I C04208/WMSLayout: UpdateWindowModeImmediately: [WindowModeUpdate:Inner] UpdateWindowModeImmediately id:44, mode:1, splitStyle:0, splitIndex:0, state:1
09-19 13:55:29.279 10728 10728 I C04208/WMSLayout: NotifyWindowStatusChange: [WindowModeUpdate:Inner] NotifyWindowStatusChange id:44, mode:1, status:1, lastStatus:0, skipRedundant:0
09-19 13:55:29.279 10728 10728 I C04208/WMSLayout: SetConfigWindowLimitsVP: id:44, windowLimits:[0 0 0 0 0.000000 0.000000 1.000000 1]
09-19 13:55:29.280 10728 10728 I C04208/WMSLayout: GetSystemSizeLimits: systemLimitsPX: [6720 6720 1120 840 340282346638528859811704183484516925440.000000 0.000000 1.000000 0], systemLimitsVP: [1920 1920 320 240 340282346638528859811704183484516925440.000000 0.000000 1.000000 1], configMaxSize: 1920, vpr: 3.500000, winType: 1
09-19 13:55:29.280 10728 10728 I C04208/WMSLayout: UpdateWindowSizeLimits: [WindowLimitsUpdate:CalcLimits] SaveLimits id:44, px[minW:1120,minH:840,maxW:6720,maxH:6720] vp[minW:320,minH:240,maxW:1920,maxH:1920] vpr=3.500000
09-19 13:55:29.280 10728 10728 I C0421a/WMSLayoutPc: GetSupportedWindowModesConfiguration: winId: 44, windowModeSupportType: 15
09-19 13:55:29.280 10728 10728 I C04202/WMSMain: SetSupportedWindowModesForAncoInFreeWindow: is not anco app, need not update support window mode.
09-19 13:55:29.280 10728 10728 I C04208/WMSLayout: SetWindowModeSupportType: id:44, old:127, new:15
09-19 13:55:29.280 10728 10728 I C04208/WMSLayout: GetConfigurationFromAbilityInfo: windowId: 44, windowModeSupportType: 15, isAncoSupportFreeWindow: 0
09-19 13:55:29.281 10728 10728 I C0420f/WMSRecover: RegisterSessionRecoverCallbackFunc: persistentId=44
09-19 13:55:29.281 10728 10728 I C04217/WMSAttribute: UpdateStatusBarColorByColorMode: win=44, appColor=light
09-19 13:55:29.282 10728 10728 I C04200/WMS: IsMainHandlerAvailable: id:44, isAvailable:1
09-19 13:55:29.282 10728 10728 I C04200/WMS: IsMainHandlerAvailable: id:44, isAvailable:1
09-19 13:55:29.284 10728 10728 I C02800/MMIClient: [|267]Connection to server succeeded, fd:32
09-19 13:55:29.284 10728 10728 I C02800/MMIClient: [|166]Server was listening
09-19 13:55:29.284 10728 10728 I C02800/MMIClient: [|127]reuse current event handler, thread name:
09-19 13:55:29.284 10728 10728 I C02800/MMIClient: [|130]File fd is in listening
09-19 13:55:29.284 10728 10728 I C0420c/WMSEvent: AddInputWindow: SetWindowInputEventConsumer success, wid:44
09-19 13:55:29.285 10728 10728 I C04732/GameController: [(RegisterEntryModule:24)]begin load gamecontroller_event
09-19 13:55:29.286 10728 10728 I C04732/GameController: [(StartInputToTouch:61)]Begin StartInputToTouch
09-19 13:55:29.286 10728 10870 I C04732/GameController: [(GetSelfBundleName:49)]The current bundleName [com.example.callaite]. version [1.0.0]
09-19 13:55:29.287 10728 10870 I C04732/GameController: [(IsCommonApp:94)]The [com.example.callaite] is a common app.
09-19 13:55:29.287 10728 10870 W C04732/GameController: [(ReadJsonFromFile:224)]realpath failed for [/data/service/el1/public/for-all-app/gamecontroller_server/game_support_key_mapping.json]
09-19 13:55:29.287 10728 10870 I C04732/GameController: [(SetSupportKeyMapping:73)]SetSupportKeyMapping. isSupportKeyMapping_ is [0]
09-19 13:55:29.287 10728 10870 I C04732/GameController: [(DoAsyncTask:76)]The app does not support input-to-touch feature.
09-19 13:55:29.287 10728 10728 I C04217/WMSAttribute: ConnectServer: start connect
09-19 13:55:29.287 10728 10728 I C04217/WMSAttribute: ConnectServer: end connect
09-19 13:55:29.288 10728 10728 W C04217/WMSAttribute: RegisterGetWMSWindowListCallback: callback has registered
09-19 13:55:29.288 10728 10728 I C04217/WMSAttribute: RegisterGetWMSWindowListCallback: winId: 44
09-19 13:55:29.288 10728 10728 I C04217/WMSAttribute: UpdateColorMode: winId: 44, colorMode: light
09-19 13:55:29.288 10728 10728 I C04218/WMSPc: UpdateSidebarBlurStyleWhenColorModeChange: in, persistentId=44
09-19 13:55:29.288 10728 10728 W C04218/WMSPc: UpdateSidebarBlurStyleWhenColorModeChange: RSAnimatableProperty is null
09-19 13:55:29.288 10728 10728 I C04217/WMSAttribute: UpdateColorMode: winId: 44, colorMode: light, hasDarkRes: 1
09-19 13:55:29.288 10728 10728 I C0421c/WMSCompat: SetPcAppInpadSpecificSystemBarInvisible: isPcAppInpadSpecificSystemBarInvisible: 0
09-19 13:55:29.288 10728 10728 I C0421c/WMSCompat: SetPcAppInpadOrientationLandscape: isPcAppInpadOrientationLandscape: 0
09-19 13:55:29.288 10728 10728 I C0420a/WMSLife: Create: Window Create success [name:callaite0, id:44], state:1, mode:1, enableDefaultDensity:0, displayId:0
09-19 13:55:29.288 10728 10728 E C04200/WMS: singleton_container.cpp GetSingleton: cant get OHOS::Rosen::WindowInfoReporter
09-19 13:55:29.288 10728 10728 I C01332/UIAbility: [JUA2177]JsUIAbility call js, name: onWindowStageCreate
09-19 13:55:29.288 10728 10728 I A00001/EntryAbility: Ability onWindowStageCreate
09-19 13:55:29.289 10728 10728 I A03d00/JSAPP: [DataStore] Loading 2 .md files from /data/storage/el2/base/haps/entry/files/graph
09-19 13:55:29.289 10728 10728 W A03d00/JSAPP: [DataStore] Empty or unreadable file: 2026-09-19.md
09-19 13:55:29.289 10728 10728 I A03d00/JSAPP: [DataStore] Graph loaded. Pages: 1
09-19 13:55:29.290 10728 10856 I C01610/KvStoreServiceDeathNotifier: [a92ab123d146e0c, 0, 0] AddServiceDeathWatcher: Success set size: <private>
09-19 13:55:29.290 10728 10856 I C01610/KvStoreServiceDeathNotifier: [a92ab123d146e0c, 0, 0] GetDistributedKvDataService: Create remote proxy.
09-19 13:55:29.290 10728 10856 I C01610/DataMgrServiceProxy: [a92ab123d146e0c, 0, 0] DataMgrServiceProxy: Init data service proxy.
09-19 13:55:29.290 10728 10856 I C01610/KvStoreServiceDeathNotifier: [a92ab123d146e0c, 0, 0] ServiceDeathRecipient: Constructor.
09-19 13:55:29.291 10728 10856 I C01610/KvStoreClientDeathObserver: [a92ab123d146e0c, 0, 0] KvStoreClientDeathObserver: This client death observer
09-19 13:55:29.292 10728 10856 I C01610/DataMgrServiceProxy: [a92ab123d146e0c, 0, 0] GetFeatureInterface: get feature:kv_store
09-19 13:55:29.295 10728 10872 E C01b00/DistributedAccountFwk: Read result failed, code is: 8.
09-19 13:55:29.295 10728 10872 E C01b00/DistributedAccountFwk: Read result failed, code is: 8.
09-19 13:55:29.298 10728 10856 I C01630/DistributedDB: [a92ab123d146e0c, 0, 0] before open db,db file: [size: 65536, mtime: 1789792123, inode: 824462]; db wal file: [size: 0, mtime: 1789792123, inode: 824463]; db shm file: [size: 32768, mtime: 1789797161, inode: 824466]; db dwr file: [stat() failed, errCode: -1, errno: 2]; 
09-19 13:55:29.300 10728 10728 E C01317/AppKit: [context_impl.cpp1466]create dir /data/storage/el2/cloud failed, errno is 13
09-19 13:55:29.300 10728 10728 E C01317/AppKit: [context_impl.cpp1466]create dir /data/storage/el2/cloud failed, errno is 13
09-19 13:55:29.300 10728 10728 E C01317/AppKit: [context_impl.cpp1466]create dir /data/storage/el2/cloud failed, errno is 13
09-19 13:55:29.300 10728 10856 I C01630/DistributedDB: [a92ab123d146e0c, 0, 0] [SqlUp] meta[0] label[3] flag[0] ver[104]
09-19 13:55:29.300 10728 10728 E C04388/file_api: [prop_n_exporter.cpp:456->MkdirExec] Failed to create directories, error: 13
09-19 13:55:29.300 10728 10728 I A03d00/JSAPP: [PluginManager] Initialized 4 plugins
09-19 13:55:29.301 10728 10728 I C01317/AppKit: [OH_APP1240]current 2, pre 0
09-19 13:55:29.301 10728 10728 W C01317/AppKit: [OH_APP1269]fontSize empty
09-19 13:55:29.301 10728 10728 I C01317/AppKit: [OH_APP1300]current 2, pre 0
09-19 13:55:29.301 10728 10728 W C01317/AppKit: [OH_APP1304]language empty
09-19 13:55:29.301 10728 10728 W C01317/AppKit: [OH_APP1323]language and locale empty
09-19 13:55:29.301 10728 10728 I C01317/AppKit: [OH_APP298]configuration_: {"0#const.build.characteristics":"phone","0#input.pointer.device":"true","0#ohos.app.fontSizeScale":"nonFollowSystem","0#ohos.application.densitydpi":"xxxldpi","0#ohos.application.direction":"vertical","0#ohos.application.displayid":"0","0#ohos.system.colorMode":"light","0#ohos.system.colorMode.isSetByApp":"isSetByApp","0#ohos.system.fontSizeScale":"1.0","0#ohos.system.fontWeightScale":"1.0","0#ohos.system.hour":"false","0#ohos.system.language":"zh-Hans","0#ohos.system.locale":"zh-Hans"}, config: {"0#ohos.system.colorMode":"light","0#ohos.system.colorMode.isSetByApp":"isSetByApp"}
09-19 13:55:29.301 10728 10728 E C04217/WMSAttribute: UpdateConfigurationSync: uiContent null, scene win=44, display=0
09-19 13:55:29.301 10728 10728 E C04217/WMSAttribute: UpdateConfigurationSyncForAll: root is null
09-19 13:55:29.301 10728 10728 I C01332/UIAbility: [JUA2177]JsUIAbility call js, name: onConfigurationUpdated
09-19 13:55:29.301 10728 10728 I C01332/UIAbility: [JUA2222]end, name: onConfigurationUpdated, time: 0
09-19 13:55:29.301 10728 10728 I C01332/UIAbility: [JUA2177]JsUIAbility call js, name: onConfigurationUpdate
09-19 13:55:29.301 10728 10728 I C01332/UIAbility: [JUA2222]end, name: onConfigurationUpdate, time: 0
09-19 13:55:29.301 10728 10728 W C01317/AppKit: [JAS919]Not found AbilityStage.js
09-19 13:55:29.301 10728 10728 W C01317/AppKit: [JAS919]Not found AbilityStage.js
09-19 13:55:29.301 10728 10728 I C01317/AppKit: [OH_APP322]ignoreWindowContext size 0
09-19 13:55:29.301 10728 10728 E C04217/WMSAttribute: UpdateConfiguration: uiContent null, scene win=44, display=0
09-19 13:55:29.301 10728 10728 I C04217/WMSAttribute: UpdateStatusBarColorByColorMode: win=44, appColor=light
09-19 13:55:29.302 10728 10856 I C01630/DistributedDB: [a92ab123d146e0c, 0, 0] [KVDB] [StartSyncerWithNoLock] [uüª] event=3
09-19 13:55:29.302 10728 10856 I C01630/DistributedDB: [a92ab123d146e0c, 0, 0] db id:75fcaa, dir:485848
09-19 13:55:29.302 10728 10856 E C01610/StoreUtil: [a92ab123d146e0c, 0, 0] SetServiceGid: file not exit, filePath:/da***.db ,code:2
09-19 13:55:29.302 10728 10856 I C01610/KvStoreServiceDeathNotifier: [a92ab123d146e0c, 0, 0] AddServiceDeathWatcher: Success set size: <private>
09-19 13:55:29.304 10728 10728 E C04217/WMSAttribute: UpdateConfigurationForAll: root is null
09-19 13:55:29.304 10728 10728 I C04200/JsWindowStage: LoadContent: [NAPI]
09-19 13:55:29.304 10728 10728 I C01332/UIAbility: [JUA2222]end, name: onWindowStageCreate, time: 16
09-19 13:55:29.304 10728 10728 I C0420a/WMSLife: NotifyWindowStageCreateFinished: id: 44
09-19 13:55:29.304 10728 10728 I C01332/UIAbility: [JUA2177]JsUIAbility call js, name: onWillForeground
09-19 13:55:29.304 10728 10728 I C01332/UIAbility: [JUA2222]end, name: onWillForeground, time: 0
09-19 13:55:29.304 10728 10728 I C04202/WMSMain: GoForeground: [requestId: 0][scbRequestId: 21]reason: 4 isGamePreLaunch: 0
09-19 13:55:29.304 10728 10728 I C0420a/WMSLife: Show: [requestId: 0][scbRequestId: 21]Window show [name: callaite0, id: 44, type: 1], reason: 4, state:1, requestState:1
09-19 13:55:29.305 10728 10728 I C04208/WMSLayout: GetSystemSizeLimits: systemLimitsPX: [6720 6720 1120 840 340282346638528859811704183484516925440.000000 0.000000 1.000000 0], systemLimitsVP: [1920 1920 320 240 340282346638528859811704183484516925440.000000 0.000000 1.000000 1], configMaxSize: 1920, vpr: 3.500000, winType: 1
09-19 13:55:29.305 10728 10728 I C04208/WMSLayout: UpdateWindowSizeLimits: [WindowLimitsUpdate:CalcLimits] SaveLimits id:44, px[minW:1120,minH:840,maxW:6720,maxH:6720] vp[minW:320,minH:240,maxW:1920,maxH:1920] vpr=3.500000
09-19 13:55:29.305 10728 10728 I C04217/WMSAttribute: IsSystemDensityChanged: windowId: 44, lastDensity: -1.000000, currDensity: 3.500000
09-19 13:55:29.306 10728 10728 W C04200/WindowSessionImpl: UpdateViewportConfig: uiContent is null!
09-19 13:55:29.306 10728 10728 I C01332/UIAbility: [ui_ability_impl.cpp489]wnd call, AfterForeground
09-19 13:55:29.306 10728 10728 I C01406/OHOS::RS: RSFrameRateLinker::Create id: 46076409151489
09-19 13:55:29.318 10728 10869 I C04207/WMSFocus: ProcessUpdateFocus: unfocusId:11, focusId:44, isFocused:1,isSyncNotify:0, old:0, new:1789797329078, current:1789797329318
09-19 13:55:29.318 10728 10869 I C04207/WMSFocus: UpdateFocusState: focus: 1, id: 44
09-19 13:55:29.319 10728 10869 I C04207/WMSFocus: NotifyApplicationFocusChangedResult: 1
09-19 13:55:29.319 10728 10845 I C04207/WMSFocus: ProcessNotifyHighlightChange: timeStamp:1789797329078, highlightId:44, isHighlight:1,isSyncNotify:0, old:0, new:1789797329078, current:1789797329319
09-19 13:55:29.319 10728 10845 I C04207/WMSFocus: NotifyHighlightChange: windowId: 44, isHighlight: 1,
09-19 13:55:29.319 10728 10845 E C0420a/WMSLife: NotifyUIExtHostRectChangeInGlobalDisplayListeners: uiContent is null
09-19 13:55:29.319 10728 10845 W C04208/WMSLayout: NotifySingleHandTransformChange: id:44, uiContent is nullptr
09-19 13:55:29.319 10728 10845 I C04200/WindowSessionImpl: NotifyTransformChange: in
09-19 13:55:29.320 10728 10876 W C057c1/IPCWorkThread: ThreadHandler: proto:0 policy:0 name:OS_IPC_3_10876 invoker:3895696
09-19 13:55:29.320 10728 10728 E C01706/ueaClient-RmeCoreSched: [Init]: do not enabled!ret: -1
09-19 13:55:29.320 10728 10728 I C01706/ueaClient-FrameMsgMgr: [Init]:inited success!
09-19 13:55:29.320 10728 10728 I C01706/ueaClient-FrameUiIntf: [Init]:ret:1, inited:1
09-19 13:55:29.320 10728 10728 I C04217/WMSAttribute: InitWaterfallMode: winId: 44
09-19 13:55:29.320 10728 10728 I C04217/WMSAttribute: NotifyWaterfallModeChange: winId: 44, waterfall: 0, stat: 2
09-19 13:55:29.320 10728 10728 I C04202/WMSMain: NotifyFreeMultiWindowModeResume: IsPcMode 0, isColdStart 1
09-19 13:55:29.320 10728 10728 I C0420a/WMSLife: Show: [requestId: 0][scbRequestId: 21]Window show success [name:callaite0, id:44, type:1]
09-19 13:55:29.320 10728 10728 W C04201/DMS: OnDisplayInfoChange: data is not changed.
09-19 13:55:29.321 10728 10728 I C01332/UIAbility: [JUA2177]JsUIAbility call js, name: onForeground
09-19 13:55:29.321 10728 10728 I A00001/EntryAbility: Ability onForeground
09-19 13:55:29.321 10728 10728 I C01332/UIAbility: [JUA2222]end, name: onForeground, time: 0
09-19 13:55:29.323 10728 10728 E C01651/data_share_manager_impl: RegisterClientDeathObserver: RegisterClientDeathObserver failed, bundleName is com.example.callaite
09-19 13:55:29.323 10728 10728 E C01651/data_share_manager_impl: GetDataShareServiceProxy: RegisterClientDeathObserver failed
09-19 13:55:29.325 10728 10876 E C01651/data_share_manager_impl: RegisterClientDeathObserver: RegisterClientDeathObserver failed, bundleName is com.example.callaite
09-19 13:55:29.325 10728 10876 E C01651/data_share_manager_impl: GetDataShareServiceProxy: RegisterClientDeathObserver failed
09-19 13:55:29.325 10728 10876 I C01651/data_share_manager_impl: operator(): RecoverObs start
09-19 13:55:29.335 10728 10728 I C05405/CompConfigClient: GetConfigByApp: GetDataShareData return 0 result
09-19 13:55:29.335 10728 10728 E C01301/Ability: [page_config_manager.cpp62]configJson_ is empty
09-19 13:55:29.336 10728 10728 I C02d11/DfxUnwinder: UnwindLocal:: fpUnwind: 0
09-19 13:55:29.337 10728 10728 W C01320/JsEnv: [source_map.cpp145]the stack without line info
09-19 13:55:29.337 10728 10728 I C02d11/DfxUnwinder: UnwindLocal:: fpUnwind: 0
09-19 13:55:29.337 10728 10728 W C01320/JsEnv: [source_map.cpp145]the stack without line info
09-19 13:55:29.337 10728 10728 I A00001/EntryAbility: Huawei account refreshed: 
09-19 13:55:29.337 10728 10728 I C01612/JsKVManager: operator(): output delete reference success
09-19 13:55:29.337 10728 10728 I C01612/JsSingleKVStore: operator(): subscribe to event:dataChange
09-19 13:55:29.337 10728 10728 I C01612/JsSingleKVStore: OnDataChange: subscribe data change type 2
09-19 13:55:29.338 10728 10728 I C01630/DistributedDB: [KvStoreNbDelegate][RegisterDeviceObserver] Register device observer ok mode:1
09-19 13:55:29.338 10728 10728 I C01610/KvStoreObserverClient: KvStoreObserverClient: Start
09-19 13:55:29.339 10728 10728 I A03d00/JSAPP: [Collaboration] KVStore initialized
09-19 13:55:29.339 10728 10728 I C01332/UIAbility: [JUA2177]JsUIAbility call js, name: onDidForeground
09-19 13:55:29.339 10728 10728 I C01332/UIAbility: [JUA2222]end, name: onDidForeground, time: 0
09-19 13:55:29.339 10728 10728 I C04202/WMSMain: GoResume: in isGamePreLaunch: 0
09-19 13:55:29.339 10728 10728 I C0420a/WMSLife: SetUIContentInner: pages/Index, state:2, persistentId: 44
09-19 13:55:29.339 10728 10728 I C0420a/WMSLife: NotifySetUIContentComplete: start
09-19 13:55:29.339 10728 10728 I C0420a/WMSLife: SetUIContentComplete: persistentId=44
09-19 13:55:29.339 10728 10728 I C0420a/WMSLife: InitUIContent: start
09-19 13:55:29.339 10728 10728 I C0420a/WMSLife: DestroyExistUIContent: start
09-19 13:55:29.339 10728 10728 I C03900/Ace: [(-1:-1:undefined)] CreateUIContent.
09-19 13:55:29.339 10728 10728 I C03934/AceUIEvent: [(-1:-1:undefined)] report ace loaded
09-19 13:55:29.340 10728 10728 I C04707/HaAceEngine: OnAceLoaded end
09-19 13:55:29.340 10728 10851 W C04707/HaClient: =========Invalid Client=========
09-19 13:55:29.340 10728 10728 I C03900/Ace: [(-2:-1:undefined)] Create ace bg threads pool.
09-19 13:55:29.340 10728 10728 I C03900/Ace: [(-2:-1:undefined)] Init RenderService UniRender Type:0
09-19 13:55:29.342 10728 10876 I C04208/WMSLayout: NotifyWindowStatusDidChange: [WindowModeUpdate:Inner] NotifyWindowStatusDidChange id:44, mode:1, status:1, lastStatus:0, listenerSize:0, rect:[0 0 1308 2880]
09-19 13:55:29.342 10728 10728 W C01409/APS_MANAGER: redo Connect
09-19 13:55:29.342 10728 10728 I C01409/APS_MANAGER: Start to ConnectService
09-19 13:55:29.342 10728 10728 I C01409/APS_MANAGER: GetSystemAbilityManager success
09-19 13:55:29.343 10728 10728 I C01409/APS_MANAGER: GetSystemAbility success
09-19 13:55:29.343 10728 10728 I C03900/Ace: [(-2:-1:undefined)] [com.example.callaite][entry][-1]: UIContent: apiCompatibleVersion: 60101024, apiTargetVersion: 260000026, and apiReleaseType: Release, useNewPipe: 1, enableCustomComponentCrossAbility: 0
09-19 13:55:29.343 10728 10878 I C03900/Ace: [(-1:-1:undefined)] dlsym function ReportData success.
09-19 13:55:29.343 10728 10878 I C03900/Ace: [(-1:-1:undefined)] dlsym function ReportSyncEvent success.
09-19 13:55:29.344 10728 10728 I C02c03/PARAM_WATCHER: Add watcher keyPrefix persist.sys.arkui.animationscale remoteWatcherId 100 success
09-19 13:55:29.344 10728 10728 E C03900/Ace: [(-2:-1:undefined)] ConfigParserBase read system file failed
09-19 13:55:29.344 10728 10728 W C03900/Ace: [(-2:-1:undefined)] ArkUiFeatureParamManager failed to load xml file
09-19 13:55:29.345 10728 10728 E C03900/Ace: [(-2:-1:undefined)] ConfigParserBase read system UI correction config file failed
09-19 13:55:29.345 10728 10728 W C03900/Ace: [(-2:-1:undefined)] ArkUiFeatureParamManager failed to load UI correction config file
09-19 13:55:29.349 10728 10728 I C05405/CompConfigClient: SubscribeEvent_: SubscriberEvent, ret: 1
09-19 13:55:29.361 10728 10728 I C05405/CompConfigClient: GetConfigByApp: GetDataShareData return 0 result
09-19 13:55:29.362 10728 10728 W C03900/Ace: [(-2:-1:undefined)] FeatureManager get config failed, key:UICorrectionStrategy ret:1
09-19 13:55:29.362 10728 10728 W C03900/Ace: [(-2:-1:undefined)] FeatureParamManager get UICorrectionStrategy from FeatureManager failed
09-19 13:55:29.365 10728 10728 I C03900/Ace: [(-2:-1:undefined)] SetLocale language tag: zh-Hans, font locale: zh-Hans, select language: zh-CN
09-19 13:55:29.365 10728 10728 I C03900/Ace: [(-2:-1:undefined)] [com.example.callaite][entry][-1]: SetLanguage: zh, colorMode: light, deviceAccess: 1
09-19 13:55:29.365 10728 10728 I C03900/Ace: [(-2:-1:undefined)] [com.example.callaite][entry][-1]: Initialize UIContent isModelJson:true
09-19 13:55:29.368 10728 10728 I C03922/AceNavigation: [(-2:-1:undefined)] subscribe hsp Update successfully
09-19 13:55:29.368 10728 10728 I C03900/Ace: [(100000:100000:scope)] SetHapPath, Use hap path to load resource
09-19 13:55:29.370 10728 10728 I C04217/WMSAttribute: RegisterWaterfallModeChangeListener: winId: 44
09-19 13:55:29.371 10728 10728 I C04200/WMS: GetSurfaceNode: name:callaite0, id:44
09-19 13:55:29.371 10728 10728 I C04200/WMS: GetSurfaceNode: name:callaite0, id:44
09-19 13:55:29.371 10728 10728 I C03900/Ace: [(100000:100000:scope)] SetRSSurfaceNode 46076409151489 with rs multi
09-19 13:55:29.371 10728 10728 I C01406/OHOS::RS: RSUIContext::AttachFromUI. token: 46076409151489 uiPiplineNum: -1
09-19 13:55:29.371 10728 10728 I C01406/OHOS::RS: RSUIContext::SetUITaskRunner, Context token:46076409151489
09-19 13:55:29.375 10728 10728 I C03925/AceRouter: [(100000:100000:scope)] createManager, deviceType: 0
09-19 13:55:29.375 10728 10728 W C03900/Ace: [(100000:100000:scope)] Invalid config:zh_Hans-long-notround-vertical-light-phone-xxxhdpi
09-19 13:55:29.377 10728 10728 I C01406/OHOS::RS: RSUIDirector::GoBackground CurrentState:2, UIContext:46076409151489
09-19 13:55:29.377 10728 10728 I C01406/OHOS::RS: RSSurfaceNode::SetAbilityState, surfaceNodeId:[46076409151489], ability state: background
09-19 13:55:29.378 10728 10728 I C03900/Ace: [(100000:100000:scope)] set translateManager to pipeline, instanceId:100000
09-19 13:55:29.378 10728 10728 I C0421d/WMSRotation: RegisterOrientationChangeListener: in
09-19 13:55:29.378 10728 10728 I C03900/Ace: [(100000:100000:scope)] AddPersistAfterLayoutTask size: 1
09-19 13:55:29.378 10728 10728 I C03919/AceInputTracking: [(100000:100000:scope)] Debug touch pass mode 0
09-19 13:55:29.379 10728 10728 E C03934/AceUIEvent: [(100000:100000:scope)] AceTransform load failed: Error loading shared library /system/lib64/libtransform_interaction_ext.z.so: No such file or directory
09-19 13:55:29.379 10728 10728 I C03937/AceResource: [(100000:100000:scope)] ResourceAdapter UpdateResConfig with colorMode light
09-19 13:55:29.379 10728 10728 W C03900/Ace: [(100000:100000:scope)] not found systemTheme in HapModuleInfo, loading default OHOS_THEME
09-19 13:55:29.379 10728 10728 I C03900/Ace: [(100000:100000:scope)] Cannot Get File List from resources/styles/
09-19 13:55:29.379 10728 10728 W C03900/Ace: [(100000:100000:scope)] GetAsset failed: resources/styles/default.json
09-19 13:55:29.389 10728 10728 I C01406/OHOS::RS: RSRootNode::Create, Node:46076409151491, Token:46076409151489
09-19 13:55:29.389 10728 10728 I C03900/Ace: [(100000:100000:scope)] root node OnAttachToFrameNode, id:0
09-19 13:55:29.389 10728 10728 I C03900/Ace: [(100000:100000:scope)] Rosenwindow set root, rsId:46076409151491
09-19 13:55:29.389 10728 10728 I C01406/OHOS::RS: RSRootNode::AttachRSSurfaceNode, SurfaceNode:46076409151489, Node:46076409151491
09-19 13:55:29.391 10728 10728 I C03900/Ace: [(100000:100000:scope)] AddPersistAfterLayoutTask size: 2
09-19 13:55:29.394 10728 10728 I C03900/Ace: [(100000:100000:scope)] focusWindowId: 0, realHostWindowId: 0
09-19 13:55:29.394 10728 10728 I C03900/Ace: [(100000:100000:scope)] [com.example.callaite][entry][100000]: window focus
09-19 13:55:29.396 10728 10728 I C02c03/PARAM_WATCHER: Add watcher keyPrefix debug.graphic.frame remoteWatcherId 100 success
09-19 13:55:29.396 10728 10728 E C03900/Ace: [(100000:100000:scope)] ERROR EACCES
09-19 13:55:29.396 10728 10728 E C03900/Ace: [(100000:100000:scope)] ERROR EACCES
09-19 13:55:29.396 10728 10728 I C03900/Ace: [(100000:100000:scope)] ArkUIInvisibleFreeze: 0
09-19 13:55:29.396 10728 10728 I C03900/Ace: [(100000:100000:scope)] [com.example.callaite][entry][100000]: SetMinPlatformVersion is 60101024
09-19 13:55:29.396 10728 10728 I C04209/WMSImms: RegisterAvoidAreaChangeListener: win 44
09-19 13:55:29.398 10728 10728 E C04200/IMockSessionManager: Read result failed, code is: 4.
09-19 13:55:29.399 10728 10728 E C04200/IMockSessionManager: Read result failed, code is: 4.
09-19 13:55:29.399 10728 10728 I C04200/WMS: InitSessionManagerServiceProxy: Init success, userId=-1
09-19 13:55:29.399 10728 10728 I C04200/WMS: InitSceneSessionManagerLiteProxy: Init success, userId=-1
09-19 13:55:29.399 10728 10728 I C04204/WMSScb: InitSceneSessionManagerProxy: enter, userId=-1
09-19 13:55:29.399 10728 10728 I C04204/WMSScb: GetSceneSessionManagerProxy: init first time, userId=-1
09-19 13:55:29.402 10728 10876 E C0420a/WMSLife: NotifyUIExtHostRectChangeInGlobalDisplayListeners: uiContent is null
09-19 13:55:29.402 10728 10869 I C04208/WMSLayout: UpdateRect: [WindowRectUpdate:ClientRecv] UpdateRect id:44 name:callaite0, preRect=[0 0 1308 2880], newRect=[0 0 1308 2880], reason:23 displayId:0
09-19 13:55:29.403 10728 10728 I C04209/WMSImms: GetAvoidAreaByType: win 44 type not supported
09-19 13:55:29.404 10728 10728 I C03917/AceSafeArea: [(100000:100000:scope)] InitializeSafeArea systemInsets:SafeAreaInsets left_: [start: 0, end: 0], top_: [start: 0, end: 136], right_: [start: 0, end: 0], bottom_: [start: 0, end: 0], cutoutInsets:SafeAreaInsets left_: [start: 0, end: 0], top_: [start: 50, end: 128], right_: [start: 0, end: 0], bottom_: [start: 0, end: 0], navInsets:SafeAreaInsets left_: [start: 0, end: 0], top_: [start: 0, end: 0], right_: [start: 0, end: 0], bottom_: [start: 2782, end: 2880], floatNavInsets:SafeAreaInsets left_: [start: 0, end: 0], top_: [start: 0, end: 0], right_: [start: 0, end: 0], bottom_: [start: 0, end: 0]
09-19 13:55:29.404 10728 10728 I C0394e/AceWindow: [(100000:100000:scope)] Initialize displayId: 0, availableRect: [0, 0, 1308, 2880]
09-19 13:55:29.405 10728 10728 I C03900/Ace: [(100000:100000:scope)] Failed to open libthp_extra_innerapi.z.so, reason: Error loading shared library /system/lib64/libthp_extra_innerapi.z.so: No such file or directory
09-19 13:55:29.405 10728 10728 I C03900/Ace: [(-2:100000:singleton)] [com.example.callaite][entry][100000]: Initialize: pages/Index
09-19 13:55:29.405 10728 10728 I C03900/Ace: [(100000:100000:scope)] RunPage:pages/Index
09-19 13:55:29.405 10728 10728 W C03900/Ace: [(100000:100000:scope)] GetAsset failed: manifest.json
09-19 13:55:29.405 10728 10728 I C04200/WMS: InitUIContent: [0, 0]
09-19 13:55:29.405 10728 10728 I C0420a/WMSLife: RegisterUIContenCallback: start
09-19 13:55:29.405 10728 10728 I C04208/WMSLayout: SetUIContentInner: single hand, id:44, posX:0, posY:0, scaleX:1.000000, scaleY:1.000000
09-19 13:55:29.406 10728 10728 I C04219/WMSDecor: UpdateDecorEnable: decorVisible:1, isDockAutoHide:0, isDecorHiddenByApp:0, isMaximizeInvoked:0, id:44
09-19 13:55:29.406 10728 10728 I C03900/Ace: [(-2:100000:singleton)] [com.example.callaite][entry][100000]: UpdateWindowVisible: 1, hasDecor: 0
09-19 13:55:29.406 10728 10728 I C03900/Ace: [(-2:100000:singleton)] [com.example.callaite][entry][100000]: NotifyWindowMode mode = 1
09-19 13:55:29.406 10728 10878 I C02c03/PARAM_WATCHER: Add watcher keyPrefix persist.ace.trace.layout.enabled remoteWatcherId 100 success
09-19 13:55:29.406 10728 10878 I C02c03/PARAM_WATCHER: Add watcher keyPrefix persist.ace.trace.inputevent.enabled remoteWatcherId 100 success
09-19 13:55:29.406 10728 10884 I C03951/InputKeyFlow: [(-1:100000:singleton)] Subscribe touch.events.pass.through Event
09-19 13:55:29.407 10728 10878 I C02c03/PARAM_WATCHER: Add watcher keyPrefix const.security.developermode.state remoteWatcherId 100 success
09-19 13:55:29.407 10728 10728 I C03900/Ace: [(-2:100000:singleton)] [com.example.callaite][entry][100000]: window foreground
09-19 13:55:29.407 10728 10728 I C03900/Ace: [(100000:100000:scope)] Update application state , state: ON_SHOW
09-19 13:55:29.408 10728 10878 I C02c03/PARAM_WATCHER: Add watcher keyPrefix persist.ace.debug.statemgr.enabled remoteWatcherId 100 success
09-19 13:55:29.408 10728 10728 I C01406/OHOS::RS: RSUIDirector::GoForeground CurrentState:3, UIContext:46076409151489
09-19 13:55:29.408 10728 10728 I C01406/OHOS::RS: RSSurfaceNode::SetAbilityState, surfaceNodeId:[46076409151489], ability state: foreground
09-19 13:55:29.408 10728 10878 I C02c03/PARAM_WATCHER: Add watcher keyPrefix persist.ace.debug.boundary.enabled remoteWatcherId 100 success
09-19 13:55:29.408 10728 10728 I C03900/Ace: [(100000:100000:scope)] ArkUI requests first Vsync.
09-19 13:55:29.408 10728 10728 I C04202/WMSMain: RequestVsync: First vsync has requested, nodeId: 46076409151489
09-19 13:55:29.409 10728 10878 I C02c03/PARAM_WATCHER: Add watcher keyPrefix persist.ace.performance.monitor.enabled remoteWatcherId 100 success
09-19 13:55:29.409 10728 10728 I C03959/AceLayout: [(-2:100000:singleton)] UVC Viewport config: size: (1308, 2880) orientation: 0 density: 3.500000 position: (0, 0) transformHint: 0 displayId: 0 forceSplitDisplayConfig: disable forceSplit, mode: 0, WSCR 0, IRN 1, , keyboardInfo is null
09-19 13:55:29.409 10728 10728 I C03922/AceNavigation: [(100000:100000:scope)] disable forceSplit, mode:0
09-19 13:55:29.410 10728 10728 I C04208/WMSLayout: UpdateViewportConfig: Id: 44, reason: 0, viewportRect: [0 0 1308 2880], displayOrientation: 0, config[0, 0, 0, 3.500000]
09-19 13:55:29.410 10728 10728 I C03900/Ace: [(-2:100000:singleton)] [com.example.callaite][entry][100000]: window focus
09-19 13:55:29.410 10728 10728 I C03900/Ace: [(-2:100000:singleton)] [com.example.callaite][entry][100000]:window active
09-19 13:55:29.410 10728 10728 I C04208/WMSLayout: NotifyAfterUIContentReady: Renotify transform, id:44, scaleX:1.000000, scaleY:1.000000
09-19 13:55:29.410 10728 10728 I C02d11/DfxUnwinder: UnwindLocal:: fpUnwind: 0
09-19 13:55:29.413 10728 10728 W C01320/JsEnv: [source_map.cpp145]the stack without line info
09-19 13:55:29.413 10728 10728 I A00001/EntryAbility: Succeeded in loading the content.
09-19 13:55:29.413 10728 10728 I C04200/JsWindowStage: Window [44, callaite0] load content end, ret=0
09-19 13:55:29.413 10728 10728 I C04209/WMSImms: NotifyAvoidAreaChange: win 44 api 26 type 0 area top [0 0 1308 136] 
09-19 13:55:29.413 10728 10728 I C04209/WMSImms: NotifyAvoidAreaChange: win 44 api 26 type 1 area top [615 50 78 78] 
09-19 13:55:29.413 10728 10728 I C04209/WMSImms: NotifyAvoidAreaChange: win 44 api 26 type 2 area empty
09-19 13:55:29.413 10728 10728 I C04209/WMSImms: NotifyAvoidAreaChange: win 44 api 26 type 3 area empty
09-19 13:55:29.413 10728 10728 I C04209/WMSImms: NotifyAvoidAreaChange: win 44 api 26 type 4 area bottom [425 2782 458 98] 
09-19 13:55:29.416 10728 10728 I C03922/AceNavigation: [(100000:100000:scope)] disable forceSplit, mode:0
09-19 13:55:29.416 10728 10728 I C04208/WMSLayout: UpdateViewportConfig: Id: 44, reason: 0, viewportRect: [0 0 1308 2880], displayOrientation: 0, config[0, 0, 0, 3.500000]
09-19 13:55:29.417 10728 10728 I C03900/Ace: [(100000:100000:scope)] Update application state , state: ON_ACTIVE
09-19 13:55:29.418 10728 10728 I C0391c/AceFocus: [(100000:100000:scope)] Window: 44 get focus.
09-19 13:55:29.418 10728 10728 W C0391c/AceFocus: [(100000:100000:scope)] Current focus view can not found!
09-19 13:55:29.418 10728 10728 I C0391c/AceFocus: [(100000:100000:scope)] Request focus on rootFocusHub: root/0
09-19 13:55:29.419 10728 10728 I C03922/AceNavigation: [(100000:100000:scope)] disable forceSplit, mode:0
09-19 13:55:29.419 10728 10728 I C04208/WMSLayout: UpdateViewportConfig: Id: 44, reason: 23, viewportRect: [0 0 1308 2880], displayOrientation: 0, config[0, 0, 0, 3.500000]
09-19 13:55:29.419 10728 10728 I C03925/AceRouter: [(100000:100000:scope)] Page router manager is creating page[1]: url: pages/Index path: pages/Index.js, recoverable: yes, namedRouter: no
09-19 13:55:29.460 10728 10728 I C03f04/MMG: [NMM:1561]Module:file.photoAccessHelper
09-19 13:55:29.461 10728 10728 W C03f04/MMG: [NMM:1466] Name mismatch: file.photoAccessHelperNative != file.photoAccessHelper
09-19 13:55:29.463 10728 10728 I C02b71/MediaLibraryNapi: Common:{Init:156} TaskSignalNapi::Init in
09-19 13:55:29.463 10728 10728 I C02b71/MediaLibraryNapi: Common:{Init:164} TaskSignalNapi::Init success
09-19 13:55:29.467 10728 10728 I C02b01/CAMERA: {63} PickerOnLoad
09-19 13:55:29.467 10728 10728 I C02b01/CAMERA: {463} CameraPickerNapi E
09-19 13:55:29.468 10728 10728 W C03f04/MMG: [NMM:1466] Name mismatch: web.webnativemessagingextensionmanager_napi != web.webNativeMessagingExtensionManager
09-19 13:55:29.468 10728 10728 I C03f04/MMG: [NMM:1561]Module:arkui.node
09-19 13:55:29.480 10728 10728 I C04201/DMS: IfCallbackRegistered: change not registered!
09-19 13:55:29.480 10728 10728 I C04201/DMS: JsDisplayListener: Constructor
09-19 13:55:29.482 10728 10851 I C04215/WMSHierarchy: GetTopWindowWithContext: mainId:44!
09-19 13:55:29.483 10728 10728 I C0391c/AceFocus: [(100000:100000:scope)] Request focus id can not found.
09-19 13:55:29.483 10728 10728 W C03926/AceTheme: [(100000:100000:scope)] style 125829872 not contains scroll_bar_pattern!
09-19 13:55:29.484 10728 10728 W C03926/AceTheme: [(100000:100000:scope)] style scroll_bar_pattern get attr scroll_bar_interactive error!
09-19 13:55:29.484 10728 10728 W C03926/AceTheme: [(100000:100000:scope)] style scroll_bar_pattern not contains arc_scroll_bar_normal_background_width!
09-19 13:55:29.484 10728 10728 W C03926/AceTheme: [(100000:100000:scope)] style 125829872 not contains scrollable_pattern!
09-19 13:55:29.485 10728 10728 W C03926/AceTheme: [(100000:100000:scope)] style scrollable_pattern not contains scroll_able_default_scrolling_distance!
09-19 13:55:29.507 10728 10728 W C03926/AceTheme: [(100000:100000:scope)] style text_pattern not contains linear_split_child_min_size!
09-19 13:55:29.507 10728 10728 W C03926/AceTheme: [(100000:100000:scope)] style text_pattern not contains menu_celia_ask_is_support!
09-19 13:55:29.507 10728 10728 W C03926/AceTheme: [(100000:100000:scope)] style 125829872 not contains app_theme_pattern!
09-19 13:55:29.507 10728 10728 W C01e00/ResourceManager: by id=125835722 limitPaths is empty
09-19 13:55:29.507 10728 10728 E C01e00/ResourceManager: ref <private> id not found
09-19 13:55:29.507 10728 10728 W C01e00/ResourceManager: by id=125835722 limitPaths is empty
09-19 13:55:29.507 10728 10728 E C01e00/ResourceManager: ref <private> id not found
09-19 13:55:29.507 10728 10728 W C03937/AceResource: [(100000:100000:scope)] Get pattern by name error, name=app_theme_pattern, bundleName: com.example.callaite, moduleName: entry
09-19 13:55:29.507 10728 10728 W C01e00/ResourceManager: by id=125835722 limitPaths is empty
09-19 13:55:29.507 10728 10728 E C01e00/ResourceManager: ref <private> id not found
09-19 13:55:29.507 10728 10728 W C01e00/ResourceManager: by id=125835722 limitPaths is empty
09-19 13:55:29.507 10728 10728 E C01e00/ResourceManager: ref <private> id not found
09-19 13:55:29.507 10728 10728 W C03937/AceResource: [(100000:100000:scope)] Get pattern by name error, name=app_theme_pattern
09-19 13:55:29.507 10728 10728 W C03926/AceTheme: [(100000:100000:scope)] style app_theme_pattern not contains app_theme_drag_distancethreshold!
09-19 13:55:29.527 10728 10728 I C0391c/AceFocus: [(100000:100000:scope)] view: page/2 show
09-19 13:55:29.528 10728 10728 I C03922/AceNavigation: [(100000:100000:scope)] can't find inner navigation
09-19 13:55:29.529 10728 10728 I C03933/AceKeyboard: [(100000:100000:scope)] PageChangeCloseKB
09-19 13:55:29.529 10728 10728 I C03925/AceRouter: [(100000:100000:scope)] LoadPage Success
09-19 13:55:29.530 10728 10728 I C04200/JsWindow: CreateJsWindow callaite0
09-19 13:55:29.530 10728 10728 I C0420a/WMSLife: JsWindow: window: callaite0, ctorCnt: 1
09-19 13:55:29.531 10728 10728 I C0420a/WMSLife: CreateJsWindowObject: Add window callaite0
09-19 13:55:29.531 10728 10728 I C0392a/AceUiExtensionComponent: [(-2:100000:singleton)] NotifyWindowMode aliveUIExtensions = 0
09-19 13:55:29.531 10728 10728 I C0394e/AceWindow: [(100000:100000:scope)] Update displayWindowRect in UpdateViewportConfig to : Rect (0.00, 0.00) - [1308.00 x 2880.00]
09-19 13:55:29.531 10728 10728 I C03917/AceSafeArea: [(100000:100000:scope)] SetIsFullScreen 1
09-19 13:55:29.532 10728 10728 I C03900/Ace: [(100000:100000:scope)] Root node request first frame.
09-19 13:55:29.532 10728 10728 I C03900/Ace: [(100000:100000:scope)] Update application state , state: ON_ACTIVE
09-19 13:55:29.532 10728 10728 I C0391c/AceFocus: [(100000:100000:scope)] Window: 44 get focus.
09-19 13:55:29.532 10728 10728 I C03900/Ace: [(100000:100000:scope)] Update application state , state: ON_ACTIVE
09-19 13:55:29.533 10728 10728 I C04202/WMSMain: VsyncCallbackInner: First vsync has come back, nodeId: 46076409151489
09-19 13:55:29.534 10728 10728 I C01408/Text: InitTextBundleConfig: Adapter text height enabled 0
09-19 13:55:29.534 10728 10728 I C01408/Text: InitTextBundleConfig: Disable spacing for control char 0
09-19 13:55:29.534 10728 10728 E C02d34/HistogramClient: ArkGraphics2d.Text.OH_Drawing_TextStyleAddFontVariation is not in metadata.
09-19 13:55:29.737 10728 10728 E C01707/CONCUR: [Interface] task 10853 apply qos failed, errno = 4
09-19 13:55:29.739 10728 10728 E C01707/CONCUR: [Interface] task 10854 apply qos failed, errno = 4
09-19 13:55:29.742 10728 10728 E C01707/CONCUR: [Interface] task 10855 apply qos failed, errno = 4
09-19 13:55:29.746 10728 10728 E C01707/CONCUR: [Interface] task 10853 apply qos failed, errno = 4
09-19 13:55:29.748 10728 10728 E C01707/CONCUR: [Interface] task 10854 apply qos failed, errno = 4
09-19 13:55:29.751 10728 10728 E C01707/CONCUR: [Interface] task 10855 apply qos failed, errno = 4
09-19 13:55:29.893 10728 10728 E C01707/CONCUR: [Interface] task 10853 apply qos failed, errno = 4
09-19 13:55:29.895 10728 10728 E C01707/CONCUR: [Interface] task 10854 apply qos failed, errno = 4
09-19 13:55:29.897 10728 10728 E C01707/CONCUR: [Interface] task 10855 apply qos failed, errno = 4
09-19 13:55:29.899 10728 10728 E C01707/CONCUR: [Interface] task 10853 apply qos failed, errno = 4
09-19 13:55:29.906 10728 10728 E C01707/CONCUR: [Interface] task 10854 apply qos failed, errno = 4
09-19 13:55:29.908 10728 10728 E C01707/CONCUR: [Interface] task 10855 apply qos failed, errno = 4
09-19 13:55:30.082 10728 10728 E C01707/CONCUR: [Interface] task 10853 apply qos failed, errno = 4
09-19 13:55:30.084 10728 10728 E C01707/CONCUR: [Interface] task 10854 apply qos failed, errno = 4
09-19 13:55:30.087 10728 10728 E C01707/CONCUR: [Interface] task 10855 apply qos failed, errno = 4
09-19 13:55:30.091 10728 10728 E C01707/CONCUR: [Interface] task 10853 apply qos failed, errno = 4
09-19 13:55:30.093 10728 10728 E C01707/CONCUR: [Interface] task 10854 apply qos failed, errno = 4
09-19 13:55:30.095 10728 10728 E C01707/CONCUR: [Interface] task 10855 apply qos failed, errno = 4
09-19 13:55:30.199 10728 10728 E C01707/CONCUR: [Interface] task 10853 apply qos failed, errno = 4
09-19 13:55:30.201 10728 10728 E C01707/CONCUR: [Interface] task 10854 apply qos failed, errno = 4
09-19 13:55:30.204 10728 10728 E C01707/CONCUR: [Interface] task 10855 apply qos failed, errno = 4
09-19 13:55:30.207 10728 10728 E C01707/CONCUR: [Interface] task 10853 apply qos failed, errno = 4
09-19 13:55:30.209 10728 10728 E C01707/CONCUR: [Interface] task 10854 apply qos failed, errno = 4
09-19 13:55:30.211 10728 10728 E C01707/CONCUR: [Interface] task 10855 apply qos failed, errno = 4
09-19 13:55:30.315 10728 10728 E C01707/CONCUR: [Interface] task 10853 apply qos failed, errno = 4
09-19 13:55:30.318 10728 10728 E C01707/CONCUR: [Interface] task 10854 apply qos failed, errno = 4
09-19 13:55:30.320 10728 10728 E C01707/CONCUR: [Interface] task 10855 apply qos failed, errno = 4
09-19 13:55:30.323 10728 10728 E C01707/CONCUR: [Interface] task 10853 apply qos failed, errno = 4
09-19 13:55:30.326 10728 10728 E C01707/CONCUR: [Interface] task 10854 apply qos failed, errno = 4
09-19 13:55:30.328 10728 10728 E C01707/CONCUR: [Interface] task 10855 apply qos failed, errno = 4
09-19 13:55:30.434 10728 10728 E C01707/CONCUR: [Interface] task 10853 apply qos failed, errno = 4
09-19 13:55:30.436 10728 10728 E C01707/CONCUR: [Interface] task 10854 apply qos failed, errno = 4
09-19 13:55:30.439 10728 10728 E C01707/CONCUR: [Interface] task 10855 apply qos failed, errno = 4
09-19 13:55:30.442 10728 10728 E C01707/CONCUR: [Interface] task 10853 apply qos failed, errno = 4
09-19 13:55:30.444 10728 10728 E C01707/CONCUR: [Interface] task 10854 apply qos failed, errno = 4
09-19 13:55:30.447 10728 10728 E C01707/CONCUR: [Interface] task 10855 apply qos failed, errno = 4
09-19 13:55:30.553 10728 10728 E C01707/CONCUR: [Interface] task 10853 apply qos failed, errno = 4
09-19 13:55:30.555 10728 10728 E C01707/CONCUR: [Interface] task 10854 apply qos failed, errno = 4
09-19 13:55:30.557 10728 10728 E C01707/CONCUR: [Interface] task 10855 apply qos failed, errno = 4
09-19 13:55:30.561 10728 10728 E C01707/CONCUR: [Interface] task 10853 apply qos failed, errno = 4
09-19 13:55:30.563 10728 10728 E C01707/CONCUR: [Interface] task 10854 apply qos failed, errno = 4
09-19 13:55:30.565 10728 10728 E C01707/CONCUR: [Interface] task 10855 apply qos failed, errno = 4
09-19 13:55:30.669 10728 10728 E C01707/CONCUR: [Interface] task 10853 apply qos failed, errno = 4
09-19 13:55:30.672 10728 10728 E C01707/CONCUR: [Interface] task 10854 apply qos failed, errno = 4
09-19 13:55:30.674 10728 10728 E C01707/CONCUR: [Interface] task 10855 apply qos failed, errno = 4
09-19 13:55:30.677 10728 10728 E C01707/CONCUR: [Interface] task 10853 apply qos failed, errno = 4
09-19 13:55:30.679 10728 10728 E C01707/CONCUR: [Interface] task 10854 apply qos failed, errno = 4
09-19 13:55:30.682 10728 10728 E C01707/CONCUR: [Interface] task 10855 apply qos failed, errno = 4
09-19 13:55:30.786 10728 10728 E C01707/CONCUR: [Interface] task 10853 apply qos failed, errno = 4
09-19 13:55:30.788 10728 10728 E C01707/CONCUR: [Interface] task 10854 apply qos failed, errno = 4
09-19 13:55:30.791 10728 10728 E C01707/CONCUR: [Interface] task 10855 apply qos failed, errno = 4
09-19 13:55:30.794 10728 10728 E C01707/CONCUR: [Interface] task 10853 apply qos failed, errno = 4
09-19 13:55:30.797 10728 10728 E C01707/CONCUR: [Interface] task 10854 apply qos failed, errno = 4
09-19 13:55:30.799 10728 10728 E C01707/CONCUR: [Interface] task 10855 apply qos failed, errno = 4
09-19 13:55:30.905 10728 10728 E C01707/CONCUR: [Interface] task 10853 apply qos failed, errno = 4
09-19 13:55:30.909 10728 10728 E C01707/CONCUR: [Interface] task 10854 apply qos failed, errno = 4
09-19 13:55:30.912 10728 10728 E C01707/CONCUR: [Interface] task 10855 apply qos failed, errno = 4
09-19 13:55:30.915 10728 10728 E C01707/CONCUR: [Interface] task 10853 apply qos failed, errno = 4
09-19 13:55:30.917 10728 10728 E C01707/CONCUR: [Interface] task 10854 apply qos failed, errno = 4
09-19 13:55:30.920 10728 10728 E C01707/CONCUR: [Interface] task 10855 apply qos failed, errno = 4
09-19 13:55:31.028 10728 10728 E C01707/CONCUR: [Interface] task 10853 apply qos failed, errno = 4
09-19 13:55:31.030 10728 10728 E C01707/CONCUR: [Interface] task 10854 apply qos failed, errno = 4
09-19 13:55:31.034 10728 10728 E C01707/CONCUR: [Interface] task 10855 apply qos failed, errno = 4
09-19 13:55:31.037 10728 10728 E C01707/CONCUR: [Interface] task 10853 apply qos failed, errno = 4
09-19 13:55:31.040 10728 10728 E C01707/CONCUR: [Interface] task 10854 apply qos failed, errno = 4
09-19 13:55:31.043 10728 10728 E C01707/CONCUR: [Interface] task 10855 apply qos failed, errno = 4
09-19 13:55:31.159 10728 10728 E C01707/CONCUR: [Interface] task 10853 apply qos failed, errno = 4
09-19 13:55:31.160 10728 10728 E C01707/CONCUR: [Interface] task 10854 apply qos failed, errno = 4
09-19 13:55:31.166 10728 10728 E C01707/CONCUR: [Interface] task 10855 apply qos failed, errno = 4
09-19 13:55:31.170 10728 10728 E C01707/CONCUR: [Interface] task 10853 apply qos failed, errno = 4
09-19 13:55:31.173 10728 10728 E C01707/CONCUR: [Interface] task 10854 apply qos failed, errno = 4
09-19 13:55:31.175 10728 10728 E C01707/CONCUR: [Interface] task 10855 apply qos failed, errno = 4
09-19 13:55:31.290 10728 10728 E C01707/CONCUR: [Interface] task 10853 apply qos failed, errno = 4
09-19 13:55:31.292 10728 10728 E C01707/CONCUR: [Interface] task 10854 apply qos failed, errno = 4
09-19 13:55:31.295 10728 10728 E C01707/CONCUR: [Interface] task 10855 apply qos failed, errno = 4
09-19 13:55:31.300 10728 10728 E C01707/CONCUR: [Interface] task 10853 apply qos failed, errno = 4
09-19 13:55:31.302 10728 10728 E C01707/CONCUR: [Interface] task 10854 apply qos failed, errno = 4
09-19 13:55:31.305 10728 10728 E C01707/CONCUR: [Interface] task 10855 apply qos failed, errno = 4
09-19 13:55:31.418 10728 10728 E C01707/CONCUR: [Interface] task 10853 apply qos failed, errno = 4
09-19 13:55:31.420 10728 10728 E C01707/CONCUR: [Interface] task 10854 apply qos failed, errno = 4
09-19 13:55:31.423 10728 10728 E C01707/CONCUR: [Interface] task 10855 apply qos failed, errno = 4
09-19 13:55:31.426 10728 10728 E C01707/CONCUR: [Interface] task 10853 apply qos failed, errno = 4
09-19 13:55:31.429 10728 10728 E C01707/CONCUR: [Interface] task 10854 apply qos failed, errno = 4
09-19 13:55:31.431 10728 10728 E C01707/CONCUR: [Interface] task 10855 apply qos failed, errno = 4
09-19 13:55:31.544 10728 10728 E C01707/CONCUR: [Interface] task 10853 apply qos failed, errno = 4
09-19 13:55:31.547 10728 10728 E C01707/CONCUR: [Interface] task 10854 apply qos failed, errno = 4
09-19 13:55:31.550 10728 10728 E C01707/CONCUR: [Interface] task 10855 apply qos failed, errno = 4
09-19 13:55:31.553 10728 10728 E C01707/CONCUR: [Interface] task 10853 apply qos failed, errno = 4
09-19 13:55:31.555 10728 10728 E C01707/CONCUR: [Interface] task 10854 apply qos failed, errno = 4
09-19 13:55:31.558 10728 10728 E C01707/CONCUR: [Interface] task 10855 apply qos failed, errno = 4
09-19 13:55:31.672 10728 10728 E C01707/CONCUR: [Interface] task 10853 apply qos failed, errno = 4
09-19 13:55:31.674 10728 10728 E C01707/CONCUR: [Interface] task 10854 apply qos failed, errno = 4
09-19 13:55:31.676 10728 10728 E C01707/CONCUR: [Interface] task 10855 apply qos failed, errno = 4
09-19 13:55:31.681 10728 10728 E C01707/CONCUR: [Interface] task 10853 apply qos failed, errno = 4
09-19 13:55:31.683 10728 10728 E C01707/CONCUR: [Interface] task 10854 apply qos failed, errno = 4
09-19 13:55:31.686 10728 10728 E C01707/CONCUR: [Interface] task 10855 apply qos failed, errno = 4
09-19 13:55:31.719 10728 10728 E C01707/CONCUR: [Interface] task 10853 apply qos failed, errno = 4
09-19 13:55:31.721 10728 10728 E C01707/CONCUR: [Interface] task 10854 apply qos failed, errno = 4
09-19 13:55:31.724 10728 10728 E C01707/CONCUR: [Interface] task 10855 apply qos failed, errno = 4
09-19 13:55:31.728 10728 10728 E C01707/CONCUR: [Interface] task 10853 apply qos failed, errno = 4
09-19 13:55:31.731 10728 10728 E C01707/CONCUR: [Interface] task 10854 apply qos failed, errno = 4
09-19 13:55:31.733 10728 10728 E C01707/CONCUR: [Interface] task 10855 apply qos failed, errno = 4
09-19 13:55:31.766 10728 10728 E C01707/CONCUR: [Interface] task 10853 apply qos failed, errno = 4
09-19 13:55:31.768 10728 10728 E C01707/CONCUR: [Interface] task 10854 apply qos failed, errno = 4
09-19 13:55:31.771 10728 10728 E C01707/CONCUR: [Interface] task 10855 apply qos failed, errno = 4
09-19 13:55:31.773 10728 10728 E C01707/CONCUR: [Interface] task 10853 apply qos failed, errno = 4
09-19 13:55:31.776 10728 10728 E C01707/CONCUR: [Interface] task 10854 apply qos failed, errno = 4
09-19 13:55:31.778 10728 10728 E C01707/CONCUR: [Interface] task 10855 apply qos failed, errno = 4
09-19 13:55:33.098 10728 10728 E C01707/CONCUR: [Interface] task 10853 apply qos failed, errno = 4
09-19 13:55:33.137 10728 10728 E C01707/CONCUR: [Interface] task 10854 apply qos failed, errno = 4
09-19 13:55:33.139 10728 10728 E C01707/CONCUR: [Interface] task 10855 apply qos failed, errno = 4
09-19 13:55:33.142 10728 10728 E C01707/CONCUR: [Interface] task 10853 apply qos failed, errno = 4
09-19 13:55:33.145 10728 10728 E C01707/CONCUR: [Interface] task 10854 apply qos failed, errno = 4
09-19 13:55:33.147 10728 10728 E C01707/CONCUR: [Interface] task 10855 apply qos failed, errno = 4
09-19 13:55:33.147 10728 10728 I C03f00/ArkCompiler: [gc] Has checked a long time gc
09-19 13:55:33.147 10728 10728 I C03f00/ArkCompiler: [gc]  [ HPP YoungGC ] 25.4541 (28.25) -> 10.3335 (12.75) MB, 53.527(+0.204)ms, GCReason: ConcurrentMark finished, MarkReason: Memory reach limit
09-19 13:55:33.147 10728 10728 I C03f00/ArkCompiler: [gc] IsInBackground: 0; SensitiveStatus: 0; StartupStatus: 0; BundleName: com.example.callaite; Young: 524288; Old: 2621440; TotalCommit13369344
09-19 13:55:33.147 10728 10728 I C03f00/ArkCompiler: [gc] /***************** GC Duration statistic: ****************/
09-19 13:55:33.147 10728 10728 I C03f00/ArkCompiler: [gc] TotalGC:                 53.527  ms
09-19 13:55:33.147 10728 10728 I C03f00/ArkCompiler: Initialize:              0       ms
09-19 13:55:33.147 10728 10728 I C03f00/ArkCompiler: Mark:                    0.075   ms
09-19 13:55:33.147 10728 10728 I C03f00/ArkCompiler: MarkRoots:               0.068   ms
09-19 13:55:33.147 10728 10728 I C03f00/ArkCompiler: ConcurrentMark pause:    0.204   ms
09-19 13:55:33.147 10728 10728 I C03f00/ArkCompiler: WaitConcurrentMarkFinish:0.001   ms
09-19 13:55:33.147 10728 10728 I C03f00/ArkCompiler: ReMark:                  0.075   ms
09-19 13:55:33.147 10728 10728 I C03f00/ArkCompiler: ProcessSharedGCRSetWorkList:0       ms
09-19 13:55:33.147 10728 10728 I C03f00/ArkCompiler: Sweep:                   0       ms
09-19 13:55:33.147 10728 10728 I C03f00/ArkCompiler: ClearNativeObject:       0       ms
09-19 13:55:33.147 10728 10728 I C03f00/ArkCompiler: Evacuate:                0.545   ms
09-19 13:55:33.147 10728 10728 I C03f00/ArkCompiler: UpdateReference:         0.268   ms
09-19 13:55:33.147 10728 10728 I C03f00/ArkCompiler: UpdateWeekRef:           0.082   ms
09-19 13:55:33.147 10728 10728 I C03f00/ArkCompiler: UpdateRoot:              0.101   ms
09-19 13:55:33.147 10728 10728 I C03f00/ArkCompiler: ProceeWorkload:          0       ms
09-19 13:55:33.147 10728 10728 I C03f00/ArkCompiler: EvacuateSpace:           0.253   ms
09-19 13:55:33.147 10728 10728 I C03f00/ArkCompiler: EvacuateRegion:          0.032   ms
09-19 13:55:33.147 10728 10728 I C03f00/ArkCompiler: WaitFinish:              0.074   ms
09-19 13:55:33.147 10728 10728 I C03f00/ArkCompiler: Finish:                  0.206   ms
09-19 13:55:33.147 10728 10728 I C03f00/ArkCompiler: [gc] /****************** GC Memory statistic: *****************/
09-19 13:55:33.147 10728 10728 I C03f00/ArkCompiler: [gc] AllSpaces        used: 10581.5KB     committed:   13056KB
09-19 13:55:33.147 10728 10728 I C03f00/ArkCompiler: ActiveSemiSpace  used:     372KB     committed:     512KB
09-19 13:55:33.147 10728 10728 I C03f00/ArkCompiler: OldSpace         used: 2077.38KB     committed:    2560KB
09-19 13:55:33.147 10728 10728 I C03f00/ArkCompiler: HugeObjectSpace  used:     512KB     committed:     512KB
09-19 13:55:33.147 10728 10728 I C03f00/ArkCompiler: NonMovableSpace  used: 1195.69KB     committed:    2816KB
09-19 13:55:33.147 10728 10728 I C03f00/ArkCompiler: AppSpawnSpace    used: 6168.39KB     committed:    6400KB
09-19 13:55:33.148 10728 10728 I C03f00/ArkCompiler: [gc] Anno memory usage size:  17.75   MB
09-19 13:55:33.148 10728 10728 I C03f00/ArkCompiler: Native memory usage size:1.54146 MB
09-19 13:55:33.148 10728 10728 I C03f00/ArkCompiler: NativeBindingSize:       1.49023 KB
09-19 13:55:33.148 10728 10728 I C03f00/ArkCompiler: NativeLimitSize:         67107.9 KB
09-19 13:55:33.148 10728 10728 I C03f00/ArkCompiler: ArrayBufferNativeSize:   0.0117188KB
09-19 13:55:33.148 10728 10728 I C03f00/ArkCompiler: ChunkNativeSize:         48      KB
09-19 13:55:33.148 10728 10728 I C03f00/ArkCompiler: [gc] Young copied rate:       0.0227051
09-19 13:55:33.148 10728 10728 I C03f00/ArkCompiler: Young promoted rate:     0       
09-19 13:55:33.148 10728 10728 I C03f00/ArkCompiler: Young survival rate:     0.0227051
09-19 13:55:33.148 10728 10728 I C03f00/ArkCompiler: [gc] /***************** GC summary statistic: *****************/
09-19 13:55:33.148 10728 10728 I C03f00/ArkCompiler: [gc] YoungGC occurs count     61      
09-19 13:55:33.148 10728 10728 I C03f00/ArkCompiler: YoungGC max pause:       53.527  ms
09-19 13:55:33.148 10728 10728 I C03f00/ArkCompiler: YoungGC min pause:       0.351   ms
09-19 13:55:33.148 10728 10728 I C03f00/ArkCompiler: YoungGC average pause:   2.48361 ms
09-19 13:55:33.148 10728 10728 I C03f00/ArkCompiler: Young average copied rate:0.0235735
09-19 13:55:33.148 10728 10728 I C03f00/ArkCompiler: Young average promoted rate:0.00613408
09-19 13:55:33.148 10728 10728 I C03f00/ArkCompiler: Young average survival rate:0.0297076
09-19 13:55:33.725 10728 10728 E C01707/CONCUR: [Interface] task 10853 apply qos failed, errno = 4
09-19 13:55:33.728 10728 10728 E C01707/CONCUR: [Interface] task 10854 apply qos failed, errno = 4
09-19 13:55:33.730 10728 10728 E C01707/CONCUR: [Interface] task 10855 apply qos failed, errno = 4
09-19 13:55:33.733 10728 10728 E C01707/CONCUR: [Interface] task 10853 apply qos failed, errno = 4
09-19 13:55:33.736 10728 10728 E C01707/CONCUR: [Interface] task 10854 apply qos failed, errno = 4
09-19 13:55:33.738 10728 10728 E C01707/CONCUR: [Interface] task 10855 apply qos failed, errno = 4
09-19 13:55:34.599 10728 10728 E C01707/CONCUR: [Interface] task 10853 apply qos failed, errno = 4
09-19 13:55:34.602 10728 10728 E C01707/CONCUR: [Interface] task 10854 apply qos failed, errno = 4
09-19 13:55:34.604 10728 10728 E C01707/CONCUR: [Interface] task 10855 apply qos failed, errno = 4
09-19 13:55:34.608 10728 10728 E C01707/CONCUR: [Interface] task 10853 apply qos failed, errno = 4
09-19 13:55:34.610 10728 10728 E C01707/CONCUR: [Interface] task 10854 apply qos failed, errno = 4
09-19 13:55:34.612 10728 10728 E C01707/CONCUR: [Interface] task 10855 apply qos failed, errno = 4
09-19 13:55:39.061 10728 10846 I C01310/AppDfr: [watchdog.cpp356]Thread may be blocked, not report time. currTime: 1789797339061, lastTime: 1789797332060
09-19 13:55:42.060 10728 10846 W C01310/AppDfr: [appfreeze_inner.cpp760]hisysevent write FREEZE_HALF_HIVIEW_LOG, pid:10728, packageName:, ret:0
09-19 13:55:42.060 10728 10846 W C02d06/XCollie: Sample freeze half file=freeze_20260919135542_10728.txt
09-19 13:55:42.060 10728 10846 I C01310/AppDfr: [appfreeze_inner.cpp595]start to sample freeze stack, eventName:THREAD_BLOCK_3S
09-19 13:55:42.060 10728 10846 W C01310/AppDfr: [appfreeze_inner.cpp627]submit reportAppFreeze, name:THREAD_BLOCK_3S, startTime:2026-09-19 13:55:42.060
09-19 13:55:42.060 10728 10846 E C02d06/XCollie: ThreadSampler initialize failed.
09-19 13:55:42.061 10728 10872 I C01201/EventHandler: EventHandler start dumper!
09-19 13:55:42.061 10728 10872 I C01201/EventHandler: EventHandler end dumper!
09-19 13:55:42.061 10728 10872 W C01310/AppDfr: [appfreeze_inner.cpp683]get mainhandler dump, eventName:THREAD_BLOCK_3S, endTime:2026-09-19 13:55:42.061, interval:0 ms
09-19 13:55:42.061 10728 10872 E C02d06/XCollie: no freeze callback
09-19 13:55:42.061 10728 10872 I C03f00/ArkCompiler: [ecmascript] GC statistic, count: 447, maxPause: 53.527, minPause: 0.345, averagePause: 1.33924, lastStartTime: 1789797342040, lastEndTime: 1789797342041, lastType: Local GC
09-19 13:55:42.061 10728 10872 I C01310/AppDfr: [appfreeze_inner.cpp388]heap info: HEAP_TOTAL_SIZE:27262976,HEAP_OBJECT_SIZE:24371120,HEAP_SHARED_SIZE:850256, process lifeTime: PROCESS_LIFETIME:16s
09-19 13:55:42.079 10728 10851 W C02d11/DfxUnwinder: Failed to step first frame, lr fallback
09-19 13:55:42.085 10728 10871 I C01310/AppDfr: [appfreeze_inner.cpp493]get main stack has finished less than 1s
09-19 13:55:42.085 10728 10871 W C01310/AppDfr: [appfreeze_inner.cpp788]NotifyAppFault:THREAD_BLOCK_3S, pid:10728, bundleName:com.example.callaite currentTime:2026-09-19 13:55:42.085, processExit:1 appfreezeInfo:freeze_20260919135542_10728.txt enbleMainThreadSample:0.
09-19 13:55:42.086 10728 10871 I C01311/AppMS: [app_mgr_proxy.cpp1740]called
09-19 13:55:42.169 10728 10950 W C057c1/IPCWorkThread: ThreadHandler: proto:0 policy:0 name:OS_IPC_4_10950 invoker:2665808
catcher cmd: hilog -z 1000 -P end time: 2026/09/19-13:55:42:223
---------------------------------------------------

---------------------------------------------------
MemoryCatcher -- start time: 2026/09/19-13:55:42:223

MemoryCatcher --

Get freeze memory start time: 2026-09-19 13:55:42.086
some avg10=0.00 avg60=0.00 avg300=0.00 total=3242659
full avg10=0.00 avg60=0.00 avg300=0.00 total=717904
MemTotal:        4025340 kB
MemFree:         1962164 kB
MemAvailable:    2610544 kB
Buffers:            7480 kB
Cached:           681520 kB
SwapCached:        27188 kB
Active:           561900 kB
Inactive:        1098948 kB
Active(anon):      63904 kB
Inactive(anon):   928104 kB
Active(file):     497996 kB
Inactive(file):   170844 kB
Unevictable:           0 kB
Mlocked:               0 kB
SwapTotal:       2097148 kB
SwapFree:        1891068 kB
Dirty:               396 kB
Writeback:             0 kB
AnonPages:        960440 kB
Mapped:           382464 kB
Shmem:             20156 kB
KReclaimable:      45612 kB
Slab:             124496 kB
SReclaimable:      45612 kB
SUnreclaim:        78884 kB
KernelStack:       20768 kB
PageTables:        38068 kB
NFS_Unstable:          0 kB
Bounce:                0 kB
WritebackTmp:          0 kB
CommitLimit:     4109816 kB
Committed_AS:   28721556 kB
VmallocTotal:   34359738367 kB
VmallocUsed:       91680 kB
VmallocChunk:          0 kB
Percpu:             1440 kB
DirectMap4k:       24388 kB
DirectMap2M:     4169728 kB
Get freeze memory end time: 2026-09-19 13:55:42.086
don't collect ashmem dmaheap gpumem
MemoryCatcher -- end time: 2026/09/19-13:55:42:229
---------------------------------------------------

---------------------------------------------------
ThermalInfoCatcher -- start time: 2026/09/19-13:55:42:229

ThermalInfoCatcher --

ThermalLevel info: 0
ThermalInfoCatcher -- end time: 2026/09/19-13:55:42:233
---------------------------------------------------


Catcher log total time is 50ms

*******************************************
start time: 2026/09/19-13:55:45:156
DOMAIN = AAFWK
EVENTNAME = THREAD_BLOCK_6S
TIMESTAMP = 2026/09/19-13:55:45:154
PID = 10728
UID = 20020063
TID = 10728
PACKAGE_NAME = com.example.callaite
PROCESS_NAME = com.example.callaite
eventLog_action = t,cmd:c,cmd:cci,cmd:m,cmd:dam,tr,k:SysRqFile,hot,sli
eventLog_interval = 10
this thread has blocked 6000ms.
IS_FROZEN = 0
MainHeap(bytes): Used 15093488, Total 17825792
SharedHeap(bytes): Used 850256, Total 815792128
GC Status: count 569, maxPause 53.527ms, minPause 0.345ms, averagePause 1.17018ms, lastStartTime 2026/09/19-13:55:45.054, lastEndTime 2026/09/19-13:55:45.054, lastType Local GC
I/O(bytes): rchar 2383774, wchar 68142, syscr 1416, syscw 704, read_bytes 0, write_bytes 69632, cancelled_write_bytes 32768
MSG = 
Fault time:2026/09/19-13:55:45
App main thread is not response!

Main handler dump start time: 2026-09-19 13:55:45.061
mainHandler dump is:
 EventHandler dump begin curTime: 2026-09-19 13:55:45.061
 Event runner (Thread name = , Thread ID = 10728) is running
 Current Running: start at 2026-09-19 13:55:29.534, Event { send thread = 10728, send time = 2026-09-19 13:55:29.534, handle time = 2026-11-08 06:58:16.828, trigger time = 2026-09-19 13:55:29.534, task name = vSyncTask, caller = [event_queue.cpp(PostTaskForVsync:235)] }
 History event queue information:
 No. 0 : Event { send thread = 10728, send time = 2026-09-19 13:55:29.406, handle time = 2026-09-19 13:55:29.406, trigger time = 2026-09-19 13:55:29.419, completeTime time = 2026-09-19 13:55:29.419, priority = Low, task name = ArkUIParseI18nJsonInfo, caller = [task_runner_adapter_impl.cpp(PostTask:35)] }
 No. 1 : Event { send thread = 10728, send time = 2026-09-19 13:55:29.406, handle time = 2026-09-19 13:55:29.406, trigger time = 2026-09-19 13:55:29.419, completeTime time = 2026-09-19 13:55:29.530, priority = Low, task name = ArkUIRunPageUrl, caller = [task_runner_adapter_impl.cpp(PostTask:35)] }
 No. 2 : Event { send thread = 10871, send time = 2026-09-19 13:55:29.507, handle time = 2026-09-19 13:55:29.507, trigger time = 2026-09-19 13:55:29.530, completeTime time = 2026-09-19 13:55:29.531, priority = Immediate, task name = GetBundleInfoForSelf, caller = [ohos_js_environment_impl.cpp(PostTaskToHandler:72)] }
 No. 3 : Event { send thread = 10851, send time = 2026-09-19 13:55:29.484, handle time = 2026-09-19 13:55:29.484, trigger time = 2026-09-19 13:55:29.531, completeTime time = 2026-09-19 13:55:29.532, priority = High, task name = JsWindowManager::OnGetTopWindow, caller = [ohos_js_environment_impl.cpp(PostTaskToHandler:72)] }
 No. 4 : Event { send thread = 10728, send time = 2026-09-19 13:55:29.406, handle time = 2026-09-19 13:55:29.406, trigger time = 2026-09-19 13:55:29.532, completeTime time = 2026-09-19 13:55:29.532, priority = Low, task name = ArkUISetSingleHandTransform, caller = [task_runner_adapter_impl.cpp(PostTask:35)] }
 No. 5 : Event { send thread = 10728, send time = 2026-09-19 13:55:29.406, handle time = 2026-09-19 13:55:29.406, trigger time = 2026-09-19 13:55:29.532, completeTime time = 2026-09-19 13:55:29.532, priority = Low, task name = ArkUIStatusBarItemColor, caller = [task_runner_adapter_impl.cpp(PostTask:35)] }
 No. 6 : Event { send thread = 10728, send time = 2026-09-19 13:55:29.407, handle time = 2026-09-19 13:55:29.407, trigger time = 2026-09-19 13:55:29.532, completeTime time = 2026-09-19 13:55:29.532, priority = Low, task name = ArkUINotifyWindowMode, caller = [task_runner_adapter_impl.cpp(PostTask:35)] }
 No. 7 : Event { send thread = 10728, send time = 2026-09-19 13:55:29.410, handle time = 2026-09-19 13:55:29.410, trigger time = 2026-09-19 13:55:29.532, completeTime time = 2026-09-19 13:55:29.532, priority = Low, task name = ArkUIUpdateBrightness, caller = [task_runner_adapter_impl.cpp(PostTask:35)] }
 No. 8 : Event { send thread = 10728, send time = 2026-09-19 13:55:29.410, handle time = 2026-09-19 13:55:29.410, trigger time = 2026-09-19 13:55:29.532, completeTime time = 2026-09-19 13:55:29.532, priority = Low, task name = ArkUIUpdateViewportConfig, caller = [task_runner_adapter_impl.cpp(PostTask:35)] }
 No. 9 : Event { send thread = 10728, send time = 2026-09-19 13:55:29.410, handle time = 2026-09-19 13:55:29.410, trigger time = 2026-09-19 13:55:29.532, completeTime time = 2026-09-19 13:55:29.532, priority = Low, task name = ArkUIUpdateSessionViewportConfig, caller = [task_runner_adapter_impl.cpp(PostTask:35)] }
 No. 10 : Event { send thread = 10728, send time = 2026-09-19 13:55:29.411, handle time = 2026-09-19 13:55:29.411, trigger time = 2026-09-19 13:55:29.532, completeTime time = 2026-09-19 13:55:29.533, priority = Low, task name = ArkUIFrontendActive, caller = [task_runner_adapter_impl.cpp(PostTask:35)] }
 No. 11 : Event { send thread = 10728, send time = 2026-09-19 13:55:29.411, handle time = 2026-09-19 13:55:29.411, trigger time = 2026-09-19 13:55:29.533, completeTime time = 2026-09-19 13:55:29.533, priority = Low, task name = ArkUIWindowFocus, caller = [task_runner_adapter_impl.cpp(PostTask:35)] }
 No. 12 : Event { send thread = 10728, send time = 2026-09-19 13:55:29.411, handle time = 2026-09-19 13:55:29.411, trigger time = 2026-09-19 13:55:29.533, completeTime time = 2026-09-19 13:55:29.533, priority = Low, task name = ArkUISetOnWindowFocusedCallback, caller = [task_runner_adapter_impl.cpp(PostTask:35)] }
 No. 13 : Event { send thread = 10728, send time = 2026-09-19 13:55:29.411, handle time = 2026-09-19 13:55:29.411, trigger time = 2026-09-19 13:55:29.533, completeTime time = 2026-09-19 13:55:29.534, priority = Low, task name = ArkUIFrontendActive, caller = [task_runner_adapter_impl.cpp(PostTask:35)] }
 No. 14 : Event { send thread = 10728, send time = 2026-09-19 13:55:29.411, handle time = 2026-09-19 13:55:29.411, trigger time = 2026-09-19 13:55:29.534, completeTime time = 2026-09-19 13:55:29.534, priority = Low, task name = ArkUIWindowActivate, caller = [task_runner_adapter_impl.cpp(PostTask:35)] }
 No. 15 : Event { send thread = 10728, send time = 2026-09-19 13:55:29.411, handle time = 2026-09-19 13:55:29.411, trigger time = 2026-09-19 13:55:29.534, completeTime time = 2026-09-19 13:55:29.534, priority = Low, task name = ArkUISetWindowScale, caller = [task_runner_adapter_impl.cpp(PostTask:35)] }
 No. 16 : Event { send thread = 10728, send time = 2026-09-19 13:55:29.414, handle time = 2026-09-19 13:55:29.414, trigger time = 2026-09-19 13:55:29.534, completeTime time = 2026-09-19 13:55:29.534, priority = Low, task name = ArkUIWindowRectChange, caller = [task_runner_adapter_impl.cpp(PostTask:35)] }
 No. 17 : Event { send thread = 10728, send time = 2026-09-19 13:55:29.417, handle time = 2026-09-19 13:55:29.417, trigger time = 2026-09-19 13:55:29.534, completeTime time = 2026-09-19 13:55:29.534, priority = Low, task name = ArkUIUpdateOriginAvoidAreaAndExecuteKeyboardAvoid, caller = [task_runner_adapter_impl.cpp(PostTask:35)] }
 No. 18 : Event { send thread = 10728, send time = 2026-09-19 13:55:29.418, handle time = 2026-09-19 13:55:29.418, trigger time = 2026-09-19 13:55:29.534, completeTime time = 2026-09-19 13:55:29.534, priority = Low, task name = ArkUIWindowRectChange, caller = [task_runner_adapter_impl.cpp(PostTask:35)] }
 No. 19 : Event { send thread = 10728, send time = 2026-09-19 13:55:29.419, handle time = 2026-09-19 13:55:29.419, trigger time = 2026-09-19 13:55:29.534, completeTime time = 2026-09-19 13:55:29.534, priority = Low, task name = ArkUIUpdateOriginAvoidAreaAndExecuteKeyboardAvoid, caller = [task_runner_adapter_impl.cpp(PostTask:35)] }
 No. 20 : Event { send thread = 10728, send time = 2026-09-19 13:55:29.409, handle time = 2026-09-19 13:55:29.460, trigger time = 2026-09-19 13:55:29.534, completeTime time = 2026-09-19 13:55:29.534, priority = Low, task name = ArkUIIdleTask, caller = [task_runner_adapter_impl.cpp(PostDelayedTask:46)] }
 No. 21 : Event { send thread = 10728, send time = 2026-09-19 13:55:29.534, handle time = 2026-11-08 06:58:16.828, trigger time = 2026-09-19 13:55:29.534, completeTime time = , priority = VIP, task name = vSyncTask, caller = [event_queue.cpp(PostTaskForVsync:235)] }
 No. 22 : Event { send thread = 10728, send time = 2026-09-19 13:55:29.375, handle time = 2026-09-19 13:55:29.375, trigger time = 2026-09-19 13:55:29.418, completeTime time = 2026-09-19 13:55:29.418, priority = Low, task name = ArkUIFillTaskTypeTable, caller = [task_runner_adapter_impl.cpp(PostTask:35)] }
 No. 23 : Event { send thread = 10728, send time = 2026-09-19 13:55:29.375, handle time = 2026-09-19 13:55:29.375, trigger time = 2026-09-19 13:55:29.418, completeTime time = 2026-09-19 13:55:29.418, priority = Low, task name = ArkUIFillTaskTypeTable, caller = [task_runner_adapter_impl.cpp(PostTask:35)] }
 No. 24 : Event { send thread = 10728, send time = 2026-09-19 13:55:29.375, handle time = 2026-09-19 13:55:29.375, trigger time = 2026-09-19 13:55:29.418, completeTime time = 2026-09-19 13:55:29.418, priority = Low, task name = ArkUIFillTaskTypeTable, caller = [task_runner_adapter_impl.cpp(PostTask:35)] }
 No. 25 : Event { send thread = 10728, send time = 2026-09-19 13:55:29.375, handle time = 2026-09-19 13:55:29.375, trigger time = 2026-09-19 13:55:29.418, completeTime time = 2026-09-19 13:55:29.418, priority = Low, task name = ArkUIFillTaskTypeTable, caller = [task_runner_adapter_impl.cpp(PostTask:35)] }
 No. 26 : Event { send thread = 10728, send time = 2026-09-19 13:55:29.378, handle time = 2026-09-19 13:55:29.378, trigger time = 2026-09-19 13:55:29.418, completeTime time = 2026-09-19 13:55:29.418, priority = Low, task name = ArkUISetJsMessageDispatcher, caller = [task_runner_adapter_impl.cpp(PostTask:35)] }
 No. 27 : Event { send thread = 10728, send time = 2026-09-19 13:55:29.379, handle time = 2026-09-19 13:55:29.379, trigger time = 2026-09-19 13:55:29.418, completeTime time = 2026-09-19 13:55:29.418, priority = Low, task name = ArkUIPageSwitchLogStatusChanged, caller = [task_runner_adapter_impl.cpp(PostTask:35)] }
 No. 28 : Event { send thread = 10728, send time = 2026-09-19 13:55:29.395, handle time = 2026-09-19 13:55:29.395, trigger time = 2026-09-19 13:55:29.418, completeTime time = 2026-09-19 13:55:29.418, priority = Low, task name = ArkUIFrontendActive, caller = [task_runner_adapter_impl.cpp(PostTask:35)] }
 No. 29 : Event { send thread = 10728, send time = 2026-09-19 13:55:29.395, handle time = 2026-09-19 13:55:29.395, trigger time = 2026-09-19 13:55:29.418, completeTime time = 2026-09-19 13:55:29.418, priority = Low, task name = ArkUIWindowFocus, caller = [task_runner_adapter_impl.cpp(PostTask:35)] }
 No. 30 : Event { send thread = 10869, send time = 2026-09-19 13:55:29.403, handle time = 2026-09-19 13:55:29.403, trigger time = 2026-09-19 13:55:29.418, completeTime time = 2026-09-19 13:55:29.419, priority = Low, task name = WMS_WindowSessionImpl_UpdateRectForOtherReason, caller = [window_session_impl.cpp(UpdateRectForOtherReason:1693)] }
 No. 31 : Event { send thread = 10728, send time = 2026-09-19 13:55:29.419, handle time = 2026-09-19 13:55:29.419, trigger time = 2026-09-19 13:55:29.419, completeTime time = 2026-09-19 13:55:29.419, priority = VIP, task name = UpdateDisplayValid5, caller = [native_event.cpp(SendEventByEventHandler:322)] }
 VIP priority event queue information:
 No.1 : Event { send thread = 10846, send time = 2026-09-19 13:55:32.060, handle time = 2026-09-19 13:55:32.060, id = 1, caller = [watchdog.cpp(Timer:303)] }
 No.2 : Event { send thread = 10846, send time = 2026-09-19 13:55:39.062, handle time = 2026-09-19 13:55:39.062, id = 1, caller = [watchdog.cpp(Timer:303)] }
 No.3 : Event { send thread = 10846, send time = 2026-09-19 13:55:42.061, handle time = 2026-09-19 13:55:42.061, id = 1, caller = [watchdog.cpp(Timer:303)] }
 No.4 : Event { send thread = 10846, send time = 2026-09-19 13:55:45.061, handle time = 2026-09-19 13:55:45.061, id = 1, caller = [watchdog.cpp(Timer:303)] }
 Total size of VIP events : 4
 Immediate priority event queue information:
 Total size of Immediate events : 0
 High priority event queue information:
 No.1 : Event { send thread = 10728, send time = 2026-09-19 13:55:29.533, handle time = 2026-09-19 13:55:29.533, task name = uvLoopTask, caller = [event_queue.cpp(HandleFileDescriptorEvent:313)] }
 Total size of High events : 1
 Low priority event queue information:
 No.1 : Event { send thread = 10728, send time = 2026-09-19 13:55:29.541, handle time = 2026-09-19 13:55:29.592, task name = ArkUIIdleTask, caller = [task_runner_adapter_impl.cpp(PostDelayedTask:46)] }
 No.2 : Event { send thread = 10728, send time = 2026-09-19 13:55:29.541, handle time = 2026-09-19 13:55:30.041, task name = ArkUIVsyncTimeoutCheck, caller = [task_runner_adapter_impl.cpp(PostDelayedTask:46)] }
 No.3 : Event { send thread = 10728, send time = 2026-09-19 13:55:29.541, handle time = 2026-09-19 13:55:30.141, task name = vsync_time_out_task_46076409151489, caller = [vsync_station.cpp(RequestVsync:148)] }
 No.4 : Event { send thread = 10728, send time = 2026-09-19 13:55:29.149, handle time = 2026-09-19 13:55:30.149, task name = AppRecovery:AddAbility, caller = [app_recovery.cpp(AddAbility:133)] }
 No.5 : Event { send thread = 10728, send time = 2026-09-19 13:55:29.530, handle time = 2026-09-19 13:55:31.530, task name = ExtensionTransparentDetector, caller = [task_runner_adapter_impl.cpp(PostDelayedTask:46)] }
 No.6 : Event { send thread = 10728, send time = 2026-09-19 13:55:29.541, handle time = 2026-09-19 13:55:32.541, task name = ArkUIVsyncTimeoutCheck, caller = [task_runner_adapter_impl.cpp(PostDelayedTask:46)] }
 No.7 : Event { send thread = 10728, send time = 2026-09-19 13:55:29.477, handle time = 2026-09-19 13:55:34.477, task name = TriggerModuleSerializer, caller = [task_runner_adapter_impl.cpp(PostDelayedTask:46)] }
 Total size of Low events : 7
 Idle priority event queue information:
 No.1 : Event { send thread = 10858, send time = 2026-09-19 13:55:29.751, handle time = 2026-09-19 13:55:29.751, task name = uv_io_cb, caller = [ohos_js_environment_impl.cpp(PostTaskToHandler:72)] }
 No.2 : Event { send thread = 10858, send time = 2026-09-19 13:55:30.096, handle time = 2026-09-19 13:55:30.096, task name = uv_io_cb, caller = [ohos_js_environment_impl.cpp(PostTaskToHandler:72)] }
 Total size of Idle events : 2
 Total event size : 14
Main handler dump end time: 2026-09-19 13:55:45.061

Catche stack trace start time: 2026-09-19 13:55:45.063

Tid:10728, Name:xample.callaite
state=R, utime=1484, stime=87, priority=10, nice=-10, clk=100
#00 pc 00000000010b0025 /system/lib64/module/arkcompiler/stub.an(BCStub_HandleCreateemptyarrayImm8StwCopy+1045)
#01 pc 0000000000000002 Not mapped
Tid:10869, Name:OS_IPC_2_10869
state=S, utime=0, stime=1, priority=0, nice=-20, clk=100
#00 pc 00000000000dc469 /system/lib/ld-musl-x86_64.so.1(ioctl+185)(74178aa6301b8bad2ac9b6d7f2361221)
#01 pc 0000000000010ca7 /system/lib64/platformsdk/libipc_common.z.so(OHOS::BinderConnector::WriteBinder(unsigned long, void*)+55)(ae9fe169bf1f8b0397c31ba1b67e0e94)
#02 pc 000000000007e34d /system/lib64/platformsdk/libipc_single.z.so(OHOS::BinderInvoker::TransactWithDriver(bool)+269)(216555c1ccaa2644568394a99c5a7547)
#03 pc 000000000007e71a /system/lib64/platformsdk/libipc_single.z.so(OHOS::BinderInvoker::StartWorkLoop()+106)(216555c1ccaa2644568394a99c5a7547)
#04 pc 0000000000080c28 /system/lib64/platformsdk/libipc_single.z.so(OHOS::BinderInvoker::JoinThread(bool)+40)(216555c1ccaa2644568394a99c5a7547)
#05 pc 00000000000769f5 /system/lib64/platformsdk/libipc_single.z.so(OHOS::IPCWorkThread::ThreadHandler(void*)+901)(216555c1ccaa2644568394a99c5a7547)
#06 pc 00000000001299e7 /system/lib/ld-musl-x86_64.so.1(74178aa6301b8bad2ac9b6d7f2361221)
#07 pc 0000000000090f8e /system/lib/ld-musl-x86_64.so.1(74178aa6301b8bad2ac9b6d7f2361221)
Tid:10844, Name:OS_IPC_0_10844
state=S, utime=0, stime=1, priority=0, nice=-20, clk=100
#00 pc 00000000000dc46b /system/lib/ld-musl-x86_64.so.1(ioctl+187)(74178aa6301b8bad2ac9b6d7f2361221)
#01 pc 0000000000010ca7 /system/lib64/platformsdk/libipc_common.z.so(OHOS::BinderConnector::WriteBinder(unsigned long, void*)+55)(ae9fe169bf1f8b0397c31ba1b67e0e94)
#02 pc 000000000007e34d /system/lib64/platformsdk/libipc_single.z.so(OHOS::BinderInvoker::TransactWithDriver(bool)+269)(216555c1ccaa2644568394a99c5a7547)
#03 pc 000000000007e71a /system/lib64/platformsdk/libipc_single.z.so(OHOS::BinderInvoker::StartWorkLoop()+106)(216555c1ccaa2644568394a99c5a7547)
#04 pc 0000000000080c28 /system/lib64/platformsdk/libipc_single.z.so(OHOS::BinderInvoker::JoinThread(bool)+40)(216555c1ccaa2644568394a99c5a7547)
#05 pc 00000000000769f5 /system/lib64/platformsdk/libipc_single.z.so(OHOS::IPCWorkThread::ThreadHandler(void*)+901)(216555c1ccaa2644568394a99c5a7547)
#06 pc 00000000001299e7 /system/lib/ld-musl-x86_64.so.1(74178aa6301b8bad2ac9b6d7f2361221)
#07 pc 0000000000090f8e /system/lib/ld-musl-x86_64.so.1(74178aa6301b8bad2ac9b6d7f2361221)
Tid:10845, Name:OS_IPC_1_10845
state=S, utime=0, stime=0, priority=0, nice=-20, clk=100
#00 pc 00000000000dc46b /system/lib/ld-musl-x86_64.so.1(ioctl+187)(74178aa6301b8bad2ac9b6d7f2361221)
#01 pc 0000000000010ca7 /system/lib64/platformsdk/libipc_common.z.so(OHOS::BinderConnector::WriteBinder(unsigned long, void*)+55)(ae9fe169bf1f8b0397c31ba1b67e0e94)
#02 pc 000000000007e34d /system/lib64/platformsdk/libipc_single.z.so(OHOS::BinderInvoker::TransactWithDriver(bool)+269)(216555c1ccaa2644568394a99c5a7547)
#03 pc 000000000007e71a /system/lib64/platformsdk/libipc_single.z.so(OHOS::BinderInvoker::StartWorkLoop()+106)(216555c1ccaa2644568394a99c5a7547)
#04 pc 0000000000080c28 /system/lib64/platformsdk/libipc_single.z.so(OHOS::BinderInvoker::JoinThread(bool)+40)(216555c1ccaa2644568394a99c5a7547)
#05 pc 00000000000769f5 /system/lib64/platformsdk/libipc_single.z.so(OHOS::IPCWorkThread::ThreadHandler(void*)+901)(216555c1ccaa2644568394a99c5a7547)
#06 pc 00000000001299e7 /system/lib/ld-musl-x86_64.so.1(74178aa6301b8bad2ac9b6d7f2361221)
#07 pc 0000000000090f8e /system/lib/ld-musl-x86_64.so.1(74178aa6301b8bad2ac9b6d7f2361221)
Tid:10846, Name:OS_DfxWatchdog
state=S, utime=0, stime=0, priority=0, nice=-20, clk=100
#00 pc 0000000000125ee9 /system/lib/ld-musl-x86_64.so.1(74178aa6301b8bad2ac9b6d7f2361221)
#01 pc 0000000000127883 /system/lib/ld-musl-x86_64.so.1(pthread_cond_timedwait+195)(74178aa6301b8bad2ac9b6d7f2361221)
#02 pc 00000000000c74e7 /system/lib64/chipset-sdk-sp/libc++.so(std::__h::condition_variable::__do_timed_wait(std::__h::unique_lock<std::__h::mutex>&, std::__h::chrono::time_point<std::__h::chrono::system_clock, std::__h::chrono::duration<long long, std::__h::ratio<1l, 1000000000l>>>)+103)(ca45f3285cb13d8a615c2dcf32305914fbc391ad)
#03 pc 00000000000245a0 /system/lib64/chipset-sdk-sp/libhicollie.z.so(0d0f332b1d543f1b44cdc8747e67264a)
#04 pc 00000000000242a1 /system/lib64/chipset-sdk-sp/libhicollie.z.so(0d0f332b1d543f1b44cdc8747e67264a)
#05 pc 000000000002c17d /system/lib64/chipset-sdk-sp/libhicollie.z.so(0d0f332b1d543f1b44cdc8747e67264a)
#06 pc 00000000001299e7 /system/lib/ld-musl-x86_64.so.1(74178aa6301b8bad2ac9b6d7f2361221)
#07 pc 0000000000090f8e /system/lib/ld-musl-x86_64.so.1(74178aa6301b8bad2ac9b6d7f2361221)
Tid:10847, Name:OS_FFRT_Delay
state=S, utime=0, stime=0, priority=0, nice=-20, clk=100
#00 pc 00000000000b837f /system/lib/ld-musl-x86_64.so.1(epoll_wait+31)(74178aa6301b8bad2ac9b6d7f2361221)
#01 pc 00000000000b2cda /system/lib64/ndk/libffrt.so(6014d53b82cd59820b512f223d249356)
#02 pc 00000000001299e7 /system/lib/ld-musl-x86_64.so.1(74178aa6301b8bad2ac9b6d7f2361221)
#03 pc 0000000000090f8e /system/lib/ld-musl-x86_64.so.1(74178aa6301b8bad2ac9b6d7f2361221)
Tid:10851, Name:OS_FFRT_2_0
state=S, utime=0, stime=2, priority=0, nice=-20, clk=100
#00 pc 0000000000125ee9 /system/lib/ld-musl-x86_64.so.1(74178aa6301b8bad2ac9b6d7f2361221)
#01 pc 0000000000127883 /system/lib/ld-musl-x86_64.so.1(pthread_cond_timedwait+195)(74178aa6301b8bad2ac9b6d7f2361221)
#02 pc 00000000000c74e7 /system/lib64/chipset-sdk-sp/libc++.so(std::__h::condition_variable::__do_timed_wait(std::__h::unique_lock<std::__h::mutex>&, std::__h::chrono::time_point<std::__h::chrono::system_clock, std::__h::chrono::duration<long long, std::__h::ratio<1l, 1000000000l>>>)+103)(ca45f3285cb13d8a615c2dcf32305914fbc391ad)
#03 pc 000000000008bcb0 /system/lib64/ndk/libffrt.so(6014d53b82cd59820b512f223d249356)
#04 pc 00000000000760ef /system/lib64/ndk/libffrt.so(6014d53b82cd59820b512f223d249356)
#05 pc 0000000000075eaf /system/lib64/ndk/libffrt.so(6014d53b82cd59820b512f223d249356)
#06 pc 0000000000075d79 /system/lib64/ndk/libffrt.so(6014d53b82cd59820b512f223d249356)
#07 pc 00000000001299e7 /system/lib/ld-musl-x86_64.so.1(74178aa6301b8bad2ac9b6d7f2361221)
#08 pc 0000000000090f8e /system/lib/ld-musl-x86_64.so.1(74178aa6301b8bad2ac9b6d7f2361221)
Tid:10852, Name:OS_GC_Thread
state=S, utime=0, stime=0, priority=0, nice=-20, clk=100
#00 pc 0000000000125ee9 /system/lib/ld-musl-x86_64.so.1(74178aa6301b8bad2ac9b6d7f2361221)
#01 pc 0000000000127883 /system/lib/ld-musl-x86_64.so.1(pthread_cond_timedwait+195)(74178aa6301b8bad2ac9b6d7f2361221)
#02 pc 00000000009cd4ca /system/lib64/platformsdk/libark_jsruntime.so(3403c0dea7c24e42adea4ee0f5dd2803)
#03 pc 00000000009cd443 /system/lib64/platformsdk/libark_jsruntime.so(3403c0dea7c24e42adea4ee0f5dd2803)
#04 pc 00000000009cd8b5 /system/lib64/platformsdk/libark_jsruntime.so(3403c0dea7c24e42adea4ee0f5dd2803)
#05 pc 00000000001299e7 /system/lib/ld-musl-x86_64.so.1(74178aa6301b8bad2ac9b6d7f2361221)
#06 pc 0000000000090f8e /system/lib/ld-musl-x86_64.so.1(74178aa6301b8bad2ac9b6d7f2361221)
Tid:10853, Name:OS_GC_Thread
state=S, utime=13, stime=10, priority=0, nice=-20, clk=100
#00 pc 0000000000125ee9 /system/lib/ld-musl-x86_64.so.1(74178aa6301b8bad2ac9b6d7f2361221)
#01 pc 0000000000127883 /system/lib/ld-musl-x86_64.so.1(pthread_cond_timedwait+195)(74178aa6301b8bad2ac9b6d7f2361221)
#02 pc 00000000000c7451 /system/lib64/chipset-sdk-sp/libc++.so(std::__h::condition_variable::wait(std::__h::unique_lock<std::__h::mutex>&)+17)(ca45f3285cb13d8a615c2dcf32305914fbc391ad)
#03 pc 0000000000a298fd /system/lib64/platformsdk/libark_jsruntime.so(3403c0dea7c24e42adea4ee0f5dd2803)
#04 pc 0000000000a29475 /system/lib64/platformsdk/libark_jsruntime.so(3403c0dea7c24e42adea4ee0f5dd2803)
#05 pc 0000000000a2955a /system/lib64/platformsdk/libark_jsruntime.so(3403c0dea7c24e42adea4ee0f5dd2803)
#06 pc 00000000001299e7 /system/lib/ld-musl-x86_64.so.1(74178aa6301b8bad2ac9b6d7f2361221)
#07 pc 0000000000090f8e /system/lib/ld-musl-x86_64.so.1(74178aa6301b8bad2ac9b6d7f2361221)
Tid:10854, Name:OS_GC_Thread
state=S, utime=17, stime=4, priority=0, nice=-20, clk=100
#00 pc 0000000000125ee9 /system/lib/ld-musl-x86_64.so.1(74178aa6301b8bad2ac9b6d7f2361221)
#01 pc 0000000000127883 /system/lib/ld-musl-x86_64.so.1(pthread_cond_timedwait+195)(74178aa6301b8bad2ac9b6d7f2361221)
#02 pc 00000000000c7451 /system/lib64/chipset-sdk-sp/libc++.so(std::__h::condition_variable::wait(std::__h::unique_lock<std::__h::mutex>&)+17)(ca45f3285cb13d8a615c2dcf32305914fbc391ad)
#03 pc 0000000000a298fd /system/lib64/platformsdk/libark_jsruntime.so(3403c0dea7c24e42adea4ee0f5dd2803)
#04 pc 0000000000a29475 /system/lib64/platformsdk/libark_jsruntime.so(3403c0dea7c24e42adea4ee0f5dd2803)
#05 pc 0000000000a2955a /system/lib64/platformsdk/libark_jsruntime.so(3403c0dea7c24e42adea4ee0f5dd2803)
#06 pc 00000000001299e7 /system/lib/ld-musl-x86_64.so.1(74178aa6301b8bad2ac9b6d7f2361221)
#07 pc 0000000000090f8e /system/lib/ld-musl-x86_64.so.1(74178aa6301b8bad2ac9b6d7f2361221)
Tid:10855, Name:OS_GC_Thread
state=S, utime=16, stime=7, priority=0, nice=-20, clk=100
#00 pc 0000000000125ee9 /system/lib/ld-musl-x86_64.so.1(74178aa6301b8bad2ac9b6d7f2361221)
#01 pc 0000000000127883 /system/lib/ld-musl-x86_64.so.1(pthread_cond_timedwait+195)(74178aa6301b8bad2ac9b6d7f2361221)
#02 pc 00000000000c7451 /system/lib64/chipset-sdk-sp/libc++.so(std::__h::condition_variable::wait(std::__h::unique_lock<std::__h::mutex>&)+17)(ca45f3285cb13d8a615c2dcf32305914fbc391ad)
#03 pc 0000000000a298fd /system/lib64/platformsdk/libark_jsruntime.so(3403c0dea7c24e42adea4ee0f5dd2803)
#04 pc 0000000000a29475 /system/lib64/platformsdk/libark_jsruntime.so(3403c0dea7c24e42adea4ee0f5dd2803)
#05 pc 0000000000a2955a /system/lib64/platformsdk/libark_jsruntime.so(3403c0dea7c24e42adea4ee0f5dd2803)
#06 pc 00000000001299e7 /system/lib/ld-musl-x86_64.so.1(74178aa6301b8bad2ac9b6d7f2361221)
#07 pc 0000000000090f8e /system/lib/ld-musl-x86_64.so.1(74178aa6301b8bad2ac9b6d7f2361221)
Tid:10856, Name:OS_FFRT_3_0
state=S, utime=4, stime=8, priority=0, nice=-20, clk=100
#00 pc 0000000000125ee9 /system/lib/ld-musl-x86_64.so.1(74178aa6301b8bad2ac9b6d7f2361221)
#01 pc 0000000000127883 /system/lib/ld-musl-x86_64.so.1(pthread_cond_timedwait+195)(74178aa6301b8bad2ac9b6d7f2361221)
#02 pc 00000000000c74e7 /system/lib64/chipset-sdk-sp/libc++.so(std::__h::condition_variable::__do_timed_wait(std::__h::unique_lock<std::__h::mutex>&, std::__h::chrono::time_point<std::__h::chrono::system_clock, std::__h::chrono::duration<long long, std::__h::ratio<1l, 1000000000l>>>)+103)(ca45f3285cb13d8a615c2dcf32305914fbc391ad)
#03 pc 000000000008bcb0 /system/lib64/ndk/libffrt.so(6014d53b82cd59820b512f223d249356)
#04 pc 00000000000760ef /system/lib64/ndk/libffrt.so(6014d53b82cd59820b512f223d249356)
#05 pc 0000000000075eaf /system/lib64/ndk/libffrt.so(6014d53b82cd59820b512f223d249356)
#06 pc 0000000000075d79 /system/lib64/ndk/libffrt.so(6014d53b82cd59820b512f223d249356)
#07 pc 00000000001299e7 /system/lib/ld-musl-x86_64.so.1(74178aa6301b8bad2ac9b6d7f2361221)
#08 pc 0000000000090f8e /system/lib/ld-musl-x86_64.so.1(74178aa6301b8bad2ac9b6d7f2361221)
Tid:10857, Name:OS_hdcRegister
state=S, utime=0, stime=0, priority=0, nice=-20, clk=100
#00 pc 00000000000b837f /system/lib/ld-musl-x86_64.so.1(epoll_wait+31)(74178aa6301b8bad2ac9b6d7f2361221)
#01 pc 000000000000660f /system/lib64/platformsdk/libhdc_register.z.so(Hdc::HdcJdwpSimulator::ReadFromJdwp()+367)(4c41d0541b0381aaf6674e818696d512)
#02 pc 0000000000006ba3 /system/lib64/platformsdk/libhdc_register.z.so(Hdc::HdcJdwpSimulator::Connect()+195)(4c41d0541b0381aaf6674e818696d512)
#03 pc 00000000000052ef /system/lib64/platformsdk/libhdc_register.z.so(Hdc::HdcConnectRun(void*)+559)(4c41d0541b0381aaf6674e818696d512)
#04 pc 00000000001299e7 /system/lib/ld-musl-x86_64.so.1(74178aa6301b8bad2ac9b6d7f2361221)
#05 pc 0000000000090f8e /system/lib/ld-musl-x86_64.so.1(74178aa6301b8bad2ac9b6d7f2361221)
Tid:10858, Name:OS_FFRT_0_0
state=S, utime=0, stime=0, priority=0, nice=-20, clk=100
#00 pc 0000000000125ee9 /system/lib/ld-musl-x86_64.so.1(74178aa6301b8bad2ac9b6d7f2361221)
#01 pc 0000000000127883 /system/lib/ld-musl-x86_64.so.1(pthread_cond_timedwait+195)(74178aa6301b8bad2ac9b6d7f2361221)
#02 pc 00000000000c74e7 /system/lib64/chipset-sdk-sp/libc++.so(std::__h::condition_variable::__do_timed_wait(std::__h::unique_lock<std::__h::mutex>&, std::__h::chrono::time_point<std::__h::chrono::system_clock, std::__h::chrono::duration<long long, std::__h::ratio<1l, 1000000000l>>>)+103)(ca45f3285cb13d8a615c2dcf32305914fbc391ad)
#03 pc 000000000008bcb0 /system/lib64/ndk/libffrt.so(6014d53b82cd59820b512f223d249356)
#04 pc 00000000000760ef /system/lib64/ndk/libffrt.so(6014d53b82cd59820b512f223d249356)
#05 pc 0000000000075eaf /system/lib64/ndk/libffrt.so(6014d53b82cd59820b512f223d249356)
#06 pc 0000000000075d79 /system/lib64/ndk/libffrt.so(6014d53b82cd59820b512f223d249356)
#07 pc 00000000001299e7 /system/lib/ld-musl-x86_64.so.1(74178aa6301b8bad2ac9b6d7f2361221)
#08 pc 0000000000090f8e /system/lib/ld-musl-x86_64.so.1(74178aa6301b8bad2ac9b6d7f2361221)
Tid:10864, Name:sandbox_thread
state=S, utime=0, stime=0, priority=0, nice=-20, clk=100
#00 pc 0000000000125ee9 /system/lib/ld-musl-x86_64.so.1(74178aa6301b8bad2ac9b6d7f2361221)
#01 pc 0000000000127883 /system/lib/ld-musl-x86_64.so.1(pthread_cond_timedwait+195)(74178aa6301b8bad2ac9b6d7f2361221)
#02 pc 00000000000c7451 /system/lib64/chipset-sdk-sp/libc++.so(std::__h::condition_variable::wait(std::__h::unique_lock<std::__h::mutex>&)+17)(ca45f3285cb13d8a615c2dcf32305914fbc391ad)
#03 pc 00000000000086d7 /system/lib64/platformsdk/libsandboxlog.so(15f86dfff1c9aa3778b113b4e1f84fe4)
#04 pc 0000000000009363 /system/lib64/platformsdk/libsandboxlog.so(15f86dfff1c9aa3778b113b4e1f84fe4)
#05 pc 00000000001299e7 /system/lib/ld-musl-x86_64.so.1(74178aa6301b8bad2ac9b6d7f2361221)
#06 pc 0000000000090f8e /system/lib/ld-musl-x86_64.so.1(74178aa6301b8bad2ac9b6d7f2361221)
Tid:10867, Name:xample.callaite
state=S, utime=0, stime=0, priority=0, nice=-20, clk=100
#00 pc 000000000013100d /system/lib/ld-musl-x86_64.so.1(nanosleep+13)(74178aa6301b8bad2ac9b6d7f2361221)
#01 pc 00000000000d9b9a /system/lib64/chipset-sdk-sp/libc++.so(std::__h::this_thread::sleep_for(std::__h::chrono::duration<long long, std::__h::ratio<1l, 1000000000l>> const&)+90)(ca45f3285cb13d8a615c2dcf32305914fbc391ad)
#02 pc 0000000000015f52 /system/lib64/platformsdk/libhistogram.z.so(bcaef44ffc0c920a27140798ab5f7654)
#03 pc 00000000001299e7 /system/lib/ld-musl-x86_64.so.1(74178aa6301b8bad2ac9b6d7f2361221)
#04 pc 0000000000090f8e /system/lib/ld-musl-x86_64.so.1(74178aa6301b8bad2ac9b6d7f2361221)
Tid:10868, Name:OS_EVENT_POLL
state=S, utime=0, stime=0, priority=0, nice=-20, clk=100
#00 pc 00000000000b837f /system/lib/ld-musl-x86_64.so.1(epoll_wait+31)(74178aa6301b8bad2ac9b6d7f2361221)
#01 pc 000000000001a0fc /system/lib64/chipset-sdk-sp/libeventhandler.z.so(d20098a20e88abe540f8f998e7a8bdcc)
#02 pc 000000000001b2e6 /system/lib64/chipset-sdk-sp/libeventhandler.z.so(d20098a20e88abe540f8f998e7a8bdcc)
#03 pc 00000000001299e7 /system/lib/ld-musl-x86_64.so.1(74178aa6301b8bad2ac9b6d7f2361221)
#04 pc 0000000000090f8e /system/lib/ld-musl-x86_64.so.1(74178aa6301b8bad2ac9b6d7f2361221)
Tid:10871, Name:OS_FFRT_3_2
state=S, utime=0, stime=0, priority=0, nice=-20, clk=100
#00 pc 0000000000125ee9 /system/lib/ld-musl-x86_64.so.1(74178aa6301b8bad2ac9b6d7f2361221)
#01 pc 0000000000127883 /system/lib/ld-musl-x86_64.so.1(pthread_cond_timedwait+195)(74178aa6301b8bad2ac9b6d7f2361221)
#02 pc 00000000000c74e7 /system/lib64/chipset-sdk-sp/libc++.so(std::__h::condition_variable::__do_timed_wait(std::__h::unique_lock<std::__h::mutex>&, std::__h::chrono::time_point<std::__h::chrono::system_clock, std::__h::chrono::duration<long long, std::__h::ratio<1l, 1000000000l>>>)+103)(ca45f3285cb13d8a615c2dcf32305914fbc391ad)
#03 pc 000000000008bcb0 /system/lib64/ndk/libffrt.so(6014d53b82cd59820b512f223d249356)
#04 pc 00000000000760ef /system/lib64/ndk/libffrt.so(6014d53b82cd59820b512f223d249356)
#05 pc 0000000000075eaf /system/lib64/ndk/libffrt.so(6014d53b82cd59820b512f223d249356)
#06 pc 0000000000075d79 /system/lib64/ndk/libffrt.so(6014d53b82cd59820b512f223d249356)
#07 pc 00000000001299e7 /system/lib/ld-musl-x86_64.so.1(74178aa6301b8bad2ac9b6d7f2361221)
#08 pc 0000000000090f8e /system/lib/ld-musl-x86_64.so.1(74178aa6301b8bad2ac9b6d7f2361221)
Tid:10872, Name:OS_FFRT_3_1
state=S, utime=0, stime=0, priority=0, nice=-20, clk=100
#00 pc 0000000000125ee9 /system/lib/ld-musl-x86_64.so.1(74178aa6301b8bad2ac9b6d7f2361221)
#01 pc 0000000000127883 /system/lib/ld-musl-x86_64.so.1(pthread_cond_timedwait+195)(74178aa6301b8bad2ac9b6d7f2361221)
#02 pc 00000000000c74e7 /system/lib64/chipset-sdk-sp/libc++.so(std::__h::condition_variable::__do_timed_wait(std::__h::unique_lock<std::__h::mutex>&, std::__h::chrono::time_point<std::__h::chrono::system_clock, std::__h::chrono::duration<long long, std::__h::ratio<1l, 1000000000l>>>)+103)(ca45f3285cb13d8a615c2dcf32305914fbc391ad)
#03 pc 000000000008bcb0 /system/lib64/ndk/libffrt.so(6014d53b82cd59820b512f223d249356)
#04 pc 00000000000760ef /system/lib64/ndk/libffrt.so(6014d53b82cd59820b512f223d249356)
#05 pc 0000000000075eaf /system/lib64/ndk/libffrt.so(6014d53b82cd59820b512f223d249356)
#06 pc 0000000000075d79 /system/lib64/ndk/libffrt.so(6014d53b82cd59820b512f223d249356)
#07 pc 00000000001299e7 /system/lib/ld-musl-x86_64.so.1(74178aa6301b8bad2ac9b6d7f2361221)
#08 pc 0000000000090f8e /system/lib/ld-musl-x86_64.so.1(74178aa6301b8bad2ac9b6d7f2361221)
Tid:10873, Name:OS_FFRT_3_3
state=S, utime=0, stime=0, priority=0, nice=-20, clk=100
#00 pc 0000000000125ee9 /system/lib/ld-musl-x86_64.so.1(74178aa6301b8bad2ac9b6d7f2361221)
#01 pc 0000000000127883 /system/lib/ld-musl-x86_64.so.1(pthread_cond_timedwait+195)(74178aa6301b8bad2ac9b6d7f2361221)
#02 pc 00000000000c74e7 /system/lib64/chipset-sdk-sp/libc++.so(std::__h::condition_variable::__do_timed_wait(std::__h::unique_lock<std::__h::mutex>&, std::__h::chrono::time_point<std::__h::chrono::system_clock, std::__h::chrono::duration<long long, std::__h::ratio<1l, 1000000000l>>>)+103)(ca45f3285cb13d8a615c2dcf32305914fbc391ad)
#03 pc 000000000008bcb0 /system/lib64/ndk/libffrt.so(6014d53b82cd59820b512f223d249356)
#04 pc 00000000000760ef /system/lib64/ndk/libffrt.so(6014d53b82cd59820b512f223d249356)
#05 pc 0000000000075eaf /system/lib64/ndk/libffrt.so(6014d53b82cd59820b512f223d249356)
#06 pc 0000000000075d79 /system/lib64/ndk/libffrt.so(6014d53b82cd59820b512f223d249356)
#07 pc 00000000001299e7 /system/lib/ld-musl-x86_64.so.1(74178aa6301b8bad2ac9b6d7f2361221)
#08 pc 0000000000090f8e /system/lib/ld-musl-x86_64.so.1(74178aa6301b8bad2ac9b6d7f2361221)
Tid:10875, Name:OS_MainDisplayS
state=S, utime=0, stime=0, priority=0, nice=-20, clk=100
#00 pc 00000000000b837f /system/lib/ld-musl-x86_64.so.1(epoll_wait+31)(74178aa6301b8bad2ac9b6d7f2361221)
#01 pc 000000000001ceee /system/lib64/chipset-sdk-sp/libeventhandler.z.so(d20098a20e88abe540f8f998e7a8bdcc)
#02 pc 00000000000230bf /system/lib64/chipset-sdk-sp/libeventhandler.z.so(OHOS::AppExecFwk::EventQueue::WaitUntilLocked(std::__h::chrono::time_point<std::__h::chrono::steady_clock, std::__h::chrono::duration<long long, std::__h::ratio<1l, 1000000000l>>> const&, OHOS::AppExecFwk::UniqueLockBase&, bool)+79)(d20098a20e88abe540f8f998e7a8bdcc)
#03 pc 00000000000282df /system/lib64/chipset-sdk-sp/libeventhandler.z.so(OHOS::AppExecFwk::EventQueueBase::GetEvent()+207)(d20098a20e88abe540f8f998e7a8bdcc)
#04 pc 0000000000033985 /system/lib64/chipset-sdk-sp/libeventhandler.z.so(d20098a20e88abe540f8f998e7a8bdcc)
#05 pc 0000000000030352 /system/lib64/chipset-sdk-sp/libeventhandler.z.so(d20098a20e88abe540f8f998e7a8bdcc)
#06 pc 00000000000357c3 /system/lib64/chipset-sdk-sp/libeventhandler.z.so(d20098a20e88abe540f8f998e7a8bdcc)
#07 pc 00000000001299e7 /system/lib/ld-musl-x86_64.so.1(74178aa6301b8bad2ac9b6d7f2361221)
#08 pc 0000000000090f8e /system/lib/ld-musl-x86_64.so.1(74178aa6301b8bad2ac9b6d7f2361221)
Tid:10876, Name:OS_IPC_3_10876
state=S, utime=0, stime=0, priority=0, nice=-20, clk=100
#00 pc 00000000000dc46b /system/lib/ld-musl-x86_64.so.1(ioctl+187)(74178aa6301b8bad2ac9b6d7f2361221)
#01 pc 0000000000010ca7 /system/lib64/platformsdk/libipc_common.z.so(OHOS::BinderConnector::WriteBinder(unsigned long, void*)+55)(ae9fe169bf1f8b0397c31ba1b67e0e94)
#02 pc 000000000007e34d /system/lib64/platformsdk/libipc_single.z.so(OHOS::BinderInvoker::TransactWithDriver(bool)+269)(216555c1ccaa2644568394a99c5a7547)
#03 pc 000000000007e71a /system/lib64/platformsdk/libipc_single.z.so(OHOS::BinderInvoker::StartWorkLoop()+106)(216555c1ccaa2644568394a99c5a7547)
#04 pc 0000000000080c28 /system/lib64/platformsdk/libipc_single.z.so(OHOS::BinderInvoker::JoinThread(bool)+40)(216555c1ccaa2644568394a99c5a7547)
#05 pc 00000000000769f5 /system/lib64/platformsdk/libipc_single.z.so(OHOS::IPCWorkThread::ThreadHandler(void*)+901)(216555c1ccaa2644568394a99c5a7547)
#06 pc 00000000001299e7 /system/lib/ld-musl-x86_64.so.1(74178aa6301b8bad2ac9b6d7f2361221)
#07 pc 0000000000090f8e /system/lib/ld-musl-x86_64.so.1(74178aa6301b8bad2ac9b6d7f2361221)
Tid:10877, Name:ace.bg.1
state=S, utime=0, stime=0, priority=0, nice=-20, clk=100
#00 pc 0000000000125ee9 /system/lib/ld-musl-x86_64.so.1(74178aa6301b8bad2ac9b6d7f2361221)
#01 pc 0000000000127883 /system/lib/ld-musl-x86_64.so.1(pthread_cond_timedwait+195)(74178aa6301b8bad2ac9b6d7f2361221)
#02 pc 00000000000c7451 /system/lib64/chipset-sdk-sp/libc++.so(std::__h::condition_variable::wait(std::__h::unique_lock<std::__h::mutex>&)+17)(ca45f3285cb13d8a615c2dcf32305914fbc391ad)
#03 pc 000000000148ac32 /system/lib64/platformsdk/libace_compatible.z.so(cb476043f6fb29150d891bc788a45885)
#04 pc 000000000148afa2 /system/lib64/platformsdk/libace_compatible.z.so(cb476043f6fb29150d891bc788a45885)
#05 pc 00000000001299e7 /system/lib/ld-musl-x86_64.so.1(74178aa6301b8bad2ac9b6d7f2361221)
#06 pc 0000000000090f8e /system/lib/ld-musl-x86_64.so.1(74178aa6301b8bad2ac9b6d7f2361221)
Tid:10878, Name:ace.bg.2
state=S, utime=0, stime=0, priority=0, nice=-20, clk=100
#00 pc 0000000000125ee9 /system/lib/ld-musl-x86_64.so.1(74178aa6301b8bad2ac9b6d7f2361221)
#01 pc 0000000000127883 /system/lib/ld-musl-x86_64.so.1(pthread_cond_timedwait+195)(74178aa6301b8bad2ac9b6d7f2361221)
#02 pc 00000000000c7451 /system/lib64/chipset-sdk-sp/libc++.so(std::__h::condition_variable::wait(std::__h::unique_lock<std::__h::mutex>&)+17)(ca45f3285cb13d8a615c2dcf32305914fbc391ad)
#03 pc 000000000148ac32 /system/lib64/platformsdk/libace_compatible.z.so(cb476043f6fb29150d891bc788a45885)
#04 pc 000000000148afa2 /system/lib64/platformsdk/libace_compatible.z.so(cb476043f6fb29150d891bc788a45885)
#05 pc 00000000001299e7 /system/lib/ld-musl-x86_64.so.1(74178aa6301b8bad2ac9b6d7f2361221)
#06 pc 0000000000090f8e /system/lib/ld-musl-x86_64.so.1(74178aa6301b8bad2ac9b6d7f2361221)
Tid:10879, Name:ace.bg.3
state=S, utime=0, stime=0, priority=0, nice=-20, clk=100
#00 pc 0000000000125ee9 /system/lib/ld-musl-x86_64.so.1(74178aa6301b8bad2ac9b6d7f2361221)
#01 pc 0000000000127883 /system/lib/ld-musl-x86_64.so.1(pthread_cond_timedwait+195)(74178aa6301b8bad2ac9b6d7f2361221)
#02 pc 00000000000c7451 /system/lib64/chipset-sdk-sp/libc++.so(std::__h::condition_variable::wait(std::__h::unique_lock<std::__h::mutex>&)+17)(ca45f3285cb13d8a615c2dcf32305914fbc391ad)
#03 pc 000000000148ac32 /system/lib64/platformsdk/libace_compatible.z.so(cb476043f6fb29150d891bc788a45885)
#04 pc 000000000148afa2 /system/lib64/platformsdk/libace_compatible.z.so(cb476043f6fb29150d891bc788a45885)
#05 pc 00000000001299e7 /system/lib/ld-musl-x86_64.so.1(74178aa6301b8bad2ac9b6d7f2361221)
#06 pc 0000000000090f8e /system/lib/ld-musl-x86_64.so.1(74178aa6301b8bad2ac9b6d7f2361221)
Tid:10880, Name:ace.bg.4
state=S, utime=0, stime=0, priority=0, nice=-20, clk=100
#00 pc 0000000000125ee9 /system/lib/ld-musl-x86_64.so.1(74178aa6301b8bad2ac9b6d7f2361221)
#01 pc 0000000000127883 /system/lib/ld-musl-x86_64.so.1(pthread_cond_timedwait+195)(74178aa6301b8bad2ac9b6d7f2361221)
#02 pc 00000000000c7451 /system/lib64/chipset-sdk-sp/libc++.so(std::__h::condition_variable::wait(std::__h::unique_lock<std::__h::mutex>&)+17)(ca45f3285cb13d8a615c2dcf32305914fbc391ad)
#03 pc 000000000148ac32 /system/lib64/platformsdk/libace_compatible.z.so(cb476043f6fb29150d891bc788a45885)
#04 pc 000000000148afa2 /system/lib64/platformsdk/libace_compatible.z.so(cb476043f6fb29150d891bc788a45885)
#05 pc 00000000001299e7 /system/lib/ld-musl-x86_64.so.1(74178aa6301b8bad2ac9b6d7f2361221)
#06 pc 0000000000090f8e /system/lib/ld-musl-x86_64.so.1(74178aa6301b8bad2ac9b6d7f2361221)
Tid:10881, Name:ace.bg.5
state=S, utime=0, stime=0, priority=0, nice=-20, clk=100
#00 pc 0000000000125ee9 /system/lib/ld-musl-x86_64.so.1(74178aa6301b8bad2ac9b6d7f2361221)
#01 pc 0000000000127883 /system/lib/ld-musl-x86_64.so.1(pthread_cond_timedwait+195)(74178aa6301b8bad2ac9b6d7f2361221)
#02 pc 00000000000c7451 /system/lib64/chipset-sdk-sp/libc++.so(std::__h::condition_variable::wait(std::__h::unique_lock<std::__h::mutex>&)+17)(ca45f3285cb13d8a615c2dcf32305914fbc391ad)
#03 pc 000000000148ac32 /system/lib64/platformsdk/libace_compatible.z.so(cb476043f6fb29150d891bc788a45885)
#04 pc 000000000148afa2 /system/lib64/platformsdk/libace_compatible.z.so(cb476043f6fb29150d891bc788a45885)
#05 pc 00000000001299e7 /system/lib/ld-musl-x86_64.so.1(74178aa6301b8bad2ac9b6d7f2361221)
#06 pc 0000000000090f8e /system/lib/ld-musl-x86_64.so.1(74178aa6301b8bad2ac9b6d7f2361221)
Tid:10882, Name:ace.bg.6
state=S, utime=0, stime=0, priority=0, nice=-20, clk=100
#00 pc 0000000000125ee9 /system/lib/ld-musl-x86_64.so.1(74178aa6301b8bad2ac9b6d7f2361221)
#01 pc 0000000000127883 /system/lib/ld-musl-x86_64.so.1(pthread_cond_timedwait+195)(74178aa6301b8bad2ac9b6d7f2361221)
#02 pc 00000000000c7451 /system/lib64/chipset-sdk-sp/libc++.so(std::__h::condition_variable::wait(std::__h::unique_lock<std::__h::mutex>&)+17)(ca45f3285cb13d8a615c2dcf32305914fbc391ad)
#03 pc 000000000148ac32 /system/lib64/platformsdk/libace_compatible.z.so(cb476043f6fb29150d891bc788a45885)
#04 pc 000000000148afa2 /system/lib64/platformsdk/libace_compatible.z.so(cb476043f6fb29150d891bc788a45885)
#05 pc 00000000001299e7 /system/lib/ld-musl-x86_64.so.1(74178aa6301b8bad2ac9b6d7f2361221)
#06 pc 0000000000090f8e /system/lib/ld-musl-x86_64.so.1(74178aa6301b8bad2ac9b6d7f2361221)
Tid:10883, Name:ace.bg.7
state=S, utime=0, stime=0, priority=0, nice=-20, clk=100
#00 pc 0000000000125ee9 /system/lib/ld-musl-x86_64.so.1(74178aa6301b8bad2ac9b6d7f2361221)
#01 pc 0000000000127883 /system/lib/ld-musl-x86_64.so.1(pthread_cond_timedwait+195)(74178aa6301b8bad2ac9b6d7f2361221)
#02 pc 00000000000c7451 /system/lib64/chipset-sdk-sp/libc++.so(std::__h::condition_variable::wait(std::__h::unique_lock<std::__h::mutex>&)+17)(ca45f3285cb13d8a615c2dcf32305914fbc391ad)
#03 pc 000000000148ac32 /system/lib64/platformsdk/libace_compatible.z.so(cb476043f6fb29150d891bc788a45885)
#04 pc 000000000148afa2 /system/lib64/platformsdk/libace_compatible.z.so(cb476043f6fb29150d891bc788a45885)
#05 pc 00000000001299e7 /system/lib/ld-musl-x86_64.so.1(74178aa6301b8bad2ac9b6d7f2361221)
#06 pc 0000000000090f8e /system/lib/ld-musl-x86_64.so.1(74178aa6301b8bad2ac9b6d7f2361221)
Tid:10884, Name:ace.bg.8
state=S, utime=0, stime=0, priority=0, nice=-20, clk=100
#00 pc 0000000000125ee9 /system/lib/ld-musl-x86_64.so.1(74178aa6301b8bad2ac9b6d7f2361221)
#01 pc 0000000000127883 /system/lib/ld-musl-x86_64.so.1(pthread_cond_timedwait+195)(74178aa6301b8bad2ac9b6d7f2361221)
#02 pc 00000000000c7451 /system/lib64/chipset-sdk-sp/libc++.so(std::__h::condition_variable::wait(std::__h::unique_lock<std::__h::mutex>&)+17)(ca45f3285cb13d8a615c2dcf32305914fbc391ad)
#03 pc 000000000148ac32 /system/lib64/platformsdk/libace_compatible.z.so(cb476043f6fb29150d891bc788a45885)
#04 pc 000000000148afa2 /system/lib64/platformsdk/libace_compatible.z.so(cb476043f6fb29150d891bc788a45885)
#05 pc 00000000001299e7 /system/lib/ld-musl-x86_64.so.1(74178aa6301b8bad2ac9b6d7f2361221)
#06 pc 0000000000090f8e /system/lib/ld-musl-x86_64.so.1(74178aa6301b8bad2ac9b6d7f2361221)
Tid:10885, Name:OS_FFRT_5_1
state=S, utime=0, stime=0, priority=0, nice=-20, clk=100
#00 pc 0000000000125ee9 /system/lib/ld-musl-x86_64.so.1(74178aa6301b8bad2ac9b6d7f2361221)
#01 pc 0000000000127883 /system/lib/ld-musl-x86_64.so.1(pthread_cond_timedwait+195)(74178aa6301b8bad2ac9b6d7f2361221)
#02 pc 00000000000c74e7 /system/lib64/chipset-sdk-sp/libc++.so(std::__h::condition_variable::__do_timed_wait(std::__h::unique_lock<std::__h::mutex>&, std::__h::chrono::time_point<std::__h::chrono::system_clock, std::__h::chrono::duration<long long, std::__h::ratio<1l, 1000000000l>>>)+103)(ca45f3285cb13d8a615c2dcf32305914fbc391ad)
#03 pc 000000000008bcb0 /system/lib64/ndk/libffrt.so(6014d53b82cd59820b512f223d249356)
#04 pc 00000000000760ef /system/lib64/ndk/libffrt.so(6014d53b82cd59820b512f223d249356)
#05 pc 0000000000075eaf /system/lib64/ndk/libffrt.so(6014d53b82cd59820b512f223d249356)
#06 pc 0000000000075d79 /system/lib64/ndk/libffrt.so(6014d53b82cd59820b512f223d249356)
#07 pc 00000000001299e7 /system/lib/ld-musl-x86_64.so.1(74178aa6301b8bad2ac9b6d7f2361221)
#08 pc 0000000000090f8e /system/lib/ld-musl-x86_64.so.1(74178aa6301b8bad2ac9b6d7f2361221)
Tid:10950, Name:OS_IPC_4_10950
state=S, utime=0, stime=0, priority=0, nice=-20, clk=100
#00 pc 00000000000dc46b /system/lib/ld-musl-x86_64.so.1(ioctl+187)(74178aa6301b8bad2ac9b6d7f2361221)
#01 pc 0000000000010ca7 /system/lib64/platformsdk/libipc_common.z.so(OHOS::BinderConnector::WriteBinder(unsigned long, void*)+55)(ae9fe169bf1f8b0397c31ba1b67e0e94)
#02 pc 000000000007e34d /system/lib64/platformsdk/libipc_single.z.so(OHOS::BinderInvoker::TransactWithDriver(bool)+269)(216555c1ccaa2644568394a99c5a7547)
#03 pc 000000000007e71a /system/lib64/platformsdk/libipc_single.z.so(OHOS::BinderInvoker::StartWorkLoop()+106)(216555c1ccaa2644568394a99c5a7547)
#04 pc 0000000000080c28 /system/lib64/platformsdk/libipc_single.z.so(OHOS::BinderInvoker::JoinThread(bool)+40)(216555c1ccaa2644568394a99c5a7547)
#05 pc 00000000000769f5 /system/lib64/platformsdk/libipc_single.z.so(OHOS::IPCWorkThread::ThreadHandler(void*)+901)(216555c1ccaa2644568394a99c5a7547)
#06 pc 00000000001299e7 /system/lib/ld-musl-x86_64.so.1(74178aa6301b8bad2ac9b6d7f2361221)
#07 pc 0000000000090f8e /system/lib/ld-musl-x86_64.so.1(74178aa6301b8bad2ac9b6d7f2361221)

Catche stack trace end time: 2026-09-19 13:55:45.153

Dump main thread stack start time: 2026-09-19 13:55:42.061
Tid:10728, Name:xample.callaite
state=R, utime=1195, stime=80, priority=10, nice=-10, clk=100
#00 pc 00000000010246b0 /system/lib64/module/arkcompiler/stub.an(BCStub_HandleStaV8StwCopy+16)
#01 pc 000000000001d3ef [anon:native_heap:brk]

Dump main thread stack end time: 2026-09-19 13:55:42.085


SysrqCatcher -- fullPath:/data/log/eventlog/sysrq-20260919135545.log

---------------------------------------------------
catcher cmd: hilog -z 1000 -P start time: 2026/09/19-13:55:45:161

catcher cmd: hilog -z 1000 -P 
09-19 13:55:29.040 10728 10728 I C02c11/APPSPAWN: AppSpawnChild id 52 flags:0xc
09-19 13:55:29.041 10728 10728 I C02d33/HitraceOption: FilterAppTrace com.example.callaite 10728
09-19 13:55:29.041 10728 10728 W C02c11/APPSPAWN: errno:2 bind mount /system/app/ArkWebCoreLegacy to /mnt/sandbox/100/com.example.callaite/system/app/ArkWebCoreLegacy
09-19 13:55:29.042 10728 10728 W C02c11/APPSPAWN: errno:2 bind mount /vendor/etc/hiai to /mnt/sandbox/100/com.example.callaite/vendor/etc/hiai
09-19 13:55:29.042 10728 10728 W C02c11/APPSPAWN: errno:2 bind mount /data/data/hiai to /mnt/sandbox/100/com.example.callaite/data/data/hiai
09-19 13:55:29.042 10728 10728 W C02c11/APPSPAWN: errno:2 bind mount /data/service/el1/public/themes/100/a/app to /mnt/sandbox/100/com.example.callaite/data/themes/a/app
09-19 13:55:29.042 10728 10728 W C02c11/APPSPAWN: errno:2 bind mount /data/service/el1/public/themes/100/b/app to /mnt/sandbox/100/com.example.callaite/data/themes/b/app
09-19 13:55:29.042 10728 10728 W C02c11/APPSPAWN: errno:2 bind mount /chip_prod/lib64/passthrough to /mnt/sandbox/100/com.example.callaite/chip_prod/lib64/passthrough
09-19 13:55:29.042 10728 10728 W C02c11/APPSPAWN: errno:2 bind mount /data/app/el1/bundle/public/com.huawei.hmos.arkwebcorelegacy to /mnt/sandbox/100/com.example.callaite/data/storage/el1/bundle/arkwebcorelegacy
09-19 13:55:29.042 10728 10728 W C02c11/APPSPAWN: check dir /data/app/el1/bundle/public/com.huawei.hmos.arkwebcorelegacy failed,strerror:No such file or directory
09-19 13:55:29.042 10728 10728 W C02c11/APPSPAWN: check dir /data/app/el1/public/aot_compiler/ark_cache/com.example.callaite failed,strerror:No such file or directory
09-19 13:55:29.050 10728 10728 W C02c11/APPSPAWN: errno:2 bind mount /data/preload/app to /mnt/sandbox/100/com.example.callaite/data/preload/app
09-19 13:55:29.054 10728 10728 E C02c11/APPSPAWN: [sandbox_dec.c:247]Open dec file failed errno 2
09-19 13:55:29.055 10728 10728 I C05a03/Selinux: Hap setcon finish, context for com.example.callaite is relabeled to o:r:debug_hap:s0:x95,x334,x512,x868,x1024
09-19 13:55:29.057 10728 10728 I C05a05/SecCompEnhanceClient: [RegisterCheckCallback]Register secComp: sessionId=3787858999, seqNum=******323.
09-19 13:55:29.057 10728 10844 W C057c1/IPCWorkThread: ThreadHandler: proto:0 policy:1 name:OS_IPC_0_10844 invoker:3886496
09-19 13:55:29.058 10728 10845 W C057c1/IPCWorkThread: ThreadHandler: proto:0 policy:0 name:OS_IPC_1_10845 invoker:3885344
09-19 13:55:29.058 10728 10728 I C02d0b/HICHECKER: hichecker param is empty.
09-19 13:55:29.058 10728 10728 I C04500/webview: CalculateActiveWebEngineVersion: CalculateActiveWebEngineVersion, enforce 3
09-19 13:55:29.059 10728 10728 I C01317/AppKit: [MTHRD3495]mainthread start, pid:10728
09-19 13:55:29.059 10728 10728 I C01317/AppKit: [MTHRD3294]is not in rescue mode
09-19 13:55:29.059 10728 10728 I C01317/AppKit: [MTHRD3321]is not in rescue mode
09-19 13:55:29.066 10728 10728 I C01317/AppKit: [MTHRD442]attach
09-19 13:55:29.082 10728 10845 I C01317/AppKit: [MTHRD922]ScheduleLaunchAbility called,ability EntryAbility,1
09-19 13:55:29.086 10728 10728 I C01317/AppKit: [MTHRD267]NativeLibPath empty
09-19 13:55:29.087 10728 10728 I C01317/AppKit: [MTHRD1990]SmartGC:0 version:1000000
09-19 13:55:29.093 10728 10728 I C03f00/ArkCompiler: [ecmascript] asmint: 1, aot: 0, jit: 1, baseline jit: 0, bundle name: com.example.callaite, arkTSMode: dynamic
09-19 13:55:29.098 10728 10852 E C01707/CONCUR: [Interface] task 10852 apply qos failed, errno = 4
09-19 13:55:29.099 10728 10728 I C03f00/ArkCompiler: [ecmascript] multi-thread check enabled: 0
09-19 13:55:29.099 10728 10728 I C03f00/ArkCompiler: [pgo] reset pgo profiler, pgo profiler is disabled
09-19 13:55:29.099 10728 10728 I C03301/LIBUV: clean up handles in loop(6176)
09-19 13:55:29.099 10728 10728 I C03301/LIBUV: loop:(6176) closed in 0s
09-19 13:55:29.099 10728 10728 I C03301/LIBUV: close:6176, async_io_wfd:14
09-19 13:55:29.099 10728 10728 I C03301/LIBUV: close:6176, backend_fd:8
09-19 13:55:29.099 10728 10728 I C03301/LIBUV: init:6032
09-19 13:55:29.099 10728 10728 I C03301/LIBUV: init:6032, backend_fd:8
09-19 13:55:29.099 10728 10728 I C03301/LIBUV: open:6032, pipefd[0]:14
09-19 13:55:29.099 10728 10728 I C03f00/ArkCompiler: [ecmascript] can not find aot file
09-19 13:55:29.108 10728 10728 I C03f00/ArkCompiler: StartServer, componentName = <private>
09-19 13:55:29.108 10728 10728 W C01321/JsRuntime: [CSM161]disCon
09-19 13:55:29.108 10728 10728 I C03f00/ArkCompiler: [ecmascript] JSNApi::NotifyDebugMode, tid = 10728, debugApp = 1, isDebugMode = 0, instanceId = 0
09-19 13:55:29.110 10728 10857 I C02c03/PARAM_WATCHER: Add watcher keyPrefix persist.hdc.jdwp remoteWatcherId 100 success
09-19 13:55:29.111 10728 10728 I C03f00/ArkCompiler: [compiler] __jit_debug_register_code() is called.
09-19 13:55:29.111 10728 10728 I C03f00/ArkCompiler: [compiler] success to register stub.an to debugger.
09-19 13:55:29.111 10728 10851 I C01317/AppKit: [DRH689]File existed. dir: /data/storage/el2/base/cache/rawheap
09-19 13:55:29.111 10728 10851 I C01317/AppKit: [DRH667]success to create /data/storage/el2/base/cache/rawheap
09-19 13:55:29.113 10728 10728 W C01e00/ResourceManager: update userId, currentUserId_= 0, userId= 100
09-19 13:55:29.113 10728 10728 E C01e00/ResourceManager: LoadThemesRes failed, userId = 100, bundleName = com.example.callaite
09-19 13:55:29.113 10728 10728 W C01e00/ResourceManager: theme resources will clean, id 100
09-19 13:55:29.115 10728 10848 W C01653/NativePreferences: LoadFromDisk: The settingXml /***/el1/***/i18*** load failed.
09-19 13:55:29.119 10728 10728 E C01301/CompatiblePolicyDeviceType: [calculateResourceType:81]deviceType is empty.
09-19 13:55:29.120 10728 10728 W C01301/Ability: [resource_config_helper.cpp193]invalid source:
09-19 13:55:29.120 10728 10728 W C01301/Ability: [resource_config_helper.cpp193]invalid source:
09-19 13:55:29.120 10728 10728 I C01317/AppKit: [application_cleaner.cpp94]ClearTempData
09-19 13:55:29.127 10728 10728 I C01317/AppKit: [MTHRD2947]NtfyAppPreAbiCreate
09-19 13:55:29.145 10728 10728 I C01317/AppKit: [JAS211]LoadModule
09-19 13:55:29.145 10728 10728 W C01317/AppKit: [JAS1032]null stage
09-19 13:55:29.145 10728 10728 W C01317/AppKit: [JAS254]Not found AbilityStage.js
09-19 13:55:29.145 10728 10728 I C01317/AppKit: [OH_APP432]OnAboutToCreateAbility
09-19 13:55:29.145 10728 10728 W C01317/AppKit: [JAS349]Not found AbilityStage.js
09-19 13:55:29.148 10728 10728 I C01332/UIAbility: [ui_ability.cpp131]instanceId: 07ce-d64c-aadf-476f-b8c48885efcb31c4
09-19 13:55:29.151 10728 10728 I C03f00/ArkCompiler: [ecmascript] start to execute module buffer with secure memory: /data/storage/el1/bundle/entry/ets/entryability/EntryAbility.abc
09-19 13:55:29.151 10728 10853 I C03f00/ArkCompiler: [pgo] will save profiler to file /data/storage/ark-profile/rt_entry.ap
09-19 13:55:29.151 10728 10728 E C03f00/ArkCompiler: [common] Can not open xpm proc file, do not check secure memory anymore.
09-19 13:55:29.155 10728 10728 E C01707/CONCUR: [Interface] task 10853 apply qos failed, errno = 4
09-19 13:55:29.158 10728 10728 E C01707/CONCUR: [Interface] task 10854 apply qos failed, errno = 4
09-19 13:55:29.164 10728 10728 E C01707/CONCUR: [Interface] task 10855 apply qos failed, errno = 4
09-19 13:55:29.169 10728 10728 E C01707/CONCUR: [Interface] task 10853 apply qos failed, errno = 4
09-19 13:55:29.173 10728 10728 E C01707/CONCUR: [Interface] task 10854 apply qos failed, errno = 4
09-19 13:55:29.175 10728 10728 E C01707/CONCUR: [Interface] task 10855 apply qos failed, errno = 4
09-19 13:55:29.206 10728 10728 W C03f04/MMG: [NMM:1439] First: failed do_dlsym failed: Symbol not found: NAPI_file_fs_GetABCCode, version: null so=/system/lib64/module/file/libfs.z.so.Second: failed /system/lib64/module/hms/core/libiap_napi.z.so not exist.load /system/etc/abc/core/iap.abc failed
09-19 13:55:29.206 10728 10728 E C03f00/ArkCompiler: [ecmascript] export objects of native so is undefined, so name is @hms:core.iap
09-19 13:55:29.218 10728 10728 I C04309/CLOUD_FILE_SYNC: CloudSyncExport:Class MultiDownloadProgress for module cloudSyncDownload has been exported
09-19 13:55:29.218 10728 10728 I C04309/CLOUD_FILE_SYNC: CloudSyncExport:Class CloudFileCache for module cloudSyncDownload has been exported
09-19 13:55:29.218 10728 10728 I C04309/CLOUD_FILE_SYNC: CloudSyncExport:Class Download for module cloudSyncDownload has been exported
09-19 13:55:29.218 10728 10728 I C04309/CLOUD_FILE_SYNC: CloudSyncExport:Class GallerySync for module cloudSyncDownload has been exported
09-19 13:55:29.218 10728 10728 I C04309/CLOUD_FILE_SYNC: CloudSyncExport:Class FileSync for module cloudSyncDownload has been exported
09-19 13:55:29.218 10728 10728 I C04309/CLOUD_FILE_SYNC: CloudSyncExport:Class FileVersion for module cloudSyncDownload has been exported
09-19 13:55:29.227 10728 10728 I C01324/JsNapi: [js_error_manager.cpp1837]called
09-19 13:55:29.228 10728 10728 I C01320/JsEnv: [JSENV300]timing: 77
09-19 13:55:29.228 10728 10728 I C01320/JSENV: Callee constructor is OK string
09-19 13:55:29.228 10728 10728 I C01320/JSENV: Ability::constructor callee is object [object Object]
09-19 13:55:29.229 10728 10728 I C03f00/ArkCompiler: [ecmascript] start to execute ark buffer with secure memory use file: /data/storage/el1/bundle/entry/ets/modules.abc, entrypoint: @normalized:N&&&entry/build/generated/r/ResourceTable&
09-19 13:55:29.230 10728 10728 I C01332/UIAbility: [ui_ability_thread.cpp204]Lifecycle:Attach
09-19 13:55:29.232 10728 10728 I C01317/AppKit: [MTHRD3123]called
09-19 13:55:29.232 10728 10728 I C03f00/ArkCompiler: [gc] app is not inBackground
09-19 13:55:29.237 10728 10728 E C01707/CONCUR: [Interface] task 10853 apply qos failed, errno = 4
09-19 13:55:29.244 10728 10728 E C01707/CONCUR: [Interface] task 10854 apply qos failed, errno = 4
09-19 13:55:29.248 10728 10728 E C01707/CONCUR: [Interface] task 10855 apply qos failed, errno = 4
09-19 13:55:29.251 10728 10845 I C01332/UIAbility: [ui_ability_thread.cpp352]name:EntryAbility,targeState:5,isNewWant:0
09-19 13:55:29.251 10728 10728 I C01332/UIAbility: [ui_ability_thread.cpp271]Lifecycle:name EntryAbility
09-19 13:55:29.251 10728 10728 I C04201/DMS: AddDisplayIdFromAms: abilityToken and display[0] has been added.
09-19 13:55:29.255 10728 10728 I C01332/UIAbility: [JUA2177]JsUIAbility call js, name: onCreate
09-19 13:55:29.255 10728 10728 I A00001/EntryAbility: Ability onCreate
09-19 13:55:29.258 10728 10728 E C01356/Recovery: [app_recovery_api.cpp124]invalid restartFlag: 7
09-19 13:55:29.258 10728 10728 I A00001/ErrorRecovery: App recovery enabled
09-19 13:55:29.265 10728 10728 I C01317/AppKit: [OH_APP1240]current 2, pre 0
09-19 13:55:29.266 10728 10728 W C01317/AppKit: [OH_APP1269]fontSize empty
09-19 13:55:29.266 10728 10728 I C01317/AppKit: [OH_APP1300]current 2, pre 0
09-19 13:55:29.266 10728 10728 W C01317/AppKit: [OH_APP1304]language empty
09-19 13:55:29.266 10728 10728 W C01317/AppKit: [OH_APP1323]language and locale empty
09-19 13:55:29.266 10728 10728 I C01317/AppKit: [OH_APP298]configuration_: {"0#const.build.characteristics":"phone","0#input.pointer.device":"true","0#ohos.app.fontSizeScale":"nonFollowSystem","0#ohos.application.densitydpi":"xxxldpi","0#ohos.application.direction":"vertical","0#ohos.application.displayid":"0","0#ohos.system.colorMode":"light","0#ohos.system.colorMode.isSetByApp":"isSetByApp","0#ohos.system.fontSizeScale":"1.0","0#ohos.system.fontWeightScale":"1.0","0#ohos.system.hour":"false","0#ohos.system.language":"zh-Hans","0#ohos.system.locale":"zh-Hans"}, config: {"0#ohos.system.colorMode":"light","0#ohos.system.colorMode.isSetByApp":"isSetByApp"}
09-19 13:55:29.266 10728 10728 E C04217/WMSAttribute: UpdateConfigurationSyncForAll: root is null
09-19 13:55:29.266 10728 10728 I C01332/UIAbility: [JUA2177]JsUIAbility call js, name: onConfigurationUpdated
09-19 13:55:29.266 10728 10728 I C01332/UIAbility: [JUA2222]end, name: onConfigurationUpdated, time: 0
09-19 13:55:29.266 10728 10728 I C01332/UIAbility: [JUA2177]JsUIAbility call js, name: onConfigurationUpdate
09-19 13:55:29.266 10728 10728 I C01332/UIAbility: [JUA2222]end, name: onConfigurationUpdate, time: 0
09-19 13:55:29.266 10728 10728 W C01317/AppKit: [JAS919]Not found AbilityStage.js
09-19 13:55:29.267 10728 10728 W C01317/AppKit: [JAS919]Not found AbilityStage.js
09-19 13:55:29.267 10728 10728 I C01317/AppKit: [OH_APP322]ignoreWindowContext size 0
09-19 13:55:29.267 10728 10728 E C04217/WMSAttribute: UpdateConfigurationForAll: root is null
09-19 13:55:29.267 10728 10728 I C01332/UIAbility: [JUA2222]end, name: onCreate, time: 12
09-19 13:55:29.267 10728 10728 E C01332/UIAbility: [ui_ability_impl.cpp364]hasSaveData_: false
09-19 13:55:29.267 10728 10728 W C01332/UIAbility: [JUA1352]formatRegex: []
09-19 13:55:29.267 10728 10728 I C04202/WMSMain: Init: [requestId: 0][scbRequestId: 21]WindowScene with window session!
09-19 13:55:29.267 10728 10728 I C04202/WMSMain: Init: set isModuleAbilityHookEnd
09-19 13:55:29.267 10728 10728 I C0420a/WMSLife: WindowSessionImpl: nodeId: 46076409151489
09-19 13:55:29.267 10728 10728 I C01406/OHOS::RS: RSLogManager init log flag: 0x0(0)
09-19 13:55:29.269 10728 10728 I C01406/OHOS::RS: RSRenderServiceConnectHub call CreateConnection, needRefresh:[0]
09-19 13:55:29.270 10728 10728 I C01406/OHOS::RS: RSFrameRateLinker::Create id: 46076409151488
09-19 13:55:29.270 10728 10728 I C04202/WMSMain: VsyncStation: id 46076409151489 created
09-19 13:55:29.270 10728 10728 I C04200/WindowSceneSessionImpl: WindowSceneSessionImpl: [WMSCom] Constructor callaite0
09-19 13:55:29.270 10728 10728 E C04200/WMS: SetWindowType: permission denied!
09-19 13:55:29.270 10728 10728 I C0420a/WMSLife: Create: Window Create name:callaite0, state:0, mode:0
09-19 13:55:29.271 10728 10728 I C0420a/WMSLife: Create: SetIsAbilityHookOff 0
09-19 13:55:29.271 10728 10728 W C0420a/WMSLife: IsWindowSessionInvalid: id: 0 state_: 0
09-19 13:55:29.271 10728 10728 W C04200/WindowSceneSessionImpl: AdjustWindowAnimationFlag: session invalid!
09-19 13:55:29.271 10728 10728 I C04200/WindowSceneSessionImpl: Remove window flag WINDOW_FLAG_SHOW_WHEN_LOCKED
09-19 13:55:29.271 10728 10728 I C0420a/WMSLife: Connect: in
09-19 13:55:29.273 10728 10869 W C057c1/IPCWorkThread: ThreadHandler: proto:0 policy:0 name:OS_IPC_2_10869 invoker:3893984
09-19 13:55:29.275 10728 10845 I C04208/WMSLayout: UpdateRect: [WindowRectUpdate:ClientRecv] UpdateRect id:0 name:callaite0, preRect=[0 0 0 0], newRect=[0 0 1308 2880], reason:0 displayId:0
09-19 13:55:29.275 10728 10845 I C04208/WMSLayout: NotifyFirstValidLayoutUpdate: Id:0, rect:[0 0 1308 2880]
09-19 13:55:29.275 10728 10845 W C04208/WMSLayout: NotifySingleHandTransformChange: id:0, uiContent is nullptr
09-19 13:55:29.275 10728 10728 I C01406/OHOS::RS: RSSurfaceNode::Unmarshalling, Node: 46076409151489, Name: callaite0
09-19 13:55:29.275 10728 10728 I C04208/WMSLayout: Connect: updateRect when connect.preRect:[0,0,1308,2880]rect:[0,0,1308,2880]
09-19 13:55:29.275 10728 10728 E C0421c/WMSCompat: ReadCombinedCompatibleConfig: combinedConfigSize: 0 fail to meet the conditions
09-19 13:55:29.276 10728 10728 I C0420a/WMSLife: Connect: Window Connect [name:callaite0, id:44, type:1], ret:0, oriDisplayId:0, curDisplayId:0
09-19 13:55:29.276 10728 10728 I C04204/WMSScb: RS multi-instance enabled: 1
09-19 13:55:29.276 10728 10728 I C01406/OHOS::RS: multi-instance, create RSUIContextManager, isMultiInstanceOpen_ 1
09-19 13:55:29.276 10728 10728 I C01406/OHOS::RS: RSRenderServiceConnectHub AddRenderProcessConnectionToken
09-19 13:55:29.277 10728 10728 I C01406/OHOS::RS: RSRenderServiceConnectHub::SetOnDiedCallback, code:0
09-19 13:55:29.277 10728 10728 I C01406/OHOS::RS: RSApplicationAgentImpl::RegisterRSApplicationAgent!
09-19 13:55:29.277 10728 10728 I C01406/OHOS::RS: RSUIDirector::GoCreate CurrentState:0, UIContext:46076409151489
09-19 13:55:29.277 10728 10728 I C01406/OHOS::RS: RSUIDirector::GoResume CurrentState:0, UIContext:46076409151489
09-19 13:55:29.277 10728 10728 I C01406/OHOS::RS: RSUIDirector::GoForeground CurrentState:1, UIContext:46076409151489
09-19 13:55:29.277 10728 10728 I C02c03/PARAM_WATCHER: Add watcher keyPrefix persist.sys.graphic.animationscale remoteWatcherId 100 success
09-19 13:55:29.278 10728 10728 I C04204/WMSScb: InitRSUIDirector: Create RSUIDirector: RSUIDirector's RSUIContext [token: 46076409151489, tid: 10728], rsUIContext: RSUIContext is null
09-19 13:55:29.278 10728 10728 I C0420a/WMSLife: PostInitSurfaceNode: post init surfaceNode success, name: callaite0
09-19 13:55:29.278 10728 10728 I C0421c/WMSCompat: SetAppHookWindowInfo: Id:44, preHookWindowInfo:[enableHookWindow: false, widthHookRatio: 1.000000, notifyWindowChange: false, drawableRectHook: false], newHookWindowInfo:[enableHookWindow: false, widthHookRatio: 1.000000, notifyWindowChange: false, drawableRectHook: false]
09-19 13:55:29.278 10728 10728 I C0421c/WMSCompat: SendCombinedCompatibleConfigToArkUI: bundleName: com.example.callaite, combinedCompatibleConfig size: 0
09-19 13:55:29.278 10728 10728 E C0421c/WMSCompat: SendCombinedCompatibleConfigToArkUI: Combined compatible config size is less than 2!
09-19 13:55:29.278 10728 10728 I C01406/OHOS::RS: RSSurfaceNode::SetAlphaChangedCallback, node=[46076409151489, callaite0]
09-19 13:55:29.278 10728 10728 I C04208/WMSLayout: SetWindowMode: windowId: 44, windowModeSupportType: 127, mode: 1
09-19 13:55:29.278 10728 10728 I C04208/WMSLayout: UpdateWindowModeImmediately: [WindowModeUpdate:Inner] UpdateWindowModeImmediately id:44, mode:1, splitStyle:0, splitIndex:0, state:1
09-19 13:55:29.279 10728 10728 I C04208/WMSLayout: NotifyWindowStatusChange: [WindowModeUpdate:Inner] NotifyWindowStatusChange id:44, mode:1, status:1, lastStatus:0, skipRedundant:0
09-19 13:55:29.279 10728 10728 I C04208/WMSLayout: SetConfigWindowLimitsVP: id:44, windowLimits:[0 0 0 0 0.000000 0.000000 1.000000 1]
09-19 13:55:29.280 10728 10728 I C04208/WMSLayout: GetSystemSizeLimits: systemLimitsPX: [6720 6720 1120 840 340282346638528859811704183484516925440.000000 0.000000 1.000000 0], systemLimitsVP: [1920 1920 320 240 340282346638528859811704183484516925440.000000 0.000000 1.000000 1], configMaxSize: 1920, vpr: 3.500000, winType: 1
09-19 13:55:29.280 10728 10728 I C04208/WMSLayout: UpdateWindowSizeLimits: [WindowLimitsUpdate:CalcLimits] SaveLimits id:44, px[minW:1120,minH:840,maxW:6720,maxH:6720] vp[minW:320,minH:240,maxW:1920,maxH:1920] vpr=3.500000
09-19 13:55:29.280 10728 10728 I C0421a/WMSLayoutPc: GetSupportedWindowModesConfiguration: winId: 44, windowModeSupportType: 15
09-19 13:55:29.280 10728 10728 I C04202/WMSMain: SetSupportedWindowModesForAncoInFreeWindow: is not anco app, need not update support window mode.
09-19 13:55:29.280 10728 10728 I C04208/WMSLayout: SetWindowModeSupportType: id:44, old:127, new:15
09-19 13:55:29.280 10728 10728 I C04208/WMSLayout: GetConfigurationFromAbilityInfo: windowId: 44, windowModeSupportType: 15, isAncoSupportFreeWindow: 0
09-19 13:55:29.281 10728 10728 I C0420f/WMSRecover: RegisterSessionRecoverCallbackFunc: persistentId=44
09-19 13:55:29.281 10728 10728 I C04217/WMSAttribute: UpdateStatusBarColorByColorMode: win=44, appColor=light
09-19 13:55:29.282 10728 10728 I C04200/WMS: IsMainHandlerAvailable: id:44, isAvailable:1
09-19 13:55:29.282 10728 10728 I C04200/WMS: IsMainHandlerAvailable: id:44, isAvailable:1
09-19 13:55:29.284 10728 10728 I C02800/MMIClient: [|267]Connection to server succeeded, fd:32
09-19 13:55:29.284 10728 10728 I C02800/MMIClient: [|166]Server was listening
09-19 13:55:29.284 10728 10728 I C02800/MMIClient: [|127]reuse current event handler, thread name:
09-19 13:55:29.284 10728 10728 I C02800/MMIClient: [|130]File fd is in listening
09-19 13:55:29.284 10728 10728 I C0420c/WMSEvent: AddInputWindow: SetWindowInputEventConsumer success, wid:44
09-19 13:55:29.285 10728 10728 I C04732/GameController: [(RegisterEntryModule:24)]begin load gamecontroller_event
09-19 13:55:29.286 10728 10728 I C04732/GameController: [(StartInputToTouch:61)]Begin StartInputToTouch
09-19 13:55:29.286 10728 10870 I C04732/GameController: [(GetSelfBundleName:49)]The current bundleName [com.example.callaite]. version [1.0.0]
09-19 13:55:29.287 10728 10870 I C04732/GameController: [(IsCommonApp:94)]The [com.example.callaite] is a common app.
09-19 13:55:29.287 10728 10870 W C04732/GameController: [(ReadJsonFromFile:224)]realpath failed for [/data/service/el1/public/for-all-app/gamecontroller_server/game_support_key_mapping.json]
09-19 13:55:29.287 10728 10870 I C04732/GameController: [(SetSupportKeyMapping:73)]SetSupportKeyMapping. isSupportKeyMapping_ is [0]
09-19 13:55:29.287 10728 10870 I C04732/GameController: [(DoAsyncTask:76)]The app does not support input-to-touch feature.
09-19 13:55:29.287 10728 10728 I C04217/WMSAttribute: ConnectServer: start connect
09-19 13:55:29.287 10728 10728 I C04217/WMSAttribute: ConnectServer: end connect
09-19 13:55:29.288 10728 10728 W C04217/WMSAttribute: RegisterGetWMSWindowListCallback: callback has registered
09-19 13:55:29.288 10728 10728 I C04217/WMSAttribute: RegisterGetWMSWindowListCallback: winId: 44
09-19 13:55:29.288 10728 10728 I C04217/WMSAttribute: UpdateColorMode: winId: 44, colorMode: light
09-19 13:55:29.288 10728 10728 I C04218/WMSPc: UpdateSidebarBlurStyleWhenColorModeChange: in, persistentId=44
09-19 13:55:29.288 10728 10728 W C04218/WMSPc: UpdateSidebarBlurStyleWhenColorModeChange: RSAnimatableProperty is null
09-19 13:55:29.288 10728 10728 I C04217/WMSAttribute: UpdateColorMode: winId: 44, colorMode: light, hasDarkRes: 1
09-19 13:55:29.288 10728 10728 I C0421c/WMSCompat: SetPcAppInpadSpecificSystemBarInvisible: isPcAppInpadSpecificSystemBarInvisible: 0
09-19 13:55:29.288 10728 10728 I C0421c/WMSCompat: SetPcAppInpadOrientationLandscape: isPcAppInpadOrientationLandscape: 0
09-19 13:55:29.288 10728 10728 I C0420a/WMSLife: Create: Window Create success [name:callaite0, id:44], state:1, mode:1, enableDefaultDensity:0, displayId:0
09-19 13:55:29.288 10728 10728 E C04200/WMS: singleton_container.cpp GetSingleton: cant get OHOS::Rosen::WindowInfoReporter
09-19 13:55:29.288 10728 10728 I C01332/UIAbility: [JUA2177]JsUIAbility call js, name: onWindowStageCreate
09-19 13:55:29.288 10728 10728 I A00001/EntryAbility: Ability onWindowStageCreate
09-19 13:55:29.289 10728 10728 I A03d00/JSAPP: [DataStore] Loading 2 .md files from /data/storage/el2/base/haps/entry/files/graph
09-19 13:55:29.289 10728 10728 W A03d00/JSAPP: [DataStore] Empty or unreadable file: 2026-09-19.md
09-19 13:55:29.289 10728 10728 I A03d00/JSAPP: [DataStore] Graph loaded. Pages: 1
09-19 13:55:29.290 10728 10856 I C01610/KvStoreServiceDeathNotifier: [a92ab123d146e0c, 0, 0] AddServiceDeathWatcher: Success set size: <private>
09-19 13:55:29.290 10728 10856 I C01610/KvStoreServiceDeathNotifier: [a92ab123d146e0c, 0, 0] GetDistributedKvDataService: Create remote proxy.
09-19 13:55:29.290 10728 10856 I C01610/DataMgrServiceProxy: [a92ab123d146e0c, 0, 0] DataMgrServiceProxy: Init data service proxy.
09-19 13:55:29.290 10728 10856 I C01610/KvStoreServiceDeathNotifier: [a92ab123d146e0c, 0, 0] ServiceDeathRecipient: Constructor.
09-19 13:55:29.291 10728 10856 I C01610/KvStoreClientDeathObserver: [a92ab123d146e0c, 0, 0] KvStoreClientDeathObserver: This client death observer
09-19 13:55:29.292 10728 10856 I C01610/DataMgrServiceProxy: [a92ab123d146e0c, 0, 0] GetFeatureInterface: get feature:kv_store
09-19 13:55:29.295 10728 10872 E C01b00/DistributedAccountFwk: Read result failed, code is: 8.
09-19 13:55:29.295 10728 10872 E C01b00/DistributedAccountFwk: Read result failed, code is: 8.
09-19 13:55:29.298 10728 10856 I C01630/DistributedDB: [a92ab123d146e0c, 0, 0] before open db,db file: [size: 65536, mtime: 1789792123, inode: 824462]; db wal file: [size: 0, mtime: 1789792123, inode: 824463]; db shm file: [size: 32768, mtime: 1789797161, inode: 824466]; db dwr file: [stat() failed, errCode: -1, errno: 2]; 
09-19 13:55:29.300 10728 10728 E C01317/AppKit: [context_impl.cpp1466]create dir /data/storage/el2/cloud failed, errno is 13
09-19 13:55:29.300 10728 10728 E C01317/AppKit: [context_impl.cpp1466]create dir /data/storage/el2/cloud failed, errno is 13
09-19 13:55:29.300 10728 10728 E C01317/AppKit: [context_impl.cpp1466]create dir /data/storage/el2/cloud failed, errno is 13
09-19 13:55:29.300 10728 10856 I C01630/DistributedDB: [a92ab123d146e0c, 0, 0] [SqlUp] meta[0] label[3] flag[0] ver[104]
09-19 13:55:29.300 10728 10728 E C04388/file_api: [prop_n_exporter.cpp:456->MkdirExec] Failed to create directories, error: 13
09-19 13:55:29.300 10728 10728 I A03d00/JSAPP: [PluginManager] Initialized 4 plugins
09-19 13:55:29.301 10728 10728 I C01317/AppKit: [OH_APP1240]current 2, pre 0
09-19 13:55:29.301 10728 10728 W C01317/AppKit: [OH_APP1269]fontSize empty
09-19 13:55:29.301 10728 10728 I C01317/AppKit: [OH_APP1300]current 2, pre 0
09-19 13:55:29.301 10728 10728 W C01317/AppKit: [OH_APP1304]language empty
09-19 13:55:29.301 10728 10728 W C01317/AppKit: [OH_APP1323]language and locale empty
09-19 13:55:29.301 10728 10728 I C01317/AppKit: [OH_APP298]configuration_: {"0#const.build.characteristics":"phone","0#input.pointer.device":"true","0#ohos.app.fontSizeScale":"nonFollowSystem","0#ohos.application.densitydpi":"xxxldpi","0#ohos.application.direction":"vertical","0#ohos.application.displayid":"0","0#ohos.system.colorMode":"light","0#ohos.system.colorMode.isSetByApp":"isSetByApp","0#ohos.system.fontSizeScale":"1.0","0#ohos.system.fontWeightScale":"1.0","0#ohos.system.hour":"false","0#ohos.system.language":"zh-Hans","0#ohos.system.locale":"zh-Hans"}, config: {"0#ohos.system.colorMode":"light","0#ohos.system.colorMode.isSetByApp":"isSetByApp"}
09-19 13:55:29.301 10728 10728 E C04217/WMSAttribute: UpdateConfigurationSync: uiContent null, scene win=44, display=0
09-19 13:55:29.301 10728 10728 E C04217/WMSAttribute: UpdateConfigurationSyncForAll: root is null
09-19 13:55:29.301 10728 10728 I C01332/UIAbility: [JUA2177]JsUIAbility call js, name: onConfigurationUpdated
09-19 13:55:29.301 10728 10728 I C01332/UIAbility: [JUA2222]end, name: onConfigurationUpdated, time: 0
09-19 13:55:29.301 10728 10728 I C01332/UIAbility: [JUA2177]JsUIAbility call js, name: onConfigurationUpdate
09-19 13:55:29.301 10728 10728 I C01332/UIAbility: [JUA2222]end, name: onConfigurationUpdate, time: 0
09-19 13:55:29.301 10728 10728 W C01317/AppKit: [JAS919]Not found AbilityStage.js
09-19 13:55:29.301 10728 10728 W C01317/AppKit: [JAS919]Not found AbilityStage.js
09-19 13:55:29.301 10728 10728 I C01317/AppKit: [OH_APP322]ignoreWindowContext size 0
09-19 13:55:29.301 10728 10728 E C04217/WMSAttribute: UpdateConfiguration: uiContent null, scene win=44, display=0
09-19 13:55:29.301 10728 10728 I C04217/WMSAttribute: UpdateStatusBarColorByColorMode: win=44, appColor=light
09-19 13:55:29.302 10728 10856 I C01630/DistributedDB: [a92ab123d146e0c, 0, 0] [KVDB] [StartSyncerWithNoLock] [uüª] event=3
09-19 13:55:29.302 10728 10856 I C01630/DistributedDB: [a92ab123d146e0c, 0, 0] db id:75fcaa, dir:485848
09-19 13:55:29.302 10728 10856 E C01610/StoreUtil: [a92ab123d146e0c, 0, 0] SetServiceGid: file not exit, filePath:/da***.db ,code:2
09-19 13:55:29.302 10728 10856 I C01610/KvStoreServiceDeathNotifier: [a92ab123d146e0c, 0, 0] AddServiceDeathWatcher: Success set size: <private>
09-19 13:55:29.304 10728 10728 E C04217/WMSAttribute: UpdateConfigurationForAll: root is null
09-19 13:55:29.304 10728 10728 I C04200/JsWindowStage: LoadContent: [NAPI]
09-19 13:55:29.304 10728 10728 I C01332/UIAbility: [JUA2222]end, name: onWindowStageCreate, time: 16
09-19 13:55:29.304 10728 10728 I C0420a/WMSLife: NotifyWindowStageCreateFinished: id: 44
09-19 13:55:29.304 10728 10728 I C01332/UIAbility: [JUA2177]JsUIAbility call js, name: onWillForeground
09-19 13:55:29.304 10728 10728 I C01332/UIAbility: [JUA2222]end, name: onWillForeground, time: 0
09-19 13:55:29.304 10728 10728 I C04202/WMSMain: GoForeground: [requestId: 0][scbRequestId: 21]reason: 4 isGamePreLaunch: 0
09-19 13:55:29.304 10728 10728 I C0420a/WMSLife: Show: [requestId: 0][scbRequestId: 21]Window show [name: callaite0, id: 44, type: 1], reason: 4, state:1, requestState:1
09-19 13:55:29.305 10728 10728 I C04208/WMSLayout: GetSystemSizeLimits: systemLimitsPX: [6720 6720 1120 840 340282346638528859811704183484516925440.000000 0.000000 1.000000 0], systemLimitsVP: [1920 1920 320 240 340282346638528859811704183484516925440.000000 0.000000 1.000000 1], configMaxSize: 1920, vpr: 3.500000, winType: 1
09-19 13:55:29.305 10728 10728 I C04208/WMSLayout: UpdateWindowSizeLimits: [WindowLimitsUpdate:CalcLimits] SaveLimits id:44, px[minW:1120,minH:840,maxW:6720,maxH:6720] vp[minW:320,minH:240,maxW:1920,maxH:1920] vpr=3.500000
09-19 13:55:29.305 10728 10728 I C04217/WMSAttribute: IsSystemDensityChanged: windowId: 44, lastDensity: -1.000000, currDensity: 3.500000
09-19 13:55:29.306 10728 10728 W C04200/WindowSessionImpl: UpdateViewportConfig: uiContent is null!
09-19 13:55:29.306 10728 10728 I C01332/UIAbility: [ui_ability_impl.cpp489]wnd call, AfterForeground
09-19 13:55:29.306 10728 10728 I C01406/OHOS::RS: RSFrameRateLinker::Create id: 46076409151489
09-19 13:55:29.318 10728 10869 I C04207/WMSFocus: ProcessUpdateFocus: unfocusId:11, focusId:44, isFocused:1,isSyncNotify:0, old:0, new:1789797329078, current:1789797329318
09-19 13:55:29.318 10728 10869 I C04207/WMSFocus: UpdateFocusState: focus: 1, id: 44
09-19 13:55:29.319 10728 10869 I C04207/WMSFocus: NotifyApplicationFocusChangedResult: 1
09-19 13:55:29.319 10728 10845 I C04207/WMSFocus: ProcessNotifyHighlightChange: timeStamp:1789797329078, highlightId:44, isHighlight:1,isSyncNotify:0, old:0, new:1789797329078, current:1789797329319
09-19 13:55:29.319 10728 10845 I C04207/WMSFocus: NotifyHighlightChange: windowId: 44, isHighlight: 1,
09-19 13:55:29.319 10728 10845 E C0420a/WMSLife: NotifyUIExtHostRectChangeInGlobalDisplayListeners: uiContent is null
09-19 13:55:29.319 10728 10845 W C04208/WMSLayout: NotifySingleHandTransformChange: id:44, uiContent is nullptr
09-19 13:55:29.319 10728 10845 I C04200/WindowSessionImpl: NotifyTransformChange: in
09-19 13:55:29.320 10728 10876 W C057c1/IPCWorkThread: ThreadHandler: proto:0 policy:0 name:OS_IPC_3_10876 invoker:3895696
09-19 13:55:29.320 10728 10728 E C01706/ueaClient-RmeCoreSched: [Init]: do not enabled!ret: -1
09-19 13:55:29.320 10728 10728 I C01706/ueaClient-FrameMsgMgr: [Init]:inited success!
09-19 13:55:29.320 10728 10728 I C01706/ueaClient-FrameUiIntf: [Init]:ret:1, inited:1
09-19 13:55:29.320 10728 10728 I C04217/WMSAttribute: InitWaterfallMode: winId: 44
09-19 13:55:29.320 10728 10728 I C04217/WMSAttribute: NotifyWaterfallModeChange: winId: 44, waterfall: 0, stat: 2
09-19 13:55:29.320 10728 10728 I C04202/WMSMain: NotifyFreeMultiWindowModeResume: IsPcMode 0, isColdStart 1
09-19 13:55:29.320 10728 10728 I C0420a/WMSLife: Show: [requestId: 0][scbRequestId: 21]Window show success [name:callaite0, id:44, type:1]
09-19 13:55:29.320 10728 10728 W C04201/DMS: OnDisplayInfoChange: data is not changed.
09-19 13:55:29.321 10728 10728 I C01332/UIAbility: [JUA2177]JsUIAbility call js, name: onForeground
09-19 13:55:29.321 10728 10728 I A00001/EntryAbility: Ability onForeground
09-19 13:55:29.321 10728 10728 I C01332/UIAbility: [JUA2222]end, name: onForeground, time: 0
09-19 13:55:29.323 10728 10728 E C01651/data_share_manager_impl: RegisterClientDeathObserver: RegisterClientDeathObserver failed, bundleName is com.example.callaite
09-19 13:55:29.323 10728 10728 E C01651/data_share_manager_impl: GetDataShareServiceProxy: RegisterClientDeathObserver failed
09-19 13:55:29.325 10728 10876 E C01651/data_share_manager_impl: RegisterClientDeathObserver: RegisterClientDeathObserver failed, bundleName is com.example.callaite
09-19 13:55:29.325 10728 10876 E C01651/data_share_manager_impl: GetDataShareServiceProxy: RegisterClientDeathObserver failed
09-19 13:55:29.325 10728 10876 I C01651/data_share_manager_impl: operator(): RecoverObs start
09-19 13:55:29.335 10728 10728 I C05405/CompConfigClient: GetConfigByApp: GetDataShareData return 0 result
09-19 13:55:29.335 10728 10728 E C01301/Ability: [page_config_manager.cpp62]configJson_ is empty
09-19 13:55:29.336 10728 10728 I C02d11/DfxUnwinder: UnwindLocal:: fpUnwind: 0
09-19 13:55:29.337 10728 10728 W C01320/JsEnv: [source_map.cpp145]the stack without line info
09-19 13:55:29.337 10728 10728 I C02d11/DfxUnwinder: UnwindLocal:: fpUnwind: 0
09-19 13:55:29.337 10728 10728 W C01320/JsEnv: [source_map.cpp145]the stack without line info
09-19 13:55:29.337 10728 10728 I A00001/EntryAbility: Huawei account refreshed: 
09-19 13:55:29.337 10728 10728 I C01612/JsKVManager: operator(): output delete reference success
09-19 13:55:29.337 10728 10728 I C01612/JsSingleKVStore: operator(): subscribe to event:dataChange
09-19 13:55:29.337 10728 10728 I C01612/JsSingleKVStore: OnDataChange: subscribe data change type 2
09-19 13:55:29.338 10728 10728 I C01630/DistributedDB: [KvStoreNbDelegate][RegisterDeviceObserver] Register device observer ok mode:1
09-19 13:55:29.338 10728 10728 I C01610/KvStoreObserverClient: KvStoreObserverClient: Start
09-19 13:55:29.339 10728 10728 I A03d00/JSAPP: [Collaboration] KVStore initialized
09-19 13:55:29.339 10728 10728 I C01332/UIAbility: [JUA2177]JsUIAbility call js, name: onDidForeground
09-19 13:55:29.339 10728 10728 I C01332/UIAbility: [JUA2222]end, name: onDidForeground, time: 0
09-19 13:55:29.339 10728 10728 I C04202/WMSMain: GoResume: in isGamePreLaunch: 0
09-19 13:55:29.339 10728 10728 I C0420a/WMSLife: SetUIContentInner: pages/Index, state:2, persistentId: 44
09-19 13:55:29.339 10728 10728 I C0420a/WMSLife: NotifySetUIContentComplete: start
09-19 13:55:29.339 10728 10728 I C0420a/WMSLife: SetUIContentComplete: persistentId=44
09-19 13:55:29.339 10728 10728 I C0420a/WMSLife: InitUIContent: start
09-19 13:55:29.339 10728 10728 I C0420a/WMSLife: DestroyExistUIContent: start
09-19 13:55:29.339 10728 10728 I C03900/Ace: [(-1:-1:undefined)] CreateUIContent.
09-19 13:55:29.339 10728 10728 I C03934/AceUIEvent: [(-1:-1:undefined)] report ace loaded
09-19 13:55:29.340 10728 10728 I C04707/HaAceEngine: OnAceLoaded end
09-19 13:55:29.340 10728 10851 W C04707/HaClient: =========Invalid Client=========
09-19 13:55:29.340 10728 10728 I C03900/Ace: [(-2:-1:undefined)] Create ace bg threads pool.
09-19 13:55:29.340 10728 10728 I C03900/Ace: [(-2:-1:undefined)] Init RenderService UniRender Type:0
09-19 13:55:29.342 10728 10876 I C04208/WMSLayout: NotifyWindowStatusDidChange: [WindowModeUpdate:Inner] NotifyWindowStatusDidChange id:44, mode:1, status:1, lastStatus:0, listenerSize:0, rect:[0 0 1308 2880]
09-19 13:55:29.342 10728 10728 W C01409/APS_MANAGER: redo Connect
09-19 13:55:29.342 10728 10728 I C01409/APS_MANAGER: Start to ConnectService
09-19 13:55:29.342 10728 10728 I C01409/APS_MANAGER: GetSystemAbilityManager success
09-19 13:55:29.343 10728 10728 I C01409/APS_MANAGER: GetSystemAbility success
09-19 13:55:29.343 10728 10728 I C03900/Ace: [(-2:-1:undefined)] [com.example.callaite][entry][-1]: UIContent: apiCompatibleVersion: 60101024, apiTargetVersion: 260000026, and apiReleaseType: Release, useNewPipe: 1, enableCustomComponentCrossAbility: 0
09-19 13:55:29.343 10728 10878 I C03900/Ace: [(-1:-1:undefined)] dlsym function ReportData success.
09-19 13:55:29.343 10728 10878 I C03900/Ace: [(-1:-1:undefined)] dlsym function ReportSyncEvent success.
09-19 13:55:29.344 10728 10728 I C02c03/PARAM_WATCHER: Add watcher keyPrefix persist.sys.arkui.animationscale remoteWatcherId 100 success
09-19 13:55:29.344 10728 10728 E C03900/Ace: [(-2:-1:undefined)] ConfigParserBase read system file failed
09-19 13:55:29.344 10728 10728 W C03900/Ace: [(-2:-1:undefined)] ArkUiFeatureParamManager failed to load xml file
09-19 13:55:29.345 10728 10728 E C03900/Ace: [(-2:-1:undefined)] ConfigParserBase read system UI correction config file failed
09-19 13:55:29.345 10728 10728 W C03900/Ace: [(-2:-1:undefined)] ArkUiFeatureParamManager failed to load UI correction config file
09-19 13:55:29.349 10728 10728 I C05405/CompConfigClient: SubscribeEvent_: SubscriberEvent, ret: 1
09-19 13:55:29.361 10728 10728 I C05405/CompConfigClient: GetConfigByApp: GetDataShareData return 0 result
09-19 13:55:29.362 10728 10728 W C03900/Ace: [(-2:-1:undefined)] FeatureManager get config failed, key:UICorrectionStrategy ret:1
09-19 13:55:29.362 10728 10728 W C03900/Ace: [(-2:-1:undefined)] FeatureParamManager get UICorrectionStrategy from FeatureManager failed
09-19 13:55:29.365 10728 10728 I C03900/Ace: [(-2:-1:undefined)] SetLocale language tag: zh-Hans, font locale: zh-Hans, select language: zh-CN
09-19 13:55:29.365 10728 10728 I C03900/Ace: [(-2:-1:undefined)] [com.example.callaite][entry][-1]: SetLanguage: zh, colorMode: light, deviceAccess: 1
09-19 13:55:29.365 10728 10728 I C03900/Ace: [(-2:-1:undefined)] [com.example.callaite][entry][-1]: Initialize UIContent isModelJson:true
09-19 13:55:29.368 10728 10728 I C03922/AceNavigation: [(-2:-1:undefined)] subscribe hsp Update successfully
09-19 13:55:29.368 10728 10728 I C03900/Ace: [(100000:100000:scope)] SetHapPath, Use hap path to load resource
09-19 13:55:29.370 10728 10728 I C04217/WMSAttribute: RegisterWaterfallModeChangeListener: winId: 44
09-19 13:55:29.371 10728 10728 I C04200/WMS: GetSurfaceNode: name:callaite0, id:44
09-19 13:55:29.371 10728 10728 I C04200/WMS: GetSurfaceNode: name:callaite0, id:44
09-19 13:55:29.371 10728 10728 I C03900/Ace: [(100000:100000:scope)] SetRSSurfaceNode 46076409151489 with rs multi
09-19 13:55:29.371 10728 10728 I C01406/OHOS::RS: RSUIContext::AttachFromUI. token: 46076409151489 uiPiplineNum: -1
09-19 13:55:29.371 10728 10728 I C01406/OHOS::RS: RSUIContext::SetUITaskRunner, Context token:46076409151489
09-19 13:55:29.375 10728 10728 I C03925/AceRouter: [(100000:100000:scope)] createManager, deviceType: 0
09-19 13:55:29.375 10728 10728 W C03900/Ace: [(100000:100000:scope)] Invalid config:zh_Hans-long-notround-vertical-light-phone-xxxhdpi
09-19 13:55:29.377 10728 10728 I C01406/OHOS::RS: RSUIDirector::GoBackground CurrentState:2, UIContext:46076409151489
09-19 13:55:29.377 10728 10728 I C01406/OHOS::RS: RSSurfaceNode::SetAbilityState, surfaceNodeId:[46076409151489], ability state: background
09-19 13:55:29.378 10728 10728 I C03900/Ace: [(100000:100000:scope)] set translateManager to pipeline, instanceId:100000
09-19 13:55:29.378 10728 10728 I C0421d/WMSRotation: RegisterOrientationChangeListener: in
09-19 13:55:29.378 10728 10728 I C03900/Ace: [(100000:100000:scope)] AddPersistAfterLayoutTask size: 1
09-19 13:55:29.378 10728 10728 I C03919/AceInputTracking: [(100000:100000:scope)] Debug touch pass mode 0
09-19 13:55:29.379 10728 10728 E C03934/AceUIEvent: [(100000:100000:scope)] AceTransform load failed: Error loading shared library /system/lib64/libtransform_interaction_ext.z.so: No such file or directory
09-19 13:55:29.379 10728 10728 I C03937/AceResource: [(100000:100000:scope)] ResourceAdapter UpdateResConfig with colorMode light
09-19 13:55:29.379 10728 10728 W C03900/Ace: [(100000:100000:scope)] not found systemTheme in HapModuleInfo, loading default OHOS_THEME
09-19 13:55:29.379 10728 10728 I C03900/Ace: [(100000:100000:scope)] Cannot Get File List from resources/styles/
09-19 13:55:29.379 10728 10728 W C03900/Ace: [(100000:100000:scope)] GetAsset failed: resources/styles/default.json
09-19 13:55:29.389 10728 10728 I C01406/OHOS::RS: RSRootNode::Create, Node:46076409151491, Token:46076409151489
09-19 13:55:29.389 10728 10728 I C03900/Ace: [(100000:100000:scope)] root node OnAttachToFrameNode, id:0
09-19 13:55:29.389 10728 10728 I C03900/Ace: [(100000:100000:scope)] Rosenwindow set root, rsId:46076409151491
09-19 13:55:29.389 10728 10728 I C01406/OHOS::RS: RSRootNode::AttachRSSurfaceNode, SurfaceNode:46076409151489, Node:46076409151491
09-19 13:55:29.391 10728 10728 I C03900/Ace: [(100000:100000:scope)] AddPersistAfterLayoutTask size: 2
09-19 13:55:29.394 10728 10728 I C03900/Ace: [(100000:100000:scope)] focusWindowId: 0, realHostWindowId: 0
09-19 13:55:29.394 10728 10728 I C03900/Ace: [(100000:100000:scope)] [com.example.callaite][entry][100000]: window focus
09-19 13:55:29.396 10728 10728 I C02c03/PARAM_WATCHER: Add watcher keyPrefix debug.graphic.frame remoteWatcherId 100 success
09-19 13:55:29.396 10728 10728 E C03900/Ace: [(100000:100000:scope)] ERROR EACCES
09-19 13:55:29.396 10728 10728 E C03900/Ace: [(100000:100000:scope)] ERROR EACCES
09-19 13:55:29.396 10728 10728 I C03900/Ace: [(100000:100000:scope)] ArkUIInvisibleFreeze: 0
09-19 13:55:29.396 10728 10728 I C03900/Ace: [(100000:100000:scope)] [com.example.callaite][entry][100000]: SetMinPlatformVersion is 60101024
09-19 13:55:29.396 10728 10728 I C04209/WMSImms: RegisterAvoidAreaChangeListener: win 44
09-19 13:55:29.398 10728 10728 E C04200/IMockSessionManager: Read result failed, code is: 4.
09-19 13:55:29.399 10728 10728 E C04200/IMockSessionManager: Read result failed, code is: 4.
09-19 13:55:29.399 10728 10728 I C04200/WMS: InitSessionManagerServiceProxy: Init success, userId=-1
09-19 13:55:29.399 10728 10728 I C04200/WMS: InitSceneSessionManagerLiteProxy: Init success, userId=-1
09-19 13:55:29.399 10728 10728 I C04204/WMSScb: InitSceneSessionManagerProxy: enter, userId=-1
09-19 13:55:29.399 10728 10728 I C04204/WMSScb: GetSceneSessionManagerProxy: init first time, userId=-1
09-19 13:55:29.402 10728 10876 E C0420a/WMSLife: NotifyUIExtHostRectChangeInGlobalDisplayListeners: uiContent is null
09-19 13:55:29.402 10728 10869 I C04208/WMSLayout: UpdateRect: [WindowRectUpdate:ClientRecv] UpdateRect id:44 name:callaite0, preRect=[0 0 1308 2880], newRect=[0 0 1308 2880], reason:23 displayId:0
09-19 13:55:29.403 10728 10728 I C04209/WMSImms: GetAvoidAreaByType: win 44 type not supported
09-19 13:55:29.404 10728 10728 I C03917/AceSafeArea: [(100000:100000:scope)] InitializeSafeArea systemInsets:SafeAreaInsets left_: [start: 0, end: 0], top_: [start: 0, end: 136], right_: [start: 0, end: 0], bottom_: [start: 0, end: 0], cutoutInsets:SafeAreaInsets left_: [start: 0, end: 0], top_: [start: 50, end: 128], right_: [start: 0, end: 0], bottom_: [start: 0, end: 0], navInsets:SafeAreaInsets left_: [start: 0, end: 0], top_: [start: 0, end: 0], right_: [start: 0, end: 0], bottom_: [start: 2782, end: 2880], floatNavInsets:SafeAreaInsets left_: [start: 0, end: 0], top_: [start: 0, end: 0], right_: [start: 0, end: 0], bottom_: [start: 0, end: 0]
09-19 13:55:29.404 10728 10728 I C0394e/AceWindow: [(100000:100000:scope)] Initialize displayId: 0, availableRect: [0, 0, 1308, 2880]
09-19 13:55:29.405 10728 10728 I C03900/Ace: [(100000:100000:scope)] Failed to open libthp_extra_innerapi.z.so, reason: Error loading shared library /system/lib64/libthp_extra_innerapi.z.so: No such file or directory
09-19 13:55:29.405 10728 10728 I C03900/Ace: [(-2:100000:singleton)] [com.example.callaite][entry][100000]: Initialize: pages/Index
09-19 13:55:29.405 10728 10728 I C03900/Ace: [(100000:100000:scope)] RunPage:pages/Index
09-19 13:55:29.405 10728 10728 W C03900/Ace: [(100000:100000:scope)] GetAsset failed: manifest.json
09-19 13:55:29.405 10728 10728 I C04200/WMS: InitUIContent: [0, 0]
09-19 13:55:29.405 10728 10728 I C0420a/WMSLife: RegisterUIContenCallback: start
09-19 13:55:29.405 10728 10728 I C04208/WMSLayout: SetUIContentInner: single hand, id:44, posX:0, posY:0, scaleX:1.000000, scaleY:1.000000
09-19 13:55:29.406 10728 10728 I C04219/WMSDecor: UpdateDecorEnable: decorVisible:1, isDockAutoHide:0, isDecorHiddenByApp:0, isMaximizeInvoked:0, id:44
09-19 13:55:29.406 10728 10728 I C03900/Ace: [(-2:100000:singleton)] [com.example.callaite][entry][100000]: UpdateWindowVisible: 1, hasDecor: 0
09-19 13:55:29.406 10728 10728 I C03900/Ace: [(-2:100000:singleton)] [com.example.callaite][entry][100000]: NotifyWindowMode mode = 1
09-19 13:55:29.406 10728 10878 I C02c03/PARAM_WATCHER: Add watcher keyPrefix persist.ace.trace.layout.enabled remoteWatcherId 100 success
09-19 13:55:29.406 10728 10878 I C02c03/PARAM_WATCHER: Add watcher keyPrefix persist.ace.trace.inputevent.enabled remoteWatcherId 100 success
09-19 13:55:29.406 10728 10884 I C03951/InputKeyFlow: [(-1:100000:singleton)] Subscribe touch.events.pass.through Event
09-19 13:55:29.407 10728 10878 I C02c03/PARAM_WATCHER: Add watcher keyPrefix const.security.developermode.state remoteWatcherId 100 success
09-19 13:55:29.407 10728 10728 I C03900/Ace: [(-2:100000:singleton)] [com.example.callaite][entry][100000]: window foreground
09-19 13:55:29.407 10728 10728 I C03900/Ace: [(100000:100000:scope)] Update application state , state: ON_SHOW
09-19 13:55:29.408 10728 10878 I C02c03/PARAM_WATCHER: Add watcher keyPrefix persist.ace.debug.statemgr.enabled remoteWatcherId 100 success
09-19 13:55:29.408 10728 10728 I C01406/OHOS::RS: RSUIDirector::GoForeground CurrentState:3, UIContext:46076409151489
09-19 13:55:29.408 10728 10728 I C01406/OHOS::RS: RSSurfaceNode::SetAbilityState, surfaceNodeId:[46076409151489], ability state: foreground
09-19 13:55:29.408 10728 10878 I C02c03/PARAM_WATCHER: Add watcher keyPrefix persist.ace.debug.boundary.enabled remoteWatcherId 100 success
09-19 13:55:29.408 10728 10728 I C03900/Ace: [(100000:100000:scope)] ArkUI requests first Vsync.
09-19 13:55:29.408 10728 10728 I C04202/WMSMain: RequestVsync: First vsync has requested, nodeId: 46076409151489
09-19 13:55:29.409 10728 10878 I C02c03/PARAM_WATCHER: Add watcher keyPrefix persist.ace.performance.monitor.enabled remoteWatcherId 100 success
09-19 13:55:29.409 10728 10728 I C03959/AceLayout: [(-2:100000:singleton)] UVC Viewport config: size: (1308, 2880) orientation: 0 density: 3.500000 position: (0, 0) transformHint: 0 displayId: 0 forceSplitDisplayConfig: disable forceSplit, mode: 0, WSCR 0, IRN 1, , keyboardInfo is null
09-19 13:55:29.409 10728 10728 I C03922/AceNavigation: [(100000:100000:scope)] disable forceSplit, mode:0
09-19 13:55:29.410 10728 10728 I C04208/WMSLayout: UpdateViewportConfig: Id: 44, reason: 0, viewportRect: [0 0 1308 2880], displayOrientation: 0, config[0, 0, 0, 3.500000]
09-19 13:55:29.410 10728 10728 I C03900/Ace: [(-2:100000:singleton)] [com.example.callaite][entry][100000]: window focus
09-19 13:55:29.410 10728 10728 I C03900/Ace: [(-2:100000:singleton)] [com.example.callaite][entry][100000]:window active
09-19 13:55:29.410 10728 10728 I C04208/WMSLayout: NotifyAfterUIContentReady: Renotify transform, id:44, scaleX:1.000000, scaleY:1.000000
09-19 13:55:29.410 10728 10728 I C02d11/DfxUnwinder: UnwindLocal:: fpUnwind: 0
09-19 13:55:29.413 10728 10728 W C01320/JsEnv: [source_map.cpp145]the stack without line info
09-19 13:55:29.413 10728 10728 I A00001/EntryAbility: Succeeded in loading the content.
09-19 13:55:29.413 10728 10728 I C04200/JsWindowStage: Window [44, callaite0] load content end, ret=0
09-19 13:55:29.413 10728 10728 I C04209/WMSImms: NotifyAvoidAreaChange: win 44 api 26 type 0 area top [0 0 1308 136] 
09-19 13:55:29.413 10728 10728 I C04209/WMSImms: NotifyAvoidAreaChange: win 44 api 26 type 1 area top [615 50 78 78] 
09-19 13:55:29.413 10728 10728 I C04209/WMSImms: NotifyAvoidAreaChange: win 44 api 26 type 2 area empty
09-19 13:55:29.413 10728 10728 I C04209/WMSImms: NotifyAvoidAreaChange: win 44 api 26 type 3 area empty
09-19 13:55:29.413 10728 10728 I C04209/WMSImms: NotifyAvoidAreaChange: win 44 api 26 type 4 area bottom [425 2782 458 98] 
09-19 13:55:29.416 10728 10728 I C03922/AceNavigation: [(100000:100000:scope)] disable forceSplit, mode:0
09-19 13:55:29.416 10728 10728 I C04208/WMSLayout: UpdateViewportConfig: Id: 44, reason: 0, viewportRect: [0 0 1308 2880], displayOrientation: 0, config[0, 0, 0, 3.500000]
09-19 13:55:29.417 10728 10728 I C03900/Ace: [(100000:100000:scope)] Update application state , state: ON_ACTIVE
09-19 13:55:29.418 10728 10728 I C0391c/AceFocus: [(100000:100000:scope)] Window: 44 get focus.
09-19 13:55:29.418 10728 10728 W C0391c/AceFocus: [(100000:100000:scope)] Current focus view can not found!
09-19 13:55:29.418 10728 10728 I C0391c/AceFocus: [(100000:100000:scope)] Request focus on rootFocusHub: root/0
09-19 13:55:29.419 10728 10728 I C03922/AceNavigation: [(100000:100000:scope)] disable forceSplit, mode:0
09-19 13:55:29.419 10728 10728 I C04208/WMSLayout: UpdateViewportConfig: Id: 44, reason: 23, viewportRect: [0 0 1308 2880], displayOrientation: 0, config[0, 0, 0, 3.500000]
09-19 13:55:29.419 10728 10728 I C03925/AceRouter: [(100000:100000:scope)] Page router manager is creating page[1]: url: pages/Index path: pages/Index.js, recoverable: yes, namedRouter: no
09-19 13:55:29.460 10728 10728 I C03f04/MMG: [NMM:1561]Module:file.photoAccessHelper
09-19 13:55:29.461 10728 10728 W C03f04/MMG: [NMM:1466] Name mismatch: file.photoAccessHelperNative != file.photoAccessHelper
09-19 13:55:29.463 10728 10728 I C02b71/MediaLibraryNapi: Common:{Init:156} TaskSignalNapi::Init in
09-19 13:55:29.463 10728 10728 I C02b71/MediaLibraryNapi: Common:{Init:164} TaskSignalNapi::Init success
09-19 13:55:29.467 10728 10728 I C02b01/CAMERA: {63} PickerOnLoad
09-19 13:55:29.467 10728 10728 I C02b01/CAMERA: {463} CameraPickerNapi E
09-19 13:55:29.468 10728 10728 W C03f04/MMG: [NMM:1466] Name mismatch: web.webnativemessagingextensionmanager_napi != web.webNativeMessagingExtensionManager
09-19 13:55:29.468 10728 10728 I C03f04/MMG: [NMM:1561]Module:arkui.node
09-19 13:55:29.480 10728 10728 I C04201/DMS: IfCallbackRegistered: change not registered!
09-19 13:55:29.480 10728 10728 I C04201/DMS: JsDisplayListener: Constructor
09-19 13:55:29.482 10728 10851 I C04215/WMSHierarchy: GetTopWindowWithContext: mainId:44!
09-19 13:55:29.483 10728 10728 I C0391c/AceFocus: [(100000:100000:scope)] Request focus id can not found.
09-19 13:55:29.483 10728 10728 W C03926/AceTheme: [(100000:100000:scope)] style 125829872 not contains scroll_bar_pattern!
09-19 13:55:29.484 10728 10728 W C03926/AceTheme: [(100000:100000:scope)] style scroll_bar_pattern get attr scroll_bar_interactive error!
09-19 13:55:29.484 10728 10728 W C03926/AceTheme: [(100000:100000:scope)] style scroll_bar_pattern not contains arc_scroll_bar_normal_background_width!
09-19 13:55:29.484 10728 10728 W C03926/AceTheme: [(100000:100000:scope)] style 125829872 not contains scrollable_pattern!
09-19 13:55:29.485 10728 10728 W C03926/AceTheme: [(100000:100000:scope)] style scrollable_pattern not contains scroll_able_default_scrolling_distance!
09-19 13:55:29.507 10728 10728 W C03926/AceTheme: [(100000:100000:scope)] style text_pattern not contains linear_split_child_min_size!
09-19 13:55:29.507 10728 10728 W C03926/AceTheme: [(100000:100000:scope)] style text_pattern not contains menu_celia_ask_is_support!
09-19 13:55:29.507 10728 10728 W C03926/AceTheme: [(100000:100000:scope)] style 125829872 not contains app_theme_pattern!
09-19 13:55:29.507 10728 10728 W C01e00/ResourceManager: by id=125835722 limitPaths is empty
09-19 13:55:29.507 10728 10728 E C01e00/ResourceManager: ref <private> id not found
09-19 13:55:29.507 10728 10728 W C01e00/ResourceManager: by id=125835722 limitPaths is empty
09-19 13:55:29.507 10728 10728 E C01e00/ResourceManager: ref <private> id not found
09-19 13:55:29.507 10728 10728 W C03937/AceResource: [(100000:100000:scope)] Get pattern by name error, name=app_theme_pattern, bundleName: com.example.callaite, moduleName: entry
09-19 13:55:29.507 10728 10728 W C01e00/ResourceManager: by id=125835722 limitPaths is empty
09-19 13:55:29.507 10728 10728 E C01e00/ResourceManager: ref <private> id not found
09-19 13:55:29.507 10728 10728 W C01e00/ResourceManager: by id=125835722 limitPaths is empty
09-19 13:55:29.507 10728 10728 E C01e00/ResourceManager: ref <private> id not found
09-19 13:55:29.507 10728 10728 W C03937/AceResource: [(100000:100000:scope)] Get pattern by name error, name=app_theme_pattern
09-19 13:55:29.507 10728 10728 W C03926/AceTheme: [(100000:100000:scope)] style app_theme_pattern not contains app_theme_drag_distancethreshold!
09-19 13:55:29.527 10728 10728 I C0391c/AceFocus: [(100000:100000:scope)] view: page/2 show
09-19 13:55:29.528 10728 10728 I C03922/AceNavigation: [(100000:100000:scope)] can't find inner navigation
09-19 13:55:29.529 10728 10728 I C03933/AceKeyboard: [(100000:100000:scope)] PageChangeCloseKB
09-19 13:55:29.529 10728 10728 I C03925/AceRouter: [(100000:100000:scope)] LoadPage Success
09-19 13:55:29.530 10728 10728 I C04200/JsWindow: CreateJsWindow callaite0
09-19 13:55:29.530 10728 10728 I C0420a/WMSLife: JsWindow: window: callaite0, ctorCnt: 1
09-19 13:55:29.531 10728 10728 I C0420a/WMSLife: CreateJsWindowObject: Add window callaite0
09-19 13:55:29.531 10728 10728 I C0392a/AceUiExtensionComponent: [(-2:100000:singleton)] NotifyWindowMode aliveUIExtensions = 0
09-19 13:55:29.531 10728 10728 I C0394e/AceWindow: [(100000:100000:scope)] Update displayWindowRect in UpdateViewportConfig to : Rect (0.00, 0.00) - [1308.00 x 2880.00]
09-19 13:55:29.531 10728 10728 I C03917/AceSafeArea: [(100000:100000:scope)] SetIsFullScreen 1
09-19 13:55:29.532 10728 10728 I C03900/Ace: [(100000:100000:scope)] Root node request first frame.
09-19 13:55:29.532 10728 10728 I C03900/Ace: [(100000:100000:scope)] Update application state , state: ON_ACTIVE
09-19 13:55:29.532 10728 10728 I C0391c/AceFocus: [(100000:100000:scope)] Window: 44 get focus.
09-19 13:55:29.532 10728 10728 I C03900/Ace: [(100000:100000:scope)] Update application state , state: ON_ACTIVE
09-19 13:55:29.533 10728 10728 I C04202/WMSMain: VsyncCallbackInner: First vsync has come back, nodeId: 46076409151489
09-19 13:55:29.534 10728 10728 I C01408/Text: InitTextBundleConfig: Adapter text height enabled 0
09-19 13:55:29.534 10728 10728 I C01408/Text: InitTextBundleConfig: Disable spacing for control char 0
09-19 13:55:29.534 10728 10728 E C02d34/HistogramClient: ArkGraphics2d.Text.OH_Drawing_TextStyleAddFontVariation is not in metadata.
09-19 13:55:29.737 10728 10728 E C01707/CONCUR: [Interface] task 10853 apply qos failed, errno = 4
09-19 13:55:29.739 10728 10728 E C01707/CONCUR: [Interface] task 10854 apply qos failed, errno = 4
09-19 13:55:29.742 10728 10728 E C01707/CONCUR: [Interface] task 10855 apply qos failed, errno = 4
09-19 13:55:29.746 10728 10728 E C01707/CONCUR: [Interface] task 10853 apply qos failed, errno = 4
09-19 13:55:29.748 10728 10728 E C01707/CONCUR: [Interface] task 10854 apply qos failed, errno = 4
09-19 13:55:29.751 10728 10728 E C01707/CONCUR: [Interface] task 10855 apply qos failed, errno = 4
09-19 13:55:29.893 10728 10728 E C01707/CONCUR: [Interface] task 10853 apply qos failed, errno = 4
09-19 13:55:29.895 10728 10728 E C01707/CONCUR: [Interface] task 10854 apply qos failed, errno = 4
09-19 13:55:29.897 10728 10728 E C01707/CONCUR: [Interface] task 10855 apply qos failed, errno = 4
09-19 13:55:29.899 10728 10728 E C01707/CONCUR: [Interface] task 10853 apply qos failed, errno = 4
09-19 13:55:29.906 10728 10728 E C01707/CONCUR: [Interface] task 10854 apply qos failed, errno = 4
09-19 13:55:29.908 10728 10728 E C01707/CONCUR: [Interface] task 10855 apply qos failed, errno = 4
09-19 13:55:30.082 10728 10728 E C01707/CONCUR: [Interface] task 10853 apply qos failed, errno = 4
09-19 13:55:30.084 10728 10728 E C01707/CONCUR: [Interface] task 10854 apply qos failed, errno = 4
09-19 13:55:30.087 10728 10728 E C01707/CONCUR: [Interface] task 10855 apply qos failed, errno = 4
09-19 13:55:30.091 10728 10728 E C01707/CONCUR: [Interface] task 10853 apply qos failed, errno = 4
09-19 13:55:30.093 10728 10728 E C01707/CONCUR: [Interface] task 10854 apply qos failed, errno = 4
09-19 13:55:30.095 10728 10728 E C01707/CONCUR: [Interface] task 10855 apply qos failed, errno = 4
09-19 13:55:30.199 10728 10728 E C01707/CONCUR: [Interface] task 10853 apply qos failed, errno = 4
09-19 13:55:30.201 10728 10728 E C01707/CONCUR: [Interface] task 10854 apply qos failed, errno = 4
09-19 13:55:30.204 10728 10728 E C01707/CONCUR: [Interface] task 10855 apply qos failed, errno = 4
09-19 13:55:30.207 10728 10728 E C01707/CONCUR: [Interface] task 10853 apply qos failed, errno = 4
09-19 13:55:30.209 10728 10728 E C01707/CONCUR: [Interface] task 10854 apply qos failed, errno = 4
09-19 13:55:30.211 10728 10728 E C01707/CONCUR: [Interface] task 10855 apply qos failed, errno = 4
09-19 13:55:30.315 10728 10728 E C01707/CONCUR: [Interface] task 10853 apply qos failed, errno = 4
09-19 13:55:30.318 10728 10728 E C01707/CONCUR: [Interface] task 10854 apply qos failed, errno = 4
09-19 13:55:30.320 10728 10728 E C01707/CONCUR: [Interface] task 10855 apply qos failed, errno = 4
09-19 13:55:30.323 10728 10728 E C01707/CONCUR: [Interface] task 10853 apply qos failed, errno = 4
09-19 13:55:30.326 10728 10728 E C01707/CONCUR: [Interface] task 10854 apply qos failed, errno = 4
09-19 13:55:30.328 10728 10728 E C01707/CONCUR: [Interface] task 10855 apply qos failed, errno = 4
09-19 13:55:30.434 10728 10728 E C01707/CONCUR: [Interface] task 10853 apply qos failed, errno = 4
09-19 13:55:30.436 10728 10728 E C01707/CONCUR: [Interface] task 10854 apply qos failed, errno = 4
09-19 13:55:30.439 10728 10728 E C01707/CONCUR: [Interface] task 10855 apply qos failed, errno = 4
09-19 13:55:30.442 10728 10728 E C01707/CONCUR: [Interface] task 10853 apply qos failed, errno = 4
09-19 13:55:30.444 10728 10728 E C01707/CONCUR: [Interface] task 10854 apply qos failed, errno = 4
09-19 13:55:30.447 10728 10728 E C01707/CONCUR: [Interface] task 10855 apply qos failed, errno = 4
09-19 13:55:30.553 10728 10728 E C01707/CONCUR: [Interface] task 10853 apply qos failed, errno = 4
09-19 13:55:30.555 10728 10728 E C01707/CONCUR: [Interface] task 10854 apply qos failed, errno = 4
09-19 13:55:30.557 10728 10728 E C01707/CONCUR: [Interface] task 10855 apply qos failed, errno = 4
09-19 13:55:30.561 10728 10728 E C01707/CONCUR: [Interface] task 10853 apply qos failed, errno = 4
09-19 13:55:30.563 10728 10728 E C01707/CONCUR: [Interface] task 10854 apply qos failed, errno = 4
09-19 13:55:30.565 10728 10728 E C01707/CONCUR: [Interface] task 10855 apply qos failed, errno = 4
09-19 13:55:30.669 10728 10728 E C01707/CONCUR: [Interface] task 10853 apply qos failed, errno = 4
09-19 13:55:30.672 10728 10728 E C01707/CONCUR: [Interface] task 10854 apply qos failed, errno = 4
09-19 13:55:30.674 10728 10728 E C01707/CONCUR: [Interface] task 10855 apply qos failed, errno = 4
09-19 13:55:30.677 10728 10728 E C01707/CONCUR: [Interface] task 10853 apply qos failed, errno = 4
09-19 13:55:30.679 10728 10728 E C01707/CONCUR: [Interface] task 10854 apply qos failed, errno = 4
09-19 13:55:30.682 10728 10728 E C01707/CONCUR: [Interface] task 10855 apply qos failed, errno = 4
09-19 13:55:30.786 10728 10728 E C01707/CONCUR: [Interface] task 10853 apply qos failed, errno = 4
09-19 13:55:30.788 10728 10728 E C01707/CONCUR: [Interface] task 10854 apply qos failed, errno = 4
09-19 13:55:30.791 10728 10728 E C01707/CONCUR: [Interface] task 10855 apply qos failed, errno = 4
09-19 13:55:30.794 10728 10728 E C01707/CONCUR: [Interface] task 10853 apply qos failed, errno = 4
09-19 13:55:30.797 10728 10728 E C01707/CONCUR: [Interface] task 10854 apply qos failed, errno = 4
09-19 13:55:30.799 10728 10728 E C01707/CONCUR: [Interface] task 10855 apply qos failed, errno = 4
09-19 13:55:30.905 10728 10728 E C01707/CONCUR: [Interface] task 10853 apply qos failed, errno = 4
09-19 13:55:30.909 10728 10728 E C01707/CONCUR: [Interface] task 10854 apply qos failed, errno = 4
09-19 13:55:30.912 10728 10728 E C01707/CONCUR: [Interface] task 10855 apply qos failed, errno = 4
09-19 13:55:30.915 10728 10728 E C01707/CONCUR: [Interface] task 10853 apply qos failed, errno = 4
09-19 13:55:30.917 10728 10728 E C01707/CONCUR: [Interface] task 10854 apply qos failed, errno = 4
09-19 13:55:30.920 10728 10728 E C01707/CONCUR: [Interface] task 10855 apply qos failed, errno = 4
09-19 13:55:31.028 10728 10728 E C01707/CONCUR: [Interface] task 10853 apply qos failed, errno = 4
09-19 13:55:31.030 10728 10728 E C01707/CONCUR: [Interface] task 10854 apply qos failed, errno = 4
09-19 13:55:31.034 10728 10728 E C01707/CONCUR: [Interface] task 10855 apply qos failed, errno = 4
09-19 13:55:31.037 10728 10728 E C01707/CONCUR: [Interface] task 10853 apply qos failed, errno = 4
09-19 13:55:31.040 10728 10728 E C01707/CONCUR: [Interface] task 10854 apply qos failed, errno = 4
09-19 13:55:31.043 10728 10728 E C01707/CONCUR: [Interface] task 10855 apply qos failed, errno = 4
09-19 13:55:31.159 10728 10728 E C01707/CONCUR: [Interface] task 10853 apply qos failed, errno = 4
09-19 13:55:31.160 10728 10728 E C01707/CONCUR: [Interface] task 10854 apply qos failed, errno = 4
09-19 13:55:31.166 10728 10728 E C01707/CONCUR: [Interface] task 10855 apply qos failed, errno = 4
09-19 13:55:31.170 10728 10728 E C01707/CONCUR: [Interface] task 10853 apply qos failed, errno = 4
09-19 13:55:31.173 10728 10728 E C01707/CONCUR: [Interface] task 10854 apply qos failed, errno = 4
09-19 13:55:31.175 10728 10728 E C01707/CONCUR: [Interface] task 10855 apply qos failed, errno = 4
09-19 13:55:31.290 10728 10728 E C01707/CONCUR: [Interface] task 10853 apply qos failed, errno = 4
09-19 13:55:31.292 10728 10728 E C01707/CONCUR: [Interface] task 10854 apply qos failed, errno = 4
09-19 13:55:31.295 10728 10728 E C01707/CONCUR: [Interface] task 10855 apply qos failed, errno = 4
09-19 13:55:31.300 10728 10728 E C01707/CONCUR: [Interface] task 10853 apply qos failed, errno = 4
09-19 13:55:31.302 10728 10728 E C01707/CONCUR: [Interface] task 10854 apply qos failed, errno = 4
09-19 13:55:31.305 10728 10728 E C01707/CONCUR: [Interface] task 10855 apply qos failed, errno = 4
09-19 13:55:31.418 10728 10728 E C01707/CONCUR: [Interface] task 10853 apply qos failed, errno = 4
09-19 13:55:31.420 10728 10728 E C01707/CONCUR: [Interface] task 10854 apply qos failed, errno = 4
09-19 13:55:31.423 10728 10728 E C01707/CONCUR: [Interface] task 10855 apply qos failed, errno = 4
09-19 13:55:31.426 10728 10728 E C01707/CONCUR: [Interface] task 10853 apply qos failed, errno = 4
09-19 13:55:31.429 10728 10728 E C01707/CONCUR: [Interface] task 10854 apply qos failed, errno = 4
09-19 13:55:31.431 10728 10728 E C01707/CONCUR: [Interface] task 10855 apply qos failed, errno = 4
09-19 13:55:31.544 10728 10728 E C01707/CONCUR: [Interface] task 10853 apply qos failed, errno = 4
09-19 13:55:31.547 10728 10728 E C01707/CONCUR: [Interface] task 10854 apply qos failed, errno = 4
09-19 13:55:31.550 10728 10728 E C01707/CONCUR: [Interface] task 10855 apply qos failed, errno = 4
09-19 13:55:31.553 10728 10728 E C01707/CONCUR: [Interface] task 10853 apply qos failed, errno = 4
09-19 13:55:31.555 10728 10728 E C01707/CONCUR: [Interface] task 10854 apply qos failed, errno = 4
09-19 13:55:31.558 10728 10728 E C01707/CONCUR: [Interface] task 10855 apply qos failed, errno = 4
09-19 13:55:31.672 10728 10728 E C01707/CONCUR: [Interface] task 10853 apply qos failed, errno = 4
09-19 13:55:31.674 10728 10728 E C01707/CONCUR: [Interface] task 10854 apply qos failed, errno = 4
09-19 13:55:31.676 10728 10728 E C01707/CONCUR: [Interface] task 10855 apply qos failed, errno = 4
09-19 13:55:31.681 10728 10728 E C01707/CONCUR: [Interface] task 10853 apply qos failed, errno = 4
09-19 13:55:31.683 10728 10728 E C01707/CONCUR: [Interface] task 10854 apply qos failed, errno = 4
09-19 13:55:31.686 10728 10728 E C01707/CONCUR: [Interface] task 10855 apply qos failed, errno = 4
09-19 13:55:31.719 10728 10728 E C01707/CONCUR: [Interface] task 10853 apply qos failed, errno = 4
09-19 13:55:31.721 10728 10728 E C01707/CONCUR: [Interface] task 10854 apply qos failed, errno = 4
09-19 13:55:31.724 10728 10728 E C01707/CONCUR: [Interface] task 10855 apply qos failed, errno = 4
09-19 13:55:31.728 10728 10728 E C01707/CONCUR: [Interface] task 10853 apply qos failed, errno = 4
09-19 13:55:31.731 10728 10728 E C01707/CONCUR: [Interface] task 10854 apply qos failed, errno = 4
09-19 13:55:31.733 10728 10728 E C01707/CONCUR: [Interface] task 10855 apply qos failed, errno = 4
09-19 13:55:31.766 10728 10728 E C01707/CONCUR: [Interface] task 10853 apply qos failed, errno = 4
09-19 13:55:31.768 10728 10728 E C01707/CONCUR: [Interface] task 10854 apply qos failed, errno = 4
09-19 13:55:31.771 10728 10728 E C01707/CONCUR: [Interface] task 10855 apply qos failed, errno = 4
09-19 13:55:31.773 10728 10728 E C01707/CONCUR: [Interface] task 10853 apply qos failed, errno = 4
09-19 13:55:31.776 10728 10728 E C01707/CONCUR: [Interface] task 10854 apply qos failed, errno = 4
09-19 13:55:31.778 10728 10728 E C01707/CONCUR: [Interface] task 10855 apply qos failed, errno = 4
09-19 13:55:33.098 10728 10728 E C01707/CONCUR: [Interface] task 10853 apply qos failed, errno = 4
09-19 13:55:33.137 10728 10728 E C01707/CONCUR: [Interface] task 10854 apply qos failed, errno = 4
09-19 13:55:33.139 10728 10728 E C01707/CONCUR: [Interface] task 10855 apply qos failed, errno = 4
09-19 13:55:33.142 10728 10728 E C01707/CONCUR: [Interface] task 10853 apply qos failed, errno = 4
09-19 13:55:33.145 10728 10728 E C01707/CONCUR: [Interface] task 10854 apply qos failed, errno = 4
09-19 13:55:33.147 10728 10728 E C01707/CONCUR: [Interface] task 10855 apply qos failed, errno = 4
09-19 13:55:33.147 10728 10728 I C03f00/ArkCompiler: [gc] Has checked a long time gc
09-19 13:55:33.147 10728 10728 I C03f00/ArkCompiler: [gc]  [ HPP YoungGC ] 25.4541 (28.25) -> 10.3335 (12.75) MB, 53.527(+0.204)ms, GCReason: ConcurrentMark finished, MarkReason: Memory reach limit
09-19 13:55:33.147 10728 10728 I C03f00/ArkCompiler: [gc] IsInBackground: 0; SensitiveStatus: 0; StartupStatus: 0; BundleName: com.example.callaite; Young: 524288; Old: 2621440; TotalCommit13369344
09-19 13:55:33.147 10728 10728 I C03f00/ArkCompiler: [gc] /***************** GC Duration statistic: ****************/
09-19 13:55:33.147 10728 10728 I C03f00/ArkCompiler: [gc] TotalGC:                 53.527  ms
09-19 13:55:33.147 10728 10728 I C03f00/ArkCompiler: Initialize:              0       ms
09-19 13:55:33.147 10728 10728 I C03f00/ArkCompiler: Mark:                    0.075   ms
09-19 13:55:33.147 10728 10728 I C03f00/ArkCompiler: MarkRoots:               0.068   ms
09-19 13:55:33.147 10728 10728 I C03f00/ArkCompiler: ConcurrentMark pause:    0.204   ms
09-19 13:55:33.147 10728 10728 I C03f00/ArkCompiler: WaitConcurrentMarkFinish:0.001   ms
09-19 13:55:33.147 10728 10728 I C03f00/ArkCompiler: ReMark:                  0.075   ms
09-19 13:55:33.147 10728 10728 I C03f00/ArkCompiler: ProcessSharedGCRSetWorkList:0       ms
09-19 13:55:33.147 10728 10728 I C03f00/ArkCompiler: Sweep:                   0       ms
09-19 13:55:33.147 10728 10728 I C03f00/ArkCompiler: ClearNativeObject:       0       ms
09-19 13:55:33.147 10728 10728 I C03f00/ArkCompiler: Evacuate:                0.545   ms
09-19 13:55:33.147 10728 10728 I C03f00/ArkCompiler: UpdateReference:         0.268   ms
09-19 13:55:33.147 10728 10728 I C03f00/ArkCompiler: UpdateWeekRef:           0.082   ms
09-19 13:55:33.147 10728 10728 I C03f00/ArkCompiler: UpdateRoot:              0.101   ms
09-19 13:55:33.147 10728 10728 I C03f00/ArkCompiler: ProceeWorkload:          0       ms
09-19 13:55:33.147 10728 10728 I C03f00/ArkCompiler: EvacuateSpace:           0.253   ms
09-19 13:55:33.147 10728 10728 I C03f00/ArkCompiler: EvacuateRegion:          0.032   ms
09-19 13:55:33.147 10728 10728 I C03f00/ArkCompiler: WaitFinish:              0.074   ms
09-19 13:55:33.147 10728 10728 I C03f00/ArkCompiler: Finish:                  0.206   ms
09-19 13:55:33.147 10728 10728 I C03f00/ArkCompiler: [gc] /****************** GC Memory statistic: *****************/
09-19 13:55:33.147 10728 10728 I C03f00/ArkCompiler: [gc] AllSpaces        used: 10581.5KB     committed:   13056KB
09-19 13:55:33.147 10728 10728 I C03f00/ArkCompiler: ActiveSemiSpace  used:     372KB     committed:     512KB
09-19 13:55:33.147 10728 10728 I C03f00/ArkCompiler: OldSpace         used: 2077.38KB     committed:    2560KB
09-19 13:55:33.147 10728 10728 I C03f00/ArkCompiler: HugeObjectSpace  used:     512KB     committed:     512KB
09-19 13:55:33.147 10728 10728 I C03f00/ArkCompiler: NonMovableSpace  used: 1195.69KB     committed:    2816KB
09-19 13:55:33.147 10728 10728 I C03f00/ArkCompiler: AppSpawnSpace    used: 6168.39KB     committed:    6400KB
09-19 13:55:33.148 10728 10728 I C03f00/ArkCompiler: [gc] Anno memory usage size:  17.75   MB
09-19 13:55:33.148 10728 10728 I C03f00/ArkCompiler: Native memory usage size:1.54146 MB
09-19 13:55:33.148 10728 10728 I C03f00/ArkCompiler: NativeBindingSize:       1.49023 KB
09-19 13:55:33.148 10728 10728 I C03f00/ArkCompiler: NativeLimitSize:         67107.9 KB
09-19 13:55:33.148 10728 10728 I C03f00/ArkCompiler: ArrayBufferNativeSize:   0.0117188KB
09-19 13:55:33.148 10728 10728 I C03f00/ArkCompiler: ChunkNativeSize:         48      KB
09-19 13:55:33.148 10728 10728 I C03f00/ArkCompiler: [gc] Young copied rate:       0.0227051
09-19 13:55:33.148 10728 10728 I C03f00/ArkCompiler: Young promoted rate:     0       
09-19 13:55:33.148 10728 10728 I C03f00/ArkCompiler: Young survival rate:     0.0227051
09-19 13:55:33.148 10728 10728 I C03f00/ArkCompiler: [gc] /***************** GC summary statistic: *****************/
09-19 13:55:33.148 10728 10728 I C03f00/ArkCompiler: [gc] YoungGC occurs count     61      
09-19 13:55:33.148 10728 10728 I C03f00/ArkCompiler: YoungGC max pause:       53.527  ms
09-19 13:55:33.148 10728 10728 I C03f00/ArkCompiler: YoungGC min pause:       0.351   ms
09-19 13:55:33.148 10728 10728 I C03f00/ArkCompiler: YoungGC average pause:   2.48361 ms
09-19 13:55:33.148 10728 10728 I C03f00/ArkCompiler: Young average copied rate:0.0235735
09-19 13:55:33.148 10728 10728 I C03f00/ArkCompiler: Young average promoted rate:0.00613408
09-19 13:55:33.148 10728 10728 I C03f00/ArkCompiler: Young average survival rate:0.0297076
09-19 13:55:33.725 10728 10728 E C01707/CONCUR: [Interface] task 10853 apply qos failed, errno = 4
09-19 13:55:33.728 10728 10728 E C01707/CONCUR: [Interface] task 10854 apply qos failed, errno = 4
09-19 13:55:33.730 10728 10728 E C01707/CONCUR: [Interface] task 10855 apply qos failed, errno = 4
09-19 13:55:33.733 10728 10728 E C01707/CONCUR: [Interface] task 10853 apply qos failed, errno = 4
09-19 13:55:33.736 10728 10728 E C01707/CONCUR: [Interface] task 10854 apply qos failed, errno = 4
09-19 13:55:33.738 10728 10728 E C01707/CONCUR: [Interface] task 10855 apply qos failed, errno = 4
09-19 13:55:34.599 10728 10728 E C01707/CONCUR: [Interface] task 10853 apply qos failed, errno = 4
09-19 13:55:34.602 10728 10728 E C01707/CONCUR: [Interface] task 10854 apply qos failed, errno = 4
09-19 13:55:34.604 10728 10728 E C01707/CONCUR: [Interface] task 10855 apply qos failed, errno = 4
09-19 13:55:34.608 10728 10728 E C01707/CONCUR: [Interface] task 10853 apply qos failed, errno = 4
09-19 13:55:34.610 10728 10728 E C01707/CONCUR: [Interface] task 10854 apply qos failed, errno = 4
09-19 13:55:34.612 10728 10728 E C01707/CONCUR: [Interface] task 10855 apply qos failed, errno = 4
09-19 13:55:39.061 10728 10846 I C01310/AppDfr: [watchdog.cpp356]Thread may be blocked, not report time. currTime: 1789797339061, lastTime: 1789797332060
09-19 13:55:42.060 10728 10846 W C01310/AppDfr: [appfreeze_inner.cpp760]hisysevent write FREEZE_HALF_HIVIEW_LOG, pid:10728, packageName:, ret:0
09-19 13:55:42.060 10728 10846 W C02d06/XCollie: Sample freeze half file=freeze_20260919135542_10728.txt
09-19 13:55:42.060 10728 10846 I C01310/AppDfr: [appfreeze_inner.cpp595]start to sample freeze stack, eventName:THREAD_BLOCK_3S
09-19 13:55:42.060 10728 10846 W C01310/AppDfr: [appfreeze_inner.cpp627]submit reportAppFreeze, name:THREAD_BLOCK_3S, startTime:2026-09-19 13:55:42.060
09-19 13:55:42.060 10728 10846 E C02d06/XCollie: ThreadSampler initialize failed.
09-19 13:55:42.061 10728 10872 I C01201/EventHandler: EventHandler start dumper!
09-19 13:55:42.061 10728 10872 I C01201/EventHandler: EventHandler end dumper!
09-19 13:55:42.061 10728 10872 W C01310/AppDfr: [appfreeze_inner.cpp683]get mainhandler dump, eventName:THREAD_BLOCK_3S, endTime:2026-09-19 13:55:42.061, interval:0 ms
09-19 13:55:42.061 10728 10872 E C02d06/XCollie: no freeze callback
09-19 13:55:42.061 10728 10872 I C03f00/ArkCompiler: [ecmascript] GC statistic, count: 447, maxPause: 53.527, minPause: 0.345, averagePause: 1.33924, lastStartTime: 1789797342040, lastEndTime: 1789797342041, lastType: Local GC
09-19 13:55:42.061 10728 10872 I C01310/AppDfr: [appfreeze_inner.cpp388]heap info: HEAP_TOTAL_SIZE:27262976,HEAP_OBJECT_SIZE:24371120,HEAP_SHARED_SIZE:850256, process lifeTime: PROCESS_LIFETIME:16s
09-19 13:55:42.079 10728 10851 W C02d11/DfxUnwinder: Failed to step first frame, lr fallback
09-19 13:55:42.085 10728 10871 I C01310/AppDfr: [appfreeze_inner.cpp493]get main stack has finished less than 1s
09-19 13:55:42.085 10728 10871 W C01310/AppDfr: [appfreeze_inner.cpp788]NotifyAppFault:THREAD_BLOCK_3S, pid:10728, bundleName:com.example.callaite currentTime:2026-09-19 13:55:42.085, processExit:1 appfreezeInfo:freeze_20260919135542_10728.txt enbleMainThreadSample:0.
09-19 13:55:42.086 10728 10871 I C01311/AppMS: [app_mgr_proxy.cpp1740]called
09-19 13:55:42.169 10728 10950 W C057c1/IPCWorkThread: ThreadHandler: proto:0 policy:0 name:OS_IPC_4_10950 invoker:2665808
09-19 13:55:45.060 10728 10846 W C01310/AppDfr: [watchdog.cpp178]get hitrace id is invalid.
09-19 13:55:45.060 10728 10846 W C02d06/XCollie: get lastest freeze file: , interval: 6864203.
09-19 13:55:45.060 10728 10846 I C01310/AppDfr: [appfreeze_inner.cpp605]stop to sample freeze stack, eventName:THREAD_BLOCK_6S freezeFile: enbleMainThreadSample:0.
09-19 13:55:45.060 10728 10846 W C01310/AppDfr: [appfreeze_inner.cpp627]submit reportAppFreeze, name:THREAD_BLOCK_6S, startTime:2026-09-19 13:55:45.060
09-19 13:55:45.061 10728 10873 I C01201/EventHandler: EventHandler start dumper!
09-19 13:55:45.061 10728 10873 I C01201/EventHandler: EventHandler end dumper!
09-19 13:55:45.061 10728 10873 W C01310/AppDfr: [appfreeze_inner.cpp683]get mainhandler dump, eventName:THREAD_BLOCK_6S, endTime:2026-09-19 13:55:45.061, interval:0 ms
09-19 13:55:45.061 10728 10873 E C02d06/XCollie: no freeze callback
09-19 13:55:45.061 10728 10873 I C03f00/ArkCompiler: [ecmascript] GC statistic, count: 569, maxPause: 53.527, minPause: 0.345, averagePause: 1.17018, lastStartTime: 1789797345054, lastEndTime: 1789797345054, lastType: Local GC
09-19 13:55:45.061 10728 10873 I C01310/AppDfr: [appfreeze_inner.cpp388]heap info: HEAP_TOTAL_SIZE:17825792,HEAP_OBJECT_SIZE:15093488,HEAP_SHARED_SIZE:850256, process lifeTime: PROCESS_LIFETIME:19s
09-19 13:55:45.061 10728 10873 I C01336/AMS: [AMC1927]RecordAppWithReason pid:10728, uid:20020063, killId:2000
09-19 13:55:45.062 10728 10873 I C01310/AppDfr: [appfreeze_inner.cpp537]Record result=0, pid=10728, uid=20020063, killId=2000
09-19 13:55:45.062 10728 10873 W C01310/AppDfr: [appfreeze_inner.cpp788]NotifyAppFault:THREAD_BLOCK_6S, pid:10728, bundleName:com.example.callaite currentTime:2026-09-19 13:55:45.062, processExit:1 appfreezeInfo: enbleMainThreadSample:0.
09-19 13:55:45.063 10728 10873 I C01311/AppMS: [app_mgr_proxy.cpp1740]called
09-19 13:55:45.063 10728 10873 I C01356/Recovery: [app_recovery.cpp193]begin
09-19 13:55:45.063 10728 10873 E C01356/Recovery: [app_recovery.cpp180]not enabled
09-19 13:55:45.063 10728 10873 I C01356/Recovery: [app_recovery.cpp282]scheduleRecoverApp  begin
09-19 13:55:45.148 10728 10969 W C057c1/IPCWorkThread: ThreadHandler: proto:0 policy:0 name:OS_IPC_5_10969 invoker:2662352
catcher cmd: hilog -z 1000 -P end time: 2026/09/19-13:55:45:192
---------------------------------------------------

---------------------------------------------------
catcher cmd: hidumper --cpuusage start time: 2026/09/19-13:55:45:192

catcher cmd: hidumper --cpuusage 

-------------------------------[cpuusage]-------------------------------

Load average: 0.89 / 0.29 / 0.13; the cpu load average in 1 min, 5 min and 15 min
CPU usage from 2026-09-19 13:55:41 to 2026-09-19 13:55:45
Total: 19.36%; User Space: 17.58%; Kernel Space: 1.78%; iowait: 0.14%; irq: 0.07%; idle: 80.43%
Details of Processes:
    PID   Total Usage	   User Space    Kernel Space    Page Fault Minor    Page Fault Major    Name
    10728     25.79%          24.68%          1.11%           50363                   6            com.example.callaite
    135        9.23%           2.86%          6.37%           51687                4669            appspawn       
    129        0.70%           0.13%          0.57%         1167139                4961            hiview         
    1          0.63%           0.15%          0.48%           44008                 419            init           
    30         0.30%           0.00%          0.30%               0                   0            kauditd        
    108        0.21%           0.15%          0.06%          139179               18914            hilogd         
    8814       0.16%           0.00%          0.16%               0                   0            kworker/0:1-events
    730        0.13%           0.08%          0.05%         1842316               79429            foundation     
    233        0.12%           0.01%          0.11%            4810                  39            memmgrservice  
    454        0.10%           0.00%          0.10%           46254                1861            distributeddata
    514        0.08%           0.06%          0.01%             981                  28            sensor_host    
    8637       0.06%           0.05%          0.01%            9025                   0            hidumper_service
    10         0.05%           0.00%          0.05%               0                   0            rcu_sched      
    603        0.04%           0.03%          0.01%            1830                  23            sensors        
    1893       0.04%           0.03%          0.02%          459822               96720            com.ohos.sceneboard
    341        0.04%           0.02%          0.03%            3948                 678            file_monitor_service
    647        0.04%           0.00%          0.04%            5167                 925            powermgr       
    878        0.03%           0.01%          0.02%          864079                  16            hdcd           
    563        0.03%           0.00%          0.03%            1286                  75            composer_host  
    10665      0.03%           0.01%          0.01%            4336                  20            aimgr          
    278        0.03%           0.01%          0.01%           21530                3494            resource_schedule_service
    127        0.02%           0.01%          0.01%            3443                  80            samgr          
    447        0.02%           0.01%          0.01%            6634                 237            wifi_manager_service
    299        0.02%           0.01%          0.01%           35419                1893            netmanager     
    602        0.01%           0.01%          0.00%            6816                1012            softbus_server 
    360        0.01%           0.01%          0.00%            7352                1099            msdp           
    836        0.01%           0.01%          0.01%            9746                1597            CollaborationFwk
    815        0.01%           0.01%          0.01%            1956                  35            aps_manager    
    739        0.01%           0.01%          0.01%            1591                  19            drm_service    
    107        0.01%           0.01%          0.01%             622                  17            faultloggerd   
    1323       0.01%           0.00%          0.01%            2290                  33            nwebspawn      
    97         0.01%           0.00%          0.01%               0                   0            jbd2/vdd-8     
    10601      0.01%           0.01%          0.00%            2019                   0            installs       
    2717       0.01%           0.01%          0.00%            3306                   0            QemuParams     
    2000       0.01%           0.01%          0.00%           24600                 783            com.ohos.medialibrary.medialibrarydata
    1346       0.01%           0.01%          0.00%            1194                 262            com.huawei.hmos.location
    1340       0.01%           0.01%          0.00%            2742                 624            com.huawei.hmsapp.samplemanagement
    981        0.01%           0.01%          0.00%            3988                 750            deviceprofile  
    813        0.01%           0.01%          0.00%            4017                  89            av_session     
    697        0.01%           0.01%          0.00%           21177                  37            inputmethod_service
    656        0.01%           0.01%          0.00%            7351                  32            netsysnative   
    636        0.01%           0.01%          0.00%            1482                  58            privacy_service
    581        0.01%           0.01%          0.00%            1659                   9            ui_service     
    572        0.01%           0.01%          0.00%            2563                  64            useriam        
    458        0.01%           0.01%          0.00%            3198                 683            device_manager 
    313        0.01%           0.01%          0.00%           14298                2039            telephony      
    289        0.01%           0.01%          0.00%           14613                 260            accesstoken_service
    195        0.01%           0.01%          0.00%             812                   4            concurrent_task_service
    194        0.01%           0.01%          0.00%            6671                 342            audio_server   
    186        0.01%           0.01%          0.00%            9147                1250            accessibility  
    27169      0.01%           0.00%          0.01%               0                   0            kworker/1:3-events
    2046       0.01%           0.00%          0.01%           10105                 425            index_insert_service
    1941       0.01%           0.00%          0.01%            6400                 315            com.huawei.hmsapp.intelligent
    1915       0.01%           0.00%          0.01%           11804                 337            com.huawei.hms.adsservice
    1601       0.01%           0.00%          0.01%               0                   0            psimon         
    606        0.01%           0.00%          0.01%           31905                 112            security_guard 
    554        0.01%           0.00%          0.01%           12113                  30            power_host     
    395        0.01%           0.00%          0.01%            2298                  42            time_service   
    254        0.01%           0.00%          0.01%            1922                  25            resource_schedule_executor
    84         0.01%           0.00%          0.01%               0                   0            kworker/3:1H-kblockd
    69         0.01%           0.00%          0.01%               0                   0            snapshotd      
    9          0.01%           0.00%          0.01%               0                   0            ksoftirqd/0    
    32374      0.00%           0.00%          0.00%               0                   0            kworker/u8:1-flush-254:48
    27217      0.00%           0.00%          0.00%               0                   0            kworker/0:0-events
    27165      0.00%           0.00%          0.00%               0                   0            kworker/1:2-events
    27133      0.00%           0.00%          0.00%               0                   0            kworker/2:0-events
    10843      0.00%           0.00%          0.00%              63                   0            apppool        
    10690      0.00%           0.00%          0.00%            7292                   8            security_privacy_server
    10689      0.00%           0.00%          0.00%            1363                   0            secure_access_fence
    10688      0.00%           0.00%          0.00%            2204                  16            sandbox_manager_service
    10685      0.00%           0.00%          0.00%            1394                   0            app_fwk_update_service
    10631      0.00%           0.00%          0.00%            1835                  10            compatibility_config_center
    10625      0.00%           0.00%          0.00%            3588                   1            clouddevelopproxy
    7519       0.00%           0.00%          0.00%               0                   0            kworker/3:0-events
    7414       0.00%           0.00%          0.00%               0                   0            kworker/u8:0-ext4-rsv-conversion
    5515       0.00%           0.00%          0.00%               0                   0            kworker/u8:2-ext4-rsv-conversion
    5387       0.00%           0.00%          0.00%            1892                  17            cert_manager_service
    3557       0.00%           0.00%          0.00%               0                   0            kworker/3:2    
    3420       0.00%           0.00%          0.00%            6552                  28            atomicservice_ecological_rule_manager
    2793       0.00%           0.00%          0.00%            2442                 187            device_activate_service
    2728       0.00%           0.00%          0.00%            4070                 303            pasteboard_service
    2716       0.00%           0.00%          0.00%            3283                   0            QemuParams     
    2715       0.00%           0.00%          0.00%            3322                   1            QemuParams     
    2711       0.00%           0.00%          0.00%            3283                   0            QemuParams     
    2500       0.00%           0.00%          0.00%           11596                3206            com.ohos.sceneboard:EngineServiceAbility:1
    2160       0.00%           0.00%          0.00%           14515                 450            com.ohos.contactsdataability
    2099       0.00%           0.00%          0.00%             818                   3            deviceinfoservice
    1841       0.00%           0.00%          0.00%            5272                 300            appgallery_service
    1804       0.00%           0.00%          0.00%               0                   0            dfs_srv_wb3    
    1803       0.00%           0.00%          0.00%               0                   0            dfs_sb_wb3     
    1802       0.00%           0.00%          0.00%               0                   0            dfs_ino_wb3    
    1801       0.00%           0.00%          0.00%               0                   0            share_item_time
    1795       0.00%           0.00%          0.00%               0                   0            dfs_srv_wb2    
    1794       0.00%           0.00%          0.00%               0                   0            dfs_sb_wb2     
    1793       0.00%           0.00%          0.00%               0                   0            dfs_ino_wb2    
    1792       0.00%           0.00%          0.00%               0                   0            share_item_time
    1791       0.00%           0.00%          0.00%               0                   0            dfs_srv_wb1    
    1790       0.00%           0.00%          0.00%               0                   0            dfs_sb_wb1     
    1789       0.00%           0.00%          0.00%               0                   0            dfs_ino_wb1    
    1788       0.00%           0.00%          0.00%               0                   0            share_item_time
    1618       0.00%           0.00%          0.00%           13330                 786            com.huawei.hms.pushservice
    1370       0.00%           0.00%          0.00%            1923                  26            dcm_service    
    1369       0.00%           0.00%          0.00%            2463                  56            asset_service  
    1327       0.00%           0.00%          0.00%            2834                 656            com.huawei.emulatormultiscreen
    1193       0.00%           0.00%          0.00%             794                  17            location_host  
    1146       0.00%           0.00%          0.00%            1819                  37            wpa_host       
    1020       0.00%           0.00%          0.00%            8492                1101            locationhub    
    835        0.00%           0.00%          0.00%            4126                 102            accountmgr     
    797        0.00%           0.00%          0.00%            6376                 143            camera_service 
    792        0.00%           0.00%          0.00%            2588                  27            client_cloud_cache_service
    762        0.00%           0.00%          0.00%             465                   3            data_monitor_service
    729        0.00%           0.00%          0.00%          142422               66594            render_service 
    728        0.00%           0.00%          0.00%            5259                 169            hianalytics    
    716        0.00%           0.00%          0.00%            4146                 811            huawei_id_svc  
    681        0.00%           0.00%          0.00%            1993                  14            media_monitor  
    664        0.00%           0.00%          0.00%            9875                 297            media_service  
    617        0.00%           0.00%          0.00%            1154                   9            av_codec_service
    613        0.00%           0.00%          0.00%            1160                  10            pin_auth_host  
    561        0.00%           0.00%          0.00%            1042                   7            allocator_host 
    559        0.00%           0.00%          0.00%             770                   7            blue_host      
    558        0.00%           0.00%          0.00%             702                   4            usb_host       
    551        0.00%           0.00%          0.00%            1187                  39            wifi_host      
    545        0.00%           0.00%          0.00%             927                  35            audio_host     
    534        0.00%           0.00%          0.00%            1354                  41            camera_host    
    517        0.00%           0.00%          0.00%             649                   0            input_user_host
    498        0.00%           0.00%          0.00%             772                   7            vibrator_host  
    495        0.00%           0.00%          0.00%             773                   6            light_host     
    428        0.00%           0.00%          0.00%             865                  10            codec_host     
    423        0.00%           0.00%          0.00%             807                   9            face_auth_host 
    422        0.00%           0.00%          0.00%            1170                  25            user_auth_host 
    417        0.00%           0.00%          0.00%             755                  15            fingerprint_auth_host
    363        0.00%           0.00%          0.00%           15836                1974            push_manager_service
    314        0.00%           0.00%          0.00%            3753                 766            wallpaper_service
    235        0.00%           0.00%          0.00%            6803                 202            multimodalinput
    226        0.00%           0.00%          0.00%            3280                  45            huks_service   
    203        0.00%           0.00%          0.00%            1650                  23            dlp_credential_service_sa
    136        0.00%           0.00%          0.00%            3090                 348            QemuParams     
    133        0.00%           0.00%          0.00%             782                  13            hdf_devmgr     
    128        0.00%           0.00%          0.00%            1238                   7            param_watcher  
    123        0.00%           0.00%          0.00%            2284                  77            storage_daemon 
    122        0.00%           0.00%          0.00%            1716                  30            storage_manager
    100        0.00%           0.00%          0.00%            1408                   4            ueventd        
    98         0.00%           0.00%          0.00%               0                   0            ext4-rsv-conver
    93         0.00%           0.00%          0.00%               0                   0            ext4-rsv-conver
    92         0.00%           0.00%          0.00%               0                   0            ext4-rsv-conver
    91         0.00%           0.00%          0.00%               0                   0            ext4-rsv-conver
    85         0.00%           0.00%          0.00%               0                   0            cache_freed    
    83         0.00%           0.00%          0.00%               0                   0            ipv6_addrconf  
    82         0.00%           0.00%          0.00%               0                   0            kworker/0:1H-kblockd
    80         0.00%           0.00%          0.00%               0                   0            ion_system_heap
    77         0.00%           0.00%          0.00%               0                   0            scsi_tmf_1     
    76         0.00%           0.00%          0.00%               0                   0            scsi_eh_1      
    75         0.00%           0.00%          0.00%               0                   0            scsi_tmf_0     
    74         0.00%           0.00%          0.00%               0                   0            scsi_eh_0      
    73         0.00%           0.00%          0.00%               0                   0            kworker/2:1H-kblockd
    71         0.00%           0.00%          0.00%               0                   0            nfsiod         
    70         0.00%           0.00%          0.00%               0                   0            zswapd0        
    68         0.00%           0.00%          0.00%               0                   0            kswapd0        
    67         0.00%           0.00%          0.00%               0                   0            cfg80211       
    66         0.00%           0.00%          0.00%               0                   0            xprtiod        
    65         0.00%           0.00%          0.00%               0                   0            kworker/u9:0   
    64         0.00%           0.00%          0.00%               0                   0            rpciod         
    63         0.00%           0.00%          0.00%               0                   0            kworker/1:1H-kblockd
    62         0.00%           0.00%          0.00%               0                   0            ata_sff        
    61         0.00%           0.00%          0.00%               0                   0            kblockd        
    46         0.00%           0.00%          0.00%               0                   0            kworker/2:1-events
    35         0.00%           0.00%          0.00%               0                   0            kcompactd0     
    34         0.00%           0.00%          0.00%               0                   0            writeback      
    33         0.00%           0.00%          0.00%               0                   0            oom_reaper     
    29         0.00%           0.00%          0.00%               0                   0            netns          
    28         0.00%           0.00%          0.00%               0                   0            kdevtmpfs      
    27         0.00%           0.00%          0.00%               0                   0            kworker/3:0H-events_highpri
    25         0.00%           0.00%          0.00%               0                   0            ksoftirqd/3    
    24         0.00%           0.00%          0.00%               0                   0            migration/3    
    23         0.00%           0.00%          0.00%               0                   0            cpuhp/3        
    22         0.00%           0.00%          0.00%               0                   0            kworker/2:0H-kblockd
    20         0.00%           0.00%          0.00%               0                   0            ksoftirqd/2    
    19         0.00%           0.00%          0.00%               0                   0            migration/2    
    18         0.00%           0.00%          0.00%               0                   0            cpuhp/2        
    17         0.00%           0.00%          0.00%               0                   0            kworker/1:0H-events_highpri
    15         0.00%           0.00%          0.00%               0                   0            ksoftirqd/1    
    14         0.00%           0.00%          0.00%               0                   0            migration/1    
    13         0.00%           0.00%          0.00%               0                   0            cpuhp/1        
    12         0.00%           0.00%          0.00%               0                   0            cpuhp/0        
    11         0.00%           0.00%          0.00%               0                   0            migration/0    
    8          0.00%           0.00%          0.00%               0                   0            mm_percpu_wq   
    6          0.00%           0.00%          0.00%               0                   0            kworker/0:0H-events_highpri
    4          0.00%           0.00%          0.00%               0                   0            rcu_par_gp     
    3          0.00%           0.00%          0.00%               0                   0            rcu_gp         
    2          0.00%           0.00%          0.00%               0                   0            kthreadd       
catcher cmd: hidumper --cpuusage end time: 2026/09/19-13:55:45:981
---------------------------------------------------

---------------------------------------------------
CpuCoreInfoCatcher -- start time: 2026/09/19-13:55:45:981

CpuCoreInfoCatcher --

cpu, userUsage=0.186240

cpu0, userUsage=0.015521

cpu1, userUsage=0.004367

cpu2, userUsage=0.401515

cpu3, userUsage=0.385224

cpu0, cpuFreq=0, minFreq=0, maxFreq=0

cpu1, cpuFreq=0, minFreq=0, maxFreq=0

cpu2, cpuFreq=0, minFreq=0, maxFreq=0

cpu3, cpuFreq=0, minFreq=0, maxFreq=0

---------------------------------------------------
collect StabilityGetTempFreqInfo start time: 2026/09/19-13:55:45:990

Freq: bigCur: , bigMax: , midCur: , midMax: , litCur: , litMax: 
IPA: 

collect StabilityGetTempFreqInfo end time: 2026/09/19-13:55:45:990
---------------------------------------------------
CpuCoreInfoCatcher -- end time: 2026/09/19-13:55:45:990
---------------------------------------------------

---------------------------------------------------
MemoryCatcher -- start time: 2026/09/19-13:55:45:990

MemoryCatcher --

Get freeze memory start time: 2026-09-19 13:55:45.063
some avg10=0.00 avg60=0.00 avg300=0.00 total=3242890
full avg10=0.00 avg60=0.00 avg300=0.00 total=717904
MemTotal:        4025340 kB
MemFree:         2041152 kB
MemAvailable:    2689660 kB
Buffers:            7480 kB
Cached:           681624 kB
SwapCached:        27188 kB
Active:           562096 kB
Inactive:        1020504 kB
Active(anon):      63980 kB
Inactive(anon):   849672 kB
Active(file):     498116 kB
Inactive(file):   170832 kB
Unevictable:           0 kB
Mlocked:               0 kB
SwapTotal:       2097148 kB
SwapFree:        1891068 kB
Dirty:               312 kB
Writeback:             0 kB
AnonPages:        881908 kB
Mapped:           338928 kB
Shmem:             20156 kB
KReclaimable:      45632 kB
Slab:             124476 kB
SReclaimable:      45632 kB
SUnreclaim:        78844 kB
KernelStack:       20000 kB
PageTables:        36624 kB
NFS_Unstable:          0 kB
Bounce:                0 kB
WritebackTmp:          0 kB
CommitLimit:     4109816 kB
Committed_AS:   26778000 kB
VmallocTotal:   34359738367 kB
VmallocUsed:       90960 kB
VmallocChunk:          0 kB
Percpu:             1440 kB
DirectMap4k:       24388 kB
DirectMap2M:     4169728 kB
Get freeze memory end time: 2026-09-19 13:55:45.063
don't collect ashmem dmaheap gpumem
MemoryCatcher -- end time: 2026/09/19-13:55:45:994
---------------------------------------------------

---------------------------------------------------
catcher cmd: hidumper -s 1910 -a DumpAppMap start time: 2026/09/19-13:55:45:994

catcher cmd: hidumper -s 1910 -a DumpAppMap 
catcher cmd: hidumper -s 1910 -a DumpAppMap end time: 2026/09/19-13:55:46:005
---------------------------------------------------

---------------------------------------------------
ThermalInfoCatcher -- start time: 2026/09/19-13:55:46:006

ThermalInfoCatcher --

ThermalLevel info: 0
ThermalInfoCatcher -- end time: 2026/09/19-13:55:46:010
---------------------------------------------------

---------------------------------------------------
SummaryLogInfoCatcher -- start time: 2026/09/19-13:55:46:010

SummaryLogInfoCatcher --

SummaryLogInfoCatcher -- end time: 2026/09/19-13:55:46:013
---------------------------------------------------


Catcher log total time is 858ms
