Generated by HiviewDFX@OpenHarmony
================================================================
Device info:emulator
Build info:emulator 7.0.0.106(SP1DEVC00E999R4P11)
DeviceDebuggable:No
Fingerprint:f50bd7318163ad1c85897fd394bd39fe69e14b43b2940c96da5f5f13eea2a4be
Module name:com.example.callaite
ReleaseType:debug
CpuAbi:x86_64
Version:1.0.0
VersionCode:1000000
IsSystemApp:No
PreInstalled:No
Foreground:Yes
Pid:4927
Uid:20020063
App running unique id:12059308934918674711
Process life time:3684s
Process Memory(kB): 203968(Rss)
Device Memory(kB): Total 4025340, Free 2160708, Available 2818192
Reason:THREAD_BLOCK_6S
appfreeze: com.example.callaite THREAD_BLOCK_6S at 20260919161233
DisplayPowerInfo:powerState:AWAKE
Page switch history:
  16:12:17.489 :enters foreground
>>>>>>>>>>>>>>>>>>>>>>>>>>>>>>>>>>>>>>>>>>>
DOMAIN:AAFWK
STRINGID:THREAD_BLOCK_6S
TIMESTAMP:2026/09/19-16:12:33:350
PID:4927
UID:20020063
PACKAGE_NAME:com.example.callaite
PROCESS_NAME:com.example.callaite

*******************************************
start time: 2026/09/19-16:12:30:366
DOMAIN = AAFWK
EVENTNAME = THREAD_BLOCK_3S
TIMESTAMP = 2026/09/19-16:12:30:364
PID = 4927
UID = 20020063
TID = 4927
PACKAGE_NAME = com.example.callaite
PROCESS_NAME = com.example.callaite
eventLog_action = ffrt,t,GpuStack,cmd:m,hot
eventLog_interval = 10
this thread has blocked 3000ms.
IS_FROZEN = 0
MainHeap(bytes): Used 16898040, Total 19660800
SharedHeap(bytes): Used 850224, Total 815792128
GC Status: count 398, maxPause 21.965ms, minPause 0.382ms, averagePause 1.55208ms, lastStartTime 2026/09/19-16:12:30.203, lastEndTime 2026/09/19-16:12:30.203, lastType Local GC
I/O(bytes): rchar 1270184, wchar 60763, syscr 313, syscw 631, read_bytes 0, write_bytes 69632, cancelled_write_bytes 32768
MSG = 
Fault time:2026/09/19-16:12:30
App main thread is not response!

Main handler dump start time: 2026-09-19 16:12:30.218
mainHandler dump is:
 EventHandler dump begin curTime: 2026-09-19 16:12:30.218
 Event runner (Thread name = , Thread ID = 4927) is running
 Current Running: start at 2026-09-19 16:12:17.669, Event { send thread = 4927, send time = 2026-09-19 16:12:17.669, handle time = 2026-11-08 09:15:04.963, trigger time = 2026-09-19 16:12:17.669, task name = vSyncTask, caller = [event_queue.cpp(PostTaskForVsync:235)] }
 History event queue information:
 No. 0 : Event { send thread = 4927, send time = 2026-09-19 16:12:17.567, handle time = 2026-09-19 16:12:17.567, trigger time = 2026-09-19 16:12:17.579, completeTime time = 2026-09-19 16:12:17.666, priority = Low, task name = ArkUIRunPageUrl, caller = [task_runner_adapter_impl.cpp(PostTask:35)] }
 No. 1 : Event { send thread = 19104, send time = 2026-09-19 16:12:17.649, handle time = 2026-09-19 16:12:17.649, trigger time = 2026-09-19 16:12:17.666, completeTime time = 2026-09-19 16:12:17.667, priority = Immediate, task name = GetBundleInfoForSelf, caller = [ohos_js_environment_impl.cpp(PostTaskToHandler:72)] }
 No. 2 : Event { send thread = 19081, send time = 2026-09-19 16:12:17.628, handle time = 2026-09-19 16:12:17.628, trigger time = 2026-09-19 16:12:17.667, completeTime time = 2026-09-19 16:12:17.668, priority = High, task name = JsWindowManager::OnGetTopWindow, caller = [ohos_js_environment_impl.cpp(PostTaskToHandler:72)] }
 No. 3 : Event { send thread = 4927, send time = 2026-09-19 16:12:17.567, handle time = 2026-09-19 16:12:17.567, trigger time = 2026-09-19 16:12:17.668, completeTime time = 2026-09-19 16:12:17.668, priority = Low, task name = ArkUISetSingleHandTransform, caller = [task_runner_adapter_impl.cpp(PostTask:35)] }
 No. 4 : Event { send thread = 4927, send time = 2026-09-19 16:12:17.567, handle time = 2026-09-19 16:12:17.567, trigger time = 2026-09-19 16:12:17.668, completeTime time = 2026-09-19 16:12:17.668, priority = Low, task name = ArkUIStatusBarItemColor, caller = [task_runner_adapter_impl.cpp(PostTask:35)] }
 No. 5 : Event { send thread = 4927, send time = 2026-09-19 16:12:17.568, handle time = 2026-09-19 16:12:17.568, trigger time = 2026-09-19 16:12:17.668, completeTime time = 2026-09-19 16:12:17.668, priority = Low, task name = ArkUINotifyWindowMode, caller = [task_runner_adapter_impl.cpp(PostTask:35)] }
 No. 6 : Event { send thread = 4927, send time = 2026-09-19 16:12:17.572, handle time = 2026-09-19 16:12:17.572, trigger time = 2026-09-19 16:12:17.668, completeTime time = 2026-09-19 16:12:17.668, priority = Low, task name = ArkUIUpdateBrightness, caller = [task_runner_adapter_impl.cpp(PostTask:35)] }
 No. 7 : Event { send thread = 4927, send time = 2026-09-19 16:12:17.572, handle time = 2026-09-19 16:12:17.572, trigger time = 2026-09-19 16:12:17.668, completeTime time = 2026-09-19 16:12:17.668, priority = Low, task name = ArkUIUpdateViewportConfig, caller = [task_runner_adapter_impl.cpp(PostTask:35)] }
 No. 8 : Event { send thread = 4927, send time = 2026-09-19 16:12:17.572, handle time = 2026-09-19 16:12:17.572, trigger time = 2026-09-19 16:12:17.668, completeTime time = 2026-09-19 16:12:17.668, priority = Low, task name = ArkUIUpdateSessionViewportConfig, caller = [task_runner_adapter_impl.cpp(PostTask:35)] }
 No. 9 : Event { send thread = 4927, send time = 2026-09-19 16:12:17.572, handle time = 2026-09-19 16:12:17.572, trigger time = 2026-09-19 16:12:17.668, completeTime time = 2026-09-19 16:12:17.668, priority = Low, task name = ArkUIFrontendActive, caller = [task_runner_adapter_impl.cpp(PostTask:35)] }
 No. 10 : Event { send thread = 4927, send time = 2026-09-19 16:12:17.572, handle time = 2026-09-19 16:12:17.572, trigger time = 2026-09-19 16:12:17.668, completeTime time = 2026-09-19 16:12:17.668, priority = Low, task name = ArkUIWindowFocus, caller = [task_runner_adapter_impl.cpp(PostTask:35)] }
 No. 11 : Event { send thread = 4927, send time = 2026-09-19 16:12:17.572, handle time = 2026-09-19 16:12:17.572, trigger time = 2026-09-19 16:12:17.668, completeTime time = 2026-09-19 16:12:17.668, priority = Low, task name = ArkUISetOnWindowFocusedCallback, caller = [task_runner_adapter_impl.cpp(PostTask:35)] }
 No. 12 : Event { send thread = 4927, send time = 2026-09-19 16:12:17.572, handle time = 2026-09-19 16:12:17.572, trigger time = 2026-09-19 16:12:17.668, completeTime time = 2026-09-19 16:12:17.669, priority = Low, task name = ArkUIFrontendActive, caller = [task_runner_adapter_impl.cpp(PostTask:35)] }
 No. 13 : Event { send thread = 4927, send time = 2026-09-19 16:12:17.572, handle time = 2026-09-19 16:12:17.572, trigger time = 2026-09-19 16:12:17.669, completeTime time = 2026-09-19 16:12:17.669, priority = Low, task name = ArkUIWindowActivate, caller = [task_runner_adapter_impl.cpp(PostTask:35)] }
 No. 14 : Event { send thread = 4927, send time = 2026-09-19 16:12:17.576, handle time = 2026-09-19 16:12:17.576, trigger time = 2026-09-19 16:12:17.669, completeTime time = 2026-09-19 16:12:17.669, priority = Low, task name = ArkUIWindowRectChange, caller = [task_runner_adapter_impl.cpp(PostTask:35)] }
 No. 15 : Event { send thread = 4927, send time = 2026-09-19 16:12:17.577, handle time = 2026-09-19 16:12:17.577, trigger time = 2026-09-19 16:12:17.669, completeTime time = 2026-09-19 16:12:17.669, priority = Low, task name = ArkUIUpdateOriginAvoidAreaAndExecuteKeyboardAvoid, caller = [task_runner_adapter_impl.cpp(PostTask:35)] }
 No. 16 : Event { send thread = 4927, send time = 2026-09-19 16:12:17.579, handle time = 2026-09-19 16:12:17.579, trigger time = 2026-09-19 16:12:17.669, completeTime time = 2026-09-19 16:12:17.669, priority = Low, task name = ArkUIUpdateOriginAvoidAreaAndExecuteKeyboardAvoid, caller = [task_runner_adapter_impl.cpp(PostTask:35)] }
 No. 17 : Event { send thread = 4927, send time = 2026-09-19 16:12:17.571, handle time = 2026-09-19 16:12:17.622, trigger time = 2026-09-19 16:12:17.669, completeTime time = 2026-09-19 16:12:17.669, priority = Low, task name = ArkUIIdleTask, caller = [task_runner_adapter_impl.cpp(PostDelayedTask:46)] }
 No. 18 : Event { send thread = 4927, send time = 2026-09-19 16:12:17.669, handle time = 2026-11-08 09:15:04.963, trigger time = 2026-09-19 16:12:17.669, completeTime time = , priority = VIP, task name = vSyncTask, caller = [event_queue.cpp(PostTaskForVsync:235)] }
 No. 19 : Event { send thread = 4927, send time = 2026-09-19 16:12:17.539, handle time = 2026-09-19 16:12:17.539, trigger time = 2026-09-19 16:12:17.578, completeTime time = 2026-09-19 16:12:17.578, priority = Low, task name = ArkUISetThreadPriority, caller = [task_runner_adapter_impl.cpp(PostTask:35)] }
 No. 20 : Event { send thread = 4927, send time = 2026-09-19 16:12:17.539, handle time = 2026-09-19 16:12:17.539, trigger time = 2026-09-19 16:12:17.578, completeTime time = 2026-09-19 16:12:17.578, priority = Low, task name = ArkUISetThreadPriority, caller = [task_runner_adapter_impl.cpp(PostTask:35)] }
 No. 21 : Event { send thread = 4927, send time = 2026-09-19 16:12:17.539, handle time = 2026-09-19 16:12:17.539, trigger time = 2026-09-19 16:12:17.578, completeTime time = 2026-09-19 16:12:17.578, priority = Low, task name = ArkUIFillTaskTypeTable, caller = [task_runner_adapter_impl.cpp(PostTask:35)] }
 No. 22 : Event { send thread = 4927, send time = 2026-09-19 16:12:17.539, handle time = 2026-09-19 16:12:17.539, trigger time = 2026-09-19 16:12:17.578, completeTime time = 2026-09-19 16:12:17.578, priority = Low, task name = ArkUIFillTaskTypeTable, caller = [task_runner_adapter_impl.cpp(PostTask:35)] }
 No. 23 : Event { send thread = 4927, send time = 2026-09-19 16:12:17.539, handle time = 2026-09-19 16:12:17.539, trigger time = 2026-09-19 16:12:17.578, completeTime time = 2026-09-19 16:12:17.578, priority = Low, task name = ArkUIFillTaskTypeTable, caller = [task_runner_adapter_impl.cpp(PostTask:35)] }
 No. 24 : Event { send thread = 4927, send time = 2026-09-19 16:12:17.539, handle time = 2026-09-19 16:12:17.539, trigger time = 2026-09-19 16:12:17.578, completeTime time = 2026-09-19 16:12:17.578, priority = Low, task name = ArkUIFillTaskTypeTable, caller = [task_runner_adapter_impl.cpp(PostTask:35)] }
 No. 25 : Event { send thread = 4927, send time = 2026-09-19 16:12:17.540, handle time = 2026-09-19 16:12:17.540, trigger time = 2026-09-19 16:12:17.578, completeTime time = 2026-09-19 16:12:17.578, priority = Low, task name = ArkUISetJsMessageDispatcher, caller = [task_runner_adapter_impl.cpp(PostTask:35)] }
 No. 26 : Event { send thread = 4927, send time = 2026-09-19 16:12:17.541, handle time = 2026-09-19 16:12:17.541, trigger time = 2026-09-19 16:12:17.578, completeTime time = 2026-09-19 16:12:17.578, priority = Low, task name = ArkUIPageSwitchLogStatusChanged, caller = [task_runner_adapter_impl.cpp(PostTask:35)] }
 No. 27 : Event { send thread = 4927, send time = 2026-09-19 16:12:17.556, handle time = 2026-09-19 16:12:17.556, trigger time = 2026-09-19 16:12:17.578, completeTime time = 2026-09-19 16:12:17.578, priority = Low, task name = ArkUIFrontendActive, caller = [task_runner_adapter_impl.cpp(PostTask:35)] }
 No. 28 : Event { send thread = 4927, send time = 2026-09-19 16:12:17.556, handle time = 2026-09-19 16:12:17.556, trigger time = 2026-09-19 16:12:17.578, completeTime time = 2026-09-19 16:12:17.578, priority = Low, task name = ArkUIWindowFocus, caller = [task_runner_adapter_impl.cpp(PostTask:35)] }
 No. 29 : Event { send thread = 19108, send time = 2026-09-19 16:12:17.563, handle time = 2026-09-19 16:12:17.563, trigger time = 2026-09-19 16:12:17.578, completeTime time = 2026-09-19 16:12:17.579, priority = Low, task name = WMS_WindowSessionImpl_UpdateRectForOtherReason, caller = [window_session_impl.cpp(UpdateRectForOtherReason:1693)] }
 No. 30 : Event { send thread = 4927, send time = 2026-09-19 16:12:17.578, handle time = 2026-09-19 16:12:17.578, trigger time = 2026-09-19 16:12:17.579, completeTime time = 2026-09-19 16:12:17.579, priority = VIP, task name = UpdateDisplayValid5, caller = [native_event.cpp(SendEventByEventHandler:322)] }
 No. 31 : Event { send thread = 4927, send time = 2026-09-19 16:12:17.567, handle time = 2026-09-19 16:12:17.567, trigger time = 2026-09-19 16:12:17.579, completeTime time = 2026-09-19 16:12:17.579, priority = Low, task name = ArkUIParseI18nJsonInfo, caller = [task_runner_adapter_impl.cpp(PostTask:35)] }
 VIP priority event queue information:
 No.1 : Event { send thread = 19073, send time = 2026-09-19 16:12:20.219, handle time = 2026-09-19 16:12:20.219, id = 1, caller = [watchdog.cpp(Timer:303)] }
 No.2 : Event { send thread = 19073, send time = 2026-09-19 16:12:27.217, handle time = 2026-09-19 16:12:27.217, id = 1, caller = [watchdog.cpp(Timer:303)] }
 No.3 : Event { send thread = 19073, send time = 2026-09-19 16:12:30.218, handle time = 2026-09-19 16:12:30.218, id = 1, caller = [watchdog.cpp(Timer:303)] }
 Total size of VIP events : 3
 Immediate priority event queue information:
 Total size of Immediate events : 0
 High priority event queue information:
 No.1 : Event { send thread = 4927, send time = 2026-09-19 16:12:17.669, handle time = 2026-09-19 16:12:17.669, task name = uvLoopTask, caller = [event_queue.cpp(HandleFileDescriptorEvent:313)] }
 Total size of High events : 1
 Low priority event queue information:
 No.1 : Event { send thread = 4927, send time = 2026-09-19 16:12:17.675, handle time = 2026-09-19 16:12:17.726, task name = ArkUIIdleTask, caller = [task_runner_adapter_impl.cpp(PostDelayedTask:46)] }
 No.2 : Event { send thread = 4927, send time = 2026-09-19 16:12:17.675, handle time = 2026-09-19 16:12:18.175, task name = ArkUIVsyncTimeoutCheck, caller = [task_runner_adapter_impl.cpp(PostDelayedTask:46)] }
 No.3 : Event { send thread = 4927, send time = 2026-09-19 16:12:17.675, handle time = 2026-09-19 16:12:18.275, task name = vsync_time_out_task_21161303867393, caller = [vsync_station.cpp(RequestVsync:148)] }
 No.4 : Event { send thread = 4927, send time = 2026-09-19 16:12:17.302, handle time = 2026-09-19 16:12:18.302, task name = AppRecovery:AddAbility, caller = [app_recovery.cpp(AddAbility:133)] }
 No.5 : Event { send thread = 4927, send time = 2026-09-19 16:12:17.666, handle time = 2026-09-19 16:12:19.666, task name = ExtensionTransparentDetector, caller = [task_runner_adapter_impl.cpp(PostDelayedTask:46)] }
 No.6 : Event { send thread = 4927, send time = 2026-09-19 16:12:17.675, handle time = 2026-09-19 16:12:20.675, task name = ArkUIVsyncTimeoutCheck, caller = [task_runner_adapter_impl.cpp(PostDelayedTask:46)] }
 No.7 : Event { send thread = 4927, send time = 2026-09-19 16:12:17.624, handle time = 2026-09-19 16:12:22.624, task name = TriggerModuleSerializer, caller = [task_runner_adapter_impl.cpp(PostDelayedTask:46)] }
 Total size of Low events : 7
 Idle priority event queue information:
 No.1 : Event { send thread = 19088, send time = 2026-09-19 16:12:17.771, handle time = 2026-09-19 16:12:17.771, task name = uv_io_cb, caller = [ohos_js_environment_impl.cpp(PostTaskToHandler:72)] }
 No.2 : Event { send thread = 19088, send time = 2026-09-19 16:12:18.018, handle time = 2026-09-19 16:12:18.018, task name = uv_io_cb, caller = [ohos_js_environment_impl.cpp(PostTaskToHandler:72)] }
 Total size of Idle events : 2
 Total event size : 13
Main handler dump end time: 2026-09-19 16:12:30.218

Catche stack trace start time: 2026-09-19 16:12:30.245

Tid:4927, Name:xample.callaite
state=R, utime=1219, stime=66, priority=10, nice=-10, clk=100
#00 pc 000000000103f9b6 /system/lib64/module/arkcompiler/stub.an(BCStub_HandleCallRuntimeIsfalsePrefImm8StwCopy+6)
#01 pc 00007fc1c37623ef Not mapped
Tid:19071, Name:OS_IPC_0_19071
state=S, utime=0, stime=0, priority=0, nice=-20, clk=100
#00 pc 00000000000dc469 /system/lib/ld-musl-x86_64.so.1(ioctl+185)(74178aa6301b8bad2ac9b6d7f2361221)
#01 pc 0000000000010ca7 /system/lib64/platformsdk/libipc_common.z.so(OHOS::BinderConnector::WriteBinder(unsigned long, void*)+55)(ae9fe169bf1f8b0397c31ba1b67e0e94)
#02 pc 000000000007e34d /system/lib64/platformsdk/libipc_single.z.so(OHOS::BinderInvoker::TransactWithDriver(bool)+269)(216555c1ccaa2644568394a99c5a7547)
#03 pc 000000000007e71a /system/lib64/platformsdk/libipc_single.z.so(OHOS::BinderInvoker::StartWorkLoop()+106)(216555c1ccaa2644568394a99c5a7547)
#04 pc 0000000000080c28 /system/lib64/platformsdk/libipc_single.z.so(OHOS::BinderInvoker::JoinThread(bool)+40)(216555c1ccaa2644568394a99c5a7547)
#05 pc 00000000000769f5 /system/lib64/platformsdk/libipc_single.z.so(OHOS::IPCWorkThread::ThreadHandler(void*)+901)(216555c1ccaa2644568394a99c5a7547)
#06 pc 00000000001299e7 /system/lib/ld-musl-x86_64.so.1(74178aa6301b8bad2ac9b6d7f2361221)
#07 pc 0000000000090f8e /system/lib/ld-musl-x86_64.so.1(74178aa6301b8bad2ac9b6d7f2361221)
Tid:19072, Name:OS_IPC_1_19072
state=S, utime=0, stime=0, priority=0, nice=-20, clk=100
#00 pc 00000000000dc46b /system/lib/ld-musl-x86_64.so.1(ioctl+187)(74178aa6301b8bad2ac9b6d7f2361221)
#01 pc 0000000000010ca7 /system/lib64/platformsdk/libipc_common.z.so(OHOS::BinderConnector::WriteBinder(unsigned long, void*)+55)(ae9fe169bf1f8b0397c31ba1b67e0e94)
#02 pc 000000000007e34d /system/lib64/platformsdk/libipc_single.z.so(OHOS::BinderInvoker::TransactWithDriver(bool)+269)(216555c1ccaa2644568394a99c5a7547)
#03 pc 000000000007e71a /system/lib64/platformsdk/libipc_single.z.so(OHOS::BinderInvoker::StartWorkLoop()+106)(216555c1ccaa2644568394a99c5a7547)
#04 pc 0000000000080c28 /system/lib64/platformsdk/libipc_single.z.so(OHOS::BinderInvoker::JoinThread(bool)+40)(216555c1ccaa2644568394a99c5a7547)
#05 pc 00000000000769f5 /system/lib64/platformsdk/libipc_single.z.so(OHOS::IPCWorkThread::ThreadHandler(void*)+901)(216555c1ccaa2644568394a99c5a7547)
#06 pc 00000000001299e7 /system/lib/ld-musl-x86_64.so.1(74178aa6301b8bad2ac9b6d7f2361221)
#07 pc 0000000000090f8e /system/lib/ld-musl-x86_64.so.1(74178aa6301b8bad2ac9b6d7f2361221)
Tid:19073, Name:OS_DfxWatchdog
state=S, utime=0, stime=0, priority=0, nice=-20, clk=100
#00 pc 0000000000125ee9 /system/lib/ld-musl-x86_64.so.1(74178aa6301b8bad2ac9b6d7f2361221)
#01 pc 0000000000127883 /system/lib/ld-musl-x86_64.so.1(pthread_cond_timedwait+195)(74178aa6301b8bad2ac9b6d7f2361221)
#02 pc 00000000000c74e7 /system/lib64/chipset-sdk-sp/libc++.so(std::__h::condition_variable::__do_timed_wait(std::__h::unique_lock<std::__h::mutex>&, std::__h::chrono::time_point<std::__h::chrono::system_clock, std::__h::chrono::duration<long long, std::__h::ratio<1l, 1000000000l>>>)+103)(ca45f3285cb13d8a615c2dcf32305914fbc391ad)
#03 pc 00000000000245a0 /system/lib64/chipset-sdk-sp/libhicollie.z.so(0d0f332b1d543f1b44cdc8747e67264a)
#04 pc 00000000000242a1 /system/lib64/chipset-sdk-sp/libhicollie.z.so(0d0f332b1d543f1b44cdc8747e67264a)
#05 pc 000000000002c17d /system/lib64/chipset-sdk-sp/libhicollie.z.so(0d0f332b1d543f1b44cdc8747e67264a)
#06 pc 00000000001299e7 /system/lib/ld-musl-x86_64.so.1(74178aa6301b8bad2ac9b6d7f2361221)
#07 pc 0000000000090f8e /system/lib/ld-musl-x86_64.so.1(74178aa6301b8bad2ac9b6d7f2361221)
Tid:19075, Name:OS_FFRT_Delay
state=S, utime=0, stime=0, priority=0, nice=-20, clk=100
#00 pc 00000000000b837f /system/lib/ld-musl-x86_64.so.1(epoll_wait+31)(74178aa6301b8bad2ac9b6d7f2361221)
#01 pc 00000000000b2cda /system/lib64/ndk/libffrt.so(6014d53b82cd59820b512f223d249356)
#02 pc 00000000001299e7 /system/lib/ld-musl-x86_64.so.1(74178aa6301b8bad2ac9b6d7f2361221)
#03 pc 0000000000090f8e /system/lib/ld-musl-x86_64.so.1(74178aa6301b8bad2ac9b6d7f2361221)
Tid:19076, Name:OS_IPC_2_19076
state=S, utime=0, stime=0, priority=0, nice=-20, clk=100
#00 pc 00000000000dc46b /system/lib/ld-musl-x86_64.so.1(ioctl+187)(74178aa6301b8bad2ac9b6d7f2361221)
#01 pc 0000000000010ca7 /system/lib64/platformsdk/libipc_common.z.so(OHOS::BinderConnector::WriteBinder(unsigned long, void*)+55)(ae9fe169bf1f8b0397c31ba1b67e0e94)
#02 pc 000000000007e34d /system/lib64/platformsdk/libipc_single.z.so(OHOS::BinderInvoker::TransactWithDriver(bool)+269)(216555c1ccaa2644568394a99c5a7547)
#03 pc 000000000007e71a /system/lib64/platformsdk/libipc_single.z.so(OHOS::BinderInvoker::StartWorkLoop()+106)(216555c1ccaa2644568394a99c5a7547)
#04 pc 0000000000080c28 /system/lib64/platformsdk/libipc_single.z.so(OHOS::BinderInvoker::JoinThread(bool)+40)(216555c1ccaa2644568394a99c5a7547)
#05 pc 00000000000769f5 /system/lib64/platformsdk/libipc_single.z.so(OHOS::IPCWorkThread::ThreadHandler(void*)+901)(216555c1ccaa2644568394a99c5a7547)
#06 pc 00000000001299e7 /system/lib/ld-musl-x86_64.so.1(74178aa6301b8bad2ac9b6d7f2361221)
#07 pc 0000000000090f8e /system/lib/ld-musl-x86_64.so.1(74178aa6301b8bad2ac9b6d7f2361221)
Tid:19077, Name:OS_IPC_3_19077
state=S, utime=0, stime=0, priority=0, nice=-20, clk=100
#00 pc 00000000000dc46b /system/lib/ld-musl-x86_64.so.1(ioctl+187)(74178aa6301b8bad2ac9b6d7f2361221)
#01 pc 0000000000010ca7 /system/lib64/platformsdk/libipc_common.z.so(OHOS::BinderConnector::WriteBinder(unsigned long, void*)+55)(ae9fe169bf1f8b0397c31ba1b67e0e94)
#02 pc 000000000007e34d /system/lib64/platformsdk/libipc_single.z.so(OHOS::BinderInvoker::TransactWithDriver(bool)+269)(216555c1ccaa2644568394a99c5a7547)
#03 pc 000000000007e71a /system/lib64/platformsdk/libipc_single.z.so(OHOS::BinderInvoker::StartWorkLoop()+106)(216555c1ccaa2644568394a99c5a7547)
#04 pc 0000000000080c28 /system/lib64/platformsdk/libipc_single.z.so(OHOS::BinderInvoker::JoinThread(bool)+40)(216555c1ccaa2644568394a99c5a7547)
#05 pc 00000000000769f5 /system/lib64/platformsdk/libipc_single.z.so(OHOS::IPCWorkThread::ThreadHandler(void*)+901)(216555c1ccaa2644568394a99c5a7547)
#06 pc 00000000001299e7 /system/lib/ld-musl-x86_64.so.1(74178aa6301b8bad2ac9b6d7f2361221)
#07 pc 0000000000090f8e /system/lib/ld-musl-x86_64.so.1(74178aa6301b8bad2ac9b6d7f2361221)
Tid:19079, Name:OS_FFRT_5_0
state=S, utime=0, stime=0, priority=0, nice=-20, clk=100
#00 pc 0000000000125ee9 /system/lib/ld-musl-x86_64.so.1(74178aa6301b8bad2ac9b6d7f2361221)
#01 pc 0000000000127883 /system/lib/ld-musl-x86_64.so.1(pthread_cond_timedwait+195)(74178aa6301b8bad2ac9b6d7f2361221)
#02 pc 00000000000c74e7 /system/lib64/chipset-sdk-sp/libc++.so(std::__h::condition_variable::__do_timed_wait(std::__h::unique_lock<std::__h::mutex>&, std::__h::chrono::time_point<std::__h::chrono::system_clock, std::__h::chrono::duration<long long, std::__h::ratio<1l, 1000000000l>>>)+103)(ca45f3285cb13d8a615c2dcf32305914fbc391ad)
#03 pc 000000000008bcb0 /system/lib64/ndk/libffrt.so(6014d53b82cd59820b512f223d249356)
#04 pc 00000000000760ef /system/lib64/ndk/libffrt.so(6014d53b82cd59820b512f223d249356)
#05 pc 0000000000075eaf /system/lib64/ndk/libffrt.so(6014d53b82cd59820b512f223d249356)
#06 pc 0000000000075d79 /system/lib64/ndk/libffrt.so(6014d53b82cd59820b512f223d249356)
#07 pc 00000000001299e7 /system/lib/ld-musl-x86_64.so.1(74178aa6301b8bad2ac9b6d7f2361221)
#08 pc 0000000000090f8e /system/lib/ld-musl-x86_64.so.1(74178aa6301b8bad2ac9b6d7f2361221)
Tid:19081, Name:OS_FFRT_2_0
state=S, utime=0, stime=2, priority=0, nice=-20, clk=100
#00 pc 0000000000125ee9 /system/lib/ld-musl-x86_64.so.1(74178aa6301b8bad2ac9b6d7f2361221)
#01 pc 0000000000127883 /system/lib/ld-musl-x86_64.so.1(pthread_cond_timedwait+195)(74178aa6301b8bad2ac9b6d7f2361221)
#02 pc 00000000000c74e7 /system/lib64/chipset-sdk-sp/libc++.so(std::__h::condition_variable::__do_timed_wait(std::__h::unique_lock<std::__h::mutex>&, std::__h::chrono::time_point<std::__h::chrono::system_clock, std::__h::chrono::duration<long long, std::__h::ratio<1l, 1000000000l>>>)+103)(ca45f3285cb13d8a615c2dcf32305914fbc391ad)
#03 pc 000000000008bcb0 /system/lib64/ndk/libffrt.so(6014d53b82cd59820b512f223d249356)
#04 pc 00000000000760ef /system/lib64/ndk/libffrt.so(6014d53b82cd59820b512f223d249356)
#05 pc 0000000000075eaf /system/lib64/ndk/libffrt.so(6014d53b82cd59820b512f223d249356)
#06 pc 0000000000075d79 /system/lib64/ndk/libffrt.so(6014d53b82cd59820b512f223d249356)
#07 pc 00000000001299e7 /system/lib/ld-musl-x86_64.so.1(74178aa6301b8bad2ac9b6d7f2361221)
#08 pc 0000000000090f8e /system/lib/ld-musl-x86_64.so.1(74178aa6301b8bad2ac9b6d7f2361221)
Tid:19082, Name:OS_GC_Thread
state=S, utime=0, stime=0, priority=0, nice=-20, clk=100
#00 pc 0000000000125ee9 /system/lib/ld-musl-x86_64.so.1(74178aa6301b8bad2ac9b6d7f2361221)
#01 pc 0000000000127883 /system/lib/ld-musl-x86_64.so.1(pthread_cond_timedwait+195)(74178aa6301b8bad2ac9b6d7f2361221)
#02 pc 00000000009cd4ca /system/lib64/platformsdk/libark_jsruntime.so(3403c0dea7c24e42adea4ee0f5dd2803)
#03 pc 00000000009cd443 /system/lib64/platformsdk/libark_jsruntime.so(3403c0dea7c24e42adea4ee0f5dd2803)
#04 pc 00000000009cd8b5 /system/lib64/platformsdk/libark_jsruntime.so(3403c0dea7c24e42adea4ee0f5dd2803)
#05 pc 00000000001299e7 /system/lib/ld-musl-x86_64.so.1(74178aa6301b8bad2ac9b6d7f2361221)
#06 pc 0000000000090f8e /system/lib/ld-musl-x86_64.so.1(74178aa6301b8bad2ac9b6d7f2361221)
Tid:19083, Name:OS_GC_Thread
state=S, utime=13, stime=9, priority=0, nice=-20, clk=100
#00 pc 0000000000125ee9 /system/lib/ld-musl-x86_64.so.1(74178aa6301b8bad2ac9b6d7f2361221)
#01 pc 0000000000127883 /system/lib/ld-musl-x86_64.so.1(pthread_cond_timedwait+195)(74178aa6301b8bad2ac9b6d7f2361221)
#02 pc 00000000000c7451 /system/lib64/chipset-sdk-sp/libc++.so(std::__h::condition_variable::wait(std::__h::unique_lock<std::__h::mutex>&)+17)(ca45f3285cb13d8a615c2dcf32305914fbc391ad)
#03 pc 0000000000a298fd /system/lib64/platformsdk/libark_jsruntime.so(3403c0dea7c24e42adea4ee0f5dd2803)
#04 pc 0000000000a29475 /system/lib64/platformsdk/libark_jsruntime.so(3403c0dea7c24e42adea4ee0f5dd2803)
#05 pc 0000000000a2955a /system/lib64/platformsdk/libark_jsruntime.so(3403c0dea7c24e42adea4ee0f5dd2803)
#06 pc 00000000001299e7 /system/lib/ld-musl-x86_64.so.1(74178aa6301b8bad2ac9b6d7f2361221)
#07 pc 0000000000090f8e /system/lib/ld-musl-x86_64.so.1(74178aa6301b8bad2ac9b6d7f2361221)
Tid:19084, Name:OS_GC_Thread
state=S, utime=11, stime=14, priority=0, nice=-20, clk=100
#00 pc 0000000000125ee9 /system/lib/ld-musl-x86_64.so.1(74178aa6301b8bad2ac9b6d7f2361221)
#01 pc 0000000000127883 /system/lib/ld-musl-x86_64.so.1(pthread_cond_timedwait+195)(74178aa6301b8bad2ac9b6d7f2361221)
#02 pc 00000000000c7451 /system/lib64/chipset-sdk-sp/libc++.so(std::__h::condition_variable::wait(std::__h::unique_lock<std::__h::mutex>&)+17)(ca45f3285cb13d8a615c2dcf32305914fbc391ad)
#03 pc 0000000000a298fd /system/lib64/platformsdk/libark_jsruntime.so(3403c0dea7c24e42adea4ee0f5dd2803)
#04 pc 0000000000a29475 /system/lib64/platformsdk/libark_jsruntime.so(3403c0dea7c24e42adea4ee0f5dd2803)
#05 pc 0000000000a2955a /system/lib64/platformsdk/libark_jsruntime.so(3403c0dea7c24e42adea4ee0f5dd2803)
#06 pc 00000000001299e7 /system/lib/ld-musl-x86_64.so.1(74178aa6301b8bad2ac9b6d7f2361221)
#07 pc 0000000000090f8e /system/lib/ld-musl-x86_64.so.1(74178aa6301b8bad2ac9b6d7f2361221)
Tid:19085, Name:OS_GC_Thread
state=S, utime=16, stime=4, priority=0, nice=-20, clk=100
#00 pc 0000000000125ee9 /system/lib/ld-musl-x86_64.so.1(74178aa6301b8bad2ac9b6d7f2361221)
#01 pc 0000000000127883 /system/lib/ld-musl-x86_64.so.1(pthread_cond_timedwait+195)(74178aa6301b8bad2ac9b6d7f2361221)
#02 pc 00000000000c7451 /system/lib64/chipset-sdk-sp/libc++.so(std::__h::condition_variable::wait(std::__h::unique_lock<std::__h::mutex>&)+17)(ca45f3285cb13d8a615c2dcf32305914fbc391ad)
#03 pc 0000000000a298fd /system/lib64/platformsdk/libark_jsruntime.so(3403c0dea7c24e42adea4ee0f5dd2803)
#04 pc 0000000000a29475 /system/lib64/platformsdk/libark_jsruntime.so(3403c0dea7c24e42adea4ee0f5dd2803)
#05 pc 0000000000a2955a /system/lib64/platformsdk/libark_jsruntime.so(3403c0dea7c24e42adea4ee0f5dd2803)
#06 pc 00000000001299e7 /system/lib/ld-musl-x86_64.so.1(74178aa6301b8bad2ac9b6d7f2361221)
#07 pc 0000000000090f8e /system/lib/ld-musl-x86_64.so.1(74178aa6301b8bad2ac9b6d7f2361221)
Tid:19086, Name:OS_FFRT_3_0
state=S, utime=5, stime=8, priority=0, nice=-20, clk=100
#00 pc 0000000000125ee9 /system/lib/ld-musl-x86_64.so.1(74178aa6301b8bad2ac9b6d7f2361221)
#01 pc 0000000000127883 /system/lib/ld-musl-x86_64.so.1(pthread_cond_timedwait+195)(74178aa6301b8bad2ac9b6d7f2361221)
#02 pc 00000000000c74e7 /system/lib64/chipset-sdk-sp/libc++.so(std::__h::condition_variable::__do_timed_wait(std::__h::unique_lock<std::__h::mutex>&, std::__h::chrono::time_point<std::__h::chrono::system_clock, std::__h::chrono::duration<long long, std::__h::ratio<1l, 1000000000l>>>)+103)(ca45f3285cb13d8a615c2dcf32305914fbc391ad)
#03 pc 000000000008bcb0 /system/lib64/ndk/libffrt.so(6014d53b82cd59820b512f223d249356)
#04 pc 00000000000760ef /system/lib64/ndk/libffrt.so(6014d53b82cd59820b512f223d249356)
#05 pc 0000000000075eaf /system/lib64/ndk/libffrt.so(6014d53b82cd59820b512f223d249356)
#06 pc 0000000000075d79 /system/lib64/ndk/libffrt.so(6014d53b82cd59820b512f223d249356)
#07 pc 00000000001299e7 /system/lib/ld-musl-x86_64.so.1(74178aa6301b8bad2ac9b6d7f2361221)
#08 pc 0000000000090f8e /system/lib/ld-musl-x86_64.so.1(74178aa6301b8bad2ac9b6d7f2361221)
Tid:19087, Name:OS_hdcRegister
state=S, utime=0, stime=0, priority=0, nice=-20, clk=100
#00 pc 00000000000b837f /system/lib/ld-musl-x86_64.so.1(epoll_wait+31)(74178aa6301b8bad2ac9b6d7f2361221)
#01 pc 000000000000660f /system/lib64/platformsdk/libhdc_register.z.so(Hdc::HdcJdwpSimulator::ReadFromJdwp()+367)(4c41d0541b0381aaf6674e818696d512)
#02 pc 0000000000006ba3 /system/lib64/platformsdk/libhdc_register.z.so(Hdc::HdcJdwpSimulator::Connect()+195)(4c41d0541b0381aaf6674e818696d512)
#03 pc 00000000000052ef /system/lib64/platformsdk/libhdc_register.z.so(Hdc::HdcConnectRun(void*)+559)(4c41d0541b0381aaf6674e818696d512)
#04 pc 00000000001299e7 /system/lib/ld-musl-x86_64.so.1(74178aa6301b8bad2ac9b6d7f2361221)
#05 pc 0000000000090f8e /system/lib/ld-musl-x86_64.so.1(74178aa6301b8bad2ac9b6d7f2361221)
Tid:19088, Name:OS_FFRT_0_0
state=S, utime=0, stime=0, priority=0, nice=-20, clk=100
#00 pc 0000000000125ee9 /system/lib/ld-musl-x86_64.so.1(74178aa6301b8bad2ac9b6d7f2361221)
#01 pc 0000000000127883 /system/lib/ld-musl-x86_64.so.1(pthread_cond_timedwait+195)(74178aa6301b8bad2ac9b6d7f2361221)
#02 pc 00000000000c74e7 /system/lib64/chipset-sdk-sp/libc++.so(std::__h::condition_variable::__do_timed_wait(std::__h::unique_lock<std::__h::mutex>&, std::__h::chrono::time_point<std::__h::chrono::system_clock, std::__h::chrono::duration<long long, std::__h::ratio<1l, 1000000000l>>>)+103)(ca45f3285cb13d8a615c2dcf32305914fbc391ad)
#03 pc 000000000008bcb0 /system/lib64/ndk/libffrt.so(6014d53b82cd59820b512f223d249356)
#04 pc 00000000000760ef /system/lib64/ndk/libffrt.so(6014d53b82cd59820b512f223d249356)
#05 pc 0000000000075eaf /system/lib64/ndk/libffrt.so(6014d53b82cd59820b512f223d249356)
#06 pc 0000000000075d79 /system/lib64/ndk/libffrt.so(6014d53b82cd59820b512f223d249356)
#07 pc 00000000001299e7 /system/lib/ld-musl-x86_64.so.1(74178aa6301b8bad2ac9b6d7f2361221)
#08 pc 0000000000090f8e /system/lib/ld-musl-x86_64.so.1(74178aa6301b8bad2ac9b6d7f2361221)
Tid:19097, Name:sandbox_thread
state=S, utime=0, stime=0, priority=0, nice=-20, clk=100
#00 pc 0000000000125ee9 /system/lib/ld-musl-x86_64.so.1(74178aa6301b8bad2ac9b6d7f2361221)
#01 pc 0000000000127883 /system/lib/ld-musl-x86_64.so.1(pthread_cond_timedwait+195)(74178aa6301b8bad2ac9b6d7f2361221)
#02 pc 00000000000c7451 /system/lib64/chipset-sdk-sp/libc++.so(std::__h::condition_variable::wait(std::__h::unique_lock<std::__h::mutex>&)+17)(ca45f3285cb13d8a615c2dcf32305914fbc391ad)
#03 pc 00000000000086d7 /system/lib64/platformsdk/libsandboxlog.so(15f86dfff1c9aa3778b113b4e1f84fe4)
#04 pc 0000000000009363 /system/lib64/platformsdk/libsandboxlog.so(15f86dfff1c9aa3778b113b4e1f84fe4)
#05 pc 00000000001299e7 /system/lib/ld-musl-x86_64.so.1(74178aa6301b8bad2ac9b6d7f2361221)
#06 pc 0000000000090f8e /system/lib/ld-musl-x86_64.so.1(74178aa6301b8bad2ac9b6d7f2361221)
Tid:19099, Name:xample.callaite
state=S, utime=0, stime=0, priority=0, nice=-20, clk=100
#00 pc 000000000013100d /system/lib/ld-musl-x86_64.so.1(nanosleep+13)(74178aa6301b8bad2ac9b6d7f2361221)
#01 pc 00000000000d9b9a /system/lib64/chipset-sdk-sp/libc++.so(std::__h::this_thread::sleep_for(std::__h::chrono::duration<long long, std::__h::ratio<1l, 1000000000l>> const&)+90)(ca45f3285cb13d8a615c2dcf32305914fbc391ad)
#02 pc 0000000000015f52 /system/lib64/platformsdk/libhistogram.z.so(bcaef44ffc0c920a27140798ab5f7654)
#03 pc 00000000001299e7 /system/lib/ld-musl-x86_64.so.1(74178aa6301b8bad2ac9b6d7f2361221)
#04 pc 0000000000090f8e /system/lib/ld-musl-x86_64.so.1(74178aa6301b8bad2ac9b6d7f2361221)
Tid:19100, Name:OS_EVENT_POLL
state=S, utime=0, stime=0, priority=0, nice=-20, clk=100
#00 pc 00000000000b837f /system/lib/ld-musl-x86_64.so.1(epoll_wait+31)(74178aa6301b8bad2ac9b6d7f2361221)
#01 pc 000000000001a0fc /system/lib64/chipset-sdk-sp/libeventhandler.z.so(d20098a20e88abe540f8f998e7a8bdcc)
#02 pc 000000000001b2e6 /system/lib64/chipset-sdk-sp/libeventhandler.z.so(d20098a20e88abe540f8f998e7a8bdcc)
#03 pc 00000000001299e7 /system/lib/ld-musl-x86_64.so.1(74178aa6301b8bad2ac9b6d7f2361221)
#04 pc 0000000000090f8e /system/lib/ld-musl-x86_64.so.1(74178aa6301b8bad2ac9b6d7f2361221)
Tid:19102, Name:OS_FFRT_3_2
state=S, utime=0, stime=0, priority=0, nice=-20, clk=100
#00 pc 0000000000125ee9 /system/lib/ld-musl-x86_64.so.1(74178aa6301b8bad2ac9b6d7f2361221)
#01 pc 0000000000127883 /system/lib/ld-musl-x86_64.so.1(pthread_cond_timedwait+195)(74178aa6301b8bad2ac9b6d7f2361221)
#02 pc 00000000000c74e7 /system/lib64/chipset-sdk-sp/libc++.so(std::__h::condition_variable::__do_timed_wait(std::__h::unique_lock<std::__h::mutex>&, std::__h::chrono::time_point<std::__h::chrono::system_clock, std::__h::chrono::duration<long long, std::__h::ratio<1l, 1000000000l>>>)+103)(ca45f3285cb13d8a615c2dcf32305914fbc391ad)
#03 pc 000000000008bcb0 /system/lib64/ndk/libffrt.so(6014d53b82cd59820b512f223d249356)
#04 pc 00000000000760ef /system/lib64/ndk/libffrt.so(6014d53b82cd59820b512f223d249356)
#05 pc 0000000000075eaf /system/lib64/ndk/libffrt.so(6014d53b82cd59820b512f223d249356)
#06 pc 0000000000075d79 /system/lib64/ndk/libffrt.so(6014d53b82cd59820b512f223d249356)
#07 pc 00000000001299e7 /system/lib/ld-musl-x86_64.so.1(74178aa6301b8bad2ac9b6d7f2361221)
#08 pc 0000000000090f8e /system/lib/ld-musl-x86_64.so.1(74178aa6301b8bad2ac9b6d7f2361221)
Tid:19103, Name:OS_FFRT_3_1
state=S, utime=0, stime=0, priority=0, nice=-20, clk=100
#00 pc 0000000000125ee9 /system/lib/ld-musl-x86_64.so.1(74178aa6301b8bad2ac9b6d7f2361221)
#01 pc 0000000000127883 /system/lib/ld-musl-x86_64.so.1(pthread_cond_timedwait+195)(74178aa6301b8bad2ac9b6d7f2361221)
#02 pc 00000000000c74e7 /system/lib64/chipset-sdk-sp/libc++.so(std::__h::condition_variable::__do_timed_wait(std::__h::unique_lock<std::__h::mutex>&, std::__h::chrono::time_point<std::__h::chrono::system_clock, std::__h::chrono::duration<long long, std::__h::ratio<1l, 1000000000l>>>)+103)(ca45f3285cb13d8a615c2dcf32305914fbc391ad)
#03 pc 000000000008bcb0 /system/lib64/ndk/libffrt.so(6014d53b82cd59820b512f223d249356)
#04 pc 00000000000760ef /system/lib64/ndk/libffrt.so(6014d53b82cd59820b512f223d249356)
#05 pc 0000000000075eaf /system/lib64/ndk/libffrt.so(6014d53b82cd59820b512f223d249356)
#06 pc 0000000000075d79 /system/lib64/ndk/libffrt.so(6014d53b82cd59820b512f223d249356)
#07 pc 00000000001299e7 /system/lib/ld-musl-x86_64.so.1(74178aa6301b8bad2ac9b6d7f2361221)
#08 pc 0000000000090f8e /system/lib/ld-musl-x86_64.so.1(74178aa6301b8bad2ac9b6d7f2361221)
Tid:19104, Name:OS_FFRT_3_3
state=S, utime=0, stime=0, priority=0, nice=-20, clk=100
#00 pc 0000000000125ee9 /system/lib/ld-musl-x86_64.so.1(74178aa6301b8bad2ac9b6d7f2361221)
#01 pc 0000000000127883 /system/lib/ld-musl-x86_64.so.1(pthread_cond_timedwait+195)(74178aa6301b8bad2ac9b6d7f2361221)
#02 pc 00000000000c74e7 /system/lib64/chipset-sdk-sp/libc++.so(std::__h::condition_variable::__do_timed_wait(std::__h::unique_lock<std::__h::mutex>&, std::__h::chrono::time_point<std::__h::chrono::system_clock, std::__h::chrono::duration<long long, std::__h::ratio<1l, 1000000000l>>>)+103)(ca45f3285cb13d8a615c2dcf32305914fbc391ad)
#03 pc 000000000008bcb0 /system/lib64/ndk/libffrt.so(6014d53b82cd59820b512f223d249356)
#04 pc 00000000000760ef /system/lib64/ndk/libffrt.so(6014d53b82cd59820b512f223d249356)
#05 pc 0000000000075eaf /system/lib64/ndk/libffrt.so(6014d53b82cd59820b512f223d249356)
#06 pc 0000000000075d79 /system/lib64/ndk/libffrt.so(6014d53b82cd59820b512f223d249356)
#07 pc 00000000001299e7 /system/lib/ld-musl-x86_64.so.1(74178aa6301b8bad2ac9b6d7f2361221)
#08 pc 0000000000090f8e /system/lib/ld-musl-x86_64.so.1(74178aa6301b8bad2ac9b6d7f2361221)
Tid:19106, Name:OS_MainDisplayS
state=S, utime=0, stime=0, priority=0, nice=-20, clk=100
#00 pc 00000000000b837f /system/lib/ld-musl-x86_64.so.1(epoll_wait+31)(74178aa6301b8bad2ac9b6d7f2361221)
#01 pc 000000000001ceee /system/lib64/chipset-sdk-sp/libeventhandler.z.so(d20098a20e88abe540f8f998e7a8bdcc)
#02 pc 00000000000230bf /system/lib64/chipset-sdk-sp/libeventhandler.z.so(OHOS::AppExecFwk::EventQueue::WaitUntilLocked(std::__h::chrono::time_point<std::__h::chrono::steady_clock, std::__h::chrono::duration<long long, std::__h::ratio<1l, 1000000000l>>> const&, OHOS::AppExecFwk::UniqueLockBase&, bool)+79)(d20098a20e88abe540f8f998e7a8bdcc)
#03 pc 00000000000282df /system/lib64/chipset-sdk-sp/libeventhandler.z.so(OHOS::AppExecFwk::EventQueueBase::GetEvent()+207)(d20098a20e88abe540f8f998e7a8bdcc)
#04 pc 0000000000033985 /system/lib64/chipset-sdk-sp/libeventhandler.z.so(d20098a20e88abe540f8f998e7a8bdcc)
#05 pc 0000000000030352 /system/lib64/chipset-sdk-sp/libeventhandler.z.so(d20098a20e88abe540f8f998e7a8bdcc)
#06 pc 00000000000357c3 /system/lib64/chipset-sdk-sp/libeventhandler.z.so(d20098a20e88abe540f8f998e7a8bdcc)
#07 pc 00000000001299e7 /system/lib/ld-musl-x86_64.so.1(74178aa6301b8bad2ac9b6d7f2361221)
#08 pc 0000000000090f8e /system/lib/ld-musl-x86_64.so.1(74178aa6301b8bad2ac9b6d7f2361221)
Tid:19108, Name:OS_IPC_4_19108
state=S, utime=0, stime=0, priority=0, nice=-20, clk=100
#00 pc 00000000000dc46b /system/lib/ld-musl-x86_64.so.1(ioctl+187)(74178aa6301b8bad2ac9b6d7f2361221)
#01 pc 0000000000010ca7 /system/lib64/platformsdk/libipc_common.z.so(OHOS::BinderConnector::WriteBinder(unsigned long, void*)+55)(ae9fe169bf1f8b0397c31ba1b67e0e94)
#02 pc 000000000007e34d /system/lib64/platformsdk/libipc_single.z.so(OHOS::BinderInvoker::TransactWithDriver(bool)+269)(216555c1ccaa2644568394a99c5a7547)
#03 pc 000000000007e71a /system/lib64/platformsdk/libipc_single.z.so(OHOS::BinderInvoker::StartWorkLoop()+106)(216555c1ccaa2644568394a99c5a7547)
#04 pc 0000000000080c28 /system/lib64/platformsdk/libipc_single.z.so(OHOS::BinderInvoker::JoinThread(bool)+40)(216555c1ccaa2644568394a99c5a7547)
#05 pc 00000000000769f5 /system/lib64/platformsdk/libipc_single.z.so(OHOS::IPCWorkThread::ThreadHandler(void*)+901)(216555c1ccaa2644568394a99c5a7547)
#06 pc 00000000001299e7 /system/lib/ld-musl-x86_64.so.1(74178aa6301b8bad2ac9b6d7f2361221)
#07 pc 0000000000090f8e /system/lib/ld-musl-x86_64.so.1(74178aa6301b8bad2ac9b6d7f2361221)
Tid:19111, Name:ace.bg.1
state=S, utime=0, stime=0, priority=0, nice=-20, clk=100
#00 pc 0000000000125ee9 /system/lib/ld-musl-x86_64.so.1(74178aa6301b8bad2ac9b6d7f2361221)
#01 pc 0000000000127883 /system/lib/ld-musl-x86_64.so.1(pthread_cond_timedwait+195)(74178aa6301b8bad2ac9b6d7f2361221)
#02 pc 00000000000c7451 /system/lib64/chipset-sdk-sp/libc++.so(std::__h::condition_variable::wait(std::__h::unique_lock<std::__h::mutex>&)+17)(ca45f3285cb13d8a615c2dcf32305914fbc391ad)
#03 pc 000000000148ac32 /system/lib64/platformsdk/libace_compatible.z.so(cb476043f6fb29150d891bc788a45885)
#04 pc 000000000148afa2 /system/lib64/platformsdk/libace_compatible.z.so(cb476043f6fb29150d891bc788a45885)
#05 pc 00000000001299e7 /system/lib/ld-musl-x86_64.so.1(74178aa6301b8bad2ac9b6d7f2361221)
#06 pc 0000000000090f8e /system/lib/ld-musl-x86_64.so.1(74178aa6301b8bad2ac9b6d7f2361221)
Tid:19112, Name:ace.bg.2
state=S, utime=0, stime=0, priority=0, nice=-20, clk=100
#00 pc 0000000000125ee9 /system/lib/ld-musl-x86_64.so.1(74178aa6301b8bad2ac9b6d7f2361221)
#01 pc 0000000000127883 /system/lib/ld-musl-x86_64.so.1(pthread_cond_timedwait+195)(74178aa6301b8bad2ac9b6d7f2361221)
#02 pc 00000000000c7451 /system/lib64/chipset-sdk-sp/libc++.so(std::__h::condition_variable::wait(std::__h::unique_lock<std::__h::mutex>&)+17)(ca45f3285cb13d8a615c2dcf32305914fbc391ad)
#03 pc 000000000148ac32 /system/lib64/platformsdk/libace_compatible.z.so(cb476043f6fb29150d891bc788a45885)
#04 pc 000000000148afa2 /system/lib64/platformsdk/libace_compatible.z.so(cb476043f6fb29150d891bc788a45885)
#05 pc 00000000001299e7 /system/lib/ld-musl-x86_64.so.1(74178aa6301b8bad2ac9b6d7f2361221)
#06 pc 0000000000090f8e /system/lib/ld-musl-x86_64.so.1(74178aa6301b8bad2ac9b6d7f2361221)
Tid:19113, Name:ace.bg.3
state=S, utime=0, stime=0, priority=0, nice=-20, clk=100
#00 pc 0000000000125ee9 /system/lib/ld-musl-x86_64.so.1(74178aa6301b8bad2ac9b6d7f2361221)
#01 pc 0000000000127883 /system/lib/ld-musl-x86_64.so.1(pthread_cond_timedwait+195)(74178aa6301b8bad2ac9b6d7f2361221)
#02 pc 00000000000c7451 /system/lib64/chipset-sdk-sp/libc++.so(std::__h::condition_variable::wait(std::__h::unique_lock<std::__h::mutex>&)+17)(ca45f3285cb13d8a615c2dcf32305914fbc391ad)
#03 pc 000000000148ac32 /system/lib64/platformsdk/libace_compatible.z.so(cb476043f6fb29150d891bc788a45885)
#04 pc 000000000148afa2 /system/lib64/platformsdk/libace_compatible.z.so(cb476043f6fb29150d891bc788a45885)
#05 pc 00000000001299e7 /system/lib/ld-musl-x86_64.so.1(74178aa6301b8bad2ac9b6d7f2361221)
#06 pc 0000000000090f8e /system/lib/ld-musl-x86_64.so.1(74178aa6301b8bad2ac9b6d7f2361221)
Tid:19114, Name:ace.bg.4
state=S, utime=0, stime=0, priority=0, nice=-20, clk=100
#00 pc 0000000000125ee9 /system/lib/ld-musl-x86_64.so.1(74178aa6301b8bad2ac9b6d7f2361221)
#01 pc 0000000000127883 /system/lib/ld-musl-x86_64.so.1(pthread_cond_timedwait+195)(74178aa6301b8bad2ac9b6d7f2361221)
#02 pc 00000000000c7451 /system/lib64/chipset-sdk-sp/libc++.so(std::__h::condition_variable::wait(std::__h::unique_lock<std::__h::mutex>&)+17)(ca45f3285cb13d8a615c2dcf32305914fbc391ad)
#03 pc 000000000148ac32 /system/lib64/platformsdk/libace_compatible.z.so(cb476043f6fb29150d891bc788a45885)
#04 pc 000000000148afa2 /system/lib64/platformsdk/libace_compatible.z.so(cb476043f6fb29150d891bc788a45885)
#05 pc 00000000001299e7 /system/lib/ld-musl-x86_64.so.1(74178aa6301b8bad2ac9b6d7f2361221)
#06 pc 0000000000090f8e /system/lib/ld-musl-x86_64.so.1(74178aa6301b8bad2ac9b6d7f2361221)
Tid:19115, Name:ace.bg.5
state=S, utime=0, stime=0, priority=0, nice=-20, clk=100
#00 pc 0000000000125ee9 /system/lib/ld-musl-x86_64.so.1(74178aa6301b8bad2ac9b6d7f2361221)
#01 pc 0000000000127883 /system/lib/ld-musl-x86_64.so.1(pthread_cond_timedwait+195)(74178aa6301b8bad2ac9b6d7f2361221)
#02 pc 00000000000c7451 /system/lib64/chipset-sdk-sp/libc++.so(std::__h::condition_variable::wait(std::__h::unique_lock<std::__h::mutex>&)+17)(ca45f3285cb13d8a615c2dcf32305914fbc391ad)
#03 pc 000000000148ac32 /system/lib64/platformsdk/libace_compatible.z.so(cb476043f6fb29150d891bc788a45885)
#04 pc 000000000148afa2 /system/lib64/platformsdk/libace_compatible.z.so(cb476043f6fb29150d891bc788a45885)
#05 pc 00000000001299e7 /system/lib/ld-musl-x86_64.so.1(74178aa6301b8bad2ac9b6d7f2361221)
#06 pc 0000000000090f8e /system/lib/ld-musl-x86_64.so.1(74178aa6301b8bad2ac9b6d7f2361221)
Tid:19116, Name:ace.bg.6
state=S, utime=0, stime=0, priority=0, nice=-20, clk=100
#00 pc 0000000000125ee9 /system/lib/ld-musl-x86_64.so.1(74178aa6301b8bad2ac9b6d7f2361221)
#01 pc 0000000000127883 /system/lib/ld-musl-x86_64.so.1(pthread_cond_timedwait+195)(74178aa6301b8bad2ac9b6d7f2361221)
#02 pc 00000000000c7451 /system/lib64/chipset-sdk-sp/libc++.so(std::__h::condition_variable::wait(std::__h::unique_lock<std::__h::mutex>&)+17)(ca45f3285cb13d8a615c2dcf32305914fbc391ad)
#03 pc 000000000148ac32 /system/lib64/platformsdk/libace_compatible.z.so(cb476043f6fb29150d891bc788a45885)
#04 pc 000000000148afa2 /system/lib64/platformsdk/libace_compatible.z.so(cb476043f6fb29150d891bc788a45885)
#05 pc 00000000001299e7 /system/lib/ld-musl-x86_64.so.1(74178aa6301b8bad2ac9b6d7f2361221)
#06 pc 0000000000090f8e /system/lib/ld-musl-x86_64.so.1(74178aa6301b8bad2ac9b6d7f2361221)
Tid:19117, Name:ace.bg.7
state=S, utime=0, stime=0, priority=0, nice=-20, clk=100
#00 pc 0000000000125ee9 /system/lib/ld-musl-x86_64.so.1(74178aa6301b8bad2ac9b6d7f2361221)
#01 pc 0000000000127883 /system/lib/ld-musl-x86_64.so.1(pthread_cond_timedwait+195)(74178aa6301b8bad2ac9b6d7f2361221)
#02 pc 00000000000c7451 /system/lib64/chipset-sdk-sp/libc++.so(std::__h::condition_variable::wait(std::__h::unique_lock<std::__h::mutex>&)+17)(ca45f3285cb13d8a615c2dcf32305914fbc391ad)
#03 pc 000000000148ac32 /system/lib64/platformsdk/libace_compatible.z.so(cb476043f6fb29150d891bc788a45885)
#04 pc 000000000148afa2 /system/lib64/platformsdk/libace_compatible.z.so(cb476043f6fb29150d891bc788a45885)
#05 pc 00000000001299e7 /system/lib/ld-musl-x86_64.so.1(74178aa6301b8bad2ac9b6d7f2361221)
#06 pc 0000000000090f8e /system/lib/ld-musl-x86_64.so.1(74178aa6301b8bad2ac9b6d7f2361221)
Tid:19118, Name:ace.bg.8
state=S, utime=0, stime=0, priority=0, nice=-20, clk=100
#00 pc 0000000000125ee9 /system/lib/ld-musl-x86_64.so.1(74178aa6301b8bad2ac9b6d7f2361221)
#01 pc 0000000000127883 /system/lib/ld-musl-x86_64.so.1(pthread_cond_timedwait+195)(74178aa6301b8bad2ac9b6d7f2361221)
#02 pc 00000000000c7451 /system/lib64/chipset-sdk-sp/libc++.so(std::__h::condition_variable::wait(std::__h::unique_lock<std::__h::mutex>&)+17)(ca45f3285cb13d8a615c2dcf32305914fbc391ad)
#03 pc 000000000148ac32 /system/lib64/platformsdk/libace_compatible.z.so(cb476043f6fb29150d891bc788a45885)
#04 pc 000000000148afa2 /system/lib64/platformsdk/libace_compatible.z.so(cb476043f6fb29150d891bc788a45885)
#05 pc 00000000001299e7 /system/lib/ld-musl-x86_64.so.1(74178aa6301b8bad2ac9b6d7f2361221)
#06 pc 0000000000090f8e /system/lib/ld-musl-x86_64.so.1(74178aa6301b8bad2ac9b6d7f2361221)
Tid:19119, Name:OS_FFRT_5_1
state=S, utime=0, stime=0, priority=0, nice=-20, clk=100
#00 pc 0000000000125ee9 /system/lib/ld-musl-x86_64.so.1(74178aa6301b8bad2ac9b6d7f2361221)
#01 pc 0000000000127883 /system/lib/ld-musl-x86_64.so.1(pthread_cond_timedwait+195)(74178aa6301b8bad2ac9b6d7f2361221)
#02 pc 00000000000c74e7 /system/lib64/chipset-sdk-sp/libc++.so(std::__h::condition_variable::__do_timed_wait(std::__h::unique_lock<std::__h::mutex>&, std::__h::chrono::time_point<std::__h::chrono::system_clock, std::__h::chrono::duration<long long, std::__h::ratio<1l, 1000000000l>>>)+103)(ca45f3285cb13d8a615c2dcf32305914fbc391ad)
#03 pc 000000000008bcb0 /system/lib64/ndk/libffrt.so(6014d53b82cd59820b512f223d249356)
#04 pc 00000000000760ef /system/lib64/ndk/libffrt.so(6014d53b82cd59820b512f223d249356)
#05 pc 0000000000075eaf /system/lib64/ndk/libffrt.so(6014d53b82cd59820b512f223d249356)
#06 pc 0000000000075d79 /system/lib64/ndk/libffrt.so(6014d53b82cd59820b512f223d249356)
#07 pc 00000000001299e7 /system/lib/ld-musl-x86_64.so.1(74178aa6301b8bad2ac9b6d7f2361221)
#08 pc 0000000000090f8e /system/lib/ld-musl-x86_64.so.1(74178aa6301b8bad2ac9b6d7f2361221)
Tid:19181, Name:OS_IPC_5_19181
state=S, utime=0, stime=0, priority=0, nice=-20, clk=100
#00 pc 00000000000dc46b /system/lib/ld-musl-x86_64.so.1(ioctl+187)(74178aa6301b8bad2ac9b6d7f2361221)
#01 pc 0000000000010ca7 /system/lib64/platformsdk/libipc_common.z.so(OHOS::BinderConnector::WriteBinder(unsigned long, void*)+55)(ae9fe169bf1f8b0397c31ba1b67e0e94)
#02 pc 000000000007e34d /system/lib64/platformsdk/libipc_single.z.so(OHOS::BinderInvoker::TransactWithDriver(bool)+269)(216555c1ccaa2644568394a99c5a7547)
#03 pc 000000000007e71a /system/lib64/platformsdk/libipc_single.z.so(OHOS::BinderInvoker::StartWorkLoop()+106)(216555c1ccaa2644568394a99c5a7547)
#04 pc 0000000000080c28 /system/lib64/platformsdk/libipc_single.z.so(OHOS::BinderInvoker::JoinThread(bool)+40)(216555c1ccaa2644568394a99c5a7547)
#05 pc 00000000000769f5 /system/lib64/platformsdk/libipc_single.z.so(OHOS::IPCWorkThread::ThreadHandler(void*)+901)(216555c1ccaa2644568394a99c5a7547)
#06 pc 00000000001299e7 /system/lib/ld-musl-x86_64.so.1(74178aa6301b8bad2ac9b6d7f2361221)
#07 pc 0000000000090f8e /system/lib/ld-musl-x86_64.so.1(74178aa6301b8bad2ac9b6d7f2361221)

Catche stack trace end time: 2026-09-19 16:12:30.363

Dump main thread stack start time: 2026-09-19 16:12:30.219
Tid:4927, Name:xample.callaite
state=R, utime=1216, stime=63, priority=10, nice=-10, clk=100
#00 pc 000000000103fb11 /system/lib64/module/arkcompiler/stub.an(BCStub_HandleJnezImm8StwCopy+129)
#01 pc 00000000009f0e7a /data/storage/el1/bundle/entry.hap

Dump main thread stack end time: 2026-09-19 16:12:30.243

PeerBinder pids is empty


---------------------------------------------------
FfrtCatcher -- start time: 2026/09/19-16:12:30:375

FfrtCatcher --

ffrt fump pid=4927:

-------------------------------[ability]-------------------------------


----------------------------------ApplicationManagerService----------------------------------
|-> Launcher proc ffrt, now:2026-09-19 16:12:30.398739 pid:4927
    |-> key status
no key status info
    |-> worker count
        qos 0: worker num:1 tid:19088
        qos 2: worker num:1 tid:19081
        qos 3: worker num:4 tid:19104, 19103, 19102, 19086
        qos 5: worker num:2 tid:19119, 19079
    |-> worker status
        qos 0: worker tid 19088 is running nothing
        qos 2: worker tid 19081 is running nothing
        qos 3: worker tid 19104 is running nothing
        qos 3: worker tid 19103 is running nothing
        qos 3: worker tid 19102 is running nothing
        qos 3: worker tid 19086 is running nothing
        qos 5: worker tid 19119 is running nothing
        qos 5: worker tid 19079 is running nothing
<<<=== Timeout Task Info ===>>>
Timeout info EmptyQueue Timeout info Empty<<<=== Queue Traffic Record ===>>>
Queue Traffic Record Empty

FfrtCatcher -- end time: 2026/09/19-16:12:30:404
---------------------------------------------------

---------------------------------------------------
catcher cmd: hilog -z 1000 -P start time: 2026/09/19-16:12:30:404

catcher cmd: hilog -z 1000 -P 
09-19 16:12:17.189  4927  4927 I C02c11/APPSPAWN: AppSpawnChild id 64 flags:0xc
09-19 16:12:17.189  4927  4927 I C02d33/HitraceOption: FilterAppTrace com.example.callaite 4927
09-19 16:12:17.189  4927  4927 W C02c11/APPSPAWN: errno:2 bind mount /system/app/ArkWebCoreLegacy to /mnt/sandbox/100/com.example.callaite/system/app/ArkWebCoreLegacy
09-19 16:12:17.190  4927  4927 W C02c11/APPSPAWN: errno:2 bind mount /vendor/etc/hiai to /mnt/sandbox/100/com.example.callaite/vendor/etc/hiai
09-19 16:12:17.190  4927  4927 W C02c11/APPSPAWN: errno:2 bind mount /data/data/hiai to /mnt/sandbox/100/com.example.callaite/data/data/hiai
09-19 16:12:17.190  4927  4927 W C02c11/APPSPAWN: errno:2 bind mount /data/service/el1/public/themes/100/a/app to /mnt/sandbox/100/com.example.callaite/data/themes/a/app
09-19 16:12:17.190  4927  4927 W C02c11/APPSPAWN: errno:2 bind mount /data/service/el1/public/themes/100/b/app to /mnt/sandbox/100/com.example.callaite/data/themes/b/app
09-19 16:12:17.190  4927  4927 W C02c11/APPSPAWN: errno:2 bind mount /chip_prod/lib64/passthrough to /mnt/sandbox/100/com.example.callaite/chip_prod/lib64/passthrough
09-19 16:12:17.190  4927  4927 W C02c11/APPSPAWN: errno:2 bind mount /data/app/el1/bundle/public/com.huawei.hmos.arkwebcorelegacy to /mnt/sandbox/100/com.example.callaite/data/storage/el1/bundle/arkwebcorelegacy
09-19 16:12:17.190  4927  4927 W C02c11/APPSPAWN: check dir /data/app/el1/bundle/public/com.huawei.hmos.arkwebcorelegacy failed,strerror:No such file or directory
09-19 16:12:17.190  4927  4927 W C02c11/APPSPAWN: check dir /data/app/el1/public/aot_compiler/ark_cache/com.example.callaite failed,strerror:No such file or directory
09-19 16:12:17.198  4927  4927 W C02c11/APPSPAWN: mount /mnt/sandbox/100/com.example.callaite/mnt/storage/external time 7999 us
09-19 16:12:17.207  4927  4927 W C02c11/APPSPAWN: errno:2 bind mount /data/preload/app to /mnt/sandbox/100/com.example.callaite/data/preload/app
09-19 16:12:17.211  4927  4927 E C02c11/APPSPAWN: [sandbox_dec.c:247]Open dec file failed errno 2
09-19 16:12:17.212  4927  4927 I C05a03/Selinux: Hap setcon finish, context for com.example.callaite is relabeled to o:r:debug_hap:s0:x95,x334,x512,x868,x1024
09-19 16:12:17.214  4927  4927 I C05a05/SecCompEnhanceClient: [RegisterCheckCallback]Register secComp: sessionId=183042925, seqNum=******800.
09-19 16:12:17.214  4927 19071 W C057c1/IPCWorkThread: ThreadHandler: proto:0 policy:1 name:OS_IPC_0_19071 invoker:3886496
09-19 16:12:17.215  4927 19072 W C057c1/IPCWorkThread: ThreadHandler: proto:0 policy:0 name:OS_IPC_1_19072 invoker:3885344
09-19 16:12:17.216  4927  4927 I C02d0b/HICHECKER: hichecker param is empty.
09-19 16:12:17.216  4927  4927 I C04500/webview: CalculateActiveWebEngineVersion: CalculateActiveWebEngineVersion, enforce 3
09-19 16:12:17.216  4927  4927 I C01317/AppKit: [MTHRD3495]mainthread start, pid:4927
09-19 16:12:17.216  4927  4927 I C01317/AppKit: [MTHRD3294]is not in rescue mode
09-19 16:12:17.216  4927  4927 I C01317/AppKit: [MTHRD3321]is not in rescue mode
09-19 16:12:17.221  4927  4927 I C01317/AppKit: [MTHRD442]attach
09-19 16:12:17.223  4927 19076 W C057c1/IPCWorkThread: ThreadHandler: proto:0 policy:0 name:OS_IPC_2_19076 invoker:3887072
09-19 16:12:17.223  4927 19072 I C01317/AppKit: [MTHRD922]ScheduleLaunchAbility called,ability EntryAbility,1
09-19 16:12:17.223  4927 19077 W C057c1/IPCWorkThread: ThreadHandler: proto:0 policy:0 name:OS_IPC_3_19077 invoker:3887648
09-19 16:12:17.241  4927  4927 I C01317/AppKit: [MTHRD267]NativeLibPath empty
09-19 16:12:17.242  4927  4927 I C01317/AppKit: [MTHRD1990]SmartGC:0 version:1000000
09-19 16:12:17.245  4927  4927 I C03f00/ArkCompiler: [ecmascript] asmint: 1, aot: 0, jit: 1, baseline jit: 0, bundle name: com.example.callaite, arkTSMode: dynamic
09-19 16:12:17.246  4927  4927 I C03f00/ArkCompiler: [ecmascript] multi-thread check enabled: 0
09-19 16:12:17.246  4927  4927 I C03f00/ArkCompiler: [pgo] reset pgo profiler, pgo profiler is disabled
09-19 16:12:17.246  4927  4927 I C03301/LIBUV: clean up handles in loop(6176)
09-19 16:12:17.246  4927  4927 I C03301/LIBUV: loop:(6176) closed in 0s
09-19 16:12:17.246  4927  4927 I C03301/LIBUV: close:6176, async_io_wfd:14
09-19 16:12:17.246  4927  4927 I C03301/LIBUV: close:6176, backend_fd:8
09-19 16:12:17.246  4927  4927 I C03301/LIBUV: init:6032
09-19 16:12:17.247  4927  4927 I C03301/LIBUV: init:6032, backend_fd:8
09-19 16:12:17.247  4927  4927 I C03301/LIBUV: open:6032, pipefd[0]:14
09-19 16:12:17.249  4927 19082 E C01707/CONCUR: [Interface] task 19082 apply qos failed, errno = 4
09-19 16:12:17.250  4927  4927 I C03f00/ArkCompiler: [ecmascript] can not find aot file
09-19 16:12:17.258  4927  4927 I C03f00/ArkCompiler: StartServer, componentName = <private>
09-19 16:12:17.258  4927  4927 W C01321/JsRuntime: [CSM161]disCon
09-19 16:12:17.258  4927  4927 I C03f00/ArkCompiler: [ecmascript] JSNApi::NotifyDebugMode, tid = 4927, debugApp = 1, isDebugMode = 0, instanceId = 0
09-19 16:12:17.259  4927 19087 I C02c03/PARAM_WATCHER: Add watcher keyPrefix persist.hdc.jdwp remoteWatcherId 113 success
09-19 16:12:17.260  4927  4927 I C03f00/ArkCompiler: [compiler] __jit_debug_register_code() is called.
09-19 16:12:17.260  4927  4927 I C03f00/ArkCompiler: [compiler] success to register stub.an to debugger.
09-19 16:12:17.261  4927 19081 I C01317/AppKit: [DRH689]File existed. dir: /data/storage/el2/base/cache/rawheap
09-19 16:12:17.261  4927 19081 I C01317/AppKit: [DRH667]success to create /data/storage/el2/base/cache/rawheap
09-19 16:12:17.262  4927  4927 W C01e00/ResourceManager: update userId, currentUserId_= 0, userId= 100
09-19 16:12:17.262  4927  4927 E C01e00/ResourceManager: LoadThemesRes failed, userId = 100, bundleName = com.example.callaite
09-19 16:12:17.262  4927  4927 W C01e00/ResourceManager: theme resources will clean, id 100
09-19 16:12:17.263  4927 19079 W C01653/NativePreferences: LoadFromDisk: The settingXml /***/el1/***/i18*** load failed.
09-19 16:12:17.266  4927  4927 E C01301/CompatiblePolicyDeviceType: [calculateResourceType:81]deviceType is empty.
09-19 16:12:17.267  4927  4927 W C01301/Ability: [resource_config_helper.cpp193]invalid source:
09-19 16:12:17.268  4927  4927 W C01301/Ability: [resource_config_helper.cpp193]invalid source:
09-19 16:12:17.268  4927  4927 I C01317/AppKit: [application_cleaner.cpp94]ClearTempData
09-19 16:12:17.273  4927  4927 I C01317/AppKit: [MTHRD2947]NtfyAppPreAbiCreate
09-19 16:12:17.297  4927  4927 I C01317/AppKit: [JAS211]LoadModule
09-19 16:12:17.297  4927  4927 W C01317/AppKit: [JAS1032]null stage
09-19 16:12:17.297  4927  4927 W C01317/AppKit: [JAS254]Not found AbilityStage.js
09-19 16:12:17.297  4927  4927 I C01317/AppKit: [OH_APP432]OnAboutToCreateAbility
09-19 16:12:17.297  4927  4927 W C01317/AppKit: [JAS349]Not found AbilityStage.js
09-19 16:12:17.301  4927  4927 I C01332/UIAbility: [ui_ability.cpp131]instanceId: 109a-c13b-7004-42ec-9c8d962b83efeff3
09-19 16:12:17.304  4927 19085 I C03f00/ArkCompiler: [pgo] will save profiler to file /data/storage/ark-profile/rt_entry.ap
09-19 16:12:17.306  4927  4927 I C03f00/ArkCompiler: [ecmascript] start to execute module buffer with secure memory: /data/storage/el1/bundle/entry/ets/entryability/EntryAbility.abc
09-19 16:12:17.307  4927  4927 E C03f00/ArkCompiler: [common] Can not open xpm proc file, do not check secure memory anymore.
09-19 16:12:17.312  4927  4927 E C01707/CONCUR: [Interface] task 19085 apply qos failed, errno = 4
09-19 16:12:17.315  4927  4927 E C01707/CONCUR: [Interface] task 19083 apply qos failed, errno = 4
09-19 16:12:17.318  4927  4927 E C01707/CONCUR: [Interface] task 19084 apply qos failed, errno = 4
09-19 16:12:17.320  4927  4927 E C01707/CONCUR: [Interface] task 19085 apply qos failed, errno = 4
09-19 16:12:17.325  4927  4927 E C01707/CONCUR: [Interface] task 19083 apply qos failed, errno = 4
09-19 16:12:17.328  4927  4927 E C01707/CONCUR: [Interface] task 19084 apply qos failed, errno = 4
09-19 16:12:17.363  4927  4927 W C03f04/MMG: [NMM:1439] First: failed do_dlsym failed: Symbol not found: NAPI_file_fs_GetABCCode, version: null so=/system/lib64/module/file/libfs.z.so.Second: failed /system/lib64/module/hms/core/libiap_napi.z.so not exist.load /system/etc/abc/core/iap.abc failed
09-19 16:12:17.363  4927  4927 E C03f00/ArkCompiler: [ecmascript] export objects of native so is undefined, so name is @hms:core.iap
09-19 16:12:17.370  4927  4927 I C04309/CLOUD_FILE_SYNC: CloudSyncExport:Class MultiDownloadProgress for module cloudSyncDownload has been exported
09-19 16:12:17.370  4927  4927 I C04309/CLOUD_FILE_SYNC: CloudSyncExport:Class CloudFileCache for module cloudSyncDownload has been exported
09-19 16:12:17.370  4927  4927 I C04309/CLOUD_FILE_SYNC: CloudSyncExport:Class Download for module cloudSyncDownload has been exported
09-19 16:12:17.370  4927  4927 I C04309/CLOUD_FILE_SYNC: CloudSyncExport:Class GallerySync for module cloudSyncDownload has been exported
09-19 16:12:17.370  4927  4927 I C04309/CLOUD_FILE_SYNC: CloudSyncExport:Class FileSync for module cloudSyncDownload has been exported
09-19 16:12:17.370  4927  4927 I C04309/CLOUD_FILE_SYNC: CloudSyncExport:Class FileVersion for module cloudSyncDownload has been exported
09-19 16:12:17.382  4927  4927 I C01324/JsNapi: [js_error_manager.cpp1837]called
09-19 16:12:17.383  4927  4927 I C01320/JsEnv: [JSENV300]timing: 77
09-19 16:12:17.385  4927  4927 I C01320/JSENV: Callee constructor is OK string
09-19 16:12:17.385  4927  4927 I C01320/JSENV: Ability::constructor callee is object [object Object]
09-19 16:12:17.385  4927  4927 I C03f00/ArkCompiler: [ecmascript] start to execute ark buffer with secure memory use file: /data/storage/el1/bundle/entry/ets/modules.abc, entrypoint: @normalized:N&&&entry/build/generated/r/ResourceTable&
09-19 16:12:17.388  4927  4927 I C01332/UIAbility: [ui_ability_thread.cpp204]Lifecycle:Attach
09-19 16:12:17.390  4927  4927 I C01317/AppKit: [MTHRD3123]called
09-19 16:12:17.390  4927  4927 I C03f00/ArkCompiler: [gc] app is not inBackground
09-19 16:12:17.394  4927  4927 E C01707/CONCUR: [Interface] task 19085 apply qos failed, errno = 4
09-19 16:12:17.397  4927  4927 E C01707/CONCUR: [Interface] task 19083 apply qos failed, errno = 4
09-19 16:12:17.400  4927  4927 E C01707/CONCUR: [Interface] task 19084 apply qos failed, errno = 4
09-19 16:12:17.408  4927 19077 I C01332/UIAbility: [ui_ability_thread.cpp352]name:EntryAbility,targeState:5,isNewWant:0
09-19 16:12:17.408  4927  4927 I C01332/UIAbility: [ui_ability_thread.cpp271]Lifecycle:name EntryAbility
09-19 16:12:17.408  4927  4927 I C04201/DMS: AddDisplayIdFromAms: abilityToken and display[0] has been added.
09-19 16:12:17.411  4927  4927 I C01332/UIAbility: [JUA2177]JsUIAbility call js, name: onCreate
09-19 16:12:17.411  4927  4927 I A00001/EntryAbility: Ability onCreate
09-19 16:12:17.418  4927  4927 E C01356/Recovery: [app_recovery_api.cpp124]invalid restartFlag: 7
09-19 16:12:17.418  4927  4927 I A00001/ErrorRecovery: App recovery enabled
09-19 16:12:17.420  4927  4927 I C01317/AppKit: [OH_APP1240]current 2, pre 0
09-19 16:12:17.420  4927  4927 W C01317/AppKit: [OH_APP1269]fontSize empty
09-19 16:12:17.420  4927  4927 I C01317/AppKit: [OH_APP1300]current 2, pre 0
09-19 16:12:17.420  4927  4927 W C01317/AppKit: [OH_APP1304]language empty
09-19 16:12:17.420  4927  4927 W C01317/AppKit: [OH_APP1323]language and locale empty
09-19 16:12:17.420  4927  4927 I C01317/AppKit: [OH_APP298]configuration_: {"0#const.build.characteristics":"phone","0#input.pointer.device":"true","0#ohos.app.fontSizeScale":"nonFollowSystem","0#ohos.application.densitydpi":"xxxldpi","0#ohos.application.direction":"vertical","0#ohos.application.displayid":"0","0#ohos.system.colorMode":"light","0#ohos.system.colorMode.isSetByApp":"isSetByApp","0#ohos.system.fontSizeScale":"1.0","0#ohos.system.fontWeightScale":"1.0","0#ohos.system.hour":"false","0#ohos.system.language":"zh-Hans","0#ohos.system.locale":"zh-Hans"}, config: {"0#ohos.system.colorMode":"light","0#ohos.system.colorMode.isSetByApp":"isSetByApp"}
09-19 16:12:17.420  4927  4927 E C04217/WMSAttribute: UpdateConfigurationSyncForAll: root is null
09-19 16:12:17.422  4927  4927 I C01332/UIAbility: [JUA2177]JsUIAbility call js, name: onConfigurationUpdated
09-19 16:12:17.422  4927  4927 I C01332/UIAbility: [JUA2222]end, name: onConfigurationUpdated, time: 0
09-19 16:12:17.422  4927  4927 I C01332/UIAbility: [JUA2177]JsUIAbility call js, name: onConfigurationUpdate
09-19 16:12:17.422  4927  4927 I C01332/UIAbility: [JUA2222]end, name: onConfigurationUpdate, time: 0
09-19 16:12:17.424  4927  4927 W C01317/AppKit: [JAS919]Not found AbilityStage.js
09-19 16:12:17.424  4927  4927 W C01317/AppKit: [JAS919]Not found AbilityStage.js
09-19 16:12:17.425  4927  4927 I C01317/AppKit: [OH_APP322]ignoreWindowContext size 0
09-19 16:12:17.425  4927  4927 E C04217/WMSAttribute: UpdateConfigurationForAll: root is null
09-19 16:12:17.425  4927  4927 I C01332/UIAbility: [JUA2222]end, name: onCreate, time: 14
09-19 16:12:17.425  4927  4927 E C01332/UIAbility: [ui_ability_impl.cpp364]hasSaveData_: false
09-19 16:12:17.425  4927  4927 W C01332/UIAbility: [JUA1352]formatRegex: []
09-19 16:12:17.425  4927  4927 I C04202/WMSMain: Init: [requestId: 12][scbRequestId: 34]WindowScene with window session!
09-19 16:12:17.425  4927  4927 I C04202/WMSMain: Init: set isModuleAbilityHookEnd
09-19 16:12:17.426  4927  4927 I C0420a/WMSLife: WindowSessionImpl: nodeId: 21161303867393
09-19 16:12:17.426  4927  4927 I C01406/OHOS::RS: RSLogManager init log flag: 0x0(0)
09-19 16:12:17.427  4927  4927 I C01406/OHOS::RS: RSRenderServiceConnectHub call CreateConnection, needRefresh:[0]
09-19 16:12:17.428  4927  4927 I C01406/OHOS::RS: RSFrameRateLinker::Create id: 21161303867392
09-19 16:12:17.428  4927  4927 I C04202/WMSMain: VsyncStation: id 21161303867393 created
09-19 16:12:17.428  4927  4927 I C04200/WindowSceneSessionImpl: WindowSceneSessionImpl: [WMSCom] Constructor callaite0
09-19 16:12:17.429  4927  4927 E C04200/WMS: SetWindowType: permission denied!
09-19 16:12:17.429  4927  4927 I C0420a/WMSLife: Create: Window Create name:callaite0, state:0, mode:0
09-19 16:12:17.435  4927  4927 I C0420a/WMSLife: Create: SetIsAbilityHookOff 0
09-19 16:12:17.435  4927  4927 W C0420a/WMSLife: IsWindowSessionInvalid: id: 0 state_: 0
09-19 16:12:17.435  4927  4927 W C04200/WindowSceneSessionImpl: AdjustWindowAnimationFlag: session invalid!
09-19 16:12:17.435  4927  4927 I C04200/WindowSceneSessionImpl: Remove window flag WINDOW_FLAG_SHOW_WHEN_LOCKED
09-19 16:12:17.437  4927  4927 I C0420a/WMSLife: Connect: in
09-19 16:12:17.441  4927 19077 I C04208/WMSLayout: UpdateRect: [WindowRectUpdate:ClientRecv] UpdateRect id:0 name:callaite0, preRect=[0 0 0 0], newRect=[0 0 1308 2880], reason:23 displayId:0
09-19 16:12:17.441  4927 19077 I C04208/WMSLayout: NotifyFirstValidLayoutUpdate: Id:0, rect:[0 0 1308 2880]
09-19 16:12:17.441  4927 19077 W C04208/WMSLayout: NotifySingleHandTransformChange: id:0, uiContent is nullptr
09-19 16:12:17.442  4927  4927 I C01406/OHOS::RS: RSSurfaceNode::Unmarshalling, Node: 21161303867393, Name: callaite0
09-19 16:12:17.442  4927  4927 I C04208/WMSLayout: Connect: updateRect when connect.preRect:[0,0,1308,2880]rect:[0,0,1308,2880]
09-19 16:12:17.442  4927  4927 E C0421c/WMSCompat: ReadCombinedCompatibleConfig: combinedConfigSize: 0 fail to meet the conditions
09-19 16:12:17.443  4927  4927 I C0420a/WMSLife: Connect: Window Connect [name:callaite0, id:47, type:1], ret:0, oriDisplayId:0, curDisplayId:0
09-19 16:12:17.443  4927  4927 I C04204/WMSScb: RS multi-instance enabled: 1
09-19 16:12:17.443  4927  4927 I C01406/OHOS::RS: multi-instance, create RSUIContextManager, isMultiInstanceOpen_ 1
09-19 16:12:17.443  4927  4927 I C01406/OHOS::RS: RSRenderServiceConnectHub AddRenderProcessConnectionToken
09-19 16:12:17.443  4927  4927 I C01406/OHOS::RS: RSRenderServiceConnectHub::SetOnDiedCallback, code:0
09-19 16:12:17.443  4927  4927 I C01406/OHOS::RS: RSApplicationAgentImpl::RegisterRSApplicationAgent!
09-19 16:12:17.444  4927  4927 I C01406/OHOS::RS: RSUIDirector::GoCreate CurrentState:0, UIContext:21161303867393
09-19 16:12:17.444  4927  4927 I C01406/OHOS::RS: RSUIDirector::GoResume CurrentState:0, UIContext:21161303867393
09-19 16:12:17.444  4927  4927 I C01406/OHOS::RS: RSUIDirector::GoForeground CurrentState:1, UIContext:21161303867393
09-19 16:12:17.444  4927  4927 I C02c03/PARAM_WATCHER: Add watcher keyPrefix persist.sys.graphic.animationscale remoteWatcherId 113 success
09-19 16:12:17.444  4927  4927 I C04204/WMSScb: InitRSUIDirector: Create RSUIDirector: RSUIDirector's RSUIContext [token: 21161303867393, tid: 4927], rsUIContext: RSUIContext is null
09-19 16:12:17.444  4927  4927 I C0420a/WMSLife: PostInitSurfaceNode: post init surfaceNode success, name: callaite0
09-19 16:12:17.444  4927  4927 I C0421c/WMSCompat: SetAppHookWindowInfo: Id:47, preHookWindowInfo:[enableHookWindow: false, widthHookRatio: 1.000000, notifyWindowChange: false, drawableRectHook: false], newHookWindowInfo:[enableHookWindow: false, widthHookRatio: 1.000000, notifyWindowChange: false, drawableRectHook: false]
09-19 16:12:17.444  4927  4927 I C0421c/WMSCompat: SendCombinedCompatibleConfigToArkUI: bundleName: com.example.callaite, combinedCompatibleConfig size: 0
09-19 16:12:17.444  4927  4927 E C0421c/WMSCompat: SendCombinedCompatibleConfigToArkUI: Combined compatible config size is less than 2!
09-19 16:12:17.444  4927  4927 I C01406/OHOS::RS: RSSurfaceNode::SetAlphaChangedCallback, node=[21161303867393, callaite0]
09-19 16:12:17.444  4927  4927 I C04208/WMSLayout: SetWindowMode: windowId: 47, windowModeSupportType: 127, mode: 1
09-19 16:12:17.444  4927  4927 I C04208/WMSLayout: UpdateWindowModeImmediately: [WindowModeUpdate:Inner] UpdateWindowModeImmediately id:47, mode:1, splitStyle:0, splitIndex:0, state:1
09-19 16:12:17.446  4927  4927 I C04208/WMSLayout: NotifyWindowStatusChange: [WindowModeUpdate:Inner] NotifyWindowStatusChange id:47, mode:1, status:1, lastStatus:0, skipRedundant:0
09-19 16:12:17.446  4927  4927 I C04208/WMSLayout: SetConfigWindowLimitsVP: id:47, windowLimits:[0 0 0 0 0.000000 0.000000 1.000000 1]
09-19 16:12:17.446  4927  4927 I C04208/WMSLayout: GetSystemSizeLimits: systemLimitsPX: [6720 6720 1120 840 340282346638528859811704183484516925440.000000 0.000000 1.000000 0], systemLimitsVP: [1920 1920 320 240 340282346638528859811704183484516925440.000000 0.000000 1.000000 1], configMaxSize: 1920, vpr: 3.500000, winType: 1
09-19 16:12:17.446  4927  4927 I C04208/WMSLayout: UpdateWindowSizeLimits: [WindowLimitsUpdate:CalcLimits] SaveLimits id:47, px[minW:1120,minH:840,maxW:6720,maxH:6720] vp[minW:320,minH:240,maxW:1920,maxH:1920] vpr=3.500000
09-19 16:12:17.446  4927  4927 I C0421a/WMSLayoutPc: GetSupportedWindowModesConfiguration: winId: 47, windowModeSupportType: 15
09-19 16:12:17.446  4927  4927 I C04202/WMSMain: SetSupportedWindowModesForAncoInFreeWindow: is not anco app, need not update support window mode.
09-19 16:12:17.446  4927  4927 I C04208/WMSLayout: SetWindowModeSupportType: id:47, old:127, new:15
09-19 16:12:17.446  4927  4927 I C04208/WMSLayout: GetConfigurationFromAbilityInfo: windowId: 47, windowModeSupportType: 15, isAncoSupportFreeWindow: 0
09-19 16:12:17.447  4927  4927 I C0420f/WMSRecover: RegisterSessionRecoverCallbackFunc: persistentId=47
09-19 16:12:17.447  4927  4927 I C04217/WMSAttribute: UpdateStatusBarColorByColorMode: win=47, appColor=light
09-19 16:12:17.448  4927  4927 I C04200/WMS: IsMainHandlerAvailable: id:47, isAvailable:1
09-19 16:12:17.448  4927  4927 I C04200/WMS: IsMainHandlerAvailable: id:47, isAvailable:1
09-19 16:12:17.449  4927  4927 I C02800/MMIClient: [|267]Connection to server succeeded, fd:32
09-19 16:12:17.449  4927  4927 I C02800/MMIClient: [|166]Server was listening
09-19 16:12:17.449  4927  4927 I C02800/MMIClient: [|127]reuse current event handler, thread name:
09-19 16:12:17.449  4927  4927 I C02800/MMIClient: [|130]File fd is in listening
09-19 16:12:17.449  4927  4927 I C0420c/WMSEvent: AddInputWindow: SetWindowInputEventConsumer success, wid:47
09-19 16:12:17.451  4927  4927 I C04732/GameController: [(RegisterEntryModule:24)]begin load gamecontroller_event
09-19 16:12:17.451  4927  4927 I C04732/GameController: [(StartInputToTouch:61)]Begin StartInputToTouch
09-19 16:12:17.453  4927  4927 I C04217/WMSAttribute: ConnectServer: start connect
09-19 16:12:17.453  4927  4927 I C04217/WMSAttribute: ConnectServer: end connect
09-19 16:12:17.453  4927  4927 W C04217/WMSAttribute: RegisterGetWMSWindowListCallback: callback has registered
09-19 16:12:17.453  4927  4927 I C04217/WMSAttribute: RegisterGetWMSWindowListCallback: winId: 47
09-19 16:12:17.453  4927  4927 I C04217/WMSAttribute: UpdateColorMode: winId: 47, colorMode: light
09-19 16:12:17.453  4927  4927 I C04218/WMSPc: UpdateSidebarBlurStyleWhenColorModeChange: in, persistentId=47
09-19 16:12:17.453  4927  4927 W C04218/WMSPc: UpdateSidebarBlurStyleWhenColorModeChange: RSAnimatableProperty is null
09-19 16:12:17.453  4927  4927 I C04217/WMSAttribute: UpdateColorMode: winId: 47, colorMode: light, hasDarkRes: 1
09-19 16:12:17.453  4927  4927 I C0421c/WMSCompat: SetPcAppInpadSpecificSystemBarInvisible: isPcAppInpadSpecificSystemBarInvisible: 0
09-19 16:12:17.453  4927  4927 I C0421c/WMSCompat: SetPcAppInpadOrientationLandscape: isPcAppInpadOrientationLandscape: 0
09-19 16:12:17.453  4927  4927 I C0420a/WMSLife: Create: Window Create success [name:callaite0, id:47], state:1, mode:1, enableDefaultDensity:0, displayId:0
09-19 16:12:17.453  4927  4927 E C04200/WMS: singleton_container.cpp GetSingleton: cant get OHOS::Rosen::WindowInfoReporter
09-19 16:12:17.454  4927  4927 I C01332/UIAbility: [JUA2177]JsUIAbility call js, name: onWindowStageCreate
09-19 16:12:17.454  4927  4927 I A00001/EntryAbility: Ability onWindowStageCreate
09-19 16:12:17.454  4927  4927 I A03d00/JSAPP: [DataStore] Loading 2 .md files from /data/storage/el2/base/haps/entry/files/graph
09-19 16:12:17.454  4927  4927 W A03d00/JSAPP: [DataStore] Empty or unreadable file: 2026-09-19.md
09-19 16:12:17.455  4927  4927 I A03d00/JSAPP: [DataStore] Graph loaded. Pages: 1
09-19 16:12:17.456  4927 19086 I C01610/KvStoreServiceDeathNotifier: [a92ab143e16f4ea, 0, 0] AddServiceDeathWatcher: Success set size: <private>
09-19 16:12:17.456  4927 19086 I C01610/KvStoreServiceDeathNotifier: [a92ab143e16f4ea, 0, 0] GetDistributedKvDataService: Create remote proxy.
09-19 16:12:17.457  4927 19086 I C01610/DataMgrServiceProxy: [a92ab143e16f4ea, 0, 0] DataMgrServiceProxy: Init data service proxy.
09-19 16:12:17.457  4927 19086 I C01610/KvStoreServiceDeathNotifier: [a92ab143e16f4ea, 0, 0] ServiceDeathRecipient: Constructor.
09-19 16:12:17.458  4927 19101 I C04732/GameController: [(GetSelfBundleName:49)]The current bundleName [com.example.callaite]. version [1.0.0]
09-19 16:12:17.458  4927 19101 I C04732/GameController: [(IsCommonApp:94)]The [com.example.callaite] is a common app.
09-19 16:12:17.458  4927 19101 W C04732/GameController: [(ReadJsonFromFile:224)]realpath failed for [/data/service/el1/public/for-all-app/gamecontroller_server/game_support_key_mapping.json]
09-19 16:12:17.461  4927 19086 I C01610/KvStoreClientDeathObserver: [a92ab143e16f4ea, 0, 0] KvStoreClientDeathObserver: This client death observer
09-19 16:12:17.461  4927 19101 I C04732/GameController: [(SetSupportKeyMapping:73)]SetSupportKeyMapping. isSupportKeyMapping_ is [0]
09-19 16:12:17.462  4927 19101 I C04732/GameController: [(DoAsyncTask:76)]The app does not support input-to-touch feature.
09-19 16:12:17.463  4927 19086 I C01610/DataMgrServiceProxy: [a92ab143e16f4ea, 0, 0] GetFeatureInterface: get feature:kv_store
09-19 16:12:17.465  4927 19103 E C01b00/DistributedAccountFwk: Read result failed, code is: 8.
09-19 16:12:17.466  4927  4927 E C01317/AppKit: [context_impl.cpp1466]create dir /data/storage/el2/cloud failed, errno is 13
09-19 16:12:17.466  4927  4927 E C01317/AppKit: [context_impl.cpp1466]create dir /data/storage/el2/cloud failed, errno is 13
09-19 16:12:17.466  4927  4927 E C01317/AppKit: [context_impl.cpp1466]create dir /data/storage/el2/cloud failed, errno is 13
09-19 16:12:17.466  4927  4927 E C04388/file_api: [prop_n_exporter.cpp:456->MkdirExec] Failed to create directories, error: 13
09-19 16:12:17.466  4927 19102 E C01b00/DistributedAccountFwk: Read result failed, code is: 8.
09-19 16:12:17.467  4927 19086 I C01630/DistributedDB: [a92ab143e16f4ea, 0, 0] before open db,db file: [size: 65536, mtime: 1789792123, inode: 824462]; db wal file: [size: 0, mtime: 1789792123, inode: 824463]; db shm file: [size: 32768, mtime: 1789801870, inode: 824466]; db dwr file: [stat() failed, errCode: -1, errno: 2]; 
09-19 16:12:17.468  4927  4927 I A03d00/JSAPP: [PluginManager] Initialized 4 plugins
09-19 16:12:17.469  4927  4927 I C01317/AppKit: [OH_APP1240]current 2, pre 0
09-19 16:12:17.469  4927  4927 W C01317/AppKit: [OH_APP1269]fontSize empty
09-19 16:12:17.469  4927  4927 I C01317/AppKit: [OH_APP1300]current 2, pre 0
09-19 16:12:17.469  4927  4927 W C01317/AppKit: [OH_APP1304]language empty
09-19 16:12:17.469  4927  4927 W C01317/AppKit: [OH_APP1323]language and locale empty
09-19 16:12:17.469  4927  4927 I C01317/AppKit: [OH_APP298]configuration_: {"0#const.build.characteristics":"phone","0#input.pointer.device":"true","0#ohos.app.fontSizeScale":"nonFollowSystem","0#ohos.application.densitydpi":"xxxldpi","0#ohos.application.direction":"vertical","0#ohos.application.displayid":"0","0#ohos.system.colorMode":"light","0#ohos.system.colorMode.isSetByApp":"isSetByApp","0#ohos.system.fontSizeScale":"1.0","0#ohos.system.fontWeightScale":"1.0","0#ohos.system.hour":"false","0#ohos.system.language":"zh-Hans","0#ohos.system.locale":"zh-Hans"}, config: {"0#ohos.system.colorMode":"light","0#ohos.system.colorMode.isSetByApp":"isSetByApp"}
09-19 16:12:17.470  4927 19086 I C01630/DistributedDB: [a92ab143e16f4ea, 0, 0] [SqlUp] meta[0] label[3] flag[0] ver[104]
09-19 16:12:17.471  4927 19086 I C01630/DistributedDB: [a92ab143e16f4ea, 0, 0] [KVDB] [StartSyncerWithNoLock] [uüª] event=3
09-19 16:12:17.471  4927  4927 E C04217/WMSAttribute: UpdateConfigurationSync: uiContent null, scene win=47, display=0
09-19 16:12:17.471  4927  4927 E C04217/WMSAttribute: UpdateConfigurationSyncForAll: root is null
09-19 16:12:17.471  4927  4927 I C01332/UIAbility: [JUA2177]JsUIAbility call js, name: onConfigurationUpdated
09-19 16:12:17.471  4927  4927 I C01332/UIAbility: [JUA2222]end, name: onConfigurationUpdated, time: 0
09-19 16:12:17.471  4927  4927 I C01332/UIAbility: [JUA2177]JsUIAbility call js, name: onConfigurationUpdate
09-19 16:12:17.471  4927  4927 I C01332/UIAbility: [JUA2222]end, name: onConfigurationUpdate, time: 0
09-19 16:12:17.471  4927  4927 W C01317/AppKit: [JAS919]Not found AbilityStage.js
09-19 16:12:17.471  4927  4927 W C01317/AppKit: [JAS919]Not found AbilityStage.js
09-19 16:12:17.471  4927  4927 I C01317/AppKit: [OH_APP322]ignoreWindowContext size 0
09-19 16:12:17.471  4927  4927 E C04217/WMSAttribute: UpdateConfiguration: uiContent null, scene win=47, display=0
09-19 16:12:17.471  4927  4927 I C04217/WMSAttribute: UpdateStatusBarColorByColorMode: win=47, appColor=light
09-19 16:12:17.471  4927 19086 I C01630/DistributedDB: [a92ab143e16f4ea, 0, 0] db id:75fcaa, dir:485848
09-19 16:12:17.472  4927 19086 E C01610/StoreUtil: [a92ab143e16f4ea, 0, 0] SetServiceGid: file not exit, filePath:/da***.db ,code:2
09-19 16:12:17.472  4927 19086 I C01610/KvStoreServiceDeathNotifier: [a92ab143e16f4ea, 0, 0] AddServiceDeathWatcher: Success set size: <private>
09-19 16:12:17.472  4927  4927 E C04217/WMSAttribute: UpdateConfigurationForAll: root is null
09-19 16:12:17.472  4927  4927 I C04200/JsWindowStage: LoadContent: [NAPI]
09-19 16:12:17.472  4927  4927 I C01332/UIAbility: [JUA2222]end, name: onWindowStageCreate, time: 18
09-19 16:12:17.472  4927  4927 I C0420a/WMSLife: NotifyWindowStageCreateFinished: id: 47
09-19 16:12:17.472  4927  4927 I C01332/UIAbility: [JUA2177]JsUIAbility call js, name: onWillForeground
09-19 16:12:17.472  4927  4927 I C01332/UIAbility: [JUA2222]end, name: onWillForeground, time: 0
09-19 16:12:17.472  4927  4927 I C04202/WMSMain: GoForeground: [requestId: 12][scbRequestId: 34]reason: 4 isGamePreLaunch: 0
09-19 16:12:17.472  4927  4927 I C0420a/WMSLife: Show: [requestId: 12][scbRequestId: 34]Window show [name: callaite0, id: 47, type: 1], reason: 4, state:1, requestState:1
09-19 16:12:17.473  4927  4927 I C04208/WMSLayout: GetSystemSizeLimits: systemLimitsPX: [6720 6720 1120 840 340282346638528859811704183484516925440.000000 0.000000 1.000000 0], systemLimitsVP: [1920 1920 320 240 340282346638528859811704183484516925440.000000 0.000000 1.000000 1], configMaxSize: 1920, vpr: 3.500000, winType: 1
09-19 16:12:17.473  4927  4927 I C04208/WMSLayout: UpdateWindowSizeLimits: [WindowLimitsUpdate:CalcLimits] SaveLimits id:47, px[minW:1120,minH:840,maxW:6720,maxH:6720] vp[minW:320,minH:240,maxW:1920,maxH:1920] vpr=3.500000
09-19 16:12:17.473  4927  4927 I C04217/WMSAttribute: IsSystemDensityChanged: windowId: 47, lastDensity: -1.000000, currDensity: 3.500000
09-19 16:12:17.474  4927  4927 W C04200/WindowSessionImpl: UpdateViewportConfig: uiContent is null!
09-19 16:12:17.474  4927  4927 I C01332/UIAbility: [ui_ability_impl.cpp489]wnd call, AfterForeground
09-19 16:12:17.474  4927  4927 I C01406/OHOS::RS: RSFrameRateLinker::Create id: 21161303867393
09-19 16:12:17.484  4927 19071 I C04207/WMSFocus: ProcessUpdateFocus: unfocusId:11, focusId:47, isFocused:1,isSyncNotify:0, old:0, new:1789805537233, current:1789805537484
09-19 16:12:17.484  4927 19071 I C04207/WMSFocus: UpdateFocusState: focus: 1, id: 47
09-19 16:12:17.484  4927 19071 I C04207/WMSFocus: NotifyApplicationFocusChangedResult: 1
09-19 16:12:17.484  4927 19071 I C04207/WMSFocus: ProcessNotifyHighlightChange: timeStamp:1789805537233, highlightId:47, isHighlight:1,isSyncNotify:0, old:0, new:1789805537233, current:1789805537484
09-19 16:12:17.484  4927 19071 I C04207/WMSFocus: NotifyHighlightChange: windowId: 47, isHighlight: 1,
09-19 16:12:17.484  4927 19072 E C0420a/WMSLife: NotifyUIExtHostRectChangeInGlobalDisplayListeners: uiContent is null
09-19 16:12:17.484  4927 19072 W C04208/WMSLayout: NotifySingleHandTransformChange: id:47, uiContent is nullptr
09-19 16:12:17.485  4927 19108 W C057c1/IPCWorkThread: ThreadHandler: proto:0 policy:0 name:OS_IPC_4_19108 invoker:10175056
09-19 16:12:17.486  4927  4927 E C01706/ueaClient-RmeCoreSched: [Init]: do not enabled!ret: -1
09-19 16:12:17.486  4927  4927 I C01706/ueaClient-FrameMsgMgr: [Init]:inited success!
09-19 16:12:17.486  4927  4927 I C01706/ueaClient-FrameUiIntf: [Init]:ret:1, inited:1
09-19 16:12:17.486  4927  4927 I C04217/WMSAttribute: InitWaterfallMode: winId: 47
09-19 16:12:17.486  4927  4927 I C04217/WMSAttribute: NotifyWaterfallModeChange: winId: 47, waterfall: 0, stat: 2
09-19 16:12:17.486  4927  4927 I C04202/WMSMain: NotifyFreeMultiWindowModeResume: IsPcMode 0, isColdStart 1
09-19 16:12:17.486  4927  4927 I C0420a/WMSLife: Show: [requestId: 12][scbRequestId: 34]Window show success [name:callaite0, id:47, type:1]
09-19 16:12:17.487  4927  4927 W C04201/DMS: OnDisplayInfoChange: data is not changed.
09-19 16:12:17.489  4927  4927 I C01332/UIAbility: [JUA2177]JsUIAbility call js, name: onForeground
09-19 16:12:17.489  4927  4927 I A00001/EntryAbility: Ability onForeground
09-19 16:12:17.489  4927  4927 I C01332/UIAbility: [JUA2222]end, name: onForeground, time: 0
09-19 16:12:17.492  4927  4927 E C01651/data_share_manager_impl: RegisterClientDeathObserver: RegisterClientDeathObserver failed, bundleName is com.example.callaite
09-19 16:12:17.492  4927  4927 E C01651/data_share_manager_impl: GetDataShareServiceProxy: RegisterClientDeathObserver failed
09-19 16:12:17.494  4927 19108 E C01651/data_share_manager_impl: RegisterClientDeathObserver: RegisterClientDeathObserver failed, bundleName is com.example.callaite
09-19 16:12:17.494  4927 19108 E C01651/data_share_manager_impl: GetDataShareServiceProxy: RegisterClientDeathObserver failed
09-19 16:12:17.494  4927 19108 I C01651/data_share_manager_impl: operator(): RecoverObs start
09-19 16:12:17.506  4927  4927 I C05405/CompConfigClient: GetConfigByApp: GetDataShareData return 0 result
09-19 16:12:17.506  4927  4927 E C01301/Ability: [page_config_manager.cpp62]configJson_ is empty
09-19 16:12:17.508  4927  4927 I C02d11/DfxUnwinder: UnwindLocal:: fpUnwind: 0
09-19 16:12:17.508  4927  4927 W C01320/JsEnv: [source_map.cpp145]the stack without line info
09-19 16:12:17.509  4927  4927 I C02d11/DfxUnwinder: UnwindLocal:: fpUnwind: 0
09-19 16:12:17.509  4927  4927 W C01320/JsEnv: [source_map.cpp145]the stack without line info
09-19 16:12:17.509  4927  4927 I A00001/EntryAbility: Huawei account refreshed: 
09-19 16:12:17.509  4927  4927 I C01612/JsKVManager: operator(): output delete reference success
09-19 16:12:17.509  4927  4927 I C01612/JsSingleKVStore: operator(): subscribe to event:dataChange
09-19 16:12:17.509  4927  4927 I C01612/JsSingleKVStore: OnDataChange: subscribe data change type 2
09-19 16:12:17.509  4927  4927 I C01630/DistributedDB: [KvStoreNbDelegate][RegisterDeviceObserver] Register device observer ok mode:1
09-19 16:12:17.510  4927  4927 I C01610/KvStoreObserverClient: KvStoreObserverClient: Start
09-19 16:12:17.511  4927  4927 I A03d00/JSAPP: [Collaboration] KVStore initialized
09-19 16:12:17.511  4927  4927 I C01332/UIAbility: [JUA2177]JsUIAbility call js, name: onDidForeground
09-19 16:12:17.511  4927  4927 I C01332/UIAbility: [JUA2222]end, name: onDidForeground, time: 0
09-19 16:12:17.511  4927  4927 I C04202/WMSMain: GoResume: in isGamePreLaunch: 0
09-19 16:12:17.511  4927  4927 I C0420a/WMSLife: SetUIContentInner: pages/Index, state:2, persistentId: 47
09-19 16:12:17.511  4927  4927 I C0420a/WMSLife: NotifySetUIContentComplete: start
09-19 16:12:17.512  4927  4927 I C0420a/WMSLife: SetUIContentComplete: persistentId=47
09-19 16:12:17.512  4927  4927 I C0420a/WMSLife: InitUIContent: start
09-19 16:12:17.512  4927  4927 I C0420a/WMSLife: DestroyExistUIContent: start
09-19 16:12:17.512  4927  4927 I C03900/Ace: [(-1:-1:undefined)] CreateUIContent.
09-19 16:12:17.512  4927  4927 I C03934/AceUIEvent: [(-1:-1:undefined)] report ace loaded
09-19 16:12:17.512  4927  4927 I C04707/HaAceEngine: OnAceLoaded end
09-19 16:12:17.513  4927 19081 W C04707/HaClient: =========Invalid Client=========
09-19 16:12:17.513  4927  4927 I C03900/Ace: [(-2:-1:undefined)] Create ace bg threads pool.
09-19 16:12:17.513  4927  4927 I C03900/Ace: [(-2:-1:undefined)] Init RenderService UniRender Type:0
09-19 16:12:17.515  4927 19108 I C04208/WMSLayout: NotifyWindowStatusDidChange: [WindowModeUpdate:Inner] NotifyWindowStatusDidChange id:47, mode:1, status:1, lastStatus:0, listenerSize:0, rect:[0 0 1308 2880]
09-19 16:12:17.515  4927  4927 W C01409/APS_MANAGER: redo Connect
09-19 16:12:17.515  4927  4927 I C01409/APS_MANAGER: Start to ConnectService
09-19 16:12:17.515  4927  4927 I C01409/APS_MANAGER: GetSystemAbilityManager success
09-19 16:12:17.516  4927 19112 I C03900/Ace: [(-1:-1:undefined)] dlsym function ReportData success.
09-19 16:12:17.516  4927  4927 I C01409/APS_MANAGER: GetSystemAbility success
09-19 16:12:17.516  4927 19112 I C03900/Ace: [(-1:-1:undefined)] dlsym function ReportSyncEvent success.
09-19 16:12:17.516  4927  4927 I C03900/Ace: [(-2:-1:undefined)] [com.example.callaite][entry][-1]: UIContent: apiCompatibleVersion: 60101024, apiTargetVersion: 260000026, and apiReleaseType: Release, useNewPipe: 1, enableCustomComponentCrossAbility: 0
09-19 16:12:17.517  4927  4927 I C02c03/PARAM_WATCHER: Add watcher keyPrefix persist.sys.arkui.animationscale remoteWatcherId 113 success
09-19 16:12:17.518  4927  4927 E C03900/Ace: [(-2:-1:undefined)] ConfigParserBase read system file failed
09-19 16:12:17.518  4927  4927 W C03900/Ace: [(-2:-1:undefined)] ArkUiFeatureParamManager failed to load xml file
09-19 16:12:17.518  4927  4927 E C03900/Ace: [(-2:-1:undefined)] ConfigParserBase read system UI correction config file failed
09-19 16:12:17.518  4927  4927 W C03900/Ace: [(-2:-1:undefined)] ArkUiFeatureParamManager failed to load UI correction config file
09-19 16:12:17.520  4927  4927 I C05405/CompConfigClient: SubscribeEvent_: SubscriberEvent, ret: 1
09-19 16:12:17.531  4927  4927 I C05405/CompConfigClient: GetConfigByApp: GetDataShareData return 0 result
09-19 16:12:17.531  4927  4927 W C03900/Ace: [(-2:-1:undefined)] FeatureManager get config failed, key:UICorrectionStrategy ret:1
09-19 16:12:17.531  4927  4927 W C03900/Ace: [(-2:-1:undefined)] FeatureParamManager get UICorrectionStrategy from FeatureManager failed
09-19 16:12:17.534  4927  4927 I C03900/Ace: [(-2:-1:undefined)] SetLocale language tag: zh-Hans, font locale: zh-Hans, select language: zh-CN
09-19 16:12:17.534  4927  4927 I C03900/Ace: [(-2:-1:undefined)] [com.example.callaite][entry][-1]: SetLanguage: zh, colorMode: light, deviceAccess: 1
09-19 16:12:17.534  4927  4927 I C03900/Ace: [(-2:-1:undefined)] [com.example.callaite][entry][-1]: Initialize UIContent isModelJson:true
09-19 16:12:17.536  4927  4927 I C03922/AceNavigation: [(-2:-1:undefined)] subscribe hsp Update successfully
09-19 16:12:17.536  4927  4927 I C03900/Ace: [(100000:100000:scope)] SetHapPath, Use hap path to load resource
09-19 16:12:17.536  4927  4927 I C04217/WMSAttribute: RegisterWaterfallModeChangeListener: winId: 47
09-19 16:12:17.537  4927  4927 I C04200/WMS: GetSurfaceNode: name:callaite0, id:47
09-19 16:12:17.537  4927  4927 I C04200/WMS: GetSurfaceNode: name:callaite0, id:47
09-19 16:12:17.537  4927  4927 I C03900/Ace: [(100000:100000:scope)] SetRSSurfaceNode 21161303867393 with rs multi
09-19 16:12:17.537  4927  4927 I C01406/OHOS::RS: RSUIContext::AttachFromUI. token: 21161303867393 uiPiplineNum: -1
09-19 16:12:17.537  4927  4927 I C01406/OHOS::RS: RSUIContext::SetUITaskRunner, Context token:21161303867393
09-19 16:12:17.538  4927  4927 I C03925/AceRouter: [(100000:100000:scope)] createManager, deviceType: 0
09-19 16:12:17.539  4927  4927 W C03900/Ace: [(100000:100000:scope)] Invalid config:zh_Hans-long-notround-vertical-light-phone-xxxhdpi
09-19 16:12:17.539  4927  4927 I C01406/OHOS::RS: RSUIDirector::GoBackground CurrentState:2, UIContext:21161303867393
09-19 16:12:17.540  4927  4927 I C01406/OHOS::RS: RSSurfaceNode::SetAbilityState, surfaceNodeId:[21161303867393], ability state: background
09-19 16:12:17.540  4927  4927 I C03900/Ace: [(100000:100000:scope)] set translateManager to pipeline, instanceId:100000
09-19 16:12:17.540  4927  4927 I C0421d/WMSRotation: RegisterOrientationChangeListener: in
09-19 16:12:17.540  4927  4927 I C03900/Ace: [(100000:100000:scope)] AddPersistAfterLayoutTask size: 1
09-19 16:12:17.540  4927  4927 I C03919/AceInputTracking: [(100000:100000:scope)] Debug touch pass mode 0
09-19 16:12:17.541  4927  4927 E C03934/AceUIEvent: [(100000:100000:scope)] AceTransform load failed: Error loading shared library /system/lib64/libtransform_interaction_ext.z.so: No such file or directory
09-19 16:12:17.541  4927  4927 I C03937/AceResource: [(100000:100000:scope)] ResourceAdapter UpdateResConfig with colorMode light
09-19 16:12:17.541  4927  4927 W C03900/Ace: [(100000:100000:scope)] not found systemTheme in HapModuleInfo, loading default OHOS_THEME
09-19 16:12:17.541  4927  4927 I C03900/Ace: [(100000:100000:scope)] Cannot Get File List from resources/styles/
09-19 16:12:17.541  4927  4927 W C03900/Ace: [(100000:100000:scope)] GetAsset failed: resources/styles/default.json
09-19 16:12:17.549  4927  4927 I C01406/OHOS::RS: RSRootNode::Create, Node:21161303867395, Token:21161303867393
09-19 16:12:17.549  4927  4927 I C03900/Ace: [(100000:100000:scope)] root node OnAttachToFrameNode, id:0
09-19 16:12:17.549  4927  4927 I C03900/Ace: [(100000:100000:scope)] Rosenwindow set root, rsId:21161303867395
09-19 16:12:17.549  4927  4927 I C01406/OHOS::RS: RSRootNode::AttachRSSurfaceNode, SurfaceNode:21161303867393, Node:21161303867395
09-19 16:12:17.549  4927  4927 I C03900/Ace: [(100000:100000:scope)] AddPersistAfterLayoutTask size: 2
09-19 16:12:17.555  4927  4927 I C03900/Ace: [(100000:100000:scope)] focusWindowId: 0, realHostWindowId: 0
09-19 16:12:17.556  4927  4927 I C03900/Ace: [(100000:100000:scope)] [com.example.callaite][entry][100000]: window focus
09-19 16:12:17.556  4927  4927 I C02c03/PARAM_WATCHER: Add watcher keyPrefix debug.graphic.frame remoteWatcherId 113 success
09-19 16:12:17.557  4927  4927 E C03900/Ace: [(100000:100000:scope)] ERROR EACCES
09-19 16:12:17.557  4927  4927 E C03900/Ace: [(100000:100000:scope)] ERROR EACCES
09-19 16:12:17.557  4927  4927 I C03900/Ace: [(100000:100000:scope)] ArkUIInvisibleFreeze: 0
09-19 16:12:17.557  4927  4927 I C03900/Ace: [(100000:100000:scope)] [com.example.callaite][entry][100000]: SetMinPlatformVersion is 60101024
09-19 16:12:17.557  4927  4927 I C04209/WMSImms: RegisterAvoidAreaChangeListener: win 47
09-19 16:12:17.559  4927  4927 E C04200/IMockSessionManager: Read result failed, code is: 4.
09-19 16:12:17.559  4927  4927 E C04200/IMockSessionManager: Read result failed, code is: 4.
09-19 16:12:17.560  4927  4927 I C04200/WMS: InitSessionManagerServiceProxy: Init success, userId=-1
09-19 16:12:17.560  4927  4927 I C04200/WMS: InitSceneSessionManagerLiteProxy: Init success, userId=-1
09-19 16:12:17.560  4927  4927 I C04204/WMSScb: InitSceneSessionManagerProxy: enter, userId=-1
09-19 16:12:17.560  4927  4927 I C04204/WMSScb: GetSceneSessionManagerProxy: init first time, userId=-1
09-19 16:12:17.563  4927 19108 I C04208/WMSLayout: UpdateRect: [WindowRectUpdate:ClientRecv] UpdateRect id:47 name:callaite0, preRect=[0 0 1308 2880], newRect=[0 0 1308 2880], reason:23 displayId:0
09-19 16:12:17.565  4927  4927 I C04209/WMSImms: GetAvoidAreaByType: win 47 type not supported
09-19 16:12:17.565  4927  4927 I C03917/AceSafeArea: [(100000:100000:scope)] InitializeSafeArea systemInsets:SafeAreaInsets left_: [start: 0, end: 0], top_: [start: 0, end: 136], right_: [start: 0, end: 0], bottom_: [start: 0, end: 0], cutoutInsets:SafeAreaInsets left_: [start: 0, end: 0], top_: [start: 50, end: 128], right_: [start: 0, end: 0], bottom_: [start: 0, end: 0], navInsets:SafeAreaInsets left_: [start: 0, end: 0], top_: [start: 0, end: 0], right_: [start: 0, end: 0], bottom_: [start: 2782, end: 2880], floatNavInsets:SafeAreaInsets left_: [start: 0, end: 0], top_: [start: 0, end: 0], right_: [start: 0, end: 0], bottom_: [start: 0, end: 0]
09-19 16:12:17.566  4927  4927 I C0394e/AceWindow: [(100000:100000:scope)] Initialize displayId: 0, availableRect: [0, 0, 1308, 2880]
09-19 16:12:17.566  4927  4927 I C03900/Ace: [(100000:100000:scope)] Failed to open libthp_extra_innerapi.z.so, reason: Error loading shared library /system/lib64/libthp_extra_innerapi.z.so: No such file or directory
09-19 16:12:17.566  4927  4927 I C03900/Ace: [(-2:100000:singleton)] [com.example.callaite][entry][100000]: Initialize: pages/Index
09-19 16:12:17.566  4927  4927 I C03900/Ace: [(100000:100000:scope)] RunPage:pages/Index
09-19 16:12:17.566  4927  4927 W C03900/Ace: [(100000:100000:scope)] GetAsset failed: manifest.json
09-19 16:12:17.566  4927  4927 I C04200/WMS: InitUIContent: [0, 0]
09-19 16:12:17.567  4927  4927 I C0420a/WMSLife: RegisterUIContenCallback: start
09-19 16:12:17.567  4927  4927 I C04208/WMSLayout: SetUIContentInner: single hand, id:47, posX:0, posY:0, scaleX:1.000000, scaleY:1.000000
09-19 16:12:17.567  4927  4927 I C04219/WMSDecor: UpdateDecorEnable: decorVisible:1, isDockAutoHide:0, isDecorHiddenByApp:0, isMaximizeInvoked:0, id:47
09-19 16:12:17.567  4927  4927 I C03900/Ace: [(-2:100000:singleton)] [com.example.callaite][entry][100000]: UpdateWindowVisible: 1, hasDecor: 0
09-19 16:12:17.567  4927  4927 I C03900/Ace: [(-2:100000:singleton)] [com.example.callaite][entry][100000]: NotifyWindowMode mode = 1
09-19 16:12:17.567  4927 19117 I C02c03/PARAM_WATCHER: Add watcher keyPrefix persist.ace.trace.layout.enabled remoteWatcherId 113 success
09-19 16:12:17.567  4927 19118 I C03951/InputKeyFlow: [(-1:100000:singleton)] Subscribe touch.events.pass.through Event
09-19 16:12:17.569  4927  4927 I C03900/Ace: [(-2:100000:singleton)] [com.example.callaite][entry][100000]: window foreground
09-19 16:12:17.570  4927  4927 I C03900/Ace: [(100000:100000:scope)] Update application state , state: ON_SHOW
09-19 16:12:17.570  4927  4927 I C01406/OHOS::RS: RSUIDirector::GoForeground CurrentState:3, UIContext:21161303867393
09-19 16:12:17.570  4927  4927 I C01406/OHOS::RS: RSSurfaceNode::SetAbilityState, surfaceNodeId:[21161303867393], ability state: foreground
09-19 16:12:17.570  4927  4927 I C03900/Ace: [(100000:100000:scope)] ArkUI requests first Vsync.
09-19 16:12:17.570  4927  4927 I C04202/WMSMain: RequestVsync: First vsync has requested, nodeId: 21161303867393
09-19 16:12:17.571  4927 19117 I C02c03/PARAM_WATCHER: Add watcher keyPrefix persist.ace.trace.inputevent.enabled remoteWatcherId 113 success
09-19 16:12:17.571  4927  4927 I C03959/AceLayout: [(-2:100000:singleton)] UVC Viewport config: size: (1308, 2880) orientation: 0 density: 3.500000 position: (0, 0) transformHint: 0 displayId: 0 forceSplitDisplayConfig: disable forceSplit, mode: 0, WSCR 0, IRN 1, , keyboardInfo is null
09-19 16:12:17.571  4927  4927 I C03922/AceNavigation: [(100000:100000:scope)] disable forceSplit, mode:0
09-19 16:12:17.571  4927  4927 I C04208/WMSLayout: UpdateViewportConfig: Id: 47, reason: 0, viewportRect: [0 0 1308 2880], displayOrientation: 0, config[0, 0, 0, 3.500000]
09-19 16:12:17.571  4927  4927 I C03900/Ace: [(-2:100000:singleton)] [com.example.callaite][entry][100000]: window focus
09-19 16:12:17.571  4927  4927 I C03900/Ace: [(-2:100000:singleton)] [com.example.callaite][entry][100000]:window active
09-19 16:12:17.571  4927  4927 I C02d11/DfxUnwinder: UnwindLocal:: fpUnwind: 0
09-19 16:12:17.571  4927 19117 I C02c03/PARAM_WATCHER: Add watcher keyPrefix const.security.developermode.state remoteWatcherId 113 success
09-19 16:12:17.572  4927 19117 I C02c03/PARAM_WATCHER: Add watcher keyPrefix persist.ace.debug.statemgr.enabled remoteWatcherId 113 success
09-19 16:12:17.572  4927 19117 I C02c03/PARAM_WATCHER: Add watcher keyPrefix persist.ace.debug.boundary.enabled remoteWatcherId 113 success
09-19 16:12:17.572  4927 19117 I C02c03/PARAM_WATCHER: Add watcher keyPrefix persist.ace.performance.monitor.enabled remoteWatcherId 113 success
09-19 16:12:17.575  4927  4927 W C01320/JsEnv: [source_map.cpp145]the stack without line info
09-19 16:12:17.575  4927  4927 I A00001/EntryAbility: Succeeded in loading the content.
09-19 16:12:17.576  4927  4927 I C04200/JsWindowStage: Window [47, callaite0] load content end, ret=0
09-19 16:12:17.576  4927  4927 I C04209/WMSImms: NotifyAvoidAreaChange: win 47 api 26 type 0 area top [0 0 1308 136] 
09-19 16:12:17.576  4927  4927 I C04209/WMSImms: NotifyAvoidAreaChange: win 47 api 26 type 1 area top [615 50 78 78] 
09-19 16:12:17.576  4927  4927 I C04209/WMSImms: NotifyAvoidAreaChange: win 47 api 26 type 2 area empty
09-19 16:12:17.576  4927  4927 I C04209/WMSImms: NotifyAvoidAreaChange: win 47 api 26 type 3 area empty
09-19 16:12:17.576  4927  4927 I C04209/WMSImms: NotifyAvoidAreaChange: win 47 api 26 type 4 area bottom [425 2782 458 98] 
09-19 16:12:17.577  4927  4927 I C03922/AceNavigation: [(100000:100000:scope)] disable forceSplit, mode:0
09-19 16:12:17.577  4927  4927 I C04208/WMSLayout: UpdateViewportConfig: Id: 47, reason: 23, viewportRect: [0 0 1308 2880], displayOrientation: 0, config[0, 0, 0, 3.500000]
09-19 16:12:17.577  4927  4927 I C03900/Ace: [(100000:100000:scope)] Update application state , state: ON_ACTIVE
09-19 16:12:17.578  4927  4927 I C0391c/AceFocus: [(100000:100000:scope)] Window: 47 get focus.
09-19 16:12:17.578  4927  4927 W C0391c/AceFocus: [(100000:100000:scope)] Current focus view can not found!
09-19 16:12:17.578  4927  4927 I C0391c/AceFocus: [(100000:100000:scope)] Request focus on rootFocusHub: root/0
09-19 16:12:17.578  4927  4927 I C03922/AceNavigation: [(100000:100000:scope)] disable forceSplit, mode:0
09-19 16:12:17.579  4927  4927 I C04208/WMSLayout: UpdateViewportConfig: Id: 47, reason: 23, viewportRect: [0 0 1308 2880], displayOrientation: 0, config[0, 0, 0, 3.500000]
09-19 16:12:17.579  4927  4927 I C03925/AceRouter: [(100000:100000:scope)] Page router manager is creating page[1]: url: pages/Index path: pages/Index.js, recoverable: yes, namedRouter: no
09-19 16:12:17.607  4927  4927 I C03f04/MMG: [NMM:1561]Module:file.photoAccessHelper
09-19 16:12:17.609  4927  4927 W C03f04/MMG: [NMM:1466] Name mismatch: file.photoAccessHelperNative != file.photoAccessHelper
09-19 16:12:17.611  4927  4927 I C02b71/MediaLibraryNapi: Common:{Init:156} TaskSignalNapi::Init in
09-19 16:12:17.611  4927  4927 I C02b71/MediaLibraryNapi: Common:{Init:164} TaskSignalNapi::Init success
09-19 16:12:17.614  4927  4927 I C02b01/CAMERA: {63} PickerOnLoad
09-19 16:12:17.614  4927  4927 I C02b01/CAMERA: {463} CameraPickerNapi E
09-19 16:12:17.615  4927  4927 W C03f04/MMG: [NMM:1466] Name mismatch: web.webnativemessagingextensionmanager_napi != web.webNativeMessagingExtensionManager
09-19 16:12:17.615  4927  4927 I C03f04/MMG: [NMM:1561]Module:arkui.node
09-19 16:12:17.626  4927  4927 I C04201/DMS: IfCallbackRegistered: change not registered!
09-19 16:12:17.626  4927  4927 I C04201/DMS: JsDisplayListener: Constructor
09-19 16:12:17.626  4927 19081 I C04215/WMSHierarchy: GetTopWindowWithContext: mainId:47!
09-19 16:12:17.630  4927  4927 I C0391c/AceFocus: [(100000:100000:scope)] Request focus id can not found.
09-19 16:12:17.631  4927  4927 W C03926/AceTheme: [(100000:100000:scope)] style 125829872 not contains scroll_bar_pattern!
09-19 16:12:17.631  4927  4927 W C03926/AceTheme: [(100000:100000:scope)] style scroll_bar_pattern get attr scroll_bar_interactive error!
09-19 16:12:17.631  4927  4927 W C03926/AceTheme: [(100000:100000:scope)] style scroll_bar_pattern not contains arc_scroll_bar_normal_background_width!
09-19 16:12:17.632  4927  4927 W C03926/AceTheme: [(100000:100000:scope)] style 125829872 not contains scrollable_pattern!
09-19 16:12:17.632  4927  4927 W C03926/AceTheme: [(100000:100000:scope)] style scrollable_pattern not contains scroll_able_default_scrolling_distance!
09-19 16:12:17.649  4927  4927 W C03926/AceTheme: [(100000:100000:scope)] style text_pattern not contains linear_split_child_min_size!
09-19 16:12:17.649  4927  4927 W C03926/AceTheme: [(100000:100000:scope)] style text_pattern not contains menu_celia_ask_is_support!
09-19 16:12:17.649  4927  4927 W C03926/AceTheme: [(100000:100000:scope)] style 125829872 not contains app_theme_pattern!
09-19 16:12:17.649  4927  4927 W C01e00/ResourceManager: by id=125835722 limitPaths is empty
09-19 16:12:17.649  4927  4927 E C01e00/ResourceManager: ref <private> id not found
09-19 16:12:17.649  4927  4927 W C01e00/ResourceManager: by id=125835722 limitPaths is empty
09-19 16:12:17.649  4927  4927 E C01e00/ResourceManager: ref <private> id not found
09-19 16:12:17.649  4927  4927 W C03937/AceResource: [(100000:100000:scope)] Get pattern by name error, name=app_theme_pattern, bundleName: com.example.callaite, moduleName: entry
09-19 16:12:17.649  4927  4927 W C01e00/ResourceManager: by id=125835722 limitPaths is empty
09-19 16:12:17.649  4927  4927 E C01e00/ResourceManager: ref <private> id not found
09-19 16:12:17.649  4927  4927 W C01e00/ResourceManager: by id=125835722 limitPaths is empty
09-19 16:12:17.649  4927  4927 E C01e00/ResourceManager: ref <private> id not found
09-19 16:12:17.649  4927  4927 W C03937/AceResource: [(100000:100000:scope)] Get pattern by name error, name=app_theme_pattern
09-19 16:12:17.649  4927  4927 W C03926/AceTheme: [(100000:100000:scope)] style app_theme_pattern not contains app_theme_drag_distancethreshold!
09-19 16:12:17.664  4927  4927 I C0391c/AceFocus: [(100000:100000:scope)] view: page/2 show
09-19 16:12:17.665  4927  4927 I C03922/AceNavigation: [(100000:100000:scope)] can't find inner navigation
09-19 16:12:17.665  4927  4927 I C03933/AceKeyboard: [(100000:100000:scope)] PageChangeCloseKB
09-19 16:12:17.665  4927  4927 I C03925/AceRouter: [(100000:100000:scope)] LoadPage Success
09-19 16:12:17.666  4927  4927 I C04200/JsWindow: CreateJsWindow callaite0
09-19 16:12:17.666  4927  4927 I C0420a/WMSLife: JsWindow: window: callaite0, ctorCnt: 1
09-19 16:12:17.667  4927  4927 I C0420a/WMSLife: CreateJsWindowObject: Add window callaite0
09-19 16:12:17.667  4927  4927 I C0392a/AceUiExtensionComponent: [(-2:100000:singleton)] NotifyWindowMode aliveUIExtensions = 0
09-19 16:12:17.667  4927  4927 I C0394e/AceWindow: [(100000:100000:scope)] Update displayWindowRect in UpdateViewportConfig to : Rect (0.00, 0.00) - [1308.00 x 2880.00]
09-19 16:12:17.667  4927  4927 I C03917/AceSafeArea: [(100000:100000:scope)] SetIsFullScreen 1
09-19 16:12:17.667  4927  4927 I C03900/Ace: [(100000:100000:scope)] Root node request first frame.
09-19 16:12:17.667  4927  4927 I C03900/Ace: [(100000:100000:scope)] Update application state , state: ON_ACTIVE
09-19 16:12:17.668  4927  4927 I C0391c/AceFocus: [(100000:100000:scope)] Window: 47 get focus.
09-19 16:12:17.668  4927  4927 I C03900/Ace: [(100000:100000:scope)] Update application state , state: ON_ACTIVE
09-19 16:12:17.668  4927  4927 I C04202/WMSMain: VsyncCallbackInner: First vsync has come back, nodeId: 21161303867393
09-19 16:12:17.670  4927  4927 I C01408/Text: InitTextBundleConfig: Adapter text height enabled 0
09-19 16:12:17.670  4927  4927 I C01408/Text: InitTextBundleConfig: Disable spacing for control char 0
09-19 16:12:17.670  4927  4927 E C02d34/HistogramClient: ArkGraphics2d.Text.OH_Drawing_TextStyleAddFontVariation is not in metadata.
09-19 16:12:17.754  4927  4927 E C01707/CONCUR: [Interface] task 19085 apply qos failed, errno = 4
09-19 16:12:17.757  4927  4927 E C01707/CONCUR: [Interface] task 19083 apply qos failed, errno = 4
09-19 16:12:17.758  4927  4927 E C01707/CONCUR: [Interface] task 19084 apply qos failed, errno = 4
09-19 16:12:17.765  4927  4927 E C01707/CONCUR: [Interface] task 19085 apply qos failed, errno = 4
09-19 16:12:17.767  4927  4927 E C01707/CONCUR: [Interface] task 19083 apply qos failed, errno = 4
09-19 16:12:17.771  4927  4927 E C01707/CONCUR: [Interface] task 19084 apply qos failed, errno = 4
09-19 16:12:17.863  4927  4927 E C01707/CONCUR: [Interface] task 19085 apply qos failed, errno = 4
09-19 16:12:17.865  4927  4927 E C01707/CONCUR: [Interface] task 19083 apply qos failed, errno = 4
09-19 16:12:17.867  4927  4927 E C01707/CONCUR: [Interface] task 19084 apply qos failed, errno = 4
09-19 16:12:17.870  4927  4927 E C01707/CONCUR: [Interface] task 19085 apply qos failed, errno = 4
09-19 16:12:17.873  4927  4927 E C01707/CONCUR: [Interface] task 19083 apply qos failed, errno = 4
09-19 16:12:17.876  4927  4927 E C01707/CONCUR: [Interface] task 19084 apply qos failed, errno = 4
09-19 16:12:17.999  4927  4927 E C01707/CONCUR: [Interface] task 19085 apply qos failed, errno = 4
09-19 16:12:18.002  4927  4927 E C01707/CONCUR: [Interface] task 19083 apply qos failed, errno = 4
09-19 16:12:18.004  4927  4927 E C01707/CONCUR: [Interface] task 19084 apply qos failed, errno = 4
09-19 16:12:18.008  4927  4927 E C01707/CONCUR: [Interface] task 19085 apply qos failed, errno = 4
09-19 16:12:18.013  4927  4927 E C01707/CONCUR: [Interface] task 19083 apply qos failed, errno = 4
09-19 16:12:18.018  4927  4927 E C01707/CONCUR: [Interface] task 19084 apply qos failed, errno = 4
09-19 16:12:18.126  4927  4927 E C01707/CONCUR: [Interface] task 19085 apply qos failed, errno = 4
09-19 16:12:18.129  4927  4927 E C01707/CONCUR: [Interface] task 19083 apply qos failed, errno = 4
09-19 16:12:18.132  4927  4927 E C01707/CONCUR: [Interface] task 19084 apply qos failed, errno = 4
09-19 16:12:18.137  4927  4927 E C01707/CONCUR: [Interface] task 19085 apply qos failed, errno = 4
09-19 16:12:18.141  4927  4927 E C01707/CONCUR: [Interface] task 19083 apply qos failed, errno = 4
09-19 16:12:18.143  4927  4927 E C01707/CONCUR: [Interface] task 19084 apply qos failed, errno = 4
09-19 16:12:18.252  4927  4927 E C01707/CONCUR: [Interface] task 19085 apply qos failed, errno = 4
09-19 16:12:18.255  4927  4927 E C01707/CONCUR: [Interface] task 19083 apply qos failed, errno = 4
09-19 16:12:18.257  4927  4927 E C01707/CONCUR: [Interface] task 19084 apply qos failed, errno = 4
09-19 16:12:18.261  4927  4927 E C01707/CONCUR: [Interface] task 19085 apply qos failed, errno = 4
09-19 16:12:18.263  4927  4927 E C01707/CONCUR: [Interface] task 19083 apply qos failed, errno = 4
09-19 16:12:18.266  4927  4927 E C01707/CONCUR: [Interface] task 19084 apply qos failed, errno = 4
09-19 16:12:18.375  4927  4927 E C01707/CONCUR: [Interface] task 19085 apply qos failed, errno = 4
09-19 16:12:18.378  4927  4927 E C01707/CONCUR: [Interface] task 19083 apply qos failed, errno = 4
09-19 16:12:18.381  4927  4927 E C01707/CONCUR: [Interface] task 19084 apply qos failed, errno = 4
09-19 16:12:18.384  4927  4927 E C01707/CONCUR: [Interface] task 19085 apply qos failed, errno = 4
09-19 16:12:18.387  4927  4927 E C01707/CONCUR: [Interface] task 19083 apply qos failed, errno = 4
09-19 16:12:18.389  4927  4927 E C01707/CONCUR: [Interface] task 19084 apply qos failed, errno = 4
09-19 16:12:18.498  4927  4927 E C01707/CONCUR: [Interface] task 19085 apply qos failed, errno = 4
09-19 16:12:18.501  4927  4927 E C01707/CONCUR: [Interface] task 19083 apply qos failed, errno = 4
09-19 16:12:18.503  4927  4927 E C01707/CONCUR: [Interface] task 19084 apply qos failed, errno = 4
09-19 16:12:18.506  4927  4927 E C01707/CONCUR: [Interface] task 19085 apply qos failed, errno = 4
09-19 16:12:18.509  4927  4927 E C01707/CONCUR: [Interface] task 19083 apply qos failed, errno = 4
09-19 16:12:18.511  4927  4927 E C01707/CONCUR: [Interface] task 19084 apply qos failed, errno = 4
09-19 16:12:18.621  4927  4927 E C01707/CONCUR: [Interface] task 19085 apply qos failed, errno = 4
09-19 16:12:18.624  4927  4927 E C01707/CONCUR: [Interface] task 19083 apply qos failed, errno = 4
09-19 16:12:18.626  4927  4927 E C01707/CONCUR: [Interface] task 19084 apply qos failed, errno = 4
09-19 16:12:18.629  4927  4927 E C01707/CONCUR: [Interface] task 19085 apply qos failed, errno = 4
09-19 16:12:18.632  4927  4927 E C01707/CONCUR: [Interface] task 19083 apply qos failed, errno = 4
09-19 16:12:18.634  4927  4927 E C01707/CONCUR: [Interface] task 19084 apply qos failed, errno = 4
09-19 16:12:18.747  4927  4927 E C01707/CONCUR: [Interface] task 19085 apply qos failed, errno = 4
09-19 16:12:18.753  4927  4927 E C01707/CONCUR: [Interface] task 19083 apply qos failed, errno = 4
09-19 16:12:18.756  4927  4927 E C01707/CONCUR: [Interface] task 19084 apply qos failed, errno = 4
09-19 16:12:18.759  4927  4927 E C01707/CONCUR: [Interface] task 19085 apply qos failed, errno = 4
09-19 16:12:18.762  4927  4927 E C01707/CONCUR: [Interface] task 19083 apply qos failed, errno = 4
09-19 16:12:18.764  4927  4927 E C01707/CONCUR: [Interface] task 19084 apply qos failed, errno = 4
09-19 16:12:18.876  4927  4927 E C01707/CONCUR: [Interface] task 19085 apply qos failed, errno = 4
09-19 16:12:18.879  4927  4927 E C01707/CONCUR: [Interface] task 19083 apply qos failed, errno = 4
09-19 16:12:18.881  4927  4927 E C01707/CONCUR: [Interface] task 19084 apply qos failed, errno = 4
09-19 16:12:18.885  4927  4927 E C01707/CONCUR: [Interface] task 19085 apply qos failed, errno = 4
09-19 16:12:18.887  4927  4927 E C01707/CONCUR: [Interface] task 19083 apply qos failed, errno = 4
09-19 16:12:18.890  4927  4927 E C01707/CONCUR: [Interface] task 19084 apply qos failed, errno = 4
09-19 16:12:19.005  4927  4927 E C01707/CONCUR: [Interface] task 19085 apply qos failed, errno = 4
09-19 16:12:19.007  4927  4927 E C01707/CONCUR: [Interface] task 19083 apply qos failed, errno = 4
09-19 16:12:19.009  4927  4927 E C01707/CONCUR: [Interface] task 19084 apply qos failed, errno = 4
09-19 16:12:19.013  4927  4927 E C01707/CONCUR: [Interface] task 19085 apply qos failed, errno = 4
09-19 16:12:19.015  4927  4927 E C01707/CONCUR: [Interface] task 19083 apply qos failed, errno = 4
09-19 16:12:19.017  4927  4927 E C01707/CONCUR: [Interface] task 19084 apply qos failed, errno = 4
09-19 16:12:19.134  4927  4927 E C01707/CONCUR: [Interface] task 19085 apply qos failed, errno = 4
09-19 16:12:19.137  4927  4927 E C01707/CONCUR: [Interface] task 19083 apply qos failed, errno = 4
09-19 16:12:19.139  4927  4927 E C01707/CONCUR: [Interface] task 19084 apply qos failed, errno = 4
09-19 16:12:19.143  4927  4927 E C01707/CONCUR: [Interface] task 19085 apply qos failed, errno = 4
09-19 16:12:19.145  4927  4927 E C01707/CONCUR: [Interface] task 19083 apply qos failed, errno = 4
09-19 16:12:19.147  4927  4927 E C01707/CONCUR: [Interface] task 19084 apply qos failed, errno = 4
09-19 16:12:19.274  4927  4927 E C01707/CONCUR: [Interface] task 19085 apply qos failed, errno = 4
09-19 16:12:19.277  4927  4927 E C01707/CONCUR: [Interface] task 19083 apply qos failed, errno = 4
09-19 16:12:19.280  4927  4927 E C01707/CONCUR: [Interface] task 19084 apply qos failed, errno = 4
09-19 16:12:19.285  4927  4927 E C01707/CONCUR: [Interface] task 19085 apply qos failed, errno = 4
09-19 16:12:19.287  4927  4927 E C01707/CONCUR: [Interface] task 19083 apply qos failed, errno = 4
09-19 16:12:19.290  4927  4927 E C01707/CONCUR: [Interface] task 19084 apply qos failed, errno = 4
09-19 16:12:19.424  4927  4927 E C01707/CONCUR: [Interface] task 19085 apply qos failed, errno = 4
09-19 16:12:19.426  4927  4927 E C01707/CONCUR: [Interface] task 19083 apply qos failed, errno = 4
09-19 16:12:19.429  4927  4927 E C01707/CONCUR: [Interface] task 19084 apply qos failed, errno = 4
09-19 16:12:19.433  4927  4927 E C01707/CONCUR: [Interface] task 19085 apply qos failed, errno = 4
09-19 16:12:19.437  4927  4927 E C01707/CONCUR: [Interface] task 19083 apply qos failed, errno = 4
09-19 16:12:19.440  4927  4927 E C01707/CONCUR: [Interface] task 19084 apply qos failed, errno = 4
09-19 16:12:19.567  4927  4927 E C01707/CONCUR: [Interface] task 19085 apply qos failed, errno = 4
09-19 16:12:19.569  4927  4927 E C01707/CONCUR: [Interface] task 19083 apply qos failed, errno = 4
09-19 16:12:19.572  4927  4927 E C01707/CONCUR: [Interface] task 19084 apply qos failed, errno = 4
09-19 16:12:19.575  4927  4927 E C01707/CONCUR: [Interface] task 19085 apply qos failed, errno = 4
09-19 16:12:19.578  4927  4927 E C01707/CONCUR: [Interface] task 19083 apply qos failed, errno = 4
09-19 16:12:19.580  4927  4927 E C01707/CONCUR: [Interface] task 19084 apply qos failed, errno = 4
09-19 16:12:19.702  4927  4927 E C01707/CONCUR: [Interface] task 19085 apply qos failed, errno = 4
09-19 16:12:19.705  4927  4927 E C01707/CONCUR: [Interface] task 19083 apply qos failed, errno = 4
09-19 16:12:19.707  4927  4927 E C01707/CONCUR: [Interface] task 19084 apply qos failed, errno = 4
09-19 16:12:19.714  4927  4927 E C01707/CONCUR: [Interface] task 19085 apply qos failed, errno = 4
09-19 16:12:19.717  4927  4927 E C01707/CONCUR: [Interface] task 19083 apply qos failed, errno = 4
09-19 16:12:19.719  4927  4927 E C01707/CONCUR: [Interface] task 19084 apply qos failed, errno = 4
09-19 16:12:19.751  4927  4927 E C01707/CONCUR: [Interface] task 19085 apply qos failed, errno = 4
09-19 16:12:19.754  4927  4927 E C01707/CONCUR: [Interface] task 19083 apply qos failed, errno = 4
09-19 16:12:19.756  4927  4927 E C01707/CONCUR: [Interface] task 19084 apply qos failed, errno = 4
09-19 16:12:19.761  4927  4927 E C01707/CONCUR: [Interface] task 19085 apply qos failed, errno = 4
09-19 16:12:19.763  4927  4927 E C01707/CONCUR: [Interface] task 19083 apply qos failed, errno = 4
09-19 16:12:19.765  4927  4927 E C01707/CONCUR: [Interface] task 19084 apply qos failed, errno = 4
09-19 16:12:19.799  4927  4927 E C01707/CONCUR: [Interface] task 19085 apply qos failed, errno = 4
09-19 16:12:19.802  4927  4927 E C01707/CONCUR: [Interface] task 19083 apply qos failed, errno = 4
09-19 16:12:19.804  4927  4927 E C01707/CONCUR: [Interface] task 19084 apply qos failed, errno = 4
09-19 16:12:19.807  4927  4927 E C01707/CONCUR: [Interface] task 19085 apply qos failed, errno = 4
09-19 16:12:19.810  4927  4927 E C01707/CONCUR: [Interface] task 19083 apply qos failed, errno = 4
09-19 16:12:19.812  4927  4927 E C01707/CONCUR: [Interface] task 19084 apply qos failed, errno = 4
09-19 16:12:24.303  4927  4927 E C01707/CONCUR: [Interface] task 19085 apply qos failed, errno = 4
09-19 16:12:24.306  4927  4927 E C01707/CONCUR: [Interface] task 19083 apply qos failed, errno = 4
09-19 16:12:24.308  4927  4927 E C01707/CONCUR: [Interface] task 19084 apply qos failed, errno = 4
09-19 16:12:24.315  4927  4927 E C01707/CONCUR: [Interface] task 19085 apply qos failed, errno = 4
09-19 16:12:24.318  4927  4927 E C01707/CONCUR: [Interface] task 19083 apply qos failed, errno = 4
09-19 16:12:24.320  4927  4927 E C01707/CONCUR: [Interface] task 19084 apply qos failed, errno = 4
09-19 16:12:27.217  4927 19073 I C01310/AppDfr: [watchdog.cpp356]Thread may be blocked, not report time. currTime: 1789805547217, lastTime: 1789805540218
09-19 16:12:30.217  4927 19073 W C01310/AppDfr: [appfreeze_inner.cpp760]hisysevent write FREEZE_HALF_HIVIEW_LOG, pid:4927, packageName:, ret:0
09-19 16:12:30.217  4927 19073 W C02d06/XCollie: Sample freeze half file=freeze_20260919161230_4927.txt
09-19 16:12:30.217  4927 19073 I C01310/AppDfr: [appfreeze_inner.cpp595]start to sample freeze stack, eventName:THREAD_BLOCK_3S
09-19 16:12:30.217  4927 19073 W C01310/AppDfr: [appfreeze_inner.cpp627]submit reportAppFreeze, name:THREAD_BLOCK_3S, startTime:2026-09-19 16:12:30.217
09-19 16:12:30.218  4927 19073 E C02d06/XCollie: ThreadSampler initialize failed.
09-19 16:12:30.218  4927 19103 I C01201/EventHandler: EventHandler start dumper!
09-19 16:12:30.218  4927 19103 I C01201/EventHandler: EventHandler end dumper!
09-19 16:12:30.218  4927 19103 W C01310/AppDfr: [appfreeze_inner.cpp683]get mainhandler dump, eventName:THREAD_BLOCK_3S, endTime:2026-09-19 16:12:30.218, interval:0 ms
09-19 16:12:30.218  4927 19103 E C02d06/XCollie: no freeze callback
09-19 16:12:30.219  4927 19103 I C03f00/ArkCompiler: [ecmascript] GC statistic, count: 398, maxPause: 21.965, minPause: 0.382, averagePause: 1.55208, lastStartTime: 1789805550203, lastEndTime: 1789805550203, lastType: Local GC
09-19 16:12:30.219  4927 19103 I C01310/AppDfr: [appfreeze_inner.cpp388]heap info: HEAP_TOTAL_SIZE:19660800,HEAP_OBJECT_SIZE:16898040,HEAP_SHARED_SIZE:850224, process lifeTime: PROCESS_LIFETIME:3681s
09-19 16:12:30.232  4927 19081 W C02d11/DfxUnwinder: Failed to step first frame, lr fallback
09-19 16:12:30.232  4927 19081 E C02d11/ElfFactory: Invalid elf hdr?
09-19 16:12:30.241  4927 19081 E C02d11/ElfFactory: Invalid elf hdr?
09-19 16:12:30.242  4927 19081 E C02d11/ElfFactory: Invalid elf hdr?
09-19 16:12:30.242  4927 19081 E C02d11/ElfFactory: Invalid elf hdr?
09-19 16:12:30.243  4927 19102 I C01310/AppDfr: [appfreeze_inner.cpp493]get main stack has finished less than 1s
09-19 16:12:30.243  4927 19102 W C01310/AppDfr: [appfreeze_inner.cpp788]NotifyAppFault:THREAD_BLOCK_3S, pid:4927, bundleName:com.example.callaite currentTime:2026-09-19 16:12:30.243, processExit:1 appfreezeInfo:freeze_20260919161230_4927.txt enbleMainThreadSample:0.
09-19 16:12:30.244  4927 19102 I C01311/AppMS: [app_mgr_proxy.cpp1740]called
09-19 16:12:30.270  4927 19181 W C057c1/IPCWorkThread: ThreadHandler: proto:0 policy:0 name:OS_IPC_5_19181 invoker:4646496
09-19 16:12:30.349  4927 19185 W C057c1/IPCWorkThread: ThreadHandler: proto:0 policy:0 name:OS_IPC_6_19185 invoker:4647072
catcher cmd: hilog -z 1000 -P end time: 2026/09/19-16:12:30:423
---------------------------------------------------

---------------------------------------------------
MemoryCatcher -- start time: 2026/09/19-16:12:30:423

MemoryCatcher --

Get freeze memory start time: 2026-09-19 16:12:30.245
some avg10=0.00 avg60=0.00 avg300=0.00 total=3378460
full avg10=0.00 avg60=0.00 avg300=0.00 total=789438
MemTotal:        4025340 kB
MemFree:         2137920 kB
MemAvailable:    2778388 kB
Buffers:            8164 kB
Cached:           676576 kB
SwapCached:        27320 kB
Active:           522640 kB
Inactive:         968544 kB
Active(anon):      62648 kB
Inactive(anon):   768048 kB
Active(file):     459992 kB
Inactive(file):   200496 kB
Unevictable:           0 kB
Mlocked:               0 kB
SwapTotal:       2097148 kB
SwapFree:        1888508 kB
Dirty:                36 kB
Writeback:             0 kB
AnonPages:        794772 kB
Mapped:           327896 kB
Shmem:             24252 kB
KReclaimable:      46052 kB
Slab:             123220 kB
SReclaimable:      46052 kB
SUnreclaim:        77168 kB
KernelStack:       18656 kB
PageTables:        35056 kB
NFS_Unstable:          0 kB
Bounce:                0 kB
WritebackTmp:          0 kB
CommitLimit:     4109816 kB
Committed_AS:   26520136 kB
VmallocTotal:   34359738367 kB
VmallocUsed:       89412 kB
VmallocChunk:          0 kB
Percpu:             1488 kB
DirectMap4k:       24388 kB
DirectMap2M:     4169728 kB
Get freeze memory end time: 2026-09-19 16:12:30.245
don't collect ashmem dmaheap gpumem
MemoryCatcher -- end time: 2026/09/19-16:12:30:430
---------------------------------------------------

---------------------------------------------------
ThermalInfoCatcher -- start time: 2026/09/19-16:12:30:430

ThermalInfoCatcher --

ThermalLevel info: 0
ThermalInfoCatcher -- end time: 2026/09/19-16:12:30:434
---------------------------------------------------


Catcher log total time is 68ms

*******************************************
start time: 2026/09/19-16:12:33:353
DOMAIN = AAFWK
EVENTNAME = THREAD_BLOCK_6S
TIMESTAMP = 2026/09/19-16:12:33:350
PID = 4927
UID = 20020063
TID = 4927
PACKAGE_NAME = com.example.callaite
PROCESS_NAME = com.example.callaite
eventLog_action = t,cmd:c,cmd:cci,cmd:m,cmd:dam,tr,k:SysRqFile,hot,sli
eventLog_interval = 10
this thread has blocked 6000ms.
IS_FROZEN = 0
MainHeap(bytes): Used 23340840, Total 26214400
SharedHeap(bytes): Used 850224, Total 815792128
GC Status: count 490, maxPause 21.965ms, minPause 0.382ms, averagePause 1.41347ms, lastStartTime 2026/09/19-16:12:33.195, lastEndTime 2026/09/19-16:12:33.196, lastType Local GC
I/O(bytes): rchar 2390729, wchar 64868, syscr 1421, syscw 686, read_bytes 0, write_bytes 69632, cancelled_write_bytes 32768
MSG = 
Fault time:2026/09/19-16:12:33
App main thread is not response!

Main handler dump start time: 2026-09-19 16:12:33.218
mainHandler dump is:
 EventHandler dump begin curTime: 2026-09-19 16:12:33.218
 Event runner (Thread name = , Thread ID = 4927) is running
 Current Running: start at 2026-09-19 16:12:17.669, Event { send thread = 4927, send time = 2026-09-19 16:12:17.669, handle time = 2026-11-08 09:15:04.963, trigger time = 2026-09-19 16:12:17.669, task name = vSyncTask, caller = [event_queue.cpp(PostTaskForVsync:235)] }
 History event queue information:
 No. 0 : Event { send thread = 4927, send time = 2026-09-19 16:12:17.567, handle time = 2026-09-19 16:12:17.567, trigger time = 2026-09-19 16:12:17.579, completeTime time = 2026-09-19 16:12:17.666, priority = Low, task name = ArkUIRunPageUrl, caller = [task_runner_adapter_impl.cpp(PostTask:35)] }
 No. 1 : Event { send thread = 19104, send time = 2026-09-19 16:12:17.649, handle time = 2026-09-19 16:12:17.649, trigger time = 2026-09-19 16:12:17.666, completeTime time = 2026-09-19 16:12:17.667, priority = Immediate, task name = GetBundleInfoForSelf, caller = [ohos_js_environment_impl.cpp(PostTaskToHandler:72)] }
 No. 2 : Event { send thread = 19081, send time = 2026-09-19 16:12:17.628, handle time = 2026-09-19 16:12:17.628, trigger time = 2026-09-19 16:12:17.667, completeTime time = 2026-09-19 16:12:17.668, priority = High, task name = JsWindowManager::OnGetTopWindow, caller = [ohos_js_environment_impl.cpp(PostTaskToHandler:72)] }
 No. 3 : Event { send thread = 4927, send time = 2026-09-19 16:12:17.567, handle time = 2026-09-19 16:12:17.567, trigger time = 2026-09-19 16:12:17.667, completeTime time = 2026-09-19 16:12:17.667, priority = Low, task name = ArkUISetSingleHandTransform, caller = [task_runner_adapter_impl.cpp(PostTask:35)] }
 No. 4 : Event { send thread = 4927, send time = 2026-09-19 16:12:17.567, handle time = 2026-09-19 16:12:17.567, trigger time = 2026-09-19 16:12:17.667, completeTime time = 2026-09-19 16:12:17.667, priority = Low, task name = ArkUIStatusBarItemColor, caller = [task_runner_adapter_impl.cpp(PostTask:35)] }
 No. 5 : Event { send thread = 4927, send time = 2026-09-19 16:12:17.568, handle time = 2026-09-19 16:12:17.568, trigger time = 2026-09-19 16:12:17.668, completeTime time = 2026-09-19 16:12:17.668, priority = Low, task name = ArkUINotifyWindowMode, caller = [task_runner_adapter_impl.cpp(PostTask:35)] }
 No. 6 : Event { send thread = 4927, send time = 2026-09-19 16:12:17.572, handle time = 2026-09-19 16:12:17.572, trigger time = 2026-09-19 16:12:17.668, completeTime time = 2026-09-19 16:12:17.668, priority = Low, task name = ArkUIUpdateBrightness, caller = [task_runner_adapter_impl.cpp(PostTask:35)] }
 No. 7 : Event { send thread = 4927, send time = 2026-09-19 16:12:17.572, handle time = 2026-09-19 16:12:17.572, trigger time = 2026-09-19 16:12:17.668, completeTime time = 2026-09-19 16:12:17.668, priority = Low, task name = ArkUIUpdateViewportConfig, caller = [task_runner_adapter_impl.cpp(PostTask:35)] }
 No. 8 : Event { send thread = 4927, send time = 2026-09-19 16:12:17.572, handle time = 2026-09-19 16:12:17.572, trigger time = 2026-09-19 16:12:17.668, completeTime time = 2026-09-19 16:12:17.668, priority = Low, task name = ArkUIUpdateSessionViewportConfig, caller = [task_runner_adapter_impl.cpp(PostTask:35)] }
 No. 9 : Event { send thread = 4927, send time = 2026-09-19 16:12:17.572, handle time = 2026-09-19 16:12:17.572, trigger time = 2026-09-19 16:12:17.668, completeTime time = 2026-09-19 16:12:17.668, priority = Low, task name = ArkUIFrontendActive, caller = [task_runner_adapter_impl.cpp(PostTask:35)] }
 No. 10 : Event { send thread = 4927, send time = 2026-09-19 16:12:17.572, handle time = 2026-09-19 16:12:17.572, trigger time = 2026-09-19 16:12:17.668, completeTime time = 2026-09-19 16:12:17.668, priority = Low, task name = ArkUIWindowFocus, caller = [task_runner_adapter_impl.cpp(PostTask:35)] }
 No. 11 : Event { send thread = 4927, send time = 2026-09-19 16:12:17.572, handle time = 2026-09-19 16:12:17.572, trigger time = 2026-09-19 16:12:17.668, completeTime time = 2026-09-19 16:12:17.668, priority = Low, task name = ArkUISetOnWindowFocusedCallback, caller = [task_runner_adapter_impl.cpp(PostTask:35)] }
 No. 12 : Event { send thread = 4927, send time = 2026-09-19 16:12:17.571, handle time = 2026-09-19 16:12:17.571, trigger time = 2026-09-19 16:12:17.668, completeTime time = 2026-09-19 16:12:17.669, priority = Low, task name = ArkUIFrontendActive, caller = [task_runner_adapter_impl.cpp(PostTask:35)] }
 No. 13 : Event { send thread = 4927, send time = 2026-09-19 16:12:17.571, handle time = 2026-09-19 16:12:17.571, trigger time = 2026-09-19 16:12:17.669, completeTime time = 2026-09-19 16:12:17.669, priority = Low, task name = ArkUIWindowActivate, caller = [task_runner_adapter_impl.cpp(PostTask:35)] }
 No. 14 : Event { send thread = 4927, send time = 2026-09-19 16:12:17.576, handle time = 2026-09-19 16:12:17.576, trigger time = 2026-09-19 16:12:17.669, completeTime time = 2026-09-19 16:12:17.669, priority = Low, task name = ArkUIWindowRectChange, caller = [task_runner_adapter_impl.cpp(PostTask:35)] }
 No. 15 : Event { send thread = 4927, send time = 2026-09-19 16:12:17.577, handle time = 2026-09-19 16:12:17.577, trigger time = 2026-09-19 16:12:17.669, completeTime time = 2026-09-19 16:12:17.669, priority = Low, task name = ArkUIUpdateOriginAvoidAreaAndExecuteKeyboardAvoid, caller = [task_runner_adapter_impl.cpp(PostTask:35)] }
 No. 16 : Event { send thread = 4927, send time = 2026-09-19 16:12:17.579, handle time = 2026-09-19 16:12:17.579, trigger time = 2026-09-19 16:12:17.669, completeTime time = 2026-09-19 16:12:17.669, priority = Low, task name = ArkUIUpdateOriginAvoidAreaAndExecuteKeyboardAvoid, caller = [task_runner_adapter_impl.cpp(PostTask:35)] }
 No. 17 : Event { send thread = 4927, send time = 2026-09-19 16:12:17.571, handle time = 2026-09-19 16:12:17.622, trigger time = 2026-09-19 16:12:17.669, completeTime time = 2026-09-19 16:12:17.669, priority = Low, task name = ArkUIIdleTask, caller = [task_runner_adapter_impl.cpp(PostDelayedTask:46)] }
 No. 18 : Event { send thread = 4927, send time = 2026-09-19 16:12:17.668, handle time = 2026-11-08 09:15:04.962, trigger time = 2026-09-19 16:12:17.668, completeTime time = , priority = VIP, task name = vSyncTask, caller = [event_queue.cpp(PostTaskForVsync:235)] }
 No. 19 : Event { send thread = 4927, send time = 2026-09-19 16:12:17.538, handle time = 2026-09-19 16:12:17.538, trigger time = 2026-09-19 16:12:17.577, completeTime time = 2026-09-19 16:12:17.577, priority = Low, task name = ArkUISetThreadPriority, caller = [task_runner_adapter_impl.cpp(PostTask:35)] }
 No. 20 : Event { send thread = 4927, send time = 2026-09-19 16:12:17.538, handle time = 2026-09-19 16:12:17.538, trigger time = 2026-09-19 16:12:17.577, completeTime time = 2026-09-19 16:12:17.577, priority = Low, task name = ArkUISetThreadPriority, caller = [task_runner_adapter_impl.cpp(PostTask:35)] }
 No. 21 : Event { send thread = 4927, send time = 2026-09-19 16:12:17.538, handle time = 2026-09-19 16:12:17.538, trigger time = 2026-09-19 16:12:17.577, completeTime time = 2026-09-19 16:12:17.577, priority = Low, task name = ArkUIFillTaskTypeTable, caller = [task_runner_adapter_impl.cpp(PostTask:35)] }
 No. 22 : Event { send thread = 4927, send time = 2026-09-19 16:12:17.538, handle time = 2026-09-19 16:12:17.538, trigger time = 2026-09-19 16:12:17.577, completeTime time = 2026-09-19 16:12:17.577, priority = Low, task name = ArkUIFillTaskTypeTable, caller = [task_runner_adapter_impl.cpp(PostTask:35)] }
 No. 23 : Event { send thread = 4927, send time = 2026-09-19 16:12:17.538, handle time = 2026-09-19 16:12:17.538, trigger time = 2026-09-19 16:12:17.577, completeTime time = 2026-09-19 16:12:17.577, priority = Low, task name = ArkUIFillTaskTypeTable, caller = [task_runner_adapter_impl.cpp(PostTask:35)] }
 No. 24 : Event { send thread = 4927, send time = 2026-09-19 16:12:17.539, handle time = 2026-09-19 16:12:17.539, trigger time = 2026-09-19 16:12:17.578, completeTime time = 2026-09-19 16:12:17.578, priority = Low, task name = ArkUIFillTaskTypeTable, caller = [task_runner_adapter_impl.cpp(PostTask:35)] }
 No. 25 : Event { send thread = 4927, send time = 2026-09-19 16:12:17.540, handle time = 2026-09-19 16:12:17.540, trigger time = 2026-09-19 16:12:17.578, completeTime time = 2026-09-19 16:12:17.578, priority = Low, task name = ArkUISetJsMessageDispatcher, caller = [task_runner_adapter_impl.cpp(PostTask:35)] }
 No. 26 : Event { send thread = 4927, send time = 2026-09-19 16:12:17.541, handle time = 2026-09-19 16:12:17.541, trigger time = 2026-09-19 16:12:17.578, completeTime time = 2026-09-19 16:12:17.578, priority = Low, task name = ArkUIPageSwitchLogStatusChanged, caller = [task_runner_adapter_impl.cpp(PostTask:35)] }
 No. 27 : Event { send thread = 4927, send time = 2026-09-19 16:12:17.556, handle time = 2026-09-19 16:12:17.556, trigger time = 2026-09-19 16:12:17.578, completeTime time = 2026-09-19 16:12:17.578, priority = Low, task name = ArkUIFrontendActive, caller = [task_runner_adapter_impl.cpp(PostTask:35)] }
 No. 28 : Event { send thread = 4927, send time = 2026-09-19 16:12:17.556, handle time = 2026-09-19 16:12:17.556, trigger time = 2026-09-19 16:12:17.578, completeTime time = 2026-09-19 16:12:17.578, priority = Low, task name = ArkUIWindowFocus, caller = [task_runner_adapter_impl.cpp(PostTask:35)] }
 No. 29 : Event { send thread = 19108, send time = 2026-09-19 16:12:17.564, handle time = 2026-09-19 16:12:17.563, trigger time = 2026-09-19 16:12:17.578, completeTime time = 2026-09-19 16:12:17.579, priority = Low, task name = WMS_WindowSessionImpl_UpdateRectForOtherReason, caller = [window_session_impl.cpp(UpdateRectForOtherReason:1693)] }
 No. 30 : Event { send thread = 4927, send time = 2026-09-19 16:12:17.578, handle time = 2026-09-19 16:12:17.578, trigger time = 2026-09-19 16:12:17.579, completeTime time = 2026-09-19 16:12:17.579, priority = VIP, task name = UpdateDisplayValid5, caller = [native_event.cpp(SendEventByEventHandler:322)] }
 No. 31 : Event { send thread = 4927, send time = 2026-09-19 16:12:17.567, handle time = 2026-09-19 16:12:17.567, trigger time = 2026-09-19 16:12:17.579, completeTime time = 2026-09-19 16:12:17.579, priority = Low, task name = ArkUIParseI18nJsonInfo, caller = [task_runner_adapter_impl.cpp(PostTask:35)] }
 VIP priority event queue information:
 No.1 : Event { send thread = 19073, send time = 2026-09-19 16:12:20.219, handle time = 2026-09-19 16:12:20.219, id = 1, caller = [watchdog.cpp(Timer:303)] }
 No.2 : Event { send thread = 19073, send time = 2026-09-19 16:12:27.217, handle time = 2026-09-19 16:12:27.217, id = 1, caller = [watchdog.cpp(Timer:303)] }
 No.3 : Event { send thread = 19073, send time = 2026-09-19 16:12:30.218, handle time = 2026-09-19 16:12:30.218, id = 1, caller = [watchdog.cpp(Timer:303)] }
 No.4 : Event { send thread = 19100, send time = 2026-09-19 16:12:32.546, handle time = 2026-09-19 16:12:32.546, task name = MMITask, caller = [deamon_io_waiter.cpp(HandleFileDescriptorEvent:211)] }
 No.5 : Event { send thread = 19100, send time = 2026-09-19 16:12:32.550, handle time = 2026-09-19 16:12:32.550, task name = MMITask, caller = [deamon_io_waiter.cpp(HandleFileDescriptorEvent:211)] }
 No.6 : Event { send thread = 19100, send time = 2026-09-19 16:12:32.564, handle time = 2026-09-19 16:12:32.564, task name = MMITask, caller = [deamon_io_waiter.cpp(HandleFileDescriptorEvent:211)] }
 No.7 : Event { send thread = 19073, send time = 2026-09-19 16:12:33.218, handle time = 2026-09-19 16:12:33.218, id = 1, caller = [watchdog.cpp(Timer:303)] }
 Total size of VIP events : 7
 Immediate priority event queue information:
 Total size of Immediate events : 0
 High priority event queue information:
 No.1 : Event { send thread = 4927, send time = 2026-09-19 16:12:17.669, handle time = 2026-09-19 16:12:17.669, task name = uvLoopTask, caller = [event_queue.cpp(HandleFileDescriptorEvent:313)] }
 Total size of High events : 1
 Low priority event queue information:
 No.1 : Event { send thread = 4927, send time = 2026-09-19 16:12:17.675, handle time = 2026-09-19 16:12:17.726, task name = ArkUIIdleTask, caller = [task_runner_adapter_impl.cpp(PostDelayedTask:46)] }
 No.2 : Event { send thread = 4927, send time = 2026-09-19 16:12:17.675, handle time = 2026-09-19 16:12:18.175, task name = ArkUIVsyncTimeoutCheck, caller = [task_runner_adapter_impl.cpp(PostDelayedTask:46)] }
 No.3 : Event { send thread = 4927, send time = 2026-09-19 16:12:17.675, handle time = 2026-09-19 16:12:18.275, task name = vsync_time_out_task_21161303867393, caller = [vsync_station.cpp(RequestVsync:148)] }
 No.4 : Event { send thread = 4927, send time = 2026-09-19 16:12:17.302, handle time = 2026-09-19 16:12:18.302, task name = AppRecovery:AddAbility, caller = [app_recovery.cpp(AddAbility:133)] }
 No.5 : Event { send thread = 4927, send time = 2026-09-19 16:12:17.666, handle time = 2026-09-19 16:12:19.666, task name = ExtensionTransparentDetector, caller = [task_runner_adapter_impl.cpp(PostDelayedTask:46)] }
 No.6 : Event { send thread = 4927, send time = 2026-09-19 16:12:17.675, handle time = 2026-09-19 16:12:20.675, task name = ArkUIVsyncTimeoutCheck, caller = [task_runner_adapter_impl.cpp(PostDelayedTask:46)] }
 No.7 : Event { send thread = 4927, send time = 2026-09-19 16:12:17.624, handle time = 2026-09-19 16:12:22.624, task name = TriggerModuleSerializer, caller = [task_runner_adapter_impl.cpp(PostDelayedTask:46)] }
 Total size of Low events : 7
 Idle priority event queue information:
 No.1 : Event { send thread = 19088, send time = 2026-09-19 16:12:17.771, handle time = 2026-09-19 16:12:17.771, task name = uv_io_cb, caller = [ohos_js_environment_impl.cpp(PostTaskToHandler:72)] }
 No.2 : Event { send thread = 19088, send time = 2026-09-19 16:12:18.018, handle time = 2026-09-19 16:12:18.018, task name = uv_io_cb, caller = [ohos_js_environment_impl.cpp(PostTaskToHandler:72)] }
 Total size of Idle events : 2
 Total event size : 17
Main handler dump end time: 2026-09-19 16:12:33.220

Catche stack trace start time: 2026-09-19 16:12:33.223

Tid:4927, Name:xample.callaite
state=R, utime=1500, stime=73, priority=10, nice=-10, clk=100
#00 pc 0000000000d82bb4 /system/lib64/module/arkcompiler/stub.an(COStub_GrowElementsCapacityStwCopy+1124)
Tid:19077, Name:OS_IPC_3_19077
state=S, utime=0, stime=1, priority=0, nice=-20, clk=100
#00 pc 00000000000dc469 /system/lib/ld-musl-x86_64.so.1(ioctl+185)(74178aa6301b8bad2ac9b6d7f2361221)
#01 pc 0000000000010ca7 /system/lib64/platformsdk/libipc_common.z.so(OHOS::BinderConnector::WriteBinder(unsigned long, void*)+55)(ae9fe169bf1f8b0397c31ba1b67e0e94)
#02 pc 000000000007e34d /system/lib64/platformsdk/libipc_single.z.so(OHOS::BinderInvoker::TransactWithDriver(bool)+269)(216555c1ccaa2644568394a99c5a7547)
#03 pc 000000000007e71a /system/lib64/platformsdk/libipc_single.z.so(OHOS::BinderInvoker::StartWorkLoop()+106)(216555c1ccaa2644568394a99c5a7547)
#04 pc 0000000000080c28 /system/lib64/platformsdk/libipc_single.z.so(OHOS::BinderInvoker::JoinThread(bool)+40)(216555c1ccaa2644568394a99c5a7547)
#05 pc 00000000000769f5 /system/lib64/platformsdk/libipc_single.z.so(OHOS::IPCWorkThread::ThreadHandler(void*)+901)(216555c1ccaa2644568394a99c5a7547)
#06 pc 00000000001299e7 /system/lib/ld-musl-x86_64.so.1(74178aa6301b8bad2ac9b6d7f2361221)
#07 pc 0000000000090f8e /system/lib/ld-musl-x86_64.so.1(74178aa6301b8bad2ac9b6d7f2361221)
Tid:19071, Name:OS_IPC_0_19071
state=S, utime=0, stime=1, priority=0, nice=-20, clk=100
#00 pc 00000000000dc46b /system/lib/ld-musl-x86_64.so.1(ioctl+187)(74178aa6301b8bad2ac9b6d7f2361221)
#01 pc 0000000000010ca7 /system/lib64/platformsdk/libipc_common.z.so(OHOS::BinderConnector::WriteBinder(unsigned long, void*)+55)(ae9fe169bf1f8b0397c31ba1b67e0e94)
#02 pc 000000000007e34d /system/lib64/platformsdk/libipc_single.z.so(OHOS::BinderInvoker::TransactWithDriver(bool)+269)(216555c1ccaa2644568394a99c5a7547)
#03 pc 000000000007e71a /system/lib64/platformsdk/libipc_single.z.so(OHOS::BinderInvoker::StartWorkLoop()+106)(216555c1ccaa2644568394a99c5a7547)
#04 pc 0000000000080c28 /system/lib64/platformsdk/libipc_single.z.so(OHOS::BinderInvoker::JoinThread(bool)+40)(216555c1ccaa2644568394a99c5a7547)
#05 pc 00000000000769f5 /system/lib64/platformsdk/libipc_single.z.so(OHOS::IPCWorkThread::ThreadHandler(void*)+901)(216555c1ccaa2644568394a99c5a7547)
#06 pc 00000000001299e7 /system/lib/ld-musl-x86_64.so.1(74178aa6301b8bad2ac9b6d7f2361221)
#07 pc 0000000000090f8e /system/lib/ld-musl-x86_64.so.1(74178aa6301b8bad2ac9b6d7f2361221)
Tid:19072, Name:OS_IPC_1_19072
state=S, utime=0, stime=0, priority=0, nice=-20, clk=100
#00 pc 00000000000dc46b /system/lib/ld-musl-x86_64.so.1(ioctl+187)(74178aa6301b8bad2ac9b6d7f2361221)
#01 pc 0000000000010ca7 /system/lib64/platformsdk/libipc_common.z.so(OHOS::BinderConnector::WriteBinder(unsigned long, void*)+55)(ae9fe169bf1f8b0397c31ba1b67e0e94)
#02 pc 000000000007e34d /system/lib64/platformsdk/libipc_single.z.so(OHOS::BinderInvoker::TransactWithDriver(bool)+269)(216555c1ccaa2644568394a99c5a7547)
#03 pc 000000000007e71a /system/lib64/platformsdk/libipc_single.z.so(OHOS::BinderInvoker::StartWorkLoop()+106)(216555c1ccaa2644568394a99c5a7547)
#04 pc 0000000000080c28 /system/lib64/platformsdk/libipc_single.z.so(OHOS::BinderInvoker::JoinThread(bool)+40)(216555c1ccaa2644568394a99c5a7547)
#05 pc 00000000000769f5 /system/lib64/platformsdk/libipc_single.z.so(OHOS::IPCWorkThread::ThreadHandler(void*)+901)(216555c1ccaa2644568394a99c5a7547)
#06 pc 00000000001299e7 /system/lib/ld-musl-x86_64.so.1(74178aa6301b8bad2ac9b6d7f2361221)
#07 pc 0000000000090f8e /system/lib/ld-musl-x86_64.so.1(74178aa6301b8bad2ac9b6d7f2361221)
Tid:19073, Name:OS_DfxWatchdog
state=S, utime=0, stime=0, priority=0, nice=-20, clk=100
#00 pc 0000000000125ee9 /system/lib/ld-musl-x86_64.so.1(74178aa6301b8bad2ac9b6d7f2361221)
#01 pc 0000000000127883 /system/lib/ld-musl-x86_64.so.1(pthread_cond_timedwait+195)(74178aa6301b8bad2ac9b6d7f2361221)
#02 pc 00000000000c74e7 /system/lib64/chipset-sdk-sp/libc++.so(std::__h::condition_variable::__do_timed_wait(std::__h::unique_lock<std::__h::mutex>&, std::__h::chrono::time_point<std::__h::chrono::system_clock, std::__h::chrono::duration<long long, std::__h::ratio<1l, 1000000000l>>>)+103)(ca45f3285cb13d8a615c2dcf32305914fbc391ad)
#03 pc 00000000000245a0 /system/lib64/chipset-sdk-sp/libhicollie.z.so(0d0f332b1d543f1b44cdc8747e67264a)
#04 pc 00000000000242a1 /system/lib64/chipset-sdk-sp/libhicollie.z.so(0d0f332b1d543f1b44cdc8747e67264a)
#05 pc 000000000002c17d /system/lib64/chipset-sdk-sp/libhicollie.z.so(0d0f332b1d543f1b44cdc8747e67264a)
#06 pc 00000000001299e7 /system/lib/ld-musl-x86_64.so.1(74178aa6301b8bad2ac9b6d7f2361221)
#07 pc 0000000000090f8e /system/lib/ld-musl-x86_64.so.1(74178aa6301b8bad2ac9b6d7f2361221)
Tid:19075, Name:OS_FFRT_Delay
state=S, utime=0, stime=0, priority=0, nice=-20, clk=100
#00 pc 00000000000b837f /system/lib/ld-musl-x86_64.so.1(epoll_wait+31)(74178aa6301b8bad2ac9b6d7f2361221)
#01 pc 00000000000b2cda /system/lib64/ndk/libffrt.so(6014d53b82cd59820b512f223d249356)
#02 pc 00000000001299e7 /system/lib/ld-musl-x86_64.so.1(74178aa6301b8bad2ac9b6d7f2361221)
#03 pc 0000000000090f8e /system/lib/ld-musl-x86_64.so.1(74178aa6301b8bad2ac9b6d7f2361221)
Tid:19076, Name:OS_IPC_2_19076
state=S, utime=0, stime=0, priority=0, nice=-20, clk=100
#00 pc 00000000000dc46b /system/lib/ld-musl-x86_64.so.1(ioctl+187)(74178aa6301b8bad2ac9b6d7f2361221)
#01 pc 0000000000010ca7 /system/lib64/platformsdk/libipc_common.z.so(OHOS::BinderConnector::WriteBinder(unsigned long, void*)+55)(ae9fe169bf1f8b0397c31ba1b67e0e94)
#02 pc 000000000007e34d /system/lib64/platformsdk/libipc_single.z.so(OHOS::BinderInvoker::TransactWithDriver(bool)+269)(216555c1ccaa2644568394a99c5a7547)
#03 pc 000000000007e71a /system/lib64/platformsdk/libipc_single.z.so(OHOS::BinderInvoker::StartWorkLoop()+106)(216555c1ccaa2644568394a99c5a7547)
#04 pc 0000000000080c28 /system/lib64/platformsdk/libipc_single.z.so(OHOS::BinderInvoker::JoinThread(bool)+40)(216555c1ccaa2644568394a99c5a7547)
#05 pc 00000000000769f5 /system/lib64/platformsdk/libipc_single.z.so(OHOS::IPCWorkThread::ThreadHandler(void*)+901)(216555c1ccaa2644568394a99c5a7547)
#06 pc 00000000001299e7 /system/lib/ld-musl-x86_64.so.1(74178aa6301b8bad2ac9b6d7f2361221)
#07 pc 0000000000090f8e /system/lib/ld-musl-x86_64.so.1(74178aa6301b8bad2ac9b6d7f2361221)
Tid:19081, Name:OS_FFRT_2_0
state=S, utime=0, stime=2, priority=0, nice=-20, clk=100
#00 pc 0000000000125ee9 /system/lib/ld-musl-x86_64.so.1(74178aa6301b8bad2ac9b6d7f2361221)
#01 pc 0000000000127883 /system/lib/ld-musl-x86_64.so.1(pthread_cond_timedwait+195)(74178aa6301b8bad2ac9b6d7f2361221)
#02 pc 00000000000c74e7 /system/lib64/chipset-sdk-sp/libc++.so(std::__h::condition_variable::__do_timed_wait(std::__h::unique_lock<std::__h::mutex>&, std::__h::chrono::time_point<std::__h::chrono::system_clock, std::__h::chrono::duration<long long, std::__h::ratio<1l, 1000000000l>>>)+103)(ca45f3285cb13d8a615c2dcf32305914fbc391ad)
#03 pc 000000000008bcb0 /system/lib64/ndk/libffrt.so(6014d53b82cd59820b512f223d249356)
#04 pc 00000000000760ef /system/lib64/ndk/libffrt.so(6014d53b82cd59820b512f223d249356)
#05 pc 0000000000075eaf /system/lib64/ndk/libffrt.so(6014d53b82cd59820b512f223d249356)
#06 pc 0000000000075d79 /system/lib64/ndk/libffrt.so(6014d53b82cd59820b512f223d249356)
#07 pc 00000000001299e7 /system/lib/ld-musl-x86_64.so.1(74178aa6301b8bad2ac9b6d7f2361221)
#08 pc 0000000000090f8e /system/lib/ld-musl-x86_64.so.1(74178aa6301b8bad2ac9b6d7f2361221)
Tid:19082, Name:OS_GC_Thread
state=S, utime=0, stime=0, priority=0, nice=-20, clk=100
#00 pc 0000000000125ee9 /system/lib/ld-musl-x86_64.so.1(74178aa6301b8bad2ac9b6d7f2361221)
#01 pc 0000000000127883 /system/lib/ld-musl-x86_64.so.1(pthread_cond_timedwait+195)(74178aa6301b8bad2ac9b6d7f2361221)
#02 pc 00000000009cd4ca /system/lib64/platformsdk/libark_jsruntime.so(3403c0dea7c24e42adea4ee0f5dd2803)
#03 pc 00000000009cd443 /system/lib64/platformsdk/libark_jsruntime.so(3403c0dea7c24e42adea4ee0f5dd2803)
#04 pc 00000000009cd8b5 /system/lib64/platformsdk/libark_jsruntime.so(3403c0dea7c24e42adea4ee0f5dd2803)
#05 pc 00000000001299e7 /system/lib/ld-musl-x86_64.so.1(74178aa6301b8bad2ac9b6d7f2361221)
#06 pc 0000000000090f8e /system/lib/ld-musl-x86_64.so.1(74178aa6301b8bad2ac9b6d7f2361221)
Tid:19083, Name:OS_GC_Thread
state=S, utime=15, stime=12, priority=0, nice=-20, clk=100
#00 pc 0000000000125ee9 /system/lib/ld-musl-x86_64.so.1(74178aa6301b8bad2ac9b6d7f2361221)
#01 pc 0000000000127883 /system/lib/ld-musl-x86_64.so.1(pthread_cond_timedwait+195)(74178aa6301b8bad2ac9b6d7f2361221)
#02 pc 00000000000c7451 /system/lib64/chipset-sdk-sp/libc++.so(std::__h::condition_variable::wait(std::__h::unique_lock<std::__h::mutex>&)+17)(ca45f3285cb13d8a615c2dcf32305914fbc391ad)
#03 pc 0000000000a298fd /system/lib64/platformsdk/libark_jsruntime.so(3403c0dea7c24e42adea4ee0f5dd2803)
#04 pc 0000000000a29475 /system/lib64/platformsdk/libark_jsruntime.so(3403c0dea7c24e42adea4ee0f5dd2803)
#05 pc 0000000000a2955a /system/lib64/platformsdk/libark_jsruntime.so(3403c0dea7c24e42adea4ee0f5dd2803)
#06 pc 00000000001299e7 /system/lib/ld-musl-x86_64.so.1(74178aa6301b8bad2ac9b6d7f2361221)
#07 pc 0000000000090f8e /system/lib/ld-musl-x86_64.so.1(74178aa6301b8bad2ac9b6d7f2361221)
Tid:19084, Name:OS_GC_Thread
state=S, utime=12, stime=16, priority=0, nice=-20, clk=100
#00 pc 0000000000125ee9 /system/lib/ld-musl-x86_64.so.1(74178aa6301b8bad2ac9b6d7f2361221)
#01 pc 0000000000127883 /system/lib/ld-musl-x86_64.so.1(pthread_cond_timedwait+195)(74178aa6301b8bad2ac9b6d7f2361221)
#02 pc 00000000000c7451 /system/lib64/chipset-sdk-sp/libc++.so(std::__h::condition_variable::wait(std::__h::unique_lock<std::__h::mutex>&)+17)(ca45f3285cb13d8a615c2dcf32305914fbc391ad)
#03 pc 0000000000a298fd /system/lib64/platformsdk/libark_jsruntime.so(3403c0dea7c24e42adea4ee0f5dd2803)
#04 pc 0000000000a29475 /system/lib64/platformsdk/libark_jsruntime.so(3403c0dea7c24e42adea4ee0f5dd2803)
#05 pc 0000000000a2955a /system/lib64/platformsdk/libark_jsruntime.so(3403c0dea7c24e42adea4ee0f5dd2803)
#06 pc 00000000001299e7 /system/lib/ld-musl-x86_64.so.1(74178aa6301b8bad2ac9b6d7f2361221)
#07 pc 0000000000090f8e /system/lib/ld-musl-x86_64.so.1(74178aa6301b8bad2ac9b6d7f2361221)
Tid:19085, Name:OS_GC_Thread
state=S, utime=19, stime=5, priority=0, nice=-20, clk=100
#00 pc 0000000000125ee9 /system/lib/ld-musl-x86_64.so.1(74178aa6301b8bad2ac9b6d7f2361221)
#01 pc 0000000000127883 /system/lib/ld-musl-x86_64.so.1(pthread_cond_timedwait+195)(74178aa6301b8bad2ac9b6d7f2361221)
#02 pc 00000000000c7451 /system/lib64/chipset-sdk-sp/libc++.so(std::__h::condition_variable::wait(std::__h::unique_lock<std::__h::mutex>&)+17)(ca45f3285cb13d8a615c2dcf32305914fbc391ad)
#03 pc 0000000000a298fd /system/lib64/platformsdk/libark_jsruntime.so(3403c0dea7c24e42adea4ee0f5dd2803)
#04 pc 0000000000a29475 /system/lib64/platformsdk/libark_jsruntime.so(3403c0dea7c24e42adea4ee0f5dd2803)
#05 pc 0000000000a2955a /system/lib64/platformsdk/libark_jsruntime.so(3403c0dea7c24e42adea4ee0f5dd2803)
#06 pc 00000000001299e7 /system/lib/ld-musl-x86_64.so.1(74178aa6301b8bad2ac9b6d7f2361221)
#07 pc 0000000000090f8e /system/lib/ld-musl-x86_64.so.1(74178aa6301b8bad2ac9b6d7f2361221)
Tid:19086, Name:OS_FFRT_3_0
state=S, utime=5, stime=9, priority=0, nice=-20, clk=100
#00 pc 0000000000125ee9 /system/lib/ld-musl-x86_64.so.1(74178aa6301b8bad2ac9b6d7f2361221)
#01 pc 0000000000127883 /system/lib/ld-musl-x86_64.so.1(pthread_cond_timedwait+195)(74178aa6301b8bad2ac9b6d7f2361221)
#02 pc 00000000000c74e7 /system/lib64/chipset-sdk-sp/libc++.so(std::__h::condition_variable::__do_timed_wait(std::__h::unique_lock<std::__h::mutex>&, std::__h::chrono::time_point<std::__h::chrono::system_clock, std::__h::chrono::duration<long long, std::__h::ratio<1l, 1000000000l>>>)+103)(ca45f3285cb13d8a615c2dcf32305914fbc391ad)
#03 pc 000000000008bcb0 /system/lib64/ndk/libffrt.so(6014d53b82cd59820b512f223d249356)
#04 pc 00000000000760ef /system/lib64/ndk/libffrt.so(6014d53b82cd59820b512f223d249356)
#05 pc 0000000000075eaf /system/lib64/ndk/libffrt.so(6014d53b82cd59820b512f223d249356)
#06 pc 0000000000075d79 /system/lib64/ndk/libffrt.so(6014d53b82cd59820b512f223d249356)
#07 pc 00000000001299e7 /system/lib/ld-musl-x86_64.so.1(74178aa6301b8bad2ac9b6d7f2361221)
#08 pc 0000000000090f8e /system/lib/ld-musl-x86_64.so.1(74178aa6301b8bad2ac9b6d7f2361221)
Tid:19087, Name:OS_hdcRegister
state=S, utime=0, stime=0, priority=0, nice=-20, clk=100
#00 pc 00000000000b837f /system/lib/ld-musl-x86_64.so.1(epoll_wait+31)(74178aa6301b8bad2ac9b6d7f2361221)
#01 pc 000000000000660f /system/lib64/platformsdk/libhdc_register.z.so(Hdc::HdcJdwpSimulator::ReadFromJdwp()+367)(4c41d0541b0381aaf6674e818696d512)
#02 pc 0000000000006ba3 /system/lib64/platformsdk/libhdc_register.z.so(Hdc::HdcJdwpSimulator::Connect()+195)(4c41d0541b0381aaf6674e818696d512)
#03 pc 00000000000052ef /system/lib64/platformsdk/libhdc_register.z.so(Hdc::HdcConnectRun(void*)+559)(4c41d0541b0381aaf6674e818696d512)
#04 pc 00000000001299e7 /system/lib/ld-musl-x86_64.so.1(74178aa6301b8bad2ac9b6d7f2361221)
#05 pc 0000000000090f8e /system/lib/ld-musl-x86_64.so.1(74178aa6301b8bad2ac9b6d7f2361221)
Tid:19088, Name:OS_FFRT_0_0
state=S, utime=0, stime=0, priority=0, nice=-20, clk=100
#00 pc 0000000000125ee9 /system/lib/ld-musl-x86_64.so.1(74178aa6301b8bad2ac9b6d7f2361221)
#01 pc 0000000000127883 /system/lib/ld-musl-x86_64.so.1(pthread_cond_timedwait+195)(74178aa6301b8bad2ac9b6d7f2361221)
#02 pc 00000000000c74e7 /system/lib64/chipset-sdk-sp/libc++.so(std::__h::condition_variable::__do_timed_wait(std::__h::unique_lock<std::__h::mutex>&, std::__h::chrono::time_point<std::__h::chrono::system_clock, std::__h::chrono::duration<long long, std::__h::ratio<1l, 1000000000l>>>)+103)(ca45f3285cb13d8a615c2dcf32305914fbc391ad)
#03 pc 000000000008bcb0 /system/lib64/ndk/libffrt.so(6014d53b82cd59820b512f223d249356)
#04 pc 00000000000760ef /system/lib64/ndk/libffrt.so(6014d53b82cd59820b512f223d249356)
#05 pc 0000000000075eaf /system/lib64/ndk/libffrt.so(6014d53b82cd59820b512f223d249356)
#06 pc 0000000000075d79 /system/lib64/ndk/libffrt.so(6014d53b82cd59820b512f223d249356)
#07 pc 00000000001299e7 /system/lib/ld-musl-x86_64.so.1(74178aa6301b8bad2ac9b6d7f2361221)
#08 pc 0000000000090f8e /system/lib/ld-musl-x86_64.so.1(74178aa6301b8bad2ac9b6d7f2361221)
Tid:19097, Name:sandbox_thread
state=S, utime=0, stime=0, priority=0, nice=-20, clk=100
#00 pc 0000000000125ee9 /system/lib/ld-musl-x86_64.so.1(74178aa6301b8bad2ac9b6d7f2361221)
#01 pc 0000000000127883 /system/lib/ld-musl-x86_64.so.1(pthread_cond_timedwait+195)(74178aa6301b8bad2ac9b6d7f2361221)
#02 pc 00000000000c7451 /system/lib64/chipset-sdk-sp/libc++.so(std::__h::condition_variable::wait(std::__h::unique_lock<std::__h::mutex>&)+17)(ca45f3285cb13d8a615c2dcf32305914fbc391ad)
#03 pc 00000000000086d7 /system/lib64/platformsdk/libsandboxlog.so(15f86dfff1c9aa3778b113b4e1f84fe4)
#04 pc 0000000000009363 /system/lib64/platformsdk/libsandboxlog.so(15f86dfff1c9aa3778b113b4e1f84fe4)
#05 pc 00000000001299e7 /system/lib/ld-musl-x86_64.so.1(74178aa6301b8bad2ac9b6d7f2361221)
#06 pc 0000000000090f8e /system/lib/ld-musl-x86_64.so.1(74178aa6301b8bad2ac9b6d7f2361221)
Tid:19099, Name:xample.callaite
state=S, utime=0, stime=0, priority=0, nice=-20, clk=100
#00 pc 000000000013100d /system/lib/ld-musl-x86_64.so.1(nanosleep+13)(74178aa6301b8bad2ac9b6d7f2361221)
#01 pc 00000000000d9b9a /system/lib64/chipset-sdk-sp/libc++.so(std::__h::this_thread::sleep_for(std::__h::chrono::duration<long long, std::__h::ratio<1l, 1000000000l>> const&)+90)(ca45f3285cb13d8a615c2dcf32305914fbc391ad)
#02 pc 0000000000015f52 /system/lib64/platformsdk/libhistogram.z.so(bcaef44ffc0c920a27140798ab5f7654)
#03 pc 00000000001299e7 /system/lib/ld-musl-x86_64.so.1(74178aa6301b8bad2ac9b6d7f2361221)
#04 pc 0000000000090f8e /system/lib/ld-musl-x86_64.so.1(74178aa6301b8bad2ac9b6d7f2361221)
Tid:19100, Name:OS_EVENT_POLL
state=S, utime=0, stime=0, priority=0, nice=-20, clk=100
#00 pc 00000000000b837f /system/lib/ld-musl-x86_64.so.1(epoll_wait+31)(74178aa6301b8bad2ac9b6d7f2361221)
#01 pc 000000000001a0fc /system/lib64/chipset-sdk-sp/libeventhandler.z.so(d20098a20e88abe540f8f998e7a8bdcc)
#02 pc 000000000001b2e6 /system/lib64/chipset-sdk-sp/libeventhandler.z.so(d20098a20e88abe540f8f998e7a8bdcc)
#03 pc 00000000001299e7 /system/lib/ld-musl-x86_64.so.1(74178aa6301b8bad2ac9b6d7f2361221)
#04 pc 0000000000090f8e /system/lib/ld-musl-x86_64.so.1(74178aa6301b8bad2ac9b6d7f2361221)
Tid:19102, Name:OS_FFRT_3_2
state=S, utime=0, stime=0, priority=0, nice=-20, clk=100
#00 pc 0000000000125ee9 /system/lib/ld-musl-x86_64.so.1(74178aa6301b8bad2ac9b6d7f2361221)
#01 pc 0000000000127883 /system/lib/ld-musl-x86_64.so.1(pthread_cond_timedwait+195)(74178aa6301b8bad2ac9b6d7f2361221)
#02 pc 00000000000c74e7 /system/lib64/chipset-sdk-sp/libc++.so(std::__h::condition_variable::__do_timed_wait(std::__h::unique_lock<std::__h::mutex>&, std::__h::chrono::time_point<std::__h::chrono::system_clock, std::__h::chrono::duration<long long, std::__h::ratio<1l, 1000000000l>>>)+103)(ca45f3285cb13d8a615c2dcf32305914fbc391ad)
#03 pc 000000000008bcb0 /system/lib64/ndk/libffrt.so(6014d53b82cd59820b512f223d249356)
#04 pc 00000000000760ef /system/lib64/ndk/libffrt.so(6014d53b82cd59820b512f223d249356)
#05 pc 0000000000075eaf /system/lib64/ndk/libffrt.so(6014d53b82cd59820b512f223d249356)
#06 pc 0000000000075d79 /system/lib64/ndk/libffrt.so(6014d53b82cd59820b512f223d249356)
#07 pc 00000000001299e7 /system/lib/ld-musl-x86_64.so.1(74178aa6301b8bad2ac9b6d7f2361221)
#08 pc 0000000000090f8e /system/lib/ld-musl-x86_64.so.1(74178aa6301b8bad2ac9b6d7f2361221)
Tid:19103, Name:OS_FFRT_3_1
state=S, utime=0, stime=0, priority=0, nice=-20, clk=100
#00 pc 0000000000125ee9 /system/lib/ld-musl-x86_64.so.1(74178aa6301b8bad2ac9b6d7f2361221)
#01 pc 0000000000127883 /system/lib/ld-musl-x86_64.so.1(pthread_cond_timedwait+195)(74178aa6301b8bad2ac9b6d7f2361221)
#02 pc 00000000000c74e7 /system/lib64/chipset-sdk-sp/libc++.so(std::__h::condition_variable::__do_timed_wait(std::__h::unique_lock<std::__h::mutex>&, std::__h::chrono::time_point<std::__h::chrono::system_clock, std::__h::chrono::duration<long long, std::__h::ratio<1l, 1000000000l>>>)+103)(ca45f3285cb13d8a615c2dcf32305914fbc391ad)
#03 pc 000000000008bcb0 /system/lib64/ndk/libffrt.so(6014d53b82cd59820b512f223d249356)
#04 pc 00000000000760ef /system/lib64/ndk/libffrt.so(6014d53b82cd59820b512f223d249356)
#05 pc 0000000000075eaf /system/lib64/ndk/libffrt.so(6014d53b82cd59820b512f223d249356)
#06 pc 0000000000075d79 /system/lib64/ndk/libffrt.so(6014d53b82cd59820b512f223d249356)
#07 pc 00000000001299e7 /system/lib/ld-musl-x86_64.so.1(74178aa6301b8bad2ac9b6d7f2361221)
#08 pc 0000000000090f8e /system/lib/ld-musl-x86_64.so.1(74178aa6301b8bad2ac9b6d7f2361221)
Tid:19104, Name:OS_FFRT_3_3
state=S, utime=0, stime=0, priority=0, nice=-20, clk=100
#00 pc 0000000000125ee9 /system/lib/ld-musl-x86_64.so.1(74178aa6301b8bad2ac9b6d7f2361221)
#01 pc 0000000000127883 /system/lib/ld-musl-x86_64.so.1(pthread_cond_timedwait+195)(74178aa6301b8bad2ac9b6d7f2361221)
#02 pc 00000000000c74e7 /system/lib64/chipset-sdk-sp/libc++.so(std::__h::condition_variable::__do_timed_wait(std::__h::unique_lock<std::__h::mutex>&, std::__h::chrono::time_point<std::__h::chrono::system_clock, std::__h::chrono::duration<long long, std::__h::ratio<1l, 1000000000l>>>)+103)(ca45f3285cb13d8a615c2dcf32305914fbc391ad)
#03 pc 000000000008bcb0 /system/lib64/ndk/libffrt.so(6014d53b82cd59820b512f223d249356)
#04 pc 00000000000760ef /system/lib64/ndk/libffrt.so(6014d53b82cd59820b512f223d249356)
#05 pc 0000000000075eaf /system/lib64/ndk/libffrt.so(6014d53b82cd59820b512f223d249356)
#06 pc 0000000000075d79 /system/lib64/ndk/libffrt.so(6014d53b82cd59820b512f223d249356)
#07 pc 00000000001299e7 /system/lib/ld-musl-x86_64.so.1(74178aa6301b8bad2ac9b6d7f2361221)
#08 pc 0000000000090f8e /system/lib/ld-musl-x86_64.so.1(74178aa6301b8bad2ac9b6d7f2361221)
Tid:19106, Name:OS_MainDisplayS
state=S, utime=0, stime=0, priority=0, nice=-20, clk=100
#00 pc 00000000000b837f /system/lib/ld-musl-x86_64.so.1(epoll_wait+31)(74178aa6301b8bad2ac9b6d7f2361221)
#01 pc 000000000001ceee /system/lib64/chipset-sdk-sp/libeventhandler.z.so(d20098a20e88abe540f8f998e7a8bdcc)
#02 pc 00000000000230bf /system/lib64/chipset-sdk-sp/libeventhandler.z.so(OHOS::AppExecFwk::EventQueue::WaitUntilLocked(std::__h::chrono::time_point<std::__h::chrono::steady_clock, std::__h::chrono::duration<long long, std::__h::ratio<1l, 1000000000l>>> const&, OHOS::AppExecFwk::UniqueLockBase&, bool)+79)(d20098a20e88abe540f8f998e7a8bdcc)
#03 pc 00000000000282df /system/lib64/chipset-sdk-sp/libeventhandler.z.so(OHOS::AppExecFwk::EventQueueBase::GetEvent()+207)(d20098a20e88abe540f8f998e7a8bdcc)
#04 pc 0000000000033985 /system/lib64/chipset-sdk-sp/libeventhandler.z.so(d20098a20e88abe540f8f998e7a8bdcc)
#05 pc 0000000000030352 /system/lib64/chipset-sdk-sp/libeventhandler.z.so(d20098a20e88abe540f8f998e7a8bdcc)
#06 pc 00000000000357c3 /system/lib64/chipset-sdk-sp/libeventhandler.z.so(d20098a20e88abe540f8f998e7a8bdcc)
#07 pc 00000000001299e7 /system/lib/ld-musl-x86_64.so.1(74178aa6301b8bad2ac9b6d7f2361221)
#08 pc 0000000000090f8e /system/lib/ld-musl-x86_64.so.1(74178aa6301b8bad2ac9b6d7f2361221)
Tid:19108, Name:OS_IPC_4_19108
state=S, utime=0, stime=0, priority=0, nice=-20, clk=100
#00 pc 00000000000dc46b /system/lib/ld-musl-x86_64.so.1(ioctl+187)(74178aa6301b8bad2ac9b6d7f2361221)
#01 pc 0000000000010ca7 /system/lib64/platformsdk/libipc_common.z.so(OHOS::BinderConnector::WriteBinder(unsigned long, void*)+55)(ae9fe169bf1f8b0397c31ba1b67e0e94)
#02 pc 000000000007e34d /system/lib64/platformsdk/libipc_single.z.so(OHOS::BinderInvoker::TransactWithDriver(bool)+269)(216555c1ccaa2644568394a99c5a7547)
#03 pc 000000000007e71a /system/lib64/platformsdk/libipc_single.z.so(OHOS::BinderInvoker::StartWorkLoop()+106)(216555c1ccaa2644568394a99c5a7547)
#04 pc 0000000000080c28 /system/lib64/platformsdk/libipc_single.z.so(OHOS::BinderInvoker::JoinThread(bool)+40)(216555c1ccaa2644568394a99c5a7547)
#05 pc 00000000000769f5 /system/lib64/platformsdk/libipc_single.z.so(OHOS::IPCWorkThread::ThreadHandler(void*)+901)(216555c1ccaa2644568394a99c5a7547)
#06 pc 00000000001299e7 /system/lib/ld-musl-x86_64.so.1(74178aa6301b8bad2ac9b6d7f2361221)
#07 pc 0000000000090f8e /system/lib/ld-musl-x86_64.so.1(74178aa6301b8bad2ac9b6d7f2361221)
Tid:19111, Name:ace.bg.1
state=S, utime=0, stime=0, priority=0, nice=-20, clk=100
#00 pc 0000000000125ee9 /system/lib/ld-musl-x86_64.so.1(74178aa6301b8bad2ac9b6d7f2361221)
#01 pc 0000000000127883 /system/lib/ld-musl-x86_64.so.1(pthread_cond_timedwait+195)(74178aa6301b8bad2ac9b6d7f2361221)
#02 pc 00000000000c7451 /system/lib64/chipset-sdk-sp/libc++.so(std::__h::condition_variable::wait(std::__h::unique_lock<std::__h::mutex>&)+17)(ca45f3285cb13d8a615c2dcf32305914fbc391ad)
#03 pc 000000000148ac32 /system/lib64/platformsdk/libace_compatible.z.so(cb476043f6fb29150d891bc788a45885)
#04 pc 000000000148afa2 /system/lib64/platformsdk/libace_compatible.z.so(cb476043f6fb29150d891bc788a45885)
#05 pc 00000000001299e7 /system/lib/ld-musl-x86_64.so.1(74178aa6301b8bad2ac9b6d7f2361221)
#06 pc 0000000000090f8e /system/lib/ld-musl-x86_64.so.1(74178aa6301b8bad2ac9b6d7f2361221)
Tid:19112, Name:ace.bg.2
state=S, utime=0, stime=0, priority=0, nice=-20, clk=100
#00 pc 0000000000125ee9 /system/lib/ld-musl-x86_64.so.1(74178aa6301b8bad2ac9b6d7f2361221)
#01 pc 0000000000127883 /system/lib/ld-musl-x86_64.so.1(pthread_cond_timedwait+195)(74178aa6301b8bad2ac9b6d7f2361221)
#02 pc 00000000000c7451 /system/lib64/chipset-sdk-sp/libc++.so(std::__h::condition_variable::wait(std::__h::unique_lock<std::__h::mutex>&)+17)(ca45f3285cb13d8a615c2dcf32305914fbc391ad)
#03 pc 000000000148ac32 /system/lib64/platformsdk/libace_compatible.z.so(cb476043f6fb29150d891bc788a45885)
#04 pc 000000000148afa2 /system/lib64/platformsdk/libace_compatible.z.so(cb476043f6fb29150d891bc788a45885)
#05 pc 00000000001299e7 /system/lib/ld-musl-x86_64.so.1(74178aa6301b8bad2ac9b6d7f2361221)
#06 pc 0000000000090f8e /system/lib/ld-musl-x86_64.so.1(74178aa6301b8bad2ac9b6d7f2361221)
Tid:19113, Name:ace.bg.3
state=S, utime=0, stime=0, priority=0, nice=-20, clk=100
#00 pc 0000000000125ee9 /system/lib/ld-musl-x86_64.so.1(74178aa6301b8bad2ac9b6d7f2361221)
#01 pc 0000000000127883 /system/lib/ld-musl-x86_64.so.1(pthread_cond_timedwait+195)(74178aa6301b8bad2ac9b6d7f2361221)
#02 pc 00000000000c7451 /system/lib64/chipset-sdk-sp/libc++.so(std::__h::condition_variable::wait(std::__h::unique_lock<std::__h::mutex>&)+17)(ca45f3285cb13d8a615c2dcf32305914fbc391ad)
#03 pc 000000000148ac32 /system/lib64/platformsdk/libace_compatible.z.so(cb476043f6fb29150d891bc788a45885)
#04 pc 000000000148afa2 /system/lib64/platformsdk/libace_compatible.z.so(cb476043f6fb29150d891bc788a45885)
#05 pc 00000000001299e7 /system/lib/ld-musl-x86_64.so.1(74178aa6301b8bad2ac9b6d7f2361221)
#06 pc 0000000000090f8e /system/lib/ld-musl-x86_64.so.1(74178aa6301b8bad2ac9b6d7f2361221)
Tid:19114, Name:ace.bg.4
state=S, utime=0, stime=0, priority=0, nice=-20, clk=100
#00 pc 0000000000125ee9 /system/lib/ld-musl-x86_64.so.1(74178aa6301b8bad2ac9b6d7f2361221)
#01 pc 0000000000127883 /system/lib/ld-musl-x86_64.so.1(pthread_cond_timedwait+195)(74178aa6301b8bad2ac9b6d7f2361221)
#02 pc 00000000000c7451 /system/lib64/chipset-sdk-sp/libc++.so(std::__h::condition_variable::wait(std::__h::unique_lock<std::__h::mutex>&)+17)(ca45f3285cb13d8a615c2dcf32305914fbc391ad)
#03 pc 000000000148ac32 /system/lib64/platformsdk/libace_compatible.z.so(cb476043f6fb29150d891bc788a45885)
#04 pc 000000000148afa2 /system/lib64/platformsdk/libace_compatible.z.so(cb476043f6fb29150d891bc788a45885)
#05 pc 00000000001299e7 /system/lib/ld-musl-x86_64.so.1(74178aa6301b8bad2ac9b6d7f2361221)
#06 pc 0000000000090f8e /system/lib/ld-musl-x86_64.so.1(74178aa6301b8bad2ac9b6d7f2361221)
Tid:19115, Name:ace.bg.5
state=S, utime=0, stime=0, priority=0, nice=-20, clk=100
#00 pc 0000000000125ee9 /system/lib/ld-musl-x86_64.so.1(74178aa6301b8bad2ac9b6d7f2361221)
#01 pc 0000000000127883 /system/lib/ld-musl-x86_64.so.1(pthread_cond_timedwait+195)(74178aa6301b8bad2ac9b6d7f2361221)
#02 pc 00000000000c7451 /system/lib64/chipset-sdk-sp/libc++.so(std::__h::condition_variable::wait(std::__h::unique_lock<std::__h::mutex>&)+17)(ca45f3285cb13d8a615c2dcf32305914fbc391ad)
#03 pc 000000000148ac32 /system/lib64/platformsdk/libace_compatible.z.so(cb476043f6fb29150d891bc788a45885)
#04 pc 000000000148afa2 /system/lib64/platformsdk/libace_compatible.z.so(cb476043f6fb29150d891bc788a45885)
#05 pc 00000000001299e7 /system/lib/ld-musl-x86_64.so.1(74178aa6301b8bad2ac9b6d7f2361221)
#06 pc 0000000000090f8e /system/lib/ld-musl-x86_64.so.1(74178aa6301b8bad2ac9b6d7f2361221)
Tid:19116, Name:ace.bg.6
state=S, utime=0, stime=0, priority=0, nice=-20, clk=100
#00 pc 0000000000125ee9 /system/lib/ld-musl-x86_64.so.1(74178aa6301b8bad2ac9b6d7f2361221)
#01 pc 0000000000127883 /system/lib/ld-musl-x86_64.so.1(pthread_cond_timedwait+195)(74178aa6301b8bad2ac9b6d7f2361221)
#02 pc 00000000000c7451 /system/lib64/chipset-sdk-sp/libc++.so(std::__h::condition_variable::wait(std::__h::unique_lock<std::__h::mutex>&)+17)(ca45f3285cb13d8a615c2dcf32305914fbc391ad)
#03 pc 000000000148ac32 /system/lib64/platformsdk/libace_compatible.z.so(cb476043f6fb29150d891bc788a45885)
#04 pc 000000000148afa2 /system/lib64/platformsdk/libace_compatible.z.so(cb476043f6fb29150d891bc788a45885)
#05 pc 00000000001299e7 /system/lib/ld-musl-x86_64.so.1(74178aa6301b8bad2ac9b6d7f2361221)
#06 pc 0000000000090f8e /system/lib/ld-musl-x86_64.so.1(74178aa6301b8bad2ac9b6d7f2361221)
Tid:19117, Name:ace.bg.7
state=S, utime=0, stime=0, priority=0, nice=-20, clk=100
#00 pc 0000000000125ee9 /system/lib/ld-musl-x86_64.so.1(74178aa6301b8bad2ac9b6d7f2361221)
#01 pc 0000000000127883 /system/lib/ld-musl-x86_64.so.1(pthread_cond_timedwait+195)(74178aa6301b8bad2ac9b6d7f2361221)
#02 pc 00000000000c7451 /system/lib64/chipset-sdk-sp/libc++.so(std::__h::condition_variable::wait(std::__h::unique_lock<std::__h::mutex>&)+17)(ca45f3285cb13d8a615c2dcf32305914fbc391ad)
#03 pc 000000000148ac32 /system/lib64/platformsdk/libace_compatible.z.so(cb476043f6fb29150d891bc788a45885)
#04 pc 000000000148afa2 /system/lib64/platformsdk/libace_compatible.z.so(cb476043f6fb29150d891bc788a45885)
#05 pc 00000000001299e7 /system/lib/ld-musl-x86_64.so.1(74178aa6301b8bad2ac9b6d7f2361221)
#06 pc 0000000000090f8e /system/lib/ld-musl-x86_64.so.1(74178aa6301b8bad2ac9b6d7f2361221)
Tid:19118, Name:ace.bg.8
state=S, utime=0, stime=0, priority=0, nice=-20, clk=100
#00 pc 0000000000125ee9 /system/lib/ld-musl-x86_64.so.1(74178aa6301b8bad2ac9b6d7f2361221)
#01 pc 0000000000127883 /system/lib/ld-musl-x86_64.so.1(pthread_cond_timedwait+195)(74178aa6301b8bad2ac9b6d7f2361221)
#02 pc 00000000000c7451 /system/lib64/chipset-sdk-sp/libc++.so(std::__h::condition_variable::wait(std::__h::unique_lock<std::__h::mutex>&)+17)(ca45f3285cb13d8a615c2dcf32305914fbc391ad)
#03 pc 000000000148ac32 /system/lib64/platformsdk/libace_compatible.z.so(cb476043f6fb29150d891bc788a45885)
#04 pc 000000000148afa2 /system/lib64/platformsdk/libace_compatible.z.so(cb476043f6fb29150d891bc788a45885)
#05 pc 00000000001299e7 /system/lib/ld-musl-x86_64.so.1(74178aa6301b8bad2ac9b6d7f2361221)
#06 pc 0000000000090f8e /system/lib/ld-musl-x86_64.so.1(74178aa6301b8bad2ac9b6d7f2361221)
Tid:19119, Name:OS_FFRT_5_1
state=S, utime=0, stime=0, priority=0, nice=-20, clk=100
#00 pc 0000000000125ee9 /system/lib/ld-musl-x86_64.so.1(74178aa6301b8bad2ac9b6d7f2361221)
#01 pc 0000000000127883 /system/lib/ld-musl-x86_64.so.1(pthread_cond_timedwait+195)(74178aa6301b8bad2ac9b6d7f2361221)
#02 pc 00000000000c74e7 /system/lib64/chipset-sdk-sp/libc++.so(std::__h::condition_variable::__do_timed_wait(std::__h::unique_lock<std::__h::mutex>&, std::__h::chrono::time_point<std::__h::chrono::system_clock, std::__h::chrono::duration<long long, std::__h::ratio<1l, 1000000000l>>>)+103)(ca45f3285cb13d8a615c2dcf32305914fbc391ad)
#03 pc 000000000008bcb0 /system/lib64/ndk/libffrt.so(6014d53b82cd59820b512f223d249356)
#04 pc 00000000000760ef /system/lib64/ndk/libffrt.so(6014d53b82cd59820b512f223d249356)
#05 pc 0000000000075eaf /system/lib64/ndk/libffrt.so(6014d53b82cd59820b512f223d249356)
#06 pc 0000000000075d79 /system/lib64/ndk/libffrt.so(6014d53b82cd59820b512f223d249356)
#07 pc 00000000001299e7 /system/lib/ld-musl-x86_64.so.1(74178aa6301b8bad2ac9b6d7f2361221)
#08 pc 0000000000090f8e /system/lib/ld-musl-x86_64.so.1(74178aa6301b8bad2ac9b6d7f2361221)
Tid:19181, Name:OS_IPC_5_19181
state=S, utime=0, stime=0, priority=0, nice=-20, clk=100
#00 pc 00000000000dc46b /system/lib/ld-musl-x86_64.so.1(ioctl+187)(74178aa6301b8bad2ac9b6d7f2361221)
#01 pc 0000000000010ca7 /system/lib64/platformsdk/libipc_common.z.so(OHOS::BinderConnector::WriteBinder(unsigned long, void*)+55)(ae9fe169bf1f8b0397c31ba1b67e0e94)
#02 pc 000000000007e34d /system/lib64/platformsdk/libipc_single.z.so(OHOS::BinderInvoker::TransactWithDriver(bool)+269)(216555c1ccaa2644568394a99c5a7547)
#03 pc 000000000007e71a /system/lib64/platformsdk/libipc_single.z.so(OHOS::BinderInvoker::StartWorkLoop()+106)(216555c1ccaa2644568394a99c5a7547)
#04 pc 0000000000080c28 /system/lib64/platformsdk/libipc_single.z.so(OHOS::BinderInvoker::JoinThread(bool)+40)(216555c1ccaa2644568394a99c5a7547)
#05 pc 00000000000769f5 /system/lib64/platformsdk/libipc_single.z.so(OHOS::IPCWorkThread::ThreadHandler(void*)+901)(216555c1ccaa2644568394a99c5a7547)
#06 pc 00000000001299e7 /system/lib/ld-musl-x86_64.so.1(74178aa6301b8bad2ac9b6d7f2361221)
#07 pc 0000000000090f8e /system/lib/ld-musl-x86_64.so.1(74178aa6301b8bad2ac9b6d7f2361221)
Tid:19185, Name:OS_IPC_6_19185
state=S, utime=0, stime=0, priority=0, nice=-20, clk=100
#00 pc 00000000000dc46b /system/lib/ld-musl-x86_64.so.1(ioctl+187)(74178aa6301b8bad2ac9b6d7f2361221)
#01 pc 0000000000010ca7 /system/lib64/platformsdk/libipc_common.z.so(OHOS::BinderConnector::WriteBinder(unsigned long, void*)+55)(ae9fe169bf1f8b0397c31ba1b67e0e94)
#02 pc 000000000007e34d /system/lib64/platformsdk/libipc_single.z.so(OHOS::BinderInvoker::TransactWithDriver(bool)+269)(216555c1ccaa2644568394a99c5a7547)
#03 pc 000000000007e71a /system/lib64/platformsdk/libipc_single.z.so(OHOS::BinderInvoker::StartWorkLoop()+106)(216555c1ccaa2644568394a99c5a7547)
#04 pc 0000000000080c28 /system/lib64/platformsdk/libipc_single.z.so(OHOS::BinderInvoker::JoinThread(bool)+40)(216555c1ccaa2644568394a99c5a7547)
#05 pc 00000000000769f5 /system/lib64/platformsdk/libipc_single.z.so(OHOS::IPCWorkThread::ThreadHandler(void*)+901)(216555c1ccaa2644568394a99c5a7547)
#06 pc 00000000001299e7 /system/lib/ld-musl-x86_64.so.1(74178aa6301b8bad2ac9b6d7f2361221)
#07 pc 0000000000090f8e /system/lib/ld-musl-x86_64.so.1(74178aa6301b8bad2ac9b6d7f2361221)
Tid:19206, Name:OS_IPC_7_19206
state=S, utime=0, stime=0, priority=0, nice=-20, clk=100
#00 pc 00000000000dc46b /system/lib/ld-musl-x86_64.so.1(ioctl+187)(74178aa6301b8bad2ac9b6d7f2361221)
#01 pc 0000000000010ca7 /system/lib64/platformsdk/libipc_common.z.so(OHOS::BinderConnector::WriteBinder(unsigned long, void*)+55)(ae9fe169bf1f8b0397c31ba1b67e0e94)
#02 pc 000000000007e34d /system/lib64/platformsdk/libipc_single.z.so(OHOS::BinderInvoker::TransactWithDriver(bool)+269)(216555c1ccaa2644568394a99c5a7547)
#03 pc 000000000007e71a /system/lib64/platformsdk/libipc_single.z.so(OHOS::BinderInvoker::StartWorkLoop()+106)(216555c1ccaa2644568394a99c5a7547)
#04 pc 0000000000080c28 /system/lib64/platformsdk/libipc_single.z.so(OHOS::BinderInvoker::JoinThread(bool)+40)(216555c1ccaa2644568394a99c5a7547)
#05 pc 00000000000769f5 /system/lib64/platformsdk/libipc_single.z.so(OHOS::IPCWorkThread::ThreadHandler(void*)+901)(216555c1ccaa2644568394a99c5a7547)
#06 pc 00000000001299e7 /system/lib/ld-musl-x86_64.so.1(74178aa6301b8bad2ac9b6d7f2361221)
#07 pc 0000000000090f8e /system/lib/ld-musl-x86_64.so.1(74178aa6301b8bad2ac9b6d7f2361221)

Catche stack trace end time: 2026-09-19 16:12:33.349

Dump main thread stack start time: 2026-09-19 16:12:30.219
Tid:4927, Name:xample.callaite
state=R, utime=1216, stime=63, priority=10, nice=-10, clk=100
#00 pc 000000000103fb11 /system/lib64/module/arkcompiler/stub.an(BCStub_HandleJnezImm8StwCopy+129)
#01 pc 00000000009f0e7a /data/storage/el1/bundle/entry.hap

Dump main thread stack end time: 2026-09-19 16:12:30.243


SysrqCatcher -- fullPath:/data/log/eventlog/sysrq-20260919161233.log

---------------------------------------------------
catcher cmd: hilog -z 1000 -P start time: 2026/09/19-16:12:33:369

catcher cmd: hilog -z 1000 -P 
09-19 16:12:17.189  4927  4927 I C02c11/APPSPAWN: AppSpawnChild id 64 flags:0xc
09-19 16:12:17.189  4927  4927 I C02d33/HitraceOption: FilterAppTrace com.example.callaite 4927
09-19 16:12:17.189  4927  4927 W C02c11/APPSPAWN: errno:2 bind mount /system/app/ArkWebCoreLegacy to /mnt/sandbox/100/com.example.callaite/system/app/ArkWebCoreLegacy
09-19 16:12:17.190  4927  4927 W C02c11/APPSPAWN: errno:2 bind mount /vendor/etc/hiai to /mnt/sandbox/100/com.example.callaite/vendor/etc/hiai
09-19 16:12:17.190  4927  4927 W C02c11/APPSPAWN: errno:2 bind mount /data/data/hiai to /mnt/sandbox/100/com.example.callaite/data/data/hiai
09-19 16:12:17.190  4927  4927 W C02c11/APPSPAWN: errno:2 bind mount /data/service/el1/public/themes/100/a/app to /mnt/sandbox/100/com.example.callaite/data/themes/a/app
09-19 16:12:17.190  4927  4927 W C02c11/APPSPAWN: errno:2 bind mount /data/service/el1/public/themes/100/b/app to /mnt/sandbox/100/com.example.callaite/data/themes/b/app
09-19 16:12:17.190  4927  4927 W C02c11/APPSPAWN: errno:2 bind mount /chip_prod/lib64/passthrough to /mnt/sandbox/100/com.example.callaite/chip_prod/lib64/passthrough
09-19 16:12:17.190  4927  4927 W C02c11/APPSPAWN: errno:2 bind mount /data/app/el1/bundle/public/com.huawei.hmos.arkwebcorelegacy to /mnt/sandbox/100/com.example.callaite/data/storage/el1/bundle/arkwebcorelegacy
09-19 16:12:17.190  4927  4927 W C02c11/APPSPAWN: check dir /data/app/el1/bundle/public/com.huawei.hmos.arkwebcorelegacy failed,strerror:No such file or directory
09-19 16:12:17.190  4927  4927 W C02c11/APPSPAWN: check dir /data/app/el1/public/aot_compiler/ark_cache/com.example.callaite failed,strerror:No such file or directory
09-19 16:12:17.198  4927  4927 W C02c11/APPSPAWN: mount /mnt/sandbox/100/com.example.callaite/mnt/storage/external time 7999 us
09-19 16:12:17.207  4927  4927 W C02c11/APPSPAWN: errno:2 bind mount /data/preload/app to /mnt/sandbox/100/com.example.callaite/data/preload/app
09-19 16:12:17.211  4927  4927 E C02c11/APPSPAWN: [sandbox_dec.c:247]Open dec file failed errno 2
09-19 16:12:17.212  4927  4927 I C05a03/Selinux: Hap setcon finish, context for com.example.callaite is relabeled to o:r:debug_hap:s0:x95,x334,x512,x868,x1024
09-19 16:12:17.214  4927  4927 I C05a05/SecCompEnhanceClient: [RegisterCheckCallback]Register secComp: sessionId=183042925, seqNum=******800.
09-19 16:12:17.214  4927 19071 W C057c1/IPCWorkThread: ThreadHandler: proto:0 policy:1 name:OS_IPC_0_19071 invoker:3886496
09-19 16:12:17.215  4927 19072 W C057c1/IPCWorkThread: ThreadHandler: proto:0 policy:0 name:OS_IPC_1_19072 invoker:3885344
09-19 16:12:17.216  4927  4927 I C02d0b/HICHECKER: hichecker param is empty.
09-19 16:12:17.216  4927  4927 I C04500/webview: CalculateActiveWebEngineVersion: CalculateActiveWebEngineVersion, enforce 3
09-19 16:12:17.216  4927  4927 I C01317/AppKit: [MTHRD3495]mainthread start, pid:4927
09-19 16:12:17.216  4927  4927 I C01317/AppKit: [MTHRD3294]is not in rescue mode
09-19 16:12:17.216  4927  4927 I C01317/AppKit: [MTHRD3321]is not in rescue mode
09-19 16:12:17.221  4927  4927 I C01317/AppKit: [MTHRD442]attach
09-19 16:12:17.223  4927 19076 W C057c1/IPCWorkThread: ThreadHandler: proto:0 policy:0 name:OS_IPC_2_19076 invoker:3887072
09-19 16:12:17.223  4927 19072 I C01317/AppKit: [MTHRD922]ScheduleLaunchAbility called,ability EntryAbility,1
09-19 16:12:17.223  4927 19077 W C057c1/IPCWorkThread: ThreadHandler: proto:0 policy:0 name:OS_IPC_3_19077 invoker:3887648
09-19 16:12:17.241  4927  4927 I C01317/AppKit: [MTHRD267]NativeLibPath empty
09-19 16:12:17.242  4927  4927 I C01317/AppKit: [MTHRD1990]SmartGC:0 version:1000000
09-19 16:12:17.245  4927  4927 I C03f00/ArkCompiler: [ecmascript] asmint: 1, aot: 0, jit: 1, baseline jit: 0, bundle name: com.example.callaite, arkTSMode: dynamic
09-19 16:12:17.246  4927  4927 I C03f00/ArkCompiler: [ecmascript] multi-thread check enabled: 0
09-19 16:12:17.246  4927  4927 I C03f00/ArkCompiler: [pgo] reset pgo profiler, pgo profiler is disabled
09-19 16:12:17.246  4927  4927 I C03301/LIBUV: clean up handles in loop(6176)
09-19 16:12:17.246  4927  4927 I C03301/LIBUV: loop:(6176) closed in 0s
09-19 16:12:17.246  4927  4927 I C03301/LIBUV: close:6176, async_io_wfd:14
09-19 16:12:17.246  4927  4927 I C03301/LIBUV: close:6176, backend_fd:8
09-19 16:12:17.246  4927  4927 I C03301/LIBUV: init:6032
09-19 16:12:17.247  4927  4927 I C03301/LIBUV: init:6032, backend_fd:8
09-19 16:12:17.247  4927  4927 I C03301/LIBUV: open:6032, pipefd[0]:14
09-19 16:12:17.249  4927 19082 E C01707/CONCUR: [Interface] task 19082 apply qos failed, errno = 4
09-19 16:12:17.250  4927  4927 I C03f00/ArkCompiler: [ecmascript] can not find aot file
09-19 16:12:17.258  4927  4927 I C03f00/ArkCompiler: StartServer, componentName = <private>
09-19 16:12:17.258  4927  4927 W C01321/JsRuntime: [CSM161]disCon
09-19 16:12:17.258  4927  4927 I C03f00/ArkCompiler: [ecmascript] JSNApi::NotifyDebugMode, tid = 4927, debugApp = 1, isDebugMode = 0, instanceId = 0
09-19 16:12:17.259  4927 19087 I C02c03/PARAM_WATCHER: Add watcher keyPrefix persist.hdc.jdwp remoteWatcherId 113 success
09-19 16:12:17.260  4927  4927 I C03f00/ArkCompiler: [compiler] __jit_debug_register_code() is called.
09-19 16:12:17.260  4927  4927 I C03f00/ArkCompiler: [compiler] success to register stub.an to debugger.
09-19 16:12:17.261  4927 19081 I C01317/AppKit: [DRH689]File existed. dir: /data/storage/el2/base/cache/rawheap
09-19 16:12:17.261  4927 19081 I C01317/AppKit: [DRH667]success to create /data/storage/el2/base/cache/rawheap
09-19 16:12:17.262  4927  4927 W C01e00/ResourceManager: update userId, currentUserId_= 0, userId= 100
09-19 16:12:17.262  4927  4927 E C01e00/ResourceManager: LoadThemesRes failed, userId = 100, bundleName = com.example.callaite
09-19 16:12:17.262  4927  4927 W C01e00/ResourceManager: theme resources will clean, id 100
09-19 16:12:17.263  4927 19079 W C01653/NativePreferences: LoadFromDisk: The settingXml /***/el1/***/i18*** load failed.
09-19 16:12:17.266  4927  4927 E C01301/CompatiblePolicyDeviceType: [calculateResourceType:81]deviceType is empty.
09-19 16:12:17.267  4927  4927 W C01301/Ability: [resource_config_helper.cpp193]invalid source:
09-19 16:12:17.268  4927  4927 W C01301/Ability: [resource_config_helper.cpp193]invalid source:
09-19 16:12:17.268  4927  4927 I C01317/AppKit: [application_cleaner.cpp94]ClearTempData
09-19 16:12:17.273  4927  4927 I C01317/AppKit: [MTHRD2947]NtfyAppPreAbiCreate
09-19 16:12:17.297  4927  4927 I C01317/AppKit: [JAS211]LoadModule
09-19 16:12:17.297  4927  4927 W C01317/AppKit: [JAS1032]null stage
09-19 16:12:17.297  4927  4927 W C01317/AppKit: [JAS254]Not found AbilityStage.js
09-19 16:12:17.297  4927  4927 I C01317/AppKit: [OH_APP432]OnAboutToCreateAbility
09-19 16:12:17.297  4927  4927 W C01317/AppKit: [JAS349]Not found AbilityStage.js
09-19 16:12:17.301  4927  4927 I C01332/UIAbility: [ui_ability.cpp131]instanceId: 109a-c13b-7004-42ec-9c8d962b83efeff3
09-19 16:12:17.304  4927 19085 I C03f00/ArkCompiler: [pgo] will save profiler to file /data/storage/ark-profile/rt_entry.ap
09-19 16:12:17.306  4927  4927 I C03f00/ArkCompiler: [ecmascript] start to execute module buffer with secure memory: /data/storage/el1/bundle/entry/ets/entryability/EntryAbility.abc
09-19 16:12:17.307  4927  4927 E C03f00/ArkCompiler: [common] Can not open xpm proc file, do not check secure memory anymore.
09-19 16:12:17.312  4927  4927 E C01707/CONCUR: [Interface] task 19085 apply qos failed, errno = 4
09-19 16:12:17.315  4927  4927 E C01707/CONCUR: [Interface] task 19083 apply qos failed, errno = 4
09-19 16:12:17.318  4927  4927 E C01707/CONCUR: [Interface] task 19084 apply qos failed, errno = 4
09-19 16:12:17.320  4927  4927 E C01707/CONCUR: [Interface] task 19085 apply qos failed, errno = 4
09-19 16:12:17.325  4927  4927 E C01707/CONCUR: [Interface] task 19083 apply qos failed, errno = 4
09-19 16:12:17.328  4927  4927 E C01707/CONCUR: [Interface] task 19084 apply qos failed, errno = 4
09-19 16:12:17.363  4927  4927 W C03f04/MMG: [NMM:1439] First: failed do_dlsym failed: Symbol not found: NAPI_file_fs_GetABCCode, version: null so=/system/lib64/module/file/libfs.z.so.Second: failed /system/lib64/module/hms/core/libiap_napi.z.so not exist.load /system/etc/abc/core/iap.abc failed
09-19 16:12:17.363  4927  4927 E C03f00/ArkCompiler: [ecmascript] export objects of native so is undefined, so name is @hms:core.iap
09-19 16:12:17.370  4927  4927 I C04309/CLOUD_FILE_SYNC: CloudSyncExport:Class MultiDownloadProgress for module cloudSyncDownload has been exported
09-19 16:12:17.370  4927  4927 I C04309/CLOUD_FILE_SYNC: CloudSyncExport:Class CloudFileCache for module cloudSyncDownload has been exported
09-19 16:12:17.370  4927  4927 I C04309/CLOUD_FILE_SYNC: CloudSyncExport:Class Download for module cloudSyncDownload has been exported
09-19 16:12:17.370  4927  4927 I C04309/CLOUD_FILE_SYNC: CloudSyncExport:Class GallerySync for module cloudSyncDownload has been exported
09-19 16:12:17.370  4927  4927 I C04309/CLOUD_FILE_SYNC: CloudSyncExport:Class FileSync for module cloudSyncDownload has been exported
09-19 16:12:17.370  4927  4927 I C04309/CLOUD_FILE_SYNC: CloudSyncExport:Class FileVersion for module cloudSyncDownload has been exported
09-19 16:12:17.382  4927  4927 I C01324/JsNapi: [js_error_manager.cpp1837]called
09-19 16:12:17.383  4927  4927 I C01320/JsEnv: [JSENV300]timing: 77
09-19 16:12:17.385  4927  4927 I C01320/JSENV: Callee constructor is OK string
09-19 16:12:17.385  4927  4927 I C01320/JSENV: Ability::constructor callee is object [object Object]
09-19 16:12:17.385  4927  4927 I C03f00/ArkCompiler: [ecmascript] start to execute ark buffer with secure memory use file: /data/storage/el1/bundle/entry/ets/modules.abc, entrypoint: @normalized:N&&&entry/build/generated/r/ResourceTable&
09-19 16:12:17.388  4927  4927 I C01332/UIAbility: [ui_ability_thread.cpp204]Lifecycle:Attach
09-19 16:12:17.390  4927  4927 I C01317/AppKit: [MTHRD3123]called
09-19 16:12:17.390  4927  4927 I C03f00/ArkCompiler: [gc] app is not inBackground
09-19 16:12:17.394  4927  4927 E C01707/CONCUR: [Interface] task 19085 apply qos failed, errno = 4
09-19 16:12:17.397  4927  4927 E C01707/CONCUR: [Interface] task 19083 apply qos failed, errno = 4
09-19 16:12:17.400  4927  4927 E C01707/CONCUR: [Interface] task 19084 apply qos failed, errno = 4
09-19 16:12:17.408  4927 19077 I C01332/UIAbility: [ui_ability_thread.cpp352]name:EntryAbility,targeState:5,isNewWant:0
09-19 16:12:17.408  4927  4927 I C01332/UIAbility: [ui_ability_thread.cpp271]Lifecycle:name EntryAbility
09-19 16:12:17.408  4927  4927 I C04201/DMS: AddDisplayIdFromAms: abilityToken and display[0] has been added.
09-19 16:12:17.411  4927  4927 I C01332/UIAbility: [JUA2177]JsUIAbility call js, name: onCreate
09-19 16:12:17.411  4927  4927 I A00001/EntryAbility: Ability onCreate
09-19 16:12:17.418  4927  4927 E C01356/Recovery: [app_recovery_api.cpp124]invalid restartFlag: 7
09-19 16:12:17.418  4927  4927 I A00001/ErrorRecovery: App recovery enabled
09-19 16:12:17.420  4927  4927 I C01317/AppKit: [OH_APP1240]current 2, pre 0
09-19 16:12:17.420  4927  4927 W C01317/AppKit: [OH_APP1269]fontSize empty
09-19 16:12:17.420  4927  4927 I C01317/AppKit: [OH_APP1300]current 2, pre 0
09-19 16:12:17.420  4927  4927 W C01317/AppKit: [OH_APP1304]language empty
09-19 16:12:17.420  4927  4927 W C01317/AppKit: [OH_APP1323]language and locale empty
09-19 16:12:17.420  4927  4927 I C01317/AppKit: [OH_APP298]configuration_: {"0#const.build.characteristics":"phone","0#input.pointer.device":"true","0#ohos.app.fontSizeScale":"nonFollowSystem","0#ohos.application.densitydpi":"xxxldpi","0#ohos.application.direction":"vertical","0#ohos.application.displayid":"0","0#ohos.system.colorMode":"light","0#ohos.system.colorMode.isSetByApp":"isSetByApp","0#ohos.system.fontSizeScale":"1.0","0#ohos.system.fontWeightScale":"1.0","0#ohos.system.hour":"false","0#ohos.system.language":"zh-Hans","0#ohos.system.locale":"zh-Hans"}, config: {"0#ohos.system.colorMode":"light","0#ohos.system.colorMode.isSetByApp":"isSetByApp"}
09-19 16:12:17.420  4927  4927 E C04217/WMSAttribute: UpdateConfigurationSyncForAll: root is null
09-19 16:12:17.422  4927  4927 I C01332/UIAbility: [JUA2177]JsUIAbility call js, name: onConfigurationUpdated
09-19 16:12:17.422  4927  4927 I C01332/UIAbility: [JUA2222]end, name: onConfigurationUpdated, time: 0
09-19 16:12:17.422  4927  4927 I C01332/UIAbility: [JUA2177]JsUIAbility call js, name: onConfigurationUpdate
09-19 16:12:17.422  4927  4927 I C01332/UIAbility: [JUA2222]end, name: onConfigurationUpdate, time: 0
09-19 16:12:17.424  4927  4927 W C01317/AppKit: [JAS919]Not found AbilityStage.js
09-19 16:12:17.424  4927  4927 W C01317/AppKit: [JAS919]Not found AbilityStage.js
09-19 16:12:17.425  4927  4927 I C01317/AppKit: [OH_APP322]ignoreWindowContext size 0
09-19 16:12:17.425  4927  4927 E C04217/WMSAttribute: UpdateConfigurationForAll: root is null
09-19 16:12:17.425  4927  4927 I C01332/UIAbility: [JUA2222]end, name: onCreate, time: 14
09-19 16:12:17.425  4927  4927 E C01332/UIAbility: [ui_ability_impl.cpp364]hasSaveData_: false
09-19 16:12:17.425  4927  4927 W C01332/UIAbility: [JUA1352]formatRegex: []
09-19 16:12:17.425  4927  4927 I C04202/WMSMain: Init: [requestId: 12][scbRequestId: 34]WindowScene with window session!
09-19 16:12:17.425  4927  4927 I C04202/WMSMain: Init: set isModuleAbilityHookEnd
09-19 16:12:17.426  4927  4927 I C0420a/WMSLife: WindowSessionImpl: nodeId: 21161303867393
09-19 16:12:17.426  4927  4927 I C01406/OHOS::RS: RSLogManager init log flag: 0x0(0)
09-19 16:12:17.427  4927  4927 I C01406/OHOS::RS: RSRenderServiceConnectHub call CreateConnection, needRefresh:[0]
09-19 16:12:17.428  4927  4927 I C01406/OHOS::RS: RSFrameRateLinker::Create id: 21161303867392
09-19 16:12:17.428  4927  4927 I C04202/WMSMain: VsyncStation: id 21161303867393 created
09-19 16:12:17.428  4927  4927 I C04200/WindowSceneSessionImpl: WindowSceneSessionImpl: [WMSCom] Constructor callaite0
09-19 16:12:17.429  4927  4927 E C04200/WMS: SetWindowType: permission denied!
09-19 16:12:17.429  4927  4927 I C0420a/WMSLife: Create: Window Create name:callaite0, state:0, mode:0
09-19 16:12:17.435  4927  4927 I C0420a/WMSLife: Create: SetIsAbilityHookOff 0
09-19 16:12:17.435  4927  4927 W C0420a/WMSLife: IsWindowSessionInvalid: id: 0 state_: 0
09-19 16:12:17.435  4927  4927 W C04200/WindowSceneSessionImpl: AdjustWindowAnimationFlag: session invalid!
09-19 16:12:17.435  4927  4927 I C04200/WindowSceneSessionImpl: Remove window flag WINDOW_FLAG_SHOW_WHEN_LOCKED
09-19 16:12:17.437  4927  4927 I C0420a/WMSLife: Connect: in
09-19 16:12:17.441  4927 19077 I C04208/WMSLayout: UpdateRect: [WindowRectUpdate:ClientRecv] UpdateRect id:0 name:callaite0, preRect=[0 0 0 0], newRect=[0 0 1308 2880], reason:23 displayId:0
09-19 16:12:17.441  4927 19077 I C04208/WMSLayout: NotifyFirstValidLayoutUpdate: Id:0, rect:[0 0 1308 2880]
09-19 16:12:17.441  4927 19077 W C04208/WMSLayout: NotifySingleHandTransformChange: id:0, uiContent is nullptr
09-19 16:12:17.442  4927  4927 I C01406/OHOS::RS: RSSurfaceNode::Unmarshalling, Node: 21161303867393, Name: callaite0
09-19 16:12:17.442  4927  4927 I C04208/WMSLayout: Connect: updateRect when connect.preRect:[0,0,1308,2880]rect:[0,0,1308,2880]
09-19 16:12:17.442  4927  4927 E C0421c/WMSCompat: ReadCombinedCompatibleConfig: combinedConfigSize: 0 fail to meet the conditions
09-19 16:12:17.443  4927  4927 I C0420a/WMSLife: Connect: Window Connect [name:callaite0, id:47, type:1], ret:0, oriDisplayId:0, curDisplayId:0
09-19 16:12:17.443  4927  4927 I C04204/WMSScb: RS multi-instance enabled: 1
09-19 16:12:17.443  4927  4927 I C01406/OHOS::RS: multi-instance, create RSUIContextManager, isMultiInstanceOpen_ 1
09-19 16:12:17.443  4927  4927 I C01406/OHOS::RS: RSRenderServiceConnectHub AddRenderProcessConnectionToken
09-19 16:12:17.443  4927  4927 I C01406/OHOS::RS: RSRenderServiceConnectHub::SetOnDiedCallback, code:0
09-19 16:12:17.443  4927  4927 I C01406/OHOS::RS: RSApplicationAgentImpl::RegisterRSApplicationAgent!
09-19 16:12:17.444  4927  4927 I C01406/OHOS::RS: RSUIDirector::GoCreate CurrentState:0, UIContext:21161303867393
09-19 16:12:17.444  4927  4927 I C01406/OHOS::RS: RSUIDirector::GoResume CurrentState:0, UIContext:21161303867393
09-19 16:12:17.444  4927  4927 I C01406/OHOS::RS: RSUIDirector::GoForeground CurrentState:1, UIContext:21161303867393
09-19 16:12:17.444  4927  4927 I C02c03/PARAM_WATCHER: Add watcher keyPrefix persist.sys.graphic.animationscale remoteWatcherId 113 success
09-19 16:12:17.444  4927  4927 I C04204/WMSScb: InitRSUIDirector: Create RSUIDirector: RSUIDirector's RSUIContext [token: 21161303867393, tid: 4927], rsUIContext: RSUIContext is null
09-19 16:12:17.444  4927  4927 I C0420a/WMSLife: PostInitSurfaceNode: post init surfaceNode success, name: callaite0
09-19 16:12:17.444  4927  4927 I C0421c/WMSCompat: SetAppHookWindowInfo: Id:47, preHookWindowInfo:[enableHookWindow: false, widthHookRatio: 1.000000, notifyWindowChange: false, drawableRectHook: false], newHookWindowInfo:[enableHookWindow: false, widthHookRatio: 1.000000, notifyWindowChange: false, drawableRectHook: false]
09-19 16:12:17.444  4927  4927 I C0421c/WMSCompat: SendCombinedCompatibleConfigToArkUI: bundleName: com.example.callaite, combinedCompatibleConfig size: 0
09-19 16:12:17.444  4927  4927 E C0421c/WMSCompat: SendCombinedCompatibleConfigToArkUI: Combined compatible config size is less than 2!
09-19 16:12:17.444  4927  4927 I C01406/OHOS::RS: RSSurfaceNode::SetAlphaChangedCallback, node=[21161303867393, callaite0]
09-19 16:12:17.444  4927  4927 I C04208/WMSLayout: SetWindowMode: windowId: 47, windowModeSupportType: 127, mode: 1
09-19 16:12:17.444  4927  4927 I C04208/WMSLayout: UpdateWindowModeImmediately: [WindowModeUpdate:Inner] UpdateWindowModeImmediately id:47, mode:1, splitStyle:0, splitIndex:0, state:1
09-19 16:12:17.446  4927  4927 I C04208/WMSLayout: NotifyWindowStatusChange: [WindowModeUpdate:Inner] NotifyWindowStatusChange id:47, mode:1, status:1, lastStatus:0, skipRedundant:0
09-19 16:12:17.446  4927  4927 I C04208/WMSLayout: SetConfigWindowLimitsVP: id:47, windowLimits:[0 0 0 0 0.000000 0.000000 1.000000 1]
09-19 16:12:17.446  4927  4927 I C04208/WMSLayout: GetSystemSizeLimits: systemLimitsPX: [6720 6720 1120 840 340282346638528859811704183484516925440.000000 0.000000 1.000000 0], systemLimitsVP: [1920 1920 320 240 340282346638528859811704183484516925440.000000 0.000000 1.000000 1], configMaxSize: 1920, vpr: 3.500000, winType: 1
09-19 16:12:17.446  4927  4927 I C04208/WMSLayout: UpdateWindowSizeLimits: [WindowLimitsUpdate:CalcLimits] SaveLimits id:47, px[minW:1120,minH:840,maxW:6720,maxH:6720] vp[minW:320,minH:240,maxW:1920,maxH:1920] vpr=3.500000
09-19 16:12:17.446  4927  4927 I C0421a/WMSLayoutPc: GetSupportedWindowModesConfiguration: winId: 47, windowModeSupportType: 15
09-19 16:12:17.446  4927  4927 I C04202/WMSMain: SetSupportedWindowModesForAncoInFreeWindow: is not anco app, need not update support window mode.
09-19 16:12:17.446  4927  4927 I C04208/WMSLayout: SetWindowModeSupportType: id:47, old:127, new:15
09-19 16:12:17.446  4927  4927 I C04208/WMSLayout: GetConfigurationFromAbilityInfo: windowId: 47, windowModeSupportType: 15, isAncoSupportFreeWindow: 0
09-19 16:12:17.447  4927  4927 I C0420f/WMSRecover: RegisterSessionRecoverCallbackFunc: persistentId=47
09-19 16:12:17.447  4927  4927 I C04217/WMSAttribute: UpdateStatusBarColorByColorMode: win=47, appColor=light
09-19 16:12:17.448  4927  4927 I C04200/WMS: IsMainHandlerAvailable: id:47, isAvailable:1
09-19 16:12:17.448  4927  4927 I C04200/WMS: IsMainHandlerAvailable: id:47, isAvailable:1
09-19 16:12:17.449  4927  4927 I C02800/MMIClient: [|267]Connection to server succeeded, fd:32
09-19 16:12:17.449  4927  4927 I C02800/MMIClient: [|166]Server was listening
09-19 16:12:17.449  4927  4927 I C02800/MMIClient: [|127]reuse current event handler, thread name:
09-19 16:12:17.449  4927  4927 I C02800/MMIClient: [|130]File fd is in listening
09-19 16:12:17.449  4927  4927 I C0420c/WMSEvent: AddInputWindow: SetWindowInputEventConsumer success, wid:47
09-19 16:12:17.451  4927  4927 I C04732/GameController: [(RegisterEntryModule:24)]begin load gamecontroller_event
09-19 16:12:17.451  4927  4927 I C04732/GameController: [(StartInputToTouch:61)]Begin StartInputToTouch
09-19 16:12:17.453  4927  4927 I C04217/WMSAttribute: ConnectServer: start connect
09-19 16:12:17.453  4927  4927 I C04217/WMSAttribute: ConnectServer: end connect
09-19 16:12:17.453  4927  4927 W C04217/WMSAttribute: RegisterGetWMSWindowListCallback: callback has registered
09-19 16:12:17.453  4927  4927 I C04217/WMSAttribute: RegisterGetWMSWindowListCallback: winId: 47
09-19 16:12:17.453  4927  4927 I C04217/WMSAttribute: UpdateColorMode: winId: 47, colorMode: light
09-19 16:12:17.453  4927  4927 I C04218/WMSPc: UpdateSidebarBlurStyleWhenColorModeChange: in, persistentId=47
09-19 16:12:17.453  4927  4927 W C04218/WMSPc: UpdateSidebarBlurStyleWhenColorModeChange: RSAnimatableProperty is null
09-19 16:12:17.453  4927  4927 I C04217/WMSAttribute: UpdateColorMode: winId: 47, colorMode: light, hasDarkRes: 1
09-19 16:12:17.453  4927  4927 I C0421c/WMSCompat: SetPcAppInpadSpecificSystemBarInvisible: isPcAppInpadSpecificSystemBarInvisible: 0
09-19 16:12:17.453  4927  4927 I C0421c/WMSCompat: SetPcAppInpadOrientationLandscape: isPcAppInpadOrientationLandscape: 0
09-19 16:12:17.453  4927  4927 I C0420a/WMSLife: Create: Window Create success [name:callaite0, id:47], state:1, mode:1, enableDefaultDensity:0, displayId:0
09-19 16:12:17.453  4927  4927 E C04200/WMS: singleton_container.cpp GetSingleton: cant get OHOS::Rosen::WindowInfoReporter
09-19 16:12:17.454  4927  4927 I C01332/UIAbility: [JUA2177]JsUIAbility call js, name: onWindowStageCreate
09-19 16:12:17.454  4927  4927 I A00001/EntryAbility: Ability onWindowStageCreate
09-19 16:12:17.454  4927  4927 I A03d00/JSAPP: [DataStore] Loading 2 .md files from /data/storage/el2/base/haps/entry/files/graph
09-19 16:12:17.454  4927  4927 W A03d00/JSAPP: [DataStore] Empty or unreadable file: 2026-09-19.md
09-19 16:12:17.455  4927  4927 I A03d00/JSAPP: [DataStore] Graph loaded. Pages: 1
09-19 16:12:17.456  4927 19086 I C01610/KvStoreServiceDeathNotifier: [a92ab143e16f4ea, 0, 0] AddServiceDeathWatcher: Success set size: <private>
09-19 16:12:17.456  4927 19086 I C01610/KvStoreServiceDeathNotifier: [a92ab143e16f4ea, 0, 0] GetDistributedKvDataService: Create remote proxy.
09-19 16:12:17.457  4927 19086 I C01610/DataMgrServiceProxy: [a92ab143e16f4ea, 0, 0] DataMgrServiceProxy: Init data service proxy.
09-19 16:12:17.457  4927 19086 I C01610/KvStoreServiceDeathNotifier: [a92ab143e16f4ea, 0, 0] ServiceDeathRecipient: Constructor.
09-19 16:12:17.458  4927 19101 I C04732/GameController: [(GetSelfBundleName:49)]The current bundleName [com.example.callaite]. version [1.0.0]
09-19 16:12:17.458  4927 19101 I C04732/GameController: [(IsCommonApp:94)]The [com.example.callaite] is a common app.
09-19 16:12:17.458  4927 19101 W C04732/GameController: [(ReadJsonFromFile:224)]realpath failed for [/data/service/el1/public/for-all-app/gamecontroller_server/game_support_key_mapping.json]
09-19 16:12:17.461  4927 19086 I C01610/KvStoreClientDeathObserver: [a92ab143e16f4ea, 0, 0] KvStoreClientDeathObserver: This client death observer
09-19 16:12:17.461  4927 19101 I C04732/GameController: [(SetSupportKeyMapping:73)]SetSupportKeyMapping. isSupportKeyMapping_ is [0]
09-19 16:12:17.462  4927 19101 I C04732/GameController: [(DoAsyncTask:76)]The app does not support input-to-touch feature.
09-19 16:12:17.463  4927 19086 I C01610/DataMgrServiceProxy: [a92ab143e16f4ea, 0, 0] GetFeatureInterface: get feature:kv_store
09-19 16:12:17.465  4927 19103 E C01b00/DistributedAccountFwk: Read result failed, code is: 8.
09-19 16:12:17.466  4927  4927 E C01317/AppKit: [context_impl.cpp1466]create dir /data/storage/el2/cloud failed, errno is 13
09-19 16:12:17.466  4927  4927 E C01317/AppKit: [context_impl.cpp1466]create dir /data/storage/el2/cloud failed, errno is 13
09-19 16:12:17.466  4927  4927 E C01317/AppKit: [context_impl.cpp1466]create dir /data/storage/el2/cloud failed, errno is 13
09-19 16:12:17.466  4927  4927 E C04388/file_api: [prop_n_exporter.cpp:456->MkdirExec] Failed to create directories, error: 13
09-19 16:12:17.466  4927 19102 E C01b00/DistributedAccountFwk: Read result failed, code is: 8.
09-19 16:12:17.467  4927 19086 I C01630/DistributedDB: [a92ab143e16f4ea, 0, 0] before open db,db file: [size: 65536, mtime: 1789792123, inode: 824462]; db wal file: [size: 0, mtime: 1789792123, inode: 824463]; db shm file: [size: 32768, mtime: 1789801870, inode: 824466]; db dwr file: [stat() failed, errCode: -1, errno: 2]; 
09-19 16:12:17.468  4927  4927 I A03d00/JSAPP: [PluginManager] Initialized 4 plugins
09-19 16:12:17.469  4927  4927 I C01317/AppKit: [OH_APP1240]current 2, pre 0
09-19 16:12:17.469  4927  4927 W C01317/AppKit: [OH_APP1269]fontSize empty
09-19 16:12:17.469  4927  4927 I C01317/AppKit: [OH_APP1300]current 2, pre 0
09-19 16:12:17.469  4927  4927 W C01317/AppKit: [OH_APP1304]language empty
09-19 16:12:17.469  4927  4927 W C01317/AppKit: [OH_APP1323]language and locale empty
09-19 16:12:17.469  4927  4927 I C01317/AppKit: [OH_APP298]configuration_: {"0#const.build.characteristics":"phone","0#input.pointer.device":"true","0#ohos.app.fontSizeScale":"nonFollowSystem","0#ohos.application.densitydpi":"xxxldpi","0#ohos.application.direction":"vertical","0#ohos.application.displayid":"0","0#ohos.system.colorMode":"light","0#ohos.system.colorMode.isSetByApp":"isSetByApp","0#ohos.system.fontSizeScale":"1.0","0#ohos.system.fontWeightScale":"1.0","0#ohos.system.hour":"false","0#ohos.system.language":"zh-Hans","0#ohos.system.locale":"zh-Hans"}, config: {"0#ohos.system.colorMode":"light","0#ohos.system.colorMode.isSetByApp":"isSetByApp"}
09-19 16:12:17.470  4927 19086 I C01630/DistributedDB: [a92ab143e16f4ea, 0, 0] [SqlUp] meta[0] label[3] flag[0] ver[104]
09-19 16:12:17.471  4927 19086 I C01630/DistributedDB: [a92ab143e16f4ea, 0, 0] [KVDB] [StartSyncerWithNoLock] [uüª] event=3
09-19 16:12:17.471  4927  4927 E C04217/WMSAttribute: UpdateConfigurationSync: uiContent null, scene win=47, display=0
09-19 16:12:17.471  4927  4927 E C04217/WMSAttribute: UpdateConfigurationSyncForAll: root is null
09-19 16:12:17.471  4927  4927 I C01332/UIAbility: [JUA2177]JsUIAbility call js, name: onConfigurationUpdated
09-19 16:12:17.471  4927  4927 I C01332/UIAbility: [JUA2222]end, name: onConfigurationUpdated, time: 0
09-19 16:12:17.471  4927  4927 I C01332/UIAbility: [JUA2177]JsUIAbility call js, name: onConfigurationUpdate
09-19 16:12:17.471  4927  4927 I C01332/UIAbility: [JUA2222]end, name: onConfigurationUpdate, time: 0
09-19 16:12:17.471  4927  4927 W C01317/AppKit: [JAS919]Not found AbilityStage.js
09-19 16:12:17.471  4927  4927 W C01317/AppKit: [JAS919]Not found AbilityStage.js
09-19 16:12:17.471  4927  4927 I C01317/AppKit: [OH_APP322]ignoreWindowContext size 0
09-19 16:12:17.471  4927  4927 E C04217/WMSAttribute: UpdateConfiguration: uiContent null, scene win=47, display=0
09-19 16:12:17.471  4927  4927 I C04217/WMSAttribute: UpdateStatusBarColorByColorMode: win=47, appColor=light
09-19 16:12:17.471  4927 19086 I C01630/DistributedDB: [a92ab143e16f4ea, 0, 0] db id:75fcaa, dir:485848
09-19 16:12:17.472  4927 19086 E C01610/StoreUtil: [a92ab143e16f4ea, 0, 0] SetServiceGid: file not exit, filePath:/da***.db ,code:2
09-19 16:12:17.472  4927 19086 I C01610/KvStoreServiceDeathNotifier: [a92ab143e16f4ea, 0, 0] AddServiceDeathWatcher: Success set size: <private>
09-19 16:12:17.472  4927  4927 E C04217/WMSAttribute: UpdateConfigurationForAll: root is null
09-19 16:12:17.472  4927  4927 I C04200/JsWindowStage: LoadContent: [NAPI]
09-19 16:12:17.472  4927  4927 I C01332/UIAbility: [JUA2222]end, name: onWindowStageCreate, time: 18
09-19 16:12:17.472  4927  4927 I C0420a/WMSLife: NotifyWindowStageCreateFinished: id: 47
09-19 16:12:17.472  4927  4927 I C01332/UIAbility: [JUA2177]JsUIAbility call js, name: onWillForeground
09-19 16:12:17.472  4927  4927 I C01332/UIAbility: [JUA2222]end, name: onWillForeground, time: 0
09-19 16:12:17.472  4927  4927 I C04202/WMSMain: GoForeground: [requestId: 12][scbRequestId: 34]reason: 4 isGamePreLaunch: 0
09-19 16:12:17.472  4927  4927 I C0420a/WMSLife: Show: [requestId: 12][scbRequestId: 34]Window show [name: callaite0, id: 47, type: 1], reason: 4, state:1, requestState:1
09-19 16:12:17.473  4927  4927 I C04208/WMSLayout: GetSystemSizeLimits: systemLimitsPX: [6720 6720 1120 840 340282346638528859811704183484516925440.000000 0.000000 1.000000 0], systemLimitsVP: [1920 1920 320 240 340282346638528859811704183484516925440.000000 0.000000 1.000000 1], configMaxSize: 1920, vpr: 3.500000, winType: 1
09-19 16:12:17.473  4927  4927 I C04208/WMSLayout: UpdateWindowSizeLimits: [WindowLimitsUpdate:CalcLimits] SaveLimits id:47, px[minW:1120,minH:840,maxW:6720,maxH:6720] vp[minW:320,minH:240,maxW:1920,maxH:1920] vpr=3.500000
09-19 16:12:17.473  4927  4927 I C04217/WMSAttribute: IsSystemDensityChanged: windowId: 47, lastDensity: -1.000000, currDensity: 3.500000
09-19 16:12:17.474  4927  4927 W C04200/WindowSessionImpl: UpdateViewportConfig: uiContent is null!
09-19 16:12:17.474  4927  4927 I C01332/UIAbility: [ui_ability_impl.cpp489]wnd call, AfterForeground
09-19 16:12:17.474  4927  4927 I C01406/OHOS::RS: RSFrameRateLinker::Create id: 21161303867393
09-19 16:12:17.484  4927 19071 I C04207/WMSFocus: ProcessUpdateFocus: unfocusId:11, focusId:47, isFocused:1,isSyncNotify:0, old:0, new:1789805537233, current:1789805537484
09-19 16:12:17.484  4927 19071 I C04207/WMSFocus: UpdateFocusState: focus: 1, id: 47
09-19 16:12:17.484  4927 19071 I C04207/WMSFocus: NotifyApplicationFocusChangedResult: 1
09-19 16:12:17.484  4927 19071 I C04207/WMSFocus: ProcessNotifyHighlightChange: timeStamp:1789805537233, highlightId:47, isHighlight:1,isSyncNotify:0, old:0, new:1789805537233, current:1789805537484
09-19 16:12:17.484  4927 19071 I C04207/WMSFocus: NotifyHighlightChange: windowId: 47, isHighlight: 1,
09-19 16:12:17.484  4927 19072 E C0420a/WMSLife: NotifyUIExtHostRectChangeInGlobalDisplayListeners: uiContent is null
09-19 16:12:17.484  4927 19072 W C04208/WMSLayout: NotifySingleHandTransformChange: id:47, uiContent is nullptr
09-19 16:12:17.485  4927 19108 W C057c1/IPCWorkThread: ThreadHandler: proto:0 policy:0 name:OS_IPC_4_19108 invoker:10175056
09-19 16:12:17.486  4927  4927 E C01706/ueaClient-RmeCoreSched: [Init]: do not enabled!ret: -1
09-19 16:12:17.486  4927  4927 I C01706/ueaClient-FrameMsgMgr: [Init]:inited success!
09-19 16:12:17.486  4927  4927 I C01706/ueaClient-FrameUiIntf: [Init]:ret:1, inited:1
09-19 16:12:17.486  4927  4927 I C04217/WMSAttribute: InitWaterfallMode: winId: 47
09-19 16:12:17.486  4927  4927 I C04217/WMSAttribute: NotifyWaterfallModeChange: winId: 47, waterfall: 0, stat: 2
09-19 16:12:17.486  4927  4927 I C04202/WMSMain: NotifyFreeMultiWindowModeResume: IsPcMode 0, isColdStart 1
09-19 16:12:17.486  4927  4927 I C0420a/WMSLife: Show: [requestId: 12][scbRequestId: 34]Window show success [name:callaite0, id:47, type:1]
09-19 16:12:17.487  4927  4927 W C04201/DMS: OnDisplayInfoChange: data is not changed.
09-19 16:12:17.489  4927  4927 I C01332/UIAbility: [JUA2177]JsUIAbility call js, name: onForeground
09-19 16:12:17.489  4927  4927 I A00001/EntryAbility: Ability onForeground
09-19 16:12:17.489  4927  4927 I C01332/UIAbility: [JUA2222]end, name: onForeground, time: 0
09-19 16:12:17.492  4927  4927 E C01651/data_share_manager_impl: RegisterClientDeathObserver: RegisterClientDeathObserver failed, bundleName is com.example.callaite
09-19 16:12:17.492  4927  4927 E C01651/data_share_manager_impl: GetDataShareServiceProxy: RegisterClientDeathObserver failed
09-19 16:12:17.494  4927 19108 E C01651/data_share_manager_impl: RegisterClientDeathObserver: RegisterClientDeathObserver failed, bundleName is com.example.callaite
09-19 16:12:17.494  4927 19108 E C01651/data_share_manager_impl: GetDataShareServiceProxy: RegisterClientDeathObserver failed
09-19 16:12:17.494  4927 19108 I C01651/data_share_manager_impl: operator(): RecoverObs start
09-19 16:12:17.506  4927  4927 I C05405/CompConfigClient: GetConfigByApp: GetDataShareData return 0 result
09-19 16:12:17.506  4927  4927 E C01301/Ability: [page_config_manager.cpp62]configJson_ is empty
09-19 16:12:17.508  4927  4927 I C02d11/DfxUnwinder: UnwindLocal:: fpUnwind: 0
09-19 16:12:17.508  4927  4927 W C01320/JsEnv: [source_map.cpp145]the stack without line info
09-19 16:12:17.509  4927  4927 I C02d11/DfxUnwinder: UnwindLocal:: fpUnwind: 0
09-19 16:12:17.509  4927  4927 W C01320/JsEnv: [source_map.cpp145]the stack without line info
09-19 16:12:17.509  4927  4927 I A00001/EntryAbility: Huawei account refreshed: 
09-19 16:12:17.509  4927  4927 I C01612/JsKVManager: operator(): output delete reference success
09-19 16:12:17.509  4927  4927 I C01612/JsSingleKVStore: operator(): subscribe to event:dataChange
09-19 16:12:17.509  4927  4927 I C01612/JsSingleKVStore: OnDataChange: subscribe data change type 2
09-19 16:12:17.509  4927  4927 I C01630/DistributedDB: [KvStoreNbDelegate][RegisterDeviceObserver] Register device observer ok mode:1
09-19 16:12:17.510  4927  4927 I C01610/KvStoreObserverClient: KvStoreObserverClient: Start
09-19 16:12:17.511  4927  4927 I A03d00/JSAPP: [Collaboration] KVStore initialized
09-19 16:12:17.511  4927  4927 I C01332/UIAbility: [JUA2177]JsUIAbility call js, name: onDidForeground
09-19 16:12:17.511  4927  4927 I C01332/UIAbility: [JUA2222]end, name: onDidForeground, time: 0
09-19 16:12:17.511  4927  4927 I C04202/WMSMain: GoResume: in isGamePreLaunch: 0
09-19 16:12:17.511  4927  4927 I C0420a/WMSLife: SetUIContentInner: pages/Index, state:2, persistentId: 47
09-19 16:12:17.511  4927  4927 I C0420a/WMSLife: NotifySetUIContentComplete: start
09-19 16:12:17.512  4927  4927 I C0420a/WMSLife: SetUIContentComplete: persistentId=47
09-19 16:12:17.512  4927  4927 I C0420a/WMSLife: InitUIContent: start
09-19 16:12:17.512  4927  4927 I C0420a/WMSLife: DestroyExistUIContent: start
09-19 16:12:17.512  4927  4927 I C03900/Ace: [(-1:-1:undefined)] CreateUIContent.
09-19 16:12:17.512  4927  4927 I C03934/AceUIEvent: [(-1:-1:undefined)] report ace loaded
09-19 16:12:17.512  4927  4927 I C04707/HaAceEngine: OnAceLoaded end
09-19 16:12:17.513  4927 19081 W C04707/HaClient: =========Invalid Client=========
09-19 16:12:17.513  4927  4927 I C03900/Ace: [(-2:-1:undefined)] Create ace bg threads pool.
09-19 16:12:17.513  4927  4927 I C03900/Ace: [(-2:-1:undefined)] Init RenderService UniRender Type:0
09-19 16:12:17.515  4927 19108 I C04208/WMSLayout: NotifyWindowStatusDidChange: [WindowModeUpdate:Inner] NotifyWindowStatusDidChange id:47, mode:1, status:1, lastStatus:0, listenerSize:0, rect:[0 0 1308 2880]
09-19 16:12:17.515  4927  4927 W C01409/APS_MANAGER: redo Connect
09-19 16:12:17.515  4927  4927 I C01409/APS_MANAGER: Start to ConnectService
09-19 16:12:17.515  4927  4927 I C01409/APS_MANAGER: GetSystemAbilityManager success
09-19 16:12:17.516  4927 19112 I C03900/Ace: [(-1:-1:undefined)] dlsym function ReportData success.
09-19 16:12:17.516  4927  4927 I C01409/APS_MANAGER: GetSystemAbility success
09-19 16:12:17.516  4927 19112 I C03900/Ace: [(-1:-1:undefined)] dlsym function ReportSyncEvent success.
09-19 16:12:17.516  4927  4927 I C03900/Ace: [(-2:-1:undefined)] [com.example.callaite][entry][-1]: UIContent: apiCompatibleVersion: 60101024, apiTargetVersion: 260000026, and apiReleaseType: Release, useNewPipe: 1, enableCustomComponentCrossAbility: 0
09-19 16:12:17.517  4927  4927 I C02c03/PARAM_WATCHER: Add watcher keyPrefix persist.sys.arkui.animationscale remoteWatcherId 113 success
09-19 16:12:17.518  4927  4927 E C03900/Ace: [(-2:-1:undefined)] ConfigParserBase read system file failed
09-19 16:12:17.518  4927  4927 W C03900/Ace: [(-2:-1:undefined)] ArkUiFeatureParamManager failed to load xml file
09-19 16:12:17.518  4927  4927 E C03900/Ace: [(-2:-1:undefined)] ConfigParserBase read system UI correction config file failed
09-19 16:12:17.518  4927  4927 W C03900/Ace: [(-2:-1:undefined)] ArkUiFeatureParamManager failed to load UI correction config file
09-19 16:12:17.520  4927  4927 I C05405/CompConfigClient: SubscribeEvent_: SubscriberEvent, ret: 1
09-19 16:12:17.531  4927  4927 I C05405/CompConfigClient: GetConfigByApp: GetDataShareData return 0 result
09-19 16:12:17.531  4927  4927 W C03900/Ace: [(-2:-1:undefined)] FeatureManager get config failed, key:UICorrectionStrategy ret:1
09-19 16:12:17.531  4927  4927 W C03900/Ace: [(-2:-1:undefined)] FeatureParamManager get UICorrectionStrategy from FeatureManager failed
09-19 16:12:17.534  4927  4927 I C03900/Ace: [(-2:-1:undefined)] SetLocale language tag: zh-Hans, font locale: zh-Hans, select language: zh-CN
09-19 16:12:17.534  4927  4927 I C03900/Ace: [(-2:-1:undefined)] [com.example.callaite][entry][-1]: SetLanguage: zh, colorMode: light, deviceAccess: 1
09-19 16:12:17.534  4927  4927 I C03900/Ace: [(-2:-1:undefined)] [com.example.callaite][entry][-1]: Initialize UIContent isModelJson:true
09-19 16:12:17.536  4927  4927 I C03922/AceNavigation: [(-2:-1:undefined)] subscribe hsp Update successfully
09-19 16:12:17.536  4927  4927 I C03900/Ace: [(100000:100000:scope)] SetHapPath, Use hap path to load resource
09-19 16:12:17.536  4927  4927 I C04217/WMSAttribute: RegisterWaterfallModeChangeListener: winId: 47
09-19 16:12:17.537  4927  4927 I C04200/WMS: GetSurfaceNode: name:callaite0, id:47
09-19 16:12:17.537  4927  4927 I C04200/WMS: GetSurfaceNode: name:callaite0, id:47
09-19 16:12:17.537  4927  4927 I C03900/Ace: [(100000:100000:scope)] SetRSSurfaceNode 21161303867393 with rs multi
09-19 16:12:17.537  4927  4927 I C01406/OHOS::RS: RSUIContext::AttachFromUI. token: 21161303867393 uiPiplineNum: -1
09-19 16:12:17.537  4927  4927 I C01406/OHOS::RS: RSUIContext::SetUITaskRunner, Context token:21161303867393
09-19 16:12:17.538  4927  4927 I C03925/AceRouter: [(100000:100000:scope)] createManager, deviceType: 0
09-19 16:12:17.539  4927  4927 W C03900/Ace: [(100000:100000:scope)] Invalid config:zh_Hans-long-notround-vertical-light-phone-xxxhdpi
09-19 16:12:17.539  4927  4927 I C01406/OHOS::RS: RSUIDirector::GoBackground CurrentState:2, UIContext:21161303867393
09-19 16:12:17.540  4927  4927 I C01406/OHOS::RS: RSSurfaceNode::SetAbilityState, surfaceNodeId:[21161303867393], ability state: background
09-19 16:12:17.540  4927  4927 I C03900/Ace: [(100000:100000:scope)] set translateManager to pipeline, instanceId:100000
09-19 16:12:17.540  4927  4927 I C0421d/WMSRotation: RegisterOrientationChangeListener: in
09-19 16:12:17.540  4927  4927 I C03900/Ace: [(100000:100000:scope)] AddPersistAfterLayoutTask size: 1
09-19 16:12:17.540  4927  4927 I C03919/AceInputTracking: [(100000:100000:scope)] Debug touch pass mode 0
09-19 16:12:17.541  4927  4927 E C03934/AceUIEvent: [(100000:100000:scope)] AceTransform load failed: Error loading shared library /system/lib64/libtransform_interaction_ext.z.so: No such file or directory
09-19 16:12:17.541  4927  4927 I C03937/AceResource: [(100000:100000:scope)] ResourceAdapter UpdateResConfig with colorMode light
09-19 16:12:17.541  4927  4927 W C03900/Ace: [(100000:100000:scope)] not found systemTheme in HapModuleInfo, loading default OHOS_THEME
09-19 16:12:17.541  4927  4927 I C03900/Ace: [(100000:100000:scope)] Cannot Get File List from resources/styles/
09-19 16:12:17.541  4927  4927 W C03900/Ace: [(100000:100000:scope)] GetAsset failed: resources/styles/default.json
09-19 16:12:17.549  4927  4927 I C01406/OHOS::RS: RSRootNode::Create, Node:21161303867395, Token:21161303867393
09-19 16:12:17.549  4927  4927 I C03900/Ace: [(100000:100000:scope)] root node OnAttachToFrameNode, id:0
09-19 16:12:17.549  4927  4927 I C03900/Ace: [(100000:100000:scope)] Rosenwindow set root, rsId:21161303867395
09-19 16:12:17.549  4927  4927 I C01406/OHOS::RS: RSRootNode::AttachRSSurfaceNode, SurfaceNode:21161303867393, Node:21161303867395
09-19 16:12:17.549  4927  4927 I C03900/Ace: [(100000:100000:scope)] AddPersistAfterLayoutTask size: 2
09-19 16:12:17.555  4927  4927 I C03900/Ace: [(100000:100000:scope)] focusWindowId: 0, realHostWindowId: 0
09-19 16:12:17.556  4927  4927 I C03900/Ace: [(100000:100000:scope)] [com.example.callaite][entry][100000]: window focus
09-19 16:12:17.556  4927  4927 I C02c03/PARAM_WATCHER: Add watcher keyPrefix debug.graphic.frame remoteWatcherId 113 success
09-19 16:12:17.557  4927  4927 E C03900/Ace: [(100000:100000:scope)] ERROR EACCES
09-19 16:12:17.557  4927  4927 E C03900/Ace: [(100000:100000:scope)] ERROR EACCES
09-19 16:12:17.557  4927  4927 I C03900/Ace: [(100000:100000:scope)] ArkUIInvisibleFreeze: 0
09-19 16:12:17.557  4927  4927 I C03900/Ace: [(100000:100000:scope)] [com.example.callaite][entry][100000]: SetMinPlatformVersion is 60101024
09-19 16:12:17.557  4927  4927 I C04209/WMSImms: RegisterAvoidAreaChangeListener: win 47
09-19 16:12:17.559  4927  4927 E C04200/IMockSessionManager: Read result failed, code is: 4.
09-19 16:12:17.559  4927  4927 E C04200/IMockSessionManager: Read result failed, code is: 4.
09-19 16:12:17.560  4927  4927 I C04200/WMS: InitSessionManagerServiceProxy: Init success, userId=-1
09-19 16:12:17.560  4927  4927 I C04200/WMS: InitSceneSessionManagerLiteProxy: Init success, userId=-1
09-19 16:12:17.560  4927  4927 I C04204/WMSScb: InitSceneSessionManagerProxy: enter, userId=-1
09-19 16:12:17.560  4927  4927 I C04204/WMSScb: GetSceneSessionManagerProxy: init first time, userId=-1
09-19 16:12:17.563  4927 19108 I C04208/WMSLayout: UpdateRect: [WindowRectUpdate:ClientRecv] UpdateRect id:47 name:callaite0, preRect=[0 0 1308 2880], newRect=[0 0 1308 2880], reason:23 displayId:0
09-19 16:12:17.565  4927  4927 I C04209/WMSImms: GetAvoidAreaByType: win 47 type not supported
09-19 16:12:17.565  4927  4927 I C03917/AceSafeArea: [(100000:100000:scope)] InitializeSafeArea systemInsets:SafeAreaInsets left_: [start: 0, end: 0], top_: [start: 0, end: 136], right_: [start: 0, end: 0], bottom_: [start: 0, end: 0], cutoutInsets:SafeAreaInsets left_: [start: 0, end: 0], top_: [start: 50, end: 128], right_: [start: 0, end: 0], bottom_: [start: 0, end: 0], navInsets:SafeAreaInsets left_: [start: 0, end: 0], top_: [start: 0, end: 0], right_: [start: 0, end: 0], bottom_: [start: 2782, end: 2880], floatNavInsets:SafeAreaInsets left_: [start: 0, end: 0], top_: [start: 0, end: 0], right_: [start: 0, end: 0], bottom_: [start: 0, end: 0]
09-19 16:12:17.566  4927  4927 I C0394e/AceWindow: [(100000:100000:scope)] Initialize displayId: 0, availableRect: [0, 0, 1308, 2880]
09-19 16:12:17.566  4927  4927 I C03900/Ace: [(100000:100000:scope)] Failed to open libthp_extra_innerapi.z.so, reason: Error loading shared library /system/lib64/libthp_extra_innerapi.z.so: No such file or directory
09-19 16:12:17.566  4927  4927 I C03900/Ace: [(-2:100000:singleton)] [com.example.callaite][entry][100000]: Initialize: pages/Index
09-19 16:12:17.566  4927  4927 I C03900/Ace: [(100000:100000:scope)] RunPage:pages/Index
09-19 16:12:17.566  4927  4927 W C03900/Ace: [(100000:100000:scope)] GetAsset failed: manifest.json
09-19 16:12:17.566  4927  4927 I C04200/WMS: InitUIContent: [0, 0]
09-19 16:12:17.567  4927  4927 I C0420a/WMSLife: RegisterUIContenCallback: start
09-19 16:12:17.567  4927  4927 I C04208/WMSLayout: SetUIContentInner: single hand, id:47, posX:0, posY:0, scaleX:1.000000, scaleY:1.000000
09-19 16:12:17.567  4927  4927 I C04219/WMSDecor: UpdateDecorEnable: decorVisible:1, isDockAutoHide:0, isDecorHiddenByApp:0, isMaximizeInvoked:0, id:47
09-19 16:12:17.567  4927  4927 I C03900/Ace: [(-2:100000:singleton)] [com.example.callaite][entry][100000]: UpdateWindowVisible: 1, hasDecor: 0
09-19 16:12:17.567  4927  4927 I C03900/Ace: [(-2:100000:singleton)] [com.example.callaite][entry][100000]: NotifyWindowMode mode = 1
09-19 16:12:17.567  4927 19117 I C02c03/PARAM_WATCHER: Add watcher keyPrefix persist.ace.trace.layout.enabled remoteWatcherId 113 success
09-19 16:12:17.567  4927 19118 I C03951/InputKeyFlow: [(-1:100000:singleton)] Subscribe touch.events.pass.through Event
09-19 16:12:17.569  4927  4927 I C03900/Ace: [(-2:100000:singleton)] [com.example.callaite][entry][100000]: window foreground
09-19 16:12:17.570  4927  4927 I C03900/Ace: [(100000:100000:scope)] Update application state , state: ON_SHOW
09-19 16:12:17.570  4927  4927 I C01406/OHOS::RS: RSUIDirector::GoForeground CurrentState:3, UIContext:21161303867393
09-19 16:12:17.570  4927  4927 I C01406/OHOS::RS: RSSurfaceNode::SetAbilityState, surfaceNodeId:[21161303867393], ability state: foreground
09-19 16:12:17.570  4927  4927 I C03900/Ace: [(100000:100000:scope)] ArkUI requests first Vsync.
09-19 16:12:17.570  4927  4927 I C04202/WMSMain: RequestVsync: First vsync has requested, nodeId: 21161303867393
09-19 16:12:17.571  4927 19117 I C02c03/PARAM_WATCHER: Add watcher keyPrefix persist.ace.trace.inputevent.enabled remoteWatcherId 113 success
09-19 16:12:17.571  4927  4927 I C03959/AceLayout: [(-2:100000:singleton)] UVC Viewport config: size: (1308, 2880) orientation: 0 density: 3.500000 position: (0, 0) transformHint: 0 displayId: 0 forceSplitDisplayConfig: disable forceSplit, mode: 0, WSCR 0, IRN 1, , keyboardInfo is null
09-19 16:12:17.571  4927  4927 I C03922/AceNavigation: [(100000:100000:scope)] disable forceSplit, mode:0
09-19 16:12:17.571  4927  4927 I C04208/WMSLayout: UpdateViewportConfig: Id: 47, reason: 0, viewportRect: [0 0 1308 2880], displayOrientation: 0, config[0, 0, 0, 3.500000]
09-19 16:12:17.571  4927  4927 I C03900/Ace: [(-2:100000:singleton)] [com.example.callaite][entry][100000]: window focus
09-19 16:12:17.571  4927  4927 I C03900/Ace: [(-2:100000:singleton)] [com.example.callaite][entry][100000]:window active
09-19 16:12:17.571  4927  4927 I C02d11/DfxUnwinder: UnwindLocal:: fpUnwind: 0
09-19 16:12:17.571  4927 19117 I C02c03/PARAM_WATCHER: Add watcher keyPrefix const.security.developermode.state remoteWatcherId 113 success
09-19 16:12:17.572  4927 19117 I C02c03/PARAM_WATCHER: Add watcher keyPrefix persist.ace.debug.statemgr.enabled remoteWatcherId 113 success
09-19 16:12:17.572  4927 19117 I C02c03/PARAM_WATCHER: Add watcher keyPrefix persist.ace.debug.boundary.enabled remoteWatcherId 113 success
09-19 16:12:17.572  4927 19117 I C02c03/PARAM_WATCHER: Add watcher keyPrefix persist.ace.performance.monitor.enabled remoteWatcherId 113 success
09-19 16:12:17.575  4927  4927 W C01320/JsEnv: [source_map.cpp145]the stack without line info
09-19 16:12:17.575  4927  4927 I A00001/EntryAbility: Succeeded in loading the content.
09-19 16:12:17.576  4927  4927 I C04200/JsWindowStage: Window [47, callaite0] load content end, ret=0
09-19 16:12:17.576  4927  4927 I C04209/WMSImms: NotifyAvoidAreaChange: win 47 api 26 type 0 area top [0 0 1308 136] 
09-19 16:12:17.576  4927  4927 I C04209/WMSImms: NotifyAvoidAreaChange: win 47 api 26 type 1 area top [615 50 78 78] 
09-19 16:12:17.576  4927  4927 I C04209/WMSImms: NotifyAvoidAreaChange: win 47 api 26 type 2 area empty
09-19 16:12:17.576  4927  4927 I C04209/WMSImms: NotifyAvoidAreaChange: win 47 api 26 type 3 area empty
09-19 16:12:17.576  4927  4927 I C04209/WMSImms: NotifyAvoidAreaChange: win 47 api 26 type 4 area bottom [425 2782 458 98] 
09-19 16:12:17.577  4927  4927 I C03922/AceNavigation: [(100000:100000:scope)] disable forceSplit, mode:0
09-19 16:12:17.577  4927  4927 I C04208/WMSLayout: UpdateViewportConfig: Id: 47, reason: 23, viewportRect: [0 0 1308 2880], displayOrientation: 0, config[0, 0, 0, 3.500000]
09-19 16:12:17.577  4927  4927 I C03900/Ace: [(100000:100000:scope)] Update application state , state: ON_ACTIVE
09-19 16:12:17.578  4927  4927 I C0391c/AceFocus: [(100000:100000:scope)] Window: 47 get focus.
09-19 16:12:17.578  4927  4927 W C0391c/AceFocus: [(100000:100000:scope)] Current focus view can not found!
09-19 16:12:17.578  4927  4927 I C0391c/AceFocus: [(100000:100000:scope)] Request focus on rootFocusHub: root/0
09-19 16:12:17.578  4927  4927 I C03922/AceNavigation: [(100000:100000:scope)] disable forceSplit, mode:0
09-19 16:12:17.579  4927  4927 I C04208/WMSLayout: UpdateViewportConfig: Id: 47, reason: 23, viewportRect: [0 0 1308 2880], displayOrientation: 0, config[0, 0, 0, 3.500000]
09-19 16:12:17.579  4927  4927 I C03925/AceRouter: [(100000:100000:scope)] Page router manager is creating page[1]: url: pages/Index path: pages/Index.js, recoverable: yes, namedRouter: no
09-19 16:12:17.607  4927  4927 I C03f04/MMG: [NMM:1561]Module:file.photoAccessHelper
09-19 16:12:17.609  4927  4927 W C03f04/MMG: [NMM:1466] Name mismatch: file.photoAccessHelperNative != file.photoAccessHelper
09-19 16:12:17.611  4927  4927 I C02b71/MediaLibraryNapi: Common:{Init:156} TaskSignalNapi::Init in
09-19 16:12:17.611  4927  4927 I C02b71/MediaLibraryNapi: Common:{Init:164} TaskSignalNapi::Init success
09-19 16:12:17.614  4927  4927 I C02b01/CAMERA: {63} PickerOnLoad
09-19 16:12:17.614  4927  4927 I C02b01/CAMERA: {463} CameraPickerNapi E
09-19 16:12:17.615  4927  4927 W C03f04/MMG: [NMM:1466] Name mismatch: web.webnativemessagingextensionmanager_napi != web.webNativeMessagingExtensionManager
09-19 16:12:17.615  4927  4927 I C03f04/MMG: [NMM:1561]Module:arkui.node
09-19 16:12:17.626  4927  4927 I C04201/DMS: IfCallbackRegistered: change not registered!
09-19 16:12:17.626  4927  4927 I C04201/DMS: JsDisplayListener: Constructor
09-19 16:12:17.626  4927 19081 I C04215/WMSHierarchy: GetTopWindowWithContext: mainId:47!
09-19 16:12:17.630  4927  4927 I C0391c/AceFocus: [(100000:100000:scope)] Request focus id can not found.
09-19 16:12:17.631  4927  4927 W C03926/AceTheme: [(100000:100000:scope)] style 125829872 not contains scroll_bar_pattern!
09-19 16:12:17.631  4927  4927 W C03926/AceTheme: [(100000:100000:scope)] style scroll_bar_pattern get attr scroll_bar_interactive error!
09-19 16:12:17.631  4927  4927 W C03926/AceTheme: [(100000:100000:scope)] style scroll_bar_pattern not contains arc_scroll_bar_normal_background_width!
09-19 16:12:17.632  4927  4927 W C03926/AceTheme: [(100000:100000:scope)] style 125829872 not contains scrollable_pattern!
09-19 16:12:17.632  4927  4927 W C03926/AceTheme: [(100000:100000:scope)] style scrollable_pattern not contains scroll_able_default_scrolling_distance!
09-19 16:12:17.649  4927  4927 W C03926/AceTheme: [(100000:100000:scope)] style text_pattern not contains linear_split_child_min_size!
09-19 16:12:17.649  4927  4927 W C03926/AceTheme: [(100000:100000:scope)] style text_pattern not contains menu_celia_ask_is_support!
09-19 16:12:17.649  4927  4927 W C03926/AceTheme: [(100000:100000:scope)] style 125829872 not contains app_theme_pattern!
09-19 16:12:17.649  4927  4927 W C01e00/ResourceManager: by id=125835722 limitPaths is empty
09-19 16:12:17.649  4927  4927 E C01e00/ResourceManager: ref <private> id not found
09-19 16:12:17.649  4927  4927 W C01e00/ResourceManager: by id=125835722 limitPaths is empty
09-19 16:12:17.649  4927  4927 E C01e00/ResourceManager: ref <private> id not found
09-19 16:12:17.649  4927  4927 W C03937/AceResource: [(100000:100000:scope)] Get pattern by name error, name=app_theme_pattern, bundleName: com.example.callaite, moduleName: entry
09-19 16:12:17.649  4927  4927 W C01e00/ResourceManager: by id=125835722 limitPaths is empty
09-19 16:12:17.649  4927  4927 E C01e00/ResourceManager: ref <private> id not found
09-19 16:12:17.649  4927  4927 W C01e00/ResourceManager: by id=125835722 limitPaths is empty
09-19 16:12:17.649  4927  4927 E C01e00/ResourceManager: ref <private> id not found
09-19 16:12:17.649  4927  4927 W C03937/AceResource: [(100000:100000:scope)] Get pattern by name error, name=app_theme_pattern
09-19 16:12:17.649  4927  4927 W C03926/AceTheme: [(100000:100000:scope)] style app_theme_pattern not contains app_theme_drag_distancethreshold!
09-19 16:12:17.664  4927  4927 I C0391c/AceFocus: [(100000:100000:scope)] view: page/2 show
09-19 16:12:17.665  4927  4927 I C03922/AceNavigation: [(100000:100000:scope)] can't find inner navigation
09-19 16:12:17.665  4927  4927 I C03933/AceKeyboard: [(100000:100000:scope)] PageChangeCloseKB
09-19 16:12:17.665  4927  4927 I C03925/AceRouter: [(100000:100000:scope)] LoadPage Success
09-19 16:12:17.666  4927  4927 I C04200/JsWindow: CreateJsWindow callaite0
09-19 16:12:17.666  4927  4927 I C0420a/WMSLife: JsWindow: window: callaite0, ctorCnt: 1
09-19 16:12:17.667  4927  4927 I C0420a/WMSLife: CreateJsWindowObject: Add window callaite0
09-19 16:12:17.667  4927  4927 I C0392a/AceUiExtensionComponent: [(-2:100000:singleton)] NotifyWindowMode aliveUIExtensions = 0
09-19 16:12:17.667  4927  4927 I C0394e/AceWindow: [(100000:100000:scope)] Update displayWindowRect in UpdateViewportConfig to : Rect (0.00, 0.00) - [1308.00 x 2880.00]
09-19 16:12:17.667  4927  4927 I C03917/AceSafeArea: [(100000:100000:scope)] SetIsFullScreen 1
09-19 16:12:17.667  4927  4927 I C03900/Ace: [(100000:100000:scope)] Root node request first frame.
09-19 16:12:17.667  4927  4927 I C03900/Ace: [(100000:100000:scope)] Update application state , state: ON_ACTIVE
09-19 16:12:17.668  4927  4927 I C0391c/AceFocus: [(100000:100000:scope)] Window: 47 get focus.
09-19 16:12:17.668  4927  4927 I C03900/Ace: [(100000:100000:scope)] Update application state , state: ON_ACTIVE
09-19 16:12:17.668  4927  4927 I C04202/WMSMain: VsyncCallbackInner: First vsync has come back, nodeId: 21161303867393
09-19 16:12:17.670  4927  4927 I C01408/Text: InitTextBundleConfig: Adapter text height enabled 0
09-19 16:12:17.670  4927  4927 I C01408/Text: InitTextBundleConfig: Disable spacing for control char 0
09-19 16:12:17.670  4927  4927 E C02d34/HistogramClient: ArkGraphics2d.Text.OH_Drawing_TextStyleAddFontVariation is not in metadata.
09-19 16:12:17.754  4927  4927 E C01707/CONCUR: [Interface] task 19085 apply qos failed, errno = 4
09-19 16:12:17.757  4927  4927 E C01707/CONCUR: [Interface] task 19083 apply qos failed, errno = 4
09-19 16:12:17.758  4927  4927 E C01707/CONCUR: [Interface] task 19084 apply qos failed, errno = 4
09-19 16:12:17.765  4927  4927 E C01707/CONCUR: [Interface] task 19085 apply qos failed, errno = 4
09-19 16:12:17.767  4927  4927 E C01707/CONCUR: [Interface] task 19083 apply qos failed, errno = 4
09-19 16:12:17.771  4927  4927 E C01707/CONCUR: [Interface] task 19084 apply qos failed, errno = 4
09-19 16:12:17.863  4927  4927 E C01707/CONCUR: [Interface] task 19085 apply qos failed, errno = 4
09-19 16:12:17.865  4927  4927 E C01707/CONCUR: [Interface] task 19083 apply qos failed, errno = 4
09-19 16:12:17.867  4927  4927 E C01707/CONCUR: [Interface] task 19084 apply qos failed, errno = 4
09-19 16:12:17.870  4927  4927 E C01707/CONCUR: [Interface] task 19085 apply qos failed, errno = 4
09-19 16:12:17.873  4927  4927 E C01707/CONCUR: [Interface] task 19083 apply qos failed, errno = 4
09-19 16:12:17.876  4927  4927 E C01707/CONCUR: [Interface] task 19084 apply qos failed, errno = 4
09-19 16:12:17.999  4927  4927 E C01707/CONCUR: [Interface] task 19085 apply qos failed, errno = 4
09-19 16:12:18.002  4927  4927 E C01707/CONCUR: [Interface] task 19083 apply qos failed, errno = 4
09-19 16:12:18.004  4927  4927 E C01707/CONCUR: [Interface] task 19084 apply qos failed, errno = 4
09-19 16:12:18.008  4927  4927 E C01707/CONCUR: [Interface] task 19085 apply qos failed, errno = 4
09-19 16:12:18.013  4927  4927 E C01707/CONCUR: [Interface] task 19083 apply qos failed, errno = 4
09-19 16:12:18.018  4927  4927 E C01707/CONCUR: [Interface] task 19084 apply qos failed, errno = 4
09-19 16:12:18.126  4927  4927 E C01707/CONCUR: [Interface] task 19085 apply qos failed, errno = 4
09-19 16:12:18.129  4927  4927 E C01707/CONCUR: [Interface] task 19083 apply qos failed, errno = 4
09-19 16:12:18.132  4927  4927 E C01707/CONCUR: [Interface] task 19084 apply qos failed, errno = 4
09-19 16:12:18.137  4927  4927 E C01707/CONCUR: [Interface] task 19085 apply qos failed, errno = 4
09-19 16:12:18.141  4927  4927 E C01707/CONCUR: [Interface] task 19083 apply qos failed, errno = 4
09-19 16:12:18.143  4927  4927 E C01707/CONCUR: [Interface] task 19084 apply qos failed, errno = 4
09-19 16:12:18.252  4927  4927 E C01707/CONCUR: [Interface] task 19085 apply qos failed, errno = 4
09-19 16:12:18.255  4927  4927 E C01707/CONCUR: [Interface] task 19083 apply qos failed, errno = 4
09-19 16:12:18.257  4927  4927 E C01707/CONCUR: [Interface] task 19084 apply qos failed, errno = 4
09-19 16:12:18.261  4927  4927 E C01707/CONCUR: [Interface] task 19085 apply qos failed, errno = 4
09-19 16:12:18.263  4927  4927 E C01707/CONCUR: [Interface] task 19083 apply qos failed, errno = 4
09-19 16:12:18.266  4927  4927 E C01707/CONCUR: [Interface] task 19084 apply qos failed, errno = 4
09-19 16:12:18.375  4927  4927 E C01707/CONCUR: [Interface] task 19085 apply qos failed, errno = 4
09-19 16:12:18.378  4927  4927 E C01707/CONCUR: [Interface] task 19083 apply qos failed, errno = 4
09-19 16:12:18.381  4927  4927 E C01707/CONCUR: [Interface] task 19084 apply qos failed, errno = 4
09-19 16:12:18.384  4927  4927 E C01707/CONCUR: [Interface] task 19085 apply qos failed, errno = 4
09-19 16:12:18.387  4927  4927 E C01707/CONCUR: [Interface] task 19083 apply qos failed, errno = 4
09-19 16:12:18.389  4927  4927 E C01707/CONCUR: [Interface] task 19084 apply qos failed, errno = 4
09-19 16:12:18.498  4927  4927 E C01707/CONCUR: [Interface] task 19085 apply qos failed, errno = 4
09-19 16:12:18.501  4927  4927 E C01707/CONCUR: [Interface] task 19083 apply qos failed, errno = 4
09-19 16:12:18.503  4927  4927 E C01707/CONCUR: [Interface] task 19084 apply qos failed, errno = 4
09-19 16:12:18.506  4927  4927 E C01707/CONCUR: [Interface] task 19085 apply qos failed, errno = 4
09-19 16:12:18.509  4927  4927 E C01707/CONCUR: [Interface] task 19083 apply qos failed, errno = 4
09-19 16:12:18.511  4927  4927 E C01707/CONCUR: [Interface] task 19084 apply qos failed, errno = 4
09-19 16:12:18.621  4927  4927 E C01707/CONCUR: [Interface] task 19085 apply qos failed, errno = 4
09-19 16:12:18.624  4927  4927 E C01707/CONCUR: [Interface] task 19083 apply qos failed, errno = 4
09-19 16:12:18.626  4927  4927 E C01707/CONCUR: [Interface] task 19084 apply qos failed, errno = 4
09-19 16:12:18.629  4927  4927 E C01707/CONCUR: [Interface] task 19085 apply qos failed, errno = 4
09-19 16:12:18.632  4927  4927 E C01707/CONCUR: [Interface] task 19083 apply qos failed, errno = 4
09-19 16:12:18.634  4927  4927 E C01707/CONCUR: [Interface] task 19084 apply qos failed, errno = 4
09-19 16:12:18.747  4927  4927 E C01707/CONCUR: [Interface] task 19085 apply qos failed, errno = 4
09-19 16:12:18.753  4927  4927 E C01707/CONCUR: [Interface] task 19083 apply qos failed, errno = 4
09-19 16:12:18.756  4927  4927 E C01707/CONCUR: [Interface] task 19084 apply qos failed, errno = 4
09-19 16:12:18.759  4927  4927 E C01707/CONCUR: [Interface] task 19085 apply qos failed, errno = 4
09-19 16:12:18.762  4927  4927 E C01707/CONCUR: [Interface] task 19083 apply qos failed, errno = 4
09-19 16:12:18.764  4927  4927 E C01707/CONCUR: [Interface] task 19084 apply qos failed, errno = 4
09-19 16:12:18.876  4927  4927 E C01707/CONCUR: [Interface] task 19085 apply qos failed, errno = 4
09-19 16:12:18.879  4927  4927 E C01707/CONCUR: [Interface] task 19083 apply qos failed, errno = 4
09-19 16:12:18.881  4927  4927 E C01707/CONCUR: [Interface] task 19084 apply qos failed, errno = 4
09-19 16:12:18.885  4927  4927 E C01707/CONCUR: [Interface] task 19085 apply qos failed, errno = 4
09-19 16:12:18.887  4927  4927 E C01707/CONCUR: [Interface] task 19083 apply qos failed, errno = 4
09-19 16:12:18.890  4927  4927 E C01707/CONCUR: [Interface] task 19084 apply qos failed, errno = 4
09-19 16:12:19.005  4927  4927 E C01707/CONCUR: [Interface] task 19085 apply qos failed, errno = 4
09-19 16:12:19.007  4927  4927 E C01707/CONCUR: [Interface] task 19083 apply qos failed, errno = 4
09-19 16:12:19.009  4927  4927 E C01707/CONCUR: [Interface] task 19084 apply qos failed, errno = 4
09-19 16:12:19.013  4927  4927 E C01707/CONCUR: [Interface] task 19085 apply qos failed, errno = 4
09-19 16:12:19.015  4927  4927 E C01707/CONCUR: [Interface] task 19083 apply qos failed, errno = 4
09-19 16:12:19.017  4927  4927 E C01707/CONCUR: [Interface] task 19084 apply qos failed, errno = 4
09-19 16:12:19.134  4927  4927 E C01707/CONCUR: [Interface] task 19085 apply qos failed, errno = 4
09-19 16:12:19.137  4927  4927 E C01707/CONCUR: [Interface] task 19083 apply qos failed, errno = 4
09-19 16:12:19.139  4927  4927 E C01707/CONCUR: [Interface] task 19084 apply qos failed, errno = 4
09-19 16:12:19.143  4927  4927 E C01707/CONCUR: [Interface] task 19085 apply qos failed, errno = 4
09-19 16:12:19.145  4927  4927 E C01707/CONCUR: [Interface] task 19083 apply qos failed, errno = 4
09-19 16:12:19.147  4927  4927 E C01707/CONCUR: [Interface] task 19084 apply qos failed, errno = 4
09-19 16:12:19.274  4927  4927 E C01707/CONCUR: [Interface] task 19085 apply qos failed, errno = 4
09-19 16:12:19.277  4927  4927 E C01707/CONCUR: [Interface] task 19083 apply qos failed, errno = 4
09-19 16:12:19.280  4927  4927 E C01707/CONCUR: [Interface] task 19084 apply qos failed, errno = 4
09-19 16:12:19.285  4927  4927 E C01707/CONCUR: [Interface] task 19085 apply qos failed, errno = 4
09-19 16:12:19.287  4927  4927 E C01707/CONCUR: [Interface] task 19083 apply qos failed, errno = 4
09-19 16:12:19.290  4927  4927 E C01707/CONCUR: [Interface] task 19084 apply qos failed, errno = 4
09-19 16:12:19.424  4927  4927 E C01707/CONCUR: [Interface] task 19085 apply qos failed, errno = 4
09-19 16:12:19.426  4927  4927 E C01707/CONCUR: [Interface] task 19083 apply qos failed, errno = 4
09-19 16:12:19.429  4927  4927 E C01707/CONCUR: [Interface] task 19084 apply qos failed, errno = 4
09-19 16:12:19.433  4927  4927 E C01707/CONCUR: [Interface] task 19085 apply qos failed, errno = 4
09-19 16:12:19.437  4927  4927 E C01707/CONCUR: [Interface] task 19083 apply qos failed, errno = 4
09-19 16:12:19.440  4927  4927 E C01707/CONCUR: [Interface] task 19084 apply qos failed, errno = 4
09-19 16:12:19.567  4927  4927 E C01707/CONCUR: [Interface] task 19085 apply qos failed, errno = 4
09-19 16:12:19.569  4927  4927 E C01707/CONCUR: [Interface] task 19083 apply qos failed, errno = 4
09-19 16:12:19.572  4927  4927 E C01707/CONCUR: [Interface] task 19084 apply qos failed, errno = 4
09-19 16:12:19.575  4927  4927 E C01707/CONCUR: [Interface] task 19085 apply qos failed, errno = 4
09-19 16:12:19.578  4927  4927 E C01707/CONCUR: [Interface] task 19083 apply qos failed, errno = 4
09-19 16:12:19.580  4927  4927 E C01707/CONCUR: [Interface] task 19084 apply qos failed, errno = 4
09-19 16:12:19.702  4927  4927 E C01707/CONCUR: [Interface] task 19085 apply qos failed, errno = 4
09-19 16:12:19.705  4927  4927 E C01707/CONCUR: [Interface] task 19083 apply qos failed, errno = 4
09-19 16:12:19.707  4927  4927 E C01707/CONCUR: [Interface] task 19084 apply qos failed, errno = 4
09-19 16:12:19.714  4927  4927 E C01707/CONCUR: [Interface] task 19085 apply qos failed, errno = 4
09-19 16:12:19.717  4927  4927 E C01707/CONCUR: [Interface] task 19083 apply qos failed, errno = 4
09-19 16:12:19.719  4927  4927 E C01707/CONCUR: [Interface] task 19084 apply qos failed, errno = 4
09-19 16:12:19.751  4927  4927 E C01707/CONCUR: [Interface] task 19085 apply qos failed, errno = 4
09-19 16:12:19.754  4927  4927 E C01707/CONCUR: [Interface] task 19083 apply qos failed, errno = 4
09-19 16:12:19.756  4927  4927 E C01707/CONCUR: [Interface] task 19084 apply qos failed, errno = 4
09-19 16:12:19.761  4927  4927 E C01707/CONCUR: [Interface] task 19085 apply qos failed, errno = 4
09-19 16:12:19.763  4927  4927 E C01707/CONCUR: [Interface] task 19083 apply qos failed, errno = 4
09-19 16:12:19.765  4927  4927 E C01707/CONCUR: [Interface] task 19084 apply qos failed, errno = 4
09-19 16:12:19.799  4927  4927 E C01707/CONCUR: [Interface] task 19085 apply qos failed, errno = 4
09-19 16:12:19.802  4927  4927 E C01707/CONCUR: [Interface] task 19083 apply qos failed, errno = 4
09-19 16:12:19.804  4927  4927 E C01707/CONCUR: [Interface] task 19084 apply qos failed, errno = 4
09-19 16:12:19.807  4927  4927 E C01707/CONCUR: [Interface] task 19085 apply qos failed, errno = 4
09-19 16:12:19.810  4927  4927 E C01707/CONCUR: [Interface] task 19083 apply qos failed, errno = 4
09-19 16:12:19.812  4927  4927 E C01707/CONCUR: [Interface] task 19084 apply qos failed, errno = 4
09-19 16:12:24.303  4927  4927 E C01707/CONCUR: [Interface] task 19085 apply qos failed, errno = 4
09-19 16:12:24.306  4927  4927 E C01707/CONCUR: [Interface] task 19083 apply qos failed, errno = 4
09-19 16:12:24.308  4927  4927 E C01707/CONCUR: [Interface] task 19084 apply qos failed, errno = 4
09-19 16:12:24.315  4927  4927 E C01707/CONCUR: [Interface] task 19085 apply qos failed, errno = 4
09-19 16:12:24.318  4927  4927 E C01707/CONCUR: [Interface] task 19083 apply qos failed, errno = 4
09-19 16:12:24.320  4927  4927 E C01707/CONCUR: [Interface] task 19084 apply qos failed, errno = 4
09-19 16:12:27.217  4927 19073 I C01310/AppDfr: [watchdog.cpp356]Thread may be blocked, not report time. currTime: 1789805547217, lastTime: 1789805540218
09-19 16:12:30.217  4927 19073 W C01310/AppDfr: [appfreeze_inner.cpp760]hisysevent write FREEZE_HALF_HIVIEW_LOG, pid:4927, packageName:, ret:0
09-19 16:12:30.217  4927 19073 W C02d06/XCollie: Sample freeze half file=freeze_20260919161230_4927.txt
09-19 16:12:30.217  4927 19073 I C01310/AppDfr: [appfreeze_inner.cpp595]start to sample freeze stack, eventName:THREAD_BLOCK_3S
09-19 16:12:30.217  4927 19073 W C01310/AppDfr: [appfreeze_inner.cpp627]submit reportAppFreeze, name:THREAD_BLOCK_3S, startTime:2026-09-19 16:12:30.217
09-19 16:12:30.218  4927 19073 E C02d06/XCollie: ThreadSampler initialize failed.
09-19 16:12:30.218  4927 19103 I C01201/EventHandler: EventHandler start dumper!
09-19 16:12:30.218  4927 19103 I C01201/EventHandler: EventHandler end dumper!
09-19 16:12:30.218  4927 19103 W C01310/AppDfr: [appfreeze_inner.cpp683]get mainhandler dump, eventName:THREAD_BLOCK_3S, endTime:2026-09-19 16:12:30.218, interval:0 ms
09-19 16:12:30.218  4927 19103 E C02d06/XCollie: no freeze callback
09-19 16:12:30.219  4927 19103 I C03f00/ArkCompiler: [ecmascript] GC statistic, count: 398, maxPause: 21.965, minPause: 0.382, averagePause: 1.55208, lastStartTime: 1789805550203, lastEndTime: 1789805550203, lastType: Local GC
09-19 16:12:30.219  4927 19103 I C01310/AppDfr: [appfreeze_inner.cpp388]heap info: HEAP_TOTAL_SIZE:19660800,HEAP_OBJECT_SIZE:16898040,HEAP_SHARED_SIZE:850224, process lifeTime: PROCESS_LIFETIME:3681s
09-19 16:12:30.232  4927 19081 W C02d11/DfxUnwinder: Failed to step first frame, lr fallback
09-19 16:12:30.232  4927 19081 E C02d11/ElfFactory: Invalid elf hdr?
09-19 16:12:30.241  4927 19081 E C02d11/ElfFactory: Invalid elf hdr?
09-19 16:12:30.242  4927 19081 E C02d11/ElfFactory: Invalid elf hdr?
09-19 16:12:30.242  4927 19081 E C02d11/ElfFactory: Invalid elf hdr?
09-19 16:12:30.243  4927 19102 I C01310/AppDfr: [appfreeze_inner.cpp493]get main stack has finished less than 1s
09-19 16:12:30.243  4927 19102 W C01310/AppDfr: [appfreeze_inner.cpp788]NotifyAppFault:THREAD_BLOCK_3S, pid:4927, bundleName:com.example.callaite currentTime:2026-09-19 16:12:30.243, processExit:1 appfreezeInfo:freeze_20260919161230_4927.txt enbleMainThreadSample:0.
09-19 16:12:30.244  4927 19102 I C01311/AppMS: [app_mgr_proxy.cpp1740]called
09-19 16:12:30.270  4927 19181 W C057c1/IPCWorkThread: ThreadHandler: proto:0 policy:0 name:OS_IPC_5_19181 invoker:4646496
09-19 16:12:30.349  4927 19185 W C057c1/IPCWorkThread: ThreadHandler: proto:0 policy:0 name:OS_IPC_6_19185 invoker:4647072
09-19 16:12:32.744  4927 19185 I C0420a/WMSLife: NotifyForegroundInteractiveStatus: interactive: 0, state: 2
09-19 16:12:33.217  4927 19073 W C01310/AppDfr: [watchdog.cpp178]get hitrace id is invalid.
09-19 16:12:33.217  4927 19073 W C02d06/XCollie: get lastest freeze file: , interval: 15072360.
09-19 16:12:33.217  4927 19073 I C01310/AppDfr: [appfreeze_inner.cpp605]stop to sample freeze stack, eventName:THREAD_BLOCK_6S freezeFile: enbleMainThreadSample:0.
09-19 16:12:33.217  4927 19073 W C01310/AppDfr: [appfreeze_inner.cpp627]submit reportAppFreeze, name:THREAD_BLOCK_6S, startTime:2026-09-19 16:12:33.217
09-19 16:12:33.218  4927 19086 I C01201/EventHandler: EventHandler start dumper!
09-19 16:12:33.220  4927 19086 I C01201/EventHandler: EventHandler end dumper!
09-19 16:12:33.220  4927 19086 W C01310/AppDfr: [appfreeze_inner.cpp683]get mainhandler dump, eventName:THREAD_BLOCK_6S, endTime:2026-09-19 16:12:33.220, interval:2 ms
09-19 16:12:33.220  4927 19086 E C02d06/XCollie: no freeze callback
09-19 16:12:33.221  4927 19086 I C03f00/ArkCompiler: [ecmascript] GC statistic, count: 490, maxPause: 21.965, minPause: 0.382, averagePause: 1.41347, lastStartTime: 1789805553195, lastEndTime: 1789805553196, lastType: Local GC
09-19 16:12:33.221  4927 19086 I C01310/AppDfr: [appfreeze_inner.cpp388]heap info: HEAP_TOTAL_SIZE:26214400,HEAP_OBJECT_SIZE:23340840,HEAP_SHARED_SIZE:850224, process lifeTime: PROCESS_LIFETIME:3684s
09-19 16:12:33.221  4927 19086 I C01336/AMS: [AMC1927]RecordAppWithReason pid:4927, uid:20020063, killId:2000
09-19 16:12:33.222  4927 19086 I C01310/AppDfr: [appfreeze_inner.cpp537]Record result=0, pid=4927, uid=20020063, killId=2000
09-19 16:12:33.222  4927 19086 W C01310/AppDfr: [appfreeze_inner.cpp788]NotifyAppFault:THREAD_BLOCK_6S, pid:4927, bundleName:com.example.callaite currentTime:2026-09-19 16:12:33.222, processExit:1 appfreezeInfo: enbleMainThreadSample:0.
09-19 16:12:33.222  4927 19086 I C01311/AppMS: [app_mgr_proxy.cpp1740]called
09-19 16:12:33.223  4927 19086 I C01356/Recovery: [app_recovery.cpp193]begin
09-19 16:12:33.223  4927 19086 E C01356/Recovery: [app_recovery.cpp180]not enabled
09-19 16:12:33.223  4927 19086 I C01356/Recovery: [app_recovery.cpp282]scheduleRecoverApp  begin
09-19 16:12:33.252  4927 19206 W C057c1/IPCWorkThread: ThreadHandler: proto:0 policy:0 name:OS_IPC_7_19206 invoker:4647632
09-19 16:12:33.332  4927 19209 W C057c1/IPCWorkThread: ThreadHandler: proto:0 policy:0 name:OS_IPC_8_19209 invoker:4648224
09-19 16:12:33.374  4927  4927 E C01707/CONCUR: [Interface] task 19085 apply qos failed, errno = 4
09-19 16:12:33.378  4927  4927 E C01707/CONCUR: [Interface] task 19083 apply qos failed, errno = 4
09-19 16:12:33.383  4927  4927 E C01707/CONCUR: [Interface] task 19084 apply qos failed, errno = 4
09-19 16:12:33.390  4927  4927 E C01707/CONCUR: [Interface] task 19085 apply qos failed, errno = 4
09-19 16:12:33.395  4927  4927 E C01707/CONCUR: [Interface] task 19083 apply qos failed, errno = 4
catcher cmd: hilog -z 1000 -P end time: 2026/09/19-16:12:33:408
---------------------------------------------------

---------------------------------------------------
catcher cmd: hidumper --cpuusage start time: 2026/09/19-16:12:33:409

catcher cmd: hidumper --cpuusage 

-------------------------------[cpuusage]-------------------------------

Load average: 0.22 / 0.07 / 0.07; the cpu load average in 1 min, 5 min and 15 min
CPU usage from 2026-09-19 16:12:33 to 2026-09-19 16:12:33
Total: 41.03%; User Space: 23.93%; Kernel Space: 17.09%; iowait: 0.85%; irq: 0.00%; idle: 58.12%
Details of Processes:
    PID   Total Usage	   User Space    Kernel Space    Page Fault Minor    Page Fault Major    Name
    4927      23.88%          17.77%          6.11%           51477                   6            com.example.callaite
    129        8.85%           0.94%          7.92%         2125464                5802            hiview         
    729        8.35%           7.17%          1.18%          174477               96036            render_service 
    1          4.30%           1.18%          3.12%           52163                 419            init           
    1893       2.99%           2.99%          0.00%          507290              107330            com.ohos.sceneboard
    563        2.74%           0.00%          2.74%            1286                  75            composer_host  
    108        2.31%           0.94%          1.37%          230203               38145            hilogd         
    730        0.56%           0.37%          0.19%         1948479               87730            foundation     
    18151      0.56%           0.19%          0.37%            6986                   0            hidumper_service
    31331      0.44%           0.00%          0.44%               0                   0            kworker/0:0-events
    186        0.31%           0.00%          0.31%            9233                1260            accessibility  
    647        0.25%           0.00%          0.25%            5654                 928            powermgr       
    97         0.19%           0.00%          0.19%               0                   0            jbd2/vdd-8     
    10         0.19%           0.00%          0.19%               0                   0            rcu_sched      
    2500       0.12%           0.06%          0.06%           11608                3206            com.ohos.sceneboard:EngineServiceAbility:1
    514        0.12%           0.06%          0.06%             983                  37            sensor_host    
    278        0.12%           0.00%          0.12%           25411                3531            resource_schedule_service
    2046       0.06%           0.06%          0.00%           10105                 425            index_insert_service
    341        0.06%           0.06%          0.00%            3962                 679            file_monitor_service
    603        0.06%           0.00%          0.06%            1880                  29            sensors        
    602        0.06%           0.00%          0.06%            6816                1015            softbus_server 
    254        0.06%           0.00%          0.06%            2068                  25            resource_schedule_executor
    235        0.06%           0.00%          0.06%            7356                 224            multimodalinput
    233        0.06%           0.00%          0.06%            5340                  39            memmgrservice  
    127        0.06%           0.00%          0.06%            4077                  82            samgr          
    107        0.06%           0.00%          0.06%             636                  17            faultloggerd   
    84         0.06%           0.00%          0.06%               0                   0            kworker/3:1H-kblockd
    30         0.06%           0.00%          0.06%               0                   0            kauditd        
    31164      0.00%           0.00%          0.00%               0                   0            kworker/2:2    
    27169      0.00%           0.00%          0.00%               0                   0            kworker/1:3-events
    27165      0.00%           0.00%          0.00%               0                   0            kworker/1:2-events
    19070      0.00%           0.00%          0.00%              63                   0            apppool        
    17880      0.00%           0.00%          0.00%               0                   0            kworker/u8:0-flush-254:48
    15014      0.00%           0.00%          0.00%               0                   0            kworker/u8:1-ext4-rsv-conversion
    8814       0.00%           0.00%          0.00%               0                   0            kworker/0:1-events
    7519       0.00%           0.00%          0.00%               0                   0            kworker/3:0-events
    5387       0.00%           0.00%          0.00%            1892                  17            cert_manager_service
    3557       0.00%           0.00%          0.00%               0                   0            kworker/3:2    
    3420       0.00%           0.00%          0.00%            6596                  28            atomicservice_ecological_rule_manager
    2793       0.00%           0.00%          0.00%            2589                 202            device_activate_service
    2728       0.00%           0.00%          0.00%            4084                 354            pasteboard_service
    2717       0.00%           0.00%          0.00%            3306                   0            QemuParams     
    2716       0.00%           0.00%          0.00%            3283                   0            QemuParams     
    2715       0.00%           0.00%          0.00%            3322                   1            QemuParams     
    2711       0.00%           0.00%          0.00%            3283                   0            QemuParams     
    2160       0.00%           0.00%          0.00%           14518                 450            com.ohos.contactsdataability
    2099       0.00%           0.00%          0.00%             818                   3            deviceinfoservice
    2000       0.00%           0.00%          0.00%           26503                 971            com.ohos.medialibrary.medialibrarydata
    1941       0.00%           0.00%          0.00%            6403                 315            com.huawei.hmsapp.intelligent
    1915       0.00%           0.00%          0.00%           11834                 339            com.huawei.hms.adsservice
    1841       0.00%           0.00%          0.00%            5333                 348            appgallery_service
    1804       0.00%           0.00%          0.00%               0                   0            dfs_srv_wb3    
    1803       0.00%           0.00%          0.00%               0                   0            dfs_sb_wb3     
    1802       0.00%           0.00%          0.00%               0                   0            dfs_ino_wb3    
    1801       0.00%           0.00%          0.00%               0                   0            share_item_time
    1795       0.00%           0.00%          0.00%               0                   0            dfs_srv_wb2    
    1794       0.00%           0.00%          0.00%               0                   0            dfs_sb_wb2     
    1793       0.00%           0.00%          0.00%               0                   0            dfs_ino_wb2    
    1792       0.00%           0.00%          0.00%               0                   0            share_item_time
    1791       0.00%           0.00%          0.00%               0                   0            dfs_srv_wb1    
    1790       0.00%           0.00%          0.00%               0                   0            dfs_sb_wb1     
    1789       0.00%           0.00%          0.00%               0                   0            dfs_ino_wb1    
    1788       0.00%           0.00%          0.00%               0                   0            share_item_time
    1618       0.00%           0.00%          0.00%           13347                 786            com.huawei.hms.pushservice
    1601       0.00%           0.00%          0.00%               0                   0            psimon         
    1370       0.00%           0.00%          0.00%            1923                  26            dcm_service    
    1369       0.00%           0.00%          0.00%            2463                  56            asset_service  
    1346       0.00%           0.00%          0.00%            1196                 262            com.huawei.hmos.location
    1340       0.00%           0.00%          0.00%            2745                 624            com.huawei.hmsapp.samplemanagement
    1327       0.00%           0.00%          0.00%            2837                 656            com.huawei.emulatormultiscreen
    1323       0.00%           0.00%          0.00%            2290                  33            nwebspawn      
    1193       0.00%           0.00%          0.00%             794                  17            location_host  
    1146       0.00%           0.00%          0.00%            1879                  37            wpa_host       
    1020       0.00%           0.00%          0.00%            9090                1101            locationhub    
    981        0.00%           0.00%          0.00%            3988                 750            deviceprofile  
    878        0.00%           0.00%          0.00%         1368869                  16            hdcd           
    836        0.00%           0.00%          0.00%            9891                1598            CollaborationFwk
    835        0.00%           0.00%          0.00%            4366                 102            accountmgr     
    815        0.00%           0.00%          0.00%            1956                  35            aps_manager    
    813        0.00%           0.00%          0.00%            4017                  89            av_session     
    797        0.00%           0.00%          0.00%            6376                 143            camera_service 
    792        0.00%           0.00%          0.00%            2862                  27            client_cloud_cache_service
    762        0.00%           0.00%          0.00%             465                   3            data_monitor_service
    739        0.00%           0.00%          0.00%            1591                  19            drm_service    
    728        0.00%           0.00%          0.00%            5259                 169            hianalytics    
    716        0.00%           0.00%          0.00%            4301                 986            huawei_id_svc  
    697        0.00%           0.00%          0.00%           26867                  38            inputmethod_service
    681        0.00%           0.00%          0.00%            1993                  18            media_monitor  
    664        0.00%           0.00%          0.00%            9891                 297            media_service  
    656        0.00%           0.00%          0.00%            7357                  32            netsysnative   
    636        0.00%           0.00%          0.00%            1482                  64            privacy_service
    617        0.00%           0.00%          0.00%            1154                   9            av_codec_service
    613        0.00%           0.00%          0.00%            1160                  10            pin_auth_host  
    606        0.00%           0.00%          0.00%           69772                 116            security_guard 
    581        0.00%           0.00%          0.00%            1659                   9            ui_service     
    572        0.00%           0.00%          0.00%            2563                  64            useriam        
    561        0.00%           0.00%          0.00%            1042                   7            allocator_host 
    559        0.00%           0.00%          0.00%             770                   7            blue_host      
    558        0.00%           0.00%          0.00%             702                   4            usb_host       
    554        0.00%           0.00%          0.00%           25242                  30            power_host     
    551        0.00%           0.00%          0.00%            1245                  39            wifi_host      
    545        0.00%           0.00%          0.00%             927                  35            audio_host     
    534        0.00%           0.00%          0.00%            1354                  41            camera_host    
    517        0.00%           0.00%          0.00%             649                   0            input_user_host
    498        0.00%           0.00%          0.00%             772                   7            vibrator_host  
    495        0.00%           0.00%          0.00%             773                   6            light_host     
    458        0.00%           0.00%          0.00%            3198                 683            device_manager 
    454        0.00%           0.00%          0.00%           56175                2334            distributeddata
    447        0.00%           0.00%          0.00%            7651                 241            wifi_manager_service
    428        0.00%           0.00%          0.00%             865                  10            codec_host     
    423        0.00%           0.00%          0.00%             807                   9            face_auth_host 
    422        0.00%           0.00%          0.00%            1170                  25            user_auth_host 
    417        0.00%           0.00%          0.00%             755                  15            fingerprint_auth_host
    395        0.00%           0.00%          0.00%            2822                  42            time_service   
    363        0.00%           0.00%          0.00%           18721                2036            push_manager_service
    360        0.00%           0.00%          0.00%            7355                1102            msdp           
    314        0.00%           0.00%          0.00%            3753                 766            wallpaper_service
    313        0.00%           0.00%          0.00%           20836                2070            telephony      
    299        0.00%           0.00%          0.00%           36770                1910            netmanager     
    289        0.00%           0.00%          0.00%           14868                 279            accesstoken_service
    226        0.00%           0.00%          0.00%            3286                  45            huks_service   
    203        0.00%           0.00%          0.00%            1650                  23            dlp_credential_service_sa
    195        0.00%           0.00%          0.00%             812                   4            concurrent_task_service
    194        0.00%           0.00%          0.00%            6672                 344            audio_server   
    136        0.00%           0.00%          0.00%            3090                 348            QemuParams     
    135        0.00%           0.00%          0.00%           52414                4681            appspawn       
    133        0.00%           0.00%          0.00%             782                  13            hdf_devmgr     
    128        0.00%           0.00%          0.00%            1242                   7            param_watcher  
    123        0.00%           0.00%          0.00%            2415                  93            storage_daemon 
    122        0.00%           0.00%          0.00%            2024                  39            storage_manager
    100        0.00%           0.00%          0.00%            1408                   4            ueventd        
    98         0.00%           0.00%          0.00%               0                   0            ext4-rsv-conver
    93         0.00%           0.00%          0.00%               0                   0            ext4-rsv-conver
    92         0.00%           0.00%          0.00%               0                   0            ext4-rsv-conver
    91         0.00%           0.00%          0.00%               0                   0            ext4-rsv-conver
    85         0.00%           0.00%          0.00%               0                   0            cache_freed    
    83         0.00%           0.00%          0.00%               0                   0            ipv6_addrconf  
    82         0.00%           0.00%          0.00%               0                   0            kworker/0:1H-kblockd
    80         0.00%           0.00%          0.00%               0                   0            ion_system_heap
    77         0.00%           0.00%          0.00%               0                   0            scsi_tmf_1     
    76         0.00%           0.00%          0.00%               0                   0            scsi_eh_1      
    75         0.00%           0.00%          0.00%               0                   0            scsi_tmf_0     
    74         0.00%           0.00%          0.00%               0                   0            scsi_eh_0      
    73         0.00%           0.00%          0.00%               0                   0            kworker/2:1H-kblockd
    71         0.00%           0.00%          0.00%               0                   0            nfsiod         
    70         0.00%           0.00%          0.00%               0                   0            zswapd0        
    69         0.00%           0.00%          0.00%               0                   0            snapshotd      
    68         0.00%           0.00%          0.00%               0                   0            kswapd0        
    67         0.00%           0.00%          0.00%               0                   0            cfg80211       
    66         0.00%           0.00%          0.00%               0                   0            xprtiod        
    65         0.00%           0.00%          0.00%               0                   0            kworker/u9:0   
    64         0.00%           0.00%          0.00%               0                   0            rpciod         
    63         0.00%           0.00%          0.00%               0                   0            kworker/1:1H-kblockd
    62         0.00%           0.00%          0.00%               0                   0            ata_sff        
    61         0.00%           0.00%          0.00%               0                   0            kblockd        
    46         0.00%           0.00%          0.00%               0                   0            kworker/2:1-events
    35         0.00%           0.00%          0.00%               0                   0            kcompactd0     
    34         0.00%           0.00%          0.00%               0                   0            writeback      
    33         0.00%           0.00%          0.00%               0                   0            oom_reaper     
    29         0.00%           0.00%          0.00%               0                   0            netns          
    28         0.00%           0.00%          0.00%               0                   0            kdevtmpfs      
    27         0.00%           0.00%          0.00%               0                   0            kworker/3:0H-events_highpri
    25         0.00%           0.00%          0.00%               0                   0            ksoftirqd/3    
    24         0.00%           0.00%          0.00%               0                   0            migration/3    
    23         0.00%           0.00%          0.00%               0                   0            cpuhp/3        
    22         0.00%           0.00%          0.00%               0                   0            kworker/2:0H-kblockd
    20         0.00%           0.00%          0.00%               0                   0            ksoftirqd/2    
    19         0.00%           0.00%          0.00%               0                   0            migration/2    
    18         0.00%           0.00%          0.00%               0                   0            cpuhp/2        
    17         0.00%           0.00%          0.00%               0                   0            kworker/1:0H-events_highpri
    15         0.00%           0.00%          0.00%               0                   0            ksoftirqd/1    
    14         0.00%           0.00%          0.00%               0                   0            migration/1    
    13         0.00%           0.00%          0.00%               0                   0            cpuhp/1        
    12         0.00%           0.00%          0.00%               0                   0            cpuhp/0        
    11         0.00%           0.00%          0.00%               0                   0            migration/0    
    9          0.00%           0.00%          0.00%               0                   0            ksoftirqd/0    
    8          0.00%           0.00%          0.00%               0                   0            mm_percpu_wq   
    6          0.00%           0.00%          0.00%               0                   0            kworker/0:0H-events_highpri
    4          0.00%           0.00%          0.00%               0                   0            rcu_par_gp     
    3          0.00%           0.00%          0.00%               0                   0            rcu_gp         
    2          0.00%           0.00%          0.00%               0                   0            kthreadd       
catcher cmd: hidumper --cpuusage end time: 2026/09/19-16:12:34:417
---------------------------------------------------

---------------------------------------------------
CpuCoreInfoCatcher -- start time: 2026/09/19-16:12:34:417

CpuCoreInfoCatcher --

cpu, userUsage=0.291196

cpu0, userUsage=0.187500

cpu1, userUsage=0.559633

cpu2, userUsage=0.191304

cpu3, userUsage=0.235849

cpu0, cpuFreq=0, minFreq=0, maxFreq=0

cpu1, cpuFreq=0, minFreq=0, maxFreq=0

cpu2, cpuFreq=0, minFreq=0, maxFreq=0

cpu3, cpuFreq=0, minFreq=0, maxFreq=0

---------------------------------------------------
collect StabilityGetTempFreqInfo start time: 2026/09/19-16:12:34:423

Freq: bigCur: , bigMax: , midCur: , midMax: , litCur: , litMax: 
IPA: 

collect StabilityGetTempFreqInfo end time: 2026/09/19-16:12:34:423
---------------------------------------------------
CpuCoreInfoCatcher -- end time: 2026/09/19-16:12:34:423
---------------------------------------------------

---------------------------------------------------
MemoryCatcher -- start time: 2026/09/19-16:12:34:423

MemoryCatcher --

Get freeze memory start time: 2026-09-19 16:12:33.223
some avg10=0.00 avg60=0.00 avg300=0.00 total=3391583
full avg10=0.00 avg60=0.00 avg300=0.00 total=796697
MemTotal:        4025340 kB
MemFree:         2133092 kB
MemAvailable:    2781324 kB
Buffers:            8240 kB
Cached:           684264 kB
SwapCached:        27320 kB
Active:           526192 kB
Inactive:         971324 kB
Active(anon):      62884 kB
Inactive(anon):   766380 kB
Active(file):     463308 kB
Inactive(file):   204944 kB
Unevictable:           0 kB
Mlocked:               0 kB
SwapTotal:       2097148 kB
SwapFree:        1888764 kB
Dirty:               472 kB
Writeback:             0 kB
AnonPages:        793304 kB
Mapped:           332408 kB
Shmem:             24252 kB
KReclaimable:      46052 kB
Slab:             123256 kB
SReclaimable:      46052 kB
SUnreclaim:        77204 kB
KernelStack:       18592 kB
PageTables:        34944 kB
NFS_Unstable:          0 kB
Bounce:                0 kB
WritebackTmp:          0 kB
CommitLimit:     4109816 kB
Committed_AS:   26504324 kB
VmallocTotal:   34359738367 kB
VmallocUsed:       89332 kB
VmallocChunk:          0 kB
Percpu:             1488 kB
DirectMap4k:       24388 kB
DirectMap2M:     4169728 kB
Get freeze memory end time: 2026-09-19 16:12:33.223
don't collect ashmem dmaheap gpumem
MemoryCatcher -- end time: 2026/09/19-16:12:34:432
---------------------------------------------------

---------------------------------------------------
catcher cmd: hidumper -s 1910 -a DumpAppMap start time: 2026/09/19-16:12:34:432

catcher cmd: hidumper -s 1910 -a DumpAppMap 
catcher cmd: hidumper -s 1910 -a DumpAppMap end time: 2026/09/19-16:12:34:468
---------------------------------------------------

---------------------------------------------------
ThermalInfoCatcher -- start time: 2026/09/19-16:12:34:468

ThermalInfoCatcher --

ThermalLevel info: 0
ThermalInfoCatcher -- end time: 2026/09/19-16:12:34:538
---------------------------------------------------

---------------------------------------------------
SummaryLogInfoCatcher -- start time: 2026/09/19-16:12:34:538

SummaryLogInfoCatcher --

SummaryLogInfoCatcher -- end time: 2026/09/19-16:12:34:546
---------------------------------------------------


Catcher log total time is 1193ms
