Generated by HiviewDFX@OpenHarmony
================================================================
Device info:emulator
Build info:emulator 7.0.0.106(SP1DEVC00E999R4P11)
DeviceDebuggable:No
Fingerprint:36e7c688b689ff8fac502a0dcbd80032ba743371ffabe68a0258e0fcc8af3d77
Module name:com.example.callaite
ReleaseType:debug
CpuAbi:x86_64
Version:1.0.0
VersionCode:1000000
IsSystemApp:No
PreInstalled:No
Foreground:Yes
Pid:32445
Uid:20020063
App running unique id:5067388547738177161
Process life time:68s
Process Memory(kB): 203456(Rss)
Device Memory(kB): Total 4025340, Free 2237968, Available 2824392
Reason:THREAD_BLOCK_6S
appfreeze: com.example.callaite THREAD_BLOCK_6S at 20260919150105
DisplayPowerInfo:powerState:UNKNOWN
Page switch history:
  15:00:49.701 :enters foreground
>>>>>>>>>>>>>>>>>>>>>>>>>>>>>>>>>>>>>>>>>>>
DOMAIN:AAFWK
STRINGID:THREAD_BLOCK_6S
TIMESTAMP:2026/09/19-15:01:05:511
PID:32445
UID:20020063
PACKAGE_NAME:com.example.callaite
PROCESS_NAME:com.example.callaite

*******************************************
start time: 2026/09/19-15:01:02:543
DOMAIN = AAFWK
EVENTNAME = THREAD_BLOCK_3S
TIMESTAMP = 2026/09/19-15:01:02:536
PID = 32445
UID = 20020063
TID = 32445
PACKAGE_NAME = com.example.callaite
PROCESS_NAME = com.example.callaite
eventLog_action = ffrt,t,GpuStack,cmd:m,hot
eventLog_interval = 10
this thread has blocked 3000ms.
IS_FROZEN = 0
MainHeap(bytes): Used 13289472, Total 15990784
SharedHeap(bytes): Used 850456, Total 815792128
GC Status: count 455, maxPause 23.07ms, minPause 0.368ms, averagePause 1.2238ms, lastStartTime 2026/09/19-15:01:02.412, lastEndTime 2026/09/19-15:01:02.412, lastType Local GC
I/O(bytes): rchar 1268470, wchar 60269, syscr 312, syscw 627, read_bytes 0, write_bytes 69632, cancelled_write_bytes 32768
MSG = 
Fault time:2026/09/19-15:01:02
App main thread is not response!

Main handler dump start time: 2026-09-19 15:01:02.416
mainHandler dump is:
 EventHandler dump begin curTime: 2026-09-19 15:01:02.416
 Event runner (Thread name = , Thread ID = 32445) is running
 Current Running: start at 2026-09-19 15:00:49.883, Event { send thread = 32445, send time = 2026-09-19 15:00:49.883, handle time = 2026-11-08 08:03:37.177, trigger time = 2026-09-19 15:00:49.883, task name = vSyncTask, caller = [event_queue.cpp(PostTaskForVsync:235)] }
 History event queue information:
 No. 0 : Event { send thread = 32445, send time = 2026-09-19 15:00:49.795, handle time = 2026-09-19 15:00:49.795, trigger time = 2026-09-19 15:00:49.803, completeTime time = 2026-09-19 15:00:49.880, priority = Low, task name = ArkUIRunPageUrl, caller = [task_runner_adapter_impl.cpp(PostTask:35)] }
 No. 1 : Event { send thread = 612, send time = 2026-09-19 15:00:49.863, handle time = 2026-09-19 15:00:49.863, trigger time = 2026-09-19 15:00:49.880, completeTime time = 2026-09-19 15:00:49.880, priority = Immediate, task name = GetBundleInfoForSelf, caller = [ohos_js_environment_impl.cpp(PostTaskToHandler:72)] }
 No. 2 : Event { send thread = 543, send time = 2026-09-19 15:00:49.845, handle time = 2026-09-19 15:00:49.845, trigger time = 2026-09-19 15:00:49.880, completeTime time = 2026-09-19 15:00:49.881, priority = High, task name = JsWindowManager::OnGetTopWindow, caller = [ohos_js_environment_impl.cpp(PostTaskToHandler:72)] }
 No. 3 : Event { send thread = 32445, send time = 2026-09-19 15:00:49.795, handle time = 2026-09-19 15:00:49.795, trigger time = 2026-09-19 15:00:49.881, completeTime time = 2026-09-19 15:00:49.881, priority = Low, task name = ArkUISetSingleHandTransform, caller = [task_runner_adapter_impl.cpp(PostTask:35)] }
 No. 4 : Event { send thread = 32445, send time = 2026-09-19 15:00:49.795, handle time = 2026-09-19 15:00:49.795, trigger time = 2026-09-19 15:00:49.881, completeTime time = 2026-09-19 15:00:49.881, priority = Low, task name = ArkUIStatusBarItemColor, caller = [task_runner_adapter_impl.cpp(PostTask:35)] }
 No. 5 : Event { send thread = 32445, send time = 2026-09-19 15:00:49.795, handle time = 2026-09-19 15:00:49.795, trigger time = 2026-09-19 15:00:49.881, completeTime time = 2026-09-19 15:00:49.881, priority = Low, task name = ArkUINotifyWindowMode, caller = [task_runner_adapter_impl.cpp(PostTask:35)] }
 No. 6 : Event { send thread = 32445, send time = 2026-09-19 15:00:49.799, handle time = 2026-09-19 15:00:49.799, trigger time = 2026-09-19 15:00:49.881, completeTime time = 2026-09-19 15:00:49.881, priority = Low, task name = ArkUIUpdateBrightness, caller = [task_runner_adapter_impl.cpp(PostTask:35)] }
 No. 7 : Event { send thread = 32445, send time = 2026-09-19 15:00:49.799, handle time = 2026-09-19 15:00:49.799, trigger time = 2026-09-19 15:00:49.881, completeTime time = 2026-09-19 15:00:49.882, priority = Low, task name = ArkUIUpdateViewportConfig, caller = [task_runner_adapter_impl.cpp(PostTask:35)] }
 No. 8 : Event { send thread = 32445, send time = 2026-09-19 15:00:49.799, handle time = 2026-09-19 15:00:49.799, trigger time = 2026-09-19 15:00:49.882, completeTime time = 2026-09-19 15:00:49.882, priority = Low, task name = ArkUIUpdateSessionViewportConfig, caller = [task_runner_adapter_impl.cpp(PostTask:35)] }
 No. 9 : Event { send thread = 32445, send time = 2026-09-19 15:00:49.799, handle time = 2026-09-19 15:00:49.799, trigger time = 2026-09-19 15:00:49.882, completeTime time = 2026-09-19 15:00:49.882, priority = Low, task name = ArkUIFrontendActive, caller = [task_runner_adapter_impl.cpp(PostTask:35)] }
 No. 10 : Event { send thread = 32445, send time = 2026-09-19 15:00:49.799, handle time = 2026-09-19 15:00:49.799, trigger time = 2026-09-19 15:00:49.882, completeTime time = 2026-09-19 15:00:49.882, priority = Low, task name = ArkUIWindowFocus, caller = [task_runner_adapter_impl.cpp(PostTask:35)] }
 No. 11 : Event { send thread = 32445, send time = 2026-09-19 15:00:49.799, handle time = 2026-09-19 15:00:49.799, trigger time = 2026-09-19 15:00:49.882, completeTime time = 2026-09-19 15:00:49.882, priority = Low, task name = ArkUISetOnWindowFocusedCallback, caller = [task_runner_adapter_impl.cpp(PostTask:35)] }
 No. 12 : Event { send thread = 32445, send time = 2026-09-19 15:00:49.799, handle time = 2026-09-19 15:00:49.799, trigger time = 2026-09-19 15:00:49.882, completeTime time = 2026-09-19 15:00:49.883, priority = Low, task name = ArkUIFrontendActive, caller = [task_runner_adapter_impl.cpp(PostTask:35)] }
 No. 13 : Event { send thread = 32445, send time = 2026-09-19 15:00:49.799, handle time = 2026-09-19 15:00:49.799, trigger time = 2026-09-19 15:00:49.883, completeTime time = 2026-09-19 15:00:49.883, priority = Low, task name = ArkUIWindowActivate, caller = [task_runner_adapter_impl.cpp(PostTask:35)] }
 No. 14 : Event { send thread = 32445, send time = 2026-09-19 15:00:49.801, handle time = 2026-09-19 15:00:49.801, trigger time = 2026-09-19 15:00:49.883, completeTime time = 2026-09-19 15:00:49.883, priority = Low, task name = ArkUIWindowRectChange, caller = [task_runner_adapter_impl.cpp(PostTask:35)] }
 No. 15 : Event { send thread = 32445, send time = 2026-09-19 15:00:49.802, handle time = 2026-09-19 15:00:49.802, trigger time = 2026-09-19 15:00:49.883, completeTime time = 2026-09-19 15:00:49.883, priority = Low, task name = ArkUIUpdateOriginAvoidAreaAndExecuteKeyboardAvoid, caller = [task_runner_adapter_impl.cpp(PostTask:35)] }
 No. 16 : Event { send thread = 32445, send time = 2026-09-19 15:00:49.803, handle time = 2026-09-19 15:00:49.803, trigger time = 2026-09-19 15:00:49.883, completeTime time = 2026-09-19 15:00:49.883, priority = Low, task name = ArkUIUpdateOriginAvoidAreaAndExecuteKeyboardAvoid, caller = [task_runner_adapter_impl.cpp(PostTask:35)] }
 No. 17 : Event { send thread = 32445, send time = 2026-09-19 15:00:49.798, handle time = 2026-09-19 15:00:49.849, trigger time = 2026-09-19 15:00:49.883, completeTime time = 2026-09-19 15:00:49.883, priority = Low, task name = ArkUIIdleTask, caller = [task_runner_adapter_impl.cpp(PostDelayedTask:46)] }
 No. 18 : Event { send thread = 32445, send time = 2026-09-19 15:00:49.883, handle time = 2026-11-08 08:03:37.177, trigger time = 2026-09-19 15:00:49.883, completeTime time = , priority = VIP, task name = vSyncTask, caller = [event_queue.cpp(PostTaskForVsync:235)] }
 No. 19 : Event { send thread = 32445, send time = 2026-09-19 15:00:49.766, handle time = 2026-09-19 15:00:49.766, trigger time = 2026-09-19 15:00:49.802, completeTime time = 2026-09-19 15:00:49.802, priority = Low, task name = ArkUISetThreadPriority, caller = [task_runner_adapter_impl.cpp(PostTask:35)] }
 No. 20 : Event { send thread = 32445, send time = 2026-09-19 15:00:49.766, handle time = 2026-09-19 15:00:49.766, trigger time = 2026-09-19 15:00:49.802, completeTime time = 2026-09-19 15:00:49.802, priority = Low, task name = ArkUISetThreadPriority, caller = [task_runner_adapter_impl.cpp(PostTask:35)] }
 No. 21 : Event { send thread = 32445, send time = 2026-09-19 15:00:49.766, handle time = 2026-09-19 15:00:49.766, trigger time = 2026-09-19 15:00:49.802, completeTime time = 2026-09-19 15:00:49.802, priority = Low, task name = ArkUIFillTaskTypeTable, caller = [task_runner_adapter_impl.cpp(PostTask:35)] }
 No. 22 : Event { send thread = 32445, send time = 2026-09-19 15:00:49.766, handle time = 2026-09-19 15:00:49.766, trigger time = 2026-09-19 15:00:49.802, completeTime time = 2026-09-19 15:00:49.802, priority = Low, task name = ArkUIFillTaskTypeTable, caller = [task_runner_adapter_impl.cpp(PostTask:35)] }
 No. 23 : Event { send thread = 32445, send time = 2026-09-19 15:00:49.766, handle time = 2026-09-19 15:00:49.766, trigger time = 2026-09-19 15:00:49.802, completeTime time = 2026-09-19 15:00:49.802, priority = Low, task name = ArkUIFillTaskTypeTable, caller = [task_runner_adapter_impl.cpp(PostTask:35)] }
 No. 24 : Event { send thread = 32445, send time = 2026-09-19 15:00:49.766, handle time = 2026-09-19 15:00:49.766, trigger time = 2026-09-19 15:00:49.802, completeTime time = 2026-09-19 15:00:49.802, priority = Low, task name = ArkUIFillTaskTypeTable, caller = [task_runner_adapter_impl.cpp(PostTask:35)] }
 No. 25 : Event { send thread = 32445, send time = 2026-09-19 15:00:49.767, handle time = 2026-09-19 15:00:49.767, trigger time = 2026-09-19 15:00:49.802, completeTime time = 2026-09-19 15:00:49.802, priority = Low, task name = ArkUISetJsMessageDispatcher, caller = [task_runner_adapter_impl.cpp(PostTask:35)] }
 No. 26 : Event { send thread = 32445, send time = 2026-09-19 15:00:49.768, handle time = 2026-09-19 15:00:49.768, trigger time = 2026-09-19 15:00:49.802, completeTime time = 2026-09-19 15:00:49.802, priority = Low, task name = ArkUIPageSwitchLogStatusChanged, caller = [task_runner_adapter_impl.cpp(PostTask:35)] }
 No. 27 : Event { send thread = 32445, send time = 2026-09-19 15:00:49.783, handle time = 2026-09-19 15:00:49.783, trigger time = 2026-09-19 15:00:49.802, completeTime time = 2026-09-19 15:00:49.803, priority = Low, task name = ArkUIFrontendActive, caller = [task_runner_adapter_impl.cpp(PostTask:35)] }
 No. 28 : Event { send thread = 32445, send time = 2026-09-19 15:00:49.783, handle time = 2026-09-19 15:00:49.783, trigger time = 2026-09-19 15:00:49.803, completeTime time = 2026-09-19 15:00:49.803, priority = Low, task name = ArkUIWindowFocus, caller = [task_runner_adapter_impl.cpp(PostTask:35)] }
 No. 29 : Event { send thread = 489, send time = 2026-09-19 15:00:49.789, handle time = 2026-09-19 15:00:49.789, trigger time = 2026-09-19 15:00:49.803, completeTime time = 2026-09-19 15:00:49.803, priority = Low, task name = WMS_WindowSessionImpl_UpdateRectForOtherReason, caller = [window_session_impl.cpp(UpdateRectForOtherReason:1693)] }
 No. 30 : Event { send thread = 32445, send time = 2026-09-19 15:00:49.803, handle time = 2026-09-19 15:00:49.803, trigger time = 2026-09-19 15:00:49.803, completeTime time = 2026-09-19 15:00:49.803, priority = VIP, task name = UpdateDisplayValid5, caller = [native_event.cpp(SendEventByEventHandler:322)] }
 No. 31 : Event { send thread = 32445, send time = 2026-09-19 15:00:49.794, handle time = 2026-09-19 15:00:49.794, trigger time = 2026-09-19 15:00:49.803, completeTime time = 2026-09-19 15:00:49.803, priority = Low, task name = ArkUIParseI18nJsonInfo, caller = [task_runner_adapter_impl.cpp(PostTask:35)] }
 VIP priority event queue information:
 No.1 : Event { send thread = 491, send time = 2026-09-19 15:00:52.416, handle time = 2026-09-19 15:00:52.416, id = 1, caller = [watchdog.cpp(Timer:303)] }
 No.2 : Event { send thread = 491, send time = 2026-09-19 15:00:59.416, handle time = 2026-09-19 15:00:59.416, id = 1, caller = [watchdog.cpp(Timer:303)] }
 No.3 : Event { send thread = 491, send time = 2026-09-19 15:01:02.416, handle time = 2026-09-19 15:01:02.416, id = 1, caller = [watchdog.cpp(Timer:303)] }
 Total size of VIP events : 3
 Immediate priority event queue information:
 Total size of Immediate events : 0
 High priority event queue information:
 No.1 : Event { send thread = 32445, send time = 2026-09-19 15:00:49.883, handle time = 2026-09-19 15:00:49.883, task name = uvLoopTask, caller = [event_queue.cpp(HandleFileDescriptorEvent:313)] }
 Total size of High events : 1
 Low priority event queue information:
 No.1 : Event { send thread = 32445, send time = 2026-09-19 15:00:49.889, handle time = 2026-09-19 15:00:49.940, task name = ArkUIIdleTask, caller = [task_runner_adapter_impl.cpp(PostDelayedTask:46)] }
 No.2 : Event { send thread = 32445, send time = 2026-09-19 15:00:49.889, handle time = 2026-09-19 15:00:50.389, task name = ArkUIVsyncTimeoutCheck, caller = [task_runner_adapter_impl.cpp(PostDelayedTask:46)] }
 No.3 : Event { send thread = 32445, send time = 2026-09-19 15:00:49.889, handle time = 2026-09-19 15:00:50.489, task name = vsync_time_out_task_139350213918721, caller = [vsync_station.cpp(RequestVsync:148)] }
 No.4 : Event { send thread = 32445, send time = 2026-09-19 15:00:49.508, handle time = 2026-09-19 15:00:50.508, task name = AppRecovery:AddAbility, caller = [app_recovery.cpp(AddAbility:133)] }
 No.5 : Event { send thread = 32445, send time = 2026-09-19 15:00:49.879, handle time = 2026-09-19 15:00:51.879, task name = ExtensionTransparentDetector, caller = [task_runner_adapter_impl.cpp(PostDelayedTask:46)] }
 No.6 : Event { send thread = 32445, send time = 2026-09-19 15:00:49.889, handle time = 2026-09-19 15:00:52.889, task name = ArkUIVsyncTimeoutCheck, caller = [task_runner_adapter_impl.cpp(PostDelayedTask:46)] }
 No.7 : Event { send thread = 32445, send time = 2026-09-19 15:00:49.841, handle time = 2026-09-19 15:00:54.841, task name = TriggerModuleSerializer, caller = [task_runner_adapter_impl.cpp(PostDelayedTask:46)] }
 Total size of Low events : 7
 Idle priority event queue information:
 No.1 : Event { send thread = 580, send time = 2026-09-19 15:00:49.981, handle time = 2026-09-19 15:00:49.981, task name = uv_io_cb, caller = [ohos_js_environment_impl.cpp(PostTaskToHandler:72)] }
 No.2 : Event { send thread = 580, send time = 2026-09-19 15:00:50.208, handle time = 2026-09-19 15:00:50.208, task name = uv_io_cb, caller = [ohos_js_environment_impl.cpp(PostTaskToHandler:72)] }
 Total size of Idle events : 2
 Total event size : 13
Main handler dump end time: 2026-09-19 15:01:02.417

Catche stack trace start time: 2026-09-19 15:01:02.436

Tid:32445, Name:xample.callaite
state=R, utime=1228, stime=59, priority=10, nice=-10, clk=100
#00 pc 0000000000d82bd8 /system/lib64/module/arkcompiler/stub.an(COStub_GrowElementsCapacityStwCopy+1160)
Tid:489, Name:OS_IPC_0_489
state=S, utime=0, stime=0, priority=0, nice=-20, clk=100
#00 pc 00000000000dc469 /system/lib/ld-musl-x86_64.so.1(ioctl+185)(74178aa6301b8bad2ac9b6d7f2361221)
#01 pc 0000000000010ca7 /system/lib64/platformsdk/libipc_common.z.so(OHOS::BinderConnector::WriteBinder(unsigned long, void*)+55)(ae9fe169bf1f8b0397c31ba1b67e0e94)
#02 pc 000000000007e34d /system/lib64/platformsdk/libipc_single.z.so(OHOS::BinderInvoker::TransactWithDriver(bool)+269)(216555c1ccaa2644568394a99c5a7547)
#03 pc 000000000007e71a /system/lib64/platformsdk/libipc_single.z.so(OHOS::BinderInvoker::StartWorkLoop()+106)(216555c1ccaa2644568394a99c5a7547)
#04 pc 0000000000080c28 /system/lib64/platformsdk/libipc_single.z.so(OHOS::BinderInvoker::JoinThread(bool)+40)(216555c1ccaa2644568394a99c5a7547)
#05 pc 00000000000769f5 /system/lib64/platformsdk/libipc_single.z.so(OHOS::IPCWorkThread::ThreadHandler(void*)+901)(216555c1ccaa2644568394a99c5a7547)
#06 pc 00000000001299e7 /system/lib/ld-musl-x86_64.so.1(74178aa6301b8bad2ac9b6d7f2361221)
#07 pc 0000000000090f8e /system/lib/ld-musl-x86_64.so.1(74178aa6301b8bad2ac9b6d7f2361221)
Tid:490, Name:OS_IPC_1_490
state=S, utime=0, stime=0, priority=0, nice=-20, clk=100
#00 pc 00000000000dc46b /system/lib/ld-musl-x86_64.so.1(ioctl+187)(74178aa6301b8bad2ac9b6d7f2361221)
#01 pc 0000000000010ca7 /system/lib64/platformsdk/libipc_common.z.so(OHOS::BinderConnector::WriteBinder(unsigned long, void*)+55)(ae9fe169bf1f8b0397c31ba1b67e0e94)
#02 pc 000000000007e34d /system/lib64/platformsdk/libipc_single.z.so(OHOS::BinderInvoker::TransactWithDriver(bool)+269)(216555c1ccaa2644568394a99c5a7547)
#03 pc 000000000007e71a /system/lib64/platformsdk/libipc_single.z.so(OHOS::BinderInvoker::StartWorkLoop()+106)(216555c1ccaa2644568394a99c5a7547)
#04 pc 0000000000080c28 /system/lib64/platformsdk/libipc_single.z.so(OHOS::BinderInvoker::JoinThread(bool)+40)(216555c1ccaa2644568394a99c5a7547)
#05 pc 00000000000769f5 /system/lib64/platformsdk/libipc_single.z.so(OHOS::IPCWorkThread::ThreadHandler(void*)+901)(216555c1ccaa2644568394a99c5a7547)
#06 pc 00000000001299e7 /system/lib/ld-musl-x86_64.so.1(74178aa6301b8bad2ac9b6d7f2361221)
#07 pc 0000000000090f8e /system/lib/ld-musl-x86_64.so.1(74178aa6301b8bad2ac9b6d7f2361221)
Tid:491, Name:OS_DfxWatchdog
state=S, utime=0, stime=0, priority=0, nice=-20, clk=100
#00 pc 0000000000125ee9 /system/lib/ld-musl-x86_64.so.1(74178aa6301b8bad2ac9b6d7f2361221)
#01 pc 0000000000127883 /system/lib/ld-musl-x86_64.so.1(pthread_cond_timedwait+195)(74178aa6301b8bad2ac9b6d7f2361221)
#02 pc 00000000000c74e7 /system/lib64/chipset-sdk-sp/libc++.so(std::__h::condition_variable::__do_timed_wait(std::__h::unique_lock<std::__h::mutex>&, std::__h::chrono::time_point<std::__h::chrono::system_clock, std::__h::chrono::duration<long long, std::__h::ratio<1l, 1000000000l>>>)+103)(ca45f3285cb13d8a615c2dcf32305914fbc391ad)
#03 pc 00000000000245a0 /system/lib64/chipset-sdk-sp/libhicollie.z.so(0d0f332b1d543f1b44cdc8747e67264a)
#04 pc 00000000000242a1 /system/lib64/chipset-sdk-sp/libhicollie.z.so(0d0f332b1d543f1b44cdc8747e67264a)
#05 pc 000000000002c17d /system/lib64/chipset-sdk-sp/libhicollie.z.so(0d0f332b1d543f1b44cdc8747e67264a)
#06 pc 00000000001299e7 /system/lib/ld-musl-x86_64.so.1(74178aa6301b8bad2ac9b6d7f2361221)
#07 pc 0000000000090f8e /system/lib/ld-musl-x86_64.so.1(74178aa6301b8bad2ac9b6d7f2361221)
Tid:501, Name:OS_FFRT_Delay
state=S, utime=0, stime=0, priority=0, nice=-20, clk=100
#00 pc 00000000000b837f /system/lib/ld-musl-x86_64.so.1(epoll_wait+31)(74178aa6301b8bad2ac9b6d7f2361221)
#01 pc 00000000000b2cda /system/lib64/ndk/libffrt.so(6014d53b82cd59820b512f223d249356)
#02 pc 00000000001299e7 /system/lib/ld-musl-x86_64.so.1(74178aa6301b8bad2ac9b6d7f2361221)
#03 pc 0000000000090f8e /system/lib/ld-musl-x86_64.so.1(74178aa6301b8bad2ac9b6d7f2361221)
Tid:529, Name:OS_FFRT_5_0
state=S, utime=0, stime=1, priority=0, nice=-20, clk=100
#00 pc 0000000000125ee9 /system/lib/ld-musl-x86_64.so.1(74178aa6301b8bad2ac9b6d7f2361221)
#01 pc 0000000000127883 /system/lib/ld-musl-x86_64.so.1(pthread_cond_timedwait+195)(74178aa6301b8bad2ac9b6d7f2361221)
#02 pc 00000000000c74e7 /system/lib64/chipset-sdk-sp/libc++.so(std::__h::condition_variable::__do_timed_wait(std::__h::unique_lock<std::__h::mutex>&, std::__h::chrono::time_point<std::__h::chrono::system_clock, std::__h::chrono::duration<long long, std::__h::ratio<1l, 1000000000l>>>)+103)(ca45f3285cb13d8a615c2dcf32305914fbc391ad)
#03 pc 000000000008bcb0 /system/lib64/ndk/libffrt.so(6014d53b82cd59820b512f223d249356)
#04 pc 00000000000760ef /system/lib64/ndk/libffrt.so(6014d53b82cd59820b512f223d249356)
#05 pc 0000000000075eaf /system/lib64/ndk/libffrt.so(6014d53b82cd59820b512f223d249356)
#06 pc 0000000000075d79 /system/lib64/ndk/libffrt.so(6014d53b82cd59820b512f223d249356)
#07 pc 00000000001299e7 /system/lib/ld-musl-x86_64.so.1(74178aa6301b8bad2ac9b6d7f2361221)
#08 pc 0000000000090f8e /system/lib/ld-musl-x86_64.so.1(74178aa6301b8bad2ac9b6d7f2361221)
Tid:530, Name:OS_IPC_2_530
state=S, utime=0, stime=0, priority=0, nice=-20, clk=100
#00 pc 00000000000dc46b /system/lib/ld-musl-x86_64.so.1(ioctl+187)(74178aa6301b8bad2ac9b6d7f2361221)
#01 pc 0000000000010ca7 /system/lib64/platformsdk/libipc_common.z.so(OHOS::BinderConnector::WriteBinder(unsigned long, void*)+55)(ae9fe169bf1f8b0397c31ba1b67e0e94)
#02 pc 000000000007e34d /system/lib64/platformsdk/libipc_single.z.so(OHOS::BinderInvoker::TransactWithDriver(bool)+269)(216555c1ccaa2644568394a99c5a7547)
#03 pc 000000000007e71a /system/lib64/platformsdk/libipc_single.z.so(OHOS::BinderInvoker::StartWorkLoop()+106)(216555c1ccaa2644568394a99c5a7547)
#04 pc 0000000000080c28 /system/lib64/platformsdk/libipc_single.z.so(OHOS::BinderInvoker::JoinThread(bool)+40)(216555c1ccaa2644568394a99c5a7547)
#05 pc 00000000000769f5 /system/lib64/platformsdk/libipc_single.z.so(OHOS::IPCWorkThread::ThreadHandler(void*)+901)(216555c1ccaa2644568394a99c5a7547)
#06 pc 00000000001299e7 /system/lib/ld-musl-x86_64.so.1(74178aa6301b8bad2ac9b6d7f2361221)
#07 pc 0000000000090f8e /system/lib/ld-musl-x86_64.so.1(74178aa6301b8bad2ac9b6d7f2361221)
Tid:531, Name:OS_IPC_3_531
state=S, utime=0, stime=0, priority=0, nice=-20, clk=100
#00 pc 00000000000dc46b /system/lib/ld-musl-x86_64.so.1(ioctl+187)(74178aa6301b8bad2ac9b6d7f2361221)
#01 pc 0000000000010ca7 /system/lib64/platformsdk/libipc_common.z.so(OHOS::BinderConnector::WriteBinder(unsigned long, void*)+55)(ae9fe169bf1f8b0397c31ba1b67e0e94)
#02 pc 000000000007e34d /system/lib64/platformsdk/libipc_single.z.so(OHOS::BinderInvoker::TransactWithDriver(bool)+269)(216555c1ccaa2644568394a99c5a7547)
#03 pc 000000000007e71a /system/lib64/platformsdk/libipc_single.z.so(OHOS::BinderInvoker::StartWorkLoop()+106)(216555c1ccaa2644568394a99c5a7547)
#04 pc 0000000000080c28 /system/lib64/platformsdk/libipc_single.z.so(OHOS::BinderInvoker::JoinThread(bool)+40)(216555c1ccaa2644568394a99c5a7547)
#05 pc 00000000000769f5 /system/lib64/platformsdk/libipc_single.z.so(OHOS::IPCWorkThread::ThreadHandler(void*)+901)(216555c1ccaa2644568394a99c5a7547)
#06 pc 00000000001299e7 /system/lib/ld-musl-x86_64.so.1(74178aa6301b8bad2ac9b6d7f2361221)
#07 pc 0000000000090f8e /system/lib/ld-musl-x86_64.so.1(74178aa6301b8bad2ac9b6d7f2361221)
Tid:543, Name:OS_FFRT_2_0
state=S, utime=0, stime=3, priority=0, nice=-20, clk=100
#00 pc 0000000000125ee9 /system/lib/ld-musl-x86_64.so.1(74178aa6301b8bad2ac9b6d7f2361221)
#01 pc 0000000000127883 /system/lib/ld-musl-x86_64.so.1(pthread_cond_timedwait+195)(74178aa6301b8bad2ac9b6d7f2361221)
#02 pc 00000000000c74e7 /system/lib64/chipset-sdk-sp/libc++.so(std::__h::condition_variable::__do_timed_wait(std::__h::unique_lock<std::__h::mutex>&, std::__h::chrono::time_point<std::__h::chrono::system_clock, std::__h::chrono::duration<long long, std::__h::ratio<1l, 1000000000l>>>)+103)(ca45f3285cb13d8a615c2dcf32305914fbc391ad)
#03 pc 000000000008bcb0 /system/lib64/ndk/libffrt.so(6014d53b82cd59820b512f223d249356)
#04 pc 00000000000760ef /system/lib64/ndk/libffrt.so(6014d53b82cd59820b512f223d249356)
#05 pc 0000000000075eaf /system/lib64/ndk/libffrt.so(6014d53b82cd59820b512f223d249356)
#06 pc 0000000000075d79 /system/lib64/ndk/libffrt.so(6014d53b82cd59820b512f223d249356)
#07 pc 00000000001299e7 /system/lib/ld-musl-x86_64.so.1(74178aa6301b8bad2ac9b6d7f2361221)
#08 pc 0000000000090f8e /system/lib/ld-musl-x86_64.so.1(74178aa6301b8bad2ac9b6d7f2361221)
Tid:544, Name:OS_GC_Thread
state=S, utime=0, stime=0, priority=0, nice=-20, clk=100
#00 pc 0000000000125ee9 /system/lib/ld-musl-x86_64.so.1(74178aa6301b8bad2ac9b6d7f2361221)
#01 pc 0000000000127883 /system/lib/ld-musl-x86_64.so.1(pthread_cond_timedwait+195)(74178aa6301b8bad2ac9b6d7f2361221)
#02 pc 00000000009cd4ca /system/lib64/platformsdk/libark_jsruntime.so(3403c0dea7c24e42adea4ee0f5dd2803)
#03 pc 00000000009cd443 /system/lib64/platformsdk/libark_jsruntime.so(3403c0dea7c24e42adea4ee0f5dd2803)
#04 pc 00000000009cd8b5 /system/lib64/platformsdk/libark_jsruntime.so(3403c0dea7c24e42adea4ee0f5dd2803)
#05 pc 00000000001299e7 /system/lib/ld-musl-x86_64.so.1(74178aa6301b8bad2ac9b6d7f2361221)
#06 pc 0000000000090f8e /system/lib/ld-musl-x86_64.so.1(74178aa6301b8bad2ac9b6d7f2361221)
Tid:560, Name:OS_GC_Thread
state=S, utime=16, stime=2, priority=0, nice=-20, clk=100
#00 pc 0000000000125ee9 /system/lib/ld-musl-x86_64.so.1(74178aa6301b8bad2ac9b6d7f2361221)
#01 pc 0000000000127883 /system/lib/ld-musl-x86_64.so.1(pthread_cond_timedwait+195)(74178aa6301b8bad2ac9b6d7f2361221)
#02 pc 00000000000c7451 /system/lib64/chipset-sdk-sp/libc++.so(std::__h::condition_variable::wait(std::__h::unique_lock<std::__h::mutex>&)+17)(ca45f3285cb13d8a615c2dcf32305914fbc391ad)
#03 pc 0000000000a298fd /system/lib64/platformsdk/libark_jsruntime.so(3403c0dea7c24e42adea4ee0f5dd2803)
#04 pc 0000000000a29475 /system/lib64/platformsdk/libark_jsruntime.so(3403c0dea7c24e42adea4ee0f5dd2803)
#05 pc 0000000000a2955a /system/lib64/platformsdk/libark_jsruntime.so(3403c0dea7c24e42adea4ee0f5dd2803)
#06 pc 00000000001299e7 /system/lib/ld-musl-x86_64.so.1(74178aa6301b8bad2ac9b6d7f2361221)
#07 pc 0000000000090f8e /system/lib/ld-musl-x86_64.so.1(74178aa6301b8bad2ac9b6d7f2361221)
Tid:564, Name:OS_GC_Thread
state=S, utime=15, stime=2, priority=0, nice=-20, clk=100
#00 pc 0000000000125ee9 /system/lib/ld-musl-x86_64.so.1(74178aa6301b8bad2ac9b6d7f2361221)
#01 pc 0000000000127883 /system/lib/ld-musl-x86_64.so.1(pthread_cond_timedwait+195)(74178aa6301b8bad2ac9b6d7f2361221)
#02 pc 00000000000c7451 /system/lib64/chipset-sdk-sp/libc++.so(std::__h::condition_variable::wait(std::__h::unique_lock<std::__h::mutex>&)+17)(ca45f3285cb13d8a615c2dcf32305914fbc391ad)
#03 pc 0000000000a298fd /system/lib64/platformsdk/libark_jsruntime.so(3403c0dea7c24e42adea4ee0f5dd2803)
#04 pc 0000000000a29475 /system/lib64/platformsdk/libark_jsruntime.so(3403c0dea7c24e42adea4ee0f5dd2803)
#05 pc 0000000000a2955a /system/lib64/platformsdk/libark_jsruntime.so(3403c0dea7c24e42adea4ee0f5dd2803)
#06 pc 00000000001299e7 /system/lib/ld-musl-x86_64.so.1(74178aa6301b8bad2ac9b6d7f2361221)
#07 pc 0000000000090f8e /system/lib/ld-musl-x86_64.so.1(74178aa6301b8bad2ac9b6d7f2361221)
Tid:573, Name:OS_GC_Thread
state=S, utime=11, stime=9, priority=0, nice=-20, clk=100
#00 pc 0000000000125ee9 /system/lib/ld-musl-x86_64.so.1(74178aa6301b8bad2ac9b6d7f2361221)
#01 pc 0000000000127883 /system/lib/ld-musl-x86_64.so.1(pthread_cond_timedwait+195)(74178aa6301b8bad2ac9b6d7f2361221)
#02 pc 00000000000c7451 /system/lib64/chipset-sdk-sp/libc++.so(std::__h::condition_variable::wait(std::__h::unique_lock<std::__h::mutex>&)+17)(ca45f3285cb13d8a615c2dcf32305914fbc391ad)
#03 pc 0000000000a298fd /system/lib64/platformsdk/libark_jsruntime.so(3403c0dea7c24e42adea4ee0f5dd2803)
#04 pc 0000000000a29475 /system/lib64/platformsdk/libark_jsruntime.so(3403c0dea7c24e42adea4ee0f5dd2803)
#05 pc 0000000000a2955a /system/lib64/platformsdk/libark_jsruntime.so(3403c0dea7c24e42adea4ee0f5dd2803)
#06 pc 00000000001299e7 /system/lib/ld-musl-x86_64.so.1(74178aa6301b8bad2ac9b6d7f2361221)
#07 pc 0000000000090f8e /system/lib/ld-musl-x86_64.so.1(74178aa6301b8bad2ac9b6d7f2361221)
Tid:578, Name:OS_FFRT_3_0
state=S, utime=4, stime=9, priority=0, nice=-20, clk=100
#00 pc 0000000000125ee9 /system/lib/ld-musl-x86_64.so.1(74178aa6301b8bad2ac9b6d7f2361221)
#01 pc 0000000000127883 /system/lib/ld-musl-x86_64.so.1(pthread_cond_timedwait+195)(74178aa6301b8bad2ac9b6d7f2361221)
#02 pc 00000000000c74e7 /system/lib64/chipset-sdk-sp/libc++.so(std::__h::condition_variable::__do_timed_wait(std::__h::unique_lock<std::__h::mutex>&, std::__h::chrono::time_point<std::__h::chrono::system_clock, std::__h::chrono::duration<long long, std::__h::ratio<1l, 1000000000l>>>)+103)(ca45f3285cb13d8a615c2dcf32305914fbc391ad)
#03 pc 000000000008bcb0 /system/lib64/ndk/libffrt.so(6014d53b82cd59820b512f223d249356)
#04 pc 00000000000760ef /system/lib64/ndk/libffrt.so(6014d53b82cd59820b512f223d249356)
#05 pc 0000000000075eaf /system/lib64/ndk/libffrt.so(6014d53b82cd59820b512f223d249356)
#06 pc 0000000000075d79 /system/lib64/ndk/libffrt.so(6014d53b82cd59820b512f223d249356)
#07 pc 00000000001299e7 /system/lib/ld-musl-x86_64.so.1(74178aa6301b8bad2ac9b6d7f2361221)
#08 pc 0000000000090f8e /system/lib/ld-musl-x86_64.so.1(74178aa6301b8bad2ac9b6d7f2361221)
Tid:579, Name:OS_hdcRegister
state=S, utime=0, stime=0, priority=0, nice=-20, clk=100
#00 pc 00000000000b837f /system/lib/ld-musl-x86_64.so.1(epoll_wait+31)(74178aa6301b8bad2ac9b6d7f2361221)
#01 pc 000000000000660f /system/lib64/platformsdk/libhdc_register.z.so(Hdc::HdcJdwpSimulator::ReadFromJdwp()+367)(4c41d0541b0381aaf6674e818696d512)
#02 pc 0000000000006ba3 /system/lib64/platformsdk/libhdc_register.z.so(Hdc::HdcJdwpSimulator::Connect()+195)(4c41d0541b0381aaf6674e818696d512)
#03 pc 00000000000052ef /system/lib64/platformsdk/libhdc_register.z.so(Hdc::HdcConnectRun(void*)+559)(4c41d0541b0381aaf6674e818696d512)
#04 pc 00000000001299e7 /system/lib/ld-musl-x86_64.so.1(74178aa6301b8bad2ac9b6d7f2361221)
#05 pc 0000000000090f8e /system/lib/ld-musl-x86_64.so.1(74178aa6301b8bad2ac9b6d7f2361221)
Tid:580, Name:OS_FFRT_0_0
state=S, utime=0, stime=0, priority=0, nice=-20, clk=100
#00 pc 0000000000125ee9 /system/lib/ld-musl-x86_64.so.1(74178aa6301b8bad2ac9b6d7f2361221)
#01 pc 0000000000127883 /system/lib/ld-musl-x86_64.so.1(pthread_cond_timedwait+195)(74178aa6301b8bad2ac9b6d7f2361221)
#02 pc 00000000000c74e7 /system/lib64/chipset-sdk-sp/libc++.so(std::__h::condition_variable::__do_timed_wait(std::__h::unique_lock<std::__h::mutex>&, std::__h::chrono::time_point<std::__h::chrono::system_clock, std::__h::chrono::duration<long long, std::__h::ratio<1l, 1000000000l>>>)+103)(ca45f3285cb13d8a615c2dcf32305914fbc391ad)
#03 pc 000000000008bcb0 /system/lib64/ndk/libffrt.so(6014d53b82cd59820b512f223d249356)
#04 pc 00000000000760ef /system/lib64/ndk/libffrt.so(6014d53b82cd59820b512f223d249356)
#05 pc 0000000000075eaf /system/lib64/ndk/libffrt.so(6014d53b82cd59820b512f223d249356)
#06 pc 0000000000075d79 /system/lib64/ndk/libffrt.so(6014d53b82cd59820b512f223d249356)
#07 pc 00000000001299e7 /system/lib/ld-musl-x86_64.so.1(74178aa6301b8bad2ac9b6d7f2361221)
#08 pc 0000000000090f8e /system/lib/ld-musl-x86_64.so.1(74178aa6301b8bad2ac9b6d7f2361221)
Tid:597, Name:sandbox_thread
state=S, utime=0, stime=0, priority=0, nice=-20, clk=100
#00 pc 0000000000125ee9 /system/lib/ld-musl-x86_64.so.1(74178aa6301b8bad2ac9b6d7f2361221)
#01 pc 0000000000127883 /system/lib/ld-musl-x86_64.so.1(pthread_cond_timedwait+195)(74178aa6301b8bad2ac9b6d7f2361221)
#02 pc 00000000000c7451 /system/lib64/chipset-sdk-sp/libc++.so(std::__h::condition_variable::wait(std::__h::unique_lock<std::__h::mutex>&)+17)(ca45f3285cb13d8a615c2dcf32305914fbc391ad)
#03 pc 00000000000086d7 /system/lib64/platformsdk/libsandboxlog.so(15f86dfff1c9aa3778b113b4e1f84fe4)
#04 pc 0000000000009363 /system/lib64/platformsdk/libsandboxlog.so(15f86dfff1c9aa3778b113b4e1f84fe4)
#05 pc 00000000001299e7 /system/lib/ld-musl-x86_64.so.1(74178aa6301b8bad2ac9b6d7f2361221)
#06 pc 0000000000090f8e /system/lib/ld-musl-x86_64.so.1(74178aa6301b8bad2ac9b6d7f2361221)
Tid:599, Name:xample.callaite
state=S, utime=0, stime=0, priority=0, nice=-20, clk=100
#00 pc 000000000013100d /system/lib/ld-musl-x86_64.so.1(nanosleep+13)(74178aa6301b8bad2ac9b6d7f2361221)
#01 pc 00000000000d9b9a /system/lib64/chipset-sdk-sp/libc++.so(std::__h::this_thread::sleep_for(std::__h::chrono::duration<long long, std::__h::ratio<1l, 1000000000l>> const&)+90)(ca45f3285cb13d8a615c2dcf32305914fbc391ad)
#02 pc 0000000000015f52 /system/lib64/platformsdk/libhistogram.z.so(bcaef44ffc0c920a27140798ab5f7654)
#03 pc 00000000001299e7 /system/lib/ld-musl-x86_64.so.1(74178aa6301b8bad2ac9b6d7f2361221)
#04 pc 0000000000090f8e /system/lib/ld-musl-x86_64.so.1(74178aa6301b8bad2ac9b6d7f2361221)
Tid:609, Name:OS_EVENT_POLL
state=S, utime=0, stime=0, priority=0, nice=-20, clk=100
#00 pc 00000000000b837f /system/lib/ld-musl-x86_64.so.1(epoll_wait+31)(74178aa6301b8bad2ac9b6d7f2361221)
#01 pc 000000000001a0fc /system/lib64/chipset-sdk-sp/libeventhandler.z.so(d20098a20e88abe540f8f998e7a8bdcc)
#02 pc 000000000001b2e6 /system/lib64/chipset-sdk-sp/libeventhandler.z.so(d20098a20e88abe540f8f998e7a8bdcc)
#03 pc 00000000001299e7 /system/lib/ld-musl-x86_64.so.1(74178aa6301b8bad2ac9b6d7f2361221)
#04 pc 0000000000090f8e /system/lib/ld-musl-x86_64.so.1(74178aa6301b8bad2ac9b6d7f2361221)
Tid:611, Name:OS_FFRT_3_2
state=S, utime=0, stime=0, priority=0, nice=-20, clk=100
#00 pc 0000000000125ee9 /system/lib/ld-musl-x86_64.so.1(74178aa6301b8bad2ac9b6d7f2361221)
#01 pc 0000000000127883 /system/lib/ld-musl-x86_64.so.1(pthread_cond_timedwait+195)(74178aa6301b8bad2ac9b6d7f2361221)
#02 pc 00000000000c74e7 /system/lib64/chipset-sdk-sp/libc++.so(std::__h::condition_variable::__do_timed_wait(std::__h::unique_lock<std::__h::mutex>&, std::__h::chrono::time_point<std::__h::chrono::system_clock, std::__h::chrono::duration<long long, std::__h::ratio<1l, 1000000000l>>>)+103)(ca45f3285cb13d8a615c2dcf32305914fbc391ad)
#03 pc 000000000008bcb0 /system/lib64/ndk/libffrt.so(6014d53b82cd59820b512f223d249356)
#04 pc 00000000000760ef /system/lib64/ndk/libffrt.so(6014d53b82cd59820b512f223d249356)
#05 pc 0000000000075eaf /system/lib64/ndk/libffrt.so(6014d53b82cd59820b512f223d249356)
#06 pc 0000000000075d79 /system/lib64/ndk/libffrt.so(6014d53b82cd59820b512f223d249356)
#07 pc 00000000001299e7 /system/lib/ld-musl-x86_64.so.1(74178aa6301b8bad2ac9b6d7f2361221)
#08 pc 0000000000090f8e /system/lib/ld-musl-x86_64.so.1(74178aa6301b8bad2ac9b6d7f2361221)
Tid:612, Name:OS_FFRT_3_1
state=S, utime=0, stime=0, priority=0, nice=-20, clk=100
#00 pc 0000000000125ee9 /system/lib/ld-musl-x86_64.so.1(74178aa6301b8bad2ac9b6d7f2361221)
#01 pc 0000000000127883 /system/lib/ld-musl-x86_64.so.1(pthread_cond_timedwait+195)(74178aa6301b8bad2ac9b6d7f2361221)
#02 pc 00000000000c74e7 /system/lib64/chipset-sdk-sp/libc++.so(std::__h::condition_variable::__do_timed_wait(std::__h::unique_lock<std::__h::mutex>&, std::__h::chrono::time_point<std::__h::chrono::system_clock, std::__h::chrono::duration<long long, std::__h::ratio<1l, 1000000000l>>>)+103)(ca45f3285cb13d8a615c2dcf32305914fbc391ad)
#03 pc 000000000008bcb0 /system/lib64/ndk/libffrt.so(6014d53b82cd59820b512f223d249356)
#04 pc 00000000000760ef /system/lib64/ndk/libffrt.so(6014d53b82cd59820b512f223d249356)
#05 pc 0000000000075eaf /system/lib64/ndk/libffrt.so(6014d53b82cd59820b512f223d249356)
#06 pc 0000000000075d79 /system/lib64/ndk/libffrt.so(6014d53b82cd59820b512f223d249356)
#07 pc 00000000001299e7 /system/lib/ld-musl-x86_64.so.1(74178aa6301b8bad2ac9b6d7f2361221)
#08 pc 0000000000090f8e /system/lib/ld-musl-x86_64.so.1(74178aa6301b8bad2ac9b6d7f2361221)
Tid:618, Name:OS_FFRT_3_3
state=S, utime=0, stime=0, priority=0, nice=-20, clk=100
#00 pc 0000000000125ee9 /system/lib/ld-musl-x86_64.so.1(74178aa6301b8bad2ac9b6d7f2361221)
#01 pc 0000000000127883 /system/lib/ld-musl-x86_64.so.1(pthread_cond_timedwait+195)(74178aa6301b8bad2ac9b6d7f2361221)
#02 pc 00000000000c74e7 /system/lib64/chipset-sdk-sp/libc++.so(std::__h::condition_variable::__do_timed_wait(std::__h::unique_lock<std::__h::mutex>&, std::__h::chrono::time_point<std::__h::chrono::system_clock, std::__h::chrono::duration<long long, std::__h::ratio<1l, 1000000000l>>>)+103)(ca45f3285cb13d8a615c2dcf32305914fbc391ad)
#03 pc 000000000008bcb0 /system/lib64/ndk/libffrt.so(6014d53b82cd59820b512f223d249356)
#04 pc 00000000000760ef /system/lib64/ndk/libffrt.so(6014d53b82cd59820b512f223d249356)
#05 pc 0000000000075eaf /system/lib64/ndk/libffrt.so(6014d53b82cd59820b512f223d249356)
#06 pc 0000000000075d79 /system/lib64/ndk/libffrt.so(6014d53b82cd59820b512f223d249356)
#07 pc 00000000001299e7 /system/lib/ld-musl-x86_64.so.1(74178aa6301b8bad2ac9b6d7f2361221)
#08 pc 0000000000090f8e /system/lib/ld-musl-x86_64.so.1(74178aa6301b8bad2ac9b6d7f2361221)
Tid:620, Name:OS_MainDisplayS
state=S, utime=0, stime=0, priority=0, nice=-20, clk=100
#00 pc 00000000000b837f /system/lib/ld-musl-x86_64.so.1(epoll_wait+31)(74178aa6301b8bad2ac9b6d7f2361221)
#01 pc 000000000001ceee /system/lib64/chipset-sdk-sp/libeventhandler.z.so(d20098a20e88abe540f8f998e7a8bdcc)
#02 pc 00000000000230bf /system/lib64/chipset-sdk-sp/libeventhandler.z.so(OHOS::AppExecFwk::EventQueue::WaitUntilLocked(std::__h::chrono::time_point<std::__h::chrono::steady_clock, std::__h::chrono::duration<long long, std::__h::ratio<1l, 1000000000l>>> const&, OHOS::AppExecFwk::UniqueLockBase&, bool)+79)(d20098a20e88abe540f8f998e7a8bdcc)
#03 pc 00000000000282df /system/lib64/chipset-sdk-sp/libeventhandler.z.so(OHOS::AppExecFwk::EventQueueBase::GetEvent()+207)(d20098a20e88abe540f8f998e7a8bdcc)
#04 pc 0000000000033985 /system/lib64/chipset-sdk-sp/libeventhandler.z.so(d20098a20e88abe540f8f998e7a8bdcc)
#05 pc 0000000000030352 /system/lib64/chipset-sdk-sp/libeventhandler.z.so(d20098a20e88abe540f8f998e7a8bdcc)
#06 pc 00000000000357c3 /system/lib64/chipset-sdk-sp/libeventhandler.z.so(d20098a20e88abe540f8f998e7a8bdcc)
#07 pc 00000000001299e7 /system/lib/ld-musl-x86_64.so.1(74178aa6301b8bad2ac9b6d7f2361221)
#08 pc 0000000000090f8e /system/lib/ld-musl-x86_64.so.1(74178aa6301b8bad2ac9b6d7f2361221)
Tid:643, Name:OS_IPC_4_643
state=S, utime=0, stime=0, priority=0, nice=-20, clk=100
#00 pc 00000000000dc46b /system/lib/ld-musl-x86_64.so.1(ioctl+187)(74178aa6301b8bad2ac9b6d7f2361221)
#01 pc 0000000000010ca7 /system/lib64/platformsdk/libipc_common.z.so(OHOS::BinderConnector::WriteBinder(unsigned long, void*)+55)(ae9fe169bf1f8b0397c31ba1b67e0e94)
#02 pc 000000000007e34d /system/lib64/platformsdk/libipc_single.z.so(OHOS::BinderInvoker::TransactWithDriver(bool)+269)(216555c1ccaa2644568394a99c5a7547)
#03 pc 000000000007e71a /system/lib64/platformsdk/libipc_single.z.so(OHOS::BinderInvoker::StartWorkLoop()+106)(216555c1ccaa2644568394a99c5a7547)
#04 pc 0000000000080c28 /system/lib64/platformsdk/libipc_single.z.so(OHOS::BinderInvoker::JoinThread(bool)+40)(216555c1ccaa2644568394a99c5a7547)
#05 pc 00000000000769f5 /system/lib64/platformsdk/libipc_single.z.so(OHOS::IPCWorkThread::ThreadHandler(void*)+901)(216555c1ccaa2644568394a99c5a7547)
#06 pc 00000000001299e7 /system/lib/ld-musl-x86_64.so.1(74178aa6301b8bad2ac9b6d7f2361221)
#07 pc 0000000000090f8e /system/lib/ld-musl-x86_64.so.1(74178aa6301b8bad2ac9b6d7f2361221)
Tid:644, Name:ace.bg.1
state=S, utime=0, stime=0, priority=0, nice=-20, clk=100
#00 pc 0000000000125ee9 /system/lib/ld-musl-x86_64.so.1(74178aa6301b8bad2ac9b6d7f2361221)
#01 pc 0000000000127883 /system/lib/ld-musl-x86_64.so.1(pthread_cond_timedwait+195)(74178aa6301b8bad2ac9b6d7f2361221)
#02 pc 00000000000c7451 /system/lib64/chipset-sdk-sp/libc++.so(std::__h::condition_variable::wait(std::__h::unique_lock<std::__h::mutex>&)+17)(ca45f3285cb13d8a615c2dcf32305914fbc391ad)
#03 pc 000000000148ac32 /system/lib64/platformsdk/libace_compatible.z.so(cb476043f6fb29150d891bc788a45885)
#04 pc 000000000148afa2 /system/lib64/platformsdk/libace_compatible.z.so(cb476043f6fb29150d891bc788a45885)
#05 pc 00000000001299e7 /system/lib/ld-musl-x86_64.so.1(74178aa6301b8bad2ac9b6d7f2361221)
#06 pc 0000000000090f8e /system/lib/ld-musl-x86_64.so.1(74178aa6301b8bad2ac9b6d7f2361221)
Tid:645, Name:ace.bg.2
state=S, utime=0, stime=0, priority=0, nice=-20, clk=100
#00 pc 0000000000125ee9 /system/lib/ld-musl-x86_64.so.1(74178aa6301b8bad2ac9b6d7f2361221)
#01 pc 0000000000127883 /system/lib/ld-musl-x86_64.so.1(pthread_cond_timedwait+195)(74178aa6301b8bad2ac9b6d7f2361221)
#02 pc 00000000000c7451 /system/lib64/chipset-sdk-sp/libc++.so(std::__h::condition_variable::wait(std::__h::unique_lock<std::__h::mutex>&)+17)(ca45f3285cb13d8a615c2dcf32305914fbc391ad)
#03 pc 000000000148ac32 /system/lib64/platformsdk/libace_compatible.z.so(cb476043f6fb29150d891bc788a45885)
#04 pc 000000000148afa2 /system/lib64/platformsdk/libace_compatible.z.so(cb476043f6fb29150d891bc788a45885)
#05 pc 00000000001299e7 /system/lib/ld-musl-x86_64.so.1(74178aa6301b8bad2ac9b6d7f2361221)
#06 pc 0000000000090f8e /system/lib/ld-musl-x86_64.so.1(74178aa6301b8bad2ac9b6d7f2361221)
Tid:646, Name:ace.bg.3
state=S, utime=0, stime=0, priority=0, nice=-20, clk=100
#00 pc 0000000000125ee9 /system/lib/ld-musl-x86_64.so.1(74178aa6301b8bad2ac9b6d7f2361221)
#01 pc 0000000000127883 /system/lib/ld-musl-x86_64.so.1(pthread_cond_timedwait+195)(74178aa6301b8bad2ac9b6d7f2361221)
#02 pc 00000000000c7451 /system/lib64/chipset-sdk-sp/libc++.so(std::__h::condition_variable::wait(std::__h::unique_lock<std::__h::mutex>&)+17)(ca45f3285cb13d8a615c2dcf32305914fbc391ad)
#03 pc 000000000148ac32 /system/lib64/platformsdk/libace_compatible.z.so(cb476043f6fb29150d891bc788a45885)
#04 pc 000000000148afa2 /system/lib64/platformsdk/libace_compatible.z.so(cb476043f6fb29150d891bc788a45885)
#05 pc 00000000001299e7 /system/lib/ld-musl-x86_64.so.1(74178aa6301b8bad2ac9b6d7f2361221)
#06 pc 0000000000090f8e /system/lib/ld-musl-x86_64.so.1(74178aa6301b8bad2ac9b6d7f2361221)
Tid:652, Name:ace.bg.4
state=S, utime=0, stime=0, priority=0, nice=-20, clk=100
#00 pc 0000000000125ee9 /system/lib/ld-musl-x86_64.so.1(74178aa6301b8bad2ac9b6d7f2361221)
#01 pc 0000000000127883 /system/lib/ld-musl-x86_64.so.1(pthread_cond_timedwait+195)(74178aa6301b8bad2ac9b6d7f2361221)
#02 pc 00000000000c7451 /system/lib64/chipset-sdk-sp/libc++.so(std::__h::condition_variable::wait(std::__h::unique_lock<std::__h::mutex>&)+17)(ca45f3285cb13d8a615c2dcf32305914fbc391ad)
#03 pc 000000000148ac32 /system/lib64/platformsdk/libace_compatible.z.so(cb476043f6fb29150d891bc788a45885)
#04 pc 000000000148afa2 /system/lib64/platformsdk/libace_compatible.z.so(cb476043f6fb29150d891bc788a45885)
#05 pc 00000000001299e7 /system/lib/ld-musl-x86_64.so.1(74178aa6301b8bad2ac9b6d7f2361221)
#06 pc 0000000000090f8e /system/lib/ld-musl-x86_64.so.1(74178aa6301b8bad2ac9b6d7f2361221)
Tid:653, Name:ace.bg.5
state=S, utime=0, stime=0, priority=0, nice=-20, clk=100
#00 pc 0000000000125ee9 /system/lib/ld-musl-x86_64.so.1(74178aa6301b8bad2ac9b6d7f2361221)
#01 pc 0000000000127883 /system/lib/ld-musl-x86_64.so.1(pthread_cond_timedwait+195)(74178aa6301b8bad2ac9b6d7f2361221)
#02 pc 00000000000c7451 /system/lib64/chipset-sdk-sp/libc++.so(std::__h::condition_variable::wait(std::__h::unique_lock<std::__h::mutex>&)+17)(ca45f3285cb13d8a615c2dcf32305914fbc391ad)
#03 pc 000000000148ac32 /system/lib64/platformsdk/libace_compatible.z.so(cb476043f6fb29150d891bc788a45885)
#04 pc 000000000148afa2 /system/lib64/platformsdk/libace_compatible.z.so(cb476043f6fb29150d891bc788a45885)
#05 pc 00000000001299e7 /system/lib/ld-musl-x86_64.so.1(74178aa6301b8bad2ac9b6d7f2361221)
#06 pc 0000000000090f8e /system/lib/ld-musl-x86_64.so.1(74178aa6301b8bad2ac9b6d7f2361221)
Tid:654, Name:ace.bg.6
state=S, utime=0, stime=0, priority=0, nice=-20, clk=100
#00 pc 0000000000125ee9 /system/lib/ld-musl-x86_64.so.1(74178aa6301b8bad2ac9b6d7f2361221)
#01 pc 0000000000127883 /system/lib/ld-musl-x86_64.so.1(pthread_cond_timedwait+195)(74178aa6301b8bad2ac9b6d7f2361221)
#02 pc 00000000000c7451 /system/lib64/chipset-sdk-sp/libc++.so(std::__h::condition_variable::wait(std::__h::unique_lock<std::__h::mutex>&)+17)(ca45f3285cb13d8a615c2dcf32305914fbc391ad)
#03 pc 000000000148ac32 /system/lib64/platformsdk/libace_compatible.z.so(cb476043f6fb29150d891bc788a45885)
#04 pc 000000000148afa2 /system/lib64/platformsdk/libace_compatible.z.so(cb476043f6fb29150d891bc788a45885)
#05 pc 00000000001299e7 /system/lib/ld-musl-x86_64.so.1(74178aa6301b8bad2ac9b6d7f2361221)
#06 pc 0000000000090f8e /system/lib/ld-musl-x86_64.so.1(74178aa6301b8bad2ac9b6d7f2361221)
Tid:655, Name:ace.bg.7
state=S, utime=0, stime=0, priority=0, nice=-20, clk=100
#00 pc 0000000000125ee9 /system/lib/ld-musl-x86_64.so.1(74178aa6301b8bad2ac9b6d7f2361221)
#01 pc 0000000000127883 /system/lib/ld-musl-x86_64.so.1(pthread_cond_timedwait+195)(74178aa6301b8bad2ac9b6d7f2361221)
#02 pc 00000000000c7451 /system/lib64/chipset-sdk-sp/libc++.so(std::__h::condition_variable::wait(std::__h::unique_lock<std::__h::mutex>&)+17)(ca45f3285cb13d8a615c2dcf32305914fbc391ad)
#03 pc 000000000148ac32 /system/lib64/platformsdk/libace_compatible.z.so(cb476043f6fb29150d891bc788a45885)
#04 pc 000000000148afa2 /system/lib64/platformsdk/libace_compatible.z.so(cb476043f6fb29150d891bc788a45885)
#05 pc 00000000001299e7 /system/lib/ld-musl-x86_64.so.1(74178aa6301b8bad2ac9b6d7f2361221)
#06 pc 0000000000090f8e /system/lib/ld-musl-x86_64.so.1(74178aa6301b8bad2ac9b6d7f2361221)
Tid:659, Name:ace.bg.8
state=S, utime=0, stime=0, priority=0, nice=-20, clk=100
#00 pc 0000000000125ee9 /system/lib/ld-musl-x86_64.so.1(74178aa6301b8bad2ac9b6d7f2361221)
#01 pc 0000000000127883 /system/lib/ld-musl-x86_64.so.1(pthread_cond_timedwait+195)(74178aa6301b8bad2ac9b6d7f2361221)
#02 pc 00000000000c7451 /system/lib64/chipset-sdk-sp/libc++.so(std::__h::condition_variable::wait(std::__h::unique_lock<std::__h::mutex>&)+17)(ca45f3285cb13d8a615c2dcf32305914fbc391ad)
#03 pc 000000000148ac32 /system/lib64/platformsdk/libace_compatible.z.so(cb476043f6fb29150d891bc788a45885)
#04 pc 000000000148afa2 /system/lib64/platformsdk/libace_compatible.z.so(cb476043f6fb29150d891bc788a45885)
#05 pc 00000000001299e7 /system/lib/ld-musl-x86_64.so.1(74178aa6301b8bad2ac9b6d7f2361221)
#06 pc 0000000000090f8e /system/lib/ld-musl-x86_64.so.1(74178aa6301b8bad2ac9b6d7f2361221)
Tid:660, Name:OS_FFRT_5_1
state=S, utime=0, stime=0, priority=0, nice=-20, clk=100
#00 pc 0000000000125ee9 /system/lib/ld-musl-x86_64.so.1(74178aa6301b8bad2ac9b6d7f2361221)
#01 pc 0000000000127883 /system/lib/ld-musl-x86_64.so.1(pthread_cond_timedwait+195)(74178aa6301b8bad2ac9b6d7f2361221)
#02 pc 00000000000c74e7 /system/lib64/chipset-sdk-sp/libc++.so(std::__h::condition_variable::__do_timed_wait(std::__h::unique_lock<std::__h::mutex>&, std::__h::chrono::time_point<std::__h::chrono::system_clock, std::__h::chrono::duration<long long, std::__h::ratio<1l, 1000000000l>>>)+103)(ca45f3285cb13d8a615c2dcf32305914fbc391ad)
#03 pc 000000000008bcb0 /system/lib64/ndk/libffrt.so(6014d53b82cd59820b512f223d249356)
#04 pc 00000000000760ef /system/lib64/ndk/libffrt.so(6014d53b82cd59820b512f223d249356)
#05 pc 0000000000075eaf /system/lib64/ndk/libffrt.so(6014d53b82cd59820b512f223d249356)
#06 pc 0000000000075d79 /system/lib64/ndk/libffrt.so(6014d53b82cd59820b512f223d249356)
#07 pc 00000000001299e7 /system/lib/ld-musl-x86_64.so.1(74178aa6301b8bad2ac9b6d7f2361221)
#08 pc 0000000000090f8e /system/lib/ld-musl-x86_64.so.1(74178aa6301b8bad2ac9b6d7f2361221)

Catche stack trace end time: 2026-09-19 15:01:02.536

Dump main thread stack start time: 2026-09-19 15:01:02.417
Tid:32445, Name:xample.callaite
state=R, utime=1226, stime=58, priority=10, nice=-10, clk=100
#00 pc 000000000108aefa /system/lib64/module/arkcompiler/stub.an(BCStub_HandleLdobjbynameImm16Id16StwCopy+9130)
#01 pc 00000000000aad87 [anon:ArkTS Heapshared old space]

Dump main thread stack end time: 2026-09-19 15:01:02.434

PeerBinder pids is empty


---------------------------------------------------
FfrtCatcher -- start time: 2026/09/19-15:01:02:551

FfrtCatcher --

ffrt fump pid=32445:

-------------------------------[ability]-------------------------------


----------------------------------ApplicationManagerService----------------------------------
|-> Launcher proc ffrt, now:2026-09-19 15:01:02.565683 pid:32445
    |-> key status
no key status info
    |-> worker count
        qos 0: worker num:1 tid:580
        qos 2: worker num:1 tid:543
        qos 3: worker num:4 tid:618, 612, 611, 578
        qos 5: worker num:2 tid:660, 529
    |-> worker status
        qos 0: worker tid 580 is running nothing
        qos 2: worker tid 543 is running nothing
        qos 3: worker tid 618 is running nothing
        qos 3: worker tid 612 is running nothing
        qos 3: worker tid 611 is running nothing
        qos 3: worker tid 578 is running nothing
        qos 5: worker tid 660 is running nothing
        qos 5: worker tid 529 is running nothing
<<<=== Timeout Task Info ===>>>
Timeout info EmptyQueue Timeout info Empty<<<=== Queue Traffic Record ===>>>
Queue Traffic Record Empty

FfrtCatcher -- end time: 2026/09/19-15:01:02:570
---------------------------------------------------

---------------------------------------------------
catcher cmd: hilog -z 1000 -P start time: 2026/09/19-15:01:02:570

catcher cmd: hilog -z 1000 -P 
09-19 15:00:49.375 32445 32445 I C02c11/APPSPAWN: AppSpawnChild id 59 flags:0xc
09-19 15:00:49.375 32445 32445 I C02d33/HitraceOption: FilterAppTrace com.example.callaite 32445
09-19 15:00:49.376 32445 32445 W C02c11/APPSPAWN: errno:2 bind mount /system/app/ArkWebCoreLegacy to /mnt/sandbox/100/com.example.callaite/system/app/ArkWebCoreLegacy
09-19 15:00:49.376 32445 32445 W C02c11/APPSPAWN: errno:2 bind mount /vendor/etc/hiai to /mnt/sandbox/100/com.example.callaite/vendor/etc/hiai
09-19 15:00:49.376 32445 32445 W C02c11/APPSPAWN: errno:2 bind mount /data/data/hiai to /mnt/sandbox/100/com.example.callaite/data/data/hiai
09-19 15:00:49.377 32445 32445 W C02c11/APPSPAWN: errno:2 bind mount /data/service/el1/public/themes/100/a/app to /mnt/sandbox/100/com.example.callaite/data/themes/a/app
09-19 15:00:49.377 32445 32445 W C02c11/APPSPAWN: errno:2 bind mount /data/service/el1/public/themes/100/b/app to /mnt/sandbox/100/com.example.callaite/data/themes/b/app
09-19 15:00:49.377 32445 32445 W C02c11/APPSPAWN: errno:2 bind mount /chip_prod/lib64/passthrough to /mnt/sandbox/100/com.example.callaite/chip_prod/lib64/passthrough
09-19 15:00:49.377 32445 32445 W C02c11/APPSPAWN: errno:2 bind mount /data/app/el1/bundle/public/com.huawei.hmos.arkwebcorelegacy to /mnt/sandbox/100/com.example.callaite/data/storage/el1/bundle/arkwebcorelegacy
09-19 15:00:49.377 32445 32445 W C02c11/APPSPAWN: check dir /data/app/el1/bundle/public/com.huawei.hmos.arkwebcorelegacy failed,strerror:No such file or directory
09-19 15:00:49.377 32445 32445 W C02c11/APPSPAWN: check dir /data/app/el1/public/aot_compiler/ark_cache/com.example.callaite failed,strerror:No such file or directory
09-19 15:00:49.393 32445 32445 W C02c11/APPSPAWN: mount /mnt/sandbox/100/com.example.callaite/mnt/storage/external time 14999 us
09-19 15:00:49.398 32445 32445 W C02c11/APPSPAWN: mount /mnt/sandbox/100/com.example.callaite/mnt/storage/userExternal time 6000 us
09-19 15:00:49.404 32445 32445 W C02c11/APPSPAWN: errno:2 bind mount /data/preload/app to /mnt/sandbox/100/com.example.callaite/data/preload/app
09-19 15:00:49.410 32445 32445 W C02c11/APPSPAWN: mount /mnt/sandbox/100/com.example.callaite/mnt/storage/ANCO_APP_DATA time 7000 us
09-19 15:00:49.411 32445 32445 E C02c11/APPSPAWN: [sandbox_dec.c:247]Open dec file failed errno 2
09-19 15:00:49.411 32445 32445 I C05a03/Selinux: Hap setcon finish, context for com.example.callaite is relabeled to o:r:debug_hap:s0:x95,x334,x512,x868,x1024
09-19 15:00:49.413 32445   489 W C057c1/IPCWorkThread: ThreadHandler: proto:0 policy:1 name:OS_IPC_0_489 invoker:3886496
09-19 15:00:49.413 32445 32445 I C05a05/SecCompEnhanceClient: [RegisterCheckCallback]Register secComp: sessionId=938296418, seqNum=******725.
09-19 15:00:49.413 32445   490 W C057c1/IPCWorkThread: ThreadHandler: proto:0 policy:0 name:OS_IPC_1_490 invoker:3885344
09-19 15:00:49.415 32445 32445 I C02d0b/HICHECKER: hichecker param is empty.
09-19 15:00:49.415 32445 32445 I C04500/webview: CalculateActiveWebEngineVersion: CalculateActiveWebEngineVersion, enforce 3
09-19 15:00:49.415 32445 32445 I C01317/AppKit: [MTHRD3495]mainthread start, pid:32445
09-19 15:00:49.415 32445 32445 I C01317/AppKit: [MTHRD3294]is not in rescue mode
09-19 15:00:49.415 32445 32445 I C01317/AppKit: [MTHRD3321]is not in rescue mode
09-19 15:00:49.420 32445 32445 I C01317/AppKit: [MTHRD442]attach
09-19 15:00:49.435 32445   489 I C01317/AppKit: [MTHRD922]ScheduleLaunchAbility called,ability EntryAbility,1
09-19 15:00:49.435 32445   530 W C057c1/IPCWorkThread: ThreadHandler: proto:0 policy:0 name:OS_IPC_2_530 invoker:3887056
09-19 15:00:49.446 32445 32445 I C01317/AppKit: [MTHRD267]NativeLibPath empty
09-19 15:00:49.447 32445   531 W C057c1/IPCWorkThread: ThreadHandler: proto:0 policy:0 name:OS_IPC_3_531 invoker:3887648
09-19 15:00:49.448 32445 32445 I C01317/AppKit: [MTHRD1990]SmartGC:0 version:1000000
09-19 15:00:49.458 32445 32445 I C03f00/ArkCompiler: [ecmascript] asmint: 1, aot: 0, jit: 1, baseline jit: 0, bundle name: com.example.callaite, arkTSMode: dynamic
09-19 15:00:49.469 32445 32445 I C03f00/ArkCompiler: [ecmascript] multi-thread check enabled: 0
09-19 15:00:49.469 32445 32445 I C03f00/ArkCompiler: [pgo] reset pgo profiler, pgo profiler is disabled
09-19 15:00:49.469 32445 32445 I C03301/LIBUV: clean up handles in loop(6176)
09-19 15:00:49.469 32445 32445 I C03301/LIBUV: loop:(6176) closed in 0s
09-19 15:00:49.470 32445 32445 I C03301/LIBUV: close:6176, async_io_wfd:14
09-19 15:00:49.470 32445 32445 I C03301/LIBUV: close:6176, backend_fd:8
09-19 15:00:49.470 32445 32445 I C03301/LIBUV: init:6448
09-19 15:00:49.470 32445 32445 I C03301/LIBUV: init:6448, backend_fd:8
09-19 15:00:49.470 32445 32445 I C03301/LIBUV: open:6448, pipefd[0]:21
09-19 15:00:49.470 32445   544 E C01707/CONCUR: [Interface] task 544 apply qos failed, errno = 4
09-19 15:00:49.471 32445 32445 I C03f00/ArkCompiler: [ecmascript] can not find aot file
09-19 15:00:49.472 32445 32445 I C03f00/ArkCompiler: StartServer, componentName = <private>
09-19 15:00:49.472 32445 32445 W C01321/JsRuntime: [CSM161]disCon
09-19 15:00:49.472 32445 32445 I C03f00/ArkCompiler: [ecmascript] JSNApi::NotifyDebugMode, tid = 32445, debugApp = 1, isDebugMode = 0, instanceId = 0
09-19 15:00:49.474 32445 32445 I C03f00/ArkCompiler: [compiler] __jit_debug_register_code() is called.
09-19 15:00:49.474 32445 32445 I C03f00/ArkCompiler: [compiler] success to register stub.an to debugger.
09-19 15:00:49.474 32445   543 I C01317/AppKit: [DRH689]File existed. dir: /data/storage/el2/base/cache/rawheap
09-19 15:00:49.474 32445   543 I C01317/AppKit: [DRH667]success to create /data/storage/el2/base/cache/rawheap
09-19 15:00:49.476 32445   579 I C02c03/PARAM_WATCHER: Add watcher keyPrefix persist.hdc.jdwp remoteWatcherId 108 success
09-19 15:00:49.478 32445 32445 W C01e00/ResourceManager: update userId, currentUserId_= 0, userId= 100
09-19 15:00:49.478 32445 32445 E C01e00/ResourceManager: LoadThemesRes failed, userId = 100, bundleName = com.example.callaite
09-19 15:00:49.478 32445 32445 W C01e00/ResourceManager: theme resources will clean, id 100
09-19 15:00:49.482 32445   529 W C01653/NativePreferences: LoadFromDisk: The settingXml /***/el1/***/i18*** load failed.
09-19 15:00:49.485 32445 32445 E C01301/CompatiblePolicyDeviceType: [calculateResourceType:81]deviceType is empty.
09-19 15:00:49.485 32445 32445 W C01301/Ability: [resource_config_helper.cpp193]invalid source:
09-19 15:00:49.485 32445 32445 W C01301/Ability: [resource_config_helper.cpp193]invalid source:
09-19 15:00:49.485 32445 32445 I C01317/AppKit: [application_cleaner.cpp94]ClearTempData
09-19 15:00:49.490 32445 32445 I C01317/AppKit: [MTHRD2947]NtfyAppPreAbiCreate
09-19 15:00:49.508 32445 32445 I C01317/AppKit: [JAS211]LoadModule
09-19 15:00:49.508 32445 32445 W C01317/AppKit: [JAS1032]null stage
09-19 15:00:49.508 32445 32445 W C01317/AppKit: [JAS254]Not found AbilityStage.js
09-19 15:00:49.508 32445 32445 I C01317/AppKit: [OH_APP432]OnAboutToCreateAbility
09-19 15:00:49.508 32445 32445 W C01317/AppKit: [JAS349]Not found AbilityStage.js
09-19 15:00:49.508 32445 32445 I C01332/UIAbility: [ui_ability.cpp131]instanceId: 71f4-68f2-b425-47e3-ab0b2487fd717f39
09-19 15:00:49.510 32445   564 I C03f00/ArkCompiler: [pgo] will save profiler to file /data/storage/ark-profile/rt_entry.ap
09-19 15:00:49.510 32445 32445 I C03f00/ArkCompiler: [ecmascript] start to execute module buffer with secure memory: /data/storage/el1/bundle/entry/ets/entryability/EntryAbility.abc
09-19 15:00:49.511 32445 32445 E C03f00/ArkCompiler: [common] Can not open xpm proc file, do not check secure memory anymore.
09-19 15:00:49.516 32445 32445 E C01707/CONCUR: [Interface] task 564 apply qos failed, errno = 4
09-19 15:00:49.518 32445 32445 E C01707/CONCUR: [Interface] task 560 apply qos failed, errno = 4
09-19 15:00:49.520 32445 32445 E C01707/CONCUR: [Interface] task 573 apply qos failed, errno = 4
09-19 15:00:49.528 32445 32445 E C01707/CONCUR: [Interface] task 564 apply qos failed, errno = 4
09-19 15:00:49.531 32445 32445 E C01707/CONCUR: [Interface] task 560 apply qos failed, errno = 4
09-19 15:00:49.534 32445 32445 E C01707/CONCUR: [Interface] task 573 apply qos failed, errno = 4
09-19 15:00:49.558 32445 32445 W C03f04/MMG: [NMM:1439] First: failed do_dlsym failed: Symbol not found: NAPI_file_fs_GetABCCode, version: null so=/system/lib64/module/file/libfs.z.so.Second: failed /system/lib64/module/hms/core/libiap_napi.z.so not exist.load /system/etc/abc/core/iap.abc failed
09-19 15:00:49.558 32445 32445 E C03f00/ArkCompiler: [ecmascript] export objects of native so is undefined, so name is @hms:core.iap
09-19 15:00:49.570 32445 32445 I C04309/CLOUD_FILE_SYNC: CloudSyncExport:Class MultiDownloadProgress for module cloudSyncDownload has been exported
09-19 15:00:49.571 32445 32445 I C04309/CLOUD_FILE_SYNC: CloudSyncExport:Class CloudFileCache for module cloudSyncDownload has been exported
09-19 15:00:49.571 32445 32445 I C04309/CLOUD_FILE_SYNC: CloudSyncExport:Class Download for module cloudSyncDownload has been exported
09-19 15:00:49.571 32445 32445 I C04309/CLOUD_FILE_SYNC: CloudSyncExport:Class GallerySync for module cloudSyncDownload has been exported
09-19 15:00:49.571 32445 32445 I C04309/CLOUD_FILE_SYNC: CloudSyncExport:Class FileSync for module cloudSyncDownload has been exported
09-19 15:00:49.571 32445 32445 I C04309/CLOUD_FILE_SYNC: CloudSyncExport:Class FileVersion for module cloudSyncDownload has been exported
09-19 15:00:49.580 32445 32445 I C01324/JsNapi: [js_error_manager.cpp1837]called
09-19 15:00:49.582 32445 32445 I C01320/JsEnv: [JSENV300]timing: 72
09-19 15:00:49.583 32445 32445 I C01320/JSENV: Callee constructor is OK string
09-19 15:00:49.583 32445 32445 I C01320/JSENV: Ability::constructor callee is object [object Object]
09-19 15:00:49.584 32445 32445 I C03f00/ArkCompiler: [ecmascript] start to execute ark buffer with secure memory use file: /data/storage/el1/bundle/entry/ets/modules.abc, entrypoint: @normalized:N&&&entry/build/generated/r/ResourceTable&
09-19 15:00:49.585 32445 32445 I C01332/UIAbility: [ui_ability_thread.cpp204]Lifecycle:Attach
09-19 15:00:49.589 32445 32445 I C01317/AppKit: [MTHRD3123]called
09-19 15:00:49.589 32445 32445 I C03f00/ArkCompiler: [gc] app is not inBackground
09-19 15:00:49.593 32445 32445 E C01707/CONCUR: [Interface] task 564 apply qos failed, errno = 4
09-19 15:00:49.597 32445 32445 E C01707/CONCUR: [Interface] task 560 apply qos failed, errno = 4
09-19 15:00:49.601 32445 32445 E C01707/CONCUR: [Interface] task 573 apply qos failed, errno = 4
09-19 15:00:49.606 32445   531 I C01332/UIAbility: [ui_ability_thread.cpp352]name:EntryAbility,targeState:5,isNewWant:0
09-19 15:00:49.606 32445 32445 I C01332/UIAbility: [ui_ability_thread.cpp271]Lifecycle:name EntryAbility
09-19 15:00:49.611 32445 32445 I C04201/DMS: AddDisplayIdFromAms: abilityToken and display[0] has been added.
09-19 15:00:49.616 32445 32445 I C01332/UIAbility: [JUA2177]JsUIAbility call js, name: onCreate
09-19 15:00:49.616 32445 32445 I A00001/EntryAbility: Ability onCreate
09-19 15:00:49.621 32445 32445 E C01356/Recovery: [app_recovery_api.cpp124]invalid restartFlag: 7
09-19 15:00:49.621 32445 32445 I A00001/ErrorRecovery: App recovery enabled
09-19 15:00:49.625 32445 32445 I C01317/AppKit: [OH_APP1240]current 2, pre 0
09-19 15:00:49.625 32445 32445 W C01317/AppKit: [OH_APP1269]fontSize empty
09-19 15:00:49.625 32445 32445 I C01317/AppKit: [OH_APP1300]current 2, pre 0
09-19 15:00:49.625 32445 32445 W C01317/AppKit: [OH_APP1304]language empty
09-19 15:00:49.625 32445 32445 W C01317/AppKit: [OH_APP1323]language and locale empty
09-19 15:00:49.625 32445 32445 I C01317/AppKit: [OH_APP298]configuration_: {"0#const.build.characteristics":"phone","0#input.pointer.device":"true","0#ohos.app.fontSizeScale":"nonFollowSystem","0#ohos.application.densitydpi":"xxxldpi","0#ohos.application.direction":"vertical","0#ohos.application.displayid":"0","0#ohos.system.colorMode":"light","0#ohos.system.colorMode.isSetByApp":"isSetByApp","0#ohos.system.fontSizeScale":"1.0","0#ohos.system.fontWeightScale":"1.0","0#ohos.system.hour":"false","0#ohos.system.language":"zh-Hans","0#ohos.system.locale":"zh-Hans"}, config: {"0#ohos.system.colorMode":"light","0#ohos.system.colorMode.isSetByApp":"isSetByApp"}
09-19 15:00:49.626 32445 32445 E C04217/WMSAttribute: UpdateConfigurationSyncForAll: root is null
09-19 15:00:49.626 32445 32445 I C01332/UIAbility: [JUA2177]JsUIAbility call js, name: onConfigurationUpdated
09-19 15:00:49.626 32445 32445 I C01332/UIAbility: [JUA2222]end, name: onConfigurationUpdated, time: 0
09-19 15:00:49.626 32445 32445 I C01332/UIAbility: [JUA2177]JsUIAbility call js, name: onConfigurationUpdate
09-19 15:00:49.626 32445 32445 I C01332/UIAbility: [JUA2222]end, name: onConfigurationUpdate, time: 0
09-19 15:00:49.629 32445 32445 W C01317/AppKit: [JAS919]Not found AbilityStage.js
09-19 15:00:49.629 32445 32445 W C01317/AppKit: [JAS919]Not found AbilityStage.js
09-19 15:00:49.629 32445 32445 I C01317/AppKit: [OH_APP322]ignoreWindowContext size 0
09-19 15:00:49.629 32445 32445 E C04217/WMSAttribute: UpdateConfigurationForAll: root is null
09-19 15:00:49.629 32445 32445 I C01332/UIAbility: [JUA2222]end, name: onCreate, time: 13
09-19 15:00:49.629 32445 32445 E C01332/UIAbility: [ui_ability_impl.cpp364]hasSaveData_: false
09-19 15:00:49.630 32445 32445 W C01332/UIAbility: [JUA1352]formatRegex: []
09-19 15:00:49.630 32445 32445 I C04202/WMSMain: Init: [requestId: 10][scbRequestId: 0]WindowScene with window session!
09-19 15:00:49.630 32445 32445 I C04202/WMSMain: Init: set isModuleAbilityHookEnd
09-19 15:00:49.631 32445 32445 I C0420a/WMSLife: WindowSessionImpl: nodeId: 139350213918721
09-19 15:00:49.631 32445 32445 I C01406/OHOS::RS: RSLogManager init log flag: 0x0(0)
09-19 15:00:49.633 32445 32445 I C01406/OHOS::RS: RSRenderServiceConnectHub call CreateConnection, needRefresh:[0]
09-19 15:00:49.634 32445 32445 I C01406/OHOS::RS: RSFrameRateLinker::Create id: 139350213918720
09-19 15:00:49.634 32445 32445 I C04202/WMSMain: VsyncStation: id 139350213918721 created
09-19 15:00:49.634 32445 32445 I C04200/WindowSceneSessionImpl: WindowSceneSessionImpl: [WMSCom] Constructor callaite0
09-19 15:00:49.634 32445 32445 E C04200/WMS: SetWindowType: permission denied!
09-19 15:00:49.634 32445 32445 I C0420a/WMSLife: Create: Window Create name:callaite0, state:0, mode:0
09-19 15:00:49.635 32445 32445 I C0420a/WMSLife: Create: SetIsAbilityHookOff 0
09-19 15:00:49.635 32445 32445 W C0420a/WMSLife: IsWindowSessionInvalid: id: 0 state_: 0
09-19 15:00:49.635 32445 32445 W C04200/WindowSceneSessionImpl: AdjustWindowAnimationFlag: session invalid!
09-19 15:00:49.635 32445 32445 I C04200/WindowSceneSessionImpl: Remove window flag WINDOW_FLAG_SHOW_WHEN_LOCKED
09-19 15:00:49.636 32445 32445 I C0420a/WMSLife: Connect: in
09-19 15:00:49.642 32445 32445 I C01406/OHOS::RS: RSSurfaceNode::Unmarshalling, Node: 139350213918721, Name: callaite0
09-19 15:00:49.642 32445   531 I C04208/WMSLayout: UpdateRect: [WindowRectUpdate:ClientRecv] UpdateRect id:0 name:callaite0, preRect=[0 0 0 0], newRect=[0 0 1308 2880], reason:23 displayId:0
09-19 15:00:49.642 32445 32445 I C04208/WMSLayout: Connect: updateRect when connect.preRect:[0,0,1308,2880]rect:[0,0,1308,2880]
09-19 15:00:49.642 32445   531 I C04208/WMSLayout: NotifyFirstValidLayoutUpdate: Id:46, rect:[0 0 1308 2880]
09-19 15:00:49.642 32445 32445 E C0421c/WMSCompat: ReadCombinedCompatibleConfig: combinedConfigSize: 0 fail to meet the conditions
09-19 15:00:49.642 32445   531 W C04208/WMSLayout: NotifySingleHandTransformChange: id:46, uiContent is nullptr
09-19 15:00:49.643 32445 32445 I C0420a/WMSLife: Connect: Window Connect [name:callaite0, id:46, type:1], ret:0, oriDisplayId:0, curDisplayId:0
09-19 15:00:49.643 32445 32445 I C04204/WMSScb: RS multi-instance enabled: 1
09-19 15:00:49.644 32445 32445 I C01406/OHOS::RS: multi-instance, create RSUIContextManager, isMultiInstanceOpen_ 1
09-19 15:00:49.644 32445 32445 I C01406/OHOS::RS: RSRenderServiceConnectHub AddRenderProcessConnectionToken
09-19 15:00:49.645 32445 32445 I C01406/OHOS::RS: RSRenderServiceConnectHub::SetOnDiedCallback, code:0
09-19 15:00:49.645 32445 32445 I C01406/OHOS::RS: RSApplicationAgentImpl::RegisterRSApplicationAgent!
09-19 15:00:49.645 32445 32445 I C01406/OHOS::RS: RSUIDirector::GoCreate CurrentState:0, UIContext:139350213918721
09-19 15:00:49.645 32445 32445 I C01406/OHOS::RS: RSUIDirector::GoResume CurrentState:0, UIContext:139350213918721
09-19 15:00:49.645 32445 32445 I C01406/OHOS::RS: RSUIDirector::GoForeground CurrentState:1, UIContext:139350213918721
09-19 15:00:49.646 32445 32445 I C02c03/PARAM_WATCHER: Add watcher keyPrefix persist.sys.graphic.animationscale remoteWatcherId 108 success
09-19 15:00:49.646 32445 32445 I C04204/WMSScb: InitRSUIDirector: Create RSUIDirector: RSUIDirector's RSUIContext [token: 139350213918721, tid: 32445], rsUIContext: RSUIContext is null
09-19 15:00:49.646 32445 32445 I C0420a/WMSLife: PostInitSurfaceNode: post init surfaceNode success, name: callaite0
09-19 15:00:49.646 32445 32445 I C0421c/WMSCompat: SetAppHookWindowInfo: Id:46, preHookWindowInfo:[enableHookWindow: false, widthHookRatio: 1.000000, notifyWindowChange: false, drawableRectHook: false], newHookWindowInfo:[enableHookWindow: false, widthHookRatio: 1.000000, notifyWindowChange: false, drawableRectHook: false]
09-19 15:00:49.646 32445 32445 I C0421c/WMSCompat: SendCombinedCompatibleConfigToArkUI: bundleName: com.example.callaite, combinedCompatibleConfig size: 0
09-19 15:00:49.646 32445 32445 E C0421c/WMSCompat: SendCombinedCompatibleConfigToArkUI: Combined compatible config size is less than 2!
09-19 15:00:49.646 32445 32445 I C01406/OHOS::RS: RSSurfaceNode::SetAlphaChangedCallback, node=[139350213918721, callaite0]
09-19 15:00:49.646 32445 32445 I C04208/WMSLayout: SetWindowMode: windowId: 46, windowModeSupportType: 127, mode: 1
09-19 15:00:49.646 32445 32445 I C04208/WMSLayout: UpdateWindowModeImmediately: [WindowModeUpdate:Inner] UpdateWindowModeImmediately id:46, mode:1, splitStyle:0, splitIndex:0, state:1
09-19 15:00:49.654 32445 32445 I C04208/WMSLayout: NotifyWindowStatusChange: [WindowModeUpdate:Inner] NotifyWindowStatusChange id:46, mode:1, status:1, lastStatus:0, skipRedundant:0
09-19 15:00:49.655 32445 32445 I C04208/WMSLayout: SetConfigWindowLimitsVP: id:46, windowLimits:[0 0 0 0 0.000000 0.000000 1.000000 1]
09-19 15:00:49.658 32445 32445 I C04208/WMSLayout: GetSystemSizeLimits: systemLimitsPX: [6720 6720 1120 840 340282346638528859811704183484516925440.000000 0.000000 1.000000 0], systemLimitsVP: [1920 1920 320 240 340282346638528859811704183484516925440.000000 0.000000 1.000000 1], configMaxSize: 1920, vpr: 3.500000, winType: 1
09-19 15:00:49.659 32445 32445 I C04208/WMSLayout: UpdateWindowSizeLimits: [WindowLimitsUpdate:CalcLimits] SaveLimits id:46, px[minW:1120,minH:840,maxW:6720,maxH:6720] vp[minW:320,minH:240,maxW:1920,maxH:1920] vpr=3.500000
09-19 15:00:49.659 32445 32445 I C0421a/WMSLayoutPc: GetSupportedWindowModesConfiguration: winId: 46, windowModeSupportType: 15
09-19 15:00:49.659 32445 32445 I C04202/WMSMain: SetSupportedWindowModesForAncoInFreeWindow: is not anco app, need not update support window mode.
09-19 15:00:49.659 32445 32445 I C04208/WMSLayout: SetWindowModeSupportType: id:46, old:127, new:15
09-19 15:00:49.659 32445 32445 I C04208/WMSLayout: GetConfigurationFromAbilityInfo: windowId: 46, windowModeSupportType: 15, isAncoSupportFreeWindow: 0
09-19 15:00:49.660 32445 32445 I C0420f/WMSRecover: RegisterSessionRecoverCallbackFunc: persistentId=46
09-19 15:00:49.660 32445 32445 I C04217/WMSAttribute: UpdateStatusBarColorByColorMode: win=46, appColor=light
09-19 15:00:49.661 32445 32445 I C04200/WMS: IsMainHandlerAvailable: id:46, isAvailable:1
09-19 15:00:49.662 32445 32445 I C04200/WMS: IsMainHandlerAvailable: id:46, isAvailable:1
09-19 15:00:49.664 32445 32445 I C02800/MMIClient: [|267]Connection to server succeeded, fd:32
09-19 15:00:49.664 32445 32445 I C02800/MMIClient: [|166]Server was listening
09-19 15:00:49.664 32445 32445 I C02800/MMIClient: [|127]reuse current event handler, thread name:
09-19 15:00:49.664 32445 32445 I C02800/MMIClient: [|130]File fd is in listening
09-19 15:00:49.664 32445 32445 I C0420c/WMSEvent: AddInputWindow: SetWindowInputEventConsumer success, wid:46
09-19 15:00:49.666 32445 32445 I C04732/GameController: [(RegisterEntryModule:24)]begin load gamecontroller_event
09-19 15:00:49.666 32445 32445 I C04732/GameController: [(StartInputToTouch:61)]Begin StartInputToTouch
09-19 15:00:49.668 32445   610 I C04732/GameController: [(GetSelfBundleName:49)]The current bundleName [com.example.callaite]. version [1.0.0]
09-19 15:00:49.668 32445   610 I C04732/GameController: [(IsCommonApp:94)]The [com.example.callaite] is a common app.
09-19 15:00:49.668 32445   610 W C04732/GameController: [(ReadJsonFromFile:224)]realpath failed for [/data/service/el1/public/for-all-app/gamecontroller_server/game_support_key_mapping.json]
09-19 15:00:49.668 32445   610 I C04732/GameController: [(SetSupportKeyMapping:73)]SetSupportKeyMapping. isSupportKeyMapping_ is [0]
09-19 15:00:49.668 32445   610 I C04732/GameController: [(DoAsyncTask:76)]The app does not support input-to-touch feature.
09-19 15:00:49.671 32445 32445 I C04217/WMSAttribute: ConnectServer: start connect
09-19 15:00:49.671 32445 32445 I C04217/WMSAttribute: ConnectServer: end connect
09-19 15:00:49.671 32445 32445 W C04217/WMSAttribute: RegisterGetWMSWindowListCallback: callback has registered
09-19 15:00:49.671 32445 32445 I C04217/WMSAttribute: RegisterGetWMSWindowListCallback: winId: 46
09-19 15:00:49.671 32445 32445 I C04217/WMSAttribute: UpdateColorMode: winId: 46, colorMode: light
09-19 15:00:49.671 32445 32445 I C04218/WMSPc: UpdateSidebarBlurStyleWhenColorModeChange: in, persistentId=46
09-19 15:00:49.671 32445 32445 W C04218/WMSPc: UpdateSidebarBlurStyleWhenColorModeChange: RSAnimatableProperty is null
09-19 15:00:49.671 32445 32445 I C04217/WMSAttribute: UpdateColorMode: winId: 46, colorMode: light, hasDarkRes: 1
09-19 15:00:49.671 32445 32445 I C0421c/WMSCompat: SetPcAppInpadSpecificSystemBarInvisible: isPcAppInpadSpecificSystemBarInvisible: 0
09-19 15:00:49.671 32445 32445 I C0421c/WMSCompat: SetPcAppInpadOrientationLandscape: isPcAppInpadOrientationLandscape: 0
09-19 15:00:49.671 32445 32445 I C0420a/WMSLife: Create: Window Create success [name:callaite0, id:46], state:1, mode:1, enableDefaultDensity:0, displayId:0
09-19 15:00:49.671 32445 32445 E C04200/WMS: singleton_container.cpp GetSingleton: cant get OHOS::Rosen::WindowInfoReporter
09-19 15:00:49.672 32445 32445 I C01332/UIAbility: [JUA2177]JsUIAbility call js, name: onWindowStageCreate
09-19 15:00:49.672 32445 32445 I A00001/EntryAbility: Ability onWindowStageCreate
09-19 15:00:49.672 32445 32445 I A03d00/JSAPP: [DataStore] Loading 2 .md files from /data/storage/el2/base/haps/entry/files/graph
09-19 15:00:49.672 32445 32445 W A03d00/JSAPP: [DataStore] Empty or unreadable file: 2026-09-19.md
09-19 15:00:49.673 32445 32445 I A03d00/JSAPP: [DataStore] Graph loaded. Pages: 1
09-19 15:00:49.674 32445   578 I C01610/KvStoreServiceDeathNotifier: [a92ab13321a48dd, 0, 0] AddServiceDeathWatcher: Success set size: <private>
09-19 15:00:49.674 32445   578 I C01610/KvStoreServiceDeathNotifier: [a92ab13321a48dd, 0, 0] GetDistributedKvDataService: Create remote proxy.
09-19 15:00:49.674 32445   578 I C01610/DataMgrServiceProxy: [a92ab13321a48dd, 0, 0] DataMgrServiceProxy: Init data service proxy.
09-19 15:00:49.674 32445   578 I C01610/KvStoreServiceDeathNotifier: [a92ab13321a48dd, 0, 0] ServiceDeathRecipient: Constructor.
09-19 15:00:49.676 32445   578 I C01610/KvStoreClientDeathObserver: [a92ab13321a48dd, 0, 0] KvStoreClientDeathObserver: This client death observer
09-19 15:00:49.679 32445   578 I C01610/DataMgrServiceProxy: [a92ab13321a48dd, 0, 0] GetFeatureInterface: get feature:kv_store
09-19 15:00:49.680 32445 32445 E C01317/AppKit: [context_impl.cpp1466]create dir /data/storage/el2/cloud failed, errno is 13
09-19 15:00:49.680 32445 32445 E C01317/AppKit: [context_impl.cpp1466]create dir /data/storage/el2/cloud failed, errno is 13
09-19 15:00:49.680 32445 32445 E C01317/AppKit: [context_impl.cpp1466]create dir /data/storage/el2/cloud failed, errno is 13
09-19 15:00:49.680 32445 32445 E C04388/file_api: [prop_n_exporter.cpp:456->MkdirExec] Failed to create directories, error: 13
09-19 15:00:49.687 32445 32445 I A03d00/JSAPP: [PluginManager] Initialized 4 plugins
09-19 15:00:49.688 32445   612 E C01b00/DistributedAccountFwk: Read result failed, code is: 8.
09-19 15:00:49.689 32445 32445 I C01317/AppKit: [OH_APP1240]current 2, pre 0
09-19 15:00:49.689 32445 32445 W C01317/AppKit: [OH_APP1269]fontSize empty
09-19 15:00:49.689 32445 32445 I C01317/AppKit: [OH_APP1300]current 2, pre 0
09-19 15:00:49.689 32445 32445 W C01317/AppKit: [OH_APP1304]language empty
09-19 15:00:49.689 32445 32445 W C01317/AppKit: [OH_APP1323]language and locale empty
09-19 15:00:49.689 32445 32445 I C01317/AppKit: [OH_APP298]configuration_: {"0#const.build.characteristics":"phone","0#input.pointer.device":"true","0#ohos.app.fontSizeScale":"nonFollowSystem","0#ohos.application.densitydpi":"xxxldpi","0#ohos.application.direction":"vertical","0#ohos.application.displayid":"0","0#ohos.system.colorMode":"light","0#ohos.system.colorMode.isSetByApp":"isSetByApp","0#ohos.system.fontSizeScale":"1.0","0#ohos.system.fontWeightScale":"1.0","0#ohos.system.hour":"false","0#ohos.system.language":"zh-Hans","0#ohos.system.locale":"zh-Hans"}, config: {"0#ohos.system.colorMode":"light","0#ohos.system.colorMode.isSetByApp":"isSetByApp"}
09-19 15:00:49.689 32445 32445 E C04217/WMSAttribute: UpdateConfigurationSync: uiContent null, scene win=46, display=0
09-19 15:00:49.689 32445 32445 E C04217/WMSAttribute: UpdateConfigurationSyncForAll: root is null
09-19 15:00:49.689 32445 32445 I C01332/UIAbility: [JUA2177]JsUIAbility call js, name: onConfigurationUpdated
09-19 15:00:49.689 32445 32445 I C01332/UIAbility: [JUA2222]end, name: onConfigurationUpdated, time: 0
09-19 15:00:49.689 32445 32445 I C01332/UIAbility: [JUA2177]JsUIAbility call js, name: onConfigurationUpdate
09-19 15:00:49.689 32445 32445 I C01332/UIAbility: [JUA2222]end, name: onConfigurationUpdate, time: 0
09-19 15:00:49.689 32445 32445 W C01317/AppKit: [JAS919]Not found AbilityStage.js
09-19 15:00:49.690 32445 32445 W C01317/AppKit: [JAS919]Not found AbilityStage.js
09-19 15:00:49.690 32445 32445 I C01317/AppKit: [OH_APP322]ignoreWindowContext size 0
09-19 15:00:49.690 32445 32445 E C04217/WMSAttribute: UpdateConfiguration: uiContent null, scene win=46, display=0
09-19 15:00:49.690 32445 32445 I C04217/WMSAttribute: UpdateStatusBarColorByColorMode: win=46, appColor=light
09-19 15:00:49.690 32445   611 E C01b00/DistributedAccountFwk: Read result failed, code is: 8.
09-19 15:00:49.691 32445   578 I C01630/DistributedDB: [a92ab13321a48dd, 0, 0] before open db,db file: [size: 65536, mtime: 1789792123, inode: 824462]; db wal file: [size: 0, mtime: 1789792123, inode: 824463]; db shm file: [size: 32768, mtime: 1789801198, inode: 824466]; db dwr file: [stat() failed, errCode: -1, errno: 2]; 
09-19 15:00:49.692 32445   578 I C01630/DistributedDB: [a92ab13321a48dd, 0, 0] [SqlUp] meta[0] label[3] flag[0] ver[104]
09-19 15:00:49.692 32445 32445 E C04217/WMSAttribute: UpdateConfigurationForAll: root is null
09-19 15:00:49.692 32445 32445 I C04200/JsWindowStage: LoadContent: [NAPI]
09-19 15:00:49.692 32445 32445 I C01332/UIAbility: [JUA2222]end, name: onWindowStageCreate, time: 20
09-19 15:00:49.692 32445 32445 I C0420a/WMSLife: NotifyWindowStageCreateFinished: id: 46
09-19 15:00:49.692 32445 32445 I C01332/UIAbility: [JUA2177]JsUIAbility call js, name: onWillForeground
09-19 15:00:49.692 32445 32445 I C01332/UIAbility: [JUA2222]end, name: onWillForeground, time: 0
09-19 15:00:49.692 32445 32445 I C04202/WMSMain: GoForeground: [requestId: 10][scbRequestId: 0]reason: 4 isGamePreLaunch: 0
09-19 15:00:49.692 32445 32445 I C0420a/WMSLife: Show: [requestId: 10][scbRequestId: 0]Window show [name: callaite0, id: 46, type: 1], reason: 4, state:1, requestState:1
09-19 15:00:49.693 32445 32445 I C04208/WMSLayout: GetSystemSizeLimits: systemLimitsPX: [6720 6720 1120 840 340282346638528859811704183484516925440.000000 0.000000 1.000000 0], systemLimitsVP: [1920 1920 320 240 340282346638528859811704183484516925440.000000 0.000000 1.000000 1], configMaxSize: 1920, vpr: 3.500000, winType: 1
09-19 15:00:49.693 32445 32445 I C04208/WMSLayout: UpdateWindowSizeLimits: [WindowLimitsUpdate:CalcLimits] SaveLimits id:46, px[minW:1120,minH:840,maxW:6720,maxH:6720] vp[minW:320,minH:240,maxW:1920,maxH:1920] vpr=3.500000
09-19 15:00:49.693 32445 32445 I C04217/WMSAttribute: IsSystemDensityChanged: windowId: 46, lastDensity: -1.000000, currDensity: 3.500000
09-19 15:00:49.694 32445   578 I C01630/DistributedDB: [a92ab13321a48dd, 0, 0] [KVDB] [StartSyncerWithNoLock] [uüª] event=3
09-19 15:00:49.694 32445   578 I C01630/DistributedDB: [a92ab13321a48dd, 0, 0] db id:75fcaa, dir:485848
09-19 15:00:49.694 32445   578 E C01610/StoreUtil: [a92ab13321a48dd, 0, 0] SetServiceGid: file not exit, filePath:/da***.db ,code:2
09-19 15:00:49.694 32445 32445 W C04200/WindowSessionImpl: UpdateViewportConfig: uiContent is null!
09-19 15:00:49.694 32445   578 I C01610/KvStoreServiceDeathNotifier: [a92ab13321a48dd, 0, 0] AddServiceDeathWatcher: Success set size: <private>
09-19 15:00:49.695 32445 32445 I C01332/UIAbility: [ui_ability_impl.cpp489]wnd call, AfterForeground
09-19 15:00:49.695 32445 32445 I C01406/OHOS::RS: RSFrameRateLinker::Create id: 139350213918721
09-19 15:00:49.700 32445 32445 E C01706/ueaClient-RmeCoreSched: [Init]: do not enabled!ret: -1
09-19 15:00:49.700 32445 32445 I C01706/ueaClient-FrameMsgMgr: [Init]:inited success!
09-19 15:00:49.700 32445 32445 I C01706/ueaClient-FrameUiIntf: [Init]:ret:1, inited:1
09-19 15:00:49.701 32445 32445 I C04217/WMSAttribute: InitWaterfallMode: winId: 46
09-19 15:00:49.701 32445 32445 I C04217/WMSAttribute: NotifyWaterfallModeChange: winId: 46, waterfall: 0, stat: 2
09-19 15:00:49.701 32445 32445 I C04202/WMSMain: NotifyFreeMultiWindowModeResume: IsPcMode 0, isColdStart 1
09-19 15:00:49.701 32445 32445 I C0420a/WMSLife: Show: [requestId: 10][scbRequestId: 0]Window show success [name:callaite0, id:46, type:1]
09-19 15:00:49.701 32445 32445 W C04201/DMS: OnDisplayInfoChange: data is not changed.
09-19 15:00:49.702 32445 32445 I C01332/UIAbility: [JUA2177]JsUIAbility call js, name: onForeground
09-19 15:00:49.702 32445 32445 I A00001/EntryAbility: Ability onForeground
09-19 15:00:49.702 32445 32445 I C01332/UIAbility: [JUA2222]end, name: onForeground, time: 0
09-19 15:00:49.704 32445   530 I C04207/WMSFocus: ProcessUpdateFocus: unfocusId:11, focusId:46, isFocused:1,isSyncNotify:0, old:0, new:1789801249422, current:1789801249704
09-19 15:00:49.704 32445   530 I C04207/WMSFocus: UpdateFocusState: focus: 1, id: 46
09-19 15:00:49.704 32445   530 I C04207/WMSFocus: NotifyApplicationFocusChangedResult: 1
09-19 15:00:49.704 32445   530 I C04207/WMSFocus: ProcessNotifyHighlightChange: timeStamp:1789801249422, highlightId:46, isHighlight:1,isSyncNotify:0, old:0, new:1789801249422, current:1789801249704
09-19 15:00:49.704 32445   530 I C04207/WMSFocus: NotifyHighlightChange: windowId: 46, isHighlight: 1,
09-19 15:00:49.704 32445   530 E C0420a/WMSLife: NotifyUIExtHostRectChangeInGlobalDisplayListeners: uiContent is null
09-19 15:00:49.704 32445   530 W C04208/WMSLayout: NotifySingleHandTransformChange: id:46, uiContent is nullptr
09-19 15:00:49.704 32445   643 W C057c1/IPCWorkThread: ThreadHandler: proto:0 policy:0 name:OS_IPC_4_643 invoker:10175072
09-19 15:00:49.709 32445 32445 E C01651/data_share_manager_impl: RegisterClientDeathObserver: RegisterClientDeathObserver failed, bundleName is com.example.callaite
09-19 15:00:49.709 32445 32445 E C01651/data_share_manager_impl: GetDataShareServiceProxy: RegisterClientDeathObserver failed
09-19 15:00:49.715 32445   489 E C01651/data_share_manager_impl: RegisterClientDeathObserver: RegisterClientDeathObserver failed, bundleName is com.example.callaite
09-19 15:00:49.716 32445   489 E C01651/data_share_manager_impl: GetDataShareServiceProxy: RegisterClientDeathObserver failed
09-19 15:00:49.716 32445   489 I C01651/data_share_manager_impl: operator(): RecoverObs start
09-19 15:00:49.725 32445 32445 I C05405/CompConfigClient: GetConfigByApp: GetDataShareData return 0 result
09-19 15:00:49.725 32445 32445 E C01301/Ability: [page_config_manager.cpp62]configJson_ is empty
09-19 15:00:49.726 32445 32445 I C02d11/DfxUnwinder: UnwindLocal:: fpUnwind: 0
09-19 15:00:49.727 32445 32445 W C01320/JsEnv: [source_map.cpp145]the stack without line info
09-19 15:00:49.727 32445 32445 I C02d11/DfxUnwinder: UnwindLocal:: fpUnwind: 0
09-19 15:00:49.727 32445 32445 W C01320/JsEnv: [source_map.cpp145]the stack without line info
09-19 15:00:49.727 32445 32445 I A00001/EntryAbility: Huawei account refreshed: 
09-19 15:00:49.727 32445 32445 I C01612/JsKVManager: operator(): output delete reference success
09-19 15:00:49.727 32445 32445 I C01612/JsSingleKVStore: operator(): subscribe to event:dataChange
09-19 15:00:49.727 32445 32445 I C01612/JsSingleKVStore: OnDataChange: subscribe data change type 2
09-19 15:00:49.728 32445 32445 I C01630/DistributedDB: [KvStoreNbDelegate][RegisterDeviceObserver] Register device observer ok mode:1
09-19 15:00:49.728 32445 32445 I C01610/KvStoreObserverClient: KvStoreObserverClient: Start
09-19 15:00:49.729 32445 32445 I A03d00/JSAPP: [Collaboration] KVStore initialized
09-19 15:00:49.729 32445 32445 I C01332/UIAbility: [JUA2177]JsUIAbility call js, name: onDidForeground
09-19 15:00:49.729 32445 32445 I C01332/UIAbility: [JUA2222]end, name: onDidForeground, time: 0
09-19 15:00:49.729 32445 32445 I C04202/WMSMain: GoResume: in isGamePreLaunch: 0
09-19 15:00:49.729 32445 32445 I C0420a/WMSLife: SetUIContentInner: pages/Index, state:2, persistentId: 46
09-19 15:00:49.729 32445 32445 I C0420a/WMSLife: NotifySetUIContentComplete: start
09-19 15:00:49.729 32445 32445 I C0420a/WMSLife: SetUIContentComplete: persistentId=46
09-19 15:00:49.729 32445 32445 I C0420a/WMSLife: InitUIContent: start
09-19 15:00:49.729 32445 32445 I C0420a/WMSLife: DestroyExistUIContent: start
09-19 15:00:49.730 32445 32445 I C03900/Ace: [(-1:-1:undefined)] CreateUIContent.
09-19 15:00:49.730 32445 32445 I C03934/AceUIEvent: [(-1:-1:undefined)] report ace loaded
09-19 15:00:49.730 32445 32445 I C04707/HaAceEngine: OnAceLoaded end
09-19 15:00:49.730 32445   543 W C04707/HaClient: =========Invalid Client=========
09-19 15:00:49.731 32445 32445 I C03900/Ace: [(-2:-1:undefined)] Create ace bg threads pool.
09-19 15:00:49.731 32445 32445 I C03900/Ace: [(-2:-1:undefined)] Init RenderService UniRender Type:0
09-19 15:00:49.733 32445   646 I C03900/Ace: [(-1:-1:undefined)] dlsym function ReportData success.
09-19 15:00:49.733 32445 32445 W C01409/APS_MANAGER: redo Connect
09-19 15:00:49.733 32445 32445 I C01409/APS_MANAGER: Start to ConnectService
09-19 15:00:49.733 32445 32445 I C01409/APS_MANAGER: GetSystemAbilityManager success
09-19 15:00:49.733 32445   646 I C03900/Ace: [(-1:-1:undefined)] dlsym function ReportSyncEvent success.
09-19 15:00:49.734 32445 32445 I C01409/APS_MANAGER: GetSystemAbility success
09-19 15:00:49.734 32445 32445 I C03900/Ace: [(-2:-1:undefined)] [com.example.callaite][entry][-1]: UIContent: apiCompatibleVersion: 60101024, apiTargetVersion: 260000026, and apiReleaseType: Release, useNewPipe: 1, enableCustomComponentCrossAbility: 0
09-19 15:00:49.735 32445 32445 I C02c03/PARAM_WATCHER: Add watcher keyPrefix persist.sys.arkui.animationscale remoteWatcherId 108 success
09-19 15:00:49.736 32445 32445 E C03900/Ace: [(-2:-1:undefined)] ConfigParserBase read system file failed
09-19 15:00:49.736 32445 32445 W C03900/Ace: [(-2:-1:undefined)] ArkUiFeatureParamManager failed to load xml file
09-19 15:00:49.736 32445 32445 E C03900/Ace: [(-2:-1:undefined)] ConfigParserBase read system UI correction config file failed
09-19 15:00:49.736 32445 32445 W C03900/Ace: [(-2:-1:undefined)] ArkUiFeatureParamManager failed to load UI correction config file
09-19 15:00:49.744 32445   489 I C04208/WMSLayout: NotifyWindowStatusDidChange: [WindowModeUpdate:Inner] NotifyWindowStatusDidChange id:46, mode:1, status:1, lastStatus:0, listenerSize:0, rect:[0 0 1308 2880]
09-19 15:00:49.746 32445 32445 I C05405/CompConfigClient: SubscribeEvent_: SubscriberEvent, ret: 1
09-19 15:00:49.756 32445 32445 I C05405/CompConfigClient: GetConfigByApp: GetDataShareData return 0 result
09-19 15:00:49.757 32445 32445 W C03900/Ace: [(-2:-1:undefined)] FeatureManager get config failed, key:UICorrectionStrategy ret:1
09-19 15:00:49.757 32445 32445 W C03900/Ace: [(-2:-1:undefined)] FeatureParamManager get UICorrectionStrategy from FeatureManager failed
09-19 15:00:49.760 32445 32445 I C03900/Ace: [(-2:-1:undefined)] SetLocale language tag: zh-Hans, font locale: zh-Hans, select language: zh-CN
09-19 15:00:49.760 32445 32445 I C03900/Ace: [(-2:-1:undefined)] [com.example.callaite][entry][-1]: SetLanguage: zh, colorMode: light, deviceAccess: 1
09-19 15:00:49.760 32445 32445 I C03900/Ace: [(-2:-1:undefined)] [com.example.callaite][entry][-1]: Initialize UIContent isModelJson:true
09-19 15:00:49.763 32445 32445 I C03922/AceNavigation: [(-2:-1:undefined)] subscribe hsp Update successfully
09-19 15:00:49.763 32445 32445 I C03900/Ace: [(100000:100000:scope)] SetHapPath, Use hap path to load resource
09-19 15:00:49.764 32445 32445 I C04217/WMSAttribute: RegisterWaterfallModeChangeListener: winId: 46
09-19 15:00:49.765 32445 32445 I C04200/WMS: GetSurfaceNode: name:callaite0, id:46
09-19 15:00:49.765 32445 32445 I C04200/WMS: GetSurfaceNode: name:callaite0, id:46
09-19 15:00:49.765 32445 32445 I C03900/Ace: [(100000:100000:scope)] SetRSSurfaceNode 139350213918721 with rs multi
09-19 15:00:49.766 32445 32445 I C01406/OHOS::RS: RSUIContext::AttachFromUI. token: 139350213918721 uiPiplineNum: -1
09-19 15:00:49.766 32445 32445 I C01406/OHOS::RS: RSUIContext::SetUITaskRunner, Context token:139350213918721
09-19 15:00:49.766 32445 32445 I C03925/AceRouter: [(100000:100000:scope)] createManager, deviceType: 0
09-19 15:00:49.767 32445 32445 W C03900/Ace: [(100000:100000:scope)] Invalid config:zh_Hans-long-notround-vertical-light-phone-xxxhdpi
09-19 15:00:49.767 32445 32445 I C01406/OHOS::RS: RSUIDirector::GoBackground CurrentState:2, UIContext:139350213918721
09-19 15:00:49.768 32445 32445 I C01406/OHOS::RS: RSSurfaceNode::SetAbilityState, surfaceNodeId:[139350213918721], ability state: background
09-19 15:00:49.768 32445 32445 I C03900/Ace: [(100000:100000:scope)] set translateManager to pipeline, instanceId:100000
09-19 15:00:49.768 32445 32445 I C0421d/WMSRotation: RegisterOrientationChangeListener: in
09-19 15:00:49.768 32445 32445 I C03900/Ace: [(100000:100000:scope)] AddPersistAfterLayoutTask size: 1
09-19 15:00:49.768 32445 32445 I C03919/AceInputTracking: [(100000:100000:scope)] Debug touch pass mode 0
09-19 15:00:49.769 32445 32445 E C03934/AceUIEvent: [(100000:100000:scope)] AceTransform load failed: Error loading shared library /system/lib64/libtransform_interaction_ext.z.so: No such file or directory
09-19 15:00:49.769 32445 32445 I C03937/AceResource: [(100000:100000:scope)] ResourceAdapter UpdateResConfig with colorMode light
09-19 15:00:49.769 32445 32445 W C03900/Ace: [(100000:100000:scope)] not found systemTheme in HapModuleInfo, loading default OHOS_THEME
09-19 15:00:49.769 32445 32445 I C03900/Ace: [(100000:100000:scope)] Cannot Get File List from resources/styles/
09-19 15:00:49.769 32445 32445 W C03900/Ace: [(100000:100000:scope)] GetAsset failed: resources/styles/default.json
09-19 15:00:49.778 32445 32445 I C01406/OHOS::RS: RSRootNode::Create, Node:139350213918723, Token:139350213918721
09-19 15:00:49.778 32445 32445 I C03900/Ace: [(100000:100000:scope)] root node OnAttachToFrameNode, id:0
09-19 15:00:49.778 32445 32445 I C03900/Ace: [(100000:100000:scope)] Rosenwindow set root, rsId:139350213918723
09-19 15:00:49.778 32445 32445 I C01406/OHOS::RS: RSRootNode::AttachRSSurfaceNode, SurfaceNode:139350213918721, Node:139350213918723
09-19 15:00:49.778 32445 32445 I C03900/Ace: [(100000:100000:scope)] AddPersistAfterLayoutTask size: 2
09-19 15:00:49.783 32445 32445 I C03900/Ace: [(100000:100000:scope)] focusWindowId: 0, realHostWindowId: 0
09-19 15:00:49.783 32445 32445 I C03900/Ace: [(100000:100000:scope)] [com.example.callaite][entry][100000]: window focus
09-19 15:00:49.784 32445 32445 I C02c03/PARAM_WATCHER: Add watcher keyPrefix debug.graphic.frame remoteWatcherId 108 success
09-19 15:00:49.784 32445 32445 E C03900/Ace: [(100000:100000:scope)] ERROR EACCES
09-19 15:00:49.784 32445 32445 E C03900/Ace: [(100000:100000:scope)] ERROR EACCES
09-19 15:00:49.784 32445 32445 I C03900/Ace: [(100000:100000:scope)] ArkUIInvisibleFreeze: 0
09-19 15:00:49.784 32445 32445 I C03900/Ace: [(100000:100000:scope)] [com.example.callaite][entry][100000]: SetMinPlatformVersion is 60101024
09-19 15:00:49.784 32445 32445 I C04209/WMSImms: RegisterAvoidAreaChangeListener: win 46
09-19 15:00:49.785 32445 32445 E C04200/IMockSessionManager: Read result failed, code is: 4.
09-19 15:00:49.786 32445 32445 E C04200/IMockSessionManager: Read result failed, code is: 4.
09-19 15:00:49.786 32445 32445 I C04200/WMS: InitSessionManagerServiceProxy: Init success, userId=-1
09-19 15:00:49.787 32445 32445 I C04200/WMS: InitSceneSessionManagerLiteProxy: Init success, userId=-1
09-19 15:00:49.787 32445 32445 I C04204/WMSScb: InitSceneSessionManagerProxy: enter, userId=-1
09-19 15:00:49.787 32445 32445 I C04204/WMSScb: GetSceneSessionManagerProxy: init first time, userId=-1
09-19 15:00:49.788 32445   489 I C04208/WMSLayout: UpdateRect: [WindowRectUpdate:ClientRecv] UpdateRect id:46 name:callaite0, preRect=[0 0 1308 2880], newRect=[0 0 1308 2880], reason:23 displayId:0
09-19 15:00:49.793 32445 32445 I C04209/WMSImms: GetAvoidAreaByType: win 46 type not supported
09-19 15:00:49.793 32445 32445 I C03917/AceSafeArea: [(100000:100000:scope)] InitializeSafeArea systemInsets:SafeAreaInsets left_: [start: 0, end: 0], top_: [start: 0, end: 136], right_: [start: 0, end: 0], bottom_: [start: 0, end: 0], cutoutInsets:SafeAreaInsets left_: [start: 0, end: 0], top_: [start: 50, end: 128], right_: [start: 0, end: 0], bottom_: [start: 0, end: 0], navInsets:SafeAreaInsets left_: [start: 0, end: 0], top_: [start: 0, end: 0], right_: [start: 0, end: 0], bottom_: [start: 2782, end: 2880], floatNavInsets:SafeAreaInsets left_: [start: 0, end: 0], top_: [start: 0, end: 0], right_: [start: 0, end: 0], bottom_: [start: 0, end: 0]
09-19 15:00:49.794 32445 32445 I C0394e/AceWindow: [(100000:100000:scope)] Initialize displayId: 0, availableRect: [0, 0, 1308, 2880]
09-19 15:00:49.794 32445 32445 I C03900/Ace: [(100000:100000:scope)] Failed to open libthp_extra_innerapi.z.so, reason: Error loading shared library /system/lib64/libthp_extra_innerapi.z.so: No such file or directory
09-19 15:00:49.794 32445 32445 I C03900/Ace: [(-2:100000:singleton)] [com.example.callaite][entry][100000]: Initialize: pages/Index
09-19 15:00:49.794 32445 32445 I C03900/Ace: [(100000:100000:scope)] RunPage:pages/Index
09-19 15:00:49.794 32445 32445 W C03900/Ace: [(100000:100000:scope)] GetAsset failed: manifest.json
09-19 15:00:49.794 32445 32445 I C04200/WMS: InitUIContent: [0, 0]
09-19 15:00:49.794 32445 32445 I C0420a/WMSLife: RegisterUIContenCallback: start
09-19 15:00:49.794 32445 32445 I C04208/WMSLayout: SetUIContentInner: single hand, id:46, posX:0, posY:0, scaleX:1.000000, scaleY:1.000000
09-19 15:00:49.795 32445   659 I C03951/InputKeyFlow: [(-1:100000:singleton)] Subscribe touch.events.pass.through Event
09-19 15:00:49.795 32445 32445 I C04219/WMSDecor: UpdateDecorEnable: decorVisible:1, isDockAutoHide:0, isDecorHiddenByApp:0, isMaximizeInvoked:0, id:46
09-19 15:00:49.795 32445 32445 I C03900/Ace: [(-2:100000:singleton)] [com.example.callaite][entry][100000]: UpdateWindowVisible: 1, hasDecor: 0
09-19 15:00:49.795 32445 32445 I C03900/Ace: [(-2:100000:singleton)] [com.example.callaite][entry][100000]: NotifyWindowMode mode = 1
09-19 15:00:49.795 32445   644 I C02c03/PARAM_WATCHER: Add watcher keyPrefix persist.ace.trace.layout.enabled remoteWatcherId 108 success
09-19 15:00:49.796 32445   644 I C02c03/PARAM_WATCHER: Add watcher keyPrefix persist.ace.trace.inputevent.enabled remoteWatcherId 108 success
09-19 15:00:49.796 32445 32445 I C03900/Ace: [(-2:100000:singleton)] [com.example.callaite][entry][100000]: window foreground
09-19 15:00:49.796 32445 32445 I C03900/Ace: [(100000:100000:scope)] Update application state , state: ON_SHOW
09-19 15:00:49.797 32445 32445 I C01406/OHOS::RS: RSUIDirector::GoForeground CurrentState:3, UIContext:139350213918721
09-19 15:00:49.797 32445 32445 I C01406/OHOS::RS: RSSurfaceNode::SetAbilityState, surfaceNodeId:[139350213918721], ability state: foreground
09-19 15:00:49.797 32445   644 I C02c03/PARAM_WATCHER: Add watcher keyPrefix const.security.developermode.state remoteWatcherId 108 success
09-19 15:00:49.798 32445 32445 I C03900/Ace: [(100000:100000:scope)] ArkUI requests first Vsync.
09-19 15:00:49.798 32445 32445 I C04202/WMSMain: RequestVsync: First vsync has requested, nodeId: 139350213918721
09-19 15:00:49.798 32445   644 I C02c03/PARAM_WATCHER: Add watcher keyPrefix persist.ace.debug.statemgr.enabled remoteWatcherId 108 success
09-19 15:00:49.798 32445 32445 I C03959/AceLayout: [(-2:100000:singleton)] UVC Viewport config: size: (1308, 2880) orientation: 0 density: 3.500000 position: (0, 0) transformHint: 0 displayId: 0 forceSplitDisplayConfig: disable forceSplit, mode: 0, WSCR 0, IRN 1, , keyboardInfo is null
09-19 15:00:49.799 32445 32445 I C03922/AceNavigation: [(100000:100000:scope)] disable forceSplit, mode:0
09-19 15:00:49.799 32445 32445 I C04208/WMSLayout: UpdateViewportConfig: Id: 46, reason: 0, viewportRect: [0 0 1308 2880], displayOrientation: 0, config[0, 0, 0, 3.500000]
09-19 15:00:49.799 32445 32445 I C03900/Ace: [(-2:100000:singleton)] [com.example.callaite][entry][100000]: window focus
09-19 15:00:49.799 32445 32445 I C03900/Ace: [(-2:100000:singleton)] [com.example.callaite][entry][100000]:window active
09-19 15:00:49.799 32445 32445 I C02d11/DfxUnwinder: UnwindLocal:: fpUnwind: 0
09-19 15:00:49.799 32445   644 I C02c03/PARAM_WATCHER: Add watcher keyPrefix persist.ace.debug.boundary.enabled remoteWatcherId 108 success
09-19 15:00:49.800 32445   644 I C02c03/PARAM_WATCHER: Add watcher keyPrefix persist.ace.performance.monitor.enabled remoteWatcherId 108 success
09-19 15:00:49.801 32445 32445 W C01320/JsEnv: [source_map.cpp145]the stack without line info
09-19 15:00:49.801 32445 32445 I A00001/EntryAbility: Succeeded in loading the content.
09-19 15:00:49.801 32445 32445 I C04200/JsWindowStage: Window [46, callaite0] load content end, ret=0
09-19 15:00:49.801 32445 32445 I C04209/WMSImms: NotifyAvoidAreaChange: win 46 api 26 type 0 area top [0 0 1308 136] 
09-19 15:00:49.801 32445 32445 I C04209/WMSImms: NotifyAvoidAreaChange: win 46 api 26 type 1 area top [615 50 78 78] 
09-19 15:00:49.801 32445 32445 I C04209/WMSImms: NotifyAvoidAreaChange: win 46 api 26 type 2 area empty
09-19 15:00:49.801 32445 32445 I C04209/WMSImms: NotifyAvoidAreaChange: win 46 api 26 type 3 area empty
09-19 15:00:49.801 32445 32445 I C04209/WMSImms: NotifyAvoidAreaChange: win 46 api 26 type 4 area bottom [425 2782 458 98] 
09-19 15:00:49.802 32445 32445 I C03922/AceNavigation: [(100000:100000:scope)] disable forceSplit, mode:0
09-19 15:00:49.802 32445 32445 I C04208/WMSLayout: UpdateViewportConfig: Id: 46, reason: 23, viewportRect: [0 0 1308 2880], displayOrientation: 0, config[0, 0, 0, 3.500000]
09-19 15:00:49.802 32445 32445 I C03900/Ace: [(100000:100000:scope)] Update application state , state: ON_ACTIVE
09-19 15:00:49.803 32445 32445 I C0391c/AceFocus: [(100000:100000:scope)] Window: 46 get focus.
09-19 15:00:49.803 32445 32445 W C0391c/AceFocus: [(100000:100000:scope)] Current focus view can not found!
09-19 15:00:49.803 32445 32445 I C0391c/AceFocus: [(100000:100000:scope)] Request focus on rootFocusHub: root/0
09-19 15:00:49.803 32445 32445 I C03922/AceNavigation: [(100000:100000:scope)] disable forceSplit, mode:0
09-19 15:00:49.803 32445 32445 I C04208/WMSLayout: UpdateViewportConfig: Id: 46, reason: 23, viewportRect: [0 0 1308 2880], displayOrientation: 0, config[0, 0, 0, 3.500000]
09-19 15:00:49.803 32445 32445 I C03925/AceRouter: [(100000:100000:scope)] Page router manager is creating page[1]: url: pages/Index path: pages/Index.js, recoverable: yes, namedRouter: no
09-19 15:00:49.829 32445 32445 I C03f04/MMG: [NMM:1561]Module:file.photoAccessHelper
09-19 15:00:49.830 32445 32445 W C03f04/MMG: [NMM:1466] Name mismatch: file.photoAccessHelperNative != file.photoAccessHelper
09-19 15:00:49.832 32445 32445 I C02b71/MediaLibraryNapi: Common:{Init:156} TaskSignalNapi::Init in
09-19 15:00:49.832 32445 32445 I C02b71/MediaLibraryNapi: Common:{Init:164} TaskSignalNapi::Init success
09-19 15:00:49.834 32445 32445 I C02b01/CAMERA: {63} PickerOnLoad
09-19 15:00:49.834 32445 32445 I C02b01/CAMERA: {463} CameraPickerNapi E
09-19 15:00:49.835 32445 32445 W C03f04/MMG: [NMM:1466] Name mismatch: web.webnativemessagingextensionmanager_napi != web.webNativeMessagingExtensionManager
09-19 15:00:49.835 32445 32445 I C03f04/MMG: [NMM:1561]Module:arkui.node
09-19 15:00:49.844 32445 32445 I C04201/DMS: IfCallbackRegistered: change not registered!
09-19 15:00:49.844 32445 32445 I C04201/DMS: JsDisplayListener: Constructor
09-19 15:00:49.844 32445   543 I C04215/WMSHierarchy: GetTopWindowWithContext: mainId:46!
09-19 15:00:49.847 32445 32445 I C0391c/AceFocus: [(100000:100000:scope)] Request focus id can not found.
09-19 15:00:49.848 32445 32445 W C03926/AceTheme: [(100000:100000:scope)] style 125829872 not contains scroll_bar_pattern!
09-19 15:00:49.848 32445 32445 W C03926/AceTheme: [(100000:100000:scope)] style scroll_bar_pattern get attr scroll_bar_interactive error!
09-19 15:00:49.848 32445 32445 W C03926/AceTheme: [(100000:100000:scope)] style scroll_bar_pattern not contains arc_scroll_bar_normal_background_width!
09-19 15:00:49.849 32445 32445 W C03926/AceTheme: [(100000:100000:scope)] style 125829872 not contains scrollable_pattern!
09-19 15:00:49.849 32445 32445 W C03926/AceTheme: [(100000:100000:scope)] style scrollable_pattern not contains scroll_able_default_scrolling_distance!
09-19 15:00:49.864 32445 32445 W C03926/AceTheme: [(100000:100000:scope)] style text_pattern not contains linear_split_child_min_size!
09-19 15:00:49.864 32445 32445 W C03926/AceTheme: [(100000:100000:scope)] style text_pattern not contains menu_celia_ask_is_support!
09-19 15:00:49.865 32445 32445 W C03926/AceTheme: [(100000:100000:scope)] style 125829872 not contains app_theme_pattern!
09-19 15:00:49.865 32445 32445 W C01e00/ResourceManager: by id=125835722 limitPaths is empty
09-19 15:00:49.865 32445 32445 E C01e00/ResourceManager: ref <private> id not found
09-19 15:00:49.865 32445 32445 W C01e00/ResourceManager: by id=125835722 limitPaths is empty
09-19 15:00:49.865 32445 32445 E C01e00/ResourceManager: ref <private> id not found
09-19 15:00:49.865 32445 32445 W C03937/AceResource: [(100000:100000:scope)] Get pattern by name error, name=app_theme_pattern, bundleName: com.example.callaite, moduleName: entry
09-19 15:00:49.865 32445 32445 W C01e00/ResourceManager: by id=125835722 limitPaths is empty
09-19 15:00:49.865 32445 32445 E C01e00/ResourceManager: ref <private> id not found
09-19 15:00:49.865 32445 32445 W C01e00/ResourceManager: by id=125835722 limitPaths is empty
09-19 15:00:49.865 32445 32445 E C01e00/ResourceManager: ref <private> id not found
09-19 15:00:49.865 32445 32445 W C03937/AceResource: [(100000:100000:scope)] Get pattern by name error, name=app_theme_pattern
09-19 15:00:49.865 32445 32445 W C03926/AceTheme: [(100000:100000:scope)] style app_theme_pattern not contains app_theme_drag_distancethreshold!
09-19 15:00:49.878 32445 32445 I C0391c/AceFocus: [(100000:100000:scope)] view: page/2 show
09-19 15:00:49.878 32445 32445 I C03922/AceNavigation: [(100000:100000:scope)] can't find inner navigation
09-19 15:00:49.879 32445 32445 I C03933/AceKeyboard: [(100000:100000:scope)] PageChangeCloseKB
09-19 15:00:49.879 32445 32445 I C03925/AceRouter: [(100000:100000:scope)] LoadPage Success
09-19 15:00:49.880 32445 32445 I C04200/JsWindow: CreateJsWindow callaite0
09-19 15:00:49.880 32445 32445 I C0420a/WMSLife: JsWindow: window: callaite0, ctorCnt: 1
09-19 15:00:49.881 32445 32445 I C0420a/WMSLife: CreateJsWindowObject: Add window callaite0
09-19 15:00:49.881 32445 32445 I C0392a/AceUiExtensionComponent: [(-2:100000:singleton)] NotifyWindowMode aliveUIExtensions = 0
09-19 15:00:49.881 32445 32445 I C0394e/AceWindow: [(100000:100000:scope)] Update displayWindowRect in UpdateViewportConfig to : Rect (0.00, 0.00) - [1308.00 x 2880.00]
09-19 15:00:49.881 32445 32445 I C03917/AceSafeArea: [(100000:100000:scope)] SetIsFullScreen 1
09-19 15:00:49.882 32445 32445 I C03900/Ace: [(100000:100000:scope)] Root node request first frame.
09-19 15:00:49.882 32445 32445 I C03900/Ace: [(100000:100000:scope)] Update application state , state: ON_ACTIVE
09-19 15:00:49.882 32445 32445 I C0391c/AceFocus: [(100000:100000:scope)] Window: 46 get focus.
09-19 15:00:49.882 32445 32445 I C03900/Ace: [(100000:100000:scope)] Update application state , state: ON_ACTIVE
09-19 15:00:49.883 32445 32445 I C04202/WMSMain: VsyncCallbackInner: First vsync has come back, nodeId: 139350213918721
09-19 15:00:49.884 32445 32445 I C01408/Text: InitTextBundleConfig: Adapter text height enabled 0
09-19 15:00:49.884 32445 32445 I C01408/Text: InitTextBundleConfig: Disable spacing for control char 0
09-19 15:00:49.884 32445 32445 E C02d34/HistogramClient: ArkGraphics2d.Text.OH_Drawing_TextStyleAddFontVariation is not in metadata.
09-19 15:00:49.964 32445 32445 E C01707/CONCUR: [Interface] task 564 apply qos failed, errno = 4
09-19 15:00:49.968 32445 32445 E C01707/CONCUR: [Interface] task 560 apply qos failed, errno = 4
09-19 15:00:49.970 32445 32445 E C01707/CONCUR: [Interface] task 573 apply qos failed, errno = 4
09-19 15:00:49.975 32445 32445 E C01707/CONCUR: [Interface] task 564 apply qos failed, errno = 4
09-19 15:00:49.978 32445 32445 E C01707/CONCUR: [Interface] task 560 apply qos failed, errno = 4
09-19 15:00:49.981 32445 32445 E C01707/CONCUR: [Interface] task 573 apply qos failed, errno = 4
09-19 15:00:50.070 32445 32445 E C01707/CONCUR: [Interface] task 564 apply qos failed, errno = 4
09-19 15:00:50.073 32445 32445 E C01707/CONCUR: [Interface] task 560 apply qos failed, errno = 4
09-19 15:00:50.075 32445 32445 E C01707/CONCUR: [Interface] task 573 apply qos failed, errno = 4
09-19 15:00:50.080 32445 32445 E C01707/CONCUR: [Interface] task 564 apply qos failed, errno = 4
09-19 15:00:50.083 32445 32445 E C01707/CONCUR: [Interface] task 560 apply qos failed, errno = 4
09-19 15:00:50.084 32445 32445 E C01707/CONCUR: [Interface] task 573 apply qos failed, errno = 4
09-19 15:00:50.194 32445 32445 E C01707/CONCUR: [Interface] task 564 apply qos failed, errno = 4
09-19 15:00:50.196 32445 32445 E C01707/CONCUR: [Interface] task 560 apply qos failed, errno = 4
09-19 15:00:50.199 32445 32445 E C01707/CONCUR: [Interface] task 573 apply qos failed, errno = 4
09-19 15:00:50.202 32445 32445 E C01707/CONCUR: [Interface] task 564 apply qos failed, errno = 4
09-19 15:00:50.204 32445 32445 E C01707/CONCUR: [Interface] task 560 apply qos failed, errno = 4
09-19 15:00:50.207 32445 32445 E C01707/CONCUR: [Interface] task 573 apply qos failed, errno = 4
09-19 15:00:50.315 32445 32445 E C01707/CONCUR: [Interface] task 564 apply qos failed, errno = 4
09-19 15:00:50.318 32445 32445 E C01707/CONCUR: [Interface] task 560 apply qos failed, errno = 4
09-19 15:00:50.322 32445 32445 E C01707/CONCUR: [Interface] task 573 apply qos failed, errno = 4
09-19 15:00:50.325 32445 32445 E C01707/CONCUR: [Interface] task 564 apply qos failed, errno = 4
09-19 15:00:50.327 32445 32445 E C01707/CONCUR: [Interface] task 560 apply qos failed, errno = 4
09-19 15:00:50.330 32445 32445 E C01707/CONCUR: [Interface] task 573 apply qos failed, errno = 4
09-19 15:00:50.442 32445 32445 E C01707/CONCUR: [Interface] task 564 apply qos failed, errno = 4
09-19 15:00:50.447 32445 32445 E C01707/CONCUR: [Interface] task 560 apply qos failed, errno = 4
09-19 15:00:50.450 32445 32445 E C01707/CONCUR: [Interface] task 573 apply qos failed, errno = 4
09-19 15:00:50.453 32445 32445 E C01707/CONCUR: [Interface] task 564 apply qos failed, errno = 4
09-19 15:00:50.455 32445 32445 E C01707/CONCUR: [Interface] task 560 apply qos failed, errno = 4
09-19 15:00:50.458 32445 32445 E C01707/CONCUR: [Interface] task 573 apply qos failed, errno = 4
09-19 15:00:50.564 32445 32445 E C01707/CONCUR: [Interface] task 564 apply qos failed, errno = 4
09-19 15:00:50.567 32445 32445 E C01707/CONCUR: [Interface] task 560 apply qos failed, errno = 4
09-19 15:00:50.570 32445 32445 E C01707/CONCUR: [Interface] task 573 apply qos failed, errno = 4
09-19 15:00:50.574 32445 32445 E C01707/CONCUR: [Interface] task 564 apply qos failed, errno = 4
09-19 15:00:50.576 32445 32445 E C01707/CONCUR: [Interface] task 560 apply qos failed, errno = 4
09-19 15:00:50.578 32445 32445 E C01707/CONCUR: [Interface] task 573 apply qos failed, errno = 4
09-19 15:00:50.686 32445 32445 E C01707/CONCUR: [Interface] task 564 apply qos failed, errno = 4
09-19 15:00:50.689 32445 32445 E C01707/CONCUR: [Interface] task 560 apply qos failed, errno = 4
09-19 15:00:50.692 32445 32445 E C01707/CONCUR: [Interface] task 573 apply qos failed, errno = 4
09-19 15:00:50.695 32445 32445 E C01707/CONCUR: [Interface] task 564 apply qos failed, errno = 4
09-19 15:00:50.697 32445 32445 E C01707/CONCUR: [Interface] task 560 apply qos failed, errno = 4
09-19 15:00:50.700 32445 32445 E C01707/CONCUR: [Interface] task 573 apply qos failed, errno = 4
09-19 15:00:50.816 32445 32445 E C01707/CONCUR: [Interface] task 564 apply qos failed, errno = 4
09-19 15:00:50.820 32445 32445 E C01707/CONCUR: [Interface] task 560 apply qos failed, errno = 4
09-19 15:00:50.822 32445 32445 E C01707/CONCUR: [Interface] task 573 apply qos failed, errno = 4
09-19 15:00:50.826 32445 32445 E C01707/CONCUR: [Interface] task 564 apply qos failed, errno = 4
09-19 15:00:50.829 32445 32445 E C01707/CONCUR: [Interface] task 560 apply qos failed, errno = 4
09-19 15:00:50.831 32445 32445 E C01707/CONCUR: [Interface] task 573 apply qos failed, errno = 4
09-19 15:00:50.944 32445 32445 E C01707/CONCUR: [Interface] task 564 apply qos failed, errno = 4
09-19 15:00:50.946 32445 32445 E C01707/CONCUR: [Interface] task 560 apply qos failed, errno = 4
09-19 15:00:50.948 32445 32445 E C01707/CONCUR: [Interface] task 573 apply qos failed, errno = 4
09-19 15:00:50.952 32445 32445 E C01707/CONCUR: [Interface] task 564 apply qos failed, errno = 4
09-19 15:00:50.954 32445 32445 E C01707/CONCUR: [Interface] task 560 apply qos failed, errno = 4
09-19 15:00:50.958 32445 32445 E C01707/CONCUR: [Interface] task 573 apply qos failed, errno = 4
09-19 15:00:51.072 32445 32445 E C01707/CONCUR: [Interface] task 564 apply qos failed, errno = 4
09-19 15:00:51.074 32445 32445 E C01707/CONCUR: [Interface] task 560 apply qos failed, errno = 4
09-19 15:00:51.077 32445 32445 E C01707/CONCUR: [Interface] task 573 apply qos failed, errno = 4
09-19 15:00:51.080 32445 32445 E C01707/CONCUR: [Interface] task 564 apply qos failed, errno = 4
09-19 15:00:51.082 32445 32445 E C01707/CONCUR: [Interface] task 560 apply qos failed, errno = 4
09-19 15:00:51.085 32445 32445 E C01707/CONCUR: [Interface] task 573 apply qos failed, errno = 4
09-19 15:00:51.200 32445 32445 E C01707/CONCUR: [Interface] task 564 apply qos failed, errno = 4
09-19 15:00:51.203 32445 32445 E C01707/CONCUR: [Interface] task 560 apply qos failed, errno = 4
09-19 15:00:51.206 32445 32445 E C01707/CONCUR: [Interface] task 573 apply qos failed, errno = 4
09-19 15:00:51.209 32445 32445 E C01707/CONCUR: [Interface] task 564 apply qos failed, errno = 4
09-19 15:00:51.211 32445 32445 E C01707/CONCUR: [Interface] task 560 apply qos failed, errno = 4
09-19 15:00:51.215 32445 32445 E C01707/CONCUR: [Interface] task 573 apply qos failed, errno = 4
09-19 15:00:51.333 32445 32445 E C01707/CONCUR: [Interface] task 564 apply qos failed, errno = 4
09-19 15:00:51.336 32445 32445 E C01707/CONCUR: [Interface] task 560 apply qos failed, errno = 4
09-19 15:00:51.340 32445 32445 E C01707/CONCUR: [Interface] task 573 apply qos failed, errno = 4
09-19 15:00:51.345 32445 32445 E C01707/CONCUR: [Interface] task 564 apply qos failed, errno = 4
09-19 15:00:51.348 32445 32445 E C01707/CONCUR: [Interface] task 560 apply qos failed, errno = 4
09-19 15:00:51.351 32445 32445 E C01707/CONCUR: [Interface] task 573 apply qos failed, errno = 4
09-19 15:00:51.480 32445 32445 E C01707/CONCUR: [Interface] task 564 apply qos failed, errno = 4
09-19 15:00:51.485 32445 32445 E C01707/CONCUR: [Interface] task 560 apply qos failed, errno = 4
09-19 15:00:51.488 32445 32445 E C01707/CONCUR: [Interface] task 573 apply qos failed, errno = 4
09-19 15:00:51.494 32445 32445 E C01707/CONCUR: [Interface] task 564 apply qos failed, errno = 4
09-19 15:00:51.496 32445 32445 E C01707/CONCUR: [Interface] task 560 apply qos failed, errno = 4
09-19 15:00:51.500 32445 32445 E C01707/CONCUR: [Interface] task 573 apply qos failed, errno = 4
09-19 15:00:51.626 32445 32445 E C01707/CONCUR: [Interface] task 564 apply qos failed, errno = 4
09-19 15:00:51.630 32445 32445 E C01707/CONCUR: [Interface] task 560 apply qos failed, errno = 4
09-19 15:00:51.633 32445 32445 E C01707/CONCUR: [Interface] task 573 apply qos failed, errno = 4
09-19 15:00:51.637 32445 32445 E C01707/CONCUR: [Interface] task 564 apply qos failed, errno = 4
09-19 15:00:51.641 32445 32445 E C01707/CONCUR: [Interface] task 560 apply qos failed, errno = 4
09-19 15:00:51.645 32445 32445 E C01707/CONCUR: [Interface] task 573 apply qos failed, errno = 4
09-19 15:00:51.773 32445 32445 E C01707/CONCUR: [Interface] task 564 apply qos failed, errno = 4
09-19 15:00:51.776 32445 32445 E C01707/CONCUR: [Interface] task 560 apply qos failed, errno = 4
09-19 15:00:51.778 32445 32445 E C01707/CONCUR: [Interface] task 573 apply qos failed, errno = 4
09-19 15:00:51.781 32445 32445 E C01707/CONCUR: [Interface] task 564 apply qos failed, errno = 4
09-19 15:00:51.784 32445 32445 E C01707/CONCUR: [Interface] task 560 apply qos failed, errno = 4
09-19 15:00:51.786 32445 32445 E C01707/CONCUR: [Interface] task 573 apply qos failed, errno = 4
09-19 15:00:51.909 32445 32445 E C01707/CONCUR: [Interface] task 564 apply qos failed, errno = 4
09-19 15:00:51.911 32445 32445 E C01707/CONCUR: [Interface] task 560 apply qos failed, errno = 4
09-19 15:00:51.914 32445 32445 E C01707/CONCUR: [Interface] task 573 apply qos failed, errno = 4
09-19 15:00:51.918 32445 32445 E C01707/CONCUR: [Interface] task 564 apply qos failed, errno = 4
09-19 15:00:51.920 32445 32445 E C01707/CONCUR: [Interface] task 560 apply qos failed, errno = 4
09-19 15:00:51.922 32445 32445 E C01707/CONCUR: [Interface] task 573 apply qos failed, errno = 4
09-19 15:00:51.952 32445 32445 E C01707/CONCUR: [Interface] task 564 apply qos failed, errno = 4
09-19 15:00:51.954 32445 32445 E C01707/CONCUR: [Interface] task 560 apply qos failed, errno = 4
09-19 15:00:51.957 32445 32445 E C01707/CONCUR: [Interface] task 573 apply qos failed, errno = 4
09-19 15:00:51.961 32445 32445 E C01707/CONCUR: [Interface] task 564 apply qos failed, errno = 4
09-19 15:00:51.964 32445 32445 E C01707/CONCUR: [Interface] task 560 apply qos failed, errno = 4
09-19 15:00:51.966 32445 32445 E C01707/CONCUR: [Interface] task 573 apply qos failed, errno = 4
09-19 15:00:52.001 32445 32445 E C01707/CONCUR: [Interface] task 564 apply qos failed, errno = 4
09-19 15:00:52.003 32445 32445 E C01707/CONCUR: [Interface] task 560 apply qos failed, errno = 4
09-19 15:00:52.005 32445 32445 E C01707/CONCUR: [Interface] task 573 apply qos failed, errno = 4
09-19 15:00:52.008 32445 32445 E C01707/CONCUR: [Interface] task 564 apply qos failed, errno = 4
09-19 15:00:52.011 32445 32445 E C01707/CONCUR: [Interface] task 560 apply qos failed, errno = 4
09-19 15:00:52.013 32445 32445 E C01707/CONCUR: [Interface] task 573 apply qos failed, errno = 4
09-19 15:00:59.415 32445   491 I C01310/AppDfr: [watchdog.cpp356]Thread may be blocked, not report time. currTime: 1789801259415, lastTime: 1789801252416
09-19 15:01:02.416 32445   491 W C01310/AppDfr: [appfreeze_inner.cpp760]hisysevent write FREEZE_HALF_HIVIEW_LOG, pid:32445, packageName:, ret:0
09-19 15:01:02.416 32445   491 W C02d06/XCollie: Sample freeze half file=freeze_20260919150102_32445.txt
09-19 15:01:02.416 32445   491 I C01310/AppDfr: [appfreeze_inner.cpp595]start to sample freeze stack, eventName:THREAD_BLOCK_3S
09-19 15:01:02.416 32445   491 W C01310/AppDfr: [appfreeze_inner.cpp627]submit reportAppFreeze, name:THREAD_BLOCK_3S, startTime:2026-09-19 15:01:02.416
09-19 15:01:02.416 32445   491 E C02d06/XCollie: ThreadSampler initialize failed.
09-19 15:01:02.416 32445   618 I C01201/EventHandler: EventHandler start dumper!
09-19 15:01:02.417 32445   618 I C01201/EventHandler: EventHandler end dumper!
09-19 15:01:02.417 32445   618 W C01310/AppDfr: [appfreeze_inner.cpp683]get mainhandler dump, eventName:THREAD_BLOCK_3S, endTime:2026-09-19 15:01:02.417, interval:1 ms
09-19 15:01:02.417 32445   618 E C02d06/XCollie: no freeze callback
09-19 15:01:02.417 32445   618 I C03f00/ArkCompiler: [ecmascript] GC statistic, count: 455, maxPause: 23.07, minPause: 0.368, averagePause: 1.2238, lastStartTime: 1789801262412, lastEndTime: 1789801262412, lastType: Local GC
09-19 15:01:02.417 32445   618 I C01310/AppDfr: [appfreeze_inner.cpp388]heap info: HEAP_TOTAL_SIZE:15990784,HEAP_OBJECT_SIZE:13289472,HEAP_SHARED_SIZE:850456, process lifeTime: PROCESS_LIFETIME:65s
09-19 15:01:02.428 32445   543 W C02d11/DfxUnwinder: Failed to step first frame, lr fallback
09-19 15:01:02.435 32445   612 I C01310/AppDfr: [appfreeze_inner.cpp493]get main stack has finished less than 1s
09-19 15:01:02.435 32445   612 W C01310/AppDfr: [appfreeze_inner.cpp788]NotifyAppFault:THREAD_BLOCK_3S, pid:32445, bundleName:com.example.callaite currentTime:2026-09-19 15:01:02.435, processExit:1 appfreezeInfo:freeze_20260919150102_32445.txt enbleMainThreadSample:0.
09-19 15:01:02.435 32445   612 I C01311/AppMS: [app_mgr_proxy.cpp1740]called
09-19 15:01:02.521 32445   799 W C057c1/IPCWorkThread: ThreadHandler: proto:0 policy:0 name:OS_IPC_5_799 invoker:3222224
catcher cmd: hilog -z 1000 -P end time: 2026/09/19-15:01:02:584
---------------------------------------------------

---------------------------------------------------
MemoryCatcher -- start time: 2026/09/19-15:01:02:584

MemoryCatcher --

Get freeze memory start time: 2026-09-19 15:01:02.436
some avg10=0.00 avg60=0.00 avg300=0.00 total=3315768
full avg10=0.00 avg60=0.00 avg300=0.00 total=755769
MemTotal:        4025340 kB
MemFree:         2194580 kB
MemAvailable:    2779088 kB
Buffers:            7244 kB
Cached:           617632 kB
SwapCached:        27188 kB
Active:           472668 kB
Inactive:         960612 kB
Active(anon):      61528 kB
Inactive(anon):   767028 kB
Active(file):     411140 kB
Inactive(file):   193584 kB
Unevictable:           0 kB
Mlocked:               0 kB
SwapTotal:       2097148 kB
SwapFree:        1888764 kB
Dirty:                48 kB
Writeback:             0 kB
AnonPages:        796836 kB
Mapped:           315988 kB
Shmem:             20152 kB
KReclaimable:      45856 kB
Slab:             123132 kB
SReclaimable:      45856 kB
SUnreclaim:        77276 kB
KernelStack:       18544 kB
PageTables:        35208 kB
NFS_Unstable:          0 kB
Bounce:                0 kB
WritebackTmp:          0 kB
CommitLimit:     4109816 kB
Committed_AS:   26517228 kB
VmallocTotal:   34359738367 kB
VmallocUsed:       89184 kB
VmallocChunk:          0 kB
Percpu:             1488 kB
DirectMap4k:       24388 kB
DirectMap2M:     4169728 kB
Get freeze memory end time: 2026-09-19 15:01:02.436
don't collect ashmem dmaheap gpumem
MemoryCatcher -- end time: 2026/09/19-15:01:02:589
---------------------------------------------------

---------------------------------------------------
ThermalInfoCatcher -- start time: 2026/09/19-15:01:02:589

ThermalInfoCatcher --

ThermalLevel info: 0
ThermalInfoCatcher -- end time: 2026/09/19-15:01:02:594
---------------------------------------------------


Catcher log total time is 51ms

*******************************************
start time: 2026/09/19-15:01:05:515
DOMAIN = AAFWK
EVENTNAME = THREAD_BLOCK_6S
TIMESTAMP = 2026/09/19-15:01:05:511
PID = 32445
UID = 20020063
TID = 32445
PACKAGE_NAME = com.example.callaite
PROCESS_NAME = com.example.callaite
eventLog_action = t,cmd:c,cmd:cci,cmd:m,cmd:dam,tr,k:SysRqFile,hot,sli
eventLog_interval = 10
this thread has blocked 6000ms.
IS_FROZEN = 0
MainHeap(bytes): Used 20247696, Total 23068672
SharedHeap(bytes): Used 850456, Total 815792128
GC Status: count 576, maxPause 23.07ms, minPause 0.368ms, averagePause 1.09256ms, lastStartTime 2026/09/19-15:01:05.400, lastEndTime 2026/09/19-15:01:05.401, lastType Local GC
I/O(bytes): rchar 2387190, wchar 63931, syscr 1418, syscw 676, read_bytes 0, write_bytes 69632, cancelled_write_bytes 32768
MSG = 
Fault time:2026/09/19-15:01:05
App main thread is not response!

Main handler dump start time: 2026-09-19 15:01:05.415
mainHandler dump is:
 EventHandler dump begin curTime: 2026-09-19 15:01:05.415
 Event runner (Thread name = , Thread ID = 32445) is running
 Current Running: start at 2026-09-19 15:00:49.883, Event { send thread = 32445, send time = 2026-09-19 15:00:49.883, handle time = 2026-11-08 08:03:37.177, trigger time = 2026-09-19 15:00:49.883, task name = vSyncTask, caller = [event_queue.cpp(PostTaskForVsync:235)] }
 History event queue information:
 No. 0 : Event { send thread = 32445, send time = 2026-09-19 15:00:49.795, handle time = 2026-09-19 15:00:49.795, trigger time = 2026-09-19 15:00:49.803, completeTime time = 2026-09-19 15:00:49.880, priority = Low, task name = ArkUIRunPageUrl, caller = [task_runner_adapter_impl.cpp(PostTask:35)] }
 No. 1 : Event { send thread = 612, send time = 2026-09-19 15:00:49.863, handle time = 2026-09-19 15:00:49.863, trigger time = 2026-09-19 15:00:49.880, completeTime time = 2026-09-19 15:00:49.880, priority = Immediate, task name = GetBundleInfoForSelf, caller = [ohos_js_environment_impl.cpp(PostTaskToHandler:72)] }
 No. 2 : Event { send thread = 543, send time = 2026-09-19 15:00:49.845, handle time = 2026-09-19 15:00:49.845, trigger time = 2026-09-19 15:00:49.880, completeTime time = 2026-09-19 15:00:49.881, priority = High, task name = JsWindowManager::OnGetTopWindow, caller = [ohos_js_environment_impl.cpp(PostTaskToHandler:72)] }
 No. 3 : Event { send thread = 32445, send time = 2026-09-19 15:00:49.795, handle time = 2026-09-19 15:00:49.795, trigger time = 2026-09-19 15:00:49.881, completeTime time = 2026-09-19 15:00:49.881, priority = Low, task name = ArkUISetSingleHandTransform, caller = [task_runner_adapter_impl.cpp(PostTask:35)] }
 No. 4 : Event { send thread = 32445, send time = 2026-09-19 15:00:49.795, handle time = 2026-09-19 15:00:49.795, trigger time = 2026-09-19 15:00:49.881, completeTime time = 2026-09-19 15:00:49.881, priority = Low, task name = ArkUIStatusBarItemColor, caller = [task_runner_adapter_impl.cpp(PostTask:35)] }
 No. 5 : Event { send thread = 32445, send time = 2026-09-19 15:00:49.795, handle time = 2026-09-19 15:00:49.795, trigger time = 2026-09-19 15:00:49.881, completeTime time = 2026-09-19 15:00:49.881, priority = Low, task name = ArkUINotifyWindowMode, caller = [task_runner_adapter_impl.cpp(PostTask:35)] }
 No. 6 : Event { send thread = 32445, send time = 2026-09-19 15:00:49.799, handle time = 2026-09-19 15:00:49.799, trigger time = 2026-09-19 15:00:49.881, completeTime time = 2026-09-19 15:00:49.881, priority = Low, task name = ArkUIUpdateBrightness, caller = [task_runner_adapter_impl.cpp(PostTask:35)] }
 No. 7 : Event { send thread = 32445, send time = 2026-09-19 15:00:49.799, handle time = 2026-09-19 15:00:49.799, trigger time = 2026-09-19 15:00:49.881, completeTime time = 2026-09-19 15:00:49.882, priority = Low, task name = ArkUIUpdateViewportConfig, caller = [task_runner_adapter_impl.cpp(PostTask:35)] }
 No. 8 : Event { send thread = 32445, send time = 2026-09-19 15:00:49.799, handle time = 2026-09-19 15:00:49.799, trigger time = 2026-09-19 15:00:49.882, completeTime time = 2026-09-19 15:00:49.882, priority = Low, task name = ArkUIUpdateSessionViewportConfig, caller = [task_runner_adapter_impl.cpp(PostTask:35)] }
 No. 9 : Event { send thread = 32445, send time = 2026-09-19 15:00:49.799, handle time = 2026-09-19 15:00:49.799, trigger time = 2026-09-19 15:00:49.882, completeTime time = 2026-09-19 15:00:49.882, priority = Low, task name = ArkUIFrontendActive, caller = [task_runner_adapter_impl.cpp(PostTask:35)] }
 No. 10 : Event { send thread = 32445, send time = 2026-09-19 15:00:49.799, handle time = 2026-09-19 15:00:49.799, trigger time = 2026-09-19 15:00:49.882, completeTime time = 2026-09-19 15:00:49.882, priority = Low, task name = ArkUIWindowFocus, caller = [task_runner_adapter_impl.cpp(PostTask:35)] }
 No. 11 : Event { send thread = 32445, send time = 2026-09-19 15:00:49.799, handle time = 2026-09-19 15:00:49.799, trigger time = 2026-09-19 15:00:49.882, completeTime time = 2026-09-19 15:00:49.882, priority = Low, task name = ArkUISetOnWindowFocusedCallback, caller = [task_runner_adapter_impl.cpp(PostTask:35)] }
 No. 12 : Event { send thread = 32445, send time = 2026-09-19 15:00:49.799, handle time = 2026-09-19 15:00:49.799, trigger time = 2026-09-19 15:00:49.882, completeTime time = 2026-09-19 15:00:49.883, priority = Low, task name = ArkUIFrontendActive, caller = [task_runner_adapter_impl.cpp(PostTask:35)] }
 No. 13 : Event { send thread = 32445, send time = 2026-09-19 15:00:49.799, handle time = 2026-09-19 15:00:49.799, trigger time = 2026-09-19 15:00:49.883, completeTime time = 2026-09-19 15:00:49.883, priority = Low, task name = ArkUIWindowActivate, caller = [task_runner_adapter_impl.cpp(PostTask:35)] }
 No. 14 : Event { send thread = 32445, send time = 2026-09-19 15:00:49.801, handle time = 2026-09-19 15:00:49.801, trigger time = 2026-09-19 15:00:49.883, completeTime time = 2026-09-19 15:00:49.883, priority = Low, task name = ArkUIWindowRectChange, caller = [task_runner_adapter_impl.cpp(PostTask:35)] }
 No. 15 : Event { send thread = 32445, send time = 2026-09-19 15:00:49.802, handle time = 2026-09-19 15:00:49.802, trigger time = 2026-09-19 15:00:49.883, completeTime time = 2026-09-19 15:00:49.883, priority = Low, task name = ArkUIUpdateOriginAvoidAreaAndExecuteKeyboardAvoid, caller = [task_runner_adapter_impl.cpp(PostTask:35)] }
 No. 16 : Event { send thread = 32445, send time = 2026-09-19 15:00:49.803, handle time = 2026-09-19 15:00:49.803, trigger time = 2026-09-19 15:00:49.883, completeTime time = 2026-09-19 15:00:49.883, priority = Low, task name = ArkUIUpdateOriginAvoidAreaAndExecuteKeyboardAvoid, caller = [task_runner_adapter_impl.cpp(PostTask:35)] }
 No. 17 : Event { send thread = 32445, send time = 2026-09-19 15:00:49.798, handle time = 2026-09-19 15:00:49.849, trigger time = 2026-09-19 15:00:49.883, completeTime time = 2026-09-19 15:00:49.883, priority = Low, task name = ArkUIIdleTask, caller = [task_runner_adapter_impl.cpp(PostDelayedTask:46)] }
 No. 18 : Event { send thread = 32445, send time = 2026-09-19 15:00:49.883, handle time = 2026-11-08 08:03:37.177, trigger time = 2026-09-19 15:00:49.883, completeTime time = , priority = VIP, task name = vSyncTask, caller = [event_queue.cpp(PostTaskForVsync:235)] }
 No. 19 : Event { send thread = 32445, send time = 2026-09-19 15:00:49.766, handle time = 2026-09-19 15:00:49.766, trigger time = 2026-09-19 15:00:49.802, completeTime time = 2026-09-19 15:00:49.802, priority = Low, task name = ArkUISetThreadPriority, caller = [task_runner_adapter_impl.cpp(PostTask:35)] }
 No. 20 : Event { send thread = 32445, send time = 2026-09-19 15:00:49.766, handle time = 2026-09-19 15:00:49.766, trigger time = 2026-09-19 15:00:49.802, completeTime time = 2026-09-19 15:00:49.802, priority = Low, task name = ArkUISetThreadPriority, caller = [task_runner_adapter_impl.cpp(PostTask:35)] }
 No. 21 : Event { send thread = 32445, send time = 2026-09-19 15:00:49.766, handle time = 2026-09-19 15:00:49.766, trigger time = 2026-09-19 15:00:49.802, completeTime time = 2026-09-19 15:00:49.802, priority = Low, task name = ArkUIFillTaskTypeTable, caller = [task_runner_adapter_impl.cpp(PostTask:35)] }
 No. 22 : Event { send thread = 32445, send time = 2026-09-19 15:00:49.766, handle time = 2026-09-19 15:00:49.766, trigger time = 2026-09-19 15:00:49.802, completeTime time = 2026-09-19 15:00:49.802, priority = Low, task name = ArkUIFillTaskTypeTable, caller = [task_runner_adapter_impl.cpp(PostTask:35)] }
 No. 23 : Event { send thread = 32445, send time = 2026-09-19 15:00:49.766, handle time = 2026-09-19 15:00:49.766, trigger time = 2026-09-19 15:00:49.802, completeTime time = 2026-09-19 15:00:49.802, priority = Low, task name = ArkUIFillTaskTypeTable, caller = [task_runner_adapter_impl.cpp(PostTask:35)] }
 No. 24 : Event { send thread = 32445, send time = 2026-09-19 15:00:49.766, handle time = 2026-09-19 15:00:49.766, trigger time = 2026-09-19 15:00:49.802, completeTime time = 2026-09-19 15:00:49.802, priority = Low, task name = ArkUIFillTaskTypeTable, caller = [task_runner_adapter_impl.cpp(PostTask:35)] }
 No. 25 : Event { send thread = 32445, send time = 2026-09-19 15:00:49.767, handle time = 2026-09-19 15:00:49.767, trigger time = 2026-09-19 15:00:49.802, completeTime time = 2026-09-19 15:00:49.802, priority = Low, task name = ArkUISetJsMessageDispatcher, caller = [task_runner_adapter_impl.cpp(PostTask:35)] }
 No. 26 : Event { send thread = 32445, send time = 2026-09-19 15:00:49.768, handle time = 2026-09-19 15:00:49.768, trigger time = 2026-09-19 15:00:49.802, completeTime time = 2026-09-19 15:00:49.802, priority = Low, task name = ArkUIPageSwitchLogStatusChanged, caller = [task_runner_adapter_impl.cpp(PostTask:35)] }
 No. 27 : Event { send thread = 32445, send time = 2026-09-19 15:00:49.783, handle time = 2026-09-19 15:00:49.783, trigger time = 2026-09-19 15:00:49.802, completeTime time = 2026-09-19 15:00:49.803, priority = Low, task name = ArkUIFrontendActive, caller = [task_runner_adapter_impl.cpp(PostTask:35)] }
 No. 28 : Event { send thread = 32445, send time = 2026-09-19 15:00:49.783, handle time = 2026-09-19 15:00:49.783, trigger time = 2026-09-19 15:00:49.803, completeTime time = 2026-09-19 15:00:49.803, priority = Low, task name = ArkUIWindowFocus, caller = [task_runner_adapter_impl.cpp(PostTask:35)] }
 No. 29 : Event { send thread = 489, send time = 2026-09-19 15:00:49.789, handle time = 2026-09-19 15:00:49.789, trigger time = 2026-09-19 15:00:49.803, completeTime time = 2026-09-19 15:00:49.803, priority = Low, task name = WMS_WindowSessionImpl_UpdateRectForOtherReason, caller = [window_session_impl.cpp(UpdateRectForOtherReason:1693)] }
 No. 30 : Event { send thread = 32445, send time = 2026-09-19 15:00:49.803, handle time = 2026-09-19 15:00:49.803, trigger time = 2026-09-19 15:00:49.803, completeTime time = 2026-09-19 15:00:49.803, priority = VIP, task name = UpdateDisplayValid5, caller = [native_event.cpp(SendEventByEventHandler:322)] }
 No. 31 : Event { send thread = 32445, send time = 2026-09-19 15:00:49.794, handle time = 2026-09-19 15:00:49.794, trigger time = 2026-09-19 15:00:49.803, completeTime time = 2026-09-19 15:00:49.803, priority = Low, task name = ArkUIParseI18nJsonInfo, caller = [task_runner_adapter_impl.cpp(PostTask:35)] }
 VIP priority event queue information:
 No.1 : Event { send thread = 491, send time = 2026-09-19 15:00:52.416, handle time = 2026-09-19 15:00:52.416, id = 1, caller = [watchdog.cpp(Timer:303)] }
 No.2 : Event { send thread = 491, send time = 2026-09-19 15:00:59.415, handle time = 2026-09-19 15:00:59.415, id = 1, caller = [watchdog.cpp(Timer:303)] }
 No.3 : Event { send thread = 491, send time = 2026-09-19 15:01:02.416, handle time = 2026-09-19 15:01:02.416, id = 1, caller = [watchdog.cpp(Timer:303)] }
 No.4 : Event { send thread = 491, send time = 2026-09-19 15:01:05.415, handle time = 2026-09-19 15:01:05.415, id = 1, caller = [watchdog.cpp(Timer:303)] }
 Total size of VIP events : 4
 Immediate priority event queue information:
 Total size of Immediate events : 0
 High priority event queue information:
 No.1 : Event { send thread = 32445, send time = 2026-09-19 15:00:49.882, handle time = 2026-09-19 15:00:49.882, task name = uvLoopTask, caller = [event_queue.cpp(HandleFileDescriptorEvent:313)] }
 Total size of High events : 1
 Low priority event queue information:
 No.1 : Event { send thread = 32445, send time = 2026-09-19 15:00:49.889, handle time = 2026-09-19 15:00:49.940, task name = ArkUIIdleTask, caller = [task_runner_adapter_impl.cpp(PostDelayedTask:46)] }
 No.2 : Event { send thread = 32445, send time = 2026-09-19 15:00:49.889, handle time = 2026-09-19 15:00:50.389, task name = ArkUIVsyncTimeoutCheck, caller = [task_runner_adapter_impl.cpp(PostDelayedTask:46)] }
 No.3 : Event { send thread = 32445, send time = 2026-09-19 15:00:49.890, handle time = 2026-09-19 15:00:50.490, task name = vsync_time_out_task_139350213918721, caller = [vsync_station.cpp(RequestVsync:148)] }
 No.4 : Event { send thread = 32445, send time = 2026-09-19 15:00:49.509, handle time = 2026-09-19 15:00:50.509, task name = AppRecovery:AddAbility, caller = [app_recovery.cpp(AddAbility:133)] }
 No.5 : Event { send thread = 32445, send time = 2026-09-19 15:00:49.880, handle time = 2026-09-19 15:00:51.880, task name = ExtensionTransparentDetector, caller = [task_runner_adapter_impl.cpp(PostDelayedTask:46)] }
 No.6 : Event { send thread = 32445, send time = 2026-09-19 15:00:49.890, handle time = 2026-09-19 15:00:52.890, task name = ArkUIVsyncTimeoutCheck, caller = [task_runner_adapter_impl.cpp(PostDelayedTask:46)] }
 No.7 : Event { send thread = 32445, send time = 2026-09-19 15:00:49.842, handle time = 2026-09-19 15:00:54.842, task name = TriggerModuleSerializer, caller = [task_runner_adapter_impl.cpp(PostDelayedTask:46)] }
 Total size of Low events : 7
 Idle priority event queue information:
 No.1 : Event { send thread = 580, send time = 2026-09-19 15:00:49.982, handle time = 2026-09-19 15:00:49.982, task name = uv_io_cb, caller = [ohos_js_environment_impl.cpp(PostTaskToHandler:72)] }
 No.2 : Event { send thread = 580, send time = 2026-09-19 15:00:50.208, handle time = 2026-09-19 15:00:50.208, task name = uv_io_cb, caller = [ohos_js_environment_impl.cpp(PostTaskToHandler:72)] }
 Total size of Idle events : 2
 Total event size : 14
Main handler dump end time: 2026-09-19 15:01:05.416

Catche stack trace start time: 2026-09-19 15:01:05.418

Tid:32445, Name:xample.callaite
state=R, utime=1514, stime=65, priority=10, nice=-10, clk=100
#00 pc 00000000010b0014 /system/lib64/module/arkcompiler/stub.an(BCStub_HandleCreateemptyarrayImm8StwCopy+1028)
#01 pc 0000000000000002 Not mapped
Tid:530, Name:OS_IPC_2_530
state=S, utime=0, stime=0, priority=0, nice=-20, clk=100
#00 pc 00000000000dc469 /system/lib/ld-musl-x86_64.so.1(ioctl+185)(74178aa6301b8bad2ac9b6d7f2361221)
#01 pc 0000000000010ca7 /system/lib64/platformsdk/libipc_common.z.so(OHOS::BinderConnector::WriteBinder(unsigned long, void*)+55)(ae9fe169bf1f8b0397c31ba1b67e0e94)
#02 pc 000000000007e34d /system/lib64/platformsdk/libipc_single.z.so(OHOS::BinderInvoker::TransactWithDriver(bool)+269)(216555c1ccaa2644568394a99c5a7547)
#03 pc 000000000007e71a /system/lib64/platformsdk/libipc_single.z.so(OHOS::BinderInvoker::StartWorkLoop()+106)(216555c1ccaa2644568394a99c5a7547)
#04 pc 0000000000080c28 /system/lib64/platformsdk/libipc_single.z.so(OHOS::BinderInvoker::JoinThread(bool)+40)(216555c1ccaa2644568394a99c5a7547)
#05 pc 00000000000769f5 /system/lib64/platformsdk/libipc_single.z.so(OHOS::IPCWorkThread::ThreadHandler(void*)+901)(216555c1ccaa2644568394a99c5a7547)
#06 pc 00000000001299e7 /system/lib/ld-musl-x86_64.so.1(74178aa6301b8bad2ac9b6d7f2361221)
#07 pc 0000000000090f8e /system/lib/ld-musl-x86_64.so.1(74178aa6301b8bad2ac9b6d7f2361221)
Tid:489, Name:OS_IPC_0_489
state=S, utime=0, stime=1, priority=0, nice=-20, clk=100
#00 pc 00000000000dc46b /system/lib/ld-musl-x86_64.so.1(ioctl+187)(74178aa6301b8bad2ac9b6d7f2361221)
#01 pc 0000000000010ca7 /system/lib64/platformsdk/libipc_common.z.so(OHOS::BinderConnector::WriteBinder(unsigned long, void*)+55)(ae9fe169bf1f8b0397c31ba1b67e0e94)
#02 pc 000000000007e34d /system/lib64/platformsdk/libipc_single.z.so(OHOS::BinderInvoker::TransactWithDriver(bool)+269)(216555c1ccaa2644568394a99c5a7547)
#03 pc 000000000007e71a /system/lib64/platformsdk/libipc_single.z.so(OHOS::BinderInvoker::StartWorkLoop()+106)(216555c1ccaa2644568394a99c5a7547)
#04 pc 0000000000080c28 /system/lib64/platformsdk/libipc_single.z.so(OHOS::BinderInvoker::JoinThread(bool)+40)(216555c1ccaa2644568394a99c5a7547)
#05 pc 00000000000769f5 /system/lib64/platformsdk/libipc_single.z.so(OHOS::IPCWorkThread::ThreadHandler(void*)+901)(216555c1ccaa2644568394a99c5a7547)
#06 pc 00000000001299e7 /system/lib/ld-musl-x86_64.so.1(74178aa6301b8bad2ac9b6d7f2361221)
#07 pc 0000000000090f8e /system/lib/ld-musl-x86_64.so.1(74178aa6301b8bad2ac9b6d7f2361221)
Tid:490, Name:OS_IPC_1_490
state=S, utime=0, stime=0, priority=0, nice=-20, clk=100
#00 pc 00000000000dc46b /system/lib/ld-musl-x86_64.so.1(ioctl+187)(74178aa6301b8bad2ac9b6d7f2361221)
#01 pc 0000000000010ca7 /system/lib64/platformsdk/libipc_common.z.so(OHOS::BinderConnector::WriteBinder(unsigned long, void*)+55)(ae9fe169bf1f8b0397c31ba1b67e0e94)
#02 pc 000000000007e34d /system/lib64/platformsdk/libipc_single.z.so(OHOS::BinderInvoker::TransactWithDriver(bool)+269)(216555c1ccaa2644568394a99c5a7547)
#03 pc 000000000007e71a /system/lib64/platformsdk/libipc_single.z.so(OHOS::BinderInvoker::StartWorkLoop()+106)(216555c1ccaa2644568394a99c5a7547)
#04 pc 0000000000080c28 /system/lib64/platformsdk/libipc_single.z.so(OHOS::BinderInvoker::JoinThread(bool)+40)(216555c1ccaa2644568394a99c5a7547)
#05 pc 00000000000769f5 /system/lib64/platformsdk/libipc_single.z.so(OHOS::IPCWorkThread::ThreadHandler(void*)+901)(216555c1ccaa2644568394a99c5a7547)
#06 pc 00000000001299e7 /system/lib/ld-musl-x86_64.so.1(74178aa6301b8bad2ac9b6d7f2361221)
#07 pc 0000000000090f8e /system/lib/ld-musl-x86_64.so.1(74178aa6301b8bad2ac9b6d7f2361221)
Tid:491, Name:OS_DfxWatchdog
state=S, utime=0, stime=0, priority=0, nice=-20, clk=100
#00 pc 0000000000125ee9 /system/lib/ld-musl-x86_64.so.1(74178aa6301b8bad2ac9b6d7f2361221)
#01 pc 0000000000127883 /system/lib/ld-musl-x86_64.so.1(pthread_cond_timedwait+195)(74178aa6301b8bad2ac9b6d7f2361221)
#02 pc 00000000000c74e7 /system/lib64/chipset-sdk-sp/libc++.so(std::__h::condition_variable::__do_timed_wait(std::__h::unique_lock<std::__h::mutex>&, std::__h::chrono::time_point<std::__h::chrono::system_clock, std::__h::chrono::duration<long long, std::__h::ratio<1l, 1000000000l>>>)+103)(ca45f3285cb13d8a615c2dcf32305914fbc391ad)
#03 pc 00000000000245a0 /system/lib64/chipset-sdk-sp/libhicollie.z.so(0d0f332b1d543f1b44cdc8747e67264a)
#04 pc 00000000000242a1 /system/lib64/chipset-sdk-sp/libhicollie.z.so(0d0f332b1d543f1b44cdc8747e67264a)
#05 pc 000000000002c17d /system/lib64/chipset-sdk-sp/libhicollie.z.so(0d0f332b1d543f1b44cdc8747e67264a)
#06 pc 00000000001299e7 /system/lib/ld-musl-x86_64.so.1(74178aa6301b8bad2ac9b6d7f2361221)
#07 pc 0000000000090f8e /system/lib/ld-musl-x86_64.so.1(74178aa6301b8bad2ac9b6d7f2361221)
Tid:501, Name:OS_FFRT_Delay
state=S, utime=0, stime=0, priority=0, nice=-20, clk=100
#00 pc 00000000000b837f /system/lib/ld-musl-x86_64.so.1(epoll_wait+31)(74178aa6301b8bad2ac9b6d7f2361221)
#01 pc 00000000000b2cda /system/lib64/ndk/libffrt.so(6014d53b82cd59820b512f223d249356)
#02 pc 00000000001299e7 /system/lib/ld-musl-x86_64.so.1(74178aa6301b8bad2ac9b6d7f2361221)
#03 pc 0000000000090f8e /system/lib/ld-musl-x86_64.so.1(74178aa6301b8bad2ac9b6d7f2361221)
Tid:531, Name:OS_IPC_3_531
state=S, utime=0, stime=0, priority=0, nice=-20, clk=100
#00 pc 00000000000dc46b /system/lib/ld-musl-x86_64.so.1(ioctl+187)(74178aa6301b8bad2ac9b6d7f2361221)
#01 pc 0000000000010ca7 /system/lib64/platformsdk/libipc_common.z.so(OHOS::BinderConnector::WriteBinder(unsigned long, void*)+55)(ae9fe169bf1f8b0397c31ba1b67e0e94)
#02 pc 000000000007e34d /system/lib64/platformsdk/libipc_single.z.so(OHOS::BinderInvoker::TransactWithDriver(bool)+269)(216555c1ccaa2644568394a99c5a7547)
#03 pc 000000000007e71a /system/lib64/platformsdk/libipc_single.z.so(OHOS::BinderInvoker::StartWorkLoop()+106)(216555c1ccaa2644568394a99c5a7547)
#04 pc 0000000000080c28 /system/lib64/platformsdk/libipc_single.z.so(OHOS::BinderInvoker::JoinThread(bool)+40)(216555c1ccaa2644568394a99c5a7547)
#05 pc 00000000000769f5 /system/lib64/platformsdk/libipc_single.z.so(OHOS::IPCWorkThread::ThreadHandler(void*)+901)(216555c1ccaa2644568394a99c5a7547)
#06 pc 00000000001299e7 /system/lib/ld-musl-x86_64.so.1(74178aa6301b8bad2ac9b6d7f2361221)
#07 pc 0000000000090f8e /system/lib/ld-musl-x86_64.so.1(74178aa6301b8bad2ac9b6d7f2361221)
Tid:543, Name:OS_FFRT_2_0
state=S, utime=0, stime=3, priority=0, nice=-20, clk=100
#00 pc 0000000000125ee9 /system/lib/ld-musl-x86_64.so.1(74178aa6301b8bad2ac9b6d7f2361221)
#01 pc 0000000000127883 /system/lib/ld-musl-x86_64.so.1(pthread_cond_timedwait+195)(74178aa6301b8bad2ac9b6d7f2361221)
#02 pc 00000000000c74e7 /system/lib64/chipset-sdk-sp/libc++.so(std::__h::condition_variable::__do_timed_wait(std::__h::unique_lock<std::__h::mutex>&, std::__h::chrono::time_point<std::__h::chrono::system_clock, std::__h::chrono::duration<long long, std::__h::ratio<1l, 1000000000l>>>)+103)(ca45f3285cb13d8a615c2dcf32305914fbc391ad)
#03 pc 000000000008bcb0 /system/lib64/ndk/libffrt.so(6014d53b82cd59820b512f223d249356)
#04 pc 00000000000760ef /system/lib64/ndk/libffrt.so(6014d53b82cd59820b512f223d249356)
#05 pc 0000000000075eaf /system/lib64/ndk/libffrt.so(6014d53b82cd59820b512f223d249356)
#06 pc 0000000000075d79 /system/lib64/ndk/libffrt.so(6014d53b82cd59820b512f223d249356)
#07 pc 00000000001299e7 /system/lib/ld-musl-x86_64.so.1(74178aa6301b8bad2ac9b6d7f2361221)
#08 pc 0000000000090f8e /system/lib/ld-musl-x86_64.so.1(74178aa6301b8bad2ac9b6d7f2361221)
Tid:544, Name:OS_GC_Thread
state=S, utime=0, stime=0, priority=0, nice=-20, clk=100
#00 pc 0000000000125ee9 /system/lib/ld-musl-x86_64.so.1(74178aa6301b8bad2ac9b6d7f2361221)
#01 pc 0000000000127883 /system/lib/ld-musl-x86_64.so.1(pthread_cond_timedwait+195)(74178aa6301b8bad2ac9b6d7f2361221)
#02 pc 00000000009cd4ca /system/lib64/platformsdk/libark_jsruntime.so(3403c0dea7c24e42adea4ee0f5dd2803)
#03 pc 00000000009cd443 /system/lib64/platformsdk/libark_jsruntime.so(3403c0dea7c24e42adea4ee0f5dd2803)
#04 pc 00000000009cd8b5 /system/lib64/platformsdk/libark_jsruntime.so(3403c0dea7c24e42adea4ee0f5dd2803)
#05 pc 00000000001299e7 /system/lib/ld-musl-x86_64.so.1(74178aa6301b8bad2ac9b6d7f2361221)
#06 pc 0000000000090f8e /system/lib/ld-musl-x86_64.so.1(74178aa6301b8bad2ac9b6d7f2361221)
Tid:560, Name:OS_GC_Thread
state=S, utime=18, stime=3, priority=0, nice=-20, clk=100
#00 pc 0000000000125ee9 /system/lib/ld-musl-x86_64.so.1(74178aa6301b8bad2ac9b6d7f2361221)
#01 pc 0000000000127883 /system/lib/ld-musl-x86_64.so.1(pthread_cond_timedwait+195)(74178aa6301b8bad2ac9b6d7f2361221)
#02 pc 00000000000c7451 /system/lib64/chipset-sdk-sp/libc++.so(std::__h::condition_variable::wait(std::__h::unique_lock<std::__h::mutex>&)+17)(ca45f3285cb13d8a615c2dcf32305914fbc391ad)
#03 pc 0000000000a298fd /system/lib64/platformsdk/libark_jsruntime.so(3403c0dea7c24e42adea4ee0f5dd2803)
#04 pc 0000000000a29475 /system/lib64/platformsdk/libark_jsruntime.so(3403c0dea7c24e42adea4ee0f5dd2803)
#05 pc 0000000000a2955a /system/lib64/platformsdk/libark_jsruntime.so(3403c0dea7c24e42adea4ee0f5dd2803)
#06 pc 00000000001299e7 /system/lib/ld-musl-x86_64.so.1(74178aa6301b8bad2ac9b6d7f2361221)
#07 pc 0000000000090f8e /system/lib/ld-musl-x86_64.so.1(74178aa6301b8bad2ac9b6d7f2361221)
Tid:564, Name:OS_GC_Thread
state=S, utime=18, stime=4, priority=0, nice=-20, clk=100
#00 pc 0000000000125ee9 /system/lib/ld-musl-x86_64.so.1(74178aa6301b8bad2ac9b6d7f2361221)
#01 pc 0000000000127883 /system/lib/ld-musl-x86_64.so.1(pthread_cond_timedwait+195)(74178aa6301b8bad2ac9b6d7f2361221)
#02 pc 00000000000c7451 /system/lib64/chipset-sdk-sp/libc++.so(std::__h::condition_variable::wait(std::__h::unique_lock<std::__h::mutex>&)+17)(ca45f3285cb13d8a615c2dcf32305914fbc391ad)
#03 pc 0000000000a298fd /system/lib64/platformsdk/libark_jsruntime.so(3403c0dea7c24e42adea4ee0f5dd2803)
#04 pc 0000000000a29475 /system/lib64/platformsdk/libark_jsruntime.so(3403c0dea7c24e42adea4ee0f5dd2803)
#05 pc 0000000000a2955a /system/lib64/platformsdk/libark_jsruntime.so(3403c0dea7c24e42adea4ee0f5dd2803)
#06 pc 00000000001299e7 /system/lib/ld-musl-x86_64.so.1(74178aa6301b8bad2ac9b6d7f2361221)
#07 pc 0000000000090f8e /system/lib/ld-musl-x86_64.so.1(74178aa6301b8bad2ac9b6d7f2361221)
Tid:573, Name:OS_GC_Thread
state=S, utime=14, stime=10, priority=0, nice=-20, clk=100
#00 pc 0000000000125ee9 /system/lib/ld-musl-x86_64.so.1(74178aa6301b8bad2ac9b6d7f2361221)
#01 pc 0000000000127883 /system/lib/ld-musl-x86_64.so.1(pthread_cond_timedwait+195)(74178aa6301b8bad2ac9b6d7f2361221)
#02 pc 00000000000c7451 /system/lib64/chipset-sdk-sp/libc++.so(std::__h::condition_variable::wait(std::__h::unique_lock<std::__h::mutex>&)+17)(ca45f3285cb13d8a615c2dcf32305914fbc391ad)
#03 pc 0000000000a298fd /system/lib64/platformsdk/libark_jsruntime.so(3403c0dea7c24e42adea4ee0f5dd2803)
#04 pc 0000000000a29475 /system/lib64/platformsdk/libark_jsruntime.so(3403c0dea7c24e42adea4ee0f5dd2803)
#05 pc 0000000000a2955a /system/lib64/platformsdk/libark_jsruntime.so(3403c0dea7c24e42adea4ee0f5dd2803)
#06 pc 00000000001299e7 /system/lib/ld-musl-x86_64.so.1(74178aa6301b8bad2ac9b6d7f2361221)
#07 pc 0000000000090f8e /system/lib/ld-musl-x86_64.so.1(74178aa6301b8bad2ac9b6d7f2361221)
Tid:578, Name:OS_FFRT_3_0
state=S, utime=4, stime=9, priority=0, nice=-20, clk=100
#00 pc 0000000000125ee9 /system/lib/ld-musl-x86_64.so.1(74178aa6301b8bad2ac9b6d7f2361221)
#01 pc 0000000000127883 /system/lib/ld-musl-x86_64.so.1(pthread_cond_timedwait+195)(74178aa6301b8bad2ac9b6d7f2361221)
#02 pc 00000000000c74e7 /system/lib64/chipset-sdk-sp/libc++.so(std::__h::condition_variable::__do_timed_wait(std::__h::unique_lock<std::__h::mutex>&, std::__h::chrono::time_point<std::__h::chrono::system_clock, std::__h::chrono::duration<long long, std::__h::ratio<1l, 1000000000l>>>)+103)(ca45f3285cb13d8a615c2dcf32305914fbc391ad)
#03 pc 000000000008bcb0 /system/lib64/ndk/libffrt.so(6014d53b82cd59820b512f223d249356)
#04 pc 00000000000760ef /system/lib64/ndk/libffrt.so(6014d53b82cd59820b512f223d249356)
#05 pc 0000000000075eaf /system/lib64/ndk/libffrt.so(6014d53b82cd59820b512f223d249356)
#06 pc 0000000000075d79 /system/lib64/ndk/libffrt.so(6014d53b82cd59820b512f223d249356)
#07 pc 00000000001299e7 /system/lib/ld-musl-x86_64.so.1(74178aa6301b8bad2ac9b6d7f2361221)
#08 pc 0000000000090f8e /system/lib/ld-musl-x86_64.so.1(74178aa6301b8bad2ac9b6d7f2361221)
Tid:579, Name:OS_hdcRegister
state=S, utime=0, stime=0, priority=0, nice=-20, clk=100
#00 pc 00000000000b837f /system/lib/ld-musl-x86_64.so.1(epoll_wait+31)(74178aa6301b8bad2ac9b6d7f2361221)
#01 pc 000000000000660f /system/lib64/platformsdk/libhdc_register.z.so(Hdc::HdcJdwpSimulator::ReadFromJdwp()+367)(4c41d0541b0381aaf6674e818696d512)
#02 pc 0000000000006ba3 /system/lib64/platformsdk/libhdc_register.z.so(Hdc::HdcJdwpSimulator::Connect()+195)(4c41d0541b0381aaf6674e818696d512)
#03 pc 00000000000052ef /system/lib64/platformsdk/libhdc_register.z.so(Hdc::HdcConnectRun(void*)+559)(4c41d0541b0381aaf6674e818696d512)
#04 pc 00000000001299e7 /system/lib/ld-musl-x86_64.so.1(74178aa6301b8bad2ac9b6d7f2361221)
#05 pc 0000000000090f8e /system/lib/ld-musl-x86_64.so.1(74178aa6301b8bad2ac9b6d7f2361221)
Tid:580, Name:OS_FFRT_0_0
state=S, utime=0, stime=0, priority=0, nice=-20, clk=100
#00 pc 0000000000125ee9 /system/lib/ld-musl-x86_64.so.1(74178aa6301b8bad2ac9b6d7f2361221)
#01 pc 0000000000127883 /system/lib/ld-musl-x86_64.so.1(pthread_cond_timedwait+195)(74178aa6301b8bad2ac9b6d7f2361221)
#02 pc 00000000000c74e7 /system/lib64/chipset-sdk-sp/libc++.so(std::__h::condition_variable::__do_timed_wait(std::__h::unique_lock<std::__h::mutex>&, std::__h::chrono::time_point<std::__h::chrono::system_clock, std::__h::chrono::duration<long long, std::__h::ratio<1l, 1000000000l>>>)+103)(ca45f3285cb13d8a615c2dcf32305914fbc391ad)
#03 pc 000000000008bcb0 /system/lib64/ndk/libffrt.so(6014d53b82cd59820b512f223d249356)
#04 pc 00000000000760ef /system/lib64/ndk/libffrt.so(6014d53b82cd59820b512f223d249356)
#05 pc 0000000000075eaf /system/lib64/ndk/libffrt.so(6014d53b82cd59820b512f223d249356)
#06 pc 0000000000075d79 /system/lib64/ndk/libffrt.so(6014d53b82cd59820b512f223d249356)
#07 pc 00000000001299e7 /system/lib/ld-musl-x86_64.so.1(74178aa6301b8bad2ac9b6d7f2361221)
#08 pc 0000000000090f8e /system/lib/ld-musl-x86_64.so.1(74178aa6301b8bad2ac9b6d7f2361221)
Tid:597, Name:sandbox_thread
state=S, utime=0, stime=0, priority=0, nice=-20, clk=100
#00 pc 0000000000125ee9 /system/lib/ld-musl-x86_64.so.1(74178aa6301b8bad2ac9b6d7f2361221)
#01 pc 0000000000127883 /system/lib/ld-musl-x86_64.so.1(pthread_cond_timedwait+195)(74178aa6301b8bad2ac9b6d7f2361221)
#02 pc 00000000000c7451 /system/lib64/chipset-sdk-sp/libc++.so(std::__h::condition_variable::wait(std::__h::unique_lock<std::__h::mutex>&)+17)(ca45f3285cb13d8a615c2dcf32305914fbc391ad)
#03 pc 00000000000086d7 /system/lib64/platformsdk/libsandboxlog.so(15f86dfff1c9aa3778b113b4e1f84fe4)
#04 pc 0000000000009363 /system/lib64/platformsdk/libsandboxlog.so(15f86dfff1c9aa3778b113b4e1f84fe4)
#05 pc 00000000001299e7 /system/lib/ld-musl-x86_64.so.1(74178aa6301b8bad2ac9b6d7f2361221)
#06 pc 0000000000090f8e /system/lib/ld-musl-x86_64.so.1(74178aa6301b8bad2ac9b6d7f2361221)
Tid:599, Name:xample.callaite
state=S, utime=0, stime=0, priority=0, nice=-20, clk=100
#00 pc 000000000013100d /system/lib/ld-musl-x86_64.so.1(nanosleep+13)(74178aa6301b8bad2ac9b6d7f2361221)
#01 pc 00000000000d9b9a /system/lib64/chipset-sdk-sp/libc++.so(std::__h::this_thread::sleep_for(std::__h::chrono::duration<long long, std::__h::ratio<1l, 1000000000l>> const&)+90)(ca45f3285cb13d8a615c2dcf32305914fbc391ad)
#02 pc 0000000000015f52 /system/lib64/platformsdk/libhistogram.z.so(bcaef44ffc0c920a27140798ab5f7654)
#03 pc 00000000001299e7 /system/lib/ld-musl-x86_64.so.1(74178aa6301b8bad2ac9b6d7f2361221)
#04 pc 0000000000090f8e /system/lib/ld-musl-x86_64.so.1(74178aa6301b8bad2ac9b6d7f2361221)
Tid:609, Name:OS_EVENT_POLL
state=S, utime=0, stime=0, priority=0, nice=-20, clk=100
#00 pc 00000000000b837f /system/lib/ld-musl-x86_64.so.1(epoll_wait+31)(74178aa6301b8bad2ac9b6d7f2361221)
#01 pc 000000000001a0fc /system/lib64/chipset-sdk-sp/libeventhandler.z.so(d20098a20e88abe540f8f998e7a8bdcc)
#02 pc 000000000001b2e6 /system/lib64/chipset-sdk-sp/libeventhandler.z.so(d20098a20e88abe540f8f998e7a8bdcc)
#03 pc 00000000001299e7 /system/lib/ld-musl-x86_64.so.1(74178aa6301b8bad2ac9b6d7f2361221)
#04 pc 0000000000090f8e /system/lib/ld-musl-x86_64.so.1(74178aa6301b8bad2ac9b6d7f2361221)
Tid:611, Name:OS_FFRT_3_2
state=S, utime=0, stime=0, priority=0, nice=-20, clk=100
#00 pc 0000000000125ee9 /system/lib/ld-musl-x86_64.so.1(74178aa6301b8bad2ac9b6d7f2361221)
#01 pc 0000000000127883 /system/lib/ld-musl-x86_64.so.1(pthread_cond_timedwait+195)(74178aa6301b8bad2ac9b6d7f2361221)
#02 pc 00000000000c74e7 /system/lib64/chipset-sdk-sp/libc++.so(std::__h::condition_variable::__do_timed_wait(std::__h::unique_lock<std::__h::mutex>&, std::__h::chrono::time_point<std::__h::chrono::system_clock, std::__h::chrono::duration<long long, std::__h::ratio<1l, 1000000000l>>>)+103)(ca45f3285cb13d8a615c2dcf32305914fbc391ad)
#03 pc 000000000008bcb0 /system/lib64/ndk/libffrt.so(6014d53b82cd59820b512f223d249356)
#04 pc 00000000000760ef /system/lib64/ndk/libffrt.so(6014d53b82cd59820b512f223d249356)
#05 pc 0000000000075eaf /system/lib64/ndk/libffrt.so(6014d53b82cd59820b512f223d249356)
#06 pc 0000000000075d79 /system/lib64/ndk/libffrt.so(6014d53b82cd59820b512f223d249356)
#07 pc 00000000001299e7 /system/lib/ld-musl-x86_64.so.1(74178aa6301b8bad2ac9b6d7f2361221)
#08 pc 0000000000090f8e /system/lib/ld-musl-x86_64.so.1(74178aa6301b8bad2ac9b6d7f2361221)
Tid:612, Name:OS_FFRT_3_1
state=S, utime=0, stime=0, priority=0, nice=-20, clk=100
#00 pc 0000000000125ee9 /system/lib/ld-musl-x86_64.so.1(74178aa6301b8bad2ac9b6d7f2361221)
#01 pc 0000000000127883 /system/lib/ld-musl-x86_64.so.1(pthread_cond_timedwait+195)(74178aa6301b8bad2ac9b6d7f2361221)
#02 pc 00000000000c74e7 /system/lib64/chipset-sdk-sp/libc++.so(std::__h::condition_variable::__do_timed_wait(std::__h::unique_lock<std::__h::mutex>&, std::__h::chrono::time_point<std::__h::chrono::system_clock, std::__h::chrono::duration<long long, std::__h::ratio<1l, 1000000000l>>>)+103)(ca45f3285cb13d8a615c2dcf32305914fbc391ad)
#03 pc 000000000008bcb0 /system/lib64/ndk/libffrt.so(6014d53b82cd59820b512f223d249356)
#04 pc 00000000000760ef /system/lib64/ndk/libffrt.so(6014d53b82cd59820b512f223d249356)
#05 pc 0000000000075eaf /system/lib64/ndk/libffrt.so(6014d53b82cd59820b512f223d249356)
#06 pc 0000000000075d79 /system/lib64/ndk/libffrt.so(6014d53b82cd59820b512f223d249356)
#07 pc 00000000001299e7 /system/lib/ld-musl-x86_64.so.1(74178aa6301b8bad2ac9b6d7f2361221)
#08 pc 0000000000090f8e /system/lib/ld-musl-x86_64.so.1(74178aa6301b8bad2ac9b6d7f2361221)
Tid:618, Name:OS_FFRT_3_3
state=S, utime=0, stime=0, priority=0, nice=-20, clk=100
#00 pc 0000000000125ee9 /system/lib/ld-musl-x86_64.so.1(74178aa6301b8bad2ac9b6d7f2361221)
#01 pc 0000000000127883 /system/lib/ld-musl-x86_64.so.1(pthread_cond_timedwait+195)(74178aa6301b8bad2ac9b6d7f2361221)
#02 pc 00000000000c74e7 /system/lib64/chipset-sdk-sp/libc++.so(std::__h::condition_variable::__do_timed_wait(std::__h::unique_lock<std::__h::mutex>&, std::__h::chrono::time_point<std::__h::chrono::system_clock, std::__h::chrono::duration<long long, std::__h::ratio<1l, 1000000000l>>>)+103)(ca45f3285cb13d8a615c2dcf32305914fbc391ad)
#03 pc 000000000008bcb0 /system/lib64/ndk/libffrt.so(6014d53b82cd59820b512f223d249356)
#04 pc 00000000000760ef /system/lib64/ndk/libffrt.so(6014d53b82cd59820b512f223d249356)
#05 pc 0000000000075eaf /system/lib64/ndk/libffrt.so(6014d53b82cd59820b512f223d249356)
#06 pc 0000000000075d79 /system/lib64/ndk/libffrt.so(6014d53b82cd59820b512f223d249356)
#07 pc 00000000001299e7 /system/lib/ld-musl-x86_64.so.1(74178aa6301b8bad2ac9b6d7f2361221)
#08 pc 0000000000090f8e /system/lib/ld-musl-x86_64.so.1(74178aa6301b8bad2ac9b6d7f2361221)
Tid:620, Name:OS_MainDisplayS
state=S, utime=0, stime=0, priority=0, nice=-20, clk=100
#00 pc 00000000000b837f /system/lib/ld-musl-x86_64.so.1(epoll_wait+31)(74178aa6301b8bad2ac9b6d7f2361221)
#01 pc 000000000001ceee /system/lib64/chipset-sdk-sp/libeventhandler.z.so(d20098a20e88abe540f8f998e7a8bdcc)
#02 pc 00000000000230bf /system/lib64/chipset-sdk-sp/libeventhandler.z.so(OHOS::AppExecFwk::EventQueue::WaitUntilLocked(std::__h::chrono::time_point<std::__h::chrono::steady_clock, std::__h::chrono::duration<long long, std::__h::ratio<1l, 1000000000l>>> const&, OHOS::AppExecFwk::UniqueLockBase&, bool)+79)(d20098a20e88abe540f8f998e7a8bdcc)
#03 pc 00000000000282df /system/lib64/chipset-sdk-sp/libeventhandler.z.so(OHOS::AppExecFwk::EventQueueBase::GetEvent()+207)(d20098a20e88abe540f8f998e7a8bdcc)
#04 pc 0000000000033985 /system/lib64/chipset-sdk-sp/libeventhandler.z.so(d20098a20e88abe540f8f998e7a8bdcc)
#05 pc 0000000000030352 /system/lib64/chipset-sdk-sp/libeventhandler.z.so(d20098a20e88abe540f8f998e7a8bdcc)
#06 pc 00000000000357c3 /system/lib64/chipset-sdk-sp/libeventhandler.z.so(d20098a20e88abe540f8f998e7a8bdcc)
#07 pc 00000000001299e7 /system/lib/ld-musl-x86_64.so.1(74178aa6301b8bad2ac9b6d7f2361221)
#08 pc 0000000000090f8e /system/lib/ld-musl-x86_64.so.1(74178aa6301b8bad2ac9b6d7f2361221)
Tid:643, Name:OS_IPC_4_643
state=S, utime=0, stime=0, priority=0, nice=-20, clk=100
#00 pc 00000000000dc46b /system/lib/ld-musl-x86_64.so.1(ioctl+187)(74178aa6301b8bad2ac9b6d7f2361221)
#01 pc 0000000000010ca7 /system/lib64/platformsdk/libipc_common.z.so(OHOS::BinderConnector::WriteBinder(unsigned long, void*)+55)(ae9fe169bf1f8b0397c31ba1b67e0e94)
#02 pc 000000000007e34d /system/lib64/platformsdk/libipc_single.z.so(OHOS::BinderInvoker::TransactWithDriver(bool)+269)(216555c1ccaa2644568394a99c5a7547)
#03 pc 000000000007e71a /system/lib64/platformsdk/libipc_single.z.so(OHOS::BinderInvoker::StartWorkLoop()+106)(216555c1ccaa2644568394a99c5a7547)
#04 pc 0000000000080c28 /system/lib64/platformsdk/libipc_single.z.so(OHOS::BinderInvoker::JoinThread(bool)+40)(216555c1ccaa2644568394a99c5a7547)
#05 pc 00000000000769f5 /system/lib64/platformsdk/libipc_single.z.so(OHOS::IPCWorkThread::ThreadHandler(void*)+901)(216555c1ccaa2644568394a99c5a7547)
#06 pc 00000000001299e7 /system/lib/ld-musl-x86_64.so.1(74178aa6301b8bad2ac9b6d7f2361221)
#07 pc 0000000000090f8e /system/lib/ld-musl-x86_64.so.1(74178aa6301b8bad2ac9b6d7f2361221)
Tid:644, Name:ace.bg.1
state=S, utime=0, stime=0, priority=0, nice=-20, clk=100
#00 pc 0000000000125ee9 /system/lib/ld-musl-x86_64.so.1(74178aa6301b8bad2ac9b6d7f2361221)
#01 pc 0000000000127883 /system/lib/ld-musl-x86_64.so.1(pthread_cond_timedwait+195)(74178aa6301b8bad2ac9b6d7f2361221)
#02 pc 00000000000c7451 /system/lib64/chipset-sdk-sp/libc++.so(std::__h::condition_variable::wait(std::__h::unique_lock<std::__h::mutex>&)+17)(ca45f3285cb13d8a615c2dcf32305914fbc391ad)
#03 pc 000000000148ac32 /system/lib64/platformsdk/libace_compatible.z.so(cb476043f6fb29150d891bc788a45885)
#04 pc 000000000148afa2 /system/lib64/platformsdk/libace_compatible.z.so(cb476043f6fb29150d891bc788a45885)
#05 pc 00000000001299e7 /system/lib/ld-musl-x86_64.so.1(74178aa6301b8bad2ac9b6d7f2361221)
#06 pc 0000000000090f8e /system/lib/ld-musl-x86_64.so.1(74178aa6301b8bad2ac9b6d7f2361221)
Tid:645, Name:ace.bg.2
state=S, utime=0, stime=0, priority=0, nice=-20, clk=100
#00 pc 0000000000125ee9 /system/lib/ld-musl-x86_64.so.1(74178aa6301b8bad2ac9b6d7f2361221)
#01 pc 0000000000127883 /system/lib/ld-musl-x86_64.so.1(pthread_cond_timedwait+195)(74178aa6301b8bad2ac9b6d7f2361221)
#02 pc 00000000000c7451 /system/lib64/chipset-sdk-sp/libc++.so(std::__h::condition_variable::wait(std::__h::unique_lock<std::__h::mutex>&)+17)(ca45f3285cb13d8a615c2dcf32305914fbc391ad)
#03 pc 000000000148ac32 /system/lib64/platformsdk/libace_compatible.z.so(cb476043f6fb29150d891bc788a45885)
#04 pc 000000000148afa2 /system/lib64/platformsdk/libace_compatible.z.so(cb476043f6fb29150d891bc788a45885)
#05 pc 00000000001299e7 /system/lib/ld-musl-x86_64.so.1(74178aa6301b8bad2ac9b6d7f2361221)
#06 pc 0000000000090f8e /system/lib/ld-musl-x86_64.so.1(74178aa6301b8bad2ac9b6d7f2361221)
Tid:646, Name:ace.bg.3
state=S, utime=0, stime=0, priority=0, nice=-20, clk=100
#00 pc 0000000000125ee9 /system/lib/ld-musl-x86_64.so.1(74178aa6301b8bad2ac9b6d7f2361221)
#01 pc 0000000000127883 /system/lib/ld-musl-x86_64.so.1(pthread_cond_timedwait+195)(74178aa6301b8bad2ac9b6d7f2361221)
#02 pc 00000000000c7451 /system/lib64/chipset-sdk-sp/libc++.so(std::__h::condition_variable::wait(std::__h::unique_lock<std::__h::mutex>&)+17)(ca45f3285cb13d8a615c2dcf32305914fbc391ad)
#03 pc 000000000148ac32 /system/lib64/platformsdk/libace_compatible.z.so(cb476043f6fb29150d891bc788a45885)
#04 pc 000000000148afa2 /system/lib64/platformsdk/libace_compatible.z.so(cb476043f6fb29150d891bc788a45885)
#05 pc 00000000001299e7 /system/lib/ld-musl-x86_64.so.1(74178aa6301b8bad2ac9b6d7f2361221)
#06 pc 0000000000090f8e /system/lib/ld-musl-x86_64.so.1(74178aa6301b8bad2ac9b6d7f2361221)
Tid:652, Name:ace.bg.4
state=S, utime=0, stime=0, priority=0, nice=-20, clk=100
#00 pc 0000000000125ee9 /system/lib/ld-musl-x86_64.so.1(74178aa6301b8bad2ac9b6d7f2361221)
#01 pc 0000000000127883 /system/lib/ld-musl-x86_64.so.1(pthread_cond_timedwait+195)(74178aa6301b8bad2ac9b6d7f2361221)
#02 pc 00000000000c7451 /system/lib64/chipset-sdk-sp/libc++.so(std::__h::condition_variable::wait(std::__h::unique_lock<std::__h::mutex>&)+17)(ca45f3285cb13d8a615c2dcf32305914fbc391ad)
#03 pc 000000000148ac32 /system/lib64/platformsdk/libace_compatible.z.so(cb476043f6fb29150d891bc788a45885)
#04 pc 000000000148afa2 /system/lib64/platformsdk/libace_compatible.z.so(cb476043f6fb29150d891bc788a45885)
#05 pc 00000000001299e7 /system/lib/ld-musl-x86_64.so.1(74178aa6301b8bad2ac9b6d7f2361221)
#06 pc 0000000000090f8e /system/lib/ld-musl-x86_64.so.1(74178aa6301b8bad2ac9b6d7f2361221)
Tid:653, Name:ace.bg.5
state=S, utime=0, stime=0, priority=0, nice=-20, clk=100
#00 pc 0000000000125ee9 /system/lib/ld-musl-x86_64.so.1(74178aa6301b8bad2ac9b6d7f2361221)
#01 pc 0000000000127883 /system/lib/ld-musl-x86_64.so.1(pthread_cond_timedwait+195)(74178aa6301b8bad2ac9b6d7f2361221)
#02 pc 00000000000c7451 /system/lib64/chipset-sdk-sp/libc++.so(std::__h::condition_variable::wait(std::__h::unique_lock<std::__h::mutex>&)+17)(ca45f3285cb13d8a615c2dcf32305914fbc391ad)
#03 pc 000000000148ac32 /system/lib64/platformsdk/libace_compatible.z.so(cb476043f6fb29150d891bc788a45885)
#04 pc 000000000148afa2 /system/lib64/platformsdk/libace_compatible.z.so(cb476043f6fb29150d891bc788a45885)
#05 pc 00000000001299e7 /system/lib/ld-musl-x86_64.so.1(74178aa6301b8bad2ac9b6d7f2361221)
#06 pc 0000000000090f8e /system/lib/ld-musl-x86_64.so.1(74178aa6301b8bad2ac9b6d7f2361221)
Tid:654, Name:ace.bg.6
state=S, utime=0, stime=0, priority=0, nice=-20, clk=100
#00 pc 0000000000125ee9 /system/lib/ld-musl-x86_64.so.1(74178aa6301b8bad2ac9b6d7f2361221)
#01 pc 0000000000127883 /system/lib/ld-musl-x86_64.so.1(pthread_cond_timedwait+195)(74178aa6301b8bad2ac9b6d7f2361221)
#02 pc 00000000000c7451 /system/lib64/chipset-sdk-sp/libc++.so(std::__h::condition_variable::wait(std::__h::unique_lock<std::__h::mutex>&)+17)(ca45f3285cb13d8a615c2dcf32305914fbc391ad)
#03 pc 000000000148ac32 /system/lib64/platformsdk/libace_compatible.z.so(cb476043f6fb29150d891bc788a45885)
#04 pc 000000000148afa2 /system/lib64/platformsdk/libace_compatible.z.so(cb476043f6fb29150d891bc788a45885)
#05 pc 00000000001299e7 /system/lib/ld-musl-x86_64.so.1(74178aa6301b8bad2ac9b6d7f2361221)
#06 pc 0000000000090f8e /system/lib/ld-musl-x86_64.so.1(74178aa6301b8bad2ac9b6d7f2361221)
Tid:655, Name:ace.bg.7
state=S, utime=0, stime=0, priority=0, nice=-20, clk=100
#00 pc 0000000000125ee9 /system/lib/ld-musl-x86_64.so.1(74178aa6301b8bad2ac9b6d7f2361221)
#01 pc 0000000000127883 /system/lib/ld-musl-x86_64.so.1(pthread_cond_timedwait+195)(74178aa6301b8bad2ac9b6d7f2361221)
#02 pc 00000000000c7451 /system/lib64/chipset-sdk-sp/libc++.so(std::__h::condition_variable::wait(std::__h::unique_lock<std::__h::mutex>&)+17)(ca45f3285cb13d8a615c2dcf32305914fbc391ad)
#03 pc 000000000148ac32 /system/lib64/platformsdk/libace_compatible.z.so(cb476043f6fb29150d891bc788a45885)
#04 pc 000000000148afa2 /system/lib64/platformsdk/libace_compatible.z.so(cb476043f6fb29150d891bc788a45885)
#05 pc 00000000001299e7 /system/lib/ld-musl-x86_64.so.1(74178aa6301b8bad2ac9b6d7f2361221)
#06 pc 0000000000090f8e /system/lib/ld-musl-x86_64.so.1(74178aa6301b8bad2ac9b6d7f2361221)
Tid:659, Name:ace.bg.8
state=S, utime=0, stime=0, priority=0, nice=-20, clk=100
#00 pc 0000000000125ee9 /system/lib/ld-musl-x86_64.so.1(74178aa6301b8bad2ac9b6d7f2361221)
#01 pc 0000000000127883 /system/lib/ld-musl-x86_64.so.1(pthread_cond_timedwait+195)(74178aa6301b8bad2ac9b6d7f2361221)
#02 pc 00000000000c7451 /system/lib64/chipset-sdk-sp/libc++.so(std::__h::condition_variable::wait(std::__h::unique_lock<std::__h::mutex>&)+17)(ca45f3285cb13d8a615c2dcf32305914fbc391ad)
#03 pc 000000000148ac32 /system/lib64/platformsdk/libace_compatible.z.so(cb476043f6fb29150d891bc788a45885)
#04 pc 000000000148afa2 /system/lib64/platformsdk/libace_compatible.z.so(cb476043f6fb29150d891bc788a45885)
#05 pc 00000000001299e7 /system/lib/ld-musl-x86_64.so.1(74178aa6301b8bad2ac9b6d7f2361221)
#06 pc 0000000000090f8e /system/lib/ld-musl-x86_64.so.1(74178aa6301b8bad2ac9b6d7f2361221)
Tid:660, Name:OS_FFRT_5_1
state=S, utime=0, stime=0, priority=0, nice=-20, clk=100
#00 pc 0000000000125ee9 /system/lib/ld-musl-x86_64.so.1(74178aa6301b8bad2ac9b6d7f2361221)
#01 pc 0000000000127883 /system/lib/ld-musl-x86_64.so.1(pthread_cond_timedwait+195)(74178aa6301b8bad2ac9b6d7f2361221)
#02 pc 00000000000c74e7 /system/lib64/chipset-sdk-sp/libc++.so(std::__h::condition_variable::__do_timed_wait(std::__h::unique_lock<std::__h::mutex>&, std::__h::chrono::time_point<std::__h::chrono::system_clock, std::__h::chrono::duration<long long, std::__h::ratio<1l, 1000000000l>>>)+103)(ca45f3285cb13d8a615c2dcf32305914fbc391ad)
#03 pc 000000000008bcb0 /system/lib64/ndk/libffrt.so(6014d53b82cd59820b512f223d249356)
#04 pc 00000000000760ef /system/lib64/ndk/libffrt.so(6014d53b82cd59820b512f223d249356)
#05 pc 0000000000075eaf /system/lib64/ndk/libffrt.so(6014d53b82cd59820b512f223d249356)
#06 pc 0000000000075d79 /system/lib64/ndk/libffrt.so(6014d53b82cd59820b512f223d249356)
#07 pc 00000000001299e7 /system/lib/ld-musl-x86_64.so.1(74178aa6301b8bad2ac9b6d7f2361221)
#08 pc 0000000000090f8e /system/lib/ld-musl-x86_64.so.1(74178aa6301b8bad2ac9b6d7f2361221)
Tid:799, Name:OS_IPC_5_799
state=S, utime=0, stime=0, priority=0, nice=-20, clk=100
#00 pc 00000000000dc46b /system/lib/ld-musl-x86_64.so.1(ioctl+187)(74178aa6301b8bad2ac9b6d7f2361221)
#01 pc 0000000000010ca7 /system/lib64/platformsdk/libipc_common.z.so(OHOS::BinderConnector::WriteBinder(unsigned long, void*)+55)(ae9fe169bf1f8b0397c31ba1b67e0e94)
#02 pc 000000000007e34d /system/lib64/platformsdk/libipc_single.z.so(OHOS::BinderInvoker::TransactWithDriver(bool)+269)(216555c1ccaa2644568394a99c5a7547)
#03 pc 000000000007e71a /system/lib64/platformsdk/libipc_single.z.so(OHOS::BinderInvoker::StartWorkLoop()+106)(216555c1ccaa2644568394a99c5a7547)
#04 pc 0000000000080c28 /system/lib64/platformsdk/libipc_single.z.so(OHOS::BinderInvoker::JoinThread(bool)+40)(216555c1ccaa2644568394a99c5a7547)
#05 pc 00000000000769f5 /system/lib64/platformsdk/libipc_single.z.so(OHOS::IPCWorkThread::ThreadHandler(void*)+901)(216555c1ccaa2644568394a99c5a7547)
#06 pc 00000000001299e7 /system/lib/ld-musl-x86_64.so.1(74178aa6301b8bad2ac9b6d7f2361221)
#07 pc 0000000000090f8e /system/lib/ld-musl-x86_64.so.1(74178aa6301b8bad2ac9b6d7f2361221)

Catche stack trace end time: 2026-09-19 15:01:05.510

Dump main thread stack start time: 2026-09-19 15:01:02.417
Tid:32445, Name:xample.callaite
state=R, utime=1226, stime=58, priority=10, nice=-10, clk=100
#00 pc 000000000108aefa /system/lib64/module/arkcompiler/stub.an(BCStub_HandleLdobjbynameImm16Id16StwCopy+9130)
#01 pc 00000000000aad87 [anon:ArkTS Heapshared old space]

Dump main thread stack end time: 2026-09-19 15:01:02.434


SysrqCatcher -- fullPath:/data/log/eventlog/sysrq-20260919150105.log

---------------------------------------------------
catcher cmd: hilog -z 1000 -P start time: 2026/09/19-15:01:05:519

catcher cmd: hilog -z 1000 -P 
09-19 15:00:49.375 32445 32445 I C02c11/APPSPAWN: AppSpawnChild id 59 flags:0xc
09-19 15:00:49.375 32445 32445 I C02d33/HitraceOption: FilterAppTrace com.example.callaite 32445
09-19 15:00:49.376 32445 32445 W C02c11/APPSPAWN: errno:2 bind mount /system/app/ArkWebCoreLegacy to /mnt/sandbox/100/com.example.callaite/system/app/ArkWebCoreLegacy
09-19 15:00:49.376 32445 32445 W C02c11/APPSPAWN: errno:2 bind mount /vendor/etc/hiai to /mnt/sandbox/100/com.example.callaite/vendor/etc/hiai
09-19 15:00:49.376 32445 32445 W C02c11/APPSPAWN: errno:2 bind mount /data/data/hiai to /mnt/sandbox/100/com.example.callaite/data/data/hiai
09-19 15:00:49.377 32445 32445 W C02c11/APPSPAWN: errno:2 bind mount /data/service/el1/public/themes/100/a/app to /mnt/sandbox/100/com.example.callaite/data/themes/a/app
09-19 15:00:49.377 32445 32445 W C02c11/APPSPAWN: errno:2 bind mount /data/service/el1/public/themes/100/b/app to /mnt/sandbox/100/com.example.callaite/data/themes/b/app
09-19 15:00:49.377 32445 32445 W C02c11/APPSPAWN: errno:2 bind mount /chip_prod/lib64/passthrough to /mnt/sandbox/100/com.example.callaite/chip_prod/lib64/passthrough
09-19 15:00:49.377 32445 32445 W C02c11/APPSPAWN: errno:2 bind mount /data/app/el1/bundle/public/com.huawei.hmos.arkwebcorelegacy to /mnt/sandbox/100/com.example.callaite/data/storage/el1/bundle/arkwebcorelegacy
09-19 15:00:49.377 32445 32445 W C02c11/APPSPAWN: check dir /data/app/el1/bundle/public/com.huawei.hmos.arkwebcorelegacy failed,strerror:No such file or directory
09-19 15:00:49.377 32445 32445 W C02c11/APPSPAWN: check dir /data/app/el1/public/aot_compiler/ark_cache/com.example.callaite failed,strerror:No such file or directory
09-19 15:00:49.393 32445 32445 W C02c11/APPSPAWN: mount /mnt/sandbox/100/com.example.callaite/mnt/storage/external time 14999 us
09-19 15:00:49.398 32445 32445 W C02c11/APPSPAWN: mount /mnt/sandbox/100/com.example.callaite/mnt/storage/userExternal time 6000 us
09-19 15:00:49.404 32445 32445 W C02c11/APPSPAWN: errno:2 bind mount /data/preload/app to /mnt/sandbox/100/com.example.callaite/data/preload/app
09-19 15:00:49.410 32445 32445 W C02c11/APPSPAWN: mount /mnt/sandbox/100/com.example.callaite/mnt/storage/ANCO_APP_DATA time 7000 us
09-19 15:00:49.411 32445 32445 E C02c11/APPSPAWN: [sandbox_dec.c:247]Open dec file failed errno 2
09-19 15:00:49.411 32445 32445 I C05a03/Selinux: Hap setcon finish, context for com.example.callaite is relabeled to o:r:debug_hap:s0:x95,x334,x512,x868,x1024
09-19 15:00:49.413 32445   489 W C057c1/IPCWorkThread: ThreadHandler: proto:0 policy:1 name:OS_IPC_0_489 invoker:3886496
09-19 15:00:49.413 32445 32445 I C05a05/SecCompEnhanceClient: [RegisterCheckCallback]Register secComp: sessionId=938296418, seqNum=******725.
09-19 15:00:49.413 32445   490 W C057c1/IPCWorkThread: ThreadHandler: proto:0 policy:0 name:OS_IPC_1_490 invoker:3885344
09-19 15:00:49.415 32445 32445 I C02d0b/HICHECKER: hichecker param is empty.
09-19 15:00:49.415 32445 32445 I C04500/webview: CalculateActiveWebEngineVersion: CalculateActiveWebEngineVersion, enforce 3
09-19 15:00:49.415 32445 32445 I C01317/AppKit: [MTHRD3495]mainthread start, pid:32445
09-19 15:00:49.415 32445 32445 I C01317/AppKit: [MTHRD3294]is not in rescue mode
09-19 15:00:49.415 32445 32445 I C01317/AppKit: [MTHRD3321]is not in rescue mode
09-19 15:00:49.420 32445 32445 I C01317/AppKit: [MTHRD442]attach
09-19 15:00:49.435 32445   489 I C01317/AppKit: [MTHRD922]ScheduleLaunchAbility called,ability EntryAbility,1
09-19 15:00:49.435 32445   530 W C057c1/IPCWorkThread: ThreadHandler: proto:0 policy:0 name:OS_IPC_2_530 invoker:3887056
09-19 15:00:49.446 32445 32445 I C01317/AppKit: [MTHRD267]NativeLibPath empty
09-19 15:00:49.447 32445   531 W C057c1/IPCWorkThread: ThreadHandler: proto:0 policy:0 name:OS_IPC_3_531 invoker:3887648
09-19 15:00:49.448 32445 32445 I C01317/AppKit: [MTHRD1990]SmartGC:0 version:1000000
09-19 15:00:49.458 32445 32445 I C03f00/ArkCompiler: [ecmascript] asmint: 1, aot: 0, jit: 1, baseline jit: 0, bundle name: com.example.callaite, arkTSMode: dynamic
09-19 15:00:49.469 32445 32445 I C03f00/ArkCompiler: [ecmascript] multi-thread check enabled: 0
09-19 15:00:49.469 32445 32445 I C03f00/ArkCompiler: [pgo] reset pgo profiler, pgo profiler is disabled
09-19 15:00:49.469 32445 32445 I C03301/LIBUV: clean up handles in loop(6176)
09-19 15:00:49.469 32445 32445 I C03301/LIBUV: loop:(6176) closed in 0s
09-19 15:00:49.470 32445 32445 I C03301/LIBUV: close:6176, async_io_wfd:14
09-19 15:00:49.470 32445 32445 I C03301/LIBUV: close:6176, backend_fd:8
09-19 15:00:49.470 32445 32445 I C03301/LIBUV: init:6448
09-19 15:00:49.470 32445 32445 I C03301/LIBUV: init:6448, backend_fd:8
09-19 15:00:49.470 32445 32445 I C03301/LIBUV: open:6448, pipefd[0]:21
09-19 15:00:49.470 32445   544 E C01707/CONCUR: [Interface] task 544 apply qos failed, errno = 4
09-19 15:00:49.471 32445 32445 I C03f00/ArkCompiler: [ecmascript] can not find aot file
09-19 15:00:49.472 32445 32445 I C03f00/ArkCompiler: StartServer, componentName = <private>
09-19 15:00:49.472 32445 32445 W C01321/JsRuntime: [CSM161]disCon
09-19 15:00:49.472 32445 32445 I C03f00/ArkCompiler: [ecmascript] JSNApi::NotifyDebugMode, tid = 32445, debugApp = 1, isDebugMode = 0, instanceId = 0
09-19 15:00:49.474 32445 32445 I C03f00/ArkCompiler: [compiler] __jit_debug_register_code() is called.
09-19 15:00:49.474 32445 32445 I C03f00/ArkCompiler: [compiler] success to register stub.an to debugger.
09-19 15:00:49.474 32445   543 I C01317/AppKit: [DRH689]File existed. dir: /data/storage/el2/base/cache/rawheap
09-19 15:00:49.474 32445   543 I C01317/AppKit: [DRH667]success to create /data/storage/el2/base/cache/rawheap
09-19 15:00:49.476 32445   579 I C02c03/PARAM_WATCHER: Add watcher keyPrefix persist.hdc.jdwp remoteWatcherId 108 success
09-19 15:00:49.478 32445 32445 W C01e00/ResourceManager: update userId, currentUserId_= 0, userId= 100
09-19 15:00:49.478 32445 32445 E C01e00/ResourceManager: LoadThemesRes failed, userId = 100, bundleName = com.example.callaite
09-19 15:00:49.478 32445 32445 W C01e00/ResourceManager: theme resources will clean, id 100
09-19 15:00:49.482 32445   529 W C01653/NativePreferences: LoadFromDisk: The settingXml /***/el1/***/i18*** load failed.
09-19 15:00:49.485 32445 32445 E C01301/CompatiblePolicyDeviceType: [calculateResourceType:81]deviceType is empty.
09-19 15:00:49.485 32445 32445 W C01301/Ability: [resource_config_helper.cpp193]invalid source:
09-19 15:00:49.485 32445 32445 W C01301/Ability: [resource_config_helper.cpp193]invalid source:
09-19 15:00:49.485 32445 32445 I C01317/AppKit: [application_cleaner.cpp94]ClearTempData
09-19 15:00:49.490 32445 32445 I C01317/AppKit: [MTHRD2947]NtfyAppPreAbiCreate
09-19 15:00:49.508 32445 32445 I C01317/AppKit: [JAS211]LoadModule
09-19 15:00:49.508 32445 32445 W C01317/AppKit: [JAS1032]null stage
09-19 15:00:49.508 32445 32445 W C01317/AppKit: [JAS254]Not found AbilityStage.js
09-19 15:00:49.508 32445 32445 I C01317/AppKit: [OH_APP432]OnAboutToCreateAbility
09-19 15:00:49.508 32445 32445 W C01317/AppKit: [JAS349]Not found AbilityStage.js
09-19 15:00:49.508 32445 32445 I C01332/UIAbility: [ui_ability.cpp131]instanceId: 71f4-68f2-b425-47e3-ab0b2487fd717f39
09-19 15:00:49.510 32445   564 I C03f00/ArkCompiler: [pgo] will save profiler to file /data/storage/ark-profile/rt_entry.ap
09-19 15:00:49.510 32445 32445 I C03f00/ArkCompiler: [ecmascript] start to execute module buffer with secure memory: /data/storage/el1/bundle/entry/ets/entryability/EntryAbility.abc
09-19 15:00:49.511 32445 32445 E C03f00/ArkCompiler: [common] Can not open xpm proc file, do not check secure memory anymore.
09-19 15:00:49.516 32445 32445 E C01707/CONCUR: [Interface] task 564 apply qos failed, errno = 4
09-19 15:00:49.518 32445 32445 E C01707/CONCUR: [Interface] task 560 apply qos failed, errno = 4
09-19 15:00:49.520 32445 32445 E C01707/CONCUR: [Interface] task 573 apply qos failed, errno = 4
09-19 15:00:49.528 32445 32445 E C01707/CONCUR: [Interface] task 564 apply qos failed, errno = 4
09-19 15:00:49.531 32445 32445 E C01707/CONCUR: [Interface] task 560 apply qos failed, errno = 4
09-19 15:00:49.534 32445 32445 E C01707/CONCUR: [Interface] task 573 apply qos failed, errno = 4
09-19 15:00:49.558 32445 32445 W C03f04/MMG: [NMM:1439] First: failed do_dlsym failed: Symbol not found: NAPI_file_fs_GetABCCode, version: null so=/system/lib64/module/file/libfs.z.so.Second: failed /system/lib64/module/hms/core/libiap_napi.z.so not exist.load /system/etc/abc/core/iap.abc failed
09-19 15:00:49.558 32445 32445 E C03f00/ArkCompiler: [ecmascript] export objects of native so is undefined, so name is @hms:core.iap
09-19 15:00:49.570 32445 32445 I C04309/CLOUD_FILE_SYNC: CloudSyncExport:Class MultiDownloadProgress for module cloudSyncDownload has been exported
09-19 15:00:49.571 32445 32445 I C04309/CLOUD_FILE_SYNC: CloudSyncExport:Class CloudFileCache for module cloudSyncDownload has been exported
09-19 15:00:49.571 32445 32445 I C04309/CLOUD_FILE_SYNC: CloudSyncExport:Class Download for module cloudSyncDownload has been exported
09-19 15:00:49.571 32445 32445 I C04309/CLOUD_FILE_SYNC: CloudSyncExport:Class GallerySync for module cloudSyncDownload has been exported
09-19 15:00:49.571 32445 32445 I C04309/CLOUD_FILE_SYNC: CloudSyncExport:Class FileSync for module cloudSyncDownload has been exported
09-19 15:00:49.571 32445 32445 I C04309/CLOUD_FILE_SYNC: CloudSyncExport:Class FileVersion for module cloudSyncDownload has been exported
09-19 15:00:49.580 32445 32445 I C01324/JsNapi: [js_error_manager.cpp1837]called
09-19 15:00:49.582 32445 32445 I C01320/JsEnv: [JSENV300]timing: 72
09-19 15:00:49.583 32445 32445 I C01320/JSENV: Callee constructor is OK string
09-19 15:00:49.583 32445 32445 I C01320/JSENV: Ability::constructor callee is object [object Object]
09-19 15:00:49.584 32445 32445 I C03f00/ArkCompiler: [ecmascript] start to execute ark buffer with secure memory use file: /data/storage/el1/bundle/entry/ets/modules.abc, entrypoint: @normalized:N&&&entry/build/generated/r/ResourceTable&
09-19 15:00:49.585 32445 32445 I C01332/UIAbility: [ui_ability_thread.cpp204]Lifecycle:Attach
09-19 15:00:49.589 32445 32445 I C01317/AppKit: [MTHRD3123]called
09-19 15:00:49.589 32445 32445 I C03f00/ArkCompiler: [gc] app is not inBackground
09-19 15:00:49.593 32445 32445 E C01707/CONCUR: [Interface] task 564 apply qos failed, errno = 4
09-19 15:00:49.597 32445 32445 E C01707/CONCUR: [Interface] task 560 apply qos failed, errno = 4
09-19 15:00:49.601 32445 32445 E C01707/CONCUR: [Interface] task 573 apply qos failed, errno = 4
09-19 15:00:49.606 32445   531 I C01332/UIAbility: [ui_ability_thread.cpp352]name:EntryAbility,targeState:5,isNewWant:0
09-19 15:00:49.606 32445 32445 I C01332/UIAbility: [ui_ability_thread.cpp271]Lifecycle:name EntryAbility
09-19 15:00:49.611 32445 32445 I C04201/DMS: AddDisplayIdFromAms: abilityToken and display[0] has been added.
09-19 15:00:49.616 32445 32445 I C01332/UIAbility: [JUA2177]JsUIAbility call js, name: onCreate
09-19 15:00:49.616 32445 32445 I A00001/EntryAbility: Ability onCreate
09-19 15:00:49.621 32445 32445 E C01356/Recovery: [app_recovery_api.cpp124]invalid restartFlag: 7
09-19 15:00:49.621 32445 32445 I A00001/ErrorRecovery: App recovery enabled
09-19 15:00:49.625 32445 32445 I C01317/AppKit: [OH_APP1240]current 2, pre 0
09-19 15:00:49.625 32445 32445 W C01317/AppKit: [OH_APP1269]fontSize empty
09-19 15:00:49.625 32445 32445 I C01317/AppKit: [OH_APP1300]current 2, pre 0
09-19 15:00:49.625 32445 32445 W C01317/AppKit: [OH_APP1304]language empty
09-19 15:00:49.625 32445 32445 W C01317/AppKit: [OH_APP1323]language and locale empty
09-19 15:00:49.625 32445 32445 I C01317/AppKit: [OH_APP298]configuration_: {"0#const.build.characteristics":"phone","0#input.pointer.device":"true","0#ohos.app.fontSizeScale":"nonFollowSystem","0#ohos.application.densitydpi":"xxxldpi","0#ohos.application.direction":"vertical","0#ohos.application.displayid":"0","0#ohos.system.colorMode":"light","0#ohos.system.colorMode.isSetByApp":"isSetByApp","0#ohos.system.fontSizeScale":"1.0","0#ohos.system.fontWeightScale":"1.0","0#ohos.system.hour":"false","0#ohos.system.language":"zh-Hans","0#ohos.system.locale":"zh-Hans"}, config: {"0#ohos.system.colorMode":"light","0#ohos.system.colorMode.isSetByApp":"isSetByApp"}
09-19 15:00:49.626 32445 32445 E C04217/WMSAttribute: UpdateConfigurationSyncForAll: root is null
09-19 15:00:49.626 32445 32445 I C01332/UIAbility: [JUA2177]JsUIAbility call js, name: onConfigurationUpdated
09-19 15:00:49.626 32445 32445 I C01332/UIAbility: [JUA2222]end, name: onConfigurationUpdated, time: 0
09-19 15:00:49.626 32445 32445 I C01332/UIAbility: [JUA2177]JsUIAbility call js, name: onConfigurationUpdate
09-19 15:00:49.626 32445 32445 I C01332/UIAbility: [JUA2222]end, name: onConfigurationUpdate, time: 0
09-19 15:00:49.629 32445 32445 W C01317/AppKit: [JAS919]Not found AbilityStage.js
09-19 15:00:49.629 32445 32445 W C01317/AppKit: [JAS919]Not found AbilityStage.js
09-19 15:00:49.629 32445 32445 I C01317/AppKit: [OH_APP322]ignoreWindowContext size 0
09-19 15:00:49.629 32445 32445 E C04217/WMSAttribute: UpdateConfigurationForAll: root is null
09-19 15:00:49.629 32445 32445 I C01332/UIAbility: [JUA2222]end, name: onCreate, time: 13
09-19 15:00:49.629 32445 32445 E C01332/UIAbility: [ui_ability_impl.cpp364]hasSaveData_: false
09-19 15:00:49.630 32445 32445 W C01332/UIAbility: [JUA1352]formatRegex: []
09-19 15:00:49.630 32445 32445 I C04202/WMSMain: Init: [requestId: 10][scbRequestId: 0]WindowScene with window session!
09-19 15:00:49.630 32445 32445 I C04202/WMSMain: Init: set isModuleAbilityHookEnd
09-19 15:00:49.631 32445 32445 I C0420a/WMSLife: WindowSessionImpl: nodeId: 139350213918721
09-19 15:00:49.631 32445 32445 I C01406/OHOS::RS: RSLogManager init log flag: 0x0(0)
09-19 15:00:49.633 32445 32445 I C01406/OHOS::RS: RSRenderServiceConnectHub call CreateConnection, needRefresh:[0]
09-19 15:00:49.634 32445 32445 I C01406/OHOS::RS: RSFrameRateLinker::Create id: 139350213918720
09-19 15:00:49.634 32445 32445 I C04202/WMSMain: VsyncStation: id 139350213918721 created
09-19 15:00:49.634 32445 32445 I C04200/WindowSceneSessionImpl: WindowSceneSessionImpl: [WMSCom] Constructor callaite0
09-19 15:00:49.634 32445 32445 E C04200/WMS: SetWindowType: permission denied!
09-19 15:00:49.634 32445 32445 I C0420a/WMSLife: Create: Window Create name:callaite0, state:0, mode:0
09-19 15:00:49.635 32445 32445 I C0420a/WMSLife: Create: SetIsAbilityHookOff 0
09-19 15:00:49.635 32445 32445 W C0420a/WMSLife: IsWindowSessionInvalid: id: 0 state_: 0
09-19 15:00:49.635 32445 32445 W C04200/WindowSceneSessionImpl: AdjustWindowAnimationFlag: session invalid!
09-19 15:00:49.635 32445 32445 I C04200/WindowSceneSessionImpl: Remove window flag WINDOW_FLAG_SHOW_WHEN_LOCKED
09-19 15:00:49.636 32445 32445 I C0420a/WMSLife: Connect: in
09-19 15:00:49.642 32445 32445 I C01406/OHOS::RS: RSSurfaceNode::Unmarshalling, Node: 139350213918721, Name: callaite0
09-19 15:00:49.642 32445   531 I C04208/WMSLayout: UpdateRect: [WindowRectUpdate:ClientRecv] UpdateRect id:0 name:callaite0, preRect=[0 0 0 0], newRect=[0 0 1308 2880], reason:23 displayId:0
09-19 15:00:49.642 32445 32445 I C04208/WMSLayout: Connect: updateRect when connect.preRect:[0,0,1308,2880]rect:[0,0,1308,2880]
09-19 15:00:49.642 32445   531 I C04208/WMSLayout: NotifyFirstValidLayoutUpdate: Id:46, rect:[0 0 1308 2880]
09-19 15:00:49.642 32445 32445 E C0421c/WMSCompat: ReadCombinedCompatibleConfig: combinedConfigSize: 0 fail to meet the conditions
09-19 15:00:49.642 32445   531 W C04208/WMSLayout: NotifySingleHandTransformChange: id:46, uiContent is nullptr
09-19 15:00:49.643 32445 32445 I C0420a/WMSLife: Connect: Window Connect [name:callaite0, id:46, type:1], ret:0, oriDisplayId:0, curDisplayId:0
09-19 15:00:49.643 32445 32445 I C04204/WMSScb: RS multi-instance enabled: 1
09-19 15:00:49.644 32445 32445 I C01406/OHOS::RS: multi-instance, create RSUIContextManager, isMultiInstanceOpen_ 1
09-19 15:00:49.644 32445 32445 I C01406/OHOS::RS: RSRenderServiceConnectHub AddRenderProcessConnectionToken
09-19 15:00:49.645 32445 32445 I C01406/OHOS::RS: RSRenderServiceConnectHub::SetOnDiedCallback, code:0
09-19 15:00:49.645 32445 32445 I C01406/OHOS::RS: RSApplicationAgentImpl::RegisterRSApplicationAgent!
09-19 15:00:49.645 32445 32445 I C01406/OHOS::RS: RSUIDirector::GoCreate CurrentState:0, UIContext:139350213918721
09-19 15:00:49.645 32445 32445 I C01406/OHOS::RS: RSUIDirector::GoResume CurrentState:0, UIContext:139350213918721
09-19 15:00:49.645 32445 32445 I C01406/OHOS::RS: RSUIDirector::GoForeground CurrentState:1, UIContext:139350213918721
09-19 15:00:49.646 32445 32445 I C02c03/PARAM_WATCHER: Add watcher keyPrefix persist.sys.graphic.animationscale remoteWatcherId 108 success
09-19 15:00:49.646 32445 32445 I C04204/WMSScb: InitRSUIDirector: Create RSUIDirector: RSUIDirector's RSUIContext [token: 139350213918721, tid: 32445], rsUIContext: RSUIContext is null
09-19 15:00:49.646 32445 32445 I C0420a/WMSLife: PostInitSurfaceNode: post init surfaceNode success, name: callaite0
09-19 15:00:49.646 32445 32445 I C0421c/WMSCompat: SetAppHookWindowInfo: Id:46, preHookWindowInfo:[enableHookWindow: false, widthHookRatio: 1.000000, notifyWindowChange: false, drawableRectHook: false], newHookWindowInfo:[enableHookWindow: false, widthHookRatio: 1.000000, notifyWindowChange: false, drawableRectHook: false]
09-19 15:00:49.646 32445 32445 I C0421c/WMSCompat: SendCombinedCompatibleConfigToArkUI: bundleName: com.example.callaite, combinedCompatibleConfig size: 0
09-19 15:00:49.646 32445 32445 E C0421c/WMSCompat: SendCombinedCompatibleConfigToArkUI: Combined compatible config size is less than 2!
09-19 15:00:49.646 32445 32445 I C01406/OHOS::RS: RSSurfaceNode::SetAlphaChangedCallback, node=[139350213918721, callaite0]
09-19 15:00:49.646 32445 32445 I C04208/WMSLayout: SetWindowMode: windowId: 46, windowModeSupportType: 127, mode: 1
09-19 15:00:49.646 32445 32445 I C04208/WMSLayout: UpdateWindowModeImmediately: [WindowModeUpdate:Inner] UpdateWindowModeImmediately id:46, mode:1, splitStyle:0, splitIndex:0, state:1
09-19 15:00:49.654 32445 32445 I C04208/WMSLayout: NotifyWindowStatusChange: [WindowModeUpdate:Inner] NotifyWindowStatusChange id:46, mode:1, status:1, lastStatus:0, skipRedundant:0
09-19 15:00:49.655 32445 32445 I C04208/WMSLayout: SetConfigWindowLimitsVP: id:46, windowLimits:[0 0 0 0 0.000000 0.000000 1.000000 1]
09-19 15:00:49.658 32445 32445 I C04208/WMSLayout: GetSystemSizeLimits: systemLimitsPX: [6720 6720 1120 840 340282346638528859811704183484516925440.000000 0.000000 1.000000 0], systemLimitsVP: [1920 1920 320 240 340282346638528859811704183484516925440.000000 0.000000 1.000000 1], configMaxSize: 1920, vpr: 3.500000, winType: 1
09-19 15:00:49.659 32445 32445 I C04208/WMSLayout: UpdateWindowSizeLimits: [WindowLimitsUpdate:CalcLimits] SaveLimits id:46, px[minW:1120,minH:840,maxW:6720,maxH:6720] vp[minW:320,minH:240,maxW:1920,maxH:1920] vpr=3.500000
09-19 15:00:49.659 32445 32445 I C0421a/WMSLayoutPc: GetSupportedWindowModesConfiguration: winId: 46, windowModeSupportType: 15
09-19 15:00:49.659 32445 32445 I C04202/WMSMain: SetSupportedWindowModesForAncoInFreeWindow: is not anco app, need not update support window mode.
09-19 15:00:49.659 32445 32445 I C04208/WMSLayout: SetWindowModeSupportType: id:46, old:127, new:15
09-19 15:00:49.659 32445 32445 I C04208/WMSLayout: GetConfigurationFromAbilityInfo: windowId: 46, windowModeSupportType: 15, isAncoSupportFreeWindow: 0
09-19 15:00:49.660 32445 32445 I C0420f/WMSRecover: RegisterSessionRecoverCallbackFunc: persistentId=46
09-19 15:00:49.660 32445 32445 I C04217/WMSAttribute: UpdateStatusBarColorByColorMode: win=46, appColor=light
09-19 15:00:49.661 32445 32445 I C04200/WMS: IsMainHandlerAvailable: id:46, isAvailable:1
09-19 15:00:49.662 32445 32445 I C04200/WMS: IsMainHandlerAvailable: id:46, isAvailable:1
09-19 15:00:49.664 32445 32445 I C02800/MMIClient: [|267]Connection to server succeeded, fd:32
09-19 15:00:49.664 32445 32445 I C02800/MMIClient: [|166]Server was listening
09-19 15:00:49.664 32445 32445 I C02800/MMIClient: [|127]reuse current event handler, thread name:
09-19 15:00:49.664 32445 32445 I C02800/MMIClient: [|130]File fd is in listening
09-19 15:00:49.664 32445 32445 I C0420c/WMSEvent: AddInputWindow: SetWindowInputEventConsumer success, wid:46
09-19 15:00:49.666 32445 32445 I C04732/GameController: [(RegisterEntryModule:24)]begin load gamecontroller_event
09-19 15:00:49.666 32445 32445 I C04732/GameController: [(StartInputToTouch:61)]Begin StartInputToTouch
09-19 15:00:49.668 32445   610 I C04732/GameController: [(GetSelfBundleName:49)]The current bundleName [com.example.callaite]. version [1.0.0]
09-19 15:00:49.668 32445   610 I C04732/GameController: [(IsCommonApp:94)]The [com.example.callaite] is a common app.
09-19 15:00:49.668 32445   610 W C04732/GameController: [(ReadJsonFromFile:224)]realpath failed for [/data/service/el1/public/for-all-app/gamecontroller_server/game_support_key_mapping.json]
09-19 15:00:49.668 32445   610 I C04732/GameController: [(SetSupportKeyMapping:73)]SetSupportKeyMapping. isSupportKeyMapping_ is [0]
09-19 15:00:49.668 32445   610 I C04732/GameController: [(DoAsyncTask:76)]The app does not support input-to-touch feature.
09-19 15:00:49.671 32445 32445 I C04217/WMSAttribute: ConnectServer: start connect
09-19 15:00:49.671 32445 32445 I C04217/WMSAttribute: ConnectServer: end connect
09-19 15:00:49.671 32445 32445 W C04217/WMSAttribute: RegisterGetWMSWindowListCallback: callback has registered
09-19 15:00:49.671 32445 32445 I C04217/WMSAttribute: RegisterGetWMSWindowListCallback: winId: 46
09-19 15:00:49.671 32445 32445 I C04217/WMSAttribute: UpdateColorMode: winId: 46, colorMode: light
09-19 15:00:49.671 32445 32445 I C04218/WMSPc: UpdateSidebarBlurStyleWhenColorModeChange: in, persistentId=46
09-19 15:00:49.671 32445 32445 W C04218/WMSPc: UpdateSidebarBlurStyleWhenColorModeChange: RSAnimatableProperty is null
09-19 15:00:49.671 32445 32445 I C04217/WMSAttribute: UpdateColorMode: winId: 46, colorMode: light, hasDarkRes: 1
09-19 15:00:49.671 32445 32445 I C0421c/WMSCompat: SetPcAppInpadSpecificSystemBarInvisible: isPcAppInpadSpecificSystemBarInvisible: 0
09-19 15:00:49.671 32445 32445 I C0421c/WMSCompat: SetPcAppInpadOrientationLandscape: isPcAppInpadOrientationLandscape: 0
09-19 15:00:49.671 32445 32445 I C0420a/WMSLife: Create: Window Create success [name:callaite0, id:46], state:1, mode:1, enableDefaultDensity:0, displayId:0
09-19 15:00:49.671 32445 32445 E C04200/WMS: singleton_container.cpp GetSingleton: cant get OHOS::Rosen::WindowInfoReporter
09-19 15:00:49.672 32445 32445 I C01332/UIAbility: [JUA2177]JsUIAbility call js, name: onWindowStageCreate
09-19 15:00:49.672 32445 32445 I A00001/EntryAbility: Ability onWindowStageCreate
09-19 15:00:49.672 32445 32445 I A03d00/JSAPP: [DataStore] Loading 2 .md files from /data/storage/el2/base/haps/entry/files/graph
09-19 15:00:49.672 32445 32445 W A03d00/JSAPP: [DataStore] Empty or unreadable file: 2026-09-19.md
09-19 15:00:49.673 32445 32445 I A03d00/JSAPP: [DataStore] Graph loaded. Pages: 1
09-19 15:00:49.674 32445   578 I C01610/KvStoreServiceDeathNotifier: [a92ab13321a48dd, 0, 0] AddServiceDeathWatcher: Success set size: <private>
09-19 15:00:49.674 32445   578 I C01610/KvStoreServiceDeathNotifier: [a92ab13321a48dd, 0, 0] GetDistributedKvDataService: Create remote proxy.
09-19 15:00:49.674 32445   578 I C01610/DataMgrServiceProxy: [a92ab13321a48dd, 0, 0] DataMgrServiceProxy: Init data service proxy.
09-19 15:00:49.674 32445   578 I C01610/KvStoreServiceDeathNotifier: [a92ab13321a48dd, 0, 0] ServiceDeathRecipient: Constructor.
09-19 15:00:49.676 32445   578 I C01610/KvStoreClientDeathObserver: [a92ab13321a48dd, 0, 0] KvStoreClientDeathObserver: This client death observer
09-19 15:00:49.679 32445   578 I C01610/DataMgrServiceProxy: [a92ab13321a48dd, 0, 0] GetFeatureInterface: get feature:kv_store
09-19 15:00:49.680 32445 32445 E C01317/AppKit: [context_impl.cpp1466]create dir /data/storage/el2/cloud failed, errno is 13
09-19 15:00:49.680 32445 32445 E C01317/AppKit: [context_impl.cpp1466]create dir /data/storage/el2/cloud failed, errno is 13
09-19 15:00:49.680 32445 32445 E C01317/AppKit: [context_impl.cpp1466]create dir /data/storage/el2/cloud failed, errno is 13
09-19 15:00:49.680 32445 32445 E C04388/file_api: [prop_n_exporter.cpp:456->MkdirExec] Failed to create directories, error: 13
09-19 15:00:49.687 32445 32445 I A03d00/JSAPP: [PluginManager] Initialized 4 plugins
09-19 15:00:49.688 32445   612 E C01b00/DistributedAccountFwk: Read result failed, code is: 8.
09-19 15:00:49.689 32445 32445 I C01317/AppKit: [OH_APP1240]current 2, pre 0
09-19 15:00:49.689 32445 32445 W C01317/AppKit: [OH_APP1269]fontSize empty
09-19 15:00:49.689 32445 32445 I C01317/AppKit: [OH_APP1300]current 2, pre 0
09-19 15:00:49.689 32445 32445 W C01317/AppKit: [OH_APP1304]language empty
09-19 15:00:49.689 32445 32445 W C01317/AppKit: [OH_APP1323]language and locale empty
09-19 15:00:49.689 32445 32445 I C01317/AppKit: [OH_APP298]configuration_: {"0#const.build.characteristics":"phone","0#input.pointer.device":"true","0#ohos.app.fontSizeScale":"nonFollowSystem","0#ohos.application.densitydpi":"xxxldpi","0#ohos.application.direction":"vertical","0#ohos.application.displayid":"0","0#ohos.system.colorMode":"light","0#ohos.system.colorMode.isSetByApp":"isSetByApp","0#ohos.system.fontSizeScale":"1.0","0#ohos.system.fontWeightScale":"1.0","0#ohos.system.hour":"false","0#ohos.system.language":"zh-Hans","0#ohos.system.locale":"zh-Hans"}, config: {"0#ohos.system.colorMode":"light","0#ohos.system.colorMode.isSetByApp":"isSetByApp"}
09-19 15:00:49.689 32445 32445 E C04217/WMSAttribute: UpdateConfigurationSync: uiContent null, scene win=46, display=0
09-19 15:00:49.689 32445 32445 E C04217/WMSAttribute: UpdateConfigurationSyncForAll: root is null
09-19 15:00:49.689 32445 32445 I C01332/UIAbility: [JUA2177]JsUIAbility call js, name: onConfigurationUpdated
09-19 15:00:49.689 32445 32445 I C01332/UIAbility: [JUA2222]end, name: onConfigurationUpdated, time: 0
09-19 15:00:49.689 32445 32445 I C01332/UIAbility: [JUA2177]JsUIAbility call js, name: onConfigurationUpdate
09-19 15:00:49.689 32445 32445 I C01332/UIAbility: [JUA2222]end, name: onConfigurationUpdate, time: 0
09-19 15:00:49.689 32445 32445 W C01317/AppKit: [JAS919]Not found AbilityStage.js
09-19 15:00:49.690 32445 32445 W C01317/AppKit: [JAS919]Not found AbilityStage.js
09-19 15:00:49.690 32445 32445 I C01317/AppKit: [OH_APP322]ignoreWindowContext size 0
09-19 15:00:49.690 32445 32445 E C04217/WMSAttribute: UpdateConfiguration: uiContent null, scene win=46, display=0
09-19 15:00:49.690 32445 32445 I C04217/WMSAttribute: UpdateStatusBarColorByColorMode: win=46, appColor=light
09-19 15:00:49.690 32445   611 E C01b00/DistributedAccountFwk: Read result failed, code is: 8.
09-19 15:00:49.691 32445   578 I C01630/DistributedDB: [a92ab13321a48dd, 0, 0] before open db,db file: [size: 65536, mtime: 1789792123, inode: 824462]; db wal file: [size: 0, mtime: 1789792123, inode: 824463]; db shm file: [size: 32768, mtime: 1789801198, inode: 824466]; db dwr file: [stat() failed, errCode: -1, errno: 2]; 
09-19 15:00:49.692 32445   578 I C01630/DistributedDB: [a92ab13321a48dd, 0, 0] [SqlUp] meta[0] label[3] flag[0] ver[104]
09-19 15:00:49.692 32445 32445 E C04217/WMSAttribute: UpdateConfigurationForAll: root is null
09-19 15:00:49.692 32445 32445 I C04200/JsWindowStage: LoadContent: [NAPI]
09-19 15:00:49.692 32445 32445 I C01332/UIAbility: [JUA2222]end, name: onWindowStageCreate, time: 20
09-19 15:00:49.692 32445 32445 I C0420a/WMSLife: NotifyWindowStageCreateFinished: id: 46
09-19 15:00:49.692 32445 32445 I C01332/UIAbility: [JUA2177]JsUIAbility call js, name: onWillForeground
09-19 15:00:49.692 32445 32445 I C01332/UIAbility: [JUA2222]end, name: onWillForeground, time: 0
09-19 15:00:49.692 32445 32445 I C04202/WMSMain: GoForeground: [requestId: 10][scbRequestId: 0]reason: 4 isGamePreLaunch: 0
09-19 15:00:49.692 32445 32445 I C0420a/WMSLife: Show: [requestId: 10][scbRequestId: 0]Window show [name: callaite0, id: 46, type: 1], reason: 4, state:1, requestState:1
09-19 15:00:49.693 32445 32445 I C04208/WMSLayout: GetSystemSizeLimits: systemLimitsPX: [6720 6720 1120 840 340282346638528859811704183484516925440.000000 0.000000 1.000000 0], systemLimitsVP: [1920 1920 320 240 340282346638528859811704183484516925440.000000 0.000000 1.000000 1], configMaxSize: 1920, vpr: 3.500000, winType: 1
09-19 15:00:49.693 32445 32445 I C04208/WMSLayout: UpdateWindowSizeLimits: [WindowLimitsUpdate:CalcLimits] SaveLimits id:46, px[minW:1120,minH:840,maxW:6720,maxH:6720] vp[minW:320,minH:240,maxW:1920,maxH:1920] vpr=3.500000
09-19 15:00:49.693 32445 32445 I C04217/WMSAttribute: IsSystemDensityChanged: windowId: 46, lastDensity: -1.000000, currDensity: 3.500000
09-19 15:00:49.694 32445   578 I C01630/DistributedDB: [a92ab13321a48dd, 0, 0] [KVDB] [StartSyncerWithNoLock] [uüª] event=3
09-19 15:00:49.694 32445   578 I C01630/DistributedDB: [a92ab13321a48dd, 0, 0] db id:75fcaa, dir:485848
09-19 15:00:49.694 32445   578 E C01610/StoreUtil: [a92ab13321a48dd, 0, 0] SetServiceGid: file not exit, filePath:/da***.db ,code:2
09-19 15:00:49.694 32445 32445 W C04200/WindowSessionImpl: UpdateViewportConfig: uiContent is null!
09-19 15:00:49.694 32445   578 I C01610/KvStoreServiceDeathNotifier: [a92ab13321a48dd, 0, 0] AddServiceDeathWatcher: Success set size: <private>
09-19 15:00:49.695 32445 32445 I C01332/UIAbility: [ui_ability_impl.cpp489]wnd call, AfterForeground
09-19 15:00:49.695 32445 32445 I C01406/OHOS::RS: RSFrameRateLinker::Create id: 139350213918721
09-19 15:00:49.700 32445 32445 E C01706/ueaClient-RmeCoreSched: [Init]: do not enabled!ret: -1
09-19 15:00:49.700 32445 32445 I C01706/ueaClient-FrameMsgMgr: [Init]:inited success!
09-19 15:00:49.700 32445 32445 I C01706/ueaClient-FrameUiIntf: [Init]:ret:1, inited:1
09-19 15:00:49.701 32445 32445 I C04217/WMSAttribute: InitWaterfallMode: winId: 46
09-19 15:00:49.701 32445 32445 I C04217/WMSAttribute: NotifyWaterfallModeChange: winId: 46, waterfall: 0, stat: 2
09-19 15:00:49.701 32445 32445 I C04202/WMSMain: NotifyFreeMultiWindowModeResume: IsPcMode 0, isColdStart 1
09-19 15:00:49.701 32445 32445 I C0420a/WMSLife: Show: [requestId: 10][scbRequestId: 0]Window show success [name:callaite0, id:46, type:1]
09-19 15:00:49.701 32445 32445 W C04201/DMS: OnDisplayInfoChange: data is not changed.
09-19 15:00:49.702 32445 32445 I C01332/UIAbility: [JUA2177]JsUIAbility call js, name: onForeground
09-19 15:00:49.702 32445 32445 I A00001/EntryAbility: Ability onForeground
09-19 15:00:49.702 32445 32445 I C01332/UIAbility: [JUA2222]end, name: onForeground, time: 0
09-19 15:00:49.704 32445   530 I C04207/WMSFocus: ProcessUpdateFocus: unfocusId:11, focusId:46, isFocused:1,isSyncNotify:0, old:0, new:1789801249422, current:1789801249704
09-19 15:00:49.704 32445   530 I C04207/WMSFocus: UpdateFocusState: focus: 1, id: 46
09-19 15:00:49.704 32445   530 I C04207/WMSFocus: NotifyApplicationFocusChangedResult: 1
09-19 15:00:49.704 32445   530 I C04207/WMSFocus: ProcessNotifyHighlightChange: timeStamp:1789801249422, highlightId:46, isHighlight:1,isSyncNotify:0, old:0, new:1789801249422, current:1789801249704
09-19 15:00:49.704 32445   530 I C04207/WMSFocus: NotifyHighlightChange: windowId: 46, isHighlight: 1,
09-19 15:00:49.704 32445   530 E C0420a/WMSLife: NotifyUIExtHostRectChangeInGlobalDisplayListeners: uiContent is null
09-19 15:00:49.704 32445   530 W C04208/WMSLayout: NotifySingleHandTransformChange: id:46, uiContent is nullptr
09-19 15:00:49.704 32445   643 W C057c1/IPCWorkThread: ThreadHandler: proto:0 policy:0 name:OS_IPC_4_643 invoker:10175072
09-19 15:00:49.709 32445 32445 E C01651/data_share_manager_impl: RegisterClientDeathObserver: RegisterClientDeathObserver failed, bundleName is com.example.callaite
09-19 15:00:49.709 32445 32445 E C01651/data_share_manager_impl: GetDataShareServiceProxy: RegisterClientDeathObserver failed
09-19 15:00:49.715 32445   489 E C01651/data_share_manager_impl: RegisterClientDeathObserver: RegisterClientDeathObserver failed, bundleName is com.example.callaite
09-19 15:00:49.716 32445   489 E C01651/data_share_manager_impl: GetDataShareServiceProxy: RegisterClientDeathObserver failed
09-19 15:00:49.716 32445   489 I C01651/data_share_manager_impl: operator(): RecoverObs start
09-19 15:00:49.725 32445 32445 I C05405/CompConfigClient: GetConfigByApp: GetDataShareData return 0 result
09-19 15:00:49.725 32445 32445 E C01301/Ability: [page_config_manager.cpp62]configJson_ is empty
09-19 15:00:49.726 32445 32445 I C02d11/DfxUnwinder: UnwindLocal:: fpUnwind: 0
09-19 15:00:49.727 32445 32445 W C01320/JsEnv: [source_map.cpp145]the stack without line info
09-19 15:00:49.727 32445 32445 I C02d11/DfxUnwinder: UnwindLocal:: fpUnwind: 0
09-19 15:00:49.727 32445 32445 W C01320/JsEnv: [source_map.cpp145]the stack without line info
09-19 15:00:49.727 32445 32445 I A00001/EntryAbility: Huawei account refreshed: 
09-19 15:00:49.727 32445 32445 I C01612/JsKVManager: operator(): output delete reference success
09-19 15:00:49.727 32445 32445 I C01612/JsSingleKVStore: operator(): subscribe to event:dataChange
09-19 15:00:49.727 32445 32445 I C01612/JsSingleKVStore: OnDataChange: subscribe data change type 2
09-19 15:00:49.728 32445 32445 I C01630/DistributedDB: [KvStoreNbDelegate][RegisterDeviceObserver] Register device observer ok mode:1
09-19 15:00:49.728 32445 32445 I C01610/KvStoreObserverClient: KvStoreObserverClient: Start
09-19 15:00:49.729 32445 32445 I A03d00/JSAPP: [Collaboration] KVStore initialized
09-19 15:00:49.729 32445 32445 I C01332/UIAbility: [JUA2177]JsUIAbility call js, name: onDidForeground
09-19 15:00:49.729 32445 32445 I C01332/UIAbility: [JUA2222]end, name: onDidForeground, time: 0
09-19 15:00:49.729 32445 32445 I C04202/WMSMain: GoResume: in isGamePreLaunch: 0
09-19 15:00:49.729 32445 32445 I C0420a/WMSLife: SetUIContentInner: pages/Index, state:2, persistentId: 46
09-19 15:00:49.729 32445 32445 I C0420a/WMSLife: NotifySetUIContentComplete: start
09-19 15:00:49.729 32445 32445 I C0420a/WMSLife: SetUIContentComplete: persistentId=46
09-19 15:00:49.729 32445 32445 I C0420a/WMSLife: InitUIContent: start
09-19 15:00:49.729 32445 32445 I C0420a/WMSLife: DestroyExistUIContent: start
09-19 15:00:49.730 32445 32445 I C03900/Ace: [(-1:-1:undefined)] CreateUIContent.
09-19 15:00:49.730 32445 32445 I C03934/AceUIEvent: [(-1:-1:undefined)] report ace loaded
09-19 15:00:49.730 32445 32445 I C04707/HaAceEngine: OnAceLoaded end
09-19 15:00:49.730 32445   543 W C04707/HaClient: =========Invalid Client=========
09-19 15:00:49.731 32445 32445 I C03900/Ace: [(-2:-1:undefined)] Create ace bg threads pool.
09-19 15:00:49.731 32445 32445 I C03900/Ace: [(-2:-1:undefined)] Init RenderService UniRender Type:0
09-19 15:00:49.733 32445   646 I C03900/Ace: [(-1:-1:undefined)] dlsym function ReportData success.
09-19 15:00:49.733 32445 32445 W C01409/APS_MANAGER: redo Connect
09-19 15:00:49.733 32445 32445 I C01409/APS_MANAGER: Start to ConnectService
09-19 15:00:49.733 32445 32445 I C01409/APS_MANAGER: GetSystemAbilityManager success
09-19 15:00:49.733 32445   646 I C03900/Ace: [(-1:-1:undefined)] dlsym function ReportSyncEvent success.
09-19 15:00:49.734 32445 32445 I C01409/APS_MANAGER: GetSystemAbility success
09-19 15:00:49.734 32445 32445 I C03900/Ace: [(-2:-1:undefined)] [com.example.callaite][entry][-1]: UIContent: apiCompatibleVersion: 60101024, apiTargetVersion: 260000026, and apiReleaseType: Release, useNewPipe: 1, enableCustomComponentCrossAbility: 0
09-19 15:00:49.735 32445 32445 I C02c03/PARAM_WATCHER: Add watcher keyPrefix persist.sys.arkui.animationscale remoteWatcherId 108 success
09-19 15:00:49.736 32445 32445 E C03900/Ace: [(-2:-1:undefined)] ConfigParserBase read system file failed
09-19 15:00:49.736 32445 32445 W C03900/Ace: [(-2:-1:undefined)] ArkUiFeatureParamManager failed to load xml file
09-19 15:00:49.736 32445 32445 E C03900/Ace: [(-2:-1:undefined)] ConfigParserBase read system UI correction config file failed
09-19 15:00:49.736 32445 32445 W C03900/Ace: [(-2:-1:undefined)] ArkUiFeatureParamManager failed to load UI correction config file
09-19 15:00:49.744 32445   489 I C04208/WMSLayout: NotifyWindowStatusDidChange: [WindowModeUpdate:Inner] NotifyWindowStatusDidChange id:46, mode:1, status:1, lastStatus:0, listenerSize:0, rect:[0 0 1308 2880]
09-19 15:00:49.746 32445 32445 I C05405/CompConfigClient: SubscribeEvent_: SubscriberEvent, ret: 1
09-19 15:00:49.756 32445 32445 I C05405/CompConfigClient: GetConfigByApp: GetDataShareData return 0 result
09-19 15:00:49.757 32445 32445 W C03900/Ace: [(-2:-1:undefined)] FeatureManager get config failed, key:UICorrectionStrategy ret:1
09-19 15:00:49.757 32445 32445 W C03900/Ace: [(-2:-1:undefined)] FeatureParamManager get UICorrectionStrategy from FeatureManager failed
09-19 15:00:49.760 32445 32445 I C03900/Ace: [(-2:-1:undefined)] SetLocale language tag: zh-Hans, font locale: zh-Hans, select language: zh-CN
09-19 15:00:49.760 32445 32445 I C03900/Ace: [(-2:-1:undefined)] [com.example.callaite][entry][-1]: SetLanguage: zh, colorMode: light, deviceAccess: 1
09-19 15:00:49.760 32445 32445 I C03900/Ace: [(-2:-1:undefined)] [com.example.callaite][entry][-1]: Initialize UIContent isModelJson:true
09-19 15:00:49.763 32445 32445 I C03922/AceNavigation: [(-2:-1:undefined)] subscribe hsp Update successfully
09-19 15:00:49.763 32445 32445 I C03900/Ace: [(100000:100000:scope)] SetHapPath, Use hap path to load resource
09-19 15:00:49.764 32445 32445 I C04217/WMSAttribute: RegisterWaterfallModeChangeListener: winId: 46
09-19 15:00:49.765 32445 32445 I C04200/WMS: GetSurfaceNode: name:callaite0, id:46
09-19 15:00:49.765 32445 32445 I C04200/WMS: GetSurfaceNode: name:callaite0, id:46
09-19 15:00:49.765 32445 32445 I C03900/Ace: [(100000:100000:scope)] SetRSSurfaceNode 139350213918721 with rs multi
09-19 15:00:49.766 32445 32445 I C01406/OHOS::RS: RSUIContext::AttachFromUI. token: 139350213918721 uiPiplineNum: -1
09-19 15:00:49.766 32445 32445 I C01406/OHOS::RS: RSUIContext::SetUITaskRunner, Context token:139350213918721
09-19 15:00:49.766 32445 32445 I C03925/AceRouter: [(100000:100000:scope)] createManager, deviceType: 0
09-19 15:00:49.767 32445 32445 W C03900/Ace: [(100000:100000:scope)] Invalid config:zh_Hans-long-notround-vertical-light-phone-xxxhdpi
09-19 15:00:49.767 32445 32445 I C01406/OHOS::RS: RSUIDirector::GoBackground CurrentState:2, UIContext:139350213918721
09-19 15:00:49.768 32445 32445 I C01406/OHOS::RS: RSSurfaceNode::SetAbilityState, surfaceNodeId:[139350213918721], ability state: background
09-19 15:00:49.768 32445 32445 I C03900/Ace: [(100000:100000:scope)] set translateManager to pipeline, instanceId:100000
09-19 15:00:49.768 32445 32445 I C0421d/WMSRotation: RegisterOrientationChangeListener: in
09-19 15:00:49.768 32445 32445 I C03900/Ace: [(100000:100000:scope)] AddPersistAfterLayoutTask size: 1
09-19 15:00:49.768 32445 32445 I C03919/AceInputTracking: [(100000:100000:scope)] Debug touch pass mode 0
09-19 15:00:49.769 32445 32445 E C03934/AceUIEvent: [(100000:100000:scope)] AceTransform load failed: Error loading shared library /system/lib64/libtransform_interaction_ext.z.so: No such file or directory
09-19 15:00:49.769 32445 32445 I C03937/AceResource: [(100000:100000:scope)] ResourceAdapter UpdateResConfig with colorMode light
09-19 15:00:49.769 32445 32445 W C03900/Ace: [(100000:100000:scope)] not found systemTheme in HapModuleInfo, loading default OHOS_THEME
09-19 15:00:49.769 32445 32445 I C03900/Ace: [(100000:100000:scope)] Cannot Get File List from resources/styles/
09-19 15:00:49.769 32445 32445 W C03900/Ace: [(100000:100000:scope)] GetAsset failed: resources/styles/default.json
09-19 15:00:49.778 32445 32445 I C01406/OHOS::RS: RSRootNode::Create, Node:139350213918723, Token:139350213918721
09-19 15:00:49.778 32445 32445 I C03900/Ace: [(100000:100000:scope)] root node OnAttachToFrameNode, id:0
09-19 15:00:49.778 32445 32445 I C03900/Ace: [(100000:100000:scope)] Rosenwindow set root, rsId:139350213918723
09-19 15:00:49.778 32445 32445 I C01406/OHOS::RS: RSRootNode::AttachRSSurfaceNode, SurfaceNode:139350213918721, Node:139350213918723
09-19 15:00:49.778 32445 32445 I C03900/Ace: [(100000:100000:scope)] AddPersistAfterLayoutTask size: 2
09-19 15:00:49.783 32445 32445 I C03900/Ace: [(100000:100000:scope)] focusWindowId: 0, realHostWindowId: 0
09-19 15:00:49.783 32445 32445 I C03900/Ace: [(100000:100000:scope)] [com.example.callaite][entry][100000]: window focus
09-19 15:00:49.784 32445 32445 I C02c03/PARAM_WATCHER: Add watcher keyPrefix debug.graphic.frame remoteWatcherId 108 success
09-19 15:00:49.784 32445 32445 E C03900/Ace: [(100000:100000:scope)] ERROR EACCES
09-19 15:00:49.784 32445 32445 E C03900/Ace: [(100000:100000:scope)] ERROR EACCES
09-19 15:00:49.784 32445 32445 I C03900/Ace: [(100000:100000:scope)] ArkUIInvisibleFreeze: 0
09-19 15:00:49.784 32445 32445 I C03900/Ace: [(100000:100000:scope)] [com.example.callaite][entry][100000]: SetMinPlatformVersion is 60101024
09-19 15:00:49.784 32445 32445 I C04209/WMSImms: RegisterAvoidAreaChangeListener: win 46
09-19 15:00:49.785 32445 32445 E C04200/IMockSessionManager: Read result failed, code is: 4.
09-19 15:00:49.786 32445 32445 E C04200/IMockSessionManager: Read result failed, code is: 4.
09-19 15:00:49.786 32445 32445 I C04200/WMS: InitSessionManagerServiceProxy: Init success, userId=-1
09-19 15:00:49.787 32445 32445 I C04200/WMS: InitSceneSessionManagerLiteProxy: Init success, userId=-1
09-19 15:00:49.787 32445 32445 I C04204/WMSScb: InitSceneSessionManagerProxy: enter, userId=-1
09-19 15:00:49.787 32445 32445 I C04204/WMSScb: GetSceneSessionManagerProxy: init first time, userId=-1
09-19 15:00:49.788 32445   489 I C04208/WMSLayout: UpdateRect: [WindowRectUpdate:ClientRecv] UpdateRect id:46 name:callaite0, preRect=[0 0 1308 2880], newRect=[0 0 1308 2880], reason:23 displayId:0
09-19 15:00:49.793 32445 32445 I C04209/WMSImms: GetAvoidAreaByType: win 46 type not supported
09-19 15:00:49.793 32445 32445 I C03917/AceSafeArea: [(100000:100000:scope)] InitializeSafeArea systemInsets:SafeAreaInsets left_: [start: 0, end: 0], top_: [start: 0, end: 136], right_: [start: 0, end: 0], bottom_: [start: 0, end: 0], cutoutInsets:SafeAreaInsets left_: [start: 0, end: 0], top_: [start: 50, end: 128], right_: [start: 0, end: 0], bottom_: [start: 0, end: 0], navInsets:SafeAreaInsets left_: [start: 0, end: 0], top_: [start: 0, end: 0], right_: [start: 0, end: 0], bottom_: [start: 2782, end: 2880], floatNavInsets:SafeAreaInsets left_: [start: 0, end: 0], top_: [start: 0, end: 0], right_: [start: 0, end: 0], bottom_: [start: 0, end: 0]
09-19 15:00:49.794 32445 32445 I C0394e/AceWindow: [(100000:100000:scope)] Initialize displayId: 0, availableRect: [0, 0, 1308, 2880]
09-19 15:00:49.794 32445 32445 I C03900/Ace: [(100000:100000:scope)] Failed to open libthp_extra_innerapi.z.so, reason: Error loading shared library /system/lib64/libthp_extra_innerapi.z.so: No such file or directory
09-19 15:00:49.794 32445 32445 I C03900/Ace: [(-2:100000:singleton)] [com.example.callaite][entry][100000]: Initialize: pages/Index
09-19 15:00:49.794 32445 32445 I C03900/Ace: [(100000:100000:scope)] RunPage:pages/Index
09-19 15:00:49.794 32445 32445 W C03900/Ace: [(100000:100000:scope)] GetAsset failed: manifest.json
09-19 15:00:49.794 32445 32445 I C04200/WMS: InitUIContent: [0, 0]
09-19 15:00:49.794 32445 32445 I C0420a/WMSLife: RegisterUIContenCallback: start
09-19 15:00:49.794 32445 32445 I C04208/WMSLayout: SetUIContentInner: single hand, id:46, posX:0, posY:0, scaleX:1.000000, scaleY:1.000000
09-19 15:00:49.795 32445   659 I C03951/InputKeyFlow: [(-1:100000:singleton)] Subscribe touch.events.pass.through Event
09-19 15:00:49.795 32445 32445 I C04219/WMSDecor: UpdateDecorEnable: decorVisible:1, isDockAutoHide:0, isDecorHiddenByApp:0, isMaximizeInvoked:0, id:46
09-19 15:00:49.795 32445 32445 I C03900/Ace: [(-2:100000:singleton)] [com.example.callaite][entry][100000]: UpdateWindowVisible: 1, hasDecor: 0
09-19 15:00:49.795 32445 32445 I C03900/Ace: [(-2:100000:singleton)] [com.example.callaite][entry][100000]: NotifyWindowMode mode = 1
09-19 15:00:49.795 32445   644 I C02c03/PARAM_WATCHER: Add watcher keyPrefix persist.ace.trace.layout.enabled remoteWatcherId 108 success
09-19 15:00:49.796 32445   644 I C02c03/PARAM_WATCHER: Add watcher keyPrefix persist.ace.trace.inputevent.enabled remoteWatcherId 108 success
09-19 15:00:49.796 32445 32445 I C03900/Ace: [(-2:100000:singleton)] [com.example.callaite][entry][100000]: window foreground
09-19 15:00:49.796 32445 32445 I C03900/Ace: [(100000:100000:scope)] Update application state , state: ON_SHOW
09-19 15:00:49.797 32445 32445 I C01406/OHOS::RS: RSUIDirector::GoForeground CurrentState:3, UIContext:139350213918721
09-19 15:00:49.797 32445 32445 I C01406/OHOS::RS: RSSurfaceNode::SetAbilityState, surfaceNodeId:[139350213918721], ability state: foreground
09-19 15:00:49.797 32445   644 I C02c03/PARAM_WATCHER: Add watcher keyPrefix const.security.developermode.state remoteWatcherId 108 success
09-19 15:00:49.798 32445 32445 I C03900/Ace: [(100000:100000:scope)] ArkUI requests first Vsync.
09-19 15:00:49.798 32445 32445 I C04202/WMSMain: RequestVsync: First vsync has requested, nodeId: 139350213918721
09-19 15:00:49.798 32445   644 I C02c03/PARAM_WATCHER: Add watcher keyPrefix persist.ace.debug.statemgr.enabled remoteWatcherId 108 success
09-19 15:00:49.798 32445 32445 I C03959/AceLayout: [(-2:100000:singleton)] UVC Viewport config: size: (1308, 2880) orientation: 0 density: 3.500000 position: (0, 0) transformHint: 0 displayId: 0 forceSplitDisplayConfig: disable forceSplit, mode: 0, WSCR 0, IRN 1, , keyboardInfo is null
09-19 15:00:49.799 32445 32445 I C03922/AceNavigation: [(100000:100000:scope)] disable forceSplit, mode:0
09-19 15:00:49.799 32445 32445 I C04208/WMSLayout: UpdateViewportConfig: Id: 46, reason: 0, viewportRect: [0 0 1308 2880], displayOrientation: 0, config[0, 0, 0, 3.500000]
09-19 15:00:49.799 32445 32445 I C03900/Ace: [(-2:100000:singleton)] [com.example.callaite][entry][100000]: window focus
09-19 15:00:49.799 32445 32445 I C03900/Ace: [(-2:100000:singleton)] [com.example.callaite][entry][100000]:window active
09-19 15:00:49.799 32445 32445 I C02d11/DfxUnwinder: UnwindLocal:: fpUnwind: 0
09-19 15:00:49.799 32445   644 I C02c03/PARAM_WATCHER: Add watcher keyPrefix persist.ace.debug.boundary.enabled remoteWatcherId 108 success
09-19 15:00:49.800 32445   644 I C02c03/PARAM_WATCHER: Add watcher keyPrefix persist.ace.performance.monitor.enabled remoteWatcherId 108 success
09-19 15:00:49.801 32445 32445 W C01320/JsEnv: [source_map.cpp145]the stack without line info
09-19 15:00:49.801 32445 32445 I A00001/EntryAbility: Succeeded in loading the content.
09-19 15:00:49.801 32445 32445 I C04200/JsWindowStage: Window [46, callaite0] load content end, ret=0
09-19 15:00:49.801 32445 32445 I C04209/WMSImms: NotifyAvoidAreaChange: win 46 api 26 type 0 area top [0 0 1308 136] 
09-19 15:00:49.801 32445 32445 I C04209/WMSImms: NotifyAvoidAreaChange: win 46 api 26 type 1 area top [615 50 78 78] 
09-19 15:00:49.801 32445 32445 I C04209/WMSImms: NotifyAvoidAreaChange: win 46 api 26 type 2 area empty
09-19 15:00:49.801 32445 32445 I C04209/WMSImms: NotifyAvoidAreaChange: win 46 api 26 type 3 area empty
09-19 15:00:49.801 32445 32445 I C04209/WMSImms: NotifyAvoidAreaChange: win 46 api 26 type 4 area bottom [425 2782 458 98] 
09-19 15:00:49.802 32445 32445 I C03922/AceNavigation: [(100000:100000:scope)] disable forceSplit, mode:0
09-19 15:00:49.802 32445 32445 I C04208/WMSLayout: UpdateViewportConfig: Id: 46, reason: 23, viewportRect: [0 0 1308 2880], displayOrientation: 0, config[0, 0, 0, 3.500000]
09-19 15:00:49.802 32445 32445 I C03900/Ace: [(100000:100000:scope)] Update application state , state: ON_ACTIVE
09-19 15:00:49.803 32445 32445 I C0391c/AceFocus: [(100000:100000:scope)] Window: 46 get focus.
09-19 15:00:49.803 32445 32445 W C0391c/AceFocus: [(100000:100000:scope)] Current focus view can not found!
09-19 15:00:49.803 32445 32445 I C0391c/AceFocus: [(100000:100000:scope)] Request focus on rootFocusHub: root/0
09-19 15:00:49.803 32445 32445 I C03922/AceNavigation: [(100000:100000:scope)] disable forceSplit, mode:0
09-19 15:00:49.803 32445 32445 I C04208/WMSLayout: UpdateViewportConfig: Id: 46, reason: 23, viewportRect: [0 0 1308 2880], displayOrientation: 0, config[0, 0, 0, 3.500000]
09-19 15:00:49.803 32445 32445 I C03925/AceRouter: [(100000:100000:scope)] Page router manager is creating page[1]: url: pages/Index path: pages/Index.js, recoverable: yes, namedRouter: no
09-19 15:00:49.829 32445 32445 I C03f04/MMG: [NMM:1561]Module:file.photoAccessHelper
09-19 15:00:49.830 32445 32445 W C03f04/MMG: [NMM:1466] Name mismatch: file.photoAccessHelperNative != file.photoAccessHelper
09-19 15:00:49.832 32445 32445 I C02b71/MediaLibraryNapi: Common:{Init:156} TaskSignalNapi::Init in
09-19 15:00:49.832 32445 32445 I C02b71/MediaLibraryNapi: Common:{Init:164} TaskSignalNapi::Init success
09-19 15:00:49.834 32445 32445 I C02b01/CAMERA: {63} PickerOnLoad
09-19 15:00:49.834 32445 32445 I C02b01/CAMERA: {463} CameraPickerNapi E
09-19 15:00:49.835 32445 32445 W C03f04/MMG: [NMM:1466] Name mismatch: web.webnativemessagingextensionmanager_napi != web.webNativeMessagingExtensionManager
09-19 15:00:49.835 32445 32445 I C03f04/MMG: [NMM:1561]Module:arkui.node
09-19 15:00:49.844 32445 32445 I C04201/DMS: IfCallbackRegistered: change not registered!
09-19 15:00:49.844 32445 32445 I C04201/DMS: JsDisplayListener: Constructor
09-19 15:00:49.844 32445   543 I C04215/WMSHierarchy: GetTopWindowWithContext: mainId:46!
09-19 15:00:49.847 32445 32445 I C0391c/AceFocus: [(100000:100000:scope)] Request focus id can not found.
09-19 15:00:49.848 32445 32445 W C03926/AceTheme: [(100000:100000:scope)] style 125829872 not contains scroll_bar_pattern!
09-19 15:00:49.848 32445 32445 W C03926/AceTheme: [(100000:100000:scope)] style scroll_bar_pattern get attr scroll_bar_interactive error!
09-19 15:00:49.848 32445 32445 W C03926/AceTheme: [(100000:100000:scope)] style scroll_bar_pattern not contains arc_scroll_bar_normal_background_width!
09-19 15:00:49.849 32445 32445 W C03926/AceTheme: [(100000:100000:scope)] style 125829872 not contains scrollable_pattern!
09-19 15:00:49.849 32445 32445 W C03926/AceTheme: [(100000:100000:scope)] style scrollable_pattern not contains scroll_able_default_scrolling_distance!
09-19 15:00:49.864 32445 32445 W C03926/AceTheme: [(100000:100000:scope)] style text_pattern not contains linear_split_child_min_size!
09-19 15:00:49.864 32445 32445 W C03926/AceTheme: [(100000:100000:scope)] style text_pattern not contains menu_celia_ask_is_support!
09-19 15:00:49.865 32445 32445 W C03926/AceTheme: [(100000:100000:scope)] style 125829872 not contains app_theme_pattern!
09-19 15:00:49.865 32445 32445 W C01e00/ResourceManager: by id=125835722 limitPaths is empty
09-19 15:00:49.865 32445 32445 E C01e00/ResourceManager: ref <private> id not found
09-19 15:00:49.865 32445 32445 W C01e00/ResourceManager: by id=125835722 limitPaths is empty
09-19 15:00:49.865 32445 32445 E C01e00/ResourceManager: ref <private> id not found
09-19 15:00:49.865 32445 32445 W C03937/AceResource: [(100000:100000:scope)] Get pattern by name error, name=app_theme_pattern, bundleName: com.example.callaite, moduleName: entry
09-19 15:00:49.865 32445 32445 W C01e00/ResourceManager: by id=125835722 limitPaths is empty
09-19 15:00:49.865 32445 32445 E C01e00/ResourceManager: ref <private> id not found
09-19 15:00:49.865 32445 32445 W C01e00/ResourceManager: by id=125835722 limitPaths is empty
09-19 15:00:49.865 32445 32445 E C01e00/ResourceManager: ref <private> id not found
09-19 15:00:49.865 32445 32445 W C03937/AceResource: [(100000:100000:scope)] Get pattern by name error, name=app_theme_pattern
09-19 15:00:49.865 32445 32445 W C03926/AceTheme: [(100000:100000:scope)] style app_theme_pattern not contains app_theme_drag_distancethreshold!
09-19 15:00:49.878 32445 32445 I C0391c/AceFocus: [(100000:100000:scope)] view: page/2 show
09-19 15:00:49.878 32445 32445 I C03922/AceNavigation: [(100000:100000:scope)] can't find inner navigation
09-19 15:00:49.879 32445 32445 I C03933/AceKeyboard: [(100000:100000:scope)] PageChangeCloseKB
09-19 15:00:49.879 32445 32445 I C03925/AceRouter: [(100000:100000:scope)] LoadPage Success
09-19 15:00:49.880 32445 32445 I C04200/JsWindow: CreateJsWindow callaite0
09-19 15:00:49.880 32445 32445 I C0420a/WMSLife: JsWindow: window: callaite0, ctorCnt: 1
09-19 15:00:49.881 32445 32445 I C0420a/WMSLife: CreateJsWindowObject: Add window callaite0
09-19 15:00:49.881 32445 32445 I C0392a/AceUiExtensionComponent: [(-2:100000:singleton)] NotifyWindowMode aliveUIExtensions = 0
09-19 15:00:49.881 32445 32445 I C0394e/AceWindow: [(100000:100000:scope)] Update displayWindowRect in UpdateViewportConfig to : Rect (0.00, 0.00) - [1308.00 x 2880.00]
09-19 15:00:49.881 32445 32445 I C03917/AceSafeArea: [(100000:100000:scope)] SetIsFullScreen 1
09-19 15:00:49.882 32445 32445 I C03900/Ace: [(100000:100000:scope)] Root node request first frame.
09-19 15:00:49.882 32445 32445 I C03900/Ace: [(100000:100000:scope)] Update application state , state: ON_ACTIVE
09-19 15:00:49.882 32445 32445 I C0391c/AceFocus: [(100000:100000:scope)] Window: 46 get focus.
09-19 15:00:49.882 32445 32445 I C03900/Ace: [(100000:100000:scope)] Update application state , state: ON_ACTIVE
09-19 15:00:49.883 32445 32445 I C04202/WMSMain: VsyncCallbackInner: First vsync has come back, nodeId: 139350213918721
09-19 15:00:49.884 32445 32445 I C01408/Text: InitTextBundleConfig: Adapter text height enabled 0
09-19 15:00:49.884 32445 32445 I C01408/Text: InitTextBundleConfig: Disable spacing for control char 0
09-19 15:00:49.884 32445 32445 E C02d34/HistogramClient: ArkGraphics2d.Text.OH_Drawing_TextStyleAddFontVariation is not in metadata.
09-19 15:00:49.964 32445 32445 E C01707/CONCUR: [Interface] task 564 apply qos failed, errno = 4
09-19 15:00:49.968 32445 32445 E C01707/CONCUR: [Interface] task 560 apply qos failed, errno = 4
09-19 15:00:49.970 32445 32445 E C01707/CONCUR: [Interface] task 573 apply qos failed, errno = 4
09-19 15:00:49.975 32445 32445 E C01707/CONCUR: [Interface] task 564 apply qos failed, errno = 4
09-19 15:00:49.978 32445 32445 E C01707/CONCUR: [Interface] task 560 apply qos failed, errno = 4
09-19 15:00:49.981 32445 32445 E C01707/CONCUR: [Interface] task 573 apply qos failed, errno = 4
09-19 15:00:50.070 32445 32445 E C01707/CONCUR: [Interface] task 564 apply qos failed, errno = 4
09-19 15:00:50.073 32445 32445 E C01707/CONCUR: [Interface] task 560 apply qos failed, errno = 4
09-19 15:00:50.075 32445 32445 E C01707/CONCUR: [Interface] task 573 apply qos failed, errno = 4
09-19 15:00:50.080 32445 32445 E C01707/CONCUR: [Interface] task 564 apply qos failed, errno = 4
09-19 15:00:50.083 32445 32445 E C01707/CONCUR: [Interface] task 560 apply qos failed, errno = 4
09-19 15:00:50.084 32445 32445 E C01707/CONCUR: [Interface] task 573 apply qos failed, errno = 4
09-19 15:00:50.194 32445 32445 E C01707/CONCUR: [Interface] task 564 apply qos failed, errno = 4
09-19 15:00:50.196 32445 32445 E C01707/CONCUR: [Interface] task 560 apply qos failed, errno = 4
09-19 15:00:50.199 32445 32445 E C01707/CONCUR: [Interface] task 573 apply qos failed, errno = 4
09-19 15:00:50.202 32445 32445 E C01707/CONCUR: [Interface] task 564 apply qos failed, errno = 4
09-19 15:00:50.204 32445 32445 E C01707/CONCUR: [Interface] task 560 apply qos failed, errno = 4
09-19 15:00:50.207 32445 32445 E C01707/CONCUR: [Interface] task 573 apply qos failed, errno = 4
09-19 15:00:50.315 32445 32445 E C01707/CONCUR: [Interface] task 564 apply qos failed, errno = 4
09-19 15:00:50.318 32445 32445 E C01707/CONCUR: [Interface] task 560 apply qos failed, errno = 4
09-19 15:00:50.322 32445 32445 E C01707/CONCUR: [Interface] task 573 apply qos failed, errno = 4
09-19 15:00:50.325 32445 32445 E C01707/CONCUR: [Interface] task 564 apply qos failed, errno = 4
09-19 15:00:50.327 32445 32445 E C01707/CONCUR: [Interface] task 560 apply qos failed, errno = 4
09-19 15:00:50.330 32445 32445 E C01707/CONCUR: [Interface] task 573 apply qos failed, errno = 4
09-19 15:00:50.442 32445 32445 E C01707/CONCUR: [Interface] task 564 apply qos failed, errno = 4
09-19 15:00:50.447 32445 32445 E C01707/CONCUR: [Interface] task 560 apply qos failed, errno = 4
09-19 15:00:50.450 32445 32445 E C01707/CONCUR: [Interface] task 573 apply qos failed, errno = 4
09-19 15:00:50.453 32445 32445 E C01707/CONCUR: [Interface] task 564 apply qos failed, errno = 4
09-19 15:00:50.455 32445 32445 E C01707/CONCUR: [Interface] task 560 apply qos failed, errno = 4
09-19 15:00:50.458 32445 32445 E C01707/CONCUR: [Interface] task 573 apply qos failed, errno = 4
09-19 15:00:50.564 32445 32445 E C01707/CONCUR: [Interface] task 564 apply qos failed, errno = 4
09-19 15:00:50.567 32445 32445 E C01707/CONCUR: [Interface] task 560 apply qos failed, errno = 4
09-19 15:00:50.570 32445 32445 E C01707/CONCUR: [Interface] task 573 apply qos failed, errno = 4
09-19 15:00:50.574 32445 32445 E C01707/CONCUR: [Interface] task 564 apply qos failed, errno = 4
09-19 15:00:50.576 32445 32445 E C01707/CONCUR: [Interface] task 560 apply qos failed, errno = 4
09-19 15:00:50.578 32445 32445 E C01707/CONCUR: [Interface] task 573 apply qos failed, errno = 4
09-19 15:00:50.686 32445 32445 E C01707/CONCUR: [Interface] task 564 apply qos failed, errno = 4
09-19 15:00:50.689 32445 32445 E C01707/CONCUR: [Interface] task 560 apply qos failed, errno = 4
09-19 15:00:50.692 32445 32445 E C01707/CONCUR: [Interface] task 573 apply qos failed, errno = 4
09-19 15:00:50.695 32445 32445 E C01707/CONCUR: [Interface] task 564 apply qos failed, errno = 4
09-19 15:00:50.697 32445 32445 E C01707/CONCUR: [Interface] task 560 apply qos failed, errno = 4
09-19 15:00:50.700 32445 32445 E C01707/CONCUR: [Interface] task 573 apply qos failed, errno = 4
09-19 15:00:50.816 32445 32445 E C01707/CONCUR: [Interface] task 564 apply qos failed, errno = 4
09-19 15:00:50.820 32445 32445 E C01707/CONCUR: [Interface] task 560 apply qos failed, errno = 4
09-19 15:00:50.822 32445 32445 E C01707/CONCUR: [Interface] task 573 apply qos failed, errno = 4
09-19 15:00:50.826 32445 32445 E C01707/CONCUR: [Interface] task 564 apply qos failed, errno = 4
09-19 15:00:50.829 32445 32445 E C01707/CONCUR: [Interface] task 560 apply qos failed, errno = 4
09-19 15:00:50.831 32445 32445 E C01707/CONCUR: [Interface] task 573 apply qos failed, errno = 4
09-19 15:00:50.944 32445 32445 E C01707/CONCUR: [Interface] task 564 apply qos failed, errno = 4
09-19 15:00:50.946 32445 32445 E C01707/CONCUR: [Interface] task 560 apply qos failed, errno = 4
09-19 15:00:50.948 32445 32445 E C01707/CONCUR: [Interface] task 573 apply qos failed, errno = 4
09-19 15:00:50.952 32445 32445 E C01707/CONCUR: [Interface] task 564 apply qos failed, errno = 4
09-19 15:00:50.954 32445 32445 E C01707/CONCUR: [Interface] task 560 apply qos failed, errno = 4
09-19 15:00:50.958 32445 32445 E C01707/CONCUR: [Interface] task 573 apply qos failed, errno = 4
09-19 15:00:51.072 32445 32445 E C01707/CONCUR: [Interface] task 564 apply qos failed, errno = 4
09-19 15:00:51.074 32445 32445 E C01707/CONCUR: [Interface] task 560 apply qos failed, errno = 4
09-19 15:00:51.077 32445 32445 E C01707/CONCUR: [Interface] task 573 apply qos failed, errno = 4
09-19 15:00:51.080 32445 32445 E C01707/CONCUR: [Interface] task 564 apply qos failed, errno = 4
09-19 15:00:51.082 32445 32445 E C01707/CONCUR: [Interface] task 560 apply qos failed, errno = 4
09-19 15:00:51.085 32445 32445 E C01707/CONCUR: [Interface] task 573 apply qos failed, errno = 4
09-19 15:00:51.200 32445 32445 E C01707/CONCUR: [Interface] task 564 apply qos failed, errno = 4
09-19 15:00:51.203 32445 32445 E C01707/CONCUR: [Interface] task 560 apply qos failed, errno = 4
09-19 15:00:51.206 32445 32445 E C01707/CONCUR: [Interface] task 573 apply qos failed, errno = 4
09-19 15:00:51.209 32445 32445 E C01707/CONCUR: [Interface] task 564 apply qos failed, errno = 4
09-19 15:00:51.211 32445 32445 E C01707/CONCUR: [Interface] task 560 apply qos failed, errno = 4
09-19 15:00:51.215 32445 32445 E C01707/CONCUR: [Interface] task 573 apply qos failed, errno = 4
09-19 15:00:51.333 32445 32445 E C01707/CONCUR: [Interface] task 564 apply qos failed, errno = 4
09-19 15:00:51.336 32445 32445 E C01707/CONCUR: [Interface] task 560 apply qos failed, errno = 4
09-19 15:00:51.340 32445 32445 E C01707/CONCUR: [Interface] task 573 apply qos failed, errno = 4
09-19 15:00:51.345 32445 32445 E C01707/CONCUR: [Interface] task 564 apply qos failed, errno = 4
09-19 15:00:51.348 32445 32445 E C01707/CONCUR: [Interface] task 560 apply qos failed, errno = 4
09-19 15:00:51.351 32445 32445 E C01707/CONCUR: [Interface] task 573 apply qos failed, errno = 4
09-19 15:00:51.480 32445 32445 E C01707/CONCUR: [Interface] task 564 apply qos failed, errno = 4
09-19 15:00:51.485 32445 32445 E C01707/CONCUR: [Interface] task 560 apply qos failed, errno = 4
09-19 15:00:51.488 32445 32445 E C01707/CONCUR: [Interface] task 573 apply qos failed, errno = 4
09-19 15:00:51.494 32445 32445 E C01707/CONCUR: [Interface] task 564 apply qos failed, errno = 4
09-19 15:00:51.496 32445 32445 E C01707/CONCUR: [Interface] task 560 apply qos failed, errno = 4
09-19 15:00:51.500 32445 32445 E C01707/CONCUR: [Interface] task 573 apply qos failed, errno = 4
09-19 15:00:51.626 32445 32445 E C01707/CONCUR: [Interface] task 564 apply qos failed, errno = 4
09-19 15:00:51.630 32445 32445 E C01707/CONCUR: [Interface] task 560 apply qos failed, errno = 4
09-19 15:00:51.633 32445 32445 E C01707/CONCUR: [Interface] task 573 apply qos failed, errno = 4
09-19 15:00:51.637 32445 32445 E C01707/CONCUR: [Interface] task 564 apply qos failed, errno = 4
09-19 15:00:51.641 32445 32445 E C01707/CONCUR: [Interface] task 560 apply qos failed, errno = 4
09-19 15:00:51.645 32445 32445 E C01707/CONCUR: [Interface] task 573 apply qos failed, errno = 4
09-19 15:00:51.773 32445 32445 E C01707/CONCUR: [Interface] task 564 apply qos failed, errno = 4
09-19 15:00:51.776 32445 32445 E C01707/CONCUR: [Interface] task 560 apply qos failed, errno = 4
09-19 15:00:51.778 32445 32445 E C01707/CONCUR: [Interface] task 573 apply qos failed, errno = 4
09-19 15:00:51.781 32445 32445 E C01707/CONCUR: [Interface] task 564 apply qos failed, errno = 4
09-19 15:00:51.784 32445 32445 E C01707/CONCUR: [Interface] task 560 apply qos failed, errno = 4
09-19 15:00:51.786 32445 32445 E C01707/CONCUR: [Interface] task 573 apply qos failed, errno = 4
09-19 15:00:51.909 32445 32445 E C01707/CONCUR: [Interface] task 564 apply qos failed, errno = 4
09-19 15:00:51.911 32445 32445 E C01707/CONCUR: [Interface] task 560 apply qos failed, errno = 4
09-19 15:00:51.914 32445 32445 E C01707/CONCUR: [Interface] task 573 apply qos failed, errno = 4
09-19 15:00:51.918 32445 32445 E C01707/CONCUR: [Interface] task 564 apply qos failed, errno = 4
09-19 15:00:51.920 32445 32445 E C01707/CONCUR: [Interface] task 560 apply qos failed, errno = 4
09-19 15:00:51.922 32445 32445 E C01707/CONCUR: [Interface] task 573 apply qos failed, errno = 4
09-19 15:00:51.952 32445 32445 E C01707/CONCUR: [Interface] task 564 apply qos failed, errno = 4
09-19 15:00:51.954 32445 32445 E C01707/CONCUR: [Interface] task 560 apply qos failed, errno = 4
09-19 15:00:51.957 32445 32445 E C01707/CONCUR: [Interface] task 573 apply qos failed, errno = 4
09-19 15:00:51.961 32445 32445 E C01707/CONCUR: [Interface] task 564 apply qos failed, errno = 4
09-19 15:00:51.964 32445 32445 E C01707/CONCUR: [Interface] task 560 apply qos failed, errno = 4
09-19 15:00:51.966 32445 32445 E C01707/CONCUR: [Interface] task 573 apply qos failed, errno = 4
09-19 15:00:52.001 32445 32445 E C01707/CONCUR: [Interface] task 564 apply qos failed, errno = 4
09-19 15:00:52.003 32445 32445 E C01707/CONCUR: [Interface] task 560 apply qos failed, errno = 4
09-19 15:00:52.005 32445 32445 E C01707/CONCUR: [Interface] task 573 apply qos failed, errno = 4
09-19 15:00:52.008 32445 32445 E C01707/CONCUR: [Interface] task 564 apply qos failed, errno = 4
09-19 15:00:52.011 32445 32445 E C01707/CONCUR: [Interface] task 560 apply qos failed, errno = 4
09-19 15:00:52.013 32445 32445 E C01707/CONCUR: [Interface] task 573 apply qos failed, errno = 4
09-19 15:00:59.415 32445   491 I C01310/AppDfr: [watchdog.cpp356]Thread may be blocked, not report time. currTime: 1789801259415, lastTime: 1789801252416
09-19 15:01:02.416 32445   491 W C01310/AppDfr: [appfreeze_inner.cpp760]hisysevent write FREEZE_HALF_HIVIEW_LOG, pid:32445, packageName:, ret:0
09-19 15:01:02.416 32445   491 W C02d06/XCollie: Sample freeze half file=freeze_20260919150102_32445.txt
09-19 15:01:02.416 32445   491 I C01310/AppDfr: [appfreeze_inner.cpp595]start to sample freeze stack, eventName:THREAD_BLOCK_3S
09-19 15:01:02.416 32445   491 W C01310/AppDfr: [appfreeze_inner.cpp627]submit reportAppFreeze, name:THREAD_BLOCK_3S, startTime:2026-09-19 15:01:02.416
09-19 15:01:02.416 32445   491 E C02d06/XCollie: ThreadSampler initialize failed.
09-19 15:01:02.416 32445   618 I C01201/EventHandler: EventHandler start dumper!
09-19 15:01:02.417 32445   618 I C01201/EventHandler: EventHandler end dumper!
09-19 15:01:02.417 32445   618 W C01310/AppDfr: [appfreeze_inner.cpp683]get mainhandler dump, eventName:THREAD_BLOCK_3S, endTime:2026-09-19 15:01:02.417, interval:1 ms
09-19 15:01:02.417 32445   618 E C02d06/XCollie: no freeze callback
09-19 15:01:02.417 32445   618 I C03f00/ArkCompiler: [ecmascript] GC statistic, count: 455, maxPause: 23.07, minPause: 0.368, averagePause: 1.2238, lastStartTime: 1789801262412, lastEndTime: 1789801262412, lastType: Local GC
09-19 15:01:02.417 32445   618 I C01310/AppDfr: [appfreeze_inner.cpp388]heap info: HEAP_TOTAL_SIZE:15990784,HEAP_OBJECT_SIZE:13289472,HEAP_SHARED_SIZE:850456, process lifeTime: PROCESS_LIFETIME:65s
09-19 15:01:02.428 32445   543 W C02d11/DfxUnwinder: Failed to step first frame, lr fallback
09-19 15:01:02.435 32445   612 I C01310/AppDfr: [appfreeze_inner.cpp493]get main stack has finished less than 1s
09-19 15:01:02.435 32445   612 W C01310/AppDfr: [appfreeze_inner.cpp788]NotifyAppFault:THREAD_BLOCK_3S, pid:32445, bundleName:com.example.callaite currentTime:2026-09-19 15:01:02.435, processExit:1 appfreezeInfo:freeze_20260919150102_32445.txt enbleMainThreadSample:0.
09-19 15:01:02.435 32445   612 I C01311/AppMS: [app_mgr_proxy.cpp1740]called
09-19 15:01:02.521 32445   799 W C057c1/IPCWorkThread: ThreadHandler: proto:0 policy:0 name:OS_IPC_5_799 invoker:3222224
09-19 15:01:05.415 32445   491 W C01310/AppDfr: [watchdog.cpp178]get hitrace id is invalid.
09-19 15:01:05.415 32445   491 W C02d06/XCollie: get lastest freeze file: , interval: 10784558.
09-19 15:01:05.415 32445   491 I C01310/AppDfr: [appfreeze_inner.cpp605]stop to sample freeze stack, eventName:THREAD_BLOCK_6S freezeFile: enbleMainThreadSample:0.
09-19 15:01:05.415 32445   491 W C01310/AppDfr: [appfreeze_inner.cpp627]submit reportAppFreeze, name:THREAD_BLOCK_6S, startTime:2026-09-19 15:01:05.415
09-19 15:01:05.415 32445   611 I C01201/EventHandler: EventHandler start dumper!
09-19 15:01:05.416 32445   611 I C01201/EventHandler: EventHandler end dumper!
09-19 15:01:05.416 32445   611 W C01310/AppDfr: [appfreeze_inner.cpp683]get mainhandler dump, eventName:THREAD_BLOCK_6S, endTime:2026-09-19 15:01:05.416, interval:1 ms
09-19 15:01:05.416 32445   611 E C02d06/XCollie: no freeze callback
09-19 15:01:05.416 32445   611 I C03f00/ArkCompiler: [ecmascript] GC statistic, count: 576, maxPause: 23.07, minPause: 0.368, averagePause: 1.09256, lastStartTime: 1789801265400, lastEndTime: 1789801265401, lastType: Local GC
09-19 15:01:05.416 32445   611 I C01310/AppDfr: [appfreeze_inner.cpp388]heap info: HEAP_TOTAL_SIZE:23068672,HEAP_OBJECT_SIZE:20247696,HEAP_SHARED_SIZE:850456, process lifeTime: PROCESS_LIFETIME:68s
09-19 15:01:05.416 32445   611 I C01336/AMS: [AMC1927]RecordAppWithReason pid:32445, uid:20020063, killId:2000
09-19 15:01:05.417 32445   611 I C01310/AppDfr: [appfreeze_inner.cpp537]Record result=0, pid=32445, uid=20020063, killId=2000
09-19 15:01:05.417 32445   611 W C01310/AppDfr: [appfreeze_inner.cpp788]NotifyAppFault:THREAD_BLOCK_6S, pid:32445, bundleName:com.example.callaite currentTime:2026-09-19 15:01:05.417, processExit:1 appfreezeInfo: enbleMainThreadSample:0.
09-19 15:01:05.417 32445   611 I C01311/AppMS: [app_mgr_proxy.cpp1740]called
09-19 15:01:05.418 32445   611 I C01356/Recovery: [app_recovery.cpp193]begin
09-19 15:01:05.418 32445   611 E C01356/Recovery: [app_recovery.cpp180]not enabled
09-19 15:01:05.418 32445   611 I C01356/Recovery: [app_recovery.cpp282]scheduleRecoverApp  begin
09-19 15:01:05.501 32445   853 W C057c1/IPCWorkThread: ThreadHandler: proto:0 policy:0 name:OS_IPC_6_853 invoker:3222800
catcher cmd: hilog -z 1000 -P end time: 2026/09/19-15:01:05:535
---------------------------------------------------

---------------------------------------------------
catcher cmd: hidumper --cpuusage start time: 2026/09/19-15:01:05:535

catcher cmd: hidumper --cpuusage 

-------------------------------[cpuusage]-------------------------------

Load average: 0.44 / 0.23 / 0.14; the cpu load average in 1 min, 5 min and 15 min
CPU usage from 2026-09-19 15:01:02 to 2026-09-19 15:01:05
Total: 19.58%; User Space: 17.88%; Kernel Space: 1.70%; iowait: 0.24%; irq: 0.08%; idle: 80.10%
Details of Processes:
    PID   Total Usage	   User Space    Kernel Space    Page Fault Minor    Page Fault Major    Name
    32445     25.68%          24.45%          1.22%           52380                   3            com.example.callaite
    1          0.70%           0.23%          0.47%           48263                 419            init           
    129        0.54%           0.21%          0.33%         1637873                5397            hiview         
    30         0.34%           0.00%          0.34%               0                   0            kauditd        
    108        0.23%           0.12%          0.11%          184896               28282            hilogd         
    454        0.11%           0.00%          0.11%           50647                2107            distributeddata
    730        0.11%           0.04%          0.06%         1902303               84795            foundation     
    31331      0.10%           0.00%          0.10%               0                   0            kworker/0:0-events
    514        0.09%           0.09%          0.01%             983                  37            sensor_host    
    32552      0.07%           0.05%          0.02%            6947                   3            hidumper_service
    603        0.05%           0.04%          0.01%            1864                  29            sensors        
    341        0.04%           0.04%          0.00%            3955                 679            file_monitor_service
    10         0.04%           0.00%          0.04%               0                   0            rcu_sched      
    1893       0.04%           0.04%          0.00%          494762              103701            com.ohos.sceneboard
    647        0.04%           0.00%          0.04%            5505                 925            powermgr       
    127        0.03%           0.03%          0.00%            3779                  80            samgr          
    815        0.02%           0.01%          0.01%            1956                  35            aps_manager    
    878        0.02%           0.00%          0.02%         1108181                  16            hdcd           
    563        0.02%           0.00%          0.02%            1286                  75            composer_host  
    278        0.02%           0.00%          0.02%           23430                3508            resource_schedule_service
    656        0.01%           0.01%          0.00%            7354                  32            netsysnative   
    2046       0.01%           0.01%          0.01%           10105                 425            index_insert_service
    981        0.01%           0.01%          0.01%            3988                 750            deviceprofile  
    836        0.01%           0.01%          0.01%            9841                1597            CollaborationFwk
    606        0.01%           0.01%          0.01%           46643                 116            security_guard 
    447        0.01%           0.00%          0.01%            7114                 241            wifi_manager_service
    135        0.01%           0.00%          0.01%           52110                4676            appspawn       
    107        0.01%           0.00%          0.01%             630                  17            faultloggerd   
    1618       0.01%           0.01%          0.00%           13338                 786            com.huawei.hms.pushservice
    1020       0.01%           0.01%          0.00%            8769                1101            locationhub    
    813        0.01%           0.01%          0.00%            4017                  89            av_session     
    739        0.01%           0.01%          0.00%            1591                  19            drm_service    
    729        0.01%           0.01%          0.00%          161605               84989            render_service 
    360        0.01%           0.01%          0.00%            7353                1099            msdp           
    313        0.01%           0.01%          0.00%           17438                2070            telephony      
    233        0.01%           0.01%          0.00%            5074                  39            memmgrservice  
    7519       0.01%           0.00%          0.01%               0                   0            kworker/3:0-events
    2793       0.01%           0.00%          0.01%            2549                 202            device_activate_service
    2000       0.01%           0.00%          0.01%           25457                 849            com.ohos.medialibrary.medialibrarydata
    1340       0.01%           0.00%          0.01%            2744                 624            com.huawei.hmsapp.samplemanagement
    697        0.01%           0.00%          0.01%           23089                  37            inputmethod_service
    602        0.01%           0.00%          0.01%            6816                1015            softbus_server 
    572        0.01%           0.00%          0.01%            2563                  64            useriam        
    458        0.01%           0.00%          0.01%            3198                 683            device_manager 
    299        0.01%           0.00%          0.01%           36220                1905            netmanager     
    289        0.01%           0.00%          0.01%           14744                 272            accesstoken_service
    97         0.01%           0.00%          0.01%               0                   0            jbd2/vdd-8     
    84         0.01%           0.00%          0.01%               0                   0            kworker/3:1H-kblockd
    82         0.01%           0.00%          0.01%               0                   0            kworker/0:1H-kblockd
    69         0.01%           0.00%          0.01%               0                   0            snapshotd      
    46         0.01%           0.00%          0.01%               0                   0            kworker/2:1-events
    9          0.01%           0.00%          0.01%               0                   0            ksoftirqd/0    
    31572      0.00%           0.00%          0.00%               0                   0            kworker/u8:2   
    31164      0.00%           0.00%          0.00%               0                   0            kworker/2:2    
    30887      0.00%           0.00%          0.00%            3590                   1            clouddevelopproxy
    29392      0.00%           0.00%          0.00%               0                   0            kworker/u8:0-flush-254:48
    27169      0.00%           0.00%          0.00%               0                   0            kworker/1:3-events
    27165      0.00%           0.00%          0.00%               0                   0            kworker/1:2-events
    27133      0.00%           0.00%          0.00%               0                   0            kworker/2:0-events
    17660      0.00%           0.00%          0.00%               0                   0            kworker/u8:1-ext4-rsv-conversion
    11007      0.00%           0.00%          0.00%               0                   0            kworker/0:2    
    8814       0.00%           0.00%          0.00%               0                   0            kworker/0:1-events
    5387       0.00%           0.00%          0.00%            1892                  17            cert_manager_service
    3557       0.00%           0.00%          0.00%               0                   0            kworker/3:2    
    3420       0.00%           0.00%          0.00%            6578                  28            atomicservice_ecological_rule_manager
    2728       0.00%           0.00%          0.00%            4070                 303            pasteboard_service
    2717       0.00%           0.00%          0.00%            3306                   0            QemuParams     
    2716       0.00%           0.00%          0.00%            3283                   0            QemuParams     
    2715       0.00%           0.00%          0.00%            3322                   1            QemuParams     
    2711       0.00%           0.00%          0.00%            3283                   0            QemuParams     
    2500       0.00%           0.00%          0.00%           11603                3206            com.ohos.sceneboard:EngineServiceAbility:1
    2160       0.00%           0.00%          0.00%           14517                 450            com.ohos.contactsdataability
    2099       0.00%           0.00%          0.00%             818                   3            deviceinfoservice
    1941       0.00%           0.00%          0.00%            6402                 315            com.huawei.hmsapp.intelligent
    1915       0.00%           0.00%          0.00%           11821                 339            com.huawei.hms.adsservice
    1841       0.00%           0.00%          0.00%            5313                 332            appgallery_service
    1804       0.00%           0.00%          0.00%               0                   0            dfs_srv_wb3    
    1803       0.00%           0.00%          0.00%               0                   0            dfs_sb_wb3     
    1802       0.00%           0.00%          0.00%               0                   0            dfs_ino_wb3    
    1801       0.00%           0.00%          0.00%               0                   0            share_item_time
    1795       0.00%           0.00%          0.00%               0                   0            dfs_srv_wb2    
    1794       0.00%           0.00%          0.00%               0                   0            dfs_sb_wb2     
    1793       0.00%           0.00%          0.00%               0                   0            dfs_ino_wb2    
    1792       0.00%           0.00%          0.00%               0                   0            share_item_time
    1791       0.00%           0.00%          0.00%               0                   0            dfs_srv_wb1    
    1790       0.00%           0.00%          0.00%               0                   0            dfs_sb_wb1     
    1789       0.00%           0.00%          0.00%               0                   0            dfs_ino_wb1    
    1788       0.00%           0.00%          0.00%               0                   0            share_item_time
    1601       0.00%           0.00%          0.00%               0                   0            psimon         
    1370       0.00%           0.00%          0.00%            1923                  26            dcm_service    
    1369       0.00%           0.00%          0.00%            2463                  56            asset_service  
    1346       0.00%           0.00%          0.00%            1194                 262            com.huawei.hmos.location
    1327       0.00%           0.00%          0.00%            2836                 656            com.huawei.emulatormultiscreen
    1323       0.00%           0.00%          0.00%            2290                  33            nwebspawn      
    1193       0.00%           0.00%          0.00%             794                  17            location_host  
    1146       0.00%           0.00%          0.00%            1849                  37            wpa_host       
    835        0.00%           0.00%          0.00%            4264                 102            accountmgr     
    797        0.00%           0.00%          0.00%            6376                 143            camera_service 
    792        0.00%           0.00%          0.00%            2775                  27            client_cloud_cache_service
    762        0.00%           0.00%          0.00%             465                   3            data_monitor_service
    728        0.00%           0.00%          0.00%            5259                 169            hianalytics    
    716        0.00%           0.00%          0.00%            4146                 811            huawei_id_svc  
    681        0.00%           0.00%          0.00%            1993                  18            media_monitor  
    664        0.00%           0.00%          0.00%            9883                 297            media_service  
    636        0.00%           0.00%          0.00%            1482                  62            privacy_service
    617        0.00%           0.00%          0.00%            1154                   9            av_codec_service
    613        0.00%           0.00%          0.00%            1160                  10            pin_auth_host  
    581        0.00%           0.00%          0.00%            1659                   9            ui_service     
    561        0.00%           0.00%          0.00%            1042                   7            allocator_host 
    559        0.00%           0.00%          0.00%             770                   7            blue_host      
    558        0.00%           0.00%          0.00%             702                   4            usb_host       
    554        0.00%           0.00%          0.00%           18386                  30            power_host     
    551        0.00%           0.00%          0.00%            1219                  39            wifi_host      
    545        0.00%           0.00%          0.00%             927                  35            audio_host     
    534        0.00%           0.00%          0.00%            1354                  41            camera_host    
    517        0.00%           0.00%          0.00%             649                   0            input_user_host
    498        0.00%           0.00%          0.00%             772                   7            vibrator_host  
    495        0.00%           0.00%          0.00%             773                   6            light_host     
    488        0.00%           0.00%          0.00%              64                   0            apppool        
    428        0.00%           0.00%          0.00%             865                  10            codec_host     
    423        0.00%           0.00%          0.00%             807                   9            face_auth_host 
    422        0.00%           0.00%          0.00%            1170                  25            user_auth_host 
    417        0.00%           0.00%          0.00%             755                  15            fingerprint_auth_host
    395        0.00%           0.00%          0.00%            2577                  42            time_service   
    363        0.00%           0.00%          0.00%           17199                2001            push_manager_service
    314        0.00%           0.00%          0.00%            3753                 766            wallpaper_service
    254        0.00%           0.00%          0.00%            2003                  25            resource_schedule_executor
    235        0.00%           0.00%          0.00%            7062                 202            multimodalinput
    226        0.00%           0.00%          0.00%            3283                  45            huks_service   
    203        0.00%           0.00%          0.00%            1650                  23            dlp_credential_service_sa
    195        0.00%           0.00%          0.00%             812                   4            concurrent_task_service
    194        0.00%           0.00%          0.00%            6671                 342            audio_server   
    186        0.00%           0.00%          0.00%            9209                1255            accessibility  
    136        0.00%           0.00%          0.00%            3090                 348            QemuParams     
    133        0.00%           0.00%          0.00%             782                  13            hdf_devmgr     
    128        0.00%           0.00%          0.00%            1240                   7            param_watcher  
    123        0.00%           0.00%          0.00%            2284                  77            storage_daemon 
    122        0.00%           0.00%          0.00%            1716                  30            storage_manager
    100        0.00%           0.00%          0.00%            1408                   4            ueventd        
    98         0.00%           0.00%          0.00%               0                   0            ext4-rsv-conver
    93         0.00%           0.00%          0.00%               0                   0            ext4-rsv-conver
    92         0.00%           0.00%          0.00%               0                   0            ext4-rsv-conver
    91         0.00%           0.00%          0.00%               0                   0            ext4-rsv-conver
    85         0.00%           0.00%          0.00%               0                   0            cache_freed    
    83         0.00%           0.00%          0.00%               0                   0            ipv6_addrconf  
    80         0.00%           0.00%          0.00%               0                   0            ion_system_heap
    77         0.00%           0.00%          0.00%               0                   0            scsi_tmf_1     
    76         0.00%           0.00%          0.00%               0                   0            scsi_eh_1      
    75         0.00%           0.00%          0.00%               0                   0            scsi_tmf_0     
    74         0.00%           0.00%          0.00%               0                   0            scsi_eh_0      
    73         0.00%           0.00%          0.00%               0                   0            kworker/2:1H-kblockd
    71         0.00%           0.00%          0.00%               0                   0            nfsiod         
    70         0.00%           0.00%          0.00%               0                   0            zswapd0        
    68         0.00%           0.00%          0.00%               0                   0            kswapd0        
    67         0.00%           0.00%          0.00%               0                   0            cfg80211       
    66         0.00%           0.00%          0.00%               0                   0            xprtiod        
    65         0.00%           0.00%          0.00%               0                   0            kworker/u9:0   
    64         0.00%           0.00%          0.00%               0                   0            rpciod         
    63         0.00%           0.00%          0.00%               0                   0            kworker/1:1H-kblockd
    62         0.00%           0.00%          0.00%               0                   0            ata_sff        
    61         0.00%           0.00%          0.00%               0                   0            kblockd        
    35         0.00%           0.00%          0.00%               0                   0            kcompactd0     
    34         0.00%           0.00%          0.00%               0                   0            writeback      
    33         0.00%           0.00%          0.00%               0                   0            oom_reaper     
    29         0.00%           0.00%          0.00%               0                   0            netns          
    28         0.00%           0.00%          0.00%               0                   0            kdevtmpfs      
    27         0.00%           0.00%          0.00%               0                   0            kworker/3:0H-events_highpri
    25         0.00%           0.00%          0.00%               0                   0            ksoftirqd/3    
    24         0.00%           0.00%          0.00%               0                   0            migration/3    
    23         0.00%           0.00%          0.00%               0                   0            cpuhp/3        
    22         0.00%           0.00%          0.00%               0                   0            kworker/2:0H-kblockd
    20         0.00%           0.00%          0.00%               0                   0            ksoftirqd/2    
    19         0.00%           0.00%          0.00%               0                   0            migration/2    
    18         0.00%           0.00%          0.00%               0                   0            cpuhp/2        
    17         0.00%           0.00%          0.00%               0                   0            kworker/1:0H-events_highpri
    15         0.00%           0.00%          0.00%               0                   0            ksoftirqd/1    
    14         0.00%           0.00%          0.00%               0                   0            migration/1    
    13         0.00%           0.00%          0.00%               0                   0            cpuhp/1        
    12         0.00%           0.00%          0.00%               0                   0            cpuhp/0        
    11         0.00%           0.00%          0.00%               0                   0            migration/0    
    8          0.00%           0.00%          0.00%               0                   0            mm_percpu_wq   
    6          0.00%           0.00%          0.00%               0                   0            kworker/0:0H-events_highpri
    4          0.00%           0.00%          0.00%               0                   0            rcu_par_gp     
    3          0.00%           0.00%          0.00%               0                   0            rcu_gp         
    2          0.00%           0.00%          0.00%               0                   0            kthreadd       
catcher cmd: hidumper --cpuusage end time: 2026/09/19-15:01:06:347
---------------------------------------------------

---------------------------------------------------
CpuCoreInfoCatcher -- start time: 2026/09/19-15:01:06:347

CpuCoreInfoCatcher --

cpu, userUsage=0.189225

cpu0, userUsage=0.510204

cpu1, userUsage=0.067669

cpu2, userUsage=0.142119

cpu3, userUsage=0.079082

cpu0, cpuFreq=0, minFreq=0, maxFreq=0

cpu1, cpuFreq=0, minFreq=0, maxFreq=0

cpu2, cpuFreq=0, minFreq=0, maxFreq=0

cpu3, cpuFreq=0, minFreq=0, maxFreq=0

---------------------------------------------------
collect StabilityGetTempFreqInfo start time: 2026/09/19-15:01:06:354

Freq: bigCur: , bigMax: , midCur: , midMax: , litCur: , litMax: 
IPA: 

collect StabilityGetTempFreqInfo end time: 2026/09/19-15:01:06:354
---------------------------------------------------
CpuCoreInfoCatcher -- end time: 2026/09/19-15:01:06:354
---------------------------------------------------

---------------------------------------------------
MemoryCatcher -- start time: 2026/09/19-15:01:06:354

MemoryCatcher --

Get freeze memory start time: 2026-09-19 15:01:05.418
some avg10=0.00 avg60=0.00 avg300=0.00 total=3315768
full avg10=0.00 avg60=0.00 avg300=0.00 total=755769
MemTotal:        4025340 kB
MemFree:         2193876 kB
MemAvailable:    2778592 kB
Buffers:            7244 kB
Cached:           617840 kB
SwapCached:        27188 kB
Active:           472768 kB
Inactive:         960864 kB
Active(anon):      61620 kB
Inactive(anon):   767080 kB
Active(file):     411148 kB
Inactive(file):   193784 kB
Unevictable:           0 kB
Mlocked:               0 kB
SwapTotal:       2097148 kB
SwapFree:        1888764 kB
Dirty:               268 kB
Writeback:             0 kB
AnonPages:        797008 kB
Mapped:           315988 kB
Shmem:             20152 kB
KReclaimable:      45856 kB
Slab:             123184 kB
SReclaimable:      45856 kB
SUnreclaim:        77328 kB
KernelStack:       18464 kB
PageTables:        35216 kB
NFS_Unstable:          0 kB
Bounce:                0 kB
WritebackTmp:          0 kB
CommitLimit:     4109816 kB
Committed_AS:   26521336 kB
VmallocTotal:   34359738367 kB
VmallocUsed:       89120 kB
VmallocChunk:          0 kB
Percpu:             1488 kB
DirectMap4k:       24388 kB
DirectMap2M:     4169728 kB
Get freeze memory end time: 2026-09-19 15:01:05.418
don't collect ashmem dmaheap gpumem
MemoryCatcher -- end time: 2026/09/19-15:01:06:359
---------------------------------------------------

---------------------------------------------------
catcher cmd: hidumper -s 1910 -a DumpAppMap start time: 2026/09/19-15:01:06:359

catcher cmd: hidumper -s 1910 -a DumpAppMap 
catcher cmd: hidumper -s 1910 -a DumpAppMap end time: 2026/09/19-15:01:06:372
---------------------------------------------------

---------------------------------------------------
ThermalInfoCatcher -- start time: 2026/09/19-15:01:06:373

ThermalInfoCatcher --

ThermalLevel info: 0
ThermalInfoCatcher -- end time: 2026/09/19-15:01:06:378
---------------------------------------------------

---------------------------------------------------
SummaryLogInfoCatcher -- start time: 2026/09/19-15:01:06:378

SummaryLogInfoCatcher --

SummaryLogInfoCatcher -- end time: 2026/09/19-15:01:06:382
---------------------------------------------------


Catcher log total time is 867ms
