Generated by HiviewDFX@OpenHarmony
================================================================
Device info:emulator
Build info:emulator 7.0.0.106(SP1DEVC00E999R4P11)
DeviceDebuggable:No
Fingerprint:76615ec29bec77fbbad5159d032360b7c2004580af4524fa75f19b2ca0a4bb98
Module name:com.example.callaite
ReleaseType:debug
CpuAbi:x86_64
Version:1.0.0
VersionCode:1000000
IsSystemApp:No
PreInstalled:No
Foreground:Yes
Pid:3174
Uid:20020063
App running unique id:5708132440669439643
Process life time:23s
Process Memory(kB): 202804(Rss)
Device Memory(kB): Total 4025340, Free 2192880, Available 2787144
Reason:THREAD_BLOCK_6S
appfreeze: com.example.callaite THREAD_BLOCK_6S at 20260919150647
DisplayPowerInfo:powerState:UNKNOWN
Page switch history:
  15:06:31.371 :enters foreground
>>>>>>>>>>>>>>>>>>>>>>>>>>>>>>>>>>>>>>>>>>>
DOMAIN:AAFWK
STRINGID:THREAD_BLOCK_6S
TIMESTAMP:2026/09/19-15:06:47:158
PID:3174
UID:20020063
PACKAGE_NAME:com.example.callaite
PROCESS_NAME:com.example.callaite

*******************************************
start time: 2026/09/19-15:06:44:185
DOMAIN = AAFWK
EVENTNAME = THREAD_BLOCK_3S
TIMESTAMP = 2026/09/19-15:06:44:183
PID = 3174
UID = 20020063
TID = 3174
PACKAGE_NAME = com.example.callaite
PROCESS_NAME = com.example.callaite
eventLog_action = ffrt,t,GpuStack,cmd:m,hot
eventLog_interval = 10
this thread has blocked 3000ms.
IS_FROZEN = 0
MainHeap(bytes): Used 26175848, Total 29097984
SharedHeap(bytes): Used 850464, Total 815792128
GC Status: count 447, maxPause 20.324ms, minPause 0.379ms, averagePause 1.27451ms, lastStartTime 2026/09/19-15:06:44.037, lastEndTime 2026/09/19-15:06:44.038, lastType Local GC
I/O(bytes): rchar 1269160, wchar 60741, syscr 312, syscw 633, read_bytes 0, write_bytes 69632, cancelled_write_bytes 32768
MSG = 
Fault time:2026/09/19-15:06:44
App main thread is not response!

Main handler dump start time: 2026-09-19 15:06:44.061
mainHandler dump is:
 EventHandler dump begin curTime: 2026-09-19 15:06:44.061
 Event runner (Thread name = , Thread ID = 3174) is running
 Current Running: start at 2026-09-19 15:06:31.594, Event { send thread = 3174, send time = 2026-09-19 15:06:31.594, handle time = 2026-11-08 08:09:18.888, trigger time = 2026-09-19 15:06:31.594, task name = vSyncTask, caller = [event_queue.cpp(PostTaskForVsync:235)] }
 History event queue information:
 No. 0 : Event { send thread = 3174, send time = 2026-09-19 15:06:31.466, handle time = 2026-09-19 15:06:31.466, trigger time = 2026-09-19 15:06:31.478, completeTime time = 2026-09-19 15:06:31.478, priority = Low, task name = ArkUIParseI18nJsonInfo, caller = [task_runner_adapter_impl.cpp(PostTask:35)] }
 No. 1 : Event { send thread = 3174, send time = 2026-09-19 15:06:31.466, handle time = 2026-09-19 15:06:31.466, trigger time = 2026-09-19 15:06:31.478, completeTime time = 2026-09-19 15:06:31.591, priority = Low, task name = ArkUIRunPageUrl, caller = [task_runner_adapter_impl.cpp(PostTask:35)] }
 No. 2 : Event { send thread = 3351, send time = 2026-09-19 15:06:31.567, handle time = 2026-09-19 15:06:31.567, trigger time = 2026-09-19 15:06:31.591, completeTime time = 2026-09-19 15:06:31.591, priority = Immediate, task name = GetBundleInfoForSelf, caller = [ohos_js_environment_impl.cpp(PostTaskToHandler:72)] }
 No. 3 : Event { send thread = 3325, send time = 2026-09-19 15:06:31.539, handle time = 2026-09-19 15:06:31.539, trigger time = 2026-09-19 15:06:31.591, completeTime time = 2026-09-19 15:06:31.592, priority = High, task name = JsWindowManager::OnGetTopWindow, caller = [ohos_js_environment_impl.cpp(PostTaskToHandler:72)] }
 No. 4 : Event { send thread = 3174, send time = 2026-09-19 15:06:31.466, handle time = 2026-09-19 15:06:31.466, trigger time = 2026-09-19 15:06:31.592, completeTime time = 2026-09-19 15:06:31.592, priority = Low, task name = ArkUISetSingleHandTransform, caller = [task_runner_adapter_impl.cpp(PostTask:35)] }
 No. 5 : Event { send thread = 3174, send time = 2026-09-19 15:06:31.466, handle time = 2026-09-19 15:06:31.466, trigger time = 2026-09-19 15:06:31.592, completeTime time = 2026-09-19 15:06:31.592, priority = Low, task name = ArkUIStatusBarItemColor, caller = [task_runner_adapter_impl.cpp(PostTask:35)] }
 No. 6 : Event { send thread = 3174, send time = 2026-09-19 15:06:31.466, handle time = 2026-09-19 15:06:31.466, trigger time = 2026-09-19 15:06:31.592, completeTime time = 2026-09-19 15:06:31.592, priority = Low, task name = ArkUINotifyWindowMode, caller = [task_runner_adapter_impl.cpp(PostTask:35)] }
 No. 7 : Event { send thread = 3174, send time = 2026-09-19 15:06:31.474, handle time = 2026-09-19 15:06:31.474, trigger time = 2026-09-19 15:06:31.592, completeTime time = 2026-09-19 15:06:31.592, priority = Low, task name = ArkUIUpdateBrightness, caller = [task_runner_adapter_impl.cpp(PostTask:35)] }
 No. 8 : Event { send thread = 3174, send time = 2026-09-19 15:06:31.475, handle time = 2026-09-19 15:06:31.475, trigger time = 2026-09-19 15:06:31.592, completeTime time = 2026-09-19 15:06:31.593, priority = Low, task name = ArkUIUpdateViewportConfig, caller = [task_runner_adapter_impl.cpp(PostTask:35)] }
 No. 9 : Event { send thread = 3174, send time = 2026-09-19 15:06:31.475, handle time = 2026-09-19 15:06:31.475, trigger time = 2026-09-19 15:06:31.593, completeTime time = 2026-09-19 15:06:31.593, priority = Low, task name = ArkUIUpdateSessionViewportConfig, caller = [task_runner_adapter_impl.cpp(PostTask:35)] }
 No. 10 : Event { send thread = 3174, send time = 2026-09-19 15:06:31.475, handle time = 2026-09-19 15:06:31.475, trigger time = 2026-09-19 15:06:31.593, completeTime time = 2026-09-19 15:06:31.593, priority = Low, task name = ArkUIFrontendActive, caller = [task_runner_adapter_impl.cpp(PostTask:35)] }
 No. 11 : Event { send thread = 3174, send time = 2026-09-19 15:06:31.475, handle time = 2026-09-19 15:06:31.475, trigger time = 2026-09-19 15:06:31.593, completeTime time = 2026-09-19 15:06:31.593, priority = Low, task name = ArkUIWindowFocus, caller = [task_runner_adapter_impl.cpp(PostTask:35)] }
 No. 12 : Event { send thread = 3174, send time = 2026-09-19 15:06:31.475, handle time = 2026-09-19 15:06:31.475, trigger time = 2026-09-19 15:06:31.593, completeTime time = 2026-09-19 15:06:31.593, priority = Low, task name = ArkUISetOnWindowFocusedCallback, caller = [task_runner_adapter_impl.cpp(PostTask:35)] }
 No. 13 : Event { send thread = 3174, send time = 2026-09-19 15:06:31.475, handle time = 2026-09-19 15:06:31.475, trigger time = 2026-09-19 15:06:31.593, completeTime time = 2026-09-19 15:06:31.594, priority = Low, task name = ArkUIFrontendActive, caller = [task_runner_adapter_impl.cpp(PostTask:35)] }
 No. 14 : Event { send thread = 3174, send time = 2026-09-19 15:06:31.475, handle time = 2026-09-19 15:06:31.475, trigger time = 2026-09-19 15:06:31.594, completeTime time = 2026-09-19 15:06:31.594, priority = Low, task name = ArkUIWindowActivate, caller = [task_runner_adapter_impl.cpp(PostTask:35)] }
 No. 15 : Event { send thread = 3174, send time = 2026-09-19 15:06:31.475, handle time = 2026-09-19 15:06:31.475, trigger time = 2026-09-19 15:06:31.594, completeTime time = 2026-09-19 15:06:31.594, priority = Low, task name = ArkUISetWindowScale, caller = [task_runner_adapter_impl.cpp(PostTask:35)] }
 No. 16 : Event { send thread = 3174, send time = 2026-09-19 15:06:31.475, handle time = 2026-09-19 15:06:31.475, trigger time = 2026-09-19 15:06:31.594, completeTime time = 2026-09-19 15:06:31.594, priority = Low, task name = ArkUIWindowRectChange, caller = [task_runner_adapter_impl.cpp(PostTask:35)] }
 No. 17 : Event { send thread = 3174, send time = 2026-09-19 15:06:31.476, handle time = 2026-09-19 15:06:31.476, trigger time = 2026-09-19 15:06:31.594, completeTime time = 2026-09-19 15:06:31.594, priority = Low, task name = ArkUIUpdateOriginAvoidAreaAndExecuteKeyboardAvoid, caller = [task_runner_adapter_impl.cpp(PostTask:35)] }
 No. 18 : Event { send thread = 3174, send time = 2026-09-19 15:06:31.477, handle time = 2026-09-19 15:06:31.477, trigger time = 2026-09-19 15:06:31.594, completeTime time = 2026-09-19 15:06:31.594, priority = Low, task name = ArkUIWindowRectChange, caller = [task_runner_adapter_impl.cpp(PostTask:35)] }
 No. 19 : Event { send thread = 3174, send time = 2026-09-19 15:06:31.478, handle time = 2026-09-19 15:06:31.478, trigger time = 2026-09-19 15:06:31.594, completeTime time = 2026-09-19 15:06:31.594, priority = Low, task name = ArkUIUpdateOriginAvoidAreaAndExecuteKeyboardAvoid, caller = [task_runner_adapter_impl.cpp(PostTask:35)] }
 No. 20 : Event { send thread = 3174, send time = 2026-09-19 15:06:31.474, handle time = 2026-09-19 15:06:31.525, trigger time = 2026-09-19 15:06:31.594, completeTime time = 2026-09-19 15:06:31.594, priority = Low, task name = ArkUIIdleTask, caller = [task_runner_adapter_impl.cpp(PostDelayedTask:46)] }
 No. 21 : Event { send thread = 3174, send time = 2026-09-19 15:06:31.594, handle time = 2026-11-08 08:09:18.888, trigger time = 2026-09-19 15:06:31.594, completeTime time = , priority = VIP, task name = vSyncTask, caller = [event_queue.cpp(PostTaskForVsync:235)] }
 No. 22 : Event { send thread = 3174, send time = 2026-09-19 15:06:31.432, handle time = 2026-09-19 15:06:31.432, trigger time = 2026-09-19 15:06:31.476, completeTime time = 2026-09-19 15:06:31.476, priority = Low, task name = ArkUIFillTaskTypeTable, caller = [task_runner_adapter_impl.cpp(PostTask:35)] }
 No. 23 : Event { send thread = 3174, send time = 2026-09-19 15:06:31.432, handle time = 2026-09-19 15:06:31.432, trigger time = 2026-09-19 15:06:31.476, completeTime time = 2026-09-19 15:06:31.476, priority = Low, task name = ArkUIFillTaskTypeTable, caller = [task_runner_adapter_impl.cpp(PostTask:35)] }
 No. 24 : Event { send thread = 3174, send time = 2026-09-19 15:06:31.432, handle time = 2026-09-19 15:06:31.432, trigger time = 2026-09-19 15:06:31.476, completeTime time = 2026-09-19 15:06:31.476, priority = Low, task name = ArkUIFillTaskTypeTable, caller = [task_runner_adapter_impl.cpp(PostTask:35)] }
 No. 25 : Event { send thread = 3174, send time = 2026-09-19 15:06:31.432, handle time = 2026-09-19 15:06:31.432, trigger time = 2026-09-19 15:06:31.476, completeTime time = 2026-09-19 15:06:31.476, priority = Low, task name = ArkUIFillTaskTypeTable, caller = [task_runner_adapter_impl.cpp(PostTask:35)] }
 No. 26 : Event { send thread = 3174, send time = 2026-09-19 15:06:31.433, handle time = 2026-09-19 15:06:31.433, trigger time = 2026-09-19 15:06:31.476, completeTime time = 2026-09-19 15:06:31.476, priority = Low, task name = ArkUISetJsMessageDispatcher, caller = [task_runner_adapter_impl.cpp(PostTask:35)] }
 No. 27 : Event { send thread = 3174, send time = 2026-09-19 15:06:31.435, handle time = 2026-09-19 15:06:31.435, trigger time = 2026-09-19 15:06:31.476, completeTime time = 2026-09-19 15:06:31.476, priority = Low, task name = ArkUIPageSwitchLogStatusChanged, caller = [task_runner_adapter_impl.cpp(PostTask:35)] }
 No. 28 : Event { send thread = 3174, send time = 2026-09-19 15:06:31.452, handle time = 2026-09-19 15:06:31.452, trigger time = 2026-09-19 15:06:31.476, completeTime time = 2026-09-19 15:06:31.477, priority = Low, task name = ArkUIFrontendActive, caller = [task_runner_adapter_impl.cpp(PostTask:35)] }
 No. 29 : Event { send thread = 3174, send time = 2026-09-19 15:06:31.452, handle time = 2026-09-19 15:06:31.452, trigger time = 2026-09-19 15:06:31.477, completeTime time = 2026-09-19 15:06:31.477, priority = Low, task name = ArkUIWindowFocus, caller = [task_runner_adapter_impl.cpp(PostTask:35)] }
 No. 30 : Event { send thread = 3355, send time = 2026-09-19 15:06:31.462, handle time = 2026-09-19 15:06:31.462, trigger time = 2026-09-19 15:06:31.477, completeTime time = 2026-09-19 15:06:31.478, priority = Low, task name = WMS_WindowSessionImpl_UpdateRectForOtherReason, caller = [window_session_impl.cpp(UpdateRectForOtherReason:1693)] }
 No. 31 : Event { send thread = 3174, send time = 2026-09-19 15:06:31.477, handle time = 2026-09-19 15:06:31.477, trigger time = 2026-09-19 15:06:31.478, completeTime time = 2026-09-19 15:06:31.478, priority = VIP, task name = UpdateDisplayValid5, caller = [native_event.cpp(SendEventByEventHandler:322)] }
 VIP priority event queue information:
 No.1 : Event { send thread = 3322, send time = 2026-09-19 15:06:34.063, handle time = 2026-09-19 15:06:34.063, id = 1, caller = [watchdog.cpp(Timer:303)] }
 No.2 : Event { send thread = 3322, send time = 2026-09-19 15:06:41.061, handle time = 2026-09-19 15:06:41.061, id = 1, caller = [watchdog.cpp(Timer:303)] }
 No.3 : Event { send thread = 3322, send time = 2026-09-19 15:06:44.061, handle time = 2026-09-19 15:06:44.061, id = 1, caller = [watchdog.cpp(Timer:303)] }
 Total size of VIP events : 3
 Immediate priority event queue information:
 Total size of Immediate events : 0
 High priority event queue information:
 No.1 : Event { send thread = 3174, send time = 2026-09-19 15:06:31.594, handle time = 2026-09-19 15:06:31.594, task name = uvLoopTask, caller = [event_queue.cpp(HandleFileDescriptorEvent:313)] }
 Total size of High events : 1
 Low priority event queue information:
 No.1 : Event { send thread = 3174, send time = 2026-09-19 15:06:31.600, handle time = 2026-09-19 15:06:31.651, task name = ArkUIIdleTask, caller = [task_runner_adapter_impl.cpp(PostDelayedTask:46)] }
 No.2 : Event { send thread = 3174, send time = 2026-09-19 15:06:31.600, handle time = 2026-09-19 15:06:32.100, task name = ArkUIVsyncTimeoutCheck, caller = [task_runner_adapter_impl.cpp(PostDelayedTask:46)] }
 No.3 : Event { send thread = 3174, send time = 2026-09-19 15:06:31.119, handle time = 2026-09-19 15:06:32.119, task name = AppRecovery:AddAbility, caller = [app_recovery.cpp(AddAbility:133)] }
 No.4 : Event { send thread = 3174, send time = 2026-09-19 15:06:31.600, handle time = 2026-09-19 15:06:32.200, task name = vsync_time_out_task_13632226197505, caller = [vsync_station.cpp(RequestVsync:148)] }
 No.5 : Event { send thread = 3174, send time = 2026-09-19 15:06:31.590, handle time = 2026-09-19 15:06:33.590, task name = ExtensionTransparentDetector, caller = [task_runner_adapter_impl.cpp(PostDelayedTask:46)] }
 No.6 : Event { send thread = 3174, send time = 2026-09-19 15:06:31.600, handle time = 2026-09-19 15:06:34.600, task name = ArkUIVsyncTimeoutCheck, caller = [task_runner_adapter_impl.cpp(PostDelayedTask:46)] }
 No.7 : Event { send thread = 3174, send time = 2026-09-19 15:06:31.534, handle time = 2026-09-19 15:06:36.534, task name = TriggerModuleSerializer, caller = [task_runner_adapter_impl.cpp(PostDelayedTask:46)] }
 Total size of Low events : 7
 Idle priority event queue information:
 No.1 : Event { send thread = 3335, send time = 2026-09-19 15:06:31.718, handle time = 2026-09-19 15:06:31.718, task name = uv_io_cb, caller = [ohos_js_environment_impl.cpp(PostTaskToHandler:72)] }
 No.2 : Event { send thread = 3335, send time = 2026-09-19 15:06:31.989, handle time = 2026-09-19 15:06:31.989, task name = uv_io_cb, caller = [ohos_js_environment_impl.cpp(PostTaskToHandler:72)] }
 Total size of Idle events : 2
 Total event size : 13
Main handler dump end time: 2026-09-19 15:06:44.061

Catche stack trace start time: 2026-09-19 15:06:44.083

Tid:3174, Name:xample.callaite
state=R, utime=1211, stime=65, priority=10, nice=-10, clk=100
#00 pc 00000000000c3d69 /system/lib/ld-musl-x86_64.so.1(74178aa6301b8bad2ac9b6d7f2361221)
#01 pc 00000000000c3bde /system/lib/ld-musl-x86_64.so.1(74178aa6301b8bad2ac9b6d7f2361221)
#02 pc 000000000013b78d /system/lib/ld-musl-x86_64.so.1(malloc+61)(74178aa6301b8bad2ac9b6d7f2361221)
#03 pc 00000000000b5499 /system/lib64/chipset-sdk-sp/libc++.so(operator new(unsigned long)+25)(ca45f3285cb13d8a615c2dcf32305914fbc391ad)
#04 pc 000000000023d4a9 /system/lib64/platformsdk/libark_jsruntime.so(3403c0dea7c24e42adea4ee0f5dd2803)
#05 pc 0000000000298fd8 /system/lib64/platformsdk/libark_jsruntime.so(3403c0dea7c24e42adea4ee0f5dd2803)
#06 pc 00000000007b9177 /system/lib64/platformsdk/libark_jsruntime.so(3403c0dea7c24e42adea4ee0f5dd2803)
#07 pc 000000000074ce78 /system/lib64/platformsdk/libark_jsruntime.so(3403c0dea7c24e42adea4ee0f5dd2803)
#08 pc 000000000074c16f /system/lib64/platformsdk/libark_jsruntime.so(3403c0dea7c24e42adea4ee0f5dd2803)
#09 pc 00000000006d3bf2 /system/lib64/platformsdk/libark_jsruntime.so(3403c0dea7c24e42adea4ee0f5dd2803)
#10 pc 00000000009fe546 /system/lib64/platformsdk/libark_jsruntime.so(3403c0dea7c24e42adea4ee0f5dd2803)
#11 pc 000000000124e1b2 /system/lib64/module/arkcompiler/stub.an(RTStub_CallRuntime+50)
#12 pc 000000000107b4da /system/lib64/module/arkcompiler/stub.an(BCStub_HandleJmpImm16StwCopy+538)
Tid:3320, Name:OS_IPC_0_3320
state=S, utime=0, stime=0, priority=0, nice=-20, clk=100
#00 pc 00000000000dc469 /system/lib/ld-musl-x86_64.so.1(ioctl+185)(74178aa6301b8bad2ac9b6d7f2361221)
#01 pc 0000000000010ca7 /system/lib64/platformsdk/libipc_common.z.so(OHOS::BinderConnector::WriteBinder(unsigned long, void*)+55)(ae9fe169bf1f8b0397c31ba1b67e0e94)
#02 pc 000000000007e34d /system/lib64/platformsdk/libipc_single.z.so(OHOS::BinderInvoker::TransactWithDriver(bool)+269)(216555c1ccaa2644568394a99c5a7547)
#03 pc 000000000007e71a /system/lib64/platformsdk/libipc_single.z.so(OHOS::BinderInvoker::StartWorkLoop()+106)(216555c1ccaa2644568394a99c5a7547)
#04 pc 0000000000080c28 /system/lib64/platformsdk/libipc_single.z.so(OHOS::BinderInvoker::JoinThread(bool)+40)(216555c1ccaa2644568394a99c5a7547)
#05 pc 00000000000769f5 /system/lib64/platformsdk/libipc_single.z.so(OHOS::IPCWorkThread::ThreadHandler(void*)+901)(216555c1ccaa2644568394a99c5a7547)
#06 pc 00000000001299e7 /system/lib/ld-musl-x86_64.so.1(74178aa6301b8bad2ac9b6d7f2361221)
#07 pc 0000000000090f8e /system/lib/ld-musl-x86_64.so.1(74178aa6301b8bad2ac9b6d7f2361221)
Tid:3321, Name:OS_IPC_1_3321
state=S, utime=0, stime=0, priority=0, nice=-20, clk=100
#00 pc 00000000000dc46b /system/lib/ld-musl-x86_64.so.1(ioctl+187)(74178aa6301b8bad2ac9b6d7f2361221)
#01 pc 0000000000010ca7 /system/lib64/platformsdk/libipc_common.z.so(OHOS::BinderConnector::WriteBinder(unsigned long, void*)+55)(ae9fe169bf1f8b0397c31ba1b67e0e94)
#02 pc 000000000007e34d /system/lib64/platformsdk/libipc_single.z.so(OHOS::BinderInvoker::TransactWithDriver(bool)+269)(216555c1ccaa2644568394a99c5a7547)
#03 pc 000000000007e71a /system/lib64/platformsdk/libipc_single.z.so(OHOS::BinderInvoker::StartWorkLoop()+106)(216555c1ccaa2644568394a99c5a7547)
#04 pc 0000000000080c28 /system/lib64/platformsdk/libipc_single.z.so(OHOS::BinderInvoker::JoinThread(bool)+40)(216555c1ccaa2644568394a99c5a7547)
#05 pc 00000000000769f5 /system/lib64/platformsdk/libipc_single.z.so(OHOS::IPCWorkThread::ThreadHandler(void*)+901)(216555c1ccaa2644568394a99c5a7547)
#06 pc 00000000001299e7 /system/lib/ld-musl-x86_64.so.1(74178aa6301b8bad2ac9b6d7f2361221)
#07 pc 0000000000090f8e /system/lib/ld-musl-x86_64.so.1(74178aa6301b8bad2ac9b6d7f2361221)
Tid:3322, Name:OS_DfxWatchdog
state=S, utime=0, stime=0, priority=0, nice=-20, clk=100
#00 pc 0000000000125ee9 /system/lib/ld-musl-x86_64.so.1(74178aa6301b8bad2ac9b6d7f2361221)
#01 pc 0000000000127883 /system/lib/ld-musl-x86_64.so.1(pthread_cond_timedwait+195)(74178aa6301b8bad2ac9b6d7f2361221)
#02 pc 00000000000c74e7 /system/lib64/chipset-sdk-sp/libc++.so(std::__h::condition_variable::__do_timed_wait(std::__h::unique_lock<std::__h::mutex>&, std::__h::chrono::time_point<std::__h::chrono::system_clock, std::__h::chrono::duration<long long, std::__h::ratio<1l, 1000000000l>>>)+103)(ca45f3285cb13d8a615c2dcf32305914fbc391ad)
#03 pc 00000000000245a0 /system/lib64/chipset-sdk-sp/libhicollie.z.so(0d0f332b1d543f1b44cdc8747e67264a)
#04 pc 00000000000242a1 /system/lib64/chipset-sdk-sp/libhicollie.z.so(0d0f332b1d543f1b44cdc8747e67264a)
#05 pc 000000000002c17d /system/lib64/chipset-sdk-sp/libhicollie.z.so(0d0f332b1d543f1b44cdc8747e67264a)
#06 pc 00000000001299e7 /system/lib/ld-musl-x86_64.so.1(74178aa6301b8bad2ac9b6d7f2361221)
#07 pc 0000000000090f8e /system/lib/ld-musl-x86_64.so.1(74178aa6301b8bad2ac9b6d7f2361221)
Tid:3323, Name:OS_FFRT_Delay
state=S, utime=0, stime=0, priority=0, nice=-20, clk=100
#00 pc 00000000000b837f /system/lib/ld-musl-x86_64.so.1(epoll_wait+31)(74178aa6301b8bad2ac9b6d7f2361221)
#01 pc 00000000000b2cda /system/lib64/ndk/libffrt.so(6014d53b82cd59820b512f223d249356)
#02 pc 00000000001299e7 /system/lib/ld-musl-x86_64.so.1(74178aa6301b8bad2ac9b6d7f2361221)
#03 pc 0000000000090f8e /system/lib/ld-musl-x86_64.so.1(74178aa6301b8bad2ac9b6d7f2361221)
Tid:3324, Name:OS_FFRT_5_0
state=S, utime=0, stime=0, priority=0, nice=-20, clk=100
#00 pc 0000000000125ee9 /system/lib/ld-musl-x86_64.so.1(74178aa6301b8bad2ac9b6d7f2361221)
#01 pc 0000000000127883 /system/lib/ld-musl-x86_64.so.1(pthread_cond_timedwait+195)(74178aa6301b8bad2ac9b6d7f2361221)
#02 pc 00000000000c74e7 /system/lib64/chipset-sdk-sp/libc++.so(std::__h::condition_variable::__do_timed_wait(std::__h::unique_lock<std::__h::mutex>&, std::__h::chrono::time_point<std::__h::chrono::system_clock, std::__h::chrono::duration<long long, std::__h::ratio<1l, 1000000000l>>>)+103)(ca45f3285cb13d8a615c2dcf32305914fbc391ad)
#03 pc 000000000008bcb0 /system/lib64/ndk/libffrt.so(6014d53b82cd59820b512f223d249356)
#04 pc 00000000000760ef /system/lib64/ndk/libffrt.so(6014d53b82cd59820b512f223d249356)
#05 pc 0000000000075eaf /system/lib64/ndk/libffrt.so(6014d53b82cd59820b512f223d249356)
#06 pc 0000000000075d79 /system/lib64/ndk/libffrt.so(6014d53b82cd59820b512f223d249356)
#07 pc 00000000001299e7 /system/lib/ld-musl-x86_64.so.1(74178aa6301b8bad2ac9b6d7f2361221)
#08 pc 0000000000090f8e /system/lib/ld-musl-x86_64.so.1(74178aa6301b8bad2ac9b6d7f2361221)
Tid:3325, Name:OS_FFRT_2_0
state=S, utime=0, stime=1, priority=0, nice=-20, clk=100
#00 pc 0000000000125ee9 /system/lib/ld-musl-x86_64.so.1(74178aa6301b8bad2ac9b6d7f2361221)
#01 pc 0000000000127883 /system/lib/ld-musl-x86_64.so.1(pthread_cond_timedwait+195)(74178aa6301b8bad2ac9b6d7f2361221)
#02 pc 00000000000c74e7 /system/lib64/chipset-sdk-sp/libc++.so(std::__h::condition_variable::__do_timed_wait(std::__h::unique_lock<std::__h::mutex>&, std::__h::chrono::time_point<std::__h::chrono::system_clock, std::__h::chrono::duration<long long, std::__h::ratio<1l, 1000000000l>>>)+103)(ca45f3285cb13d8a615c2dcf32305914fbc391ad)
#03 pc 000000000008bcb0 /system/lib64/ndk/libffrt.so(6014d53b82cd59820b512f223d249356)
#04 pc 00000000000760ef /system/lib64/ndk/libffrt.so(6014d53b82cd59820b512f223d249356)
#05 pc 0000000000075eaf /system/lib64/ndk/libffrt.so(6014d53b82cd59820b512f223d249356)
#06 pc 0000000000075d79 /system/lib64/ndk/libffrt.so(6014d53b82cd59820b512f223d249356)
#07 pc 00000000001299e7 /system/lib/ld-musl-x86_64.so.1(74178aa6301b8bad2ac9b6d7f2361221)
#08 pc 0000000000090f8e /system/lib/ld-musl-x86_64.so.1(74178aa6301b8bad2ac9b6d7f2361221)
Tid:3326, Name:OS_GC_Thread
state=S, utime=0, stime=0, priority=0, nice=-20, clk=100
#00 pc 0000000000125ee9 /system/lib/ld-musl-x86_64.so.1(74178aa6301b8bad2ac9b6d7f2361221)
#01 pc 0000000000127883 /system/lib/ld-musl-x86_64.so.1(pthread_cond_timedwait+195)(74178aa6301b8bad2ac9b6d7f2361221)
#02 pc 00000000009cd4ca /system/lib64/platformsdk/libark_jsruntime.so(3403c0dea7c24e42adea4ee0f5dd2803)
#03 pc 00000000009cd443 /system/lib64/platformsdk/libark_jsruntime.so(3403c0dea7c24e42adea4ee0f5dd2803)
#04 pc 00000000009cd8b5 /system/lib64/platformsdk/libark_jsruntime.so(3403c0dea7c24e42adea4ee0f5dd2803)
#05 pc 00000000001299e7 /system/lib/ld-musl-x86_64.so.1(74178aa6301b8bad2ac9b6d7f2361221)
#06 pc 0000000000090f8e /system/lib/ld-musl-x86_64.so.1(74178aa6301b8bad2ac9b6d7f2361221)
Tid:3327, Name:OS_GC_Thread
state=S, utime=14, stime=5, priority=0, nice=-20, clk=100
#00 pc 0000000000125ee9 /system/lib/ld-musl-x86_64.so.1(74178aa6301b8bad2ac9b6d7f2361221)
#01 pc 0000000000127883 /system/lib/ld-musl-x86_64.so.1(pthread_cond_timedwait+195)(74178aa6301b8bad2ac9b6d7f2361221)
#02 pc 00000000000c7451 /system/lib64/chipset-sdk-sp/libc++.so(std::__h::condition_variable::wait(std::__h::unique_lock<std::__h::mutex>&)+17)(ca45f3285cb13d8a615c2dcf32305914fbc391ad)
#03 pc 0000000000a298fd /system/lib64/platformsdk/libark_jsruntime.so(3403c0dea7c24e42adea4ee0f5dd2803)
#04 pc 0000000000a29475 /system/lib64/platformsdk/libark_jsruntime.so(3403c0dea7c24e42adea4ee0f5dd2803)
#05 pc 0000000000a2955a /system/lib64/platformsdk/libark_jsruntime.so(3403c0dea7c24e42adea4ee0f5dd2803)
#06 pc 00000000001299e7 /system/lib/ld-musl-x86_64.so.1(74178aa6301b8bad2ac9b6d7f2361221)
#07 pc 0000000000090f8e /system/lib/ld-musl-x86_64.so.1(74178aa6301b8bad2ac9b6d7f2361221)
Tid:3328, Name:OS_GC_Thread
state=S, utime=15, stime=5, priority=0, nice=-20, clk=100
#00 pc 0000000000125ee9 /system/lib/ld-musl-x86_64.so.1(74178aa6301b8bad2ac9b6d7f2361221)
#01 pc 0000000000127883 /system/lib/ld-musl-x86_64.so.1(pthread_cond_timedwait+195)(74178aa6301b8bad2ac9b6d7f2361221)
#02 pc 00000000000c7451 /system/lib64/chipset-sdk-sp/libc++.so(std::__h::condition_variable::wait(std::__h::unique_lock<std::__h::mutex>&)+17)(ca45f3285cb13d8a615c2dcf32305914fbc391ad)
#03 pc 0000000000a298fd /system/lib64/platformsdk/libark_jsruntime.so(3403c0dea7c24e42adea4ee0f5dd2803)
#04 pc 0000000000a29475 /system/lib64/platformsdk/libark_jsruntime.so(3403c0dea7c24e42adea4ee0f5dd2803)
#05 pc 0000000000a2955a /system/lib64/platformsdk/libark_jsruntime.so(3403c0dea7c24e42adea4ee0f5dd2803)
#06 pc 00000000001299e7 /system/lib/ld-musl-x86_64.so.1(74178aa6301b8bad2ac9b6d7f2361221)
#07 pc 0000000000090f8e /system/lib/ld-musl-x86_64.so.1(74178aa6301b8bad2ac9b6d7f2361221)
Tid:3329, Name:OS_GC_Thread
state=S, utime=13, stime=7, priority=0, nice=-20, clk=100
#00 pc 0000000000125ee9 /system/lib/ld-musl-x86_64.so.1(74178aa6301b8bad2ac9b6d7f2361221)
#01 pc 0000000000127883 /system/lib/ld-musl-x86_64.so.1(pthread_cond_timedwait+195)(74178aa6301b8bad2ac9b6d7f2361221)
#02 pc 00000000000c7451 /system/lib64/chipset-sdk-sp/libc++.so(std::__h::condition_variable::wait(std::__h::unique_lock<std::__h::mutex>&)+17)(ca45f3285cb13d8a615c2dcf32305914fbc391ad)
#03 pc 0000000000a298fd /system/lib64/platformsdk/libark_jsruntime.so(3403c0dea7c24e42adea4ee0f5dd2803)
#04 pc 0000000000a29475 /system/lib64/platformsdk/libark_jsruntime.so(3403c0dea7c24e42adea4ee0f5dd2803)
#05 pc 0000000000a2955a /system/lib64/platformsdk/libark_jsruntime.so(3403c0dea7c24e42adea4ee0f5dd2803)
#06 pc 00000000001299e7 /system/lib/ld-musl-x86_64.so.1(74178aa6301b8bad2ac9b6d7f2361221)
#07 pc 0000000000090f8e /system/lib/ld-musl-x86_64.so.1(74178aa6301b8bad2ac9b6d7f2361221)
Tid:3330, Name:OS_FFRT_3_0
state=S, utime=4, stime=7, priority=0, nice=-20, clk=100
#00 pc 0000000000125ee9 /system/lib/ld-musl-x86_64.so.1(74178aa6301b8bad2ac9b6d7f2361221)
#01 pc 0000000000127883 /system/lib/ld-musl-x86_64.so.1(pthread_cond_timedwait+195)(74178aa6301b8bad2ac9b6d7f2361221)
#02 pc 00000000000c74e7 /system/lib64/chipset-sdk-sp/libc++.so(std::__h::condition_variable::__do_timed_wait(std::__h::unique_lock<std::__h::mutex>&, std::__h::chrono::time_point<std::__h::chrono::system_clock, std::__h::chrono::duration<long long, std::__h::ratio<1l, 1000000000l>>>)+103)(ca45f3285cb13d8a615c2dcf32305914fbc391ad)
#03 pc 000000000008bcb0 /system/lib64/ndk/libffrt.so(6014d53b82cd59820b512f223d249356)
#04 pc 00000000000760ef /system/lib64/ndk/libffrt.so(6014d53b82cd59820b512f223d249356)
#05 pc 0000000000075eaf /system/lib64/ndk/libffrt.so(6014d53b82cd59820b512f223d249356)
#06 pc 0000000000075d79 /system/lib64/ndk/libffrt.so(6014d53b82cd59820b512f223d249356)
#07 pc 00000000001299e7 /system/lib/ld-musl-x86_64.so.1(74178aa6301b8bad2ac9b6d7f2361221)
#08 pc 0000000000090f8e /system/lib/ld-musl-x86_64.so.1(74178aa6301b8bad2ac9b6d7f2361221)
Tid:3334, Name:OS_hdcRegister
state=S, utime=0, stime=0, priority=0, nice=-20, clk=100
#00 pc 00000000000b837f /system/lib/ld-musl-x86_64.so.1(epoll_wait+31)(74178aa6301b8bad2ac9b6d7f2361221)
#01 pc 000000000000660f /system/lib64/platformsdk/libhdc_register.z.so(Hdc::HdcJdwpSimulator::ReadFromJdwp()+367)(4c41d0541b0381aaf6674e818696d512)
#02 pc 0000000000006ba3 /system/lib64/platformsdk/libhdc_register.z.so(Hdc::HdcJdwpSimulator::Connect()+195)(4c41d0541b0381aaf6674e818696d512)
#03 pc 00000000000052ef /system/lib64/platformsdk/libhdc_register.z.so(Hdc::HdcConnectRun(void*)+559)(4c41d0541b0381aaf6674e818696d512)
#04 pc 00000000001299e7 /system/lib/ld-musl-x86_64.so.1(74178aa6301b8bad2ac9b6d7f2361221)
#05 pc 0000000000090f8e /system/lib/ld-musl-x86_64.so.1(74178aa6301b8bad2ac9b6d7f2361221)
Tid:3335, Name:OS_FFRT_0_0
state=S, utime=0, stime=0, priority=0, nice=-20, clk=100
#00 pc 0000000000125ee9 /system/lib/ld-musl-x86_64.so.1(74178aa6301b8bad2ac9b6d7f2361221)
#01 pc 0000000000127883 /system/lib/ld-musl-x86_64.so.1(pthread_cond_timedwait+195)(74178aa6301b8bad2ac9b6d7f2361221)
#02 pc 00000000000c74e7 /system/lib64/chipset-sdk-sp/libc++.so(std::__h::condition_variable::__do_timed_wait(std::__h::unique_lock<std::__h::mutex>&, std::__h::chrono::time_point<std::__h::chrono::system_clock, std::__h::chrono::duration<long long, std::__h::ratio<1l, 1000000000l>>>)+103)(ca45f3285cb13d8a615c2dcf32305914fbc391ad)
#03 pc 000000000008bcb0 /system/lib64/ndk/libffrt.so(6014d53b82cd59820b512f223d249356)
#04 pc 00000000000760ef /system/lib64/ndk/libffrt.so(6014d53b82cd59820b512f223d249356)
#05 pc 0000000000075eaf /system/lib64/ndk/libffrt.so(6014d53b82cd59820b512f223d249356)
#06 pc 0000000000075d79 /system/lib64/ndk/libffrt.so(6014d53b82cd59820b512f223d249356)
#07 pc 00000000001299e7 /system/lib/ld-musl-x86_64.so.1(74178aa6301b8bad2ac9b6d7f2361221)
#08 pc 0000000000090f8e /system/lib/ld-musl-x86_64.so.1(74178aa6301b8bad2ac9b6d7f2361221)
Tid:3343, Name:sandbox_thread
state=S, utime=0, stime=0, priority=0, nice=-20, clk=100
#00 pc 0000000000125ee9 /system/lib/ld-musl-x86_64.so.1(74178aa6301b8bad2ac9b6d7f2361221)
#01 pc 0000000000127883 /system/lib/ld-musl-x86_64.so.1(pthread_cond_timedwait+195)(74178aa6301b8bad2ac9b6d7f2361221)
#02 pc 00000000000c7451 /system/lib64/chipset-sdk-sp/libc++.so(std::__h::condition_variable::wait(std::__h::unique_lock<std::__h::mutex>&)+17)(ca45f3285cb13d8a615c2dcf32305914fbc391ad)
#03 pc 00000000000086d7 /system/lib64/platformsdk/libsandboxlog.so(15f86dfff1c9aa3778b113b4e1f84fe4)
#04 pc 0000000000009363 /system/lib64/platformsdk/libsandboxlog.so(15f86dfff1c9aa3778b113b4e1f84fe4)
#05 pc 00000000001299e7 /system/lib/ld-musl-x86_64.so.1(74178aa6301b8bad2ac9b6d7f2361221)
#06 pc 0000000000090f8e /system/lib/ld-musl-x86_64.so.1(74178aa6301b8bad2ac9b6d7f2361221)
Tid:3345, Name:xample.callaite
state=S, utime=0, stime=0, priority=0, nice=-20, clk=100
#00 pc 000000000013100d /system/lib/ld-musl-x86_64.so.1(nanosleep+13)(74178aa6301b8bad2ac9b6d7f2361221)
#01 pc 00000000000d9b9a /system/lib64/chipset-sdk-sp/libc++.so(std::__h::this_thread::sleep_for(std::__h::chrono::duration<long long, std::__h::ratio<1l, 1000000000l>> const&)+90)(ca45f3285cb13d8a615c2dcf32305914fbc391ad)
#02 pc 0000000000015f52 /system/lib64/platformsdk/libhistogram.z.so(bcaef44ffc0c920a27140798ab5f7654)
#03 pc 00000000001299e7 /system/lib/ld-musl-x86_64.so.1(74178aa6301b8bad2ac9b6d7f2361221)
#04 pc 0000000000090f8e /system/lib/ld-musl-x86_64.so.1(74178aa6301b8bad2ac9b6d7f2361221)
Tid:3346, Name:OS_EVENT_POLL
state=S, utime=0, stime=0, priority=0, nice=-20, clk=100
#00 pc 00000000000b837f /system/lib/ld-musl-x86_64.so.1(epoll_wait+31)(74178aa6301b8bad2ac9b6d7f2361221)
#01 pc 000000000001a0fc /system/lib64/chipset-sdk-sp/libeventhandler.z.so(d20098a20e88abe540f8f998e7a8bdcc)
#02 pc 000000000001b2e6 /system/lib64/chipset-sdk-sp/libeventhandler.z.so(d20098a20e88abe540f8f998e7a8bdcc)
#03 pc 00000000001299e7 /system/lib/ld-musl-x86_64.so.1(74178aa6301b8bad2ac9b6d7f2361221)
#04 pc 0000000000090f8e /system/lib/ld-musl-x86_64.so.1(74178aa6301b8bad2ac9b6d7f2361221)
Tid:3347, Name:OS_IPC_2_3347
state=S, utime=0, stime=0, priority=0, nice=-20, clk=100
#00 pc 00000000000dc46b /system/lib/ld-musl-x86_64.so.1(ioctl+187)(74178aa6301b8bad2ac9b6d7f2361221)
#01 pc 0000000000010ca7 /system/lib64/platformsdk/libipc_common.z.so(OHOS::BinderConnector::WriteBinder(unsigned long, void*)+55)(ae9fe169bf1f8b0397c31ba1b67e0e94)
#02 pc 000000000007e34d /system/lib64/platformsdk/libipc_single.z.so(OHOS::BinderInvoker::TransactWithDriver(bool)+269)(216555c1ccaa2644568394a99c5a7547)
#03 pc 000000000007e71a /system/lib64/platformsdk/libipc_single.z.so(OHOS::BinderInvoker::StartWorkLoop()+106)(216555c1ccaa2644568394a99c5a7547)
#04 pc 0000000000080c28 /system/lib64/platformsdk/libipc_single.z.so(OHOS::BinderInvoker::JoinThread(bool)+40)(216555c1ccaa2644568394a99c5a7547)
#05 pc 00000000000769f5 /system/lib64/platformsdk/libipc_single.z.so(OHOS::IPCWorkThread::ThreadHandler(void*)+901)(216555c1ccaa2644568394a99c5a7547)
#06 pc 00000000001299e7 /system/lib/ld-musl-x86_64.so.1(74178aa6301b8bad2ac9b6d7f2361221)
#07 pc 0000000000090f8e /system/lib/ld-musl-x86_64.so.1(74178aa6301b8bad2ac9b6d7f2361221)
Tid:3349, Name:OS_FFRT_3_1
state=S, utime=0, stime=0, priority=0, nice=-20, clk=100
#00 pc 0000000000125ee9 /system/lib/ld-musl-x86_64.so.1(74178aa6301b8bad2ac9b6d7f2361221)
#01 pc 0000000000127883 /system/lib/ld-musl-x86_64.so.1(pthread_cond_timedwait+195)(74178aa6301b8bad2ac9b6d7f2361221)
#02 pc 00000000000c74e7 /system/lib64/chipset-sdk-sp/libc++.so(std::__h::condition_variable::__do_timed_wait(std::__h::unique_lock<std::__h::mutex>&, std::__h::chrono::time_point<std::__h::chrono::system_clock, std::__h::chrono::duration<long long, std::__h::ratio<1l, 1000000000l>>>)+103)(ca45f3285cb13d8a615c2dcf32305914fbc391ad)
#03 pc 000000000008bcb0 /system/lib64/ndk/libffrt.so(6014d53b82cd59820b512f223d249356)
#04 pc 00000000000760ef /system/lib64/ndk/libffrt.so(6014d53b82cd59820b512f223d249356)
#05 pc 0000000000075eaf /system/lib64/ndk/libffrt.so(6014d53b82cd59820b512f223d249356)
#06 pc 0000000000075d79 /system/lib64/ndk/libffrt.so(6014d53b82cd59820b512f223d249356)
#07 pc 00000000001299e7 /system/lib/ld-musl-x86_64.so.1(74178aa6301b8bad2ac9b6d7f2361221)
#08 pc 0000000000090f8e /system/lib/ld-musl-x86_64.so.1(74178aa6301b8bad2ac9b6d7f2361221)
Tid:3350, Name:OS_FFRT_3_2
state=S, utime=0, stime=0, priority=0, nice=-20, clk=100
#00 pc 0000000000125ee9 /system/lib/ld-musl-x86_64.so.1(74178aa6301b8bad2ac9b6d7f2361221)
#01 pc 0000000000127883 /system/lib/ld-musl-x86_64.so.1(pthread_cond_timedwait+195)(74178aa6301b8bad2ac9b6d7f2361221)
#02 pc 00000000000c74e7 /system/lib64/chipset-sdk-sp/libc++.so(std::__h::condition_variable::__do_timed_wait(std::__h::unique_lock<std::__h::mutex>&, std::__h::chrono::time_point<std::__h::chrono::system_clock, std::__h::chrono::duration<long long, std::__h::ratio<1l, 1000000000l>>>)+103)(ca45f3285cb13d8a615c2dcf32305914fbc391ad)
#03 pc 000000000008bcb0 /system/lib64/ndk/libffrt.so(6014d53b82cd59820b512f223d249356)
#04 pc 00000000000760ef /system/lib64/ndk/libffrt.so(6014d53b82cd59820b512f223d249356)
#05 pc 0000000000075eaf /system/lib64/ndk/libffrt.so(6014d53b82cd59820b512f223d249356)
#06 pc 0000000000075d79 /system/lib64/ndk/libffrt.so(6014d53b82cd59820b512f223d249356)
#07 pc 00000000001299e7 /system/lib/ld-musl-x86_64.so.1(74178aa6301b8bad2ac9b6d7f2361221)
#08 pc 0000000000090f8e /system/lib/ld-musl-x86_64.so.1(74178aa6301b8bad2ac9b6d7f2361221)
Tid:3351, Name:OS_FFRT_3_3
state=S, utime=0, stime=0, priority=0, nice=-20, clk=100
#00 pc 0000000000125ee9 /system/lib/ld-musl-x86_64.so.1(74178aa6301b8bad2ac9b6d7f2361221)
#01 pc 0000000000127883 /system/lib/ld-musl-x86_64.so.1(pthread_cond_timedwait+195)(74178aa6301b8bad2ac9b6d7f2361221)
#02 pc 00000000000c74e7 /system/lib64/chipset-sdk-sp/libc++.so(std::__h::condition_variable::__do_timed_wait(std::__h::unique_lock<std::__h::mutex>&, std::__h::chrono::time_point<std::__h::chrono::system_clock, std::__h::chrono::duration<long long, std::__h::ratio<1l, 1000000000l>>>)+103)(ca45f3285cb13d8a615c2dcf32305914fbc391ad)
#03 pc 000000000008bcb0 /system/lib64/ndk/libffrt.so(6014d53b82cd59820b512f223d249356)
#04 pc 00000000000760ef /system/lib64/ndk/libffrt.so(6014d53b82cd59820b512f223d249356)
#05 pc 0000000000075eaf /system/lib64/ndk/libffrt.so(6014d53b82cd59820b512f223d249356)
#06 pc 0000000000075d79 /system/lib64/ndk/libffrt.so(6014d53b82cd59820b512f223d249356)
#07 pc 00000000001299e7 /system/lib/ld-musl-x86_64.so.1(74178aa6301b8bad2ac9b6d7f2361221)
#08 pc 0000000000090f8e /system/lib/ld-musl-x86_64.so.1(74178aa6301b8bad2ac9b6d7f2361221)
Tid:3355, Name:OS_IPC_3_3355
state=S, utime=0, stime=0, priority=0, nice=-20, clk=100
#00 pc 00000000000dc46b /system/lib/ld-musl-x86_64.so.1(ioctl+187)(74178aa6301b8bad2ac9b6d7f2361221)
#01 pc 0000000000010ca7 /system/lib64/platformsdk/libipc_common.z.so(OHOS::BinderConnector::WriteBinder(unsigned long, void*)+55)(ae9fe169bf1f8b0397c31ba1b67e0e94)
#02 pc 000000000007e34d /system/lib64/platformsdk/libipc_single.z.so(OHOS::BinderInvoker::TransactWithDriver(bool)+269)(216555c1ccaa2644568394a99c5a7547)
#03 pc 000000000007e71a /system/lib64/platformsdk/libipc_single.z.so(OHOS::BinderInvoker::StartWorkLoop()+106)(216555c1ccaa2644568394a99c5a7547)
#04 pc 0000000000080c28 /system/lib64/platformsdk/libipc_single.z.so(OHOS::BinderInvoker::JoinThread(bool)+40)(216555c1ccaa2644568394a99c5a7547)
#05 pc 00000000000769f5 /system/lib64/platformsdk/libipc_single.z.so(OHOS::IPCWorkThread::ThreadHandler(void*)+901)(216555c1ccaa2644568394a99c5a7547)
#06 pc 00000000001299e7 /system/lib/ld-musl-x86_64.so.1(74178aa6301b8bad2ac9b6d7f2361221)
#07 pc 0000000000090f8e /system/lib/ld-musl-x86_64.so.1(74178aa6301b8bad2ac9b6d7f2361221)
Tid:3356, Name:OS_MainDisplayS
state=S, utime=0, stime=0, priority=0, nice=-20, clk=100
#00 pc 00000000000b837f /system/lib/ld-musl-x86_64.so.1(epoll_wait+31)(74178aa6301b8bad2ac9b6d7f2361221)
#01 pc 000000000001ceee /system/lib64/chipset-sdk-sp/libeventhandler.z.so(d20098a20e88abe540f8f998e7a8bdcc)
#02 pc 00000000000230bf /system/lib64/chipset-sdk-sp/libeventhandler.z.so(OHOS::AppExecFwk::EventQueue::WaitUntilLocked(std::__h::chrono::time_point<std::__h::chrono::steady_clock, std::__h::chrono::duration<long long, std::__h::ratio<1l, 1000000000l>>> const&, OHOS::AppExecFwk::UniqueLockBase&, bool)+79)(d20098a20e88abe540f8f998e7a8bdcc)
#03 pc 00000000000282df /system/lib64/chipset-sdk-sp/libeventhandler.z.so(OHOS::AppExecFwk::EventQueueBase::GetEvent()+207)(d20098a20e88abe540f8f998e7a8bdcc)
#04 pc 0000000000033985 /system/lib64/chipset-sdk-sp/libeventhandler.z.so(d20098a20e88abe540f8f998e7a8bdcc)
#05 pc 0000000000030352 /system/lib64/chipset-sdk-sp/libeventhandler.z.so(d20098a20e88abe540f8f998e7a8bdcc)
#06 pc 00000000000357c3 /system/lib64/chipset-sdk-sp/libeventhandler.z.so(d20098a20e88abe540f8f998e7a8bdcc)
#07 pc 00000000001299e7 /system/lib/ld-musl-x86_64.so.1(74178aa6301b8bad2ac9b6d7f2361221)
#08 pc 0000000000090f8e /system/lib/ld-musl-x86_64.so.1(74178aa6301b8bad2ac9b6d7f2361221)
Tid:3357, Name:ace.bg.1
state=S, utime=0, stime=0, priority=0, nice=-20, clk=100
#00 pc 0000000000125ee9 /system/lib/ld-musl-x86_64.so.1(74178aa6301b8bad2ac9b6d7f2361221)
#01 pc 0000000000127883 /system/lib/ld-musl-x86_64.so.1(pthread_cond_timedwait+195)(74178aa6301b8bad2ac9b6d7f2361221)
#02 pc 00000000000c7451 /system/lib64/chipset-sdk-sp/libc++.so(std::__h::condition_variable::wait(std::__h::unique_lock<std::__h::mutex>&)+17)(ca45f3285cb13d8a615c2dcf32305914fbc391ad)
#03 pc 000000000148ac32 /system/lib64/platformsdk/libace_compatible.z.so(cb476043f6fb29150d891bc788a45885)
#04 pc 000000000148afa2 /system/lib64/platformsdk/libace_compatible.z.so(cb476043f6fb29150d891bc788a45885)
#05 pc 00000000001299e7 /system/lib/ld-musl-x86_64.so.1(74178aa6301b8bad2ac9b6d7f2361221)
#06 pc 0000000000090f8e /system/lib/ld-musl-x86_64.so.1(74178aa6301b8bad2ac9b6d7f2361221)
Tid:3358, Name:ace.bg.2
state=S, utime=0, stime=0, priority=0, nice=-20, clk=100
#00 pc 0000000000125ee9 /system/lib/ld-musl-x86_64.so.1(74178aa6301b8bad2ac9b6d7f2361221)
#01 pc 0000000000127883 /system/lib/ld-musl-x86_64.so.1(pthread_cond_timedwait+195)(74178aa6301b8bad2ac9b6d7f2361221)
#02 pc 00000000000c7451 /system/lib64/chipset-sdk-sp/libc++.so(std::__h::condition_variable::wait(std::__h::unique_lock<std::__h::mutex>&)+17)(ca45f3285cb13d8a615c2dcf32305914fbc391ad)
#03 pc 000000000148ac32 /system/lib64/platformsdk/libace_compatible.z.so(cb476043f6fb29150d891bc788a45885)
#04 pc 000000000148afa2 /system/lib64/platformsdk/libace_compatible.z.so(cb476043f6fb29150d891bc788a45885)
#05 pc 00000000001299e7 /system/lib/ld-musl-x86_64.so.1(74178aa6301b8bad2ac9b6d7f2361221)
#06 pc 0000000000090f8e /system/lib/ld-musl-x86_64.so.1(74178aa6301b8bad2ac9b6d7f2361221)
Tid:3359, Name:ace.bg.3
state=S, utime=0, stime=0, priority=0, nice=-20, clk=100
#00 pc 0000000000125ee9 /system/lib/ld-musl-x86_64.so.1(74178aa6301b8bad2ac9b6d7f2361221)
#01 pc 0000000000127883 /system/lib/ld-musl-x86_64.so.1(pthread_cond_timedwait+195)(74178aa6301b8bad2ac9b6d7f2361221)
#02 pc 00000000000c7451 /system/lib64/chipset-sdk-sp/libc++.so(std::__h::condition_variable::wait(std::__h::unique_lock<std::__h::mutex>&)+17)(ca45f3285cb13d8a615c2dcf32305914fbc391ad)
#03 pc 000000000148ac32 /system/lib64/platformsdk/libace_compatible.z.so(cb476043f6fb29150d891bc788a45885)
#04 pc 000000000148afa2 /system/lib64/platformsdk/libace_compatible.z.so(cb476043f6fb29150d891bc788a45885)
#05 pc 00000000001299e7 /system/lib/ld-musl-x86_64.so.1(74178aa6301b8bad2ac9b6d7f2361221)
#06 pc 0000000000090f8e /system/lib/ld-musl-x86_64.so.1(74178aa6301b8bad2ac9b6d7f2361221)
Tid:3360, Name:ace.bg.4
state=S, utime=0, stime=0, priority=0, nice=-20, clk=100
#00 pc 0000000000125ee9 /system/lib/ld-musl-x86_64.so.1(74178aa6301b8bad2ac9b6d7f2361221)
#01 pc 0000000000127883 /system/lib/ld-musl-x86_64.so.1(pthread_cond_timedwait+195)(74178aa6301b8bad2ac9b6d7f2361221)
#02 pc 00000000000c7451 /system/lib64/chipset-sdk-sp/libc++.so(std::__h::condition_variable::wait(std::__h::unique_lock<std::__h::mutex>&)+17)(ca45f3285cb13d8a615c2dcf32305914fbc391ad)
#03 pc 000000000148ac32 /system/lib64/platformsdk/libace_compatible.z.so(cb476043f6fb29150d891bc788a45885)
#04 pc 000000000148afa2 /system/lib64/platformsdk/libace_compatible.z.so(cb476043f6fb29150d891bc788a45885)
#05 pc 00000000001299e7 /system/lib/ld-musl-x86_64.so.1(74178aa6301b8bad2ac9b6d7f2361221)
#06 pc 0000000000090f8e /system/lib/ld-musl-x86_64.so.1(74178aa6301b8bad2ac9b6d7f2361221)
Tid:3361, Name:ace.bg.5
state=S, utime=0, stime=0, priority=0, nice=-20, clk=100
#00 pc 0000000000125ee9 /system/lib/ld-musl-x86_64.so.1(74178aa6301b8bad2ac9b6d7f2361221)
#01 pc 0000000000127883 /system/lib/ld-musl-x86_64.so.1(pthread_cond_timedwait+195)(74178aa6301b8bad2ac9b6d7f2361221)
#02 pc 00000000000c7451 /system/lib64/chipset-sdk-sp/libc++.so(std::__h::condition_variable::wait(std::__h::unique_lock<std::__h::mutex>&)+17)(ca45f3285cb13d8a615c2dcf32305914fbc391ad)
#03 pc 000000000148ac32 /system/lib64/platformsdk/libace_compatible.z.so(cb476043f6fb29150d891bc788a45885)
#04 pc 000000000148afa2 /system/lib64/platformsdk/libace_compatible.z.so(cb476043f6fb29150d891bc788a45885)
#05 pc 00000000001299e7 /system/lib/ld-musl-x86_64.so.1(74178aa6301b8bad2ac9b6d7f2361221)
#06 pc 0000000000090f8e /system/lib/ld-musl-x86_64.so.1(74178aa6301b8bad2ac9b6d7f2361221)
Tid:3362, Name:ace.bg.6
state=S, utime=0, stime=0, priority=0, nice=-20, clk=100
#00 pc 0000000000125ee9 /system/lib/ld-musl-x86_64.so.1(74178aa6301b8bad2ac9b6d7f2361221)
#01 pc 0000000000127883 /system/lib/ld-musl-x86_64.so.1(pthread_cond_timedwait+195)(74178aa6301b8bad2ac9b6d7f2361221)
#02 pc 00000000000c7451 /system/lib64/chipset-sdk-sp/libc++.so(std::__h::condition_variable::wait(std::__h::unique_lock<std::__h::mutex>&)+17)(ca45f3285cb13d8a615c2dcf32305914fbc391ad)
#03 pc 000000000148ac32 /system/lib64/platformsdk/libace_compatible.z.so(cb476043f6fb29150d891bc788a45885)
#04 pc 000000000148afa2 /system/lib64/platformsdk/libace_compatible.z.so(cb476043f6fb29150d891bc788a45885)
#05 pc 00000000001299e7 /system/lib/ld-musl-x86_64.so.1(74178aa6301b8bad2ac9b6d7f2361221)
#06 pc 0000000000090f8e /system/lib/ld-musl-x86_64.so.1(74178aa6301b8bad2ac9b6d7f2361221)
Tid:3363, Name:ace.bg.7
state=S, utime=0, stime=0, priority=0, nice=-20, clk=100
#00 pc 0000000000125ee9 /system/lib/ld-musl-x86_64.so.1(74178aa6301b8bad2ac9b6d7f2361221)
#01 pc 0000000000127883 /system/lib/ld-musl-x86_64.so.1(pthread_cond_timedwait+195)(74178aa6301b8bad2ac9b6d7f2361221)
#02 pc 00000000000c7451 /system/lib64/chipset-sdk-sp/libc++.so(std::__h::condition_variable::wait(std::__h::unique_lock<std::__h::mutex>&)+17)(ca45f3285cb13d8a615c2dcf32305914fbc391ad)
#03 pc 000000000148ac32 /system/lib64/platformsdk/libace_compatible.z.so(cb476043f6fb29150d891bc788a45885)
#04 pc 000000000148afa2 /system/lib64/platformsdk/libace_compatible.z.so(cb476043f6fb29150d891bc788a45885)
#05 pc 00000000001299e7 /system/lib/ld-musl-x86_64.so.1(74178aa6301b8bad2ac9b6d7f2361221)
#06 pc 0000000000090f8e /system/lib/ld-musl-x86_64.so.1(74178aa6301b8bad2ac9b6d7f2361221)
Tid:3364, Name:ace.bg.8
state=S, utime=0, stime=0, priority=0, nice=-20, clk=100
#00 pc 0000000000125ee9 /system/lib/ld-musl-x86_64.so.1(74178aa6301b8bad2ac9b6d7f2361221)
#01 pc 0000000000127883 /system/lib/ld-musl-x86_64.so.1(pthread_cond_timedwait+195)(74178aa6301b8bad2ac9b6d7f2361221)
#02 pc 00000000000c7451 /system/lib64/chipset-sdk-sp/libc++.so(std::__h::condition_variable::wait(std::__h::unique_lock<std::__h::mutex>&)+17)(ca45f3285cb13d8a615c2dcf32305914fbc391ad)
#03 pc 000000000148ac32 /system/lib64/platformsdk/libace_compatible.z.so(cb476043f6fb29150d891bc788a45885)
#04 pc 000000000148afa2 /system/lib64/platformsdk/libace_compatible.z.so(cb476043f6fb29150d891bc788a45885)
#05 pc 00000000001299e7 /system/lib/ld-musl-x86_64.so.1(74178aa6301b8bad2ac9b6d7f2361221)
#06 pc 0000000000090f8e /system/lib/ld-musl-x86_64.so.1(74178aa6301b8bad2ac9b6d7f2361221)
Tid:3365, Name:OS_IPC_4_3365
state=S, utime=0, stime=0, priority=0, nice=-20, clk=100
#00 pc 00000000000dc46b /system/lib/ld-musl-x86_64.so.1(ioctl+187)(74178aa6301b8bad2ac9b6d7f2361221)
#01 pc 0000000000010ca7 /system/lib64/platformsdk/libipc_common.z.so(OHOS::BinderConnector::WriteBinder(unsigned long, void*)+55)(ae9fe169bf1f8b0397c31ba1b67e0e94)
#02 pc 000000000007e34d /system/lib64/platformsdk/libipc_single.z.so(OHOS::BinderInvoker::TransactWithDriver(bool)+269)(216555c1ccaa2644568394a99c5a7547)
#03 pc 000000000007e71a /system/lib64/platformsdk/libipc_single.z.so(OHOS::BinderInvoker::StartWorkLoop()+106)(216555c1ccaa2644568394a99c5a7547)
#04 pc 0000000000080c28 /system/lib64/platformsdk/libipc_single.z.so(OHOS::BinderInvoker::JoinThread(bool)+40)(216555c1ccaa2644568394a99c5a7547)
#05 pc 00000000000769f5 /system/lib64/platformsdk/libipc_single.z.so(OHOS::IPCWorkThread::ThreadHandler(void*)+901)(216555c1ccaa2644568394a99c5a7547)
#06 pc 00000000001299e7 /system/lib/ld-musl-x86_64.so.1(74178aa6301b8bad2ac9b6d7f2361221)
#07 pc 0000000000090f8e /system/lib/ld-musl-x86_64.so.1(74178aa6301b8bad2ac9b6d7f2361221)
Tid:3369, Name:OS_FFRT_5_1
state=S, utime=0, stime=0, priority=0, nice=-20, clk=100
#00 pc 0000000000125ee9 /system/lib/ld-musl-x86_64.so.1(74178aa6301b8bad2ac9b6d7f2361221)
#01 pc 0000000000127883 /system/lib/ld-musl-x86_64.so.1(pthread_cond_timedwait+195)(74178aa6301b8bad2ac9b6d7f2361221)
#02 pc 00000000000c74e7 /system/lib64/chipset-sdk-sp/libc++.so(std::__h::condition_variable::__do_timed_wait(std::__h::unique_lock<std::__h::mutex>&, std::__h::chrono::time_point<std::__h::chrono::system_clock, std::__h::chrono::duration<long long, std::__h::ratio<1l, 1000000000l>>>)+103)(ca45f3285cb13d8a615c2dcf32305914fbc391ad)
#03 pc 000000000008bcb0 /system/lib64/ndk/libffrt.so(6014d53b82cd59820b512f223d249356)
#04 pc 00000000000760ef /system/lib64/ndk/libffrt.so(6014d53b82cd59820b512f223d249356)
#05 pc 0000000000075eaf /system/lib64/ndk/libffrt.so(6014d53b82cd59820b512f223d249356)
#06 pc 0000000000075d79 /system/lib64/ndk/libffrt.so(6014d53b82cd59820b512f223d249356)
#07 pc 00000000001299e7 /system/lib/ld-musl-x86_64.so.1(74178aa6301b8bad2ac9b6d7f2361221)
#08 pc 0000000000090f8e /system/lib/ld-musl-x86_64.so.1(74178aa6301b8bad2ac9b6d7f2361221)
Tid:3431, Name:OS_IPC_5_3431
state=S, utime=0, stime=0, priority=0, nice=-20, clk=100
#00 pc 00000000000dc46b /system/lib/ld-musl-x86_64.so.1(ioctl+187)(74178aa6301b8bad2ac9b6d7f2361221)
#01 pc 0000000000010ca7 /system/lib64/platformsdk/libipc_common.z.so(OHOS::BinderConnector::WriteBinder(unsigned long, void*)+55)(ae9fe169bf1f8b0397c31ba1b67e0e94)
#02 pc 000000000007e34d /system/lib64/platformsdk/libipc_single.z.so(OHOS::BinderInvoker::TransactWithDriver(bool)+269)(216555c1ccaa2644568394a99c5a7547)
#03 pc 000000000007e71a /system/lib64/platformsdk/libipc_single.z.so(OHOS::BinderInvoker::StartWorkLoop()+106)(216555c1ccaa2644568394a99c5a7547)
#04 pc 0000000000080c28 /system/lib64/platformsdk/libipc_single.z.so(OHOS::BinderInvoker::JoinThread(bool)+40)(216555c1ccaa2644568394a99c5a7547)
#05 pc 00000000000769f5 /system/lib64/platformsdk/libipc_single.z.so(OHOS::IPCWorkThread::ThreadHandler(void*)+901)(216555c1ccaa2644568394a99c5a7547)
#06 pc 00000000001299e7 /system/lib/ld-musl-x86_64.so.1(74178aa6301b8bad2ac9b6d7f2361221)
#07 pc 0000000000090f8e /system/lib/ld-musl-x86_64.so.1(74178aa6301b8bad2ac9b6d7f2361221)

Catche stack trace end time: 2026-09-19 15:06:44.182

Dump main thread stack start time: 2026-09-19 15:06:44.062
Tid:3174, Name:xample.callaite
state=R, utime=1208, stime=65, priority=10, nice=-10, clk=100
#00 pc 000000000107a9b9 /system/lib64/module/arkcompiler/stub.an(BCStub_HandleStricteqImm8V8StwCopy+281)
#01 pc 000000000004360f [anon:ArkTS Heapshared read only space]

Dump main thread stack end time: 2026-09-19 15:06:44.081

PeerBinder pids is empty


---------------------------------------------------
FfrtCatcher -- start time: 2026/09/19-15:06:44:193

FfrtCatcher --

ffrt fump pid=3174:

-------------------------------[ability]-------------------------------


----------------------------------ApplicationManagerService----------------------------------
|-> Launcher proc ffrt, now:2026-09-19 15:06:44.207353 pid:3174
    |-> key status
no key status info
    |-> worker count
        qos 0: worker num:1 tid:3335
        qos 2: worker num:1 tid:3325
        qos 3: worker num:4 tid:3350, 3351, 3349, 3330
        qos 5: worker num:2 tid:3369, 3324
    |-> worker status
        qos 0: worker tid 3335 is running nothing
        qos 2: worker tid 3325 is running nothing
        qos 3: worker tid 3350 is running nothing
        qos 3: worker tid 3351 is running nothing
        qos 3: worker tid 3349 is running nothing
        qos 3: worker tid 3330 is running nothing
        qos 5: worker tid 3369 is running nothing
        qos 5: worker tid 3324 is running nothing
<<<=== Timeout Task Info ===>>>
Timeout info EmptyQueue Timeout info Empty<<<=== Queue Traffic Record ===>>>
Queue Traffic Record Empty

FfrtCatcher -- end time: 2026/09/19-15:06:44:212
---------------------------------------------------

---------------------------------------------------
catcher cmd: hilog -z 1000 -P start time: 2026/09/19-15:06:44:212

catcher cmd: hilog -z 1000 -P 
09-19 15:06:31.040  3174  3174 I C02c11/APPSPAWN: AppSpawnChild id 61 flags:0xc
09-19 15:06:31.041  3174  3174 I C02d33/HitraceOption: FilterAppTrace com.example.callaite 3174
09-19 15:06:31.041  3174  3174 W C02c11/APPSPAWN: errno:2 bind mount /system/app/ArkWebCoreLegacy to /mnt/sandbox/100/com.example.callaite/system/app/ArkWebCoreLegacy
09-19 15:06:31.041  3174  3174 W C02c11/APPSPAWN: errno:2 bind mount /vendor/etc/hiai to /mnt/sandbox/100/com.example.callaite/vendor/etc/hiai
09-19 15:06:31.042  3174  3174 W C02c11/APPSPAWN: errno:2 bind mount /data/data/hiai to /mnt/sandbox/100/com.example.callaite/data/data/hiai
09-19 15:06:31.042  3174  3174 W C02c11/APPSPAWN: errno:2 bind mount /data/service/el1/public/themes/100/a/app to /mnt/sandbox/100/com.example.callaite/data/themes/a/app
09-19 15:06:31.042  3174  3174 W C02c11/APPSPAWN: errno:2 bind mount /data/service/el1/public/themes/100/b/app to /mnt/sandbox/100/com.example.callaite/data/themes/b/app
09-19 15:06:31.042  3174  3174 W C02c11/APPSPAWN: errno:2 bind mount /chip_prod/lib64/passthrough to /mnt/sandbox/100/com.example.callaite/chip_prod/lib64/passthrough
09-19 15:06:31.042  3174  3174 W C02c11/APPSPAWN: errno:2 bind mount /data/app/el1/bundle/public/com.huawei.hmos.arkwebcorelegacy to /mnt/sandbox/100/com.example.callaite/data/storage/el1/bundle/arkwebcorelegacy
09-19 15:06:31.042  3174  3174 W C02c11/APPSPAWN: check dir /data/app/el1/bundle/public/com.huawei.hmos.arkwebcorelegacy failed,strerror:No such file or directory
09-19 15:06:31.042  3174  3174 W C02c11/APPSPAWN: check dir /data/app/el1/public/aot_compiler/ark_cache/com.example.callaite failed,strerror:No such file or directory
09-19 15:06:31.048  3174  3174 W C02c11/APPSPAWN: mount /mnt/sandbox/100/com.example.callaite/mnt/storage/userExternal time 5000 us
09-19 15:06:31.051  3174  3174 W C02c11/APPSPAWN: errno:2 bind mount /data/preload/app to /mnt/sandbox/100/com.example.callaite/data/preload/app
09-19 15:06:31.056  3174  3174 E C02c11/APPSPAWN: [sandbox_dec.c:247]Open dec file failed errno 2
09-19 15:06:31.056  3174  3174 I C05a03/Selinux: Hap setcon finish, context for com.example.callaite is relabeled to o:r:debug_hap:s0:x95,x334,x512,x868,x1024
09-19 15:06:31.058  3174  3174 I C05a05/SecCompEnhanceClient: [RegisterCheckCallback]Register secComp: sessionId=4167491502, seqNum=******434.
09-19 15:06:31.058  3174  3320 W C057c1/IPCWorkThread: ThreadHandler: proto:0 policy:1 name:OS_IPC_0_3320 invoker:3886496
09-19 15:06:31.059  3174  3321 W C057c1/IPCWorkThread: ThreadHandler: proto:0 policy:0 name:OS_IPC_1_3321 invoker:3885344
09-19 15:06:31.059  3174  3174 I C02d0b/HICHECKER: hichecker param is empty.
09-19 15:06:31.060  3174  3174 I C04500/webview: CalculateActiveWebEngineVersion: CalculateActiveWebEngineVersion, enforce 3
09-19 15:06:31.060  3174  3174 I C01317/AppKit: [MTHRD3495]mainthread start, pid:3174
09-19 15:06:31.060  3174  3174 I C01317/AppKit: [MTHRD3294]is not in rescue mode
09-19 15:06:31.060  3174  3174 I C01317/AppKit: [MTHRD3321]is not in rescue mode
09-19 15:06:31.064  3174  3174 I C01317/AppKit: [MTHRD442]attach
09-19 15:06:31.069  3174  3321 I C01317/AppKit: [MTHRD922]ScheduleLaunchAbility called,ability EntryAbility,1
09-19 15:06:31.073  3174  3174 I C01317/AppKit: [MTHRD267]NativeLibPath empty
09-19 15:06:31.075  3174  3174 I C01317/AppKit: [MTHRD1990]SmartGC:0 version:1000000
09-19 15:06:31.076  3174  3174 I C03f00/ArkCompiler: [ecmascript] asmint: 1, aot: 0, jit: 1, baseline jit: 0, bundle name: com.example.callaite, arkTSMode: dynamic
09-19 15:06:31.082  3174  3174 I C03f00/ArkCompiler: [ecmascript] multi-thread check enabled: 0
09-19 15:06:31.082  3174  3174 I C03f00/ArkCompiler: [pgo] reset pgo profiler, pgo profiler is disabled
09-19 15:06:31.082  3174  3174 I C03301/LIBUV: clean up handles in loop(6176)
09-19 15:06:31.082  3174  3174 I C03301/LIBUV: loop:(6176) closed in 0s
09-19 15:06:31.082  3174  3174 I C03301/LIBUV: close:6176, async_io_wfd:14
09-19 15:06:31.082  3174  3174 I C03301/LIBUV: close:6176, backend_fd:8
09-19 15:06:31.082  3174  3174 I C03301/LIBUV: init:6032
09-19 15:06:31.082  3174  3174 I C03301/LIBUV: init:6032, backend_fd:8
09-19 15:06:31.082  3174  3174 I C03301/LIBUV: open:6032, pipefd[0]:14
09-19 15:06:31.082  3174  3174 I C03f00/ArkCompiler: [ecmascript] can not find aot file
09-19 15:06:31.086  3174  3174 I C03f00/ArkCompiler: StartServer, componentName = <private>
09-19 15:06:31.086  3174  3174 W C01321/JsRuntime: [CSM161]disCon
09-19 15:06:31.086  3174  3174 I C03f00/ArkCompiler: [ecmascript] JSNApi::NotifyDebugMode, tid = 3174, debugApp = 1, isDebugMode = 0, instanceId = 0
09-19 15:06:31.087  3174  3174 I C03f00/ArkCompiler: [compiler] __jit_debug_register_code() is called.
09-19 15:06:31.087  3174  3174 I C03f00/ArkCompiler: [compiler] success to register stub.an to debugger.
09-19 15:06:31.088  3174  3325 I C01317/AppKit: [DRH689]File existed. dir: /data/storage/el2/base/cache/rawheap
09-19 15:06:31.088  3174  3325 I C01317/AppKit: [DRH667]success to create /data/storage/el2/base/cache/rawheap
09-19 15:06:31.089  3174  3334 I C02c03/PARAM_WATCHER: Add watcher keyPrefix persist.hdc.jdwp remoteWatcherId 110 success
09-19 15:06:31.091  3174  3326 E C01707/CONCUR: [Interface] task 3326 apply qos failed, errno = 4
09-19 15:06:31.094  3174  3174 W C01e00/ResourceManager: update userId, currentUserId_= 0, userId= 100
09-19 15:06:31.094  3174  3174 E C01e00/ResourceManager: LoadThemesRes failed, userId = 100, bundleName = com.example.callaite
09-19 15:06:31.094  3174  3174 W C01e00/ResourceManager: theme resources will clean, id 100
09-19 15:06:31.094  3174  3324 W C01653/NativePreferences: LoadFromDisk: The settingXml /***/el1/***/i18*** load failed.
09-19 15:06:31.097  3174  3174 E C01301/CompatiblePolicyDeviceType: [calculateResourceType:81]deviceType is empty.
09-19 15:06:31.099  3174  3174 W C01301/Ability: [resource_config_helper.cpp193]invalid source:
09-19 15:06:31.099  3174  3174 W C01301/Ability: [resource_config_helper.cpp193]invalid source:
09-19 15:06:31.100  3174  3174 I C01317/AppKit: [application_cleaner.cpp94]ClearTempData
09-19 15:06:31.104  3174  3174 I C01317/AppKit: [MTHRD2947]NtfyAppPreAbiCreate
09-19 15:06:31.117  3174  3174 I C01317/AppKit: [JAS211]LoadModule
09-19 15:06:31.117  3174  3174 W C01317/AppKit: [JAS1032]null stage
09-19 15:06:31.117  3174  3174 W C01317/AppKit: [JAS254]Not found AbilityStage.js
09-19 15:06:31.118  3174  3174 I C01317/AppKit: [OH_APP432]OnAboutToCreateAbility
09-19 15:06:31.118  3174  3174 W C01317/AppKit: [JAS349]Not found AbilityStage.js
09-19 15:06:31.118  3174  3174 I C01332/UIAbility: [ui_ability.cpp131]instanceId: beac-7758-8f24-49ed-95914c270fb44610
09-19 15:06:31.120  3174  3174 I C03f00/ArkCompiler: [ecmascript] start to execute module buffer with secure memory: /data/storage/el1/bundle/entry/ets/entryability/EntryAbility.abc
09-19 15:06:31.120  3174  3328 I C03f00/ArkCompiler: [pgo] will save profiler to file /data/storage/ark-profile/rt_entry.ap
09-19 15:06:31.120  3174  3174 E C03f00/ArkCompiler: [common] Can not open xpm proc file, do not check secure memory anymore.
09-19 15:06:31.124  3174  3174 E C01707/CONCUR: [Interface] task 3328 apply qos failed, errno = 4
09-19 15:06:31.129  3174  3174 E C01707/CONCUR: [Interface] task 3329 apply qos failed, errno = 4
09-19 15:06:31.133  3174  3174 E C01707/CONCUR: [Interface] task 3327 apply qos failed, errno = 4
09-19 15:06:31.138  3174  3174 E C01707/CONCUR: [Interface] task 3328 apply qos failed, errno = 4
09-19 15:06:31.141  3174  3174 E C01707/CONCUR: [Interface] task 3329 apply qos failed, errno = 4
09-19 15:06:31.144  3174  3174 E C01707/CONCUR: [Interface] task 3327 apply qos failed, errno = 4
09-19 15:06:31.179  3174  3174 W C03f04/MMG: [NMM:1439] First: failed do_dlsym failed: Symbol not found: NAPI_file_fs_GetABCCode, version: null so=/system/lib64/module/file/libfs.z.so.Second: failed /system/lib64/module/hms/core/libiap_napi.z.so not exist.load /system/etc/abc/core/iap.abc failed
09-19 15:06:31.179  3174  3174 E C03f00/ArkCompiler: [ecmascript] export objects of native so is undefined, so name is @hms:core.iap
09-19 15:06:31.193  3174  3174 I C04309/CLOUD_FILE_SYNC: CloudSyncExport:Class MultiDownloadProgress for module cloudSyncDownload has been exported
09-19 15:06:31.193  3174  3174 I C04309/CLOUD_FILE_SYNC: CloudSyncExport:Class CloudFileCache for module cloudSyncDownload has been exported
09-19 15:06:31.193  3174  3174 I C04309/CLOUD_FILE_SYNC: CloudSyncExport:Class Download for module cloudSyncDownload has been exported
09-19 15:06:31.193  3174  3174 I C04309/CLOUD_FILE_SYNC: CloudSyncExport:Class GallerySync for module cloudSyncDownload has been exported
09-19 15:06:31.193  3174  3174 I C04309/CLOUD_FILE_SYNC: CloudSyncExport:Class FileSync for module cloudSyncDownload has been exported
09-19 15:06:31.193  3174  3174 I C04309/CLOUD_FILE_SYNC: CloudSyncExport:Class FileVersion for module cloudSyncDownload has been exported
09-19 15:06:31.208  3174  3174 I C01324/JsNapi: [js_error_manager.cpp1837]called
09-19 15:06:31.213  3174  3174 I C01320/JsEnv: [JSENV300]timing: 93
09-19 15:06:31.213  3174  3174 I C01320/JSENV: Callee constructor is OK string
09-19 15:06:31.213  3174  3174 I C01320/JSENV: Ability::constructor callee is object [object Object]
09-19 15:06:31.214  3174  3174 I C03f00/ArkCompiler: [ecmascript] start to execute ark buffer with secure memory use file: /data/storage/el1/bundle/entry/ets/modules.abc, entrypoint: @normalized:N&&&entry/build/generated/r/ResourceTable&
09-19 15:06:31.217  3174  3174 I C01332/UIAbility: [ui_ability_thread.cpp204]Lifecycle:Attach
09-19 15:06:31.219  3174  3174 I C01317/AppKit: [MTHRD3123]called
09-19 15:06:31.219  3174  3174 I C03f00/ArkCompiler: [gc] app is not inBackground
09-19 15:06:31.223  3174  3174 E C01707/CONCUR: [Interface] task 3328 apply qos failed, errno = 4
09-19 15:06:31.226  3174  3174 E C01707/CONCUR: [Interface] task 3329 apply qos failed, errno = 4
09-19 15:06:31.229  3174  3174 E C01707/CONCUR: [Interface] task 3327 apply qos failed, errno = 4
09-19 15:06:31.234  3174  3321 I C01332/UIAbility: [ui_ability_thread.cpp352]name:EntryAbility,targeState:5,isNewWant:0
09-19 15:06:31.238  3174  3174 I C01332/UIAbility: [ui_ability_thread.cpp271]Lifecycle:name EntryAbility
09-19 15:06:31.238  3174  3174 I C04201/DMS: AddDisplayIdFromAms: abilityToken and display[0] has been added.
09-19 15:06:31.241  3174  3174 I C01332/UIAbility: [JUA2177]JsUIAbility call js, name: onCreate
09-19 15:06:31.241  3174  3174 I A00001/EntryAbility: Ability onCreate
09-19 15:06:31.242  3174  3174 E C01356/Recovery: [app_recovery_api.cpp124]invalid restartFlag: 7
09-19 15:06:31.242  3174  3174 I A00001/ErrorRecovery: App recovery enabled
09-19 15:06:31.245  3174  3174 I C01317/AppKit: [OH_APP1240]current 2, pre 0
09-19 15:06:31.245  3174  3174 W C01317/AppKit: [OH_APP1269]fontSize empty
09-19 15:06:31.245  3174  3174 I C01317/AppKit: [OH_APP1300]current 2, pre 0
09-19 15:06:31.245  3174  3174 W C01317/AppKit: [OH_APP1304]language empty
09-19 15:06:31.245  3174  3174 W C01317/AppKit: [OH_APP1323]language and locale empty
09-19 15:06:31.245  3174  3174 I C01317/AppKit: [OH_APP298]configuration_: {"0#const.build.characteristics":"phone","0#input.pointer.device":"true","0#ohos.app.fontSizeScale":"nonFollowSystem","0#ohos.application.densitydpi":"xxxldpi","0#ohos.application.direction":"vertical","0#ohos.application.displayid":"0","0#ohos.system.colorMode":"light","0#ohos.system.colorMode.isSetByApp":"isSetByApp","0#ohos.system.fontSizeScale":"1.0","0#ohos.system.fontWeightScale":"1.0","0#ohos.system.hour":"false","0#ohos.system.language":"zh-Hans","0#ohos.system.locale":"zh-Hans"}, config: {"0#ohos.system.colorMode":"light","0#ohos.system.colorMode.isSetByApp":"isSetByApp"}
09-19 15:06:31.245  3174  3174 E C04217/WMSAttribute: UpdateConfigurationSyncForAll: root is null
09-19 15:06:31.245  3174  3174 I C01332/UIAbility: [JUA2177]JsUIAbility call js, name: onConfigurationUpdated
09-19 15:06:31.245  3174  3174 I C01332/UIAbility: [JUA2222]end, name: onConfigurationUpdated, time: 0
09-19 15:06:31.245  3174  3174 I C01332/UIAbility: [JUA2177]JsUIAbility call js, name: onConfigurationUpdate
09-19 15:06:31.245  3174  3174 I C01332/UIAbility: [JUA2222]end, name: onConfigurationUpdate, time: 0
09-19 15:06:31.245  3174  3174 W C01317/AppKit: [JAS919]Not found AbilityStage.js
09-19 15:06:31.245  3174  3174 W C01317/AppKit: [JAS919]Not found AbilityStage.js
09-19 15:06:31.245  3174  3174 I C01317/AppKit: [OH_APP322]ignoreWindowContext size 0
09-19 15:06:31.245  3174  3174 E C04217/WMSAttribute: UpdateConfigurationForAll: root is null
09-19 15:06:31.245  3174  3174 I C01332/UIAbility: [JUA2222]end, name: onCreate, time: 5
09-19 15:06:31.245  3174  3174 E C01332/UIAbility: [ui_ability_impl.cpp364]hasSaveData_: false
09-19 15:06:31.246  3174  3174 W C01332/UIAbility: [JUA1352]formatRegex: []
09-19 15:06:31.246  3174  3174 I C04202/WMSMain: Init: [requestId: 11][scbRequestId: 0]WindowScene with window session!
09-19 15:06:31.246  3174  3174 I C04202/WMSMain: Init: set isModuleAbilityHookEnd
09-19 15:06:31.246  3174  3174 I C0420a/WMSLife: WindowSessionImpl: nodeId: 13632226197505
09-19 15:06:31.246  3174  3174 I C01406/OHOS::RS: RSLogManager init log flag: 0x0(0)
09-19 15:06:31.248  3174  3174 I C01406/OHOS::RS: RSRenderServiceConnectHub call CreateConnection, needRefresh:[0]
09-19 15:06:31.250  3174  3174 I C01406/OHOS::RS: RSFrameRateLinker::Create id: 13632226197504
09-19 15:06:31.250  3174  3174 I C04202/WMSMain: VsyncStation: id 13632226197505 created
09-19 15:06:31.250  3174  3174 I C04200/WindowSceneSessionImpl: WindowSceneSessionImpl: [WMSCom] Constructor callaite0
09-19 15:06:31.250  3174  3174 E C04200/WMS: SetWindowType: permission denied!
09-19 15:06:31.250  3174  3174 I C0420a/WMSLife: Create: Window Create name:callaite0, state:0, mode:0
09-19 15:06:31.251  3174  3174 I C0420a/WMSLife: Create: SetIsAbilityHookOff 0
09-19 15:06:31.251  3174  3174 W C0420a/WMSLife: IsWindowSessionInvalid: id: 0 state_: 0
09-19 15:06:31.251  3174  3174 W C04200/WindowSceneSessionImpl: AdjustWindowAnimationFlag: session invalid!
09-19 15:06:31.252  3174  3174 I C04200/WindowSceneSessionImpl: Remove window flag WINDOW_FLAG_SHOW_WHEN_LOCKED
09-19 15:06:31.253  3174  3174 I C0420a/WMSLife: Connect: in
09-19 15:06:31.256  3174  3321 I C04208/WMSLayout: UpdateRect: [WindowRectUpdate:ClientRecv] UpdateRect id:0 name:callaite0, preRect=[0 0 0 0], newRect=[0 0 1308 2880], reason:0 displayId:0
09-19 15:06:31.256  3174  3321 I C04208/WMSLayout: NotifyFirstValidLayoutUpdate: Id:0, rect:[0 0 1308 2880]
09-19 15:06:31.256  3174  3174 I C01406/OHOS::RS: RSSurfaceNode::Unmarshalling, Node: 13632226197505, Name: callaite0
09-19 15:06:31.256  3174  3321 W C04208/WMSLayout: NotifySingleHandTransformChange: id:0, uiContent is nullptr
09-19 15:06:31.257  3174  3347 W C057c1/IPCWorkThread: ThreadHandler: proto:0 policy:0 name:OS_IPC_2_3347 invoker:7960096
09-19 15:06:31.257  3174  3174 I C04208/WMSLayout: Connect: updateRect when connect.preRect:[0,0,1308,2880]rect:[0,0,1308,2880]
09-19 15:06:31.257  3174  3174 E C0421c/WMSCompat: ReadCombinedCompatibleConfig: combinedConfigSize: 0 fail to meet the conditions
09-19 15:06:31.257  3174  3174 I C0420a/WMSLife: Connect: Window Connect [name:callaite0, id:47, type:1], ret:0, oriDisplayId:0, curDisplayId:0
09-19 15:06:31.257  3174  3174 I C04204/WMSScb: RS multi-instance enabled: 1
09-19 15:06:31.257  3174  3174 I C01406/OHOS::RS: multi-instance, create RSUIContextManager, isMultiInstanceOpen_ 1
09-19 15:06:31.258  3174  3174 I C01406/OHOS::RS: RSRenderServiceConnectHub AddRenderProcessConnectionToken
09-19 15:06:31.258  3174  3174 I C01406/OHOS::RS: RSRenderServiceConnectHub::SetOnDiedCallback, code:0
09-19 15:06:31.258  3174  3174 I C01406/OHOS::RS: RSApplicationAgentImpl::RegisterRSApplicationAgent!
09-19 15:06:31.258  3174  3174 I C01406/OHOS::RS: RSUIDirector::GoCreate CurrentState:0, UIContext:13632226197505
09-19 15:06:31.258  3174  3174 I C01406/OHOS::RS: RSUIDirector::GoResume CurrentState:0, UIContext:13632226197505
09-19 15:06:31.258  3174  3174 I C01406/OHOS::RS: RSUIDirector::GoForeground CurrentState:1, UIContext:13632226197505
09-19 15:06:31.258  3174  3174 I C02c03/PARAM_WATCHER: Add watcher keyPrefix persist.sys.graphic.animationscale remoteWatcherId 110 success
09-19 15:06:31.258  3174  3174 I C04204/WMSScb: InitRSUIDirector: Create RSUIDirector: RSUIDirector's RSUIContext [token: 13632226197505, tid: 3174], rsUIContext: RSUIContext is null
09-19 15:06:31.258  3174  3174 I C0420a/WMSLife: PostInitSurfaceNode: post init surfaceNode success, name: callaite0
09-19 15:06:31.259  3174  3174 I C0421c/WMSCompat: SetAppHookWindowInfo: Id:47, preHookWindowInfo:[enableHookWindow: false, widthHookRatio: 1.000000, notifyWindowChange: false, drawableRectHook: false], newHookWindowInfo:[enableHookWindow: false, widthHookRatio: 1.000000, notifyWindowChange: false, drawableRectHook: false]
09-19 15:06:31.259  3174  3174 I C0421c/WMSCompat: SendCombinedCompatibleConfigToArkUI: bundleName: com.example.callaite, combinedCompatibleConfig size: 0
09-19 15:06:31.259  3174  3174 E C0421c/WMSCompat: SendCombinedCompatibleConfigToArkUI: Combined compatible config size is less than 2!
09-19 15:06:31.259  3174  3174 I C01406/OHOS::RS: RSSurfaceNode::SetAlphaChangedCallback, node=[13632226197505, callaite0]
09-19 15:06:31.259  3174  3174 I C04208/WMSLayout: SetWindowMode: windowId: 47, windowModeSupportType: 127, mode: 1
09-19 15:06:31.259  3174  3174 I C04208/WMSLayout: UpdateWindowModeImmediately: [WindowModeUpdate:Inner] UpdateWindowModeImmediately id:47, mode:1, splitStyle:0, splitIndex:0, state:1
09-19 15:06:31.260  3174  3174 I C04208/WMSLayout: NotifyWindowStatusChange: [WindowModeUpdate:Inner] NotifyWindowStatusChange id:47, mode:1, status:1, lastStatus:0, skipRedundant:0
09-19 15:06:31.260  3174  3174 I C04208/WMSLayout: SetConfigWindowLimitsVP: id:47, windowLimits:[0 0 0 0 0.000000 0.000000 1.000000 1]
09-19 15:06:31.260  3174  3174 I C04208/WMSLayout: GetSystemSizeLimits: systemLimitsPX: [6720 6720 1120 840 340282346638528859811704183484516925440.000000 0.000000 1.000000 0], systemLimitsVP: [1920 1920 320 240 340282346638528859811704183484516925440.000000 0.000000 1.000000 1], configMaxSize: 1920, vpr: 3.500000, winType: 1
09-19 15:06:31.260  3174  3174 I C04208/WMSLayout: UpdateWindowSizeLimits: [WindowLimitsUpdate:CalcLimits] SaveLimits id:47, px[minW:1120,minH:840,maxW:6720,maxH:6720] vp[minW:320,minH:240,maxW:1920,maxH:1920] vpr=3.500000
09-19 15:06:31.264  3174  3174 I C0421a/WMSLayoutPc: GetSupportedWindowModesConfiguration: winId: 47, windowModeSupportType: 15
09-19 15:06:31.264  3174  3174 I C04202/WMSMain: SetSupportedWindowModesForAncoInFreeWindow: is not anco app, need not update support window mode.
09-19 15:06:31.264  3174  3174 I C04208/WMSLayout: SetWindowModeSupportType: id:47, old:127, new:15
09-19 15:06:31.264  3174  3174 I C04208/WMSLayout: GetConfigurationFromAbilityInfo: windowId: 47, windowModeSupportType: 15, isAncoSupportFreeWindow: 0
09-19 15:06:31.265  3174  3174 I C0420f/WMSRecover: RegisterSessionRecoverCallbackFunc: persistentId=47
09-19 15:06:31.265  3174  3174 I C04217/WMSAttribute: UpdateStatusBarColorByColorMode: win=47, appColor=light
09-19 15:06:31.266  3174  3174 I C04200/WMS: IsMainHandlerAvailable: id:47, isAvailable:1
09-19 15:06:31.266  3174  3174 I C04200/WMS: IsMainHandlerAvailable: id:47, isAvailable:1
09-19 15:06:31.268  3174  3174 I C02800/MMIClient: [|267]Connection to server succeeded, fd:32
09-19 15:06:31.268  3174  3174 I C02800/MMIClient: [|166]Server was listening
09-19 15:06:31.268  3174  3174 I C02800/MMIClient: [|127]reuse current event handler, thread name:
09-19 15:06:31.268  3174  3174 I C02800/MMIClient: [|130]File fd is in listening
09-19 15:06:31.268  3174  3174 I C0420c/WMSEvent: AddInputWindow: SetWindowInputEventConsumer success, wid:47
09-19 15:06:31.270  3174  3174 I C04732/GameController: [(RegisterEntryModule:24)]begin load gamecontroller_event
09-19 15:06:31.270  3174  3174 I C04732/GameController: [(StartInputToTouch:61)]Begin StartInputToTouch
09-19 15:06:31.271  3174  3348 I C04732/GameController: [(GetSelfBundleName:49)]The current bundleName [com.example.callaite]. version [1.0.0]
09-19 15:06:31.271  3174  3348 I C04732/GameController: [(IsCommonApp:94)]The [com.example.callaite] is a common app.
09-19 15:06:31.271  3174  3348 W C04732/GameController: [(ReadJsonFromFile:224)]realpath failed for [/data/service/el1/public/for-all-app/gamecontroller_server/game_support_key_mapping.json]
09-19 15:06:31.271  3174  3348 I C04732/GameController: [(SetSupportKeyMapping:73)]SetSupportKeyMapping. isSupportKeyMapping_ is [0]
09-19 15:06:31.271  3174  3348 I C04732/GameController: [(DoAsyncTask:76)]The app does not support input-to-touch feature.
09-19 15:06:31.272  3174  3174 I C04217/WMSAttribute: ConnectServer: start connect
09-19 15:06:31.272  3174  3174 I C04217/WMSAttribute: ConnectServer: end connect
09-19 15:06:31.272  3174  3174 W C04217/WMSAttribute: RegisterGetWMSWindowListCallback: callback has registered
09-19 15:06:31.272  3174  3174 I C04217/WMSAttribute: RegisterGetWMSWindowListCallback: winId: 47
09-19 15:06:31.272  3174  3174 I C04217/WMSAttribute: UpdateColorMode: winId: 47, colorMode: light
09-19 15:06:31.272  3174  3174 I C04218/WMSPc: UpdateSidebarBlurStyleWhenColorModeChange: in, persistentId=47
09-19 15:06:31.272  3174  3174 W C04218/WMSPc: UpdateSidebarBlurStyleWhenColorModeChange: RSAnimatableProperty is null
09-19 15:06:31.272  3174  3174 I C04217/WMSAttribute: UpdateColorMode: winId: 47, colorMode: light, hasDarkRes: 1
09-19 15:06:31.272  3174  3174 I C0421c/WMSCompat: SetPcAppInpadSpecificSystemBarInvisible: isPcAppInpadSpecificSystemBarInvisible: 0
09-19 15:06:31.272  3174  3174 I C0421c/WMSCompat: SetPcAppInpadOrientationLandscape: isPcAppInpadOrientationLandscape: 0
09-19 15:06:31.272  3174  3174 I C0420a/WMSLife: Create: Window Create success [name:callaite0, id:47], state:1, mode:1, enableDefaultDensity:0, displayId:0
09-19 15:06:31.272  3174  3174 E C04200/WMS: singleton_container.cpp GetSingleton: cant get OHOS::Rosen::WindowInfoReporter
09-19 15:06:31.273  3174  3174 I C01332/UIAbility: [JUA2177]JsUIAbility call js, name: onWindowStageCreate
09-19 15:06:31.273  3174  3174 I A00001/EntryAbility: Ability onWindowStageCreate
09-19 15:06:31.273  3174  3174 I A03d00/JSAPP: [DataStore] Loading 2 .md files from /data/storage/el2/base/haps/entry/files/graph
09-19 15:06:31.273  3174  3174 W A03d00/JSAPP: [DataStore] Empty or unreadable file: 2026-09-19.md
09-19 15:06:31.274  3174  3174 I A03d00/JSAPP: [DataStore] Graph loaded. Pages: 1
09-19 15:06:31.275  3174  3330 I C01610/KvStoreServiceDeathNotifier: [a92ab13477433c5, 0, 0] AddServiceDeathWatcher: Success set size: <private>
09-19 15:06:31.275  3174  3330 I C01610/KvStoreServiceDeathNotifier: [a92ab13477433c5, 0, 0] GetDistributedKvDataService: Create remote proxy.
09-19 15:06:31.275  3174  3330 I C01610/DataMgrServiceProxy: [a92ab13477433c5, 0, 0] DataMgrServiceProxy: Init data service proxy.
09-19 15:06:31.275  3174  3330 I C01610/KvStoreServiceDeathNotifier: [a92ab13477433c5, 0, 0] ServiceDeathRecipient: Constructor.
09-19 15:06:31.278  3174  3330 I C01610/KvStoreClientDeathObserver: [a92ab13477433c5, 0, 0] KvStoreClientDeathObserver: This client death observer
09-19 15:06:31.278  3174  3330 I C01610/DataMgrServiceProxy: [a92ab13477433c5, 0, 0] GetFeatureInterface: get feature:kv_store
09-19 15:06:31.281  3174  3350 E C01b00/DistributedAccountFwk: Read result failed, code is: 8.
09-19 15:06:31.282  3174  3330 I C01630/DistributedDB: [a92ab13477433c5, 0, 0] before open db,db file: [size: 65536, mtime: 1789792123, inode: 824462]; db wal file: [size: 0, mtime: 1789792123, inode: 824463]; db shm file: [size: 32768, mtime: 1789801249, inode: 824466]; db dwr file: [stat() failed, errCode: -1, errno: 2]; 
09-19 15:06:31.283  3174  3330 I C01630/DistributedDB: [a92ab13477433c5, 0, 0] [SqlUp] meta[0] label[3] flag[0] ver[104]
09-19 15:06:31.283  3174  3330 I C01630/DistributedDB: [a92ab13477433c5, 0, 0] [KVDB] [StartSyncerWithNoLock] [uüª] event=3
09-19 15:06:31.284  3174  3330 I C01630/DistributedDB: [a92ab13477433c5, 0, 0] db id:75fcaa, dir:485848
09-19 15:06:31.284  3174  3330 E C01610/StoreUtil: [a92ab13477433c5, 0, 0] SetServiceGid: file not exit, filePath:/da***.db ,code:2
09-19 15:06:31.284  3174  3330 I C01610/KvStoreServiceDeathNotifier: [a92ab13477433c5, 0, 0] AddServiceDeathWatcher: Success set size: <private>
09-19 15:06:31.284  3174  3349 E C01b00/DistributedAccountFwk: Read result failed, code is: 8.
09-19 15:06:31.285  3174  3174 E C01317/AppKit: [context_impl.cpp1466]create dir /data/storage/el2/cloud failed, errno is 13
09-19 15:06:31.285  3174  3174 E C01317/AppKit: [context_impl.cpp1466]create dir /data/storage/el2/cloud failed, errno is 13
09-19 15:06:31.285  3174  3174 E C01317/AppKit: [context_impl.cpp1466]create dir /data/storage/el2/cloud failed, errno is 13
09-19 15:06:31.286  3174  3174 E C04388/file_api: [prop_n_exporter.cpp:456->MkdirExec] Failed to create directories, error: 13
09-19 15:06:31.286  3174  3174 I A03d00/JSAPP: [PluginManager] Initialized 4 plugins
09-19 15:06:31.287  3174  3174 I C01317/AppKit: [OH_APP1240]current 2, pre 0
09-19 15:06:31.287  3174  3174 W C01317/AppKit: [OH_APP1269]fontSize empty
09-19 15:06:31.287  3174  3174 I C01317/AppKit: [OH_APP1300]current 2, pre 0
09-19 15:06:31.287  3174  3174 W C01317/AppKit: [OH_APP1304]language empty
09-19 15:06:31.287  3174  3174 W C01317/AppKit: [OH_APP1323]language and locale empty
09-19 15:06:31.287  3174  3174 I C01317/AppKit: [OH_APP298]configuration_: {"0#const.build.characteristics":"phone","0#input.pointer.device":"true","0#ohos.app.fontSizeScale":"nonFollowSystem","0#ohos.application.densitydpi":"xxxldpi","0#ohos.application.direction":"vertical","0#ohos.application.displayid":"0","0#ohos.system.colorMode":"light","0#ohos.system.colorMode.isSetByApp":"isSetByApp","0#ohos.system.fontSizeScale":"1.0","0#ohos.system.fontWeightScale":"1.0","0#ohos.system.hour":"false","0#ohos.system.language":"zh-Hans","0#ohos.system.locale":"zh-Hans"}, config: {"0#ohos.system.colorMode":"light","0#ohos.system.colorMode.isSetByApp":"isSetByApp"}
09-19 15:06:31.287  3174  3174 E C04217/WMSAttribute: UpdateConfigurationSync: uiContent null, scene win=47, display=0
09-19 15:06:31.287  3174  3174 E C04217/WMSAttribute: UpdateConfigurationSyncForAll: root is null
09-19 15:06:31.288  3174  3174 I C01332/UIAbility: [JUA2177]JsUIAbility call js, name: onConfigurationUpdated
09-19 15:06:31.288  3174  3174 I C01332/UIAbility: [JUA2222]end, name: onConfigurationUpdated, time: 0
09-19 15:06:31.288  3174  3174 I C01332/UIAbility: [JUA2177]JsUIAbility call js, name: onConfigurationUpdate
09-19 15:06:31.288  3174  3174 I C01332/UIAbility: [JUA2222]end, name: onConfigurationUpdate, time: 0
09-19 15:06:31.288  3174  3174 W C01317/AppKit: [JAS919]Not found AbilityStage.js
09-19 15:06:31.288  3174  3174 W C01317/AppKit: [JAS919]Not found AbilityStage.js
09-19 15:06:31.288  3174  3174 I C01317/AppKit: [OH_APP322]ignoreWindowContext size 0
09-19 15:06:31.288  3174  3174 E C04217/WMSAttribute: UpdateConfiguration: uiContent null, scene win=47, display=0
09-19 15:06:31.288  3174  3174 I C04217/WMSAttribute: UpdateStatusBarColorByColorMode: win=47, appColor=light
09-19 15:06:31.289  3174  3174 E C04217/WMSAttribute: UpdateConfigurationForAll: root is null
09-19 15:06:31.289  3174  3174 I C04200/JsWindowStage: LoadContent: [NAPI]
09-19 15:06:31.289  3174  3174 I C01332/UIAbility: [JUA2222]end, name: onWindowStageCreate, time: 16
09-19 15:06:31.289  3174  3174 I C0420a/WMSLife: NotifyWindowStageCreateFinished: id: 47
09-19 15:06:31.289  3174  3174 I C01332/UIAbility: [JUA2177]JsUIAbility call js, name: onWillForeground
09-19 15:06:31.289  3174  3174 I C01332/UIAbility: [JUA2222]end, name: onWillForeground, time: 0
09-19 15:06:31.289  3174  3174 I C04202/WMSMain: GoForeground: [requestId: 11][scbRequestId: 0]reason: 4 isGamePreLaunch: 0
09-19 15:06:31.289  3174  3174 I C0420a/WMSLife: Show: [requestId: 11][scbRequestId: 0]Window show [name: callaite0, id: 47, type: 1], reason: 4, state:1, requestState:1
09-19 15:06:31.289  3174  3174 I C04208/WMSLayout: GetSystemSizeLimits: systemLimitsPX: [6720 6720 1120 840 340282346638528859811704183484516925440.000000 0.000000 1.000000 0], systemLimitsVP: [1920 1920 320 240 340282346638528859811704183484516925440.000000 0.000000 1.000000 1], configMaxSize: 1920, vpr: 3.500000, winType: 1
09-19 15:06:31.289  3174  3174 I C04208/WMSLayout: UpdateWindowSizeLimits: [WindowLimitsUpdate:CalcLimits] SaveLimits id:47, px[minW:1120,minH:840,maxW:6720,maxH:6720] vp[minW:320,minH:240,maxW:1920,maxH:1920] vpr=3.500000
09-19 15:06:31.289  3174  3174 I C04217/WMSAttribute: IsSystemDensityChanged: windowId: 47, lastDensity: -1.000000, currDensity: 3.500000
09-19 15:06:31.290  3174  3174 W C04200/WindowSessionImpl: UpdateViewportConfig: uiContent is null!
09-19 15:06:31.297  3174  3347 I C04207/WMSFocus: ProcessUpdateFocus: unfocusId:11, focusId:47, isFocused:1,isSyncNotify:0, old:0, new:1789801591078, current:1789801591297
09-19 15:06:31.297  3174  3347 I C04207/WMSFocus: UpdateFocusState: focus: 1, id: 47
09-19 15:06:31.297  3174  3347 I C04207/WMSFocus: NotifyApplicationFocusChangedResult: 1
09-19 15:06:31.297  3174  3321 I C04207/WMSFocus: ProcessNotifyHighlightChange: timeStamp:1789801591078, highlightId:47, isHighlight:1,isSyncNotify:0, old:0, new:1789801591078, current:1789801591297
09-19 15:06:31.297  3174  3321 I C04207/WMSFocus: NotifyHighlightChange: windowId: 47, isHighlight: 1,
09-19 15:06:31.298  3174  3347 E C0420a/WMSLife: NotifyUIExtHostRectChangeInGlobalDisplayListeners: uiContent is null
09-19 15:06:31.298  3174  3321 W C04208/WMSLayout: NotifySingleHandTransformChange: id:47, uiContent is nullptr
09-19 15:06:31.298  3174  3355 W C057c1/IPCWorkThread: ThreadHandler: proto:0 policy:0 name:OS_IPC_3_3355 invoker:3898000
09-19 15:06:31.298  3174  3174 I C01332/UIAbility: [ui_ability_impl.cpp489]wnd call, AfterForeground
09-19 15:06:31.298  3174  3174 I C01406/OHOS::RS: RSFrameRateLinker::Create id: 13632226197505
09-19 15:06:31.369  3174  3174 E C01706/ueaClient-RmeCoreSched: [Init]: do not enabled!ret: -1
09-19 15:06:31.369  3174  3174 I C01706/ueaClient-FrameMsgMgr: [Init]:inited success!
09-19 15:06:31.369  3174  3174 I C01706/ueaClient-FrameUiIntf: [Init]:ret:1, inited:1
09-19 15:06:31.370  3174  3174 I C04217/WMSAttribute: InitWaterfallMode: winId: 47
09-19 15:06:31.370  3174  3174 I C04217/WMSAttribute: NotifyWaterfallModeChange: winId: 47, waterfall: 0, stat: 2
09-19 15:06:31.370  3174  3174 I C04202/WMSMain: NotifyFreeMultiWindowModeResume: IsPcMode 0, isColdStart 1
09-19 15:06:31.370  3174  3174 I C0420a/WMSLife: Show: [requestId: 11][scbRequestId: 0]Window show success [name:callaite0, id:47, type:1]
09-19 15:06:31.371  3174  3174 W C04201/DMS: OnDisplayInfoChange: data is not changed.
09-19 15:06:31.372  3174  3174 I C01332/UIAbility: [JUA2177]JsUIAbility call js, name: onForeground
09-19 15:06:31.372  3174  3174 I A00001/EntryAbility: Ability onForeground
09-19 15:06:31.372  3174  3174 I C01332/UIAbility: [JUA2222]end, name: onForeground, time: 0
09-19 15:06:31.375  3174  3174 E C01651/data_share_manager_impl: RegisterClientDeathObserver: RegisterClientDeathObserver failed, bundleName is com.example.callaite
09-19 15:06:31.375  3174  3174 E C01651/data_share_manager_impl: GetDataShareServiceProxy: RegisterClientDeathObserver failed
09-19 15:06:31.375  3174  3355 I C01651/data_share_manager_impl: operator(): RecoverObs start
09-19 15:06:31.389  3174  3174 I C05405/CompConfigClient: GetConfigByApp: GetDataShareData return 0 result
09-19 15:06:31.389  3174  3174 E C01301/Ability: [page_config_manager.cpp62]configJson_ is empty
09-19 15:06:31.391  3174  3174 I C02d06/XCollie: Application is in starting period.
09-19 15:06:31.391  3174  3174 I C02d11/DfxUnwinder: UnwindLocal:: fpUnwind: 0
09-19 15:06:31.392  3174  3174 W C01320/JsEnv: [source_map.cpp145]the stack without line info
09-19 15:06:31.392  3174  3174 I A00001/EntryAbility: Huawei account refreshed: 
09-19 15:06:31.392  3174  3174 I C02d11/DfxUnwinder: UnwindLocal:: fpUnwind: 0
09-19 15:06:31.392  3174  3174 W C01320/JsEnv: [source_map.cpp145]the stack without line info
09-19 15:06:31.393  3174  3174 I C01612/JsKVManager: operator(): output delete reference success
09-19 15:06:31.393  3174  3174 I C01612/JsSingleKVStore: operator(): subscribe to event:dataChange
09-19 15:06:31.393  3174  3174 I C01612/JsSingleKVStore: OnDataChange: subscribe data change type 2
09-19 15:06:31.393  3174  3174 I C01630/DistributedDB: [KvStoreNbDelegate][RegisterDeviceObserver] Register device observer ok mode:1
09-19 15:06:31.393  3174  3174 I C01610/KvStoreObserverClient: KvStoreObserverClient: Start
09-19 15:06:31.394  3174  3174 I A03d00/JSAPP: [Collaboration] KVStore initialized
09-19 15:06:31.395  3174  3174 I C01332/UIAbility: [JUA2177]JsUIAbility call js, name: onDidForeground
09-19 15:06:31.395  3174  3174 I C01332/UIAbility: [JUA2222]end, name: onDidForeground, time: 0
09-19 15:06:31.395  3174  3174 I C04202/WMSMain: GoResume: in isGamePreLaunch: 0
09-19 15:06:31.395  3174  3174 I C0420a/WMSLife: SetUIContentInner: pages/Index, state:2, persistentId: 47
09-19 15:06:31.395  3174  3174 I C0420a/WMSLife: NotifySetUIContentComplete: start
09-19 15:06:31.395  3174  3174 I C0420a/WMSLife: SetUIContentComplete: persistentId=47
09-19 15:06:31.395  3174  3174 I C0420a/WMSLife: InitUIContent: start
09-19 15:06:31.395  3174  3174 I C0420a/WMSLife: DestroyExistUIContent: start
09-19 15:06:31.395  3174  3174 I C03900/Ace: [(-1:-1:undefined)] CreateUIContent.
09-19 15:06:31.395  3174  3174 I C03934/AceUIEvent: [(-1:-1:undefined)] report ace loaded
09-19 15:06:31.396  3174  3174 I C04707/HaAceEngine: OnAceLoaded end
09-19 15:06:31.396  3174  3355 I C04208/WMSLayout: NotifyWindowStatusDidChange: [WindowModeUpdate:Inner] NotifyWindowStatusDidChange id:47, mode:1, status:1, lastStatus:0, listenerSize:0, rect:[0 0 1308 2880]
09-19 15:06:31.396  3174  3174 I C03900/Ace: [(-2:-1:undefined)] Create ace bg threads pool.
09-19 15:06:31.397  3174  3174 I C03900/Ace: [(-2:-1:undefined)] Init RenderService UniRender Type:0
09-19 15:06:31.398  3174  3325 W C04707/HaClient: =========Invalid Client=========
09-19 15:06:31.400  3174  3174 W C01409/APS_MANAGER: redo Connect
09-19 15:06:31.400  3174  3174 I C01409/APS_MANAGER: Start to ConnectService
09-19 15:06:31.400  3174  3174 I C01409/APS_MANAGER: GetSystemAbilityManager success
09-19 15:06:31.400  3174  3358 I C03900/Ace: [(-1:-1:undefined)] dlsym function ReportData success.
09-19 15:06:31.401  3174  3358 I C03900/Ace: [(-1:-1:undefined)] dlsym function ReportSyncEvent success.
09-19 15:06:31.404  3174  3174 I C01409/APS_MANAGER: GetSystemAbility success
09-19 15:06:31.404  3174  3174 I C03900/Ace: [(-2:-1:undefined)] [com.example.callaite][entry][-1]: UIContent: apiCompatibleVersion: 60101024, apiTargetVersion: 260000026, and apiReleaseType: Release, useNewPipe: 1, enableCustomComponentCrossAbility: 0
09-19 15:06:31.405  3174  3174 I C02c03/PARAM_WATCHER: Add watcher keyPrefix persist.sys.arkui.animationscale remoteWatcherId 110 success
09-19 15:06:31.406  3174  3174 E C03900/Ace: [(-2:-1:undefined)] ConfigParserBase read system file failed
09-19 15:06:31.406  3174  3174 W C03900/Ace: [(-2:-1:undefined)] ArkUiFeatureParamManager failed to load xml file
09-19 15:06:31.406  3174  3174 E C03900/Ace: [(-2:-1:undefined)] ConfigParserBase read system UI correction config file failed
09-19 15:06:31.406  3174  3174 W C03900/Ace: [(-2:-1:undefined)] ArkUiFeatureParamManager failed to load UI correction config file
09-19 15:06:31.411  3174  3174 I C05405/CompConfigClient: SubscribeEvent_: SubscriberEvent, ret: 1
09-19 15:06:31.418  3174  3355 I C04200/WindowSessionImpl: NotifyTransformChange: in
09-19 15:06:31.423  3174  3174 I C05405/CompConfigClient: GetConfigByApp: GetDataShareData return 0 result
09-19 15:06:31.424  3174  3174 W C03900/Ace: [(-2:-1:undefined)] FeatureManager get config failed, key:UICorrectionStrategy ret:1
09-19 15:06:31.424  3174  3174 W C03900/Ace: [(-2:-1:undefined)] FeatureParamManager get UICorrectionStrategy from FeatureManager failed
09-19 15:06:31.428  3174  3174 I C03900/Ace: [(-2:-1:undefined)] SetLocale language tag: zh-Hans, font locale: zh-Hans, select language: zh-CN
09-19 15:06:31.428  3174  3174 I C03900/Ace: [(-2:-1:undefined)] [com.example.callaite][entry][-1]: SetLanguage: zh, colorMode: light, deviceAccess: 1
09-19 15:06:31.428  3174  3174 I C03900/Ace: [(-2:-1:undefined)] [com.example.callaite][entry][-1]: Initialize UIContent isModelJson:true
09-19 15:06:31.430  3174  3174 I C03922/AceNavigation: [(-2:-1:undefined)] subscribe hsp Update successfully
09-19 15:06:31.430  3174  3174 I C03900/Ace: [(100000:100000:scope)] SetHapPath, Use hap path to load resource
09-19 15:06:31.430  3174  3174 I C04217/WMSAttribute: RegisterWaterfallModeChangeListener: winId: 47
09-19 15:06:31.431  3174  3174 I C04200/WMS: GetSurfaceNode: name:callaite0, id:47
09-19 15:06:31.431  3174  3174 I C04200/WMS: GetSurfaceNode: name:callaite0, id:47
09-19 15:06:31.431  3174  3174 I C03900/Ace: [(100000:100000:scope)] SetRSSurfaceNode 13632226197505 with rs multi
09-19 15:06:31.431  3174  3174 I C01406/OHOS::RS: RSUIContext::AttachFromUI. token: 13632226197505 uiPiplineNum: -1
09-19 15:06:31.431  3174  3174 I C01406/OHOS::RS: RSUIContext::SetUITaskRunner, Context token:13632226197505
09-19 15:06:31.432  3174  3174 I C03925/AceRouter: [(100000:100000:scope)] createManager, deviceType: 0
09-19 15:06:31.432  3174  3174 W C03900/Ace: [(100000:100000:scope)] Invalid config:zh_Hans-long-notround-vertical-light-phone-xxxhdpi
09-19 15:06:31.433  3174  3174 I C01406/OHOS::RS: RSUIDirector::GoBackground CurrentState:2, UIContext:13632226197505
09-19 15:06:31.434  3174  3174 I C01406/OHOS::RS: RSSurfaceNode::SetAbilityState, surfaceNodeId:[13632226197505], ability state: background
09-19 15:06:31.434  3174  3174 I C03900/Ace: [(100000:100000:scope)] set translateManager to pipeline, instanceId:100000
09-19 15:06:31.434  3174  3174 I C0421d/WMSRotation: RegisterOrientationChangeListener: in
09-19 15:06:31.434  3174  3174 I C03900/Ace: [(100000:100000:scope)] AddPersistAfterLayoutTask size: 1
09-19 15:06:31.434  3174  3174 I C03919/AceInputTracking: [(100000:100000:scope)] Debug touch pass mode 0
09-19 15:06:31.435  3174  3174 E C03934/AceUIEvent: [(100000:100000:scope)] AceTransform load failed: Error loading shared library /system/lib64/libtransform_interaction_ext.z.so: No such file or directory
09-19 15:06:31.435  3174  3174 I C03937/AceResource: [(100000:100000:scope)] ResourceAdapter UpdateResConfig with colorMode light
09-19 15:06:31.435  3174  3174 W C03900/Ace: [(100000:100000:scope)] not found systemTheme in HapModuleInfo, loading default OHOS_THEME
09-19 15:06:31.435  3174  3174 I C03900/Ace: [(100000:100000:scope)] Cannot Get File List from resources/styles/
09-19 15:06:31.435  3174  3174 W C03900/Ace: [(100000:100000:scope)] GetAsset failed: resources/styles/default.json
09-19 15:06:31.444  3174  3174 I C01406/OHOS::RS: RSRootNode::Create, Node:13632226197507, Token:13632226197505
09-19 15:06:31.444  3174  3174 I C03900/Ace: [(100000:100000:scope)] root node OnAttachToFrameNode, id:0
09-19 15:06:31.444  3174  3174 I C03900/Ace: [(100000:100000:scope)] Rosenwindow set root, rsId:13632226197507
09-19 15:06:31.444  3174  3174 I C01406/OHOS::RS: RSRootNode::AttachRSSurfaceNode, SurfaceNode:13632226197505, Node:13632226197507
09-19 15:06:31.445  3174  3174 I C03900/Ace: [(100000:100000:scope)] AddPersistAfterLayoutTask size: 2
09-19 15:06:31.451  3174  3174 I C03900/Ace: [(100000:100000:scope)] focusWindowId: 0, realHostWindowId: 0
09-19 15:06:31.451  3174  3174 I C03900/Ace: [(100000:100000:scope)] [com.example.callaite][entry][100000]: window focus
09-19 15:06:31.454  3174  3174 I C02c03/PARAM_WATCHER: Add watcher keyPrefix debug.graphic.frame remoteWatcherId 110 success
09-19 15:06:31.455  3174  3174 E C03900/Ace: [(100000:100000:scope)] ERROR EACCES
09-19 15:06:31.455  3174  3174 E C03900/Ace: [(100000:100000:scope)] ERROR EACCES
09-19 15:06:31.455  3174  3174 I C03900/Ace: [(100000:100000:scope)] ArkUIInvisibleFreeze: 0
09-19 15:06:31.455  3174  3174 I C03900/Ace: [(100000:100000:scope)] [com.example.callaite][entry][100000]: SetMinPlatformVersion is 60101024
09-19 15:06:31.455  3174  3174 I C04209/WMSImms: RegisterAvoidAreaChangeListener: win 47
09-19 15:06:31.457  3174  3174 E C04200/IMockSessionManager: Read result failed, code is: 4.
09-19 15:06:31.458  3174  3174 E C04200/IMockSessionManager: Read result failed, code is: 4.
09-19 15:06:31.458  3174  3174 I C04200/WMS: InitSessionManagerServiceProxy: Init success, userId=-1
09-19 15:06:31.459  3174  3174 I C04200/WMS: InitSceneSessionManagerLiteProxy: Init success, userId=-1
09-19 15:06:31.459  3174  3174 I C04204/WMSScb: InitSceneSessionManagerProxy: enter, userId=-1
09-19 15:06:31.459  3174  3174 I C04204/WMSScb: GetSceneSessionManagerProxy: init first time, userId=-1
09-19 15:06:31.461  3174  3355 E C0420a/WMSLife: NotifyUIExtHostRectChangeInGlobalDisplayListeners: uiContent is null
09-19 15:06:31.461  3174  3355 I C04208/WMSLayout: UpdateRect: [WindowRectUpdate:ClientRecv] UpdateRect id:47 name:callaite0, preRect=[0 0 1308 2880], newRect=[0 0 1308 2880], reason:23 displayId:0
09-19 15:06:31.463  3174  3174 I C04209/WMSImms: GetAvoidAreaByType: win 47 type not supported
09-19 15:06:31.463  3174  3174 I C03917/AceSafeArea: [(100000:100000:scope)] InitializeSafeArea systemInsets:SafeAreaInsets left_: [start: 0, end: 0], top_: [start: 0, end: 136], right_: [start: 0, end: 0], bottom_: [start: 0, end: 0], cutoutInsets:SafeAreaInsets left_: [start: 0, end: 0], top_: [start: 50, end: 128], right_: [start: 0, end: 0], bottom_: [start: 0, end: 0], navInsets:SafeAreaInsets left_: [start: 0, end: 0], top_: [start: 0, end: 0], right_: [start: 0, end: 0], bottom_: [start: 2782, end: 2880], floatNavInsets:SafeAreaInsets left_: [start: 0, end: 0], top_: [start: 0, end: 0], right_: [start: 0, end: 0], bottom_: [start: 0, end: 0]
09-19 15:06:31.464  3174  3174 I C0394e/AceWindow: [(100000:100000:scope)] Initialize displayId: 0, availableRect: [0, 0, 1308, 2880]
09-19 15:06:31.464  3174  3174 I C03900/Ace: [(100000:100000:scope)] Failed to open libthp_extra_innerapi.z.so, reason: Error loading shared library /system/lib64/libthp_extra_innerapi.z.so: No such file or directory
09-19 15:06:31.465  3174  3174 I C03900/Ace: [(-2:100000:singleton)] [com.example.callaite][entry][100000]: Initialize: pages/Index
09-19 15:06:31.465  3174  3174 I C03900/Ace: [(100000:100000:scope)] RunPage:pages/Index
09-19 15:06:31.465  3174  3174 W C03900/Ace: [(100000:100000:scope)] GetAsset failed: manifest.json
09-19 15:06:31.465  3174  3358 I C03951/InputKeyFlow: [(-1:100000:singleton)] Subscribe touch.events.pass.through Event
09-19 15:06:31.465  3174  3174 I C04200/WMS: InitUIContent: [0, 0]
09-19 15:06:31.465  3174  3174 I C0420a/WMSLife: RegisterUIContenCallback: start
09-19 15:06:31.465  3174  3174 I C04208/WMSLayout: SetUIContentInner: single hand, id:47, posX:0, posY:0, scaleX:1.000000, scaleY:1.000000
09-19 15:06:31.466  3174  3174 I C04219/WMSDecor: UpdateDecorEnable: decorVisible:1, isDockAutoHide:0, isDecorHiddenByApp:0, isMaximizeInvoked:0, id:47
09-19 15:06:31.466  3174  3174 I C03900/Ace: [(-2:100000:singleton)] [com.example.callaite][entry][100000]: UpdateWindowVisible: 1, hasDecor: 0
09-19 15:06:31.466  3174  3174 I C03900/Ace: [(-2:100000:singleton)] [com.example.callaite][entry][100000]: NotifyWindowMode mode = 1
09-19 15:06:31.466  3174  3362 I C02c03/PARAM_WATCHER: Add watcher keyPrefix persist.ace.trace.layout.enabled remoteWatcherId 110 success
09-19 15:06:31.471  3174  3362 I C02c03/PARAM_WATCHER: Add watcher keyPrefix persist.ace.trace.inputevent.enabled remoteWatcherId 110 success
09-19 15:06:31.471  3174  3174 I C03900/Ace: [(-2:100000:singleton)] [com.example.callaite][entry][100000]: window foreground
09-19 15:06:31.471  3174  3174 I C03900/Ace: [(100000:100000:scope)] Update application state , state: ON_SHOW
09-19 15:06:31.471  3174  3174 I C01406/OHOS::RS: RSUIDirector::GoForeground CurrentState:3, UIContext:13632226197505
09-19 15:06:31.471  3174  3174 I C01406/OHOS::RS: RSSurfaceNode::SetAbilityState, surfaceNodeId:[13632226197505], ability state: foreground
09-19 15:06:31.472  3174  3362 I C02c03/PARAM_WATCHER: Add watcher keyPrefix const.security.developermode.state remoteWatcherId 110 success
09-19 15:06:31.472  3174  3362 I C02c03/PARAM_WATCHER: Add watcher keyPrefix persist.ace.debug.statemgr.enabled remoteWatcherId 110 success
09-19 15:06:31.473  3174  3362 I C02c03/PARAM_WATCHER: Add watcher keyPrefix persist.ace.debug.boundary.enabled remoteWatcherId 110 success
09-19 15:06:31.473  3174  3362 I C02c03/PARAM_WATCHER: Add watcher keyPrefix persist.ace.performance.monitor.enabled remoteWatcherId 110 success
09-19 15:06:31.473  3174  3174 I C03900/Ace: [(100000:100000:scope)] ArkUI requests first Vsync.
09-19 15:06:31.473  3174  3365 W C057c1/IPCWorkThread: ThreadHandler: proto:0 policy:0 name:OS_IPC_4_3365 invoker:10183696
09-19 15:06:31.473  3174  3174 I C04202/WMSMain: RequestVsync: First vsync has requested, nodeId: 13632226197505
09-19 15:06:31.474  3174  3174 I C03959/AceLayout: [(-2:100000:singleton)] UVC Viewport config: size: (1308, 2880) orientation: 0 density: 3.500000 position: (0, 0) transformHint: 0 displayId: 0 forceSplitDisplayConfig: disable forceSplit, mode: 0, WSCR 0, IRN 1, , keyboardInfo is null
09-19 15:06:31.474  3174  3174 I C03922/AceNavigation: [(100000:100000:scope)] disable forceSplit, mode:0
09-19 15:06:31.474  3174  3174 I C04208/WMSLayout: UpdateViewportConfig: Id: 47, reason: 0, viewportRect: [0 0 1308 2880], displayOrientation: 0, config[0, 0, 0, 3.500000]
09-19 15:06:31.474  3174  3174 I C03900/Ace: [(-2:100000:singleton)] [com.example.callaite][entry][100000]: window focus
09-19 15:06:31.474  3174  3174 I C03900/Ace: [(-2:100000:singleton)] [com.example.callaite][entry][100000]:window active
09-19 15:06:31.474  3174  3174 I C04208/WMSLayout: NotifyAfterUIContentReady: Renotify transform, id:47, scaleX:1.000000, scaleY:1.000000
09-19 15:06:31.474  3174  3174 I C02d11/DfxUnwinder: UnwindLocal:: fpUnwind: 0
09-19 15:06:31.475  3174  3174 W C01320/JsEnv: [source_map.cpp145]the stack without line info
09-19 15:06:31.475  3174  3174 I A00001/EntryAbility: Succeeded in loading the content.
09-19 15:06:31.475  3174  3174 I C04200/JsWindowStage: Window [47, callaite0] load content end, ret=0
09-19 15:06:31.475  3174  3174 I C04209/WMSImms: NotifyAvoidAreaChange: win 47 api 26 type 0 area top [0 0 1308 136] 
09-19 15:06:31.475  3174  3174 I C04209/WMSImms: NotifyAvoidAreaChange: win 47 api 26 type 1 area top [615 50 78 78] 
09-19 15:06:31.475  3174  3174 I C04209/WMSImms: NotifyAvoidAreaChange: win 47 api 26 type 2 area empty
09-19 15:06:31.475  3174  3174 I C04209/WMSImms: NotifyAvoidAreaChange: win 47 api 26 type 3 area empty
09-19 15:06:31.475  3174  3174 I C04209/WMSImms: NotifyAvoidAreaChange: win 47 api 26 type 4 area bottom [425 2782 458 98] 
09-19 15:06:31.475  3174  3174 I C03922/AceNavigation: [(100000:100000:scope)] disable forceSplit, mode:0
09-19 15:06:31.476  3174  3174 I C04208/WMSLayout: UpdateViewportConfig: Id: 47, reason: 0, viewportRect: [0 0 1308 2880], displayOrientation: 0, config[0, 0, 0, 3.500000]
09-19 15:06:31.476  3174  3174 I C03900/Ace: [(100000:100000:scope)] Update application state , state: ON_ACTIVE
09-19 15:06:31.476  3174  3174 I C0391c/AceFocus: [(100000:100000:scope)] Window: 47 get focus.
09-19 15:06:31.477  3174  3174 W C0391c/AceFocus: [(100000:100000:scope)] Current focus view can not found!
09-19 15:06:31.477  3174  3174 I C0391c/AceFocus: [(100000:100000:scope)] Request focus on rootFocusHub: root/0
09-19 15:06:31.477  3174  3174 I C03922/AceNavigation: [(100000:100000:scope)] disable forceSplit, mode:0
09-19 15:06:31.478  3174  3174 I C04208/WMSLayout: UpdateViewportConfig: Id: 47, reason: 23, viewportRect: [0 0 1308 2880], displayOrientation: 0, config[0, 0, 0, 3.500000]
09-19 15:06:31.478  3174  3174 I C03925/AceRouter: [(100000:100000:scope)] Page router manager is creating page[1]: url: pages/Index path: pages/Index.js, recoverable: yes, namedRouter: no
09-19 15:06:31.512  3174  3174 I C03f04/MMG: [NMM:1561]Module:file.photoAccessHelper
09-19 15:06:31.513  3174  3174 W C03f04/MMG: [NMM:1466] Name mismatch: file.photoAccessHelperNative != file.photoAccessHelper
09-19 15:06:31.516  3174  3174 I C02b71/MediaLibraryNapi: Common:{Init:156} TaskSignalNapi::Init in
09-19 15:06:31.516  3174  3174 I C02b71/MediaLibraryNapi: Common:{Init:164} TaskSignalNapi::Init success
09-19 15:06:31.525  3174  3174 I C02b01/CAMERA: {63} PickerOnLoad
09-19 15:06:31.525  3174  3174 I C02b01/CAMERA: {463} CameraPickerNapi E
09-19 15:06:31.525  3174  3174 W C03f04/MMG: [NMM:1466] Name mismatch: web.webnativemessagingextensionmanager_napi != web.webNativeMessagingExtensionManager
09-19 15:06:31.526  3174  3174 I C03f04/MMG: [NMM:1561]Module:arkui.node
09-19 15:06:31.537  3174  3325 I C04215/WMSHierarchy: GetTopWindowWithContext: mainId:47!
09-19 15:06:31.537  3174  3174 I C04201/DMS: IfCallbackRegistered: change not registered!
09-19 15:06:31.537  3174  3174 I C04201/DMS: JsDisplayListener: Constructor
09-19 15:06:31.542  3174  3174 I C0391c/AceFocus: [(100000:100000:scope)] Request focus id can not found.
09-19 15:06:31.543  3174  3174 W C03926/AceTheme: [(100000:100000:scope)] style 125829872 not contains scroll_bar_pattern!
09-19 15:06:31.543  3174  3174 W C03926/AceTheme: [(100000:100000:scope)] style scroll_bar_pattern get attr scroll_bar_interactive error!
09-19 15:06:31.543  3174  3174 W C03926/AceTheme: [(100000:100000:scope)] style scroll_bar_pattern not contains arc_scroll_bar_normal_background_width!
09-19 15:06:31.544  3174  3174 W C03926/AceTheme: [(100000:100000:scope)] style 125829872 not contains scrollable_pattern!
09-19 15:06:31.544  3174  3174 W C03926/AceTheme: [(100000:100000:scope)] style scrollable_pattern not contains scroll_able_default_scrolling_distance!
09-19 15:06:31.568  3174  3174 W C03926/AceTheme: [(100000:100000:scope)] style text_pattern not contains linear_split_child_min_size!
09-19 15:06:31.569  3174  3174 W C03926/AceTheme: [(100000:100000:scope)] style text_pattern not contains menu_celia_ask_is_support!
09-19 15:06:31.569  3174  3174 W C03926/AceTheme: [(100000:100000:scope)] style 125829872 not contains app_theme_pattern!
09-19 15:06:31.569  3174  3174 W C01e00/ResourceManager: by id=125835722 limitPaths is empty
09-19 15:06:31.569  3174  3174 E C01e00/ResourceManager: ref <private> id not found
09-19 15:06:31.569  3174  3174 W C01e00/ResourceManager: by id=125835722 limitPaths is empty
09-19 15:06:31.569  3174  3174 E C01e00/ResourceManager: ref <private> id not found
09-19 15:06:31.569  3174  3174 W C03937/AceResource: [(100000:100000:scope)] Get pattern by name error, name=app_theme_pattern, bundleName: com.example.callaite, moduleName: entry
09-19 15:06:31.569  3174  3174 W C01e00/ResourceManager: by id=125835722 limitPaths is empty
09-19 15:06:31.569  3174  3174 E C01e00/ResourceManager: ref <private> id not found
09-19 15:06:31.569  3174  3174 W C01e00/ResourceManager: by id=125835722 limitPaths is empty
09-19 15:06:31.569  3174  3174 E C01e00/ResourceManager: ref <private> id not found
09-19 15:06:31.569  3174  3174 W C03937/AceResource: [(100000:100000:scope)] Get pattern by name error, name=app_theme_pattern
09-19 15:06:31.569  3174  3174 W C03926/AceTheme: [(100000:100000:scope)] style app_theme_pattern not contains app_theme_drag_distancethreshold!
09-19 15:06:31.589  3174  3174 I C0391c/AceFocus: [(100000:100000:scope)] view: page/2 show
09-19 15:06:31.589  3174  3174 I C03922/AceNavigation: [(100000:100000:scope)] can't find inner navigation
09-19 15:06:31.590  3174  3174 I C03933/AceKeyboard: [(100000:100000:scope)] PageChangeCloseKB
09-19 15:06:31.590  3174  3174 I C03925/AceRouter: [(100000:100000:scope)] LoadPage Success
09-19 15:06:31.591  3174  3174 I C04200/JsWindow: CreateJsWindow callaite0
09-19 15:06:31.591  3174  3174 I C0420a/WMSLife: JsWindow: window: callaite0, ctorCnt: 1
09-19 15:06:31.591  3174  3174 I C0420a/WMSLife: CreateJsWindowObject: Add window callaite0
09-19 15:06:31.592  3174  3174 I C0392a/AceUiExtensionComponent: [(-2:100000:singleton)] NotifyWindowMode aliveUIExtensions = 0
09-19 15:06:31.592  3174  3174 I C0394e/AceWindow: [(100000:100000:scope)] Update displayWindowRect in UpdateViewportConfig to : Rect (0.00, 0.00) - [1308.00 x 2880.00]
09-19 15:06:31.592  3174  3174 I C03917/AceSafeArea: [(100000:100000:scope)] SetIsFullScreen 1
09-19 15:06:31.592  3174  3174 I C03900/Ace: [(100000:100000:scope)] Root node request first frame.
09-19 15:06:31.592  3174  3174 I C03900/Ace: [(100000:100000:scope)] Update application state , state: ON_ACTIVE
09-19 15:06:31.593  3174  3174 I C0391c/AceFocus: [(100000:100000:scope)] Window: 47 get focus.
09-19 15:06:31.593  3174  3174 I C03900/Ace: [(100000:100000:scope)] Update application state , state: ON_ACTIVE
09-19 15:06:31.593  3174  3174 I C04202/WMSMain: VsyncCallbackInner: First vsync has come back, nodeId: 13632226197505
09-19 15:06:31.594  3174  3174 I C01408/Text: InitTextBundleConfig: Adapter text height enabled 0
09-19 15:06:31.594  3174  3174 I C01408/Text: InitTextBundleConfig: Disable spacing for control char 0
09-19 15:06:31.595  3174  3174 E C02d34/HistogramClient: ArkGraphics2d.Text.OH_Drawing_TextStyleAddFontVariation is not in metadata.
09-19 15:06:31.702  3174  3174 E C01707/CONCUR: [Interface] task 3328 apply qos failed, errno = 4
09-19 15:06:31.705  3174  3174 E C01707/CONCUR: [Interface] task 3329 apply qos failed, errno = 4
09-19 15:06:31.707  3174  3174 E C01707/CONCUR: [Interface] task 3327 apply qos failed, errno = 4
09-19 15:06:31.709  3174  3174 E C01707/CONCUR: [Interface] task 3328 apply qos failed, errno = 4
09-19 15:06:31.711  3174  3174 E C01707/CONCUR: [Interface] task 3329 apply qos failed, errno = 4
09-19 15:06:31.717  3174  3174 E C01707/CONCUR: [Interface] task 3327 apply qos failed, errno = 4
09-19 15:06:31.820  3174  3174 E C01707/CONCUR: [Interface] task 3328 apply qos failed, errno = 4
09-19 15:06:31.823  3174  3174 E C01707/CONCUR: [Interface] task 3329 apply qos failed, errno = 4
09-19 15:06:31.825  3174  3174 E C01707/CONCUR: [Interface] task 3327 apply qos failed, errno = 4
09-19 15:06:31.828  3174  3174 E C01707/CONCUR: [Interface] task 3328 apply qos failed, errno = 4
09-19 15:06:31.830  3174  3174 E C01707/CONCUR: [Interface] task 3329 apply qos failed, errno = 4
09-19 15:06:31.833  3174  3174 E C01707/CONCUR: [Interface] task 3327 apply qos failed, errno = 4
09-19 15:06:31.976  3174  3174 E C01707/CONCUR: [Interface] task 3328 apply qos failed, errno = 4
09-19 15:06:31.978  3174  3174 E C01707/CONCUR: [Interface] task 3329 apply qos failed, errno = 4
09-19 15:06:31.981  3174  3174 E C01707/CONCUR: [Interface] task 3327 apply qos failed, errno = 4
09-19 15:06:31.984  3174  3174 E C01707/CONCUR: [Interface] task 3328 apply qos failed, errno = 4
09-19 15:06:31.987  3174  3174 E C01707/CONCUR: [Interface] task 3329 apply qos failed, errno = 4
09-19 15:06:31.989  3174  3174 E C01707/CONCUR: [Interface] task 3327 apply qos failed, errno = 4
09-19 15:06:32.094  3174  3174 E C01707/CONCUR: [Interface] task 3328 apply qos failed, errno = 4
09-19 15:06:32.097  3174  3174 E C01707/CONCUR: [Interface] task 3329 apply qos failed, errno = 4
09-19 15:06:32.099  3174  3174 E C01707/CONCUR: [Interface] task 3327 apply qos failed, errno = 4
09-19 15:06:32.103  3174  3174 E C01707/CONCUR: [Interface] task 3328 apply qos failed, errno = 4
09-19 15:06:32.105  3174  3174 E C01707/CONCUR: [Interface] task 3329 apply qos failed, errno = 4
09-19 15:06:32.108  3174  3174 E C01707/CONCUR: [Interface] task 3327 apply qos failed, errno = 4
09-19 15:06:32.218  3174  3174 E C01707/CONCUR: [Interface] task 3328 apply qos failed, errno = 4
09-19 15:06:32.221  3174  3174 E C01707/CONCUR: [Interface] task 3329 apply qos failed, errno = 4
09-19 15:06:32.223  3174  3174 E C01707/CONCUR: [Interface] task 3327 apply qos failed, errno = 4
09-19 15:06:32.226  3174  3174 E C01707/CONCUR: [Interface] task 3328 apply qos failed, errno = 4
09-19 15:06:32.229  3174  3174 E C01707/CONCUR: [Interface] task 3329 apply qos failed, errno = 4
09-19 15:06:32.231  3174  3174 E C01707/CONCUR: [Interface] task 3327 apply qos failed, errno = 4
09-19 15:06:32.337  3174  3174 E C01707/CONCUR: [Interface] task 3328 apply qos failed, errno = 4
09-19 15:06:32.340  3174  3174 E C01707/CONCUR: [Interface] task 3329 apply qos failed, errno = 4
09-19 15:06:32.342  3174  3174 E C01707/CONCUR: [Interface] task 3327 apply qos failed, errno = 4
09-19 15:06:32.345  3174  3174 E C01707/CONCUR: [Interface] task 3328 apply qos failed, errno = 4
09-19 15:06:32.349  3174  3174 E C01707/CONCUR: [Interface] task 3329 apply qos failed, errno = 4
09-19 15:06:32.352  3174  3174 E C01707/CONCUR: [Interface] task 3327 apply qos failed, errno = 4
09-19 15:06:32.456  3174  3174 E C01707/CONCUR: [Interface] task 3328 apply qos failed, errno = 4
09-19 15:06:32.458  3174  3174 E C01707/CONCUR: [Interface] task 3329 apply qos failed, errno = 4
09-19 15:06:32.461  3174  3174 E C01707/CONCUR: [Interface] task 3327 apply qos failed, errno = 4
09-19 15:06:32.464  3174  3174 E C01707/CONCUR: [Interface] task 3328 apply qos failed, errno = 4
09-19 15:06:32.466  3174  3174 E C01707/CONCUR: [Interface] task 3329 apply qos failed, errno = 4
09-19 15:06:32.468  3174  3174 E C01707/CONCUR: [Interface] task 3327 apply qos failed, errno = 4
09-19 15:06:32.573  3174  3174 E C01707/CONCUR: [Interface] task 3328 apply qos failed, errno = 4
09-19 15:06:32.575  3174  3174 E C01707/CONCUR: [Interface] task 3329 apply qos failed, errno = 4
09-19 15:06:32.578  3174  3174 E C01707/CONCUR: [Interface] task 3327 apply qos failed, errno = 4
09-19 15:06:32.581  3174  3174 E C01707/CONCUR: [Interface] task 3328 apply qos failed, errno = 4
09-19 15:06:32.583  3174  3174 E C01707/CONCUR: [Interface] task 3329 apply qos failed, errno = 4
09-19 15:06:32.586  3174  3174 E C01707/CONCUR: [Interface] task 3327 apply qos failed, errno = 4
09-19 15:06:32.693  3174  3174 E C01707/CONCUR: [Interface] task 3328 apply qos failed, errno = 4
09-19 15:06:32.696  3174  3174 E C01707/CONCUR: [Interface] task 3329 apply qos failed, errno = 4
09-19 15:06:32.698  3174  3174 E C01707/CONCUR: [Interface] task 3327 apply qos failed, errno = 4
09-19 15:06:32.701  3174  3174 E C01707/CONCUR: [Interface] task 3328 apply qos failed, errno = 4
09-19 15:06:32.704  3174  3174 E C01707/CONCUR: [Interface] task 3329 apply qos failed, errno = 4
09-19 15:06:32.706  3174  3174 E C01707/CONCUR: [Interface] task 3327 apply qos failed, errno = 4
09-19 15:06:32.813  3174  3174 E C01707/CONCUR: [Interface] task 3328 apply qos failed, errno = 4
09-19 15:06:32.815  3174  3174 E C01707/CONCUR: [Interface] task 3329 apply qos failed, errno = 4
09-19 15:06:32.817  3174  3174 E C01707/CONCUR: [Interface] task 3327 apply qos failed, errno = 4
09-19 15:06:32.821  3174  3174 E C01707/CONCUR: [Interface] task 3328 apply qos failed, errno = 4
09-19 15:06:32.823  3174  3174 E C01707/CONCUR: [Interface] task 3329 apply qos failed, errno = 4
09-19 15:06:32.826  3174  3174 E C01707/CONCUR: [Interface] task 3327 apply qos failed, errno = 4
09-19 15:06:32.932  3174  3174 E C01707/CONCUR: [Interface] task 3328 apply qos failed, errno = 4
09-19 15:06:32.935  3174  3174 E C01707/CONCUR: [Interface] task 3329 apply qos failed, errno = 4
09-19 15:06:32.937  3174  3174 E C01707/CONCUR: [Interface] task 3327 apply qos failed, errno = 4
09-19 15:06:32.940  3174  3174 E C01707/CONCUR: [Interface] task 3328 apply qos failed, errno = 4
09-19 15:06:32.943  3174  3174 E C01707/CONCUR: [Interface] task 3329 apply qos failed, errno = 4
09-19 15:06:32.945  3174  3174 E C01707/CONCUR: [Interface] task 3327 apply qos failed, errno = 4
09-19 15:06:33.052  3174  3174 E C01707/CONCUR: [Interface] task 3328 apply qos failed, errno = 4
09-19 15:06:33.056  3174  3174 E C01707/CONCUR: [Interface] task 3329 apply qos failed, errno = 4
09-19 15:06:33.059  3174  3174 E C01707/CONCUR: [Interface] task 3327 apply qos failed, errno = 4
09-19 15:06:33.063  3174  3174 E C01707/CONCUR: [Interface] task 3328 apply qos failed, errno = 4
09-19 15:06:33.065  3174  3174 E C01707/CONCUR: [Interface] task 3329 apply qos failed, errno = 4
09-19 15:06:33.068  3174  3174 E C01707/CONCUR: [Interface] task 3327 apply qos failed, errno = 4
09-19 15:06:33.186  3174  3174 E C01707/CONCUR: [Interface] task 3328 apply qos failed, errno = 4
09-19 15:06:33.189  3174  3174 E C01707/CONCUR: [Interface] task 3329 apply qos failed, errno = 4
09-19 15:06:33.191  3174  3174 E C01707/CONCUR: [Interface] task 3327 apply qos failed, errno = 4
09-19 15:06:33.195  3174  3174 E C01707/CONCUR: [Interface] task 3328 apply qos failed, errno = 4
09-19 15:06:33.198  3174  3174 E C01707/CONCUR: [Interface] task 3329 apply qos failed, errno = 4
09-19 15:06:33.201  3174  3174 E C01707/CONCUR: [Interface] task 3327 apply qos failed, errno = 4
09-19 15:06:33.316  3174  3174 E C01707/CONCUR: [Interface] task 3328 apply qos failed, errno = 4
09-19 15:06:33.322  3174  3174 E C01707/CONCUR: [Interface] task 3329 apply qos failed, errno = 4
09-19 15:06:33.324  3174  3174 E C01707/CONCUR: [Interface] task 3327 apply qos failed, errno = 4
09-19 15:06:33.328  3174  3174 E C01707/CONCUR: [Interface] task 3328 apply qos failed, errno = 4
09-19 15:06:33.330  3174  3174 E C01707/CONCUR: [Interface] task 3329 apply qos failed, errno = 4
09-19 15:06:33.332  3174  3174 E C01707/CONCUR: [Interface] task 3327 apply qos failed, errno = 4
09-19 15:06:33.445  3174  3174 E C01707/CONCUR: [Interface] task 3328 apply qos failed, errno = 4
09-19 15:06:33.447  3174  3174 E C01707/CONCUR: [Interface] task 3329 apply qos failed, errno = 4
09-19 15:06:33.450  3174  3174 E C01707/CONCUR: [Interface] task 3327 apply qos failed, errno = 4
09-19 15:06:33.454  3174  3174 E C01707/CONCUR: [Interface] task 3328 apply qos failed, errno = 4
09-19 15:06:33.457  3174  3174 E C01707/CONCUR: [Interface] task 3329 apply qos failed, errno = 4
09-19 15:06:33.459  3174  3174 E C01707/CONCUR: [Interface] task 3327 apply qos failed, errno = 4
09-19 15:06:33.570  3174  3174 E C01707/CONCUR: [Interface] task 3328 apply qos failed, errno = 4
09-19 15:06:33.573  3174  3174 E C01707/CONCUR: [Interface] task 3329 apply qos failed, errno = 4
09-19 15:06:33.575  3174  3174 E C01707/CONCUR: [Interface] task 3327 apply qos failed, errno = 4
09-19 15:06:33.578  3174  3174 E C01707/CONCUR: [Interface] task 3328 apply qos failed, errno = 4
09-19 15:06:33.581  3174  3174 E C01707/CONCUR: [Interface] task 3329 apply qos failed, errno = 4
09-19 15:06:33.583  3174  3174 E C01707/CONCUR: [Interface] task 3327 apply qos failed, errno = 4
09-19 15:06:33.695  3174  3174 E C01707/CONCUR: [Interface] task 3328 apply qos failed, errno = 4
09-19 15:06:33.697  3174  3174 E C01707/CONCUR: [Interface] task 3329 apply qos failed, errno = 4
09-19 15:06:33.700  3174  3174 E C01707/CONCUR: [Interface] task 3327 apply qos failed, errno = 4
09-19 15:06:33.704  3174  3174 E C01707/CONCUR: [Interface] task 3328 apply qos failed, errno = 4
09-19 15:06:33.707  3174  3174 E C01707/CONCUR: [Interface] task 3329 apply qos failed, errno = 4
09-19 15:06:33.709  3174  3174 E C01707/CONCUR: [Interface] task 3327 apply qos failed, errno = 4
09-19 15:06:33.740  3174  3174 E C01707/CONCUR: [Interface] task 3328 apply qos failed, errno = 4
09-19 15:06:33.742  3174  3174 E C01707/CONCUR: [Interface] task 3329 apply qos failed, errno = 4
09-19 15:06:33.745  3174  3174 E C01707/CONCUR: [Interface] task 3327 apply qos failed, errno = 4
09-19 15:06:33.750  3174  3174 E C01707/CONCUR: [Interface] task 3328 apply qos failed, errno = 4
09-19 15:06:33.752  3174  3174 E C01707/CONCUR: [Interface] task 3329 apply qos failed, errno = 4
09-19 15:06:33.755  3174  3174 E C01707/CONCUR: [Interface] task 3327 apply qos failed, errno = 4
09-19 15:06:33.789  3174  3174 E C01707/CONCUR: [Interface] task 3328 apply qos failed, errno = 4
09-19 15:06:33.793  3174  3174 E C01707/CONCUR: [Interface] task 3329 apply qos failed, errno = 4
09-19 15:06:33.796  3174  3174 E C01707/CONCUR: [Interface] task 3327 apply qos failed, errno = 4
09-19 15:06:33.799  3174  3174 E C01707/CONCUR: [Interface] task 3328 apply qos failed, errno = 4
09-19 15:06:33.801  3174  3174 E C01707/CONCUR: [Interface] task 3329 apply qos failed, errno = 4
09-19 15:06:33.804  3174  3174 E C01707/CONCUR: [Interface] task 3327 apply qos failed, errno = 4
09-19 15:06:41.061  3174  3322 I C01310/AppDfr: [watchdog.cpp356]Thread may be blocked, not report time. currTime: 1789801601061, lastTime: 1789801594062
09-19 15:06:44.060  3174  3322 W C01310/AppDfr: [appfreeze_inner.cpp760]hisysevent write FREEZE_HALF_HIVIEW_LOG, pid:3174, packageName:, ret:0
09-19 15:06:44.061  3174  3322 W C02d06/XCollie: Sample freeze half file=freeze_20260919150644_3174.txt
09-19 15:06:44.061  3174  3322 I C01310/AppDfr: [appfreeze_inner.cpp595]start to sample freeze stack, eventName:THREAD_BLOCK_3S
09-19 15:06:44.061  3174  3322 W C01310/AppDfr: [appfreeze_inner.cpp627]submit reportAppFreeze, name:THREAD_BLOCK_3S, startTime:2026-09-19 15:06:44.061
09-19 15:06:44.061  3174  3322 E C02d06/XCollie: ThreadSampler initialize failed.
09-19 15:06:44.061  3174  3350 I C01201/EventHandler: EventHandler start dumper!
09-19 15:06:44.061  3174  3350 I C01201/EventHandler: EventHandler end dumper!
09-19 15:06:44.061  3174  3350 W C01310/AppDfr: [appfreeze_inner.cpp683]get mainhandler dump, eventName:THREAD_BLOCK_3S, endTime:2026-09-19 15:06:44.061, interval:0 ms
09-19 15:06:44.061  3174  3350 E C02d06/XCollie: no freeze callback
09-19 15:06:44.062  3174  3350 I C03f00/ArkCompiler: [ecmascript] GC statistic, count: 447, maxPause: 20.324, minPause: 0.379, averagePause: 1.27451, lastStartTime: 1789801604037, lastEndTime: 1789801604038, lastType: Local GC
09-19 15:06:44.062  3174  3350 I C01310/AppDfr: [appfreeze_inner.cpp388]heap info: HEAP_TOTAL_SIZE:29097984,HEAP_OBJECT_SIZE:26175848,HEAP_SHARED_SIZE:850464, process lifeTime: PROCESS_LIFETIME:20s
09-19 15:06:44.074  3174  3325 W C02d11/DfxUnwinder: Failed to step first frame, lr fallback
09-19 15:06:44.081  3174  3351 I C01310/AppDfr: [appfreeze_inner.cpp493]get main stack has finished less than 1s
09-19 15:06:44.082  3174  3351 W C01310/AppDfr: [appfreeze_inner.cpp788]NotifyAppFault:THREAD_BLOCK_3S, pid:3174, bundleName:com.example.callaite currentTime:2026-09-19 15:06:44.081, processExit:1 appfreezeInfo:freeze_20260919150644_3174.txt enbleMainThreadSample:0.
09-19 15:06:44.082  3174  3351 I C01311/AppMS: [app_mgr_proxy.cpp1740]called
09-19 15:06:44.098  3174  3431 W C057c1/IPCWorkThread: ThreadHandler: proto:0 policy:0 name:OS_IPC_5_3431 invoker:14986528
09-19 15:06:44.170  3174  3435 W C057c1/IPCWorkThread: ThreadHandler: proto:0 policy:0 name:OS_IPC_6_3435 invoker:4644768
09-19 15:06:44.172  3174  3174 I C03f00/ArkCompiler: [gc] Has checked a long time gc
09-19 15:06:44.172  3174  3174 I C03f00/ArkCompiler: [gc]  [ HPP YoungGC ] 25.209 (28) -> 10.0314 (12.5) MB, 65.164(+0.315)ms, GCReason: ConcurrentMark finished, MarkReason: Memory reach limit
09-19 15:06:44.172  3174  3174 I C03f00/ArkCompiler: [gc] IsInBackground: 0; SensitiveStatus: 0; StartupStatus: 0; BundleName: com.example.callaite; Young: 262144; Old: 2621440; TotalCommit13107200
09-19 15:06:44.172  3174  3174 I C03f00/ArkCompiler: [gc] /***************** GC Duration statistic: ****************/
09-19 15:06:44.172  3174  3174 I C03f00/ArkCompiler: [gc] TotalGC:                 65.164  ms
09-19 15:06:44.172  3174  3174 I C03f00/ArkCompiler: Initialize:              0       ms
09-19 15:06:44.172  3174  3174 I C03f00/ArkCompiler: Mark:                    0.732   ms
09-19 15:06:44.172  3174  3174 I C03f00/ArkCompiler: MarkRoots:               0.628   ms
09-19 15:06:44.172  3174  3174 I C03f00/ArkCompiler: ConcurrentMark pause:    0.315   ms
09-19 15:06:44.172  3174  3174 I C03f00/ArkCompiler: WaitConcurrentMarkFinish:0       ms
09-19 15:06:44.172  3174  3174 I C03f00/ArkCompiler: ReMark:                  0.731   ms
09-19 15:06:44.172  3174  3174 I C03f00/ArkCompiler: ProcessSharedGCRSetWorkList:0       ms
09-19 15:06:44.172  3174  3174 I C03f00/ArkCompiler: Sweep:                   0       ms
09-19 15:06:44.172  3174  3174 I C03f00/ArkCompiler: ClearNativeObject:       0       ms
09-19 15:06:44.172  3174  3174 I C03f00/ArkCompiler: Evacuate:                2.889   ms
09-19 15:06:44.172  3174  3174 I C03f00/ArkCompiler: UpdateReference:         0.598   ms
09-19 15:06:44.172  3174  3174 I C03f00/ArkCompiler: UpdateWeekRef:           0.373   ms
09-19 15:06:44.172  3174  3174 I C03f00/ArkCompiler: UpdateRoot:              0.107   ms
09-19 15:06:44.172  3174  3174 I C03f00/ArkCompiler: ProceeWorkload:          0       ms
09-19 15:06:44.172  3174  3174 I C03f00/ArkCompiler: EvacuateSpace:           0.918   ms
09-19 15:06:44.172  3174  3174 I C03f00/ArkCompiler: EvacuateRegion:          0       ms
09-19 15:06:44.172  3174  3174 I C03f00/ArkCompiler: WaitFinish:              0.122   ms
09-19 15:06:44.172  3174  3174 I C03f00/ArkCompiler: Finish:                  0.054   ms
09-19 15:06:44.172  3174  3174 I C03f00/ArkCompiler: [gc] /****************** GC Memory statistic: *****************/
09-19 15:06:44.172  3174  3174 I C03f00/ArkCompiler: [gc] AllSpaces        used: 10272.2KB     committed:   12800KB
09-19 15:06:44.172  3174  3174 I C03f00/ArkCompiler: ActiveSemiSpace  used:      62KB     committed:     256KB
09-19 15:06:44.172  3174  3174 I C03f00/ArkCompiler: OldSpace         used: 2078.04KB     committed:    2560KB
09-19 15:06:44.172  3174  3174 I C03f00/ArkCompiler: HugeObjectSpace  used:     512KB     committed:     512KB
09-19 15:06:44.172  3174  3174 I C03f00/ArkCompiler: NonMovableSpace  used: 1195.76KB     committed:    2816KB
09-19 15:06:44.172  3174  3174 I C03f00/ArkCompiler: AppSpawnSpace    used: 6168.39KB     committed:    6400KB
09-19 15:06:44.172  3174  3174 I C03f00/ArkCompiler: [gc] Anno memory usage size:  12.5    MB
09-19 15:06:44.172  3174  3174 I C03f00/ArkCompiler: Native memory usage size:1.54146 MB
09-19 15:06:44.172  3174  3174 I C03f00/ArkCompiler: NativeBindingSize:       1.49023 KB
09-19 15:06:44.172  3174  3174 I C03f00/ArkCompiler: NativeLimitSize:         67107.9 KB
09-19 15:06:44.172  3174  3174 I C03f00/ArkCompiler: ArrayBufferNativeSize:   0.0117188KB
09-19 15:06:44.172  3174  3174 I C03f00/ArkCompiler: ChunkNativeSize:         48      KB
09-19 15:06:44.172  3174  3174 I C03f00/ArkCompiler: [gc] Young copied rate:       0.00384425
09-19 15:06:44.172  3174  3174 I C03f00/ArkCompiler: Young promoted rate:     0       
09-19 15:06:44.172  3174  3174 I C03f00/ArkCompiler: Young survival rate:     0.00384425
09-19 15:06:44.172  3174  3174 I C03f00/ArkCompiler: [gc] /***************** GC summary statistic: *****************/
09-19 15:06:44.172  3174  3174 I C03f00/ArkCompiler: [gc] YoungGC occurs count     433     
09-19 15:06:44.172  3174  3174 I C03f00/ArkCompiler: YoungGC max pause:       65.164  ms
09-19 15:06:44.172  3174  3174 I C03f00/ArkCompiler: YoungGC min pause:       0.379   ms
09-19 15:06:44.172  3174  3174 I C03f00/ArkCompiler: YoungGC average pause:   0.88828 ms
09-19 15:06:44.172  3174  3174 I C03f00/ArkCompiler: Young average copied rate:0.00536006
09-19 15:06:44.172  3174  3174 I C03f00/ArkCompiler: Young average promoted rate:0.000935581
09-19 15:06:44.172  3174  3174 I C03f00/ArkCompiler: Young average survival rate:0.00629564
catcher cmd: hilog -z 1000 -P end time: 2026/09/19-15:06:44:229
---------------------------------------------------

---------------------------------------------------
MemoryCatcher -- start time: 2026/09/19-15:06:44:229

MemoryCatcher --

Get freeze memory start time: 2026-09-19 15:06:44.083
some avg10=0.00 avg60=0.00 avg300=0.00 total=3334488
full avg10=0.00 avg60=0.00 avg300=0.00 total=765396
MemTotal:        4025340 kB
MemFree:         2140360 kB
MemAvailable:    2735132 kB
Buffers:            7364 kB
Cached:           631556 kB
SwapCached:        27188 kB
Active:           500924 kB
Inactive:         984216 kB
Active(anon):      61292 kB
Inactive(anon):   808896 kB
Active(file):     439632 kB
Inactive(file):   175320 kB
Unevictable:           0 kB
Mlocked:               0 kB
SwapTotal:       2097148 kB
SwapFree:        1888764 kB
Dirty:                88 kB
Writeback:             0 kB
AnonPages:        834676 kB
Mapped:           325748 kB
Shmem:             23968 kB
KReclaimable:      45892 kB
Slab:             124484 kB
SReclaimable:      45892 kB
SUnreclaim:        78592 kB
KernelStack:       19824 kB
PageTables:        36340 kB
NFS_Unstable:          0 kB
Bounce:                0 kB
WritebackTmp:          0 kB
CommitLimit:     4109816 kB
Committed_AS:   26690772 kB
VmallocTotal:   34359738367 kB
VmallocUsed:       90624 kB
VmallocChunk:          0 kB
Percpu:             1488 kB
DirectMap4k:       24388 kB
DirectMap2M:     4169728 kB
Get freeze memory end time: 2026-09-19 15:06:44.083
don't collect ashmem dmaheap gpumem
MemoryCatcher -- end time: 2026/09/19-15:06:44:236
---------------------------------------------------

---------------------------------------------------
ThermalInfoCatcher -- start time: 2026/09/19-15:06:44:236

ThermalInfoCatcher --

ThermalLevel info: 0
ThermalInfoCatcher -- end time: 2026/09/19-15:06:44:240
---------------------------------------------------


Catcher log total time is 55ms

*******************************************
start time: 2026/09/19-15:06:47:160
DOMAIN = AAFWK
EVENTNAME = THREAD_BLOCK_6S
TIMESTAMP = 2026/09/19-15:06:47:158
PID = 3174
UID = 20020063
TID = 3174
PACKAGE_NAME = com.example.callaite
PROCESS_NAME = com.example.callaite
eventLog_action = t,cmd:c,cmd:cci,cmd:m,cmd:dam,tr,k:SysRqFile,hot,sli
eventLog_interval = 10
this thread has blocked 6000ms.
IS_FROZEN = 0
MainHeap(bytes): Used 25145000, Total 28049408
SharedHeap(bytes): Used 850464, Total 815792128
GC Status: count 569, maxPause 65.164ms, minPause 0.341ms, averagePause 1.22778ms, lastStartTime 2026/09/19-15:06:47.039, lastEndTime 2026/09/19-15:06:47.040, lastType Local GC
I/O(bytes): rchar 2387447, wchar 67109, syscr 1418, syscw 694, read_bytes 0, write_bytes 69632, cancelled_write_bytes 32768
MSG = 
Fault time:2026/09/19-15:06:47
App main thread is not response!

Main handler dump start time: 2026-09-19 15:06:47.061
mainHandler dump is:
 EventHandler dump begin curTime: 2026-09-19 15:06:47.061
 Event runner (Thread name = , Thread ID = 3174) is running
 Current Running: start at 2026-09-19 15:06:31.593, Event { send thread = 3174, send time = 2026-09-19 15:06:31.593, handle time = 2026-11-08 08:09:18.887, trigger time = 2026-09-19 15:06:31.593, task name = vSyncTask, caller = [event_queue.cpp(PostTaskForVsync:235)] }
 History event queue information:
 No. 0 : Event { send thread = 3174, send time = 2026-09-19 15:06:31.465, handle time = 2026-09-19 15:06:31.465, trigger time = 2026-09-19 15:06:31.478, completeTime time = 2026-09-19 15:06:31.478, priority = Low, task name = ArkUIParseI18nJsonInfo, caller = [task_runner_adapter_impl.cpp(PostTask:35)] }
 No. 1 : Event { send thread = 3174, send time = 2026-09-19 15:06:31.465, handle time = 2026-09-19 15:06:31.465, trigger time = 2026-09-19 15:06:31.478, completeTime time = 2026-09-19 15:06:31.590, priority = Low, task name = ArkUIRunPageUrl, caller = [task_runner_adapter_impl.cpp(PostTask:35)] }
 No. 2 : Event { send thread = 3351, send time = 2026-09-19 15:06:31.567, handle time = 2026-09-19 15:06:31.567, trigger time = 2026-09-19 15:06:31.590, completeTime time = 2026-09-19 15:06:31.591, priority = Immediate, task name = GetBundleInfoForSelf, caller = [ohos_js_environment_impl.cpp(PostTaskToHandler:72)] }
 No. 3 : Event { send thread = 3325, send time = 2026-09-19 15:06:31.538, handle time = 2026-09-19 15:06:31.538, trigger time = 2026-09-19 15:06:31.591, completeTime time = 2026-09-19 15:06:31.592, priority = High, task name = JsWindowManager::OnGetTopWindow, caller = [ohos_js_environment_impl.cpp(PostTaskToHandler:72)] }
 No. 4 : Event { send thread = 3174, send time = 2026-09-19 15:06:31.465, handle time = 2026-09-19 15:06:31.465, trigger time = 2026-09-19 15:06:31.592, completeTime time = 2026-09-19 15:06:31.592, priority = Low, task name = ArkUISetSingleHandTransform, caller = [task_runner_adapter_impl.cpp(PostTask:35)] }
 No. 5 : Event { send thread = 3174, send time = 2026-09-19 15:06:31.466, handle time = 2026-09-19 15:06:31.466, trigger time = 2026-09-19 15:06:31.592, completeTime time = 2026-09-19 15:06:31.592, priority = Low, task name = ArkUIStatusBarItemColor, caller = [task_runner_adapter_impl.cpp(PostTask:35)] }
 No. 6 : Event { send thread = 3174, send time = 2026-09-19 15:06:31.466, handle time = 2026-09-19 15:06:31.466, trigger time = 2026-09-19 15:06:31.592, completeTime time = 2026-09-19 15:06:31.592, priority = Low, task name = ArkUINotifyWindowMode, caller = [task_runner_adapter_impl.cpp(PostTask:35)] }
 No. 7 : Event { send thread = 3174, send time = 2026-09-19 15:06:31.474, handle time = 2026-09-19 15:06:31.474, trigger time = 2026-09-19 15:06:31.592, completeTime time = 2026-09-19 15:06:31.592, priority = Low, task name = ArkUIUpdateBrightness, caller = [task_runner_adapter_impl.cpp(PostTask:35)] }
 No. 8 : Event { send thread = 3174, send time = 2026-09-19 15:06:31.474, handle time = 2026-09-19 15:06:31.474, trigger time = 2026-09-19 15:06:31.592, completeTime time = 2026-09-19 15:06:31.592, priority = Low, task name = ArkUIUpdateViewportConfig, caller = [task_runner_adapter_impl.cpp(PostTask:35)] }
 No. 9 : Event { send thread = 3174, send time = 2026-09-19 15:06:31.474, handle time = 2026-09-19 15:06:31.474, trigger time = 2026-09-19 15:06:31.592, completeTime time = 2026-09-19 15:06:31.592, priority = Low, task name = ArkUIUpdateSessionViewportConfig, caller = [task_runner_adapter_impl.cpp(PostTask:35)] }
 No. 10 : Event { send thread = 3174, send time = 2026-09-19 15:06:31.474, handle time = 2026-09-19 15:06:31.474, trigger time = 2026-09-19 15:06:31.592, completeTime time = 2026-09-19 15:06:31.593, priority = Low, task name = ArkUIFrontendActive, caller = [task_runner_adapter_impl.cpp(PostTask:35)] }
 No. 11 : Event { send thread = 3174, send time = 2026-09-19 15:06:31.474, handle time = 2026-09-19 15:06:31.474, trigger time = 2026-09-19 15:06:31.593, completeTime time = 2026-09-19 15:06:31.593, priority = Low, task name = ArkUIWindowFocus, caller = [task_runner_adapter_impl.cpp(PostTask:35)] }
 No. 12 : Event { send thread = 3174, send time = 2026-09-19 15:06:31.474, handle time = 2026-09-19 15:06:31.474, trigger time = 2026-09-19 15:06:31.593, completeTime time = 2026-09-19 15:06:31.593, priority = Low, task name = ArkUISetOnWindowFocusedCallback, caller = [task_runner_adapter_impl.cpp(PostTask:35)] }
 No. 13 : Event { send thread = 3174, send time = 2026-09-19 15:06:31.474, handle time = 2026-09-19 15:06:31.474, trigger time = 2026-09-19 15:06:31.593, completeTime time = 2026-09-19 15:06:31.593, priority = Low, task name = ArkUIFrontendActive, caller = [task_runner_adapter_impl.cpp(PostTask:35)] }
 No. 14 : Event { send thread = 3174, send time = 2026-09-19 15:06:31.474, handle time = 2026-09-19 15:06:31.474, trigger time = 2026-09-19 15:06:31.593, completeTime time = 2026-09-19 15:06:31.593, priority = Low, task name = ArkUIWindowActivate, caller = [task_runner_adapter_impl.cpp(PostTask:35)] }
 No. 15 : Event { send thread = 3174, send time = 2026-09-19 15:06:31.474, handle time = 2026-09-19 15:06:31.474, trigger time = 2026-09-19 15:06:31.593, completeTime time = 2026-09-19 15:06:31.593, priority = Low, task name = ArkUISetWindowScale, caller = [task_runner_adapter_impl.cpp(PostTask:35)] }
 No. 16 : Event { send thread = 3174, send time = 2026-09-19 15:06:31.475, handle time = 2026-09-19 15:06:31.475, trigger time = 2026-09-19 15:06:31.593, completeTime time = 2026-09-19 15:06:31.593, priority = Low, task name = ArkUIWindowRectChange, caller = [task_runner_adapter_impl.cpp(PostTask:35)] }
 No. 17 : Event { send thread = 3174, send time = 2026-09-19 15:06:31.476, handle time = 2026-09-19 15:06:31.476, trigger time = 2026-09-19 15:06:31.593, completeTime time = 2026-09-19 15:06:31.593, priority = Low, task name = ArkUIUpdateOriginAvoidAreaAndExecuteKeyboardAvoid, caller = [task_runner_adapter_impl.cpp(PostTask:35)] }
 No. 18 : Event { send thread = 3174, send time = 2026-09-19 15:06:31.477, handle time = 2026-09-19 15:06:31.477, trigger time = 2026-09-19 15:06:31.593, completeTime time = 2026-09-19 15:06:31.593, priority = Low, task name = ArkUIWindowRectChange, caller = [task_runner_adapter_impl.cpp(PostTask:35)] }
 No. 19 : Event { send thread = 3174, send time = 2026-09-19 15:06:31.478, handle time = 2026-09-19 15:06:31.478, trigger time = 2026-09-19 15:06:31.593, completeTime time = 2026-09-19 15:06:31.593, priority = Low, task name = ArkUIUpdateOriginAvoidAreaAndExecuteKeyboardAvoid, caller = [task_runner_adapter_impl.cpp(PostTask:35)] }
 No. 20 : Event { send thread = 3174, send time = 2026-09-19 15:06:31.474, handle time = 2026-09-19 15:06:31.525, trigger time = 2026-09-19 15:06:31.593, completeTime time = 2026-09-19 15:06:31.593, priority = Low, task name = ArkUIIdleTask, caller = [task_runner_adapter_impl.cpp(PostDelayedTask:46)] }
 No. 21 : Event { send thread = 3174, send time = 2026-09-19 15:06:31.593, handle time = 2026-11-08 08:09:18.887, trigger time = 2026-09-19 15:06:31.593, completeTime time = , priority = VIP, task name = vSyncTask, caller = [event_queue.cpp(PostTaskForVsync:235)] }
 No. 22 : Event { send thread = 3174, send time = 2026-09-19 15:06:31.432, handle time = 2026-09-19 15:06:31.432, trigger time = 2026-09-19 15:06:31.476, completeTime time = 2026-09-19 15:06:31.476, priority = Low, task name = ArkUIFillTaskTypeTable, caller = [task_runner_adapter_impl.cpp(PostTask:35)] }
 No. 23 : Event { send thread = 3174, send time = 2026-09-19 15:06:31.432, handle time = 2026-09-19 15:06:31.432, trigger time = 2026-09-19 15:06:31.476, completeTime time = 2026-09-19 15:06:31.476, priority = Low, task name = ArkUIFillTaskTypeTable, caller = [task_runner_adapter_impl.cpp(PostTask:35)] }
 No. 24 : Event { send thread = 3174, send time = 2026-09-19 15:06:31.432, handle time = 2026-09-19 15:06:31.432, trigger time = 2026-09-19 15:06:31.476, completeTime time = 2026-09-19 15:06:31.476, priority = Low, task name = ArkUIFillTaskTypeTable, caller = [task_runner_adapter_impl.cpp(PostTask:35)] }
 No. 25 : Event { send thread = 3174, send time = 2026-09-19 15:06:31.432, handle time = 2026-09-19 15:06:31.432, trigger time = 2026-09-19 15:06:31.476, completeTime time = 2026-09-19 15:06:31.476, priority = Low, task name = ArkUIFillTaskTypeTable, caller = [task_runner_adapter_impl.cpp(PostTask:35)] }
 No. 26 : Event { send thread = 3174, send time = 2026-09-19 15:06:31.433, handle time = 2026-09-19 15:06:31.433, trigger time = 2026-09-19 15:06:31.476, completeTime time = 2026-09-19 15:06:31.476, priority = Low, task name = ArkUISetJsMessageDispatcher, caller = [task_runner_adapter_impl.cpp(PostTask:35)] }
 No. 27 : Event { send thread = 3174, send time = 2026-09-19 15:06:31.435, handle time = 2026-09-19 15:06:31.435, trigger time = 2026-09-19 15:06:31.476, completeTime time = 2026-09-19 15:06:31.476, priority = Low, task name = ArkUIPageSwitchLogStatusChanged, caller = [task_runner_adapter_impl.cpp(PostTask:35)] }
 No. 28 : Event { send thread = 3174, send time = 2026-09-19 15:06:31.452, handle time = 2026-09-19 15:06:31.452, trigger time = 2026-09-19 15:06:31.476, completeTime time = 2026-09-19 15:06:31.477, priority = Low, task name = ArkUIFrontendActive, caller = [task_runner_adapter_impl.cpp(PostTask:35)] }
 No. 29 : Event { send thread = 3174, send time = 2026-09-19 15:06:31.452, handle time = 2026-09-19 15:06:31.452, trigger time = 2026-09-19 15:06:31.477, completeTime time = 2026-09-19 15:06:31.477, priority = Low, task name = ArkUIWindowFocus, caller = [task_runner_adapter_impl.cpp(PostTask:35)] }
 No. 30 : Event { send thread = 3355, send time = 2026-09-19 15:06:31.461, handle time = 2026-09-19 15:06:31.461, trigger time = 2026-09-19 15:06:31.477, completeTime time = 2026-09-19 15:06:31.478, priority = Low, task name = WMS_WindowSessionImpl_UpdateRectForOtherReason, caller = [window_session_impl.cpp(UpdateRectForOtherReason:1693)] }
 No. 31 : Event { send thread = 3174, send time = 2026-09-19 15:06:31.477, handle time = 2026-09-19 15:06:31.477, trigger time = 2026-09-19 15:06:31.478, completeTime time = 2026-09-19 15:06:31.478, priority = VIP, task name = UpdateDisplayValid5, caller = [native_event.cpp(SendEventByEventHandler:322)] }
 VIP priority event queue information:
 No.1 : Event { send thread = 3322, send time = 2026-09-19 15:06:34.062, handle time = 2026-09-19 15:06:34.062, id = 1, caller = [watchdog.cpp(Timer:303)] }
 No.2 : Event { send thread = 3322, send time = 2026-09-19 15:06:41.061, handle time = 2026-09-19 15:06:41.061, id = 1, caller = [watchdog.cpp(Timer:303)] }
 No.3 : Event { send thread = 3322, send time = 2026-09-19 15:06:44.061, handle time = 2026-09-19 15:06:44.061, id = 1, caller = [watchdog.cpp(Timer:303)] }
 No.4 : Event { send thread = 3322, send time = 2026-09-19 15:06:47.061, handle time = 2026-09-19 15:06:47.061, id = 1, caller = [watchdog.cpp(Timer:303)] }
 Total size of VIP events : 4
 Immediate priority event queue information:
 Total size of Immediate events : 0
 High priority event queue information:
 No.1 : Event { send thread = 3174, send time = 2026-09-19 15:06:31.593, handle time = 2026-09-19 15:06:31.593, task name = uvLoopTask, caller = [event_queue.cpp(HandleFileDescriptorEvent:313)] }
 Total size of High events : 1
 Low priority event queue information:
 No.1 : Event { send thread = 3174, send time = 2026-09-19 15:06:31.599, handle time = 2026-09-19 15:06:31.650, task name = ArkUIIdleTask, caller = [task_runner_adapter_impl.cpp(PostDelayedTask:46)] }
 No.2 : Event { send thread = 3174, send time = 2026-09-19 15:06:31.599, handle time = 2026-09-19 15:06:32.099, task name = ArkUIVsyncTimeoutCheck, caller = [task_runner_adapter_impl.cpp(PostDelayedTask:46)] }
 No.3 : Event { send thread = 3174, send time = 2026-09-19 15:06:31.118, handle time = 2026-09-19 15:06:32.118, task name = AppRecovery:AddAbility, caller = [app_recovery.cpp(AddAbility:133)] }
 No.4 : Event { send thread = 3174, send time = 2026-09-19 15:06:31.599, handle time = 2026-09-19 15:06:32.199, task name = vsync_time_out_task_13632226197505, caller = [vsync_station.cpp(RequestVsync:148)] }
 No.5 : Event { send thread = 3174, send time = 2026-09-19 15:06:31.590, handle time = 2026-09-19 15:06:33.590, task name = ExtensionTransparentDetector, caller = [task_runner_adapter_impl.cpp(PostDelayedTask:46)] }
 No.6 : Event { send thread = 3174, send time = 2026-09-19 15:06:31.599, handle time = 2026-09-19 15:06:34.599, task name = ArkUIVsyncTimeoutCheck, caller = [task_runner_adapter_impl.cpp(PostDelayedTask:46)] }
 No.7 : Event { send thread = 3174, send time = 2026-09-19 15:06:31.534, handle time = 2026-09-19 15:06:36.534, task name = TriggerModuleSerializer, caller = [task_runner_adapter_impl.cpp(PostDelayedTask:46)] }
 Total size of Low events : 7
 Idle priority event queue information:
 No.1 : Event { send thread = 3335, send time = 2026-09-19 15:06:31.717, handle time = 2026-09-19 15:06:31.717, task name = uv_io_cb, caller = [ohos_js_environment_impl.cpp(PostTaskToHandler:72)] }
 No.2 : Event { send thread = 3335, send time = 2026-09-19 15:06:31.989, handle time = 2026-09-19 15:06:31.989, task name = uv_io_cb, caller = [ohos_js_environment_impl.cpp(PostTaskToHandler:72)] }
 Total size of Idle events : 2
 Total event size : 14
Main handler dump end time: 2026-09-19 15:06:47.062

Catche stack trace start time: 2026-09-19 15:06:47.063

Tid:3174, Name:xample.callaite
state=R, utime=1498, stime=70, priority=10, nice=-10, clk=100
#00 pc 00000000010b0025 /system/lib64/module/arkcompiler/stub.an(BCStub_HandleCreateemptyarrayImm8StwCopy+1045)
#01 pc 0000000000000002 Not mapped
Tid:3347, Name:OS_IPC_2_3347
state=S, utime=0, stime=0, priority=0, nice=-20, clk=100
#00 pc 00000000000dc469 /system/lib/ld-musl-x86_64.so.1(ioctl+185)(74178aa6301b8bad2ac9b6d7f2361221)
#01 pc 0000000000010ca7 /system/lib64/platformsdk/libipc_common.z.so(OHOS::BinderConnector::WriteBinder(unsigned long, void*)+55)(ae9fe169bf1f8b0397c31ba1b67e0e94)
#02 pc 000000000007e34d /system/lib64/platformsdk/libipc_single.z.so(OHOS::BinderInvoker::TransactWithDriver(bool)+269)(216555c1ccaa2644568394a99c5a7547)
#03 pc 000000000007e71a /system/lib64/platformsdk/libipc_single.z.so(OHOS::BinderInvoker::StartWorkLoop()+106)(216555c1ccaa2644568394a99c5a7547)
#04 pc 0000000000080c28 /system/lib64/platformsdk/libipc_single.z.so(OHOS::BinderInvoker::JoinThread(bool)+40)(216555c1ccaa2644568394a99c5a7547)
#05 pc 00000000000769f5 /system/lib64/platformsdk/libipc_single.z.so(OHOS::IPCWorkThread::ThreadHandler(void*)+901)(216555c1ccaa2644568394a99c5a7547)
#06 pc 00000000001299e7 /system/lib/ld-musl-x86_64.so.1(74178aa6301b8bad2ac9b6d7f2361221)
#07 pc 0000000000090f8e /system/lib/ld-musl-x86_64.so.1(74178aa6301b8bad2ac9b6d7f2361221)
Tid:3320, Name:OS_IPC_0_3320
state=S, utime=0, stime=1, priority=0, nice=-20, clk=100
#00 pc 00000000000dc46b /system/lib/ld-musl-x86_64.so.1(ioctl+187)(74178aa6301b8bad2ac9b6d7f2361221)
#01 pc 0000000000010ca7 /system/lib64/platformsdk/libipc_common.z.so(OHOS::BinderConnector::WriteBinder(unsigned long, void*)+55)(ae9fe169bf1f8b0397c31ba1b67e0e94)
#02 pc 000000000007e34d /system/lib64/platformsdk/libipc_single.z.so(OHOS::BinderInvoker::TransactWithDriver(bool)+269)(216555c1ccaa2644568394a99c5a7547)
#03 pc 000000000007e71a /system/lib64/platformsdk/libipc_single.z.so(OHOS::BinderInvoker::StartWorkLoop()+106)(216555c1ccaa2644568394a99c5a7547)
#04 pc 0000000000080c28 /system/lib64/platformsdk/libipc_single.z.so(OHOS::BinderInvoker::JoinThread(bool)+40)(216555c1ccaa2644568394a99c5a7547)
#05 pc 00000000000769f5 /system/lib64/platformsdk/libipc_single.z.so(OHOS::IPCWorkThread::ThreadHandler(void*)+901)(216555c1ccaa2644568394a99c5a7547)
#06 pc 00000000001299e7 /system/lib/ld-musl-x86_64.so.1(74178aa6301b8bad2ac9b6d7f2361221)
#07 pc 0000000000090f8e /system/lib/ld-musl-x86_64.so.1(74178aa6301b8bad2ac9b6d7f2361221)
Tid:3321, Name:OS_IPC_1_3321
state=S, utime=0, stime=0, priority=0, nice=-20, clk=100
#00 pc 00000000000dc46b /system/lib/ld-musl-x86_64.so.1(ioctl+187)(74178aa6301b8bad2ac9b6d7f2361221)
#01 pc 0000000000010ca7 /system/lib64/platformsdk/libipc_common.z.so(OHOS::BinderConnector::WriteBinder(unsigned long, void*)+55)(ae9fe169bf1f8b0397c31ba1b67e0e94)
#02 pc 000000000007e34d /system/lib64/platformsdk/libipc_single.z.so(OHOS::BinderInvoker::TransactWithDriver(bool)+269)(216555c1ccaa2644568394a99c5a7547)
#03 pc 000000000007e71a /system/lib64/platformsdk/libipc_single.z.so(OHOS::BinderInvoker::StartWorkLoop()+106)(216555c1ccaa2644568394a99c5a7547)
#04 pc 0000000000080c28 /system/lib64/platformsdk/libipc_single.z.so(OHOS::BinderInvoker::JoinThread(bool)+40)(216555c1ccaa2644568394a99c5a7547)
#05 pc 00000000000769f5 /system/lib64/platformsdk/libipc_single.z.so(OHOS::IPCWorkThread::ThreadHandler(void*)+901)(216555c1ccaa2644568394a99c5a7547)
#06 pc 00000000001299e7 /system/lib/ld-musl-x86_64.so.1(74178aa6301b8bad2ac9b6d7f2361221)
#07 pc 0000000000090f8e /system/lib/ld-musl-x86_64.so.1(74178aa6301b8bad2ac9b6d7f2361221)
Tid:3322, Name:OS_DfxWatchdog
state=S, utime=0, stime=0, priority=0, nice=-20, clk=100
#00 pc 0000000000125ee9 /system/lib/ld-musl-x86_64.so.1(74178aa6301b8bad2ac9b6d7f2361221)
#01 pc 0000000000127883 /system/lib/ld-musl-x86_64.so.1(pthread_cond_timedwait+195)(74178aa6301b8bad2ac9b6d7f2361221)
#02 pc 00000000000c74e7 /system/lib64/chipset-sdk-sp/libc++.so(std::__h::condition_variable::__do_timed_wait(std::__h::unique_lock<std::__h::mutex>&, std::__h::chrono::time_point<std::__h::chrono::system_clock, std::__h::chrono::duration<long long, std::__h::ratio<1l, 1000000000l>>>)+103)(ca45f3285cb13d8a615c2dcf32305914fbc391ad)
#03 pc 00000000000245a0 /system/lib64/chipset-sdk-sp/libhicollie.z.so(0d0f332b1d543f1b44cdc8747e67264a)
#04 pc 00000000000242a1 /system/lib64/chipset-sdk-sp/libhicollie.z.so(0d0f332b1d543f1b44cdc8747e67264a)
#05 pc 000000000002c17d /system/lib64/chipset-sdk-sp/libhicollie.z.so(0d0f332b1d543f1b44cdc8747e67264a)
#06 pc 00000000001299e7 /system/lib/ld-musl-x86_64.so.1(74178aa6301b8bad2ac9b6d7f2361221)
#07 pc 0000000000090f8e /system/lib/ld-musl-x86_64.so.1(74178aa6301b8bad2ac9b6d7f2361221)
Tid:3323, Name:OS_FFRT_Delay
state=S, utime=0, stime=0, priority=0, nice=-20, clk=100
#00 pc 00000000000b837f /system/lib/ld-musl-x86_64.so.1(epoll_wait+31)(74178aa6301b8bad2ac9b6d7f2361221)
#01 pc 00000000000b2cda /system/lib64/ndk/libffrt.so(6014d53b82cd59820b512f223d249356)
#02 pc 00000000001299e7 /system/lib/ld-musl-x86_64.so.1(74178aa6301b8bad2ac9b6d7f2361221)
#03 pc 0000000000090f8e /system/lib/ld-musl-x86_64.so.1(74178aa6301b8bad2ac9b6d7f2361221)
Tid:3325, Name:OS_FFRT_2_0
state=S, utime=0, stime=1, priority=0, nice=-20, clk=100
#00 pc 0000000000125ee9 /system/lib/ld-musl-x86_64.so.1(74178aa6301b8bad2ac9b6d7f2361221)
#01 pc 0000000000127883 /system/lib/ld-musl-x86_64.so.1(pthread_cond_timedwait+195)(74178aa6301b8bad2ac9b6d7f2361221)
#02 pc 00000000000c74e7 /system/lib64/chipset-sdk-sp/libc++.so(std::__h::condition_variable::__do_timed_wait(std::__h::unique_lock<std::__h::mutex>&, std::__h::chrono::time_point<std::__h::chrono::system_clock, std::__h::chrono::duration<long long, std::__h::ratio<1l, 1000000000l>>>)+103)(ca45f3285cb13d8a615c2dcf32305914fbc391ad)
#03 pc 000000000008bcb0 /system/lib64/ndk/libffrt.so(6014d53b82cd59820b512f223d249356)
#04 pc 00000000000760ef /system/lib64/ndk/libffrt.so(6014d53b82cd59820b512f223d249356)
#05 pc 0000000000075eaf /system/lib64/ndk/libffrt.so(6014d53b82cd59820b512f223d249356)
#06 pc 0000000000075d79 /system/lib64/ndk/libffrt.so(6014d53b82cd59820b512f223d249356)
#07 pc 00000000001299e7 /system/lib/ld-musl-x86_64.so.1(74178aa6301b8bad2ac9b6d7f2361221)
#08 pc 0000000000090f8e /system/lib/ld-musl-x86_64.so.1(74178aa6301b8bad2ac9b6d7f2361221)
Tid:3326, Name:OS_GC_Thread
state=S, utime=0, stime=0, priority=0, nice=-20, clk=100
#00 pc 0000000000125ee9 /system/lib/ld-musl-x86_64.so.1(74178aa6301b8bad2ac9b6d7f2361221)
#01 pc 0000000000127883 /system/lib/ld-musl-x86_64.so.1(pthread_cond_timedwait+195)(74178aa6301b8bad2ac9b6d7f2361221)
#02 pc 00000000009cd4ca /system/lib64/platformsdk/libark_jsruntime.so(3403c0dea7c24e42adea4ee0f5dd2803)
#03 pc 00000000009cd443 /system/lib64/platformsdk/libark_jsruntime.so(3403c0dea7c24e42adea4ee0f5dd2803)
#04 pc 00000000009cd8b5 /system/lib64/platformsdk/libark_jsruntime.so(3403c0dea7c24e42adea4ee0f5dd2803)
#05 pc 00000000001299e7 /system/lib/ld-musl-x86_64.so.1(74178aa6301b8bad2ac9b6d7f2361221)
#06 pc 0000000000090f8e /system/lib/ld-musl-x86_64.so.1(74178aa6301b8bad2ac9b6d7f2361221)
Tid:3327, Name:OS_GC_Thread
state=S, utime=15, stime=8, priority=0, nice=-20, clk=100
#00 pc 0000000000125ee9 /system/lib/ld-musl-x86_64.so.1(74178aa6301b8bad2ac9b6d7f2361221)
#01 pc 0000000000127883 /system/lib/ld-musl-x86_64.so.1(pthread_cond_timedwait+195)(74178aa6301b8bad2ac9b6d7f2361221)
#02 pc 00000000000c7451 /system/lib64/chipset-sdk-sp/libc++.so(std::__h::condition_variable::wait(std::__h::unique_lock<std::__h::mutex>&)+17)(ca45f3285cb13d8a615c2dcf32305914fbc391ad)
#03 pc 0000000000a298fd /system/lib64/platformsdk/libark_jsruntime.so(3403c0dea7c24e42adea4ee0f5dd2803)
#04 pc 0000000000a29475 /system/lib64/platformsdk/libark_jsruntime.so(3403c0dea7c24e42adea4ee0f5dd2803)
#05 pc 0000000000a2955a /system/lib64/platformsdk/libark_jsruntime.so(3403c0dea7c24e42adea4ee0f5dd2803)
#06 pc 00000000001299e7 /system/lib/ld-musl-x86_64.so.1(74178aa6301b8bad2ac9b6d7f2361221)
#07 pc 0000000000090f8e /system/lib/ld-musl-x86_64.so.1(74178aa6301b8bad2ac9b6d7f2361221)
Tid:3328, Name:OS_GC_Thread
state=S, utime=17, stime=6, priority=0, nice=-20, clk=100
#00 pc 0000000000125ee9 /system/lib/ld-musl-x86_64.so.1(74178aa6301b8bad2ac9b6d7f2361221)
#01 pc 0000000000127883 /system/lib/ld-musl-x86_64.so.1(pthread_cond_timedwait+195)(74178aa6301b8bad2ac9b6d7f2361221)
#02 pc 00000000000c7451 /system/lib64/chipset-sdk-sp/libc++.so(std::__h::condition_variable::wait(std::__h::unique_lock<std::__h::mutex>&)+17)(ca45f3285cb13d8a615c2dcf32305914fbc391ad)
#03 pc 0000000000a298fd /system/lib64/platformsdk/libark_jsruntime.so(3403c0dea7c24e42adea4ee0f5dd2803)
#04 pc 0000000000a29475 /system/lib64/platformsdk/libark_jsruntime.so(3403c0dea7c24e42adea4ee0f5dd2803)
#05 pc 0000000000a2955a /system/lib64/platformsdk/libark_jsruntime.so(3403c0dea7c24e42adea4ee0f5dd2803)
#06 pc 00000000001299e7 /system/lib/ld-musl-x86_64.so.1(74178aa6301b8bad2ac9b6d7f2361221)
#07 pc 0000000000090f8e /system/lib/ld-musl-x86_64.so.1(74178aa6301b8bad2ac9b6d7f2361221)
Tid:3329, Name:OS_GC_Thread
state=S, utime=16, stime=8, priority=0, nice=-20, clk=100
#00 pc 0000000000125ee9 /system/lib/ld-musl-x86_64.so.1(74178aa6301b8bad2ac9b6d7f2361221)
#01 pc 0000000000127883 /system/lib/ld-musl-x86_64.so.1(pthread_cond_timedwait+195)(74178aa6301b8bad2ac9b6d7f2361221)
#02 pc 00000000000c7451 /system/lib64/chipset-sdk-sp/libc++.so(std::__h::condition_variable::wait(std::__h::unique_lock<std::__h::mutex>&)+17)(ca45f3285cb13d8a615c2dcf32305914fbc391ad)
#03 pc 0000000000a298fd /system/lib64/platformsdk/libark_jsruntime.so(3403c0dea7c24e42adea4ee0f5dd2803)
#04 pc 0000000000a29475 /system/lib64/platformsdk/libark_jsruntime.so(3403c0dea7c24e42adea4ee0f5dd2803)
#05 pc 0000000000a2955a /system/lib64/platformsdk/libark_jsruntime.so(3403c0dea7c24e42adea4ee0f5dd2803)
#06 pc 00000000001299e7 /system/lib/ld-musl-x86_64.so.1(74178aa6301b8bad2ac9b6d7f2361221)
#07 pc 0000000000090f8e /system/lib/ld-musl-x86_64.so.1(74178aa6301b8bad2ac9b6d7f2361221)
Tid:3330, Name:OS_FFRT_3_0
state=S, utime=4, stime=7, priority=0, nice=-20, clk=100
#00 pc 0000000000125ee9 /system/lib/ld-musl-x86_64.so.1(74178aa6301b8bad2ac9b6d7f2361221)
#01 pc 0000000000127883 /system/lib/ld-musl-x86_64.so.1(pthread_cond_timedwait+195)(74178aa6301b8bad2ac9b6d7f2361221)
#02 pc 00000000000c74e7 /system/lib64/chipset-sdk-sp/libc++.so(std::__h::condition_variable::__do_timed_wait(std::__h::unique_lock<std::__h::mutex>&, std::__h::chrono::time_point<std::__h::chrono::system_clock, std::__h::chrono::duration<long long, std::__h::ratio<1l, 1000000000l>>>)+103)(ca45f3285cb13d8a615c2dcf32305914fbc391ad)
#03 pc 000000000008bcb0 /system/lib64/ndk/libffrt.so(6014d53b82cd59820b512f223d249356)
#04 pc 00000000000760ef /system/lib64/ndk/libffrt.so(6014d53b82cd59820b512f223d249356)
#05 pc 0000000000075eaf /system/lib64/ndk/libffrt.so(6014d53b82cd59820b512f223d249356)
#06 pc 0000000000075d79 /system/lib64/ndk/libffrt.so(6014d53b82cd59820b512f223d249356)
#07 pc 00000000001299e7 /system/lib/ld-musl-x86_64.so.1(74178aa6301b8bad2ac9b6d7f2361221)
#08 pc 0000000000090f8e /system/lib/ld-musl-x86_64.so.1(74178aa6301b8bad2ac9b6d7f2361221)
Tid:3334, Name:OS_hdcRegister
state=S, utime=0, stime=0, priority=0, nice=-20, clk=100
#00 pc 00000000000b837f /system/lib/ld-musl-x86_64.so.1(epoll_wait+31)(74178aa6301b8bad2ac9b6d7f2361221)
#01 pc 000000000000660f /system/lib64/platformsdk/libhdc_register.z.so(Hdc::HdcJdwpSimulator::ReadFromJdwp()+367)(4c41d0541b0381aaf6674e818696d512)
#02 pc 0000000000006ba3 /system/lib64/platformsdk/libhdc_register.z.so(Hdc::HdcJdwpSimulator::Connect()+195)(4c41d0541b0381aaf6674e818696d512)
#03 pc 00000000000052ef /system/lib64/platformsdk/libhdc_register.z.so(Hdc::HdcConnectRun(void*)+559)(4c41d0541b0381aaf6674e818696d512)
#04 pc 00000000001299e7 /system/lib/ld-musl-x86_64.so.1(74178aa6301b8bad2ac9b6d7f2361221)
#05 pc 0000000000090f8e /system/lib/ld-musl-x86_64.so.1(74178aa6301b8bad2ac9b6d7f2361221)
Tid:3335, Name:OS_FFRT_0_0
state=S, utime=0, stime=0, priority=0, nice=-20, clk=100
#00 pc 0000000000125ee9 /system/lib/ld-musl-x86_64.so.1(74178aa6301b8bad2ac9b6d7f2361221)
#01 pc 0000000000127883 /system/lib/ld-musl-x86_64.so.1(pthread_cond_timedwait+195)(74178aa6301b8bad2ac9b6d7f2361221)
#02 pc 00000000000c74e7 /system/lib64/chipset-sdk-sp/libc++.so(std::__h::condition_variable::__do_timed_wait(std::__h::unique_lock<std::__h::mutex>&, std::__h::chrono::time_point<std::__h::chrono::system_clock, std::__h::chrono::duration<long long, std::__h::ratio<1l, 1000000000l>>>)+103)(ca45f3285cb13d8a615c2dcf32305914fbc391ad)
#03 pc 000000000008bcb0 /system/lib64/ndk/libffrt.so(6014d53b82cd59820b512f223d249356)
#04 pc 00000000000760ef /system/lib64/ndk/libffrt.so(6014d53b82cd59820b512f223d249356)
#05 pc 0000000000075eaf /system/lib64/ndk/libffrt.so(6014d53b82cd59820b512f223d249356)
#06 pc 0000000000075d79 /system/lib64/ndk/libffrt.so(6014d53b82cd59820b512f223d249356)
#07 pc 00000000001299e7 /system/lib/ld-musl-x86_64.so.1(74178aa6301b8bad2ac9b6d7f2361221)
#08 pc 0000000000090f8e /system/lib/ld-musl-x86_64.so.1(74178aa6301b8bad2ac9b6d7f2361221)
Tid:3343, Name:sandbox_thread
state=S, utime=0, stime=0, priority=0, nice=-20, clk=100
#00 pc 0000000000125ee9 /system/lib/ld-musl-x86_64.so.1(74178aa6301b8bad2ac9b6d7f2361221)
#01 pc 0000000000127883 /system/lib/ld-musl-x86_64.so.1(pthread_cond_timedwait+195)(74178aa6301b8bad2ac9b6d7f2361221)
#02 pc 00000000000c7451 /system/lib64/chipset-sdk-sp/libc++.so(std::__h::condition_variable::wait(std::__h::unique_lock<std::__h::mutex>&)+17)(ca45f3285cb13d8a615c2dcf32305914fbc391ad)
#03 pc 00000000000086d7 /system/lib64/platformsdk/libsandboxlog.so(15f86dfff1c9aa3778b113b4e1f84fe4)
#04 pc 0000000000009363 /system/lib64/platformsdk/libsandboxlog.so(15f86dfff1c9aa3778b113b4e1f84fe4)
#05 pc 00000000001299e7 /system/lib/ld-musl-x86_64.so.1(74178aa6301b8bad2ac9b6d7f2361221)
#06 pc 0000000000090f8e /system/lib/ld-musl-x86_64.so.1(74178aa6301b8bad2ac9b6d7f2361221)
Tid:3345, Name:xample.callaite
state=S, utime=0, stime=0, priority=0, nice=-20, clk=100
#00 pc 000000000013100d /system/lib/ld-musl-x86_64.so.1(nanosleep+13)(74178aa6301b8bad2ac9b6d7f2361221)
#01 pc 00000000000d9b9a /system/lib64/chipset-sdk-sp/libc++.so(std::__h::this_thread::sleep_for(std::__h::chrono::duration<long long, std::__h::ratio<1l, 1000000000l>> const&)+90)(ca45f3285cb13d8a615c2dcf32305914fbc391ad)
#02 pc 0000000000015f52 /system/lib64/platformsdk/libhistogram.z.so(bcaef44ffc0c920a27140798ab5f7654)
#03 pc 00000000001299e7 /system/lib/ld-musl-x86_64.so.1(74178aa6301b8bad2ac9b6d7f2361221)
#04 pc 0000000000090f8e /system/lib/ld-musl-x86_64.so.1(74178aa6301b8bad2ac9b6d7f2361221)
Tid:3346, Name:OS_EVENT_POLL
state=S, utime=0, stime=0, priority=0, nice=-20, clk=100
#00 pc 00000000000b837f /system/lib/ld-musl-x86_64.so.1(epoll_wait+31)(74178aa6301b8bad2ac9b6d7f2361221)
#01 pc 000000000001a0fc /system/lib64/chipset-sdk-sp/libeventhandler.z.so(d20098a20e88abe540f8f998e7a8bdcc)
#02 pc 000000000001b2e6 /system/lib64/chipset-sdk-sp/libeventhandler.z.so(d20098a20e88abe540f8f998e7a8bdcc)
#03 pc 00000000001299e7 /system/lib/ld-musl-x86_64.so.1(74178aa6301b8bad2ac9b6d7f2361221)
#04 pc 0000000000090f8e /system/lib/ld-musl-x86_64.so.1(74178aa6301b8bad2ac9b6d7f2361221)
Tid:3349, Name:OS_FFRT_3_1
state=S, utime=0, stime=0, priority=0, nice=-20, clk=100
#00 pc 0000000000125ee9 /system/lib/ld-musl-x86_64.so.1(74178aa6301b8bad2ac9b6d7f2361221)
#01 pc 0000000000127883 /system/lib/ld-musl-x86_64.so.1(pthread_cond_timedwait+195)(74178aa6301b8bad2ac9b6d7f2361221)
#02 pc 00000000000c74e7 /system/lib64/chipset-sdk-sp/libc++.so(std::__h::condition_variable::__do_timed_wait(std::__h::unique_lock<std::__h::mutex>&, std::__h::chrono::time_point<std::__h::chrono::system_clock, std::__h::chrono::duration<long long, std::__h::ratio<1l, 1000000000l>>>)+103)(ca45f3285cb13d8a615c2dcf32305914fbc391ad)
#03 pc 000000000008bcb0 /system/lib64/ndk/libffrt.so(6014d53b82cd59820b512f223d249356)
#04 pc 00000000000760ef /system/lib64/ndk/libffrt.so(6014d53b82cd59820b512f223d249356)
#05 pc 0000000000075eaf /system/lib64/ndk/libffrt.so(6014d53b82cd59820b512f223d249356)
#06 pc 0000000000075d79 /system/lib64/ndk/libffrt.so(6014d53b82cd59820b512f223d249356)
#07 pc 00000000001299e7 /system/lib/ld-musl-x86_64.so.1(74178aa6301b8bad2ac9b6d7f2361221)
#08 pc 0000000000090f8e /system/lib/ld-musl-x86_64.so.1(74178aa6301b8bad2ac9b6d7f2361221)
Tid:3350, Name:OS_FFRT_3_2
state=S, utime=0, stime=0, priority=0, nice=-20, clk=100
#00 pc 0000000000125ee9 /system/lib/ld-musl-x86_64.so.1(74178aa6301b8bad2ac9b6d7f2361221)
#01 pc 0000000000127883 /system/lib/ld-musl-x86_64.so.1(pthread_cond_timedwait+195)(74178aa6301b8bad2ac9b6d7f2361221)
#02 pc 00000000000c74e7 /system/lib64/chipset-sdk-sp/libc++.so(std::__h::condition_variable::__do_timed_wait(std::__h::unique_lock<std::__h::mutex>&, std::__h::chrono::time_point<std::__h::chrono::system_clock, std::__h::chrono::duration<long long, std::__h::ratio<1l, 1000000000l>>>)+103)(ca45f3285cb13d8a615c2dcf32305914fbc391ad)
#03 pc 000000000008bcb0 /system/lib64/ndk/libffrt.so(6014d53b82cd59820b512f223d249356)
#04 pc 00000000000760ef /system/lib64/ndk/libffrt.so(6014d53b82cd59820b512f223d249356)
#05 pc 0000000000075eaf /system/lib64/ndk/libffrt.so(6014d53b82cd59820b512f223d249356)
#06 pc 0000000000075d79 /system/lib64/ndk/libffrt.so(6014d53b82cd59820b512f223d249356)
#07 pc 00000000001299e7 /system/lib/ld-musl-x86_64.so.1(74178aa6301b8bad2ac9b6d7f2361221)
#08 pc 0000000000090f8e /system/lib/ld-musl-x86_64.so.1(74178aa6301b8bad2ac9b6d7f2361221)
Tid:3351, Name:OS_FFRT_3_3
state=S, utime=0, stime=0, priority=0, nice=-20, clk=100
#00 pc 0000000000125ee9 /system/lib/ld-musl-x86_64.so.1(74178aa6301b8bad2ac9b6d7f2361221)
#01 pc 0000000000127883 /system/lib/ld-musl-x86_64.so.1(pthread_cond_timedwait+195)(74178aa6301b8bad2ac9b6d7f2361221)
#02 pc 00000000000c74e7 /system/lib64/chipset-sdk-sp/libc++.so(std::__h::condition_variable::__do_timed_wait(std::__h::unique_lock<std::__h::mutex>&, std::__h::chrono::time_point<std::__h::chrono::system_clock, std::__h::chrono::duration<long long, std::__h::ratio<1l, 1000000000l>>>)+103)(ca45f3285cb13d8a615c2dcf32305914fbc391ad)
#03 pc 000000000008bcb0 /system/lib64/ndk/libffrt.so(6014d53b82cd59820b512f223d249356)
#04 pc 00000000000760ef /system/lib64/ndk/libffrt.so(6014d53b82cd59820b512f223d249356)
#05 pc 0000000000075eaf /system/lib64/ndk/libffrt.so(6014d53b82cd59820b512f223d249356)
#06 pc 0000000000075d79 /system/lib64/ndk/libffrt.so(6014d53b82cd59820b512f223d249356)
#07 pc 00000000001299e7 /system/lib/ld-musl-x86_64.so.1(74178aa6301b8bad2ac9b6d7f2361221)
#08 pc 0000000000090f8e /system/lib/ld-musl-x86_64.so.1(74178aa6301b8bad2ac9b6d7f2361221)
Tid:3355, Name:OS_IPC_3_3355
state=S, utime=0, stime=0, priority=0, nice=-20, clk=100
#00 pc 00000000000dc46b /system/lib/ld-musl-x86_64.so.1(ioctl+187)(74178aa6301b8bad2ac9b6d7f2361221)
#01 pc 0000000000010ca7 /system/lib64/platformsdk/libipc_common.z.so(OHOS::BinderConnector::WriteBinder(unsigned long, void*)+55)(ae9fe169bf1f8b0397c31ba1b67e0e94)
#02 pc 000000000007e34d /system/lib64/platformsdk/libipc_single.z.so(OHOS::BinderInvoker::TransactWithDriver(bool)+269)(216555c1ccaa2644568394a99c5a7547)
#03 pc 000000000007e71a /system/lib64/platformsdk/libipc_single.z.so(OHOS::BinderInvoker::StartWorkLoop()+106)(216555c1ccaa2644568394a99c5a7547)
#04 pc 0000000000080c28 /system/lib64/platformsdk/libipc_single.z.so(OHOS::BinderInvoker::JoinThread(bool)+40)(216555c1ccaa2644568394a99c5a7547)
#05 pc 00000000000769f5 /system/lib64/platformsdk/libipc_single.z.so(OHOS::IPCWorkThread::ThreadHandler(void*)+901)(216555c1ccaa2644568394a99c5a7547)
#06 pc 00000000001299e7 /system/lib/ld-musl-x86_64.so.1(74178aa6301b8bad2ac9b6d7f2361221)
#07 pc 0000000000090f8e /system/lib/ld-musl-x86_64.so.1(74178aa6301b8bad2ac9b6d7f2361221)
Tid:3356, Name:OS_MainDisplayS
state=S, utime=0, stime=0, priority=0, nice=-20, clk=100
#00 pc 00000000000b837f /system/lib/ld-musl-x86_64.so.1(epoll_wait+31)(74178aa6301b8bad2ac9b6d7f2361221)
#01 pc 000000000001ceee /system/lib64/chipset-sdk-sp/libeventhandler.z.so(d20098a20e88abe540f8f998e7a8bdcc)
#02 pc 00000000000230bf /system/lib64/chipset-sdk-sp/libeventhandler.z.so(OHOS::AppExecFwk::EventQueue::WaitUntilLocked(std::__h::chrono::time_point<std::__h::chrono::steady_clock, std::__h::chrono::duration<long long, std::__h::ratio<1l, 1000000000l>>> const&, OHOS::AppExecFwk::UniqueLockBase&, bool)+79)(d20098a20e88abe540f8f998e7a8bdcc)
#03 pc 00000000000282df /system/lib64/chipset-sdk-sp/libeventhandler.z.so(OHOS::AppExecFwk::EventQueueBase::GetEvent()+207)(d20098a20e88abe540f8f998e7a8bdcc)
#04 pc 0000000000033985 /system/lib64/chipset-sdk-sp/libeventhandler.z.so(d20098a20e88abe540f8f998e7a8bdcc)
#05 pc 0000000000030352 /system/lib64/chipset-sdk-sp/libeventhandler.z.so(d20098a20e88abe540f8f998e7a8bdcc)
#06 pc 00000000000357c3 /system/lib64/chipset-sdk-sp/libeventhandler.z.so(d20098a20e88abe540f8f998e7a8bdcc)
#07 pc 00000000001299e7 /system/lib/ld-musl-x86_64.so.1(74178aa6301b8bad2ac9b6d7f2361221)
#08 pc 0000000000090f8e /system/lib/ld-musl-x86_64.so.1(74178aa6301b8bad2ac9b6d7f2361221)
Tid:3357, Name:ace.bg.1
state=S, utime=0, stime=0, priority=0, nice=-20, clk=100
#00 pc 0000000000125ee9 /system/lib/ld-musl-x86_64.so.1(74178aa6301b8bad2ac9b6d7f2361221)
#01 pc 0000000000127883 /system/lib/ld-musl-x86_64.so.1(pthread_cond_timedwait+195)(74178aa6301b8bad2ac9b6d7f2361221)
#02 pc 00000000000c7451 /system/lib64/chipset-sdk-sp/libc++.so(std::__h::condition_variable::wait(std::__h::unique_lock<std::__h::mutex>&)+17)(ca45f3285cb13d8a615c2dcf32305914fbc391ad)
#03 pc 000000000148ac32 /system/lib64/platformsdk/libace_compatible.z.so(cb476043f6fb29150d891bc788a45885)
#04 pc 000000000148afa2 /system/lib64/platformsdk/libace_compatible.z.so(cb476043f6fb29150d891bc788a45885)
#05 pc 00000000001299e7 /system/lib/ld-musl-x86_64.so.1(74178aa6301b8bad2ac9b6d7f2361221)
#06 pc 0000000000090f8e /system/lib/ld-musl-x86_64.so.1(74178aa6301b8bad2ac9b6d7f2361221)
Tid:3358, Name:ace.bg.2
state=S, utime=0, stime=0, priority=0, nice=-20, clk=100
#00 pc 0000000000125ee9 /system/lib/ld-musl-x86_64.so.1(74178aa6301b8bad2ac9b6d7f2361221)
#01 pc 0000000000127883 /system/lib/ld-musl-x86_64.so.1(pthread_cond_timedwait+195)(74178aa6301b8bad2ac9b6d7f2361221)
#02 pc 00000000000c7451 /system/lib64/chipset-sdk-sp/libc++.so(std::__h::condition_variable::wait(std::__h::unique_lock<std::__h::mutex>&)+17)(ca45f3285cb13d8a615c2dcf32305914fbc391ad)
#03 pc 000000000148ac32 /system/lib64/platformsdk/libace_compatible.z.so(cb476043f6fb29150d891bc788a45885)
#04 pc 000000000148afa2 /system/lib64/platformsdk/libace_compatible.z.so(cb476043f6fb29150d891bc788a45885)
#05 pc 00000000001299e7 /system/lib/ld-musl-x86_64.so.1(74178aa6301b8bad2ac9b6d7f2361221)
#06 pc 0000000000090f8e /system/lib/ld-musl-x86_64.so.1(74178aa6301b8bad2ac9b6d7f2361221)
Tid:3359, Name:ace.bg.3
state=S, utime=0, stime=0, priority=0, nice=-20, clk=100
#00 pc 0000000000125ee9 /system/lib/ld-musl-x86_64.so.1(74178aa6301b8bad2ac9b6d7f2361221)
#01 pc 0000000000127883 /system/lib/ld-musl-x86_64.so.1(pthread_cond_timedwait+195)(74178aa6301b8bad2ac9b6d7f2361221)
#02 pc 00000000000c7451 /system/lib64/chipset-sdk-sp/libc++.so(std::__h::condition_variable::wait(std::__h::unique_lock<std::__h::mutex>&)+17)(ca45f3285cb13d8a615c2dcf32305914fbc391ad)
#03 pc 000000000148ac32 /system/lib64/platformsdk/libace_compatible.z.so(cb476043f6fb29150d891bc788a45885)
#04 pc 000000000148afa2 /system/lib64/platformsdk/libace_compatible.z.so(cb476043f6fb29150d891bc788a45885)
#05 pc 00000000001299e7 /system/lib/ld-musl-x86_64.so.1(74178aa6301b8bad2ac9b6d7f2361221)
#06 pc 0000000000090f8e /system/lib/ld-musl-x86_64.so.1(74178aa6301b8bad2ac9b6d7f2361221)
Tid:3360, Name:ace.bg.4
state=S, utime=0, stime=0, priority=0, nice=-20, clk=100
#00 pc 0000000000125ee9 /system/lib/ld-musl-x86_64.so.1(74178aa6301b8bad2ac9b6d7f2361221)
#01 pc 0000000000127883 /system/lib/ld-musl-x86_64.so.1(pthread_cond_timedwait+195)(74178aa6301b8bad2ac9b6d7f2361221)
#02 pc 00000000000c7451 /system/lib64/chipset-sdk-sp/libc++.so(std::__h::condition_variable::wait(std::__h::unique_lock<std::__h::mutex>&)+17)(ca45f3285cb13d8a615c2dcf32305914fbc391ad)
#03 pc 000000000148ac32 /system/lib64/platformsdk/libace_compatible.z.so(cb476043f6fb29150d891bc788a45885)
#04 pc 000000000148afa2 /system/lib64/platformsdk/libace_compatible.z.so(cb476043f6fb29150d891bc788a45885)
#05 pc 00000000001299e7 /system/lib/ld-musl-x86_64.so.1(74178aa6301b8bad2ac9b6d7f2361221)
#06 pc 0000000000090f8e /system/lib/ld-musl-x86_64.so.1(74178aa6301b8bad2ac9b6d7f2361221)
Tid:3361, Name:ace.bg.5
state=S, utime=0, stime=0, priority=0, nice=-20, clk=100
#00 pc 0000000000125ee9 /system/lib/ld-musl-x86_64.so.1(74178aa6301b8bad2ac9b6d7f2361221)
#01 pc 0000000000127883 /system/lib/ld-musl-x86_64.so.1(pthread_cond_timedwait+195)(74178aa6301b8bad2ac9b6d7f2361221)
#02 pc 00000000000c7451 /system/lib64/chipset-sdk-sp/libc++.so(std::__h::condition_variable::wait(std::__h::unique_lock<std::__h::mutex>&)+17)(ca45f3285cb13d8a615c2dcf32305914fbc391ad)
#03 pc 000000000148ac32 /system/lib64/platformsdk/libace_compatible.z.so(cb476043f6fb29150d891bc788a45885)
#04 pc 000000000148afa2 /system/lib64/platformsdk/libace_compatible.z.so(cb476043f6fb29150d891bc788a45885)
#05 pc 00000000001299e7 /system/lib/ld-musl-x86_64.so.1(74178aa6301b8bad2ac9b6d7f2361221)
#06 pc 0000000000090f8e /system/lib/ld-musl-x86_64.so.1(74178aa6301b8bad2ac9b6d7f2361221)
Tid:3362, Name:ace.bg.6
state=S, utime=0, stime=0, priority=0, nice=-20, clk=100
#00 pc 0000000000125ee9 /system/lib/ld-musl-x86_64.so.1(74178aa6301b8bad2ac9b6d7f2361221)
#01 pc 0000000000127883 /system/lib/ld-musl-x86_64.so.1(pthread_cond_timedwait+195)(74178aa6301b8bad2ac9b6d7f2361221)
#02 pc 00000000000c7451 /system/lib64/chipset-sdk-sp/libc++.so(std::__h::condition_variable::wait(std::__h::unique_lock<std::__h::mutex>&)+17)(ca45f3285cb13d8a615c2dcf32305914fbc391ad)
#03 pc 000000000148ac32 /system/lib64/platformsdk/libace_compatible.z.so(cb476043f6fb29150d891bc788a45885)
#04 pc 000000000148afa2 /system/lib64/platformsdk/libace_compatible.z.so(cb476043f6fb29150d891bc788a45885)
#05 pc 00000000001299e7 /system/lib/ld-musl-x86_64.so.1(74178aa6301b8bad2ac9b6d7f2361221)
#06 pc 0000000000090f8e /system/lib/ld-musl-x86_64.so.1(74178aa6301b8bad2ac9b6d7f2361221)
Tid:3363, Name:ace.bg.7
state=S, utime=0, stime=0, priority=0, nice=-20, clk=100
#00 pc 0000000000125ee9 /system/lib/ld-musl-x86_64.so.1(74178aa6301b8bad2ac9b6d7f2361221)
#01 pc 0000000000127883 /system/lib/ld-musl-x86_64.so.1(pthread_cond_timedwait+195)(74178aa6301b8bad2ac9b6d7f2361221)
#02 pc 00000000000c7451 /system/lib64/chipset-sdk-sp/libc++.so(std::__h::condition_variable::wait(std::__h::unique_lock<std::__h::mutex>&)+17)(ca45f3285cb13d8a615c2dcf32305914fbc391ad)
#03 pc 000000000148ac32 /system/lib64/platformsdk/libace_compatible.z.so(cb476043f6fb29150d891bc788a45885)
#04 pc 000000000148afa2 /system/lib64/platformsdk/libace_compatible.z.so(cb476043f6fb29150d891bc788a45885)
#05 pc 00000000001299e7 /system/lib/ld-musl-x86_64.so.1(74178aa6301b8bad2ac9b6d7f2361221)
#06 pc 0000000000090f8e /system/lib/ld-musl-x86_64.so.1(74178aa6301b8bad2ac9b6d7f2361221)
Tid:3364, Name:ace.bg.8
state=S, utime=0, stime=0, priority=0, nice=-20, clk=100
#00 pc 0000000000125ee9 /system/lib/ld-musl-x86_64.so.1(74178aa6301b8bad2ac9b6d7f2361221)
#01 pc 0000000000127883 /system/lib/ld-musl-x86_64.so.1(pthread_cond_timedwait+195)(74178aa6301b8bad2ac9b6d7f2361221)
#02 pc 00000000000c7451 /system/lib64/chipset-sdk-sp/libc++.so(std::__h::condition_variable::wait(std::__h::unique_lock<std::__h::mutex>&)+17)(ca45f3285cb13d8a615c2dcf32305914fbc391ad)
#03 pc 000000000148ac32 /system/lib64/platformsdk/libace_compatible.z.so(cb476043f6fb29150d891bc788a45885)
#04 pc 000000000148afa2 /system/lib64/platformsdk/libace_compatible.z.so(cb476043f6fb29150d891bc788a45885)
#05 pc 00000000001299e7 /system/lib/ld-musl-x86_64.so.1(74178aa6301b8bad2ac9b6d7f2361221)
#06 pc 0000000000090f8e /system/lib/ld-musl-x86_64.so.1(74178aa6301b8bad2ac9b6d7f2361221)
Tid:3365, Name:OS_IPC_4_3365
state=S, utime=0, stime=0, priority=0, nice=-20, clk=100
#00 pc 00000000000dc46b /system/lib/ld-musl-x86_64.so.1(ioctl+187)(74178aa6301b8bad2ac9b6d7f2361221)
#01 pc 0000000000010ca7 /system/lib64/platformsdk/libipc_common.z.so(OHOS::BinderConnector::WriteBinder(unsigned long, void*)+55)(ae9fe169bf1f8b0397c31ba1b67e0e94)
#02 pc 000000000007e34d /system/lib64/platformsdk/libipc_single.z.so(OHOS::BinderInvoker::TransactWithDriver(bool)+269)(216555c1ccaa2644568394a99c5a7547)
#03 pc 000000000007e71a /system/lib64/platformsdk/libipc_single.z.so(OHOS::BinderInvoker::StartWorkLoop()+106)(216555c1ccaa2644568394a99c5a7547)
#04 pc 0000000000080c28 /system/lib64/platformsdk/libipc_single.z.so(OHOS::BinderInvoker::JoinThread(bool)+40)(216555c1ccaa2644568394a99c5a7547)
#05 pc 00000000000769f5 /system/lib64/platformsdk/libipc_single.z.so(OHOS::IPCWorkThread::ThreadHandler(void*)+901)(216555c1ccaa2644568394a99c5a7547)
#06 pc 00000000001299e7 /system/lib/ld-musl-x86_64.so.1(74178aa6301b8bad2ac9b6d7f2361221)
#07 pc 0000000000090f8e /system/lib/ld-musl-x86_64.so.1(74178aa6301b8bad2ac9b6d7f2361221)
Tid:3369, Name:OS_FFRT_5_1
state=S, utime=0, stime=0, priority=0, nice=-20, clk=100
#00 pc 0000000000125ee9 /system/lib/ld-musl-x86_64.so.1(74178aa6301b8bad2ac9b6d7f2361221)
#01 pc 0000000000127883 /system/lib/ld-musl-x86_64.so.1(pthread_cond_timedwait+195)(74178aa6301b8bad2ac9b6d7f2361221)
#02 pc 00000000000c74e7 /system/lib64/chipset-sdk-sp/libc++.so(std::__h::condition_variable::__do_timed_wait(std::__h::unique_lock<std::__h::mutex>&, std::__h::chrono::time_point<std::__h::chrono::system_clock, std::__h::chrono::duration<long long, std::__h::ratio<1l, 1000000000l>>>)+103)(ca45f3285cb13d8a615c2dcf32305914fbc391ad)
#03 pc 000000000008bcb0 /system/lib64/ndk/libffrt.so(6014d53b82cd59820b512f223d249356)
#04 pc 00000000000760ef /system/lib64/ndk/libffrt.so(6014d53b82cd59820b512f223d249356)
#05 pc 0000000000075eaf /system/lib64/ndk/libffrt.so(6014d53b82cd59820b512f223d249356)
#06 pc 0000000000075d79 /system/lib64/ndk/libffrt.so(6014d53b82cd59820b512f223d249356)
#07 pc 00000000001299e7 /system/lib/ld-musl-x86_64.so.1(74178aa6301b8bad2ac9b6d7f2361221)
#08 pc 0000000000090f8e /system/lib/ld-musl-x86_64.so.1(74178aa6301b8bad2ac9b6d7f2361221)
Tid:3431, Name:OS_IPC_5_3431
state=S, utime=0, stime=0, priority=0, nice=-20, clk=100
#00 pc 00000000000dc46b /system/lib/ld-musl-x86_64.so.1(ioctl+187)(74178aa6301b8bad2ac9b6d7f2361221)
#01 pc 0000000000010ca7 /system/lib64/platformsdk/libipc_common.z.so(OHOS::BinderConnector::WriteBinder(unsigned long, void*)+55)(ae9fe169bf1f8b0397c31ba1b67e0e94)
#02 pc 000000000007e34d /system/lib64/platformsdk/libipc_single.z.so(OHOS::BinderInvoker::TransactWithDriver(bool)+269)(216555c1ccaa2644568394a99c5a7547)
#03 pc 000000000007e71a /system/lib64/platformsdk/libipc_single.z.so(OHOS::BinderInvoker::StartWorkLoop()+106)(216555c1ccaa2644568394a99c5a7547)
#04 pc 0000000000080c28 /system/lib64/platformsdk/libipc_single.z.so(OHOS::BinderInvoker::JoinThread(bool)+40)(216555c1ccaa2644568394a99c5a7547)
#05 pc 00000000000769f5 /system/lib64/platformsdk/libipc_single.z.so(OHOS::IPCWorkThread::ThreadHandler(void*)+901)(216555c1ccaa2644568394a99c5a7547)
#06 pc 00000000001299e7 /system/lib/ld-musl-x86_64.so.1(74178aa6301b8bad2ac9b6d7f2361221)
#07 pc 0000000000090f8e /system/lib/ld-musl-x86_64.so.1(74178aa6301b8bad2ac9b6d7f2361221)
Tid:3435, Name:OS_IPC_6_3435
state=S, utime=0, stime=0, priority=0, nice=-20, clk=100
#00 pc 00000000000dc46b /system/lib/ld-musl-x86_64.so.1(ioctl+187)(74178aa6301b8bad2ac9b6d7f2361221)
#01 pc 0000000000010ca7 /system/lib64/platformsdk/libipc_common.z.so(OHOS::BinderConnector::WriteBinder(unsigned long, void*)+55)(ae9fe169bf1f8b0397c31ba1b67e0e94)
#02 pc 000000000007e34d /system/lib64/platformsdk/libipc_single.z.so(OHOS::BinderInvoker::TransactWithDriver(bool)+269)(216555c1ccaa2644568394a99c5a7547)
#03 pc 000000000007e71a /system/lib64/platformsdk/libipc_single.z.so(OHOS::BinderInvoker::StartWorkLoop()+106)(216555c1ccaa2644568394a99c5a7547)
#04 pc 0000000000080c28 /system/lib64/platformsdk/libipc_single.z.so(OHOS::BinderInvoker::JoinThread(bool)+40)(216555c1ccaa2644568394a99c5a7547)
#05 pc 00000000000769f5 /system/lib64/platformsdk/libipc_single.z.so(OHOS::IPCWorkThread::ThreadHandler(void*)+901)(216555c1ccaa2644568394a99c5a7547)
#06 pc 00000000001299e7 /system/lib/ld-musl-x86_64.so.1(74178aa6301b8bad2ac9b6d7f2361221)
#07 pc 0000000000090f8e /system/lib/ld-musl-x86_64.so.1(74178aa6301b8bad2ac9b6d7f2361221)

Catche stack trace end time: 2026-09-19 15:06:47.158

Dump main thread stack start time: 2026-09-19 15:06:44.062
Tid:3174, Name:xample.callaite
state=R, utime=1208, stime=65, priority=10, nice=-10, clk=100
#00 pc 000000000107a9b9 /system/lib64/module/arkcompiler/stub.an(BCStub_HandleStricteqImm8V8StwCopy+281)
#01 pc 000000000004360f [anon:ArkTS Heapshared read only space]

Dump main thread stack end time: 2026-09-19 15:06:44.081


SysrqCatcher -- fullPath:/data/log/eventlog/sysrq-20260919150647.log

---------------------------------------------------
catcher cmd: hilog -z 1000 -P start time: 2026/09/19-15:06:47:166

catcher cmd: hilog -z 1000 -P 
09-19 15:06:31.040  3174  3174 I C02c11/APPSPAWN: AppSpawnChild id 61 flags:0xc
09-19 15:06:31.041  3174  3174 I C02d33/HitraceOption: FilterAppTrace com.example.callaite 3174
09-19 15:06:31.041  3174  3174 W C02c11/APPSPAWN: errno:2 bind mount /system/app/ArkWebCoreLegacy to /mnt/sandbox/100/com.example.callaite/system/app/ArkWebCoreLegacy
09-19 15:06:31.041  3174  3174 W C02c11/APPSPAWN: errno:2 bind mount /vendor/etc/hiai to /mnt/sandbox/100/com.example.callaite/vendor/etc/hiai
09-19 15:06:31.042  3174  3174 W C02c11/APPSPAWN: errno:2 bind mount /data/data/hiai to /mnt/sandbox/100/com.example.callaite/data/data/hiai
09-19 15:06:31.042  3174  3174 W C02c11/APPSPAWN: errno:2 bind mount /data/service/el1/public/themes/100/a/app to /mnt/sandbox/100/com.example.callaite/data/themes/a/app
09-19 15:06:31.042  3174  3174 W C02c11/APPSPAWN: errno:2 bind mount /data/service/el1/public/themes/100/b/app to /mnt/sandbox/100/com.example.callaite/data/themes/b/app
09-19 15:06:31.042  3174  3174 W C02c11/APPSPAWN: errno:2 bind mount /chip_prod/lib64/passthrough to /mnt/sandbox/100/com.example.callaite/chip_prod/lib64/passthrough
09-19 15:06:31.042  3174  3174 W C02c11/APPSPAWN: errno:2 bind mount /data/app/el1/bundle/public/com.huawei.hmos.arkwebcorelegacy to /mnt/sandbox/100/com.example.callaite/data/storage/el1/bundle/arkwebcorelegacy
09-19 15:06:31.042  3174  3174 W C02c11/APPSPAWN: check dir /data/app/el1/bundle/public/com.huawei.hmos.arkwebcorelegacy failed,strerror:No such file or directory
09-19 15:06:31.042  3174  3174 W C02c11/APPSPAWN: check dir /data/app/el1/public/aot_compiler/ark_cache/com.example.callaite failed,strerror:No such file or directory
09-19 15:06:31.048  3174  3174 W C02c11/APPSPAWN: mount /mnt/sandbox/100/com.example.callaite/mnt/storage/userExternal time 5000 us
09-19 15:06:31.051  3174  3174 W C02c11/APPSPAWN: errno:2 bind mount /data/preload/app to /mnt/sandbox/100/com.example.callaite/data/preload/app
09-19 15:06:31.056  3174  3174 E C02c11/APPSPAWN: [sandbox_dec.c:247]Open dec file failed errno 2
09-19 15:06:31.056  3174  3174 I C05a03/Selinux: Hap setcon finish, context for com.example.callaite is relabeled to o:r:debug_hap:s0:x95,x334,x512,x868,x1024
09-19 15:06:31.058  3174  3174 I C05a05/SecCompEnhanceClient: [RegisterCheckCallback]Register secComp: sessionId=4167491502, seqNum=******434.
09-19 15:06:31.058  3174  3320 W C057c1/IPCWorkThread: ThreadHandler: proto:0 policy:1 name:OS_IPC_0_3320 invoker:3886496
09-19 15:06:31.059  3174  3321 W C057c1/IPCWorkThread: ThreadHandler: proto:0 policy:0 name:OS_IPC_1_3321 invoker:3885344
09-19 15:06:31.059  3174  3174 I C02d0b/HICHECKER: hichecker param is empty.
09-19 15:06:31.060  3174  3174 I C04500/webview: CalculateActiveWebEngineVersion: CalculateActiveWebEngineVersion, enforce 3
09-19 15:06:31.060  3174  3174 I C01317/AppKit: [MTHRD3495]mainthread start, pid:3174
09-19 15:06:31.060  3174  3174 I C01317/AppKit: [MTHRD3294]is not in rescue mode
09-19 15:06:31.060  3174  3174 I C01317/AppKit: [MTHRD3321]is not in rescue mode
09-19 15:06:31.064  3174  3174 I C01317/AppKit: [MTHRD442]attach
09-19 15:06:31.069  3174  3321 I C01317/AppKit: [MTHRD922]ScheduleLaunchAbility called,ability EntryAbility,1
09-19 15:06:31.073  3174  3174 I C01317/AppKit: [MTHRD267]NativeLibPath empty
09-19 15:06:31.075  3174  3174 I C01317/AppKit: [MTHRD1990]SmartGC:0 version:1000000
09-19 15:06:31.076  3174  3174 I C03f00/ArkCompiler: [ecmascript] asmint: 1, aot: 0, jit: 1, baseline jit: 0, bundle name: com.example.callaite, arkTSMode: dynamic
09-19 15:06:31.082  3174  3174 I C03f00/ArkCompiler: [ecmascript] multi-thread check enabled: 0
09-19 15:06:31.082  3174  3174 I C03f00/ArkCompiler: [pgo] reset pgo profiler, pgo profiler is disabled
09-19 15:06:31.082  3174  3174 I C03301/LIBUV: clean up handles in loop(6176)
09-19 15:06:31.082  3174  3174 I C03301/LIBUV: loop:(6176) closed in 0s
09-19 15:06:31.082  3174  3174 I C03301/LIBUV: close:6176, async_io_wfd:14
09-19 15:06:31.082  3174  3174 I C03301/LIBUV: close:6176, backend_fd:8
09-19 15:06:31.082  3174  3174 I C03301/LIBUV: init:6032
09-19 15:06:31.082  3174  3174 I C03301/LIBUV: init:6032, backend_fd:8
09-19 15:06:31.082  3174  3174 I C03301/LIBUV: open:6032, pipefd[0]:14
09-19 15:06:31.082  3174  3174 I C03f00/ArkCompiler: [ecmascript] can not find aot file
09-19 15:06:31.086  3174  3174 I C03f00/ArkCompiler: StartServer, componentName = <private>
09-19 15:06:31.086  3174  3174 W C01321/JsRuntime: [CSM161]disCon
09-19 15:06:31.086  3174  3174 I C03f00/ArkCompiler: [ecmascript] JSNApi::NotifyDebugMode, tid = 3174, debugApp = 1, isDebugMode = 0, instanceId = 0
09-19 15:06:31.087  3174  3174 I C03f00/ArkCompiler: [compiler] __jit_debug_register_code() is called.
09-19 15:06:31.087  3174  3174 I C03f00/ArkCompiler: [compiler] success to register stub.an to debugger.
09-19 15:06:31.088  3174  3325 I C01317/AppKit: [DRH689]File existed. dir: /data/storage/el2/base/cache/rawheap
09-19 15:06:31.088  3174  3325 I C01317/AppKit: [DRH667]success to create /data/storage/el2/base/cache/rawheap
09-19 15:06:31.089  3174  3334 I C02c03/PARAM_WATCHER: Add watcher keyPrefix persist.hdc.jdwp remoteWatcherId 110 success
09-19 15:06:31.091  3174  3326 E C01707/CONCUR: [Interface] task 3326 apply qos failed, errno = 4
09-19 15:06:31.094  3174  3174 W C01e00/ResourceManager: update userId, currentUserId_= 0, userId= 100
09-19 15:06:31.094  3174  3174 E C01e00/ResourceManager: LoadThemesRes failed, userId = 100, bundleName = com.example.callaite
09-19 15:06:31.094  3174  3174 W C01e00/ResourceManager: theme resources will clean, id 100
09-19 15:06:31.094  3174  3324 W C01653/NativePreferences: LoadFromDisk: The settingXml /***/el1/***/i18*** load failed.
09-19 15:06:31.097  3174  3174 E C01301/CompatiblePolicyDeviceType: [calculateResourceType:81]deviceType is empty.
09-19 15:06:31.099  3174  3174 W C01301/Ability: [resource_config_helper.cpp193]invalid source:
09-19 15:06:31.099  3174  3174 W C01301/Ability: [resource_config_helper.cpp193]invalid source:
09-19 15:06:31.100  3174  3174 I C01317/AppKit: [application_cleaner.cpp94]ClearTempData
09-19 15:06:31.104  3174  3174 I C01317/AppKit: [MTHRD2947]NtfyAppPreAbiCreate
09-19 15:06:31.117  3174  3174 I C01317/AppKit: [JAS211]LoadModule
09-19 15:06:31.117  3174  3174 W C01317/AppKit: [JAS1032]null stage
09-19 15:06:31.117  3174  3174 W C01317/AppKit: [JAS254]Not found AbilityStage.js
09-19 15:06:31.118  3174  3174 I C01317/AppKit: [OH_APP432]OnAboutToCreateAbility
09-19 15:06:31.118  3174  3174 W C01317/AppKit: [JAS349]Not found AbilityStage.js
09-19 15:06:31.118  3174  3174 I C01332/UIAbility: [ui_ability.cpp131]instanceId: beac-7758-8f24-49ed-95914c270fb44610
09-19 15:06:31.120  3174  3174 I C03f00/ArkCompiler: [ecmascript] start to execute module buffer with secure memory: /data/storage/el1/bundle/entry/ets/entryability/EntryAbility.abc
09-19 15:06:31.120  3174  3328 I C03f00/ArkCompiler: [pgo] will save profiler to file /data/storage/ark-profile/rt_entry.ap
09-19 15:06:31.120  3174  3174 E C03f00/ArkCompiler: [common] Can not open xpm proc file, do not check secure memory anymore.
09-19 15:06:31.124  3174  3174 E C01707/CONCUR: [Interface] task 3328 apply qos failed, errno = 4
09-19 15:06:31.129  3174  3174 E C01707/CONCUR: [Interface] task 3329 apply qos failed, errno = 4
09-19 15:06:31.133  3174  3174 E C01707/CONCUR: [Interface] task 3327 apply qos failed, errno = 4
09-19 15:06:31.138  3174  3174 E C01707/CONCUR: [Interface] task 3328 apply qos failed, errno = 4
09-19 15:06:31.141  3174  3174 E C01707/CONCUR: [Interface] task 3329 apply qos failed, errno = 4
09-19 15:06:31.144  3174  3174 E C01707/CONCUR: [Interface] task 3327 apply qos failed, errno = 4
09-19 15:06:31.179  3174  3174 W C03f04/MMG: [NMM:1439] First: failed do_dlsym failed: Symbol not found: NAPI_file_fs_GetABCCode, version: null so=/system/lib64/module/file/libfs.z.so.Second: failed /system/lib64/module/hms/core/libiap_napi.z.so not exist.load /system/etc/abc/core/iap.abc failed
09-19 15:06:31.179  3174  3174 E C03f00/ArkCompiler: [ecmascript] export objects of native so is undefined, so name is @hms:core.iap
09-19 15:06:31.193  3174  3174 I C04309/CLOUD_FILE_SYNC: CloudSyncExport:Class MultiDownloadProgress for module cloudSyncDownload has been exported
09-19 15:06:31.193  3174  3174 I C04309/CLOUD_FILE_SYNC: CloudSyncExport:Class CloudFileCache for module cloudSyncDownload has been exported
09-19 15:06:31.193  3174  3174 I C04309/CLOUD_FILE_SYNC: CloudSyncExport:Class Download for module cloudSyncDownload has been exported
09-19 15:06:31.193  3174  3174 I C04309/CLOUD_FILE_SYNC: CloudSyncExport:Class GallerySync for module cloudSyncDownload has been exported
09-19 15:06:31.193  3174  3174 I C04309/CLOUD_FILE_SYNC: CloudSyncExport:Class FileSync for module cloudSyncDownload has been exported
09-19 15:06:31.193  3174  3174 I C04309/CLOUD_FILE_SYNC: CloudSyncExport:Class FileVersion for module cloudSyncDownload has been exported
09-19 15:06:31.208  3174  3174 I C01324/JsNapi: [js_error_manager.cpp1837]called
09-19 15:06:31.213  3174  3174 I C01320/JsEnv: [JSENV300]timing: 93
09-19 15:06:31.213  3174  3174 I C01320/JSENV: Callee constructor is OK string
09-19 15:06:31.213  3174  3174 I C01320/JSENV: Ability::constructor callee is object [object Object]
09-19 15:06:31.214  3174  3174 I C03f00/ArkCompiler: [ecmascript] start to execute ark buffer with secure memory use file: /data/storage/el1/bundle/entry/ets/modules.abc, entrypoint: @normalized:N&&&entry/build/generated/r/ResourceTable&
09-19 15:06:31.217  3174  3174 I C01332/UIAbility: [ui_ability_thread.cpp204]Lifecycle:Attach
09-19 15:06:31.219  3174  3174 I C01317/AppKit: [MTHRD3123]called
09-19 15:06:31.219  3174  3174 I C03f00/ArkCompiler: [gc] app is not inBackground
09-19 15:06:31.223  3174  3174 E C01707/CONCUR: [Interface] task 3328 apply qos failed, errno = 4
09-19 15:06:31.226  3174  3174 E C01707/CONCUR: [Interface] task 3329 apply qos failed, errno = 4
09-19 15:06:31.229  3174  3174 E C01707/CONCUR: [Interface] task 3327 apply qos failed, errno = 4
09-19 15:06:31.234  3174  3321 I C01332/UIAbility: [ui_ability_thread.cpp352]name:EntryAbility,targeState:5,isNewWant:0
09-19 15:06:31.238  3174  3174 I C01332/UIAbility: [ui_ability_thread.cpp271]Lifecycle:name EntryAbility
09-19 15:06:31.238  3174  3174 I C04201/DMS: AddDisplayIdFromAms: abilityToken and display[0] has been added.
09-19 15:06:31.241  3174  3174 I C01332/UIAbility: [JUA2177]JsUIAbility call js, name: onCreate
09-19 15:06:31.241  3174  3174 I A00001/EntryAbility: Ability onCreate
09-19 15:06:31.242  3174  3174 E C01356/Recovery: [app_recovery_api.cpp124]invalid restartFlag: 7
09-19 15:06:31.242  3174  3174 I A00001/ErrorRecovery: App recovery enabled
09-19 15:06:31.245  3174  3174 I C01317/AppKit: [OH_APP1240]current 2, pre 0
09-19 15:06:31.245  3174  3174 W C01317/AppKit: [OH_APP1269]fontSize empty
09-19 15:06:31.245  3174  3174 I C01317/AppKit: [OH_APP1300]current 2, pre 0
09-19 15:06:31.245  3174  3174 W C01317/AppKit: [OH_APP1304]language empty
09-19 15:06:31.245  3174  3174 W C01317/AppKit: [OH_APP1323]language and locale empty
09-19 15:06:31.245  3174  3174 I C01317/AppKit: [OH_APP298]configuration_: {"0#const.build.characteristics":"phone","0#input.pointer.device":"true","0#ohos.app.fontSizeScale":"nonFollowSystem","0#ohos.application.densitydpi":"xxxldpi","0#ohos.application.direction":"vertical","0#ohos.application.displayid":"0","0#ohos.system.colorMode":"light","0#ohos.system.colorMode.isSetByApp":"isSetByApp","0#ohos.system.fontSizeScale":"1.0","0#ohos.system.fontWeightScale":"1.0","0#ohos.system.hour":"false","0#ohos.system.language":"zh-Hans","0#ohos.system.locale":"zh-Hans"}, config: {"0#ohos.system.colorMode":"light","0#ohos.system.colorMode.isSetByApp":"isSetByApp"}
09-19 15:06:31.245  3174  3174 E C04217/WMSAttribute: UpdateConfigurationSyncForAll: root is null
09-19 15:06:31.245  3174  3174 I C01332/UIAbility: [JUA2177]JsUIAbility call js, name: onConfigurationUpdated
09-19 15:06:31.245  3174  3174 I C01332/UIAbility: [JUA2222]end, name: onConfigurationUpdated, time: 0
09-19 15:06:31.245  3174  3174 I C01332/UIAbility: [JUA2177]JsUIAbility call js, name: onConfigurationUpdate
09-19 15:06:31.245  3174  3174 I C01332/UIAbility: [JUA2222]end, name: onConfigurationUpdate, time: 0
09-19 15:06:31.245  3174  3174 W C01317/AppKit: [JAS919]Not found AbilityStage.js
09-19 15:06:31.245  3174  3174 W C01317/AppKit: [JAS919]Not found AbilityStage.js
09-19 15:06:31.245  3174  3174 I C01317/AppKit: [OH_APP322]ignoreWindowContext size 0
09-19 15:06:31.245  3174  3174 E C04217/WMSAttribute: UpdateConfigurationForAll: root is null
09-19 15:06:31.245  3174  3174 I C01332/UIAbility: [JUA2222]end, name: onCreate, time: 5
09-19 15:06:31.245  3174  3174 E C01332/UIAbility: [ui_ability_impl.cpp364]hasSaveData_: false
09-19 15:06:31.246  3174  3174 W C01332/UIAbility: [JUA1352]formatRegex: []
09-19 15:06:31.246  3174  3174 I C04202/WMSMain: Init: [requestId: 11][scbRequestId: 0]WindowScene with window session!
09-19 15:06:31.246  3174  3174 I C04202/WMSMain: Init: set isModuleAbilityHookEnd
09-19 15:06:31.246  3174  3174 I C0420a/WMSLife: WindowSessionImpl: nodeId: 13632226197505
09-19 15:06:31.246  3174  3174 I C01406/OHOS::RS: RSLogManager init log flag: 0x0(0)
09-19 15:06:31.248  3174  3174 I C01406/OHOS::RS: RSRenderServiceConnectHub call CreateConnection, needRefresh:[0]
09-19 15:06:31.250  3174  3174 I C01406/OHOS::RS: RSFrameRateLinker::Create id: 13632226197504
09-19 15:06:31.250  3174  3174 I C04202/WMSMain: VsyncStation: id 13632226197505 created
09-19 15:06:31.250  3174  3174 I C04200/WindowSceneSessionImpl: WindowSceneSessionImpl: [WMSCom] Constructor callaite0
09-19 15:06:31.250  3174  3174 E C04200/WMS: SetWindowType: permission denied!
09-19 15:06:31.250  3174  3174 I C0420a/WMSLife: Create: Window Create name:callaite0, state:0, mode:0
09-19 15:06:31.251  3174  3174 I C0420a/WMSLife: Create: SetIsAbilityHookOff 0
09-19 15:06:31.251  3174  3174 W C0420a/WMSLife: IsWindowSessionInvalid: id: 0 state_: 0
09-19 15:06:31.251  3174  3174 W C04200/WindowSceneSessionImpl: AdjustWindowAnimationFlag: session invalid!
09-19 15:06:31.252  3174  3174 I C04200/WindowSceneSessionImpl: Remove window flag WINDOW_FLAG_SHOW_WHEN_LOCKED
09-19 15:06:31.253  3174  3174 I C0420a/WMSLife: Connect: in
09-19 15:06:31.256  3174  3321 I C04208/WMSLayout: UpdateRect: [WindowRectUpdate:ClientRecv] UpdateRect id:0 name:callaite0, preRect=[0 0 0 0], newRect=[0 0 1308 2880], reason:0 displayId:0
09-19 15:06:31.256  3174  3321 I C04208/WMSLayout: NotifyFirstValidLayoutUpdate: Id:0, rect:[0 0 1308 2880]
09-19 15:06:31.256  3174  3174 I C01406/OHOS::RS: RSSurfaceNode::Unmarshalling, Node: 13632226197505, Name: callaite0
09-19 15:06:31.256  3174  3321 W C04208/WMSLayout: NotifySingleHandTransformChange: id:0, uiContent is nullptr
09-19 15:06:31.257  3174  3347 W C057c1/IPCWorkThread: ThreadHandler: proto:0 policy:0 name:OS_IPC_2_3347 invoker:7960096
09-19 15:06:31.257  3174  3174 I C04208/WMSLayout: Connect: updateRect when connect.preRect:[0,0,1308,2880]rect:[0,0,1308,2880]
09-19 15:06:31.257  3174  3174 E C0421c/WMSCompat: ReadCombinedCompatibleConfig: combinedConfigSize: 0 fail to meet the conditions
09-19 15:06:31.257  3174  3174 I C0420a/WMSLife: Connect: Window Connect [name:callaite0, id:47, type:1], ret:0, oriDisplayId:0, curDisplayId:0
09-19 15:06:31.257  3174  3174 I C04204/WMSScb: RS multi-instance enabled: 1
09-19 15:06:31.257  3174  3174 I C01406/OHOS::RS: multi-instance, create RSUIContextManager, isMultiInstanceOpen_ 1
09-19 15:06:31.258  3174  3174 I C01406/OHOS::RS: RSRenderServiceConnectHub AddRenderProcessConnectionToken
09-19 15:06:31.258  3174  3174 I C01406/OHOS::RS: RSRenderServiceConnectHub::SetOnDiedCallback, code:0
09-19 15:06:31.258  3174  3174 I C01406/OHOS::RS: RSApplicationAgentImpl::RegisterRSApplicationAgent!
09-19 15:06:31.258  3174  3174 I C01406/OHOS::RS: RSUIDirector::GoCreate CurrentState:0, UIContext:13632226197505
09-19 15:06:31.258  3174  3174 I C01406/OHOS::RS: RSUIDirector::GoResume CurrentState:0, UIContext:13632226197505
09-19 15:06:31.258  3174  3174 I C01406/OHOS::RS: RSUIDirector::GoForeground CurrentState:1, UIContext:13632226197505
09-19 15:06:31.258  3174  3174 I C02c03/PARAM_WATCHER: Add watcher keyPrefix persist.sys.graphic.animationscale remoteWatcherId 110 success
09-19 15:06:31.258  3174  3174 I C04204/WMSScb: InitRSUIDirector: Create RSUIDirector: RSUIDirector's RSUIContext [token: 13632226197505, tid: 3174], rsUIContext: RSUIContext is null
09-19 15:06:31.258  3174  3174 I C0420a/WMSLife: PostInitSurfaceNode: post init surfaceNode success, name: callaite0
09-19 15:06:31.259  3174  3174 I C0421c/WMSCompat: SetAppHookWindowInfo: Id:47, preHookWindowInfo:[enableHookWindow: false, widthHookRatio: 1.000000, notifyWindowChange: false, drawableRectHook: false], newHookWindowInfo:[enableHookWindow: false, widthHookRatio: 1.000000, notifyWindowChange: false, drawableRectHook: false]
09-19 15:06:31.259  3174  3174 I C0421c/WMSCompat: SendCombinedCompatibleConfigToArkUI: bundleName: com.example.callaite, combinedCompatibleConfig size: 0
09-19 15:06:31.259  3174  3174 E C0421c/WMSCompat: SendCombinedCompatibleConfigToArkUI: Combined compatible config size is less than 2!
09-19 15:06:31.259  3174  3174 I C01406/OHOS::RS: RSSurfaceNode::SetAlphaChangedCallback, node=[13632226197505, callaite0]
09-19 15:06:31.259  3174  3174 I C04208/WMSLayout: SetWindowMode: windowId: 47, windowModeSupportType: 127, mode: 1
09-19 15:06:31.259  3174  3174 I C04208/WMSLayout: UpdateWindowModeImmediately: [WindowModeUpdate:Inner] UpdateWindowModeImmediately id:47, mode:1, splitStyle:0, splitIndex:0, state:1
09-19 15:06:31.260  3174  3174 I C04208/WMSLayout: NotifyWindowStatusChange: [WindowModeUpdate:Inner] NotifyWindowStatusChange id:47, mode:1, status:1, lastStatus:0, skipRedundant:0
09-19 15:06:31.260  3174  3174 I C04208/WMSLayout: SetConfigWindowLimitsVP: id:47, windowLimits:[0 0 0 0 0.000000 0.000000 1.000000 1]
09-19 15:06:31.260  3174  3174 I C04208/WMSLayout: GetSystemSizeLimits: systemLimitsPX: [6720 6720 1120 840 340282346638528859811704183484516925440.000000 0.000000 1.000000 0], systemLimitsVP: [1920 1920 320 240 340282346638528859811704183484516925440.000000 0.000000 1.000000 1], configMaxSize: 1920, vpr: 3.500000, winType: 1
09-19 15:06:31.260  3174  3174 I C04208/WMSLayout: UpdateWindowSizeLimits: [WindowLimitsUpdate:CalcLimits] SaveLimits id:47, px[minW:1120,minH:840,maxW:6720,maxH:6720] vp[minW:320,minH:240,maxW:1920,maxH:1920] vpr=3.500000
09-19 15:06:31.264  3174  3174 I C0421a/WMSLayoutPc: GetSupportedWindowModesConfiguration: winId: 47, windowModeSupportType: 15
09-19 15:06:31.264  3174  3174 I C04202/WMSMain: SetSupportedWindowModesForAncoInFreeWindow: is not anco app, need not update support window mode.
09-19 15:06:31.264  3174  3174 I C04208/WMSLayout: SetWindowModeSupportType: id:47, old:127, new:15
09-19 15:06:31.264  3174  3174 I C04208/WMSLayout: GetConfigurationFromAbilityInfo: windowId: 47, windowModeSupportType: 15, isAncoSupportFreeWindow: 0
09-19 15:06:31.265  3174  3174 I C0420f/WMSRecover: RegisterSessionRecoverCallbackFunc: persistentId=47
09-19 15:06:31.265  3174  3174 I C04217/WMSAttribute: UpdateStatusBarColorByColorMode: win=47, appColor=light
09-19 15:06:31.266  3174  3174 I C04200/WMS: IsMainHandlerAvailable: id:47, isAvailable:1
09-19 15:06:31.266  3174  3174 I C04200/WMS: IsMainHandlerAvailable: id:47, isAvailable:1
09-19 15:06:31.268  3174  3174 I C02800/MMIClient: [|267]Connection to server succeeded, fd:32
09-19 15:06:31.268  3174  3174 I C02800/MMIClient: [|166]Server was listening
09-19 15:06:31.268  3174  3174 I C02800/MMIClient: [|127]reuse current event handler, thread name:
09-19 15:06:31.268  3174  3174 I C02800/MMIClient: [|130]File fd is in listening
09-19 15:06:31.268  3174  3174 I C0420c/WMSEvent: AddInputWindow: SetWindowInputEventConsumer success, wid:47
09-19 15:06:31.270  3174  3174 I C04732/GameController: [(RegisterEntryModule:24)]begin load gamecontroller_event
09-19 15:06:31.270  3174  3174 I C04732/GameController: [(StartInputToTouch:61)]Begin StartInputToTouch
09-19 15:06:31.271  3174  3348 I C04732/GameController: [(GetSelfBundleName:49)]The current bundleName [com.example.callaite]. version [1.0.0]
09-19 15:06:31.271  3174  3348 I C04732/GameController: [(IsCommonApp:94)]The [com.example.callaite] is a common app.
09-19 15:06:31.271  3174  3348 W C04732/GameController: [(ReadJsonFromFile:224)]realpath failed for [/data/service/el1/public/for-all-app/gamecontroller_server/game_support_key_mapping.json]
09-19 15:06:31.271  3174  3348 I C04732/GameController: [(SetSupportKeyMapping:73)]SetSupportKeyMapping. isSupportKeyMapping_ is [0]
09-19 15:06:31.271  3174  3348 I C04732/GameController: [(DoAsyncTask:76)]The app does not support input-to-touch feature.
09-19 15:06:31.272  3174  3174 I C04217/WMSAttribute: ConnectServer: start connect
09-19 15:06:31.272  3174  3174 I C04217/WMSAttribute: ConnectServer: end connect
09-19 15:06:31.272  3174  3174 W C04217/WMSAttribute: RegisterGetWMSWindowListCallback: callback has registered
09-19 15:06:31.272  3174  3174 I C04217/WMSAttribute: RegisterGetWMSWindowListCallback: winId: 47
09-19 15:06:31.272  3174  3174 I C04217/WMSAttribute: UpdateColorMode: winId: 47, colorMode: light
09-19 15:06:31.272  3174  3174 I C04218/WMSPc: UpdateSidebarBlurStyleWhenColorModeChange: in, persistentId=47
09-19 15:06:31.272  3174  3174 W C04218/WMSPc: UpdateSidebarBlurStyleWhenColorModeChange: RSAnimatableProperty is null
09-19 15:06:31.272  3174  3174 I C04217/WMSAttribute: UpdateColorMode: winId: 47, colorMode: light, hasDarkRes: 1
09-19 15:06:31.272  3174  3174 I C0421c/WMSCompat: SetPcAppInpadSpecificSystemBarInvisible: isPcAppInpadSpecificSystemBarInvisible: 0
09-19 15:06:31.272  3174  3174 I C0421c/WMSCompat: SetPcAppInpadOrientationLandscape: isPcAppInpadOrientationLandscape: 0
09-19 15:06:31.272  3174  3174 I C0420a/WMSLife: Create: Window Create success [name:callaite0, id:47], state:1, mode:1, enableDefaultDensity:0, displayId:0
09-19 15:06:31.272  3174  3174 E C04200/WMS: singleton_container.cpp GetSingleton: cant get OHOS::Rosen::WindowInfoReporter
09-19 15:06:31.273  3174  3174 I C01332/UIAbility: [JUA2177]JsUIAbility call js, name: onWindowStageCreate
09-19 15:06:31.273  3174  3174 I A00001/EntryAbility: Ability onWindowStageCreate
09-19 15:06:31.273  3174  3174 I A03d00/JSAPP: [DataStore] Loading 2 .md files from /data/storage/el2/base/haps/entry/files/graph
09-19 15:06:31.273  3174  3174 W A03d00/JSAPP: [DataStore] Empty or unreadable file: 2026-09-19.md
09-19 15:06:31.274  3174  3174 I A03d00/JSAPP: [DataStore] Graph loaded. Pages: 1
09-19 15:06:31.275  3174  3330 I C01610/KvStoreServiceDeathNotifier: [a92ab13477433c5, 0, 0] AddServiceDeathWatcher: Success set size: <private>
09-19 15:06:31.275  3174  3330 I C01610/KvStoreServiceDeathNotifier: [a92ab13477433c5, 0, 0] GetDistributedKvDataService: Create remote proxy.
09-19 15:06:31.275  3174  3330 I C01610/DataMgrServiceProxy: [a92ab13477433c5, 0, 0] DataMgrServiceProxy: Init data service proxy.
09-19 15:06:31.275  3174  3330 I C01610/KvStoreServiceDeathNotifier: [a92ab13477433c5, 0, 0] ServiceDeathRecipient: Constructor.
09-19 15:06:31.278  3174  3330 I C01610/KvStoreClientDeathObserver: [a92ab13477433c5, 0, 0] KvStoreClientDeathObserver: This client death observer
09-19 15:06:31.278  3174  3330 I C01610/DataMgrServiceProxy: [a92ab13477433c5, 0, 0] GetFeatureInterface: get feature:kv_store
09-19 15:06:31.281  3174  3350 E C01b00/DistributedAccountFwk: Read result failed, code is: 8.
09-19 15:06:31.282  3174  3330 I C01630/DistributedDB: [a92ab13477433c5, 0, 0] before open db,db file: [size: 65536, mtime: 1789792123, inode: 824462]; db wal file: [size: 0, mtime: 1789792123, inode: 824463]; db shm file: [size: 32768, mtime: 1789801249, inode: 824466]; db dwr file: [stat() failed, errCode: -1, errno: 2]; 
09-19 15:06:31.283  3174  3330 I C01630/DistributedDB: [a92ab13477433c5, 0, 0] [SqlUp] meta[0] label[3] flag[0] ver[104]
09-19 15:06:31.283  3174  3330 I C01630/DistributedDB: [a92ab13477433c5, 0, 0] [KVDB] [StartSyncerWithNoLock] [uüª] event=3
09-19 15:06:31.284  3174  3330 I C01630/DistributedDB: [a92ab13477433c5, 0, 0] db id:75fcaa, dir:485848
09-19 15:06:31.284  3174  3330 E C01610/StoreUtil: [a92ab13477433c5, 0, 0] SetServiceGid: file not exit, filePath:/da***.db ,code:2
09-19 15:06:31.284  3174  3330 I C01610/KvStoreServiceDeathNotifier: [a92ab13477433c5, 0, 0] AddServiceDeathWatcher: Success set size: <private>
09-19 15:06:31.284  3174  3349 E C01b00/DistributedAccountFwk: Read result failed, code is: 8.
09-19 15:06:31.285  3174  3174 E C01317/AppKit: [context_impl.cpp1466]create dir /data/storage/el2/cloud failed, errno is 13
09-19 15:06:31.285  3174  3174 E C01317/AppKit: [context_impl.cpp1466]create dir /data/storage/el2/cloud failed, errno is 13
09-19 15:06:31.285  3174  3174 E C01317/AppKit: [context_impl.cpp1466]create dir /data/storage/el2/cloud failed, errno is 13
09-19 15:06:31.286  3174  3174 E C04388/file_api: [prop_n_exporter.cpp:456->MkdirExec] Failed to create directories, error: 13
09-19 15:06:31.286  3174  3174 I A03d00/JSAPP: [PluginManager] Initialized 4 plugins
09-19 15:06:31.287  3174  3174 I C01317/AppKit: [OH_APP1240]current 2, pre 0
09-19 15:06:31.287  3174  3174 W C01317/AppKit: [OH_APP1269]fontSize empty
09-19 15:06:31.287  3174  3174 I C01317/AppKit: [OH_APP1300]current 2, pre 0
09-19 15:06:31.287  3174  3174 W C01317/AppKit: [OH_APP1304]language empty
09-19 15:06:31.287  3174  3174 W C01317/AppKit: [OH_APP1323]language and locale empty
09-19 15:06:31.287  3174  3174 I C01317/AppKit: [OH_APP298]configuration_: {"0#const.build.characteristics":"phone","0#input.pointer.device":"true","0#ohos.app.fontSizeScale":"nonFollowSystem","0#ohos.application.densitydpi":"xxxldpi","0#ohos.application.direction":"vertical","0#ohos.application.displayid":"0","0#ohos.system.colorMode":"light","0#ohos.system.colorMode.isSetByApp":"isSetByApp","0#ohos.system.fontSizeScale":"1.0","0#ohos.system.fontWeightScale":"1.0","0#ohos.system.hour":"false","0#ohos.system.language":"zh-Hans","0#ohos.system.locale":"zh-Hans"}, config: {"0#ohos.system.colorMode":"light","0#ohos.system.colorMode.isSetByApp":"isSetByApp"}
09-19 15:06:31.287  3174  3174 E C04217/WMSAttribute: UpdateConfigurationSync: uiContent null, scene win=47, display=0
09-19 15:06:31.287  3174  3174 E C04217/WMSAttribute: UpdateConfigurationSyncForAll: root is null
09-19 15:06:31.288  3174  3174 I C01332/UIAbility: [JUA2177]JsUIAbility call js, name: onConfigurationUpdated
09-19 15:06:31.288  3174  3174 I C01332/UIAbility: [JUA2222]end, name: onConfigurationUpdated, time: 0
09-19 15:06:31.288  3174  3174 I C01332/UIAbility: [JUA2177]JsUIAbility call js, name: onConfigurationUpdate
09-19 15:06:31.288  3174  3174 I C01332/UIAbility: [JUA2222]end, name: onConfigurationUpdate, time: 0
09-19 15:06:31.288  3174  3174 W C01317/AppKit: [JAS919]Not found AbilityStage.js
09-19 15:06:31.288  3174  3174 W C01317/AppKit: [JAS919]Not found AbilityStage.js
09-19 15:06:31.288  3174  3174 I C01317/AppKit: [OH_APP322]ignoreWindowContext size 0
09-19 15:06:31.288  3174  3174 E C04217/WMSAttribute: UpdateConfiguration: uiContent null, scene win=47, display=0
09-19 15:06:31.288  3174  3174 I C04217/WMSAttribute: UpdateStatusBarColorByColorMode: win=47, appColor=light
09-19 15:06:31.289  3174  3174 E C04217/WMSAttribute: UpdateConfigurationForAll: root is null
09-19 15:06:31.289  3174  3174 I C04200/JsWindowStage: LoadContent: [NAPI]
09-19 15:06:31.289  3174  3174 I C01332/UIAbility: [JUA2222]end, name: onWindowStageCreate, time: 16
09-19 15:06:31.289  3174  3174 I C0420a/WMSLife: NotifyWindowStageCreateFinished: id: 47
09-19 15:06:31.289  3174  3174 I C01332/UIAbility: [JUA2177]JsUIAbility call js, name: onWillForeground
09-19 15:06:31.289  3174  3174 I C01332/UIAbility: [JUA2222]end, name: onWillForeground, time: 0
09-19 15:06:31.289  3174  3174 I C04202/WMSMain: GoForeground: [requestId: 11][scbRequestId: 0]reason: 4 isGamePreLaunch: 0
09-19 15:06:31.289  3174  3174 I C0420a/WMSLife: Show: [requestId: 11][scbRequestId: 0]Window show [name: callaite0, id: 47, type: 1], reason: 4, state:1, requestState:1
09-19 15:06:31.289  3174  3174 I C04208/WMSLayout: GetSystemSizeLimits: systemLimitsPX: [6720 6720 1120 840 340282346638528859811704183484516925440.000000 0.000000 1.000000 0], systemLimitsVP: [1920 1920 320 240 340282346638528859811704183484516925440.000000 0.000000 1.000000 1], configMaxSize: 1920, vpr: 3.500000, winType: 1
09-19 15:06:31.289  3174  3174 I C04208/WMSLayout: UpdateWindowSizeLimits: [WindowLimitsUpdate:CalcLimits] SaveLimits id:47, px[minW:1120,minH:840,maxW:6720,maxH:6720] vp[minW:320,minH:240,maxW:1920,maxH:1920] vpr=3.500000
09-19 15:06:31.289  3174  3174 I C04217/WMSAttribute: IsSystemDensityChanged: windowId: 47, lastDensity: -1.000000, currDensity: 3.500000
09-19 15:06:31.290  3174  3174 W C04200/WindowSessionImpl: UpdateViewportConfig: uiContent is null!
09-19 15:06:31.297  3174  3347 I C04207/WMSFocus: ProcessUpdateFocus: unfocusId:11, focusId:47, isFocused:1,isSyncNotify:0, old:0, new:1789801591078, current:1789801591297
09-19 15:06:31.297  3174  3347 I C04207/WMSFocus: UpdateFocusState: focus: 1, id: 47
09-19 15:06:31.297  3174  3347 I C04207/WMSFocus: NotifyApplicationFocusChangedResult: 1
09-19 15:06:31.297  3174  3321 I C04207/WMSFocus: ProcessNotifyHighlightChange: timeStamp:1789801591078, highlightId:47, isHighlight:1,isSyncNotify:0, old:0, new:1789801591078, current:1789801591297
09-19 15:06:31.297  3174  3321 I C04207/WMSFocus: NotifyHighlightChange: windowId: 47, isHighlight: 1,
09-19 15:06:31.298  3174  3347 E C0420a/WMSLife: NotifyUIExtHostRectChangeInGlobalDisplayListeners: uiContent is null
09-19 15:06:31.298  3174  3321 W C04208/WMSLayout: NotifySingleHandTransformChange: id:47, uiContent is nullptr
09-19 15:06:31.298  3174  3355 W C057c1/IPCWorkThread: ThreadHandler: proto:0 policy:0 name:OS_IPC_3_3355 invoker:3898000
09-19 15:06:31.298  3174  3174 I C01332/UIAbility: [ui_ability_impl.cpp489]wnd call, AfterForeground
09-19 15:06:31.298  3174  3174 I C01406/OHOS::RS: RSFrameRateLinker::Create id: 13632226197505
09-19 15:06:31.369  3174  3174 E C01706/ueaClient-RmeCoreSched: [Init]: do not enabled!ret: -1
09-19 15:06:31.369  3174  3174 I C01706/ueaClient-FrameMsgMgr: [Init]:inited success!
09-19 15:06:31.369  3174  3174 I C01706/ueaClient-FrameUiIntf: [Init]:ret:1, inited:1
09-19 15:06:31.370  3174  3174 I C04217/WMSAttribute: InitWaterfallMode: winId: 47
09-19 15:06:31.370  3174  3174 I C04217/WMSAttribute: NotifyWaterfallModeChange: winId: 47, waterfall: 0, stat: 2
09-19 15:06:31.370  3174  3174 I C04202/WMSMain: NotifyFreeMultiWindowModeResume: IsPcMode 0, isColdStart 1
09-19 15:06:31.370  3174  3174 I C0420a/WMSLife: Show: [requestId: 11][scbRequestId: 0]Window show success [name:callaite0, id:47, type:1]
09-19 15:06:31.371  3174  3174 W C04201/DMS: OnDisplayInfoChange: data is not changed.
09-19 15:06:31.372  3174  3174 I C01332/UIAbility: [JUA2177]JsUIAbility call js, name: onForeground
09-19 15:06:31.372  3174  3174 I A00001/EntryAbility: Ability onForeground
09-19 15:06:31.372  3174  3174 I C01332/UIAbility: [JUA2222]end, name: onForeground, time: 0
09-19 15:06:31.375  3174  3174 E C01651/data_share_manager_impl: RegisterClientDeathObserver: RegisterClientDeathObserver failed, bundleName is com.example.callaite
09-19 15:06:31.375  3174  3174 E C01651/data_share_manager_impl: GetDataShareServiceProxy: RegisterClientDeathObserver failed
09-19 15:06:31.375  3174  3355 I C01651/data_share_manager_impl: operator(): RecoverObs start
09-19 15:06:31.389  3174  3174 I C05405/CompConfigClient: GetConfigByApp: GetDataShareData return 0 result
09-19 15:06:31.389  3174  3174 E C01301/Ability: [page_config_manager.cpp62]configJson_ is empty
09-19 15:06:31.391  3174  3174 I C02d06/XCollie: Application is in starting period.
09-19 15:06:31.391  3174  3174 I C02d11/DfxUnwinder: UnwindLocal:: fpUnwind: 0
09-19 15:06:31.392  3174  3174 W C01320/JsEnv: [source_map.cpp145]the stack without line info
09-19 15:06:31.392  3174  3174 I A00001/EntryAbility: Huawei account refreshed: 
09-19 15:06:31.392  3174  3174 I C02d11/DfxUnwinder: UnwindLocal:: fpUnwind: 0
09-19 15:06:31.392  3174  3174 W C01320/JsEnv: [source_map.cpp145]the stack without line info
09-19 15:06:31.393  3174  3174 I C01612/JsKVManager: operator(): output delete reference success
09-19 15:06:31.393  3174  3174 I C01612/JsSingleKVStore: operator(): subscribe to event:dataChange
09-19 15:06:31.393  3174  3174 I C01612/JsSingleKVStore: OnDataChange: subscribe data change type 2
09-19 15:06:31.393  3174  3174 I C01630/DistributedDB: [KvStoreNbDelegate][RegisterDeviceObserver] Register device observer ok mode:1
09-19 15:06:31.393  3174  3174 I C01610/KvStoreObserverClient: KvStoreObserverClient: Start
09-19 15:06:31.394  3174  3174 I A03d00/JSAPP: [Collaboration] KVStore initialized
09-19 15:06:31.395  3174  3174 I C01332/UIAbility: [JUA2177]JsUIAbility call js, name: onDidForeground
09-19 15:06:31.395  3174  3174 I C01332/UIAbility: [JUA2222]end, name: onDidForeground, time: 0
09-19 15:06:31.395  3174  3174 I C04202/WMSMain: GoResume: in isGamePreLaunch: 0
09-19 15:06:31.395  3174  3174 I C0420a/WMSLife: SetUIContentInner: pages/Index, state:2, persistentId: 47
09-19 15:06:31.395  3174  3174 I C0420a/WMSLife: NotifySetUIContentComplete: start
09-19 15:06:31.395  3174  3174 I C0420a/WMSLife: SetUIContentComplete: persistentId=47
09-19 15:06:31.395  3174  3174 I C0420a/WMSLife: InitUIContent: start
09-19 15:06:31.395  3174  3174 I C0420a/WMSLife: DestroyExistUIContent: start
09-19 15:06:31.395  3174  3174 I C03900/Ace: [(-1:-1:undefined)] CreateUIContent.
09-19 15:06:31.395  3174  3174 I C03934/AceUIEvent: [(-1:-1:undefined)] report ace loaded
09-19 15:06:31.396  3174  3174 I C04707/HaAceEngine: OnAceLoaded end
09-19 15:06:31.396  3174  3355 I C04208/WMSLayout: NotifyWindowStatusDidChange: [WindowModeUpdate:Inner] NotifyWindowStatusDidChange id:47, mode:1, status:1, lastStatus:0, listenerSize:0, rect:[0 0 1308 2880]
09-19 15:06:31.396  3174  3174 I C03900/Ace: [(-2:-1:undefined)] Create ace bg threads pool.
09-19 15:06:31.397  3174  3174 I C03900/Ace: [(-2:-1:undefined)] Init RenderService UniRender Type:0
09-19 15:06:31.398  3174  3325 W C04707/HaClient: =========Invalid Client=========
09-19 15:06:31.400  3174  3174 W C01409/APS_MANAGER: redo Connect
09-19 15:06:31.400  3174  3174 I C01409/APS_MANAGER: Start to ConnectService
09-19 15:06:31.400  3174  3174 I C01409/APS_MANAGER: GetSystemAbilityManager success
09-19 15:06:31.400  3174  3358 I C03900/Ace: [(-1:-1:undefined)] dlsym function ReportData success.
09-19 15:06:31.401  3174  3358 I C03900/Ace: [(-1:-1:undefined)] dlsym function ReportSyncEvent success.
09-19 15:06:31.404  3174  3174 I C01409/APS_MANAGER: GetSystemAbility success
09-19 15:06:31.404  3174  3174 I C03900/Ace: [(-2:-1:undefined)] [com.example.callaite][entry][-1]: UIContent: apiCompatibleVersion: 60101024, apiTargetVersion: 260000026, and apiReleaseType: Release, useNewPipe: 1, enableCustomComponentCrossAbility: 0
09-19 15:06:31.405  3174  3174 I C02c03/PARAM_WATCHER: Add watcher keyPrefix persist.sys.arkui.animationscale remoteWatcherId 110 success
09-19 15:06:31.406  3174  3174 E C03900/Ace: [(-2:-1:undefined)] ConfigParserBase read system file failed
09-19 15:06:31.406  3174  3174 W C03900/Ace: [(-2:-1:undefined)] ArkUiFeatureParamManager failed to load xml file
09-19 15:06:31.406  3174  3174 E C03900/Ace: [(-2:-1:undefined)] ConfigParserBase read system UI correction config file failed
09-19 15:06:31.406  3174  3174 W C03900/Ace: [(-2:-1:undefined)] ArkUiFeatureParamManager failed to load UI correction config file
09-19 15:06:31.411  3174  3174 I C05405/CompConfigClient: SubscribeEvent_: SubscriberEvent, ret: 1
09-19 15:06:31.418  3174  3355 I C04200/WindowSessionImpl: NotifyTransformChange: in
09-19 15:06:31.423  3174  3174 I C05405/CompConfigClient: GetConfigByApp: GetDataShareData return 0 result
09-19 15:06:31.424  3174  3174 W C03900/Ace: [(-2:-1:undefined)] FeatureManager get config failed, key:UICorrectionStrategy ret:1
09-19 15:06:31.424  3174  3174 W C03900/Ace: [(-2:-1:undefined)] FeatureParamManager get UICorrectionStrategy from FeatureManager failed
09-19 15:06:31.428  3174  3174 I C03900/Ace: [(-2:-1:undefined)] SetLocale language tag: zh-Hans, font locale: zh-Hans, select language: zh-CN
09-19 15:06:31.428  3174  3174 I C03900/Ace: [(-2:-1:undefined)] [com.example.callaite][entry][-1]: SetLanguage: zh, colorMode: light, deviceAccess: 1
09-19 15:06:31.428  3174  3174 I C03900/Ace: [(-2:-1:undefined)] [com.example.callaite][entry][-1]: Initialize UIContent isModelJson:true
09-19 15:06:31.430  3174  3174 I C03922/AceNavigation: [(-2:-1:undefined)] subscribe hsp Update successfully
09-19 15:06:31.430  3174  3174 I C03900/Ace: [(100000:100000:scope)] SetHapPath, Use hap path to load resource
09-19 15:06:31.430  3174  3174 I C04217/WMSAttribute: RegisterWaterfallModeChangeListener: winId: 47
09-19 15:06:31.431  3174  3174 I C04200/WMS: GetSurfaceNode: name:callaite0, id:47
09-19 15:06:31.431  3174  3174 I C04200/WMS: GetSurfaceNode: name:callaite0, id:47
09-19 15:06:31.431  3174  3174 I C03900/Ace: [(100000:100000:scope)] SetRSSurfaceNode 13632226197505 with rs multi
09-19 15:06:31.431  3174  3174 I C01406/OHOS::RS: RSUIContext::AttachFromUI. token: 13632226197505 uiPiplineNum: -1
09-19 15:06:31.431  3174  3174 I C01406/OHOS::RS: RSUIContext::SetUITaskRunner, Context token:13632226197505
09-19 15:06:31.432  3174  3174 I C03925/AceRouter: [(100000:100000:scope)] createManager, deviceType: 0
09-19 15:06:31.432  3174  3174 W C03900/Ace: [(100000:100000:scope)] Invalid config:zh_Hans-long-notround-vertical-light-phone-xxxhdpi
09-19 15:06:31.433  3174  3174 I C01406/OHOS::RS: RSUIDirector::GoBackground CurrentState:2, UIContext:13632226197505
09-19 15:06:31.434  3174  3174 I C01406/OHOS::RS: RSSurfaceNode::SetAbilityState, surfaceNodeId:[13632226197505], ability state: background
09-19 15:06:31.434  3174  3174 I C03900/Ace: [(100000:100000:scope)] set translateManager to pipeline, instanceId:100000
09-19 15:06:31.434  3174  3174 I C0421d/WMSRotation: RegisterOrientationChangeListener: in
09-19 15:06:31.434  3174  3174 I C03900/Ace: [(100000:100000:scope)] AddPersistAfterLayoutTask size: 1
09-19 15:06:31.434  3174  3174 I C03919/AceInputTracking: [(100000:100000:scope)] Debug touch pass mode 0
09-19 15:06:31.435  3174  3174 E C03934/AceUIEvent: [(100000:100000:scope)] AceTransform load failed: Error loading shared library /system/lib64/libtransform_interaction_ext.z.so: No such file or directory
09-19 15:06:31.435  3174  3174 I C03937/AceResource: [(100000:100000:scope)] ResourceAdapter UpdateResConfig with colorMode light
09-19 15:06:31.435  3174  3174 W C03900/Ace: [(100000:100000:scope)] not found systemTheme in HapModuleInfo, loading default OHOS_THEME
09-19 15:06:31.435  3174  3174 I C03900/Ace: [(100000:100000:scope)] Cannot Get File List from resources/styles/
09-19 15:06:31.435  3174  3174 W C03900/Ace: [(100000:100000:scope)] GetAsset failed: resources/styles/default.json
09-19 15:06:31.444  3174  3174 I C01406/OHOS::RS: RSRootNode::Create, Node:13632226197507, Token:13632226197505
09-19 15:06:31.444  3174  3174 I C03900/Ace: [(100000:100000:scope)] root node OnAttachToFrameNode, id:0
09-19 15:06:31.444  3174  3174 I C03900/Ace: [(100000:100000:scope)] Rosenwindow set root, rsId:13632226197507
09-19 15:06:31.444  3174  3174 I C01406/OHOS::RS: RSRootNode::AttachRSSurfaceNode, SurfaceNode:13632226197505, Node:13632226197507
09-19 15:06:31.445  3174  3174 I C03900/Ace: [(100000:100000:scope)] AddPersistAfterLayoutTask size: 2
09-19 15:06:31.451  3174  3174 I C03900/Ace: [(100000:100000:scope)] focusWindowId: 0, realHostWindowId: 0
09-19 15:06:31.451  3174  3174 I C03900/Ace: [(100000:100000:scope)] [com.example.callaite][entry][100000]: window focus
09-19 15:06:31.454  3174  3174 I C02c03/PARAM_WATCHER: Add watcher keyPrefix debug.graphic.frame remoteWatcherId 110 success
09-19 15:06:31.455  3174  3174 E C03900/Ace: [(100000:100000:scope)] ERROR EACCES
09-19 15:06:31.455  3174  3174 E C03900/Ace: [(100000:100000:scope)] ERROR EACCES
09-19 15:06:31.455  3174  3174 I C03900/Ace: [(100000:100000:scope)] ArkUIInvisibleFreeze: 0
09-19 15:06:31.455  3174  3174 I C03900/Ace: [(100000:100000:scope)] [com.example.callaite][entry][100000]: SetMinPlatformVersion is 60101024
09-19 15:06:31.455  3174  3174 I C04209/WMSImms: RegisterAvoidAreaChangeListener: win 47
09-19 15:06:31.457  3174  3174 E C04200/IMockSessionManager: Read result failed, code is: 4.
09-19 15:06:31.458  3174  3174 E C04200/IMockSessionManager: Read result failed, code is: 4.
09-19 15:06:31.458  3174  3174 I C04200/WMS: InitSessionManagerServiceProxy: Init success, userId=-1
09-19 15:06:31.459  3174  3174 I C04200/WMS: InitSceneSessionManagerLiteProxy: Init success, userId=-1
09-19 15:06:31.459  3174  3174 I C04204/WMSScb: InitSceneSessionManagerProxy: enter, userId=-1
09-19 15:06:31.459  3174  3174 I C04204/WMSScb: GetSceneSessionManagerProxy: init first time, userId=-1
09-19 15:06:31.461  3174  3355 E C0420a/WMSLife: NotifyUIExtHostRectChangeInGlobalDisplayListeners: uiContent is null
09-19 15:06:31.461  3174  3355 I C04208/WMSLayout: UpdateRect: [WindowRectUpdate:ClientRecv] UpdateRect id:47 name:callaite0, preRect=[0 0 1308 2880], newRect=[0 0 1308 2880], reason:23 displayId:0
09-19 15:06:31.463  3174  3174 I C04209/WMSImms: GetAvoidAreaByType: win 47 type not supported
09-19 15:06:31.463  3174  3174 I C03917/AceSafeArea: [(100000:100000:scope)] InitializeSafeArea systemInsets:SafeAreaInsets left_: [start: 0, end: 0], top_: [start: 0, end: 136], right_: [start: 0, end: 0], bottom_: [start: 0, end: 0], cutoutInsets:SafeAreaInsets left_: [start: 0, end: 0], top_: [start: 50, end: 128], right_: [start: 0, end: 0], bottom_: [start: 0, end: 0], navInsets:SafeAreaInsets left_: [start: 0, end: 0], top_: [start: 0, end: 0], right_: [start: 0, end: 0], bottom_: [start: 2782, end: 2880], floatNavInsets:SafeAreaInsets left_: [start: 0, end: 0], top_: [start: 0, end: 0], right_: [start: 0, end: 0], bottom_: [start: 0, end: 0]
09-19 15:06:31.464  3174  3174 I C0394e/AceWindow: [(100000:100000:scope)] Initialize displayId: 0, availableRect: [0, 0, 1308, 2880]
09-19 15:06:31.464  3174  3174 I C03900/Ace: [(100000:100000:scope)] Failed to open libthp_extra_innerapi.z.so, reason: Error loading shared library /system/lib64/libthp_extra_innerapi.z.so: No such file or directory
09-19 15:06:31.465  3174  3174 I C03900/Ace: [(-2:100000:singleton)] [com.example.callaite][entry][100000]: Initialize: pages/Index
09-19 15:06:31.465  3174  3174 I C03900/Ace: [(100000:100000:scope)] RunPage:pages/Index
09-19 15:06:31.465  3174  3174 W C03900/Ace: [(100000:100000:scope)] GetAsset failed: manifest.json
09-19 15:06:31.465  3174  3358 I C03951/InputKeyFlow: [(-1:100000:singleton)] Subscribe touch.events.pass.through Event
09-19 15:06:31.465  3174  3174 I C04200/WMS: InitUIContent: [0, 0]
09-19 15:06:31.465  3174  3174 I C0420a/WMSLife: RegisterUIContenCallback: start
09-19 15:06:31.465  3174  3174 I C04208/WMSLayout: SetUIContentInner: single hand, id:47, posX:0, posY:0, scaleX:1.000000, scaleY:1.000000
09-19 15:06:31.466  3174  3174 I C04219/WMSDecor: UpdateDecorEnable: decorVisible:1, isDockAutoHide:0, isDecorHiddenByApp:0, isMaximizeInvoked:0, id:47
09-19 15:06:31.466  3174  3174 I C03900/Ace: [(-2:100000:singleton)] [com.example.callaite][entry][100000]: UpdateWindowVisible: 1, hasDecor: 0
09-19 15:06:31.466  3174  3174 I C03900/Ace: [(-2:100000:singleton)] [com.example.callaite][entry][100000]: NotifyWindowMode mode = 1
09-19 15:06:31.466  3174  3362 I C02c03/PARAM_WATCHER: Add watcher keyPrefix persist.ace.trace.layout.enabled remoteWatcherId 110 success
09-19 15:06:31.471  3174  3362 I C02c03/PARAM_WATCHER: Add watcher keyPrefix persist.ace.trace.inputevent.enabled remoteWatcherId 110 success
09-19 15:06:31.471  3174  3174 I C03900/Ace: [(-2:100000:singleton)] [com.example.callaite][entry][100000]: window foreground
09-19 15:06:31.471  3174  3174 I C03900/Ace: [(100000:100000:scope)] Update application state , state: ON_SHOW
09-19 15:06:31.471  3174  3174 I C01406/OHOS::RS: RSUIDirector::GoForeground CurrentState:3, UIContext:13632226197505
09-19 15:06:31.471  3174  3174 I C01406/OHOS::RS: RSSurfaceNode::SetAbilityState, surfaceNodeId:[13632226197505], ability state: foreground
09-19 15:06:31.472  3174  3362 I C02c03/PARAM_WATCHER: Add watcher keyPrefix const.security.developermode.state remoteWatcherId 110 success
09-19 15:06:31.472  3174  3362 I C02c03/PARAM_WATCHER: Add watcher keyPrefix persist.ace.debug.statemgr.enabled remoteWatcherId 110 success
09-19 15:06:31.473  3174  3362 I C02c03/PARAM_WATCHER: Add watcher keyPrefix persist.ace.debug.boundary.enabled remoteWatcherId 110 success
09-19 15:06:31.473  3174  3362 I C02c03/PARAM_WATCHER: Add watcher keyPrefix persist.ace.performance.monitor.enabled remoteWatcherId 110 success
09-19 15:06:31.473  3174  3174 I C03900/Ace: [(100000:100000:scope)] ArkUI requests first Vsync.
09-19 15:06:31.473  3174  3365 W C057c1/IPCWorkThread: ThreadHandler: proto:0 policy:0 name:OS_IPC_4_3365 invoker:10183696
09-19 15:06:31.473  3174  3174 I C04202/WMSMain: RequestVsync: First vsync has requested, nodeId: 13632226197505
09-19 15:06:31.474  3174  3174 I C03959/AceLayout: [(-2:100000:singleton)] UVC Viewport config: size: (1308, 2880) orientation: 0 density: 3.500000 position: (0, 0) transformHint: 0 displayId: 0 forceSplitDisplayConfig: disable forceSplit, mode: 0, WSCR 0, IRN 1, , keyboardInfo is null
09-19 15:06:31.474  3174  3174 I C03922/AceNavigation: [(100000:100000:scope)] disable forceSplit, mode:0
09-19 15:06:31.474  3174  3174 I C04208/WMSLayout: UpdateViewportConfig: Id: 47, reason: 0, viewportRect: [0 0 1308 2880], displayOrientation: 0, config[0, 0, 0, 3.500000]
09-19 15:06:31.474  3174  3174 I C03900/Ace: [(-2:100000:singleton)] [com.example.callaite][entry][100000]: window focus
09-19 15:06:31.474  3174  3174 I C03900/Ace: [(-2:100000:singleton)] [com.example.callaite][entry][100000]:window active
09-19 15:06:31.474  3174  3174 I C04208/WMSLayout: NotifyAfterUIContentReady: Renotify transform, id:47, scaleX:1.000000, scaleY:1.000000
09-19 15:06:31.474  3174  3174 I C02d11/DfxUnwinder: UnwindLocal:: fpUnwind: 0
09-19 15:06:31.475  3174  3174 W C01320/JsEnv: [source_map.cpp145]the stack without line info
09-19 15:06:31.475  3174  3174 I A00001/EntryAbility: Succeeded in loading the content.
09-19 15:06:31.475  3174  3174 I C04200/JsWindowStage: Window [47, callaite0] load content end, ret=0
09-19 15:06:31.475  3174  3174 I C04209/WMSImms: NotifyAvoidAreaChange: win 47 api 26 type 0 area top [0 0 1308 136] 
09-19 15:06:31.475  3174  3174 I C04209/WMSImms: NotifyAvoidAreaChange: win 47 api 26 type 1 area top [615 50 78 78] 
09-19 15:06:31.475  3174  3174 I C04209/WMSImms: NotifyAvoidAreaChange: win 47 api 26 type 2 area empty
09-19 15:06:31.475  3174  3174 I C04209/WMSImms: NotifyAvoidAreaChange: win 47 api 26 type 3 area empty
09-19 15:06:31.475  3174  3174 I C04209/WMSImms: NotifyAvoidAreaChange: win 47 api 26 type 4 area bottom [425 2782 458 98] 
09-19 15:06:31.475  3174  3174 I C03922/AceNavigation: [(100000:100000:scope)] disable forceSplit, mode:0
09-19 15:06:31.476  3174  3174 I C04208/WMSLayout: UpdateViewportConfig: Id: 47, reason: 0, viewportRect: [0 0 1308 2880], displayOrientation: 0, config[0, 0, 0, 3.500000]
09-19 15:06:31.476  3174  3174 I C03900/Ace: [(100000:100000:scope)] Update application state , state: ON_ACTIVE
09-19 15:06:31.476  3174  3174 I C0391c/AceFocus: [(100000:100000:scope)] Window: 47 get focus.
09-19 15:06:31.477  3174  3174 W C0391c/AceFocus: [(100000:100000:scope)] Current focus view can not found!
09-19 15:06:31.477  3174  3174 I C0391c/AceFocus: [(100000:100000:scope)] Request focus on rootFocusHub: root/0
09-19 15:06:31.477  3174  3174 I C03922/AceNavigation: [(100000:100000:scope)] disable forceSplit, mode:0
09-19 15:06:31.478  3174  3174 I C04208/WMSLayout: UpdateViewportConfig: Id: 47, reason: 23, viewportRect: [0 0 1308 2880], displayOrientation: 0, config[0, 0, 0, 3.500000]
09-19 15:06:31.478  3174  3174 I C03925/AceRouter: [(100000:100000:scope)] Page router manager is creating page[1]: url: pages/Index path: pages/Index.js, recoverable: yes, namedRouter: no
09-19 15:06:31.512  3174  3174 I C03f04/MMG: [NMM:1561]Module:file.photoAccessHelper
09-19 15:06:31.513  3174  3174 W C03f04/MMG: [NMM:1466] Name mismatch: file.photoAccessHelperNative != file.photoAccessHelper
09-19 15:06:31.516  3174  3174 I C02b71/MediaLibraryNapi: Common:{Init:156} TaskSignalNapi::Init in
09-19 15:06:31.516  3174  3174 I C02b71/MediaLibraryNapi: Common:{Init:164} TaskSignalNapi::Init success
09-19 15:06:31.525  3174  3174 I C02b01/CAMERA: {63} PickerOnLoad
09-19 15:06:31.525  3174  3174 I C02b01/CAMERA: {463} CameraPickerNapi E
09-19 15:06:31.525  3174  3174 W C03f04/MMG: [NMM:1466] Name mismatch: web.webnativemessagingextensionmanager_napi != web.webNativeMessagingExtensionManager
09-19 15:06:31.526  3174  3174 I C03f04/MMG: [NMM:1561]Module:arkui.node
09-19 15:06:31.537  3174  3325 I C04215/WMSHierarchy: GetTopWindowWithContext: mainId:47!
09-19 15:06:31.537  3174  3174 I C04201/DMS: IfCallbackRegistered: change not registered!
09-19 15:06:31.537  3174  3174 I C04201/DMS: JsDisplayListener: Constructor
09-19 15:06:31.542  3174  3174 I C0391c/AceFocus: [(100000:100000:scope)] Request focus id can not found.
09-19 15:06:31.543  3174  3174 W C03926/AceTheme: [(100000:100000:scope)] style 125829872 not contains scroll_bar_pattern!
09-19 15:06:31.543  3174  3174 W C03926/AceTheme: [(100000:100000:scope)] style scroll_bar_pattern get attr scroll_bar_interactive error!
09-19 15:06:31.543  3174  3174 W C03926/AceTheme: [(100000:100000:scope)] style scroll_bar_pattern not contains arc_scroll_bar_normal_background_width!
09-19 15:06:31.544  3174  3174 W C03926/AceTheme: [(100000:100000:scope)] style 125829872 not contains scrollable_pattern!
09-19 15:06:31.544  3174  3174 W C03926/AceTheme: [(100000:100000:scope)] style scrollable_pattern not contains scroll_able_default_scrolling_distance!
09-19 15:06:31.568  3174  3174 W C03926/AceTheme: [(100000:100000:scope)] style text_pattern not contains linear_split_child_min_size!
09-19 15:06:31.569  3174  3174 W C03926/AceTheme: [(100000:100000:scope)] style text_pattern not contains menu_celia_ask_is_support!
09-19 15:06:31.569  3174  3174 W C03926/AceTheme: [(100000:100000:scope)] style 125829872 not contains app_theme_pattern!
09-19 15:06:31.569  3174  3174 W C01e00/ResourceManager: by id=125835722 limitPaths is empty
09-19 15:06:31.569  3174  3174 E C01e00/ResourceManager: ref <private> id not found
09-19 15:06:31.569  3174  3174 W C01e00/ResourceManager: by id=125835722 limitPaths is empty
09-19 15:06:31.569  3174  3174 E C01e00/ResourceManager: ref <private> id not found
09-19 15:06:31.569  3174  3174 W C03937/AceResource: [(100000:100000:scope)] Get pattern by name error, name=app_theme_pattern, bundleName: com.example.callaite, moduleName: entry
09-19 15:06:31.569  3174  3174 W C01e00/ResourceManager: by id=125835722 limitPaths is empty
09-19 15:06:31.569  3174  3174 E C01e00/ResourceManager: ref <private> id not found
09-19 15:06:31.569  3174  3174 W C01e00/ResourceManager: by id=125835722 limitPaths is empty
09-19 15:06:31.569  3174  3174 E C01e00/ResourceManager: ref <private> id not found
09-19 15:06:31.569  3174  3174 W C03937/AceResource: [(100000:100000:scope)] Get pattern by name error, name=app_theme_pattern
09-19 15:06:31.569  3174  3174 W C03926/AceTheme: [(100000:100000:scope)] style app_theme_pattern not contains app_theme_drag_distancethreshold!
09-19 15:06:31.589  3174  3174 I C0391c/AceFocus: [(100000:100000:scope)] view: page/2 show
09-19 15:06:31.589  3174  3174 I C03922/AceNavigation: [(100000:100000:scope)] can't find inner navigation
09-19 15:06:31.590  3174  3174 I C03933/AceKeyboard: [(100000:100000:scope)] PageChangeCloseKB
09-19 15:06:31.590  3174  3174 I C03925/AceRouter: [(100000:100000:scope)] LoadPage Success
09-19 15:06:31.591  3174  3174 I C04200/JsWindow: CreateJsWindow callaite0
09-19 15:06:31.591  3174  3174 I C0420a/WMSLife: JsWindow: window: callaite0, ctorCnt: 1
09-19 15:06:31.591  3174  3174 I C0420a/WMSLife: CreateJsWindowObject: Add window callaite0
09-19 15:06:31.592  3174  3174 I C0392a/AceUiExtensionComponent: [(-2:100000:singleton)] NotifyWindowMode aliveUIExtensions = 0
09-19 15:06:31.592  3174  3174 I C0394e/AceWindow: [(100000:100000:scope)] Update displayWindowRect in UpdateViewportConfig to : Rect (0.00, 0.00) - [1308.00 x 2880.00]
09-19 15:06:31.592  3174  3174 I C03917/AceSafeArea: [(100000:100000:scope)] SetIsFullScreen 1
09-19 15:06:31.592  3174  3174 I C03900/Ace: [(100000:100000:scope)] Root node request first frame.
09-19 15:06:31.592  3174  3174 I C03900/Ace: [(100000:100000:scope)] Update application state , state: ON_ACTIVE
09-19 15:06:31.593  3174  3174 I C0391c/AceFocus: [(100000:100000:scope)] Window: 47 get focus.
09-19 15:06:31.593  3174  3174 I C03900/Ace: [(100000:100000:scope)] Update application state , state: ON_ACTIVE
09-19 15:06:31.593  3174  3174 I C04202/WMSMain: VsyncCallbackInner: First vsync has come back, nodeId: 13632226197505
09-19 15:06:31.594  3174  3174 I C01408/Text: InitTextBundleConfig: Adapter text height enabled 0
09-19 15:06:31.594  3174  3174 I C01408/Text: InitTextBundleConfig: Disable spacing for control char 0
09-19 15:06:31.595  3174  3174 E C02d34/HistogramClient: ArkGraphics2d.Text.OH_Drawing_TextStyleAddFontVariation is not in metadata.
09-19 15:06:31.702  3174  3174 E C01707/CONCUR: [Interface] task 3328 apply qos failed, errno = 4
09-19 15:06:31.705  3174  3174 E C01707/CONCUR: [Interface] task 3329 apply qos failed, errno = 4
09-19 15:06:31.707  3174  3174 E C01707/CONCUR: [Interface] task 3327 apply qos failed, errno = 4
09-19 15:06:31.709  3174  3174 E C01707/CONCUR: [Interface] task 3328 apply qos failed, errno = 4
09-19 15:06:31.711  3174  3174 E C01707/CONCUR: [Interface] task 3329 apply qos failed, errno = 4
09-19 15:06:31.717  3174  3174 E C01707/CONCUR: [Interface] task 3327 apply qos failed, errno = 4
09-19 15:06:31.820  3174  3174 E C01707/CONCUR: [Interface] task 3328 apply qos failed, errno = 4
09-19 15:06:31.823  3174  3174 E C01707/CONCUR: [Interface] task 3329 apply qos failed, errno = 4
09-19 15:06:31.825  3174  3174 E C01707/CONCUR: [Interface] task 3327 apply qos failed, errno = 4
09-19 15:06:31.828  3174  3174 E C01707/CONCUR: [Interface] task 3328 apply qos failed, errno = 4
09-19 15:06:31.830  3174  3174 E C01707/CONCUR: [Interface] task 3329 apply qos failed, errno = 4
09-19 15:06:31.833  3174  3174 E C01707/CONCUR: [Interface] task 3327 apply qos failed, errno = 4
09-19 15:06:31.976  3174  3174 E C01707/CONCUR: [Interface] task 3328 apply qos failed, errno = 4
09-19 15:06:31.978  3174  3174 E C01707/CONCUR: [Interface] task 3329 apply qos failed, errno = 4
09-19 15:06:31.981  3174  3174 E C01707/CONCUR: [Interface] task 3327 apply qos failed, errno = 4
09-19 15:06:31.984  3174  3174 E C01707/CONCUR: [Interface] task 3328 apply qos failed, errno = 4
09-19 15:06:31.987  3174  3174 E C01707/CONCUR: [Interface] task 3329 apply qos failed, errno = 4
09-19 15:06:31.989  3174  3174 E C01707/CONCUR: [Interface] task 3327 apply qos failed, errno = 4
09-19 15:06:32.094  3174  3174 E C01707/CONCUR: [Interface] task 3328 apply qos failed, errno = 4
09-19 15:06:32.097  3174  3174 E C01707/CONCUR: [Interface] task 3329 apply qos failed, errno = 4
09-19 15:06:32.099  3174  3174 E C01707/CONCUR: [Interface] task 3327 apply qos failed, errno = 4
09-19 15:06:32.103  3174  3174 E C01707/CONCUR: [Interface] task 3328 apply qos failed, errno = 4
09-19 15:06:32.105  3174  3174 E C01707/CONCUR: [Interface] task 3329 apply qos failed, errno = 4
09-19 15:06:32.108  3174  3174 E C01707/CONCUR: [Interface] task 3327 apply qos failed, errno = 4
09-19 15:06:32.218  3174  3174 E C01707/CONCUR: [Interface] task 3328 apply qos failed, errno = 4
09-19 15:06:32.221  3174  3174 E C01707/CONCUR: [Interface] task 3329 apply qos failed, errno = 4
09-19 15:06:32.223  3174  3174 E C01707/CONCUR: [Interface] task 3327 apply qos failed, errno = 4
09-19 15:06:32.226  3174  3174 E C01707/CONCUR: [Interface] task 3328 apply qos failed, errno = 4
09-19 15:06:32.229  3174  3174 E C01707/CONCUR: [Interface] task 3329 apply qos failed, errno = 4
09-19 15:06:32.231  3174  3174 E C01707/CONCUR: [Interface] task 3327 apply qos failed, errno = 4
09-19 15:06:32.337  3174  3174 E C01707/CONCUR: [Interface] task 3328 apply qos failed, errno = 4
09-19 15:06:32.340  3174  3174 E C01707/CONCUR: [Interface] task 3329 apply qos failed, errno = 4
09-19 15:06:32.342  3174  3174 E C01707/CONCUR: [Interface] task 3327 apply qos failed, errno = 4
09-19 15:06:32.345  3174  3174 E C01707/CONCUR: [Interface] task 3328 apply qos failed, errno = 4
09-19 15:06:32.349  3174  3174 E C01707/CONCUR: [Interface] task 3329 apply qos failed, errno = 4
09-19 15:06:32.352  3174  3174 E C01707/CONCUR: [Interface] task 3327 apply qos failed, errno = 4
09-19 15:06:32.456  3174  3174 E C01707/CONCUR: [Interface] task 3328 apply qos failed, errno = 4
09-19 15:06:32.458  3174  3174 E C01707/CONCUR: [Interface] task 3329 apply qos failed, errno = 4
09-19 15:06:32.461  3174  3174 E C01707/CONCUR: [Interface] task 3327 apply qos failed, errno = 4
09-19 15:06:32.464  3174  3174 E C01707/CONCUR: [Interface] task 3328 apply qos failed, errno = 4
09-19 15:06:32.466  3174  3174 E C01707/CONCUR: [Interface] task 3329 apply qos failed, errno = 4
09-19 15:06:32.468  3174  3174 E C01707/CONCUR: [Interface] task 3327 apply qos failed, errno = 4
09-19 15:06:32.573  3174  3174 E C01707/CONCUR: [Interface] task 3328 apply qos failed, errno = 4
09-19 15:06:32.575  3174  3174 E C01707/CONCUR: [Interface] task 3329 apply qos failed, errno = 4
09-19 15:06:32.578  3174  3174 E C01707/CONCUR: [Interface] task 3327 apply qos failed, errno = 4
09-19 15:06:32.581  3174  3174 E C01707/CONCUR: [Interface] task 3328 apply qos failed, errno = 4
09-19 15:06:32.583  3174  3174 E C01707/CONCUR: [Interface] task 3329 apply qos failed, errno = 4
09-19 15:06:32.586  3174  3174 E C01707/CONCUR: [Interface] task 3327 apply qos failed, errno = 4
09-19 15:06:32.693  3174  3174 E C01707/CONCUR: [Interface] task 3328 apply qos failed, errno = 4
09-19 15:06:32.696  3174  3174 E C01707/CONCUR: [Interface] task 3329 apply qos failed, errno = 4
09-19 15:06:32.698  3174  3174 E C01707/CONCUR: [Interface] task 3327 apply qos failed, errno = 4
09-19 15:06:32.701  3174  3174 E C01707/CONCUR: [Interface] task 3328 apply qos failed, errno = 4
09-19 15:06:32.704  3174  3174 E C01707/CONCUR: [Interface] task 3329 apply qos failed, errno = 4
09-19 15:06:32.706  3174  3174 E C01707/CONCUR: [Interface] task 3327 apply qos failed, errno = 4
09-19 15:06:32.813  3174  3174 E C01707/CONCUR: [Interface] task 3328 apply qos failed, errno = 4
09-19 15:06:32.815  3174  3174 E C01707/CONCUR: [Interface] task 3329 apply qos failed, errno = 4
09-19 15:06:32.817  3174  3174 E C01707/CONCUR: [Interface] task 3327 apply qos failed, errno = 4
09-19 15:06:32.821  3174  3174 E C01707/CONCUR: [Interface] task 3328 apply qos failed, errno = 4
09-19 15:06:32.823  3174  3174 E C01707/CONCUR: [Interface] task 3329 apply qos failed, errno = 4
09-19 15:06:32.826  3174  3174 E C01707/CONCUR: [Interface] task 3327 apply qos failed, errno = 4
09-19 15:06:32.932  3174  3174 E C01707/CONCUR: [Interface] task 3328 apply qos failed, errno = 4
09-19 15:06:32.935  3174  3174 E C01707/CONCUR: [Interface] task 3329 apply qos failed, errno = 4
09-19 15:06:32.937  3174  3174 E C01707/CONCUR: [Interface] task 3327 apply qos failed, errno = 4
09-19 15:06:32.940  3174  3174 E C01707/CONCUR: [Interface] task 3328 apply qos failed, errno = 4
09-19 15:06:32.943  3174  3174 E C01707/CONCUR: [Interface] task 3329 apply qos failed, errno = 4
09-19 15:06:32.945  3174  3174 E C01707/CONCUR: [Interface] task 3327 apply qos failed, errno = 4
09-19 15:06:33.052  3174  3174 E C01707/CONCUR: [Interface] task 3328 apply qos failed, errno = 4
09-19 15:06:33.056  3174  3174 E C01707/CONCUR: [Interface] task 3329 apply qos failed, errno = 4
09-19 15:06:33.059  3174  3174 E C01707/CONCUR: [Interface] task 3327 apply qos failed, errno = 4
09-19 15:06:33.063  3174  3174 E C01707/CONCUR: [Interface] task 3328 apply qos failed, errno = 4
09-19 15:06:33.065  3174  3174 E C01707/CONCUR: [Interface] task 3329 apply qos failed, errno = 4
09-19 15:06:33.068  3174  3174 E C01707/CONCUR: [Interface] task 3327 apply qos failed, errno = 4
09-19 15:06:33.186  3174  3174 E C01707/CONCUR: [Interface] task 3328 apply qos failed, errno = 4
09-19 15:06:33.189  3174  3174 E C01707/CONCUR: [Interface] task 3329 apply qos failed, errno = 4
09-19 15:06:33.191  3174  3174 E C01707/CONCUR: [Interface] task 3327 apply qos failed, errno = 4
09-19 15:06:33.195  3174  3174 E C01707/CONCUR: [Interface] task 3328 apply qos failed, errno = 4
09-19 15:06:33.198  3174  3174 E C01707/CONCUR: [Interface] task 3329 apply qos failed, errno = 4
09-19 15:06:33.201  3174  3174 E C01707/CONCUR: [Interface] task 3327 apply qos failed, errno = 4
09-19 15:06:33.316  3174  3174 E C01707/CONCUR: [Interface] task 3328 apply qos failed, errno = 4
09-19 15:06:33.322  3174  3174 E C01707/CONCUR: [Interface] task 3329 apply qos failed, errno = 4
09-19 15:06:33.324  3174  3174 E C01707/CONCUR: [Interface] task 3327 apply qos failed, errno = 4
09-19 15:06:33.328  3174  3174 E C01707/CONCUR: [Interface] task 3328 apply qos failed, errno = 4
09-19 15:06:33.330  3174  3174 E C01707/CONCUR: [Interface] task 3329 apply qos failed, errno = 4
09-19 15:06:33.332  3174  3174 E C01707/CONCUR: [Interface] task 3327 apply qos failed, errno = 4
09-19 15:06:33.445  3174  3174 E C01707/CONCUR: [Interface] task 3328 apply qos failed, errno = 4
09-19 15:06:33.447  3174  3174 E C01707/CONCUR: [Interface] task 3329 apply qos failed, errno = 4
09-19 15:06:33.450  3174  3174 E C01707/CONCUR: [Interface] task 3327 apply qos failed, errno = 4
09-19 15:06:33.454  3174  3174 E C01707/CONCUR: [Interface] task 3328 apply qos failed, errno = 4
09-19 15:06:33.457  3174  3174 E C01707/CONCUR: [Interface] task 3329 apply qos failed, errno = 4
09-19 15:06:33.459  3174  3174 E C01707/CONCUR: [Interface] task 3327 apply qos failed, errno = 4
09-19 15:06:33.570  3174  3174 E C01707/CONCUR: [Interface] task 3328 apply qos failed, errno = 4
09-19 15:06:33.573  3174  3174 E C01707/CONCUR: [Interface] task 3329 apply qos failed, errno = 4
09-19 15:06:33.575  3174  3174 E C01707/CONCUR: [Interface] task 3327 apply qos failed, errno = 4
09-19 15:06:33.578  3174  3174 E C01707/CONCUR: [Interface] task 3328 apply qos failed, errno = 4
09-19 15:06:33.581  3174  3174 E C01707/CONCUR: [Interface] task 3329 apply qos failed, errno = 4
09-19 15:06:33.583  3174  3174 E C01707/CONCUR: [Interface] task 3327 apply qos failed, errno = 4
09-19 15:06:33.695  3174  3174 E C01707/CONCUR: [Interface] task 3328 apply qos failed, errno = 4
09-19 15:06:33.697  3174  3174 E C01707/CONCUR: [Interface] task 3329 apply qos failed, errno = 4
09-19 15:06:33.700  3174  3174 E C01707/CONCUR: [Interface] task 3327 apply qos failed, errno = 4
09-19 15:06:33.704  3174  3174 E C01707/CONCUR: [Interface] task 3328 apply qos failed, errno = 4
09-19 15:06:33.707  3174  3174 E C01707/CONCUR: [Interface] task 3329 apply qos failed, errno = 4
09-19 15:06:33.709  3174  3174 E C01707/CONCUR: [Interface] task 3327 apply qos failed, errno = 4
09-19 15:06:33.740  3174  3174 E C01707/CONCUR: [Interface] task 3328 apply qos failed, errno = 4
09-19 15:06:33.742  3174  3174 E C01707/CONCUR: [Interface] task 3329 apply qos failed, errno = 4
09-19 15:06:33.745  3174  3174 E C01707/CONCUR: [Interface] task 3327 apply qos failed, errno = 4
09-19 15:06:33.750  3174  3174 E C01707/CONCUR: [Interface] task 3328 apply qos failed, errno = 4
09-19 15:06:33.752  3174  3174 E C01707/CONCUR: [Interface] task 3329 apply qos failed, errno = 4
09-19 15:06:33.755  3174  3174 E C01707/CONCUR: [Interface] task 3327 apply qos failed, errno = 4
09-19 15:06:33.789  3174  3174 E C01707/CONCUR: [Interface] task 3328 apply qos failed, errno = 4
09-19 15:06:33.793  3174  3174 E C01707/CONCUR: [Interface] task 3329 apply qos failed, errno = 4
09-19 15:06:33.796  3174  3174 E C01707/CONCUR: [Interface] task 3327 apply qos failed, errno = 4
09-19 15:06:33.799  3174  3174 E C01707/CONCUR: [Interface] task 3328 apply qos failed, errno = 4
09-19 15:06:33.801  3174  3174 E C01707/CONCUR: [Interface] task 3329 apply qos failed, errno = 4
09-19 15:06:33.804  3174  3174 E C01707/CONCUR: [Interface] task 3327 apply qos failed, errno = 4
09-19 15:06:41.061  3174  3322 I C01310/AppDfr: [watchdog.cpp356]Thread may be blocked, not report time. currTime: 1789801601061, lastTime: 1789801594062
09-19 15:06:44.060  3174  3322 W C01310/AppDfr: [appfreeze_inner.cpp760]hisysevent write FREEZE_HALF_HIVIEW_LOG, pid:3174, packageName:, ret:0
09-19 15:06:44.061  3174  3322 W C02d06/XCollie: Sample freeze half file=freeze_20260919150644_3174.txt
09-19 15:06:44.061  3174  3322 I C01310/AppDfr: [appfreeze_inner.cpp595]start to sample freeze stack, eventName:THREAD_BLOCK_3S
09-19 15:06:44.061  3174  3322 W C01310/AppDfr: [appfreeze_inner.cpp627]submit reportAppFreeze, name:THREAD_BLOCK_3S, startTime:2026-09-19 15:06:44.061
09-19 15:06:44.061  3174  3322 E C02d06/XCollie: ThreadSampler initialize failed.
09-19 15:06:44.061  3174  3350 I C01201/EventHandler: EventHandler start dumper!
09-19 15:06:44.061  3174  3350 I C01201/EventHandler: EventHandler end dumper!
09-19 15:06:44.061  3174  3350 W C01310/AppDfr: [appfreeze_inner.cpp683]get mainhandler dump, eventName:THREAD_BLOCK_3S, endTime:2026-09-19 15:06:44.061, interval:0 ms
09-19 15:06:44.061  3174  3350 E C02d06/XCollie: no freeze callback
09-19 15:06:44.062  3174  3350 I C03f00/ArkCompiler: [ecmascript] GC statistic, count: 447, maxPause: 20.324, minPause: 0.379, averagePause: 1.27451, lastStartTime: 1789801604037, lastEndTime: 1789801604038, lastType: Local GC
09-19 15:06:44.062  3174  3350 I C01310/AppDfr: [appfreeze_inner.cpp388]heap info: HEAP_TOTAL_SIZE:29097984,HEAP_OBJECT_SIZE:26175848,HEAP_SHARED_SIZE:850464, process lifeTime: PROCESS_LIFETIME:20s
09-19 15:06:44.074  3174  3325 W C02d11/DfxUnwinder: Failed to step first frame, lr fallback
09-19 15:06:44.081  3174  3351 I C01310/AppDfr: [appfreeze_inner.cpp493]get main stack has finished less than 1s
09-19 15:06:44.082  3174  3351 W C01310/AppDfr: [appfreeze_inner.cpp788]NotifyAppFault:THREAD_BLOCK_3S, pid:3174, bundleName:com.example.callaite currentTime:2026-09-19 15:06:44.081, processExit:1 appfreezeInfo:freeze_20260919150644_3174.txt enbleMainThreadSample:0.
09-19 15:06:44.082  3174  3351 I C01311/AppMS: [app_mgr_proxy.cpp1740]called
09-19 15:06:44.098  3174  3431 W C057c1/IPCWorkThread: ThreadHandler: proto:0 policy:0 name:OS_IPC_5_3431 invoker:14986528
09-19 15:06:44.170  3174  3435 W C057c1/IPCWorkThread: ThreadHandler: proto:0 policy:0 name:OS_IPC_6_3435 invoker:4644768
09-19 15:06:44.172  3174  3174 I C03f00/ArkCompiler: [gc] Has checked a long time gc
09-19 15:06:44.172  3174  3174 I C03f00/ArkCompiler: [gc]  [ HPP YoungGC ] 25.209 (28) -> 10.0314 (12.5) MB, 65.164(+0.315)ms, GCReason: ConcurrentMark finished, MarkReason: Memory reach limit
09-19 15:06:44.172  3174  3174 I C03f00/ArkCompiler: [gc] IsInBackground: 0; SensitiveStatus: 0; StartupStatus: 0; BundleName: com.example.callaite; Young: 262144; Old: 2621440; TotalCommit13107200
09-19 15:06:44.172  3174  3174 I C03f00/ArkCompiler: [gc] /***************** GC Duration statistic: ****************/
09-19 15:06:44.172  3174  3174 I C03f00/ArkCompiler: [gc] TotalGC:                 65.164  ms
09-19 15:06:44.172  3174  3174 I C03f00/ArkCompiler: Initialize:              0       ms
09-19 15:06:44.172  3174  3174 I C03f00/ArkCompiler: Mark:                    0.732   ms
09-19 15:06:44.172  3174  3174 I C03f00/ArkCompiler: MarkRoots:               0.628   ms
09-19 15:06:44.172  3174  3174 I C03f00/ArkCompiler: ConcurrentMark pause:    0.315   ms
09-19 15:06:44.172  3174  3174 I C03f00/ArkCompiler: WaitConcurrentMarkFinish:0       ms
09-19 15:06:44.172  3174  3174 I C03f00/ArkCompiler: ReMark:                  0.731   ms
09-19 15:06:44.172  3174  3174 I C03f00/ArkCompiler: ProcessSharedGCRSetWorkList:0       ms
09-19 15:06:44.172  3174  3174 I C03f00/ArkCompiler: Sweep:                   0       ms
09-19 15:06:44.172  3174  3174 I C03f00/ArkCompiler: ClearNativeObject:       0       ms
09-19 15:06:44.172  3174  3174 I C03f00/ArkCompiler: Evacuate:                2.889   ms
09-19 15:06:44.172  3174  3174 I C03f00/ArkCompiler: UpdateReference:         0.598   ms
09-19 15:06:44.172  3174  3174 I C03f00/ArkCompiler: UpdateWeekRef:           0.373   ms
09-19 15:06:44.172  3174  3174 I C03f00/ArkCompiler: UpdateRoot:              0.107   ms
09-19 15:06:44.172  3174  3174 I C03f00/ArkCompiler: ProceeWorkload:          0       ms
09-19 15:06:44.172  3174  3174 I C03f00/ArkCompiler: EvacuateSpace:           0.918   ms
09-19 15:06:44.172  3174  3174 I C03f00/ArkCompiler: EvacuateRegion:          0       ms
09-19 15:06:44.172  3174  3174 I C03f00/ArkCompiler: WaitFinish:              0.122   ms
09-19 15:06:44.172  3174  3174 I C03f00/ArkCompiler: Finish:                  0.054   ms
09-19 15:06:44.172  3174  3174 I C03f00/ArkCompiler: [gc] /****************** GC Memory statistic: *****************/
09-19 15:06:44.172  3174  3174 I C03f00/ArkCompiler: [gc] AllSpaces        used: 10272.2KB     committed:   12800KB
09-19 15:06:44.172  3174  3174 I C03f00/ArkCompiler: ActiveSemiSpace  used:      62KB     committed:     256KB
09-19 15:06:44.172  3174  3174 I C03f00/ArkCompiler: OldSpace         used: 2078.04KB     committed:    2560KB
09-19 15:06:44.172  3174  3174 I C03f00/ArkCompiler: HugeObjectSpace  used:     512KB     committed:     512KB
09-19 15:06:44.172  3174  3174 I C03f00/ArkCompiler: NonMovableSpace  used: 1195.76KB     committed:    2816KB
09-19 15:06:44.172  3174  3174 I C03f00/ArkCompiler: AppSpawnSpace    used: 6168.39KB     committed:    6400KB
09-19 15:06:44.172  3174  3174 I C03f00/ArkCompiler: [gc] Anno memory usage size:  12.5    MB
09-19 15:06:44.172  3174  3174 I C03f00/ArkCompiler: Native memory usage size:1.54146 MB
09-19 15:06:44.172  3174  3174 I C03f00/ArkCompiler: NativeBindingSize:       1.49023 KB
09-19 15:06:44.172  3174  3174 I C03f00/ArkCompiler: NativeLimitSize:         67107.9 KB
09-19 15:06:44.172  3174  3174 I C03f00/ArkCompiler: ArrayBufferNativeSize:   0.0117188KB
09-19 15:06:44.172  3174  3174 I C03f00/ArkCompiler: ChunkNativeSize:         48      KB
09-19 15:06:44.172  3174  3174 I C03f00/ArkCompiler: [gc] Young copied rate:       0.00384425
09-19 15:06:44.172  3174  3174 I C03f00/ArkCompiler: Young promoted rate:     0       
09-19 15:06:44.172  3174  3174 I C03f00/ArkCompiler: Young survival rate:     0.00384425
09-19 15:06:44.172  3174  3174 I C03f00/ArkCompiler: [gc] /***************** GC summary statistic: *****************/
09-19 15:06:44.172  3174  3174 I C03f00/ArkCompiler: [gc] YoungGC occurs count     433     
09-19 15:06:44.172  3174  3174 I C03f00/ArkCompiler: YoungGC max pause:       65.164  ms
09-19 15:06:44.172  3174  3174 I C03f00/ArkCompiler: YoungGC min pause:       0.379   ms
09-19 15:06:44.172  3174  3174 I C03f00/ArkCompiler: YoungGC average pause:   0.88828 ms
09-19 15:06:44.172  3174  3174 I C03f00/ArkCompiler: Young average copied rate:0.00536006
09-19 15:06:44.172  3174  3174 I C03f00/ArkCompiler: Young average promoted rate:0.000935581
09-19 15:06:44.172  3174  3174 I C03f00/ArkCompiler: Young average survival rate:0.00629564
09-19 15:06:47.061  3174  3322 W C01310/AppDfr: [watchdog.cpp178]get hitrace id is invalid.
09-19 15:06:47.061  3174  3322 W C02d06/XCollie: get lastest freeze file: , interval: 11126204.
09-19 15:06:47.061  3174  3322 I C01310/AppDfr: [appfreeze_inner.cpp605]stop to sample freeze stack, eventName:THREAD_BLOCK_6S freezeFile: enbleMainThreadSample:0.
09-19 15:06:47.061  3174  3322 W C01310/AppDfr: [appfreeze_inner.cpp627]submit reportAppFreeze, name:THREAD_BLOCK_6S, startTime:2026-09-19 15:06:47.061
09-19 15:06:47.061  3174  3349 I C01201/EventHandler: EventHandler start dumper!
09-19 15:06:47.061  3174  3349 I C01201/EventHandler: EventHandler end dumper!
09-19 15:06:47.062  3174  3349 W C01310/AppDfr: [appfreeze_inner.cpp683]get mainhandler dump, eventName:THREAD_BLOCK_6S, endTime:2026-09-19 15:06:47.062, interval:1 ms
09-19 15:06:47.062  3174  3349 E C02d06/XCollie: no freeze callback
09-19 15:06:47.062  3174  3349 I C03f00/ArkCompiler: [ecmascript] GC statistic, count: 569, maxPause: 65.164, minPause: 0.341, averagePause: 1.22778, lastStartTime: 1789801607039, lastEndTime: 1789801607040, lastType: Local GC
09-19 15:06:47.062  3174  3349 I C01310/AppDfr: [appfreeze_inner.cpp388]heap info: HEAP_TOTAL_SIZE:28049408,HEAP_OBJECT_SIZE:25145000,HEAP_SHARED_SIZE:850464, process lifeTime: PROCESS_LIFETIME:23s
09-19 15:06:47.062  3174  3349 I C01336/AMS: [AMC1927]RecordAppWithReason pid:3174, uid:20020063, killId:2000
09-19 15:06:47.062  3174  3349 I C01310/AppDfr: [appfreeze_inner.cpp537]Record result=0, pid=3174, uid=20020063, killId=2000
09-19 15:06:47.063  3174  3349 W C01310/AppDfr: [appfreeze_inner.cpp788]NotifyAppFault:THREAD_BLOCK_6S, pid:3174, bundleName:com.example.callaite currentTime:2026-09-19 15:06:47.063, processExit:1 appfreezeInfo: enbleMainThreadSample:0.
09-19 15:06:47.063  3174  3349 I C01311/AppMS: [app_mgr_proxy.cpp1740]called
09-19 15:06:47.063  3174  3349 I C01356/Recovery: [app_recovery.cpp193]begin
09-19 15:06:47.063  3174  3349 E C01356/Recovery: [app_recovery.cpp180]not enabled
09-19 15:06:47.063  3174  3349 I C01356/Recovery: [app_recovery.cpp282]scheduleRecoverApp  begin
09-19 15:06:47.146  3174  3464 W C057c1/IPCWorkThread: ThreadHandler: proto:0 policy:0 name:OS_IPC_7_3464 invoker:4645920
catcher cmd: hilog -z 1000 -P end time: 2026/09/19-15:06:47:190
---------------------------------------------------

---------------------------------------------------
catcher cmd: hidumper --cpuusage start time: 2026/09/19-15:06:47:190

catcher cmd: hidumper --cpuusage 

-------------------------------[cpuusage]-------------------------------

Load average: 0.40 / 0.21 / 0.14; the cpu load average in 1 min, 5 min and 15 min
CPU usage from 2026-09-19 15:06:42 to 2026-09-19 15:06:47
Total: 19.43%; User Space: 17.93%; Kernel Space: 1.50%; iowait: 0.22%; irq: 0.00%; idle: 80.34%
Details of Processes:
    PID   Total Usage	   User Space    Kernel Space    Page Fault Minor    Page Fault Major    Name
    3174      25.81%          24.93%          0.88%           50599                   4            com.example.callaite
    129        0.55%           0.10%          0.45%         1693350                5512            hiview         
    1          0.47%           0.14%          0.33%           48800                 419            init           
    108        0.18%           0.04%          0.14%          189772               29131            hilogd         
    454        0.15%           0.01%          0.14%           51613                2162            distributeddata
    31331      0.15%           0.00%          0.15%               0                   0            kworker/0:0-events
    514        0.09%           0.08%          0.01%             983                  37            sensor_host    
    730        0.07%           0.02%          0.05%         1937468               87400            foundation     
    30         0.07%           0.00%          0.07%               0                   0            kauditd        
    32552      0.05%           0.02%          0.02%            9857                   3            hidumper_service
    603        0.04%           0.04%          0.00%            1868                  29            sensors        
    647        0.04%           0.00%          0.04%            5619                 927            powermgr       
    1893       0.04%           0.03%          0.01%          505804              107073            com.ohos.sceneboard
    341        0.03%           0.00%          0.03%            3956                 679            file_monitor_service
    10         0.03%           0.00%          0.03%               0                   0            rcu_sched      
    878        0.03%           0.01%          0.01%         1130414                  16            hdcd           
    127        0.02%           0.01%          0.01%            3829                  82            samgr          
    1020       0.02%           0.00%          0.02%            8793                1101            locationhub    
    3115       0.02%           0.01%          0.01%            4331                  21            aimgr          
    447        0.02%           0.00%          0.02%            7166                 241            wifi_manager_service
    97         0.02%           0.00%          0.02%               0                   0            jbd2/vdd-8     
    815        0.01%           0.01%          0.00%            1956                  35            aps_manager    
    563        0.01%           0.00%          0.01%            1286                  75            composer_host  
    2000       0.01%           0.00%          0.00%           25524                 854            com.ohos.medialibrary.medialibrarydata
    1618       0.01%           0.00%          0.00%           13340                 786            com.huawei.hms.pushservice
    739        0.01%           0.00%          0.00%            1591                  19            drm_service    
    697        0.01%           0.00%          0.00%           24976                  37            inputmethod_service
    656        0.01%           0.00%          0.00%            7354                  32            netsysnative   
    602        0.01%           0.00%          0.00%            6816                1015            softbus_server 
    458        0.01%           0.00%          0.00%            3198                 683            device_manager 
    289        0.01%           0.00%          0.00%           14849                 279            accesstoken_service
    27169      0.01%           0.00%          0.01%               0                   0            kworker/1:3-events
    606        0.01%           0.00%          0.01%           48920                 116            security_guard 
    278        0.01%           0.00%          0.01%           23689                3511            resource_schedule_service
    107        0.01%           0.00%          0.01%             632                  17            faultloggerd   
    2500       0.00%           0.00%          0.00%           11604                3206            com.ohos.sceneboard:EngineServiceAbility:1
    1346       0.00%           0.00%          0.00%            1194                 262            com.huawei.hmos.location
    981        0.00%           0.00%          0.00%            3988                 750            deviceprofile  
    836        0.00%           0.00%          0.00%            9884                1598            CollaborationFwk
    554        0.00%           0.00%          0.00%           18930                  30            power_host     
    360        0.00%           0.00%          0.00%            7353                1099            msdp           
    313        0.00%           0.00%          0.00%           17712                2070            telephony      
    194        0.00%           0.00%          0.00%            6671                 342            audio_server   
    31572      0.00%           0.00%          0.00%               0                   0            kworker/u8:2   
    1340       0.00%           0.00%          0.00%            2745                 624            com.huawei.hmsapp.samplemanagement
    395        0.00%           0.00%          0.00%            2601                  42            time_service   
    363        0.00%           0.00%          0.00%           17413                2006            push_manager_service
    299        0.00%           0.00%          0.00%           36513                1908            netmanager     
    233        0.00%           0.00%          0.00%            5154                  39            memmgrservice  
    135        0.00%           0.00%          0.00%           52237                4678            appspawn       
    84         0.00%           0.00%          0.00%               0                   0            kworker/3:1H-kblockd
    69         0.00%           0.00%          0.00%               0                   0            snapshotd      
    9          0.00%           0.00%          0.00%               0                   0            ksoftirqd/0    
    31164      0.00%           0.00%          0.00%               0                   0            kworker/2:2    
    29392      0.00%           0.00%          0.00%               0                   0            kworker/u8:0-flush-254:48
    27165      0.00%           0.00%          0.00%               0                   0            kworker/1:2-events
    8814       0.00%           0.00%          0.00%               0                   0            kworker/0:1-events
    7519       0.00%           0.00%          0.00%               0                   0            kworker/3:0-events
    5387       0.00%           0.00%          0.00%            1892                  17            cert_manager_service
    3557       0.00%           0.00%          0.00%               0                   0            kworker/3:2    
    3420       0.00%           0.00%          0.00%            6580                  28            atomicservice_ecological_rule_manager
    3319       0.00%           0.00%          0.00%              63                   0            apppool        
    3292       0.00%           0.00%          0.00%               0                   0            kworker/u8:1-ext4-rsv-conversion
    3132       0.00%           0.00%          0.00%            7302                  23            security_privacy_server
    3131       0.00%           0.00%          0.00%            1361                   0            secure_access_fence
    3123       0.00%           0.00%          0.00%            2204                  17            sandbox_manager_service
    3122       0.00%           0.00%          0.00%            1401                   0            app_fwk_update_service
    3087       0.00%           0.00%          0.00%            1819                  10            compatibility_config_center
    3061       0.00%           0.00%          0.00%            2059                   4            installs       
    2793       0.00%           0.00%          0.00%            2549                 202            device_activate_service
    2728       0.00%           0.00%          0.00%            4070                 303            pasteboard_service
    2717       0.00%           0.00%          0.00%            3306                   0            QemuParams     
    2716       0.00%           0.00%          0.00%            3283                   0            QemuParams     
    2715       0.00%           0.00%          0.00%            3322                   1            QemuParams     
    2711       0.00%           0.00%          0.00%            3283                   0            QemuParams     
    2160       0.00%           0.00%          0.00%           14518                 450            com.ohos.contactsdataability
    2099       0.00%           0.00%          0.00%             818                   3            deviceinfoservice
    2046       0.00%           0.00%          0.00%           10105                 425            index_insert_service
    1941       0.00%           0.00%          0.00%            6403                 315            com.huawei.hmsapp.intelligent
    1915       0.00%           0.00%          0.00%           11827                 339            com.huawei.hms.adsservice
    1841       0.00%           0.00%          0.00%            5331                 348            appgallery_service
    1804       0.00%           0.00%          0.00%               0                   0            dfs_srv_wb3    
    1803       0.00%           0.00%          0.00%               0                   0            dfs_sb_wb3     
    1802       0.00%           0.00%          0.00%               0                   0            dfs_ino_wb3    
    1801       0.00%           0.00%          0.00%               0                   0            share_item_time
    1795       0.00%           0.00%          0.00%               0                   0            dfs_srv_wb2    
    1794       0.00%           0.00%          0.00%               0                   0            dfs_sb_wb2     
    1793       0.00%           0.00%          0.00%               0                   0            dfs_ino_wb2    
    1792       0.00%           0.00%          0.00%               0                   0            share_item_time
    1791       0.00%           0.00%          0.00%               0                   0            dfs_srv_wb1    
    1790       0.00%           0.00%          0.00%               0                   0            dfs_sb_wb1     
    1789       0.00%           0.00%          0.00%               0                   0            dfs_ino_wb1    
    1788       0.00%           0.00%          0.00%               0                   0            share_item_time
    1601       0.00%           0.00%          0.00%               0                   0            psimon         
    1370       0.00%           0.00%          0.00%            1923                  26            dcm_service    
    1369       0.00%           0.00%          0.00%            2463                  56            asset_service  
    1327       0.00%           0.00%          0.00%            2837                 656            com.huawei.emulatormultiscreen
    1323       0.00%           0.00%          0.00%            2290                  33            nwebspawn      
    1193       0.00%           0.00%          0.00%             794                  17            location_host  
    1146       0.00%           0.00%          0.00%            1849                  37            wpa_host       
    835        0.00%           0.00%          0.00%            4334                 102            accountmgr     
    813        0.00%           0.00%          0.00%            4017                  89            av_session     
    797        0.00%           0.00%          0.00%            6376                 143            camera_service 
    792        0.00%           0.00%          0.00%            2778                  27            client_cloud_cache_service
    762        0.00%           0.00%          0.00%             465                   3            data_monitor_service
    729        0.00%           0.00%          0.00%          165466               88668            render_service 
    728        0.00%           0.00%          0.00%            5259                 169            hianalytics    
    716        0.00%           0.00%          0.00%            4146                 811            huawei_id_svc  
    681        0.00%           0.00%          0.00%            1993                  18            media_monitor  
    664        0.00%           0.00%          0.00%            9883                 297            media_service  
    636        0.00%           0.00%          0.00%            1482                  64            privacy_service
    617        0.00%           0.00%          0.00%            1154                   9            av_codec_service
    613        0.00%           0.00%          0.00%            1160                  10            pin_auth_host  
    581        0.00%           0.00%          0.00%            1659                   9            ui_service     
    572        0.00%           0.00%          0.00%            2563                  64            useriam        
    561        0.00%           0.00%          0.00%            1042                   7            allocator_host 
    559        0.00%           0.00%          0.00%             770                   7            blue_host      
    558        0.00%           0.00%          0.00%             702                   4            usb_host       
    551        0.00%           0.00%          0.00%            1221                  39            wifi_host      
    545        0.00%           0.00%          0.00%             927                  35            audio_host     
    534        0.00%           0.00%          0.00%            1354                  41            camera_host    
    517        0.00%           0.00%          0.00%             649                   0            input_user_host
    498        0.00%           0.00%          0.00%             772                   7            vibrator_host  
    495        0.00%           0.00%          0.00%             773                   6            light_host     
    428        0.00%           0.00%          0.00%             865                  10            codec_host     
    423        0.00%           0.00%          0.00%             807                   9            face_auth_host 
    422        0.00%           0.00%          0.00%            1170                  25            user_auth_host 
    417        0.00%           0.00%          0.00%             755                  15            fingerprint_auth_host
    314        0.00%           0.00%          0.00%            3753                 766            wallpaper_service
    254        0.00%           0.00%          0.00%            2006                  25            resource_schedule_executor
    235        0.00%           0.00%          0.00%            7107                 202            multimodalinput
    226        0.00%           0.00%          0.00%            3283                  45            huks_service   
    203        0.00%           0.00%          0.00%            1650                  23            dlp_credential_service_sa
    195        0.00%           0.00%          0.00%             812                   4            concurrent_task_service
    186        0.00%           0.00%          0.00%            9220                1255            accessibility  
    136        0.00%           0.00%          0.00%            3090                 348            QemuParams     
    133        0.00%           0.00%          0.00%             782                  13            hdf_devmgr     
    128        0.00%           0.00%          0.00%            1240                   7            param_watcher  
    123        0.00%           0.00%          0.00%            2284                  77            storage_daemon 
    122        0.00%           0.00%          0.00%            1716                  30            storage_manager
    100        0.00%           0.00%          0.00%            1408                   4            ueventd        
    98         0.00%           0.00%          0.00%               0                   0            ext4-rsv-conver
    93         0.00%           0.00%          0.00%               0                   0            ext4-rsv-conver
    92         0.00%           0.00%          0.00%               0                   0            ext4-rsv-conver
    91         0.00%           0.00%          0.00%               0                   0            ext4-rsv-conver
    85         0.00%           0.00%          0.00%               0                   0            cache_freed    
    83         0.00%           0.00%          0.00%               0                   0            ipv6_addrconf  
    82         0.00%           0.00%          0.00%               0                   0            kworker/0:1H-kblockd
    80         0.00%           0.00%          0.00%               0                   0            ion_system_heap
    77         0.00%           0.00%          0.00%               0                   0            scsi_tmf_1     
    76         0.00%           0.00%          0.00%               0                   0            scsi_eh_1      
    75         0.00%           0.00%          0.00%               0                   0            scsi_tmf_0     
    74         0.00%           0.00%          0.00%               0                   0            scsi_eh_0      
    73         0.00%           0.00%          0.00%               0                   0            kworker/2:1H-kblockd
    71         0.00%           0.00%          0.00%               0                   0            nfsiod         
    70         0.00%           0.00%          0.00%               0                   0            zswapd0        
    68         0.00%           0.00%          0.00%               0                   0            kswapd0        
    67         0.00%           0.00%          0.00%               0                   0            cfg80211       
    66         0.00%           0.00%          0.00%               0                   0            xprtiod        
    65         0.00%           0.00%          0.00%               0                   0            kworker/u9:0   
    64         0.00%           0.00%          0.00%               0                   0            rpciod         
    63         0.00%           0.00%          0.00%               0                   0            kworker/1:1H-kblockd
    62         0.00%           0.00%          0.00%               0                   0            ata_sff        
    61         0.00%           0.00%          0.00%               0                   0            kblockd        
    46         0.00%           0.00%          0.00%               0                   0            kworker/2:1-events
    35         0.00%           0.00%          0.00%               0                   0            kcompactd0     
    34         0.00%           0.00%          0.00%               0                   0            writeback      
    33         0.00%           0.00%          0.00%               0                   0            oom_reaper     
    29         0.00%           0.00%          0.00%               0                   0            netns          
    28         0.00%           0.00%          0.00%               0                   0            kdevtmpfs      
    27         0.00%           0.00%          0.00%               0                   0            kworker/3:0H-events_highpri
    25         0.00%           0.00%          0.00%               0                   0            ksoftirqd/3    
    24         0.00%           0.00%          0.00%               0                   0            migration/3    
    23         0.00%           0.00%          0.00%               0                   0            cpuhp/3        
    22         0.00%           0.00%          0.00%               0                   0            kworker/2:0H-kblockd
    20         0.00%           0.00%          0.00%               0                   0            ksoftirqd/2    
    19         0.00%           0.00%          0.00%               0                   0            migration/2    
    18         0.00%           0.00%          0.00%               0                   0            cpuhp/2        
    17         0.00%           0.00%          0.00%               0                   0            kworker/1:0H-events_highpri
    15         0.00%           0.00%          0.00%               0                   0            ksoftirqd/1    
    14         0.00%           0.00%          0.00%               0                   0            migration/1    
    13         0.00%           0.00%          0.00%               0                   0            cpuhp/1        
    12         0.00%           0.00%          0.00%               0                   0            cpuhp/0        
    11         0.00%           0.00%          0.00%               0                   0            migration/0    
    8          0.00%           0.00%          0.00%               0                   0            mm_percpu_wq   
    6          0.00%           0.00%          0.00%               0                   0            kworker/0:0H-events_highpri
    4          0.00%           0.00%          0.00%               0                   0            rcu_par_gp     
    3          0.00%           0.00%          0.00%               0                   0            rcu_gp         
    2          0.00%           0.00%          0.00%               0                   0            kthreadd       
catcher cmd: hidumper --cpuusage end time: 2026/09/19-15:06:48:038
---------------------------------------------------

---------------------------------------------------
CpuCoreInfoCatcher -- start time: 2026/09/19-15:06:48:038

CpuCoreInfoCatcher --

cpu, userUsage=0.187708

cpu0, userUsage=0.190741

cpu1, userUsage=0.501099

cpu2, userUsage=0.112546

cpu3, userUsage=0.003565

cpu0, cpuFreq=0, minFreq=0, maxFreq=0

cpu1, cpuFreq=0, minFreq=0, maxFreq=0

cpu2, cpuFreq=0, minFreq=0, maxFreq=0

cpu3, cpuFreq=0, minFreq=0, maxFreq=0

---------------------------------------------------
collect StabilityGetTempFreqInfo start time: 2026/09/19-15:06:48:044

Freq: bigCur: , bigMax: , midCur: , midMax: , litCur: , litMax: 
IPA: 

collect StabilityGetTempFreqInfo end time: 2026/09/19-15:06:48:044
---------------------------------------------------
CpuCoreInfoCatcher -- end time: 2026/09/19-15:06:48:044
---------------------------------------------------

---------------------------------------------------
MemoryCatcher -- start time: 2026/09/19-15:06:48:044

MemoryCatcher --

Get freeze memory start time: 2026-09-19 15:06:47.063
some avg10=0.00 avg60=0.00 avg300=0.00 total=3334488
full avg10=0.00 avg60=0.00 avg300=0.00 total=765396
MemTotal:        4025340 kB
MemFree:         2139624 kB
MemAvailable:    2734188 kB
Buffers:            7364 kB
Cached:           631348 kB
SwapCached:        27188 kB
Active:           501008 kB
Inactive:         983812 kB
Active(anon):      61368 kB
Inactive(anon):   808708 kB
Active(file):     439640 kB
Inactive(file):   175104 kB
Unevictable:           0 kB
Mlocked:               0 kB
SwapTotal:       2097148 kB
SwapFree:        1888764 kB
Dirty:               304 kB
Writeback:             0 kB
AnonPages:        834524 kB
Mapped:           325748 kB
Shmem:             23968 kB
KReclaimable:      45892 kB
Slab:             124596 kB
SReclaimable:      45892 kB
SUnreclaim:        78704 kB
KernelStack:       19648 kB
PageTables:        36352 kB
NFS_Unstable:          0 kB
Bounce:                0 kB
WritebackTmp:          0 kB
CommitLimit:     4109816 kB
Committed_AS:   26681052 kB
VmallocTotal:   34359738367 kB
VmallocUsed:       90448 kB
VmallocChunk:          0 kB
Percpu:             1488 kB
DirectMap4k:       24388 kB
DirectMap2M:     4169728 kB
Get freeze memory end time: 2026-09-19 15:06:47.063
don't collect ashmem dmaheap gpumem
MemoryCatcher -- end time: 2026/09/19-15:06:48:048
---------------------------------------------------

---------------------------------------------------
catcher cmd: hidumper -s 1910 -a DumpAppMap start time: 2026/09/19-15:06:48:048

catcher cmd: hidumper -s 1910 -a DumpAppMap 
catcher cmd: hidumper -s 1910 -a DumpAppMap end time: 2026/09/19-15:06:48:065
---------------------------------------------------

---------------------------------------------------
ThermalInfoCatcher -- start time: 2026/09/19-15:06:48:065

ThermalInfoCatcher --

ThermalLevel info: 0
ThermalInfoCatcher -- end time: 2026/09/19-15:06:48:075
---------------------------------------------------

---------------------------------------------------
SummaryLogInfoCatcher -- start time: 2026/09/19-15:06:48:075

SummaryLogInfoCatcher --

SummaryLogInfoCatcher -- end time: 2026/09/19-15:06:48:079
---------------------------------------------------


Catcher log total time is 919ms
