Generated by HiviewDFX@OpenHarmony
================================================================
Device info:emulator
Build info:emulator 7.0.0.106(SP1DEVC00E999R4P11)
DeviceDebuggable:No
Fingerprint:36e7c688b689ff8fac502a0dcbd80032ba743371ffabe68a0258e0fcc8af3d77
Module name:com.example.callaite
ReleaseType:debug
CpuAbi:x86_64
Version:1.0.0
VersionCode:1000000
IsSystemApp:No
PreInstalled:No
Foreground:Yes
Pid:8804
Uid:20020063
App running unique id:16583544118839806396
Process life time:47s
Process Memory(kB): 205752(Rss)
Device Memory(kB): Total 4025340, Free 2120200, Available 2762904
Reason:THREAD_BLOCK_6S
appfreeze: com.example.callaite THREAD_BLOCK_6S at 20260919135103
DisplayPowerInfo:powerState:UNKNOWN
Page switch history:
  13:50:47.686 :enters foreground
>>>>>>>>>>>>>>>>>>>>>>>>>>>>>>>>>>>>>>>>>>>
DOMAIN:AAFWK
STRINGID:THREAD_BLOCK_6S
TIMESTAMP:2026/09/19-13:51:03:518
PID:8804
UID:20020063
PACKAGE_NAME:com.example.callaite
PROCESS_NAME:com.example.callaite

*******************************************
start time: 2026/09/19-13:51:00:541
DOMAIN = AAFWK
EVENTNAME = THREAD_BLOCK_3S
TIMESTAMP = 2026/09/19-13:51:00:538
PID = 8804
UID = 20020063
TID = 8804
PACKAGE_NAME = com.example.callaite
PROCESS_NAME = com.example.callaite
eventLog_action = ffrt,t,GpuStack,cmd:m,hot
eventLog_interval = 10
this thread has blocked 3000ms.
IS_FROZEN = 0
MainHeap(bytes): Used 17155792, Total 20185088
SharedHeap(bytes): Used 850272, Total 815792128
GC Status: count 453, maxPause 27.401ms, minPause 0.348ms, averagePause 1.21715ms, lastStartTime 2026/09/19-13:51:00.423, lastEndTime 2026/09/19-13:51:00.423, lastType Local GC
I/O(bytes): rchar 1268240, wchar 61099, syscr 312, syscw 635, read_bytes 0, write_bytes 69632, cancelled_write_bytes 32768
MSG = 
Fault time:2026/09/19-13:51:00
App main thread is not response!

Main handler dump start time: 2026-09-19 13:51:00.433
mainHandler dump is:
 EventHandler dump begin curTime: 2026-09-19 13:51:00.433
 Event runner (Thread name = , Thread ID = 8804) is running
 Current Running: start at 2026-09-19 13:50:47.856, Event { send thread = 8804, send time = 2026-09-19 13:50:47.856, handle time = 2026-11-08 06:53:35.150, trigger time = 2026-09-19 13:50:47.856, task name = vSyncTask, caller = [event_queue.cpp(PostTaskForVsync:235)] }
 History event queue information:
 No. 0 : Event { send thread = 8804, send time = 2026-09-19 13:50:47.764, handle time = 2026-09-19 13:50:47.764, trigger time = 2026-09-19 13:50:47.776, completeTime time = 2026-09-19 13:50:47.776, priority = Low, task name = ArkUIParseI18nJsonInfo, caller = [task_runner_adapter_impl.cpp(PostTask:35)] }
 No. 1 : Event { send thread = 8804, send time = 2026-09-19 13:50:47.764, handle time = 2026-09-19 13:50:47.764, trigger time = 2026-09-19 13:50:47.776, completeTime time = 2026-09-19 13:50:47.853, priority = Low, task name = ArkUIRunPageUrl, caller = [task_runner_adapter_impl.cpp(PostTask:35)] }
 No. 2 : Event { send thread = 9130, send time = 2026-09-19 13:50:47.833, handle time = 2026-09-19 13:50:47.833, trigger time = 2026-09-19 13:50:47.853, completeTime time = 2026-09-19 13:50:47.853, priority = Immediate, task name = GetBundleInfoForSelf, caller = [ohos_js_environment_impl.cpp(PostTaskToHandler:72)] }
 No. 3 : Event { send thread = 9101, send time = 2026-09-19 13:50:47.815, handle time = 2026-09-19 13:50:47.815, trigger time = 2026-09-19 13:50:47.853, completeTime time = 2026-09-19 13:50:47.855, priority = High, task name = JsWindowManager::OnGetTopWindow, caller = [ohos_js_environment_impl.cpp(PostTaskToHandler:72)] }
 No. 4 : Event { send thread = 8804, send time = 2026-09-19 13:50:47.764, handle time = 2026-09-19 13:50:47.764, trigger time = 2026-09-19 13:50:47.855, completeTime time = 2026-09-19 13:50:47.855, priority = Low, task name = ArkUISetSingleHandTransform, caller = [task_runner_adapter_impl.cpp(PostTask:35)] }
 No. 5 : Event { send thread = 8804, send time = 2026-09-19 13:50:47.765, handle time = 2026-09-19 13:50:47.765, trigger time = 2026-09-19 13:50:47.855, completeTime time = 2026-09-19 13:50:47.855, priority = Low, task name = ArkUIStatusBarItemColor, caller = [task_runner_adapter_impl.cpp(PostTask:35)] }
 No. 6 : Event { send thread = 8804, send time = 2026-09-19 13:50:47.765, handle time = 2026-09-19 13:50:47.765, trigger time = 2026-09-19 13:50:47.855, completeTime time = 2026-09-19 13:50:47.855, priority = Low, task name = ArkUINotifyWindowMode, caller = [task_runner_adapter_impl.cpp(PostTask:35)] }
 No. 7 : Event { send thread = 8804, send time = 2026-09-19 13:50:47.771, handle time = 2026-09-19 13:50:47.771, trigger time = 2026-09-19 13:50:47.855, completeTime time = 2026-09-19 13:50:47.855, priority = Low, task name = ArkUIUpdateBrightness, caller = [task_runner_adapter_impl.cpp(PostTask:35)] }
 No. 8 : Event { send thread = 8804, send time = 2026-09-19 13:50:47.771, handle time = 2026-09-19 13:50:47.771, trigger time = 2026-09-19 13:50:47.855, completeTime time = 2026-09-19 13:50:47.855, priority = Low, task name = ArkUIUpdateViewportConfig, caller = [task_runner_adapter_impl.cpp(PostTask:35)] }
 No. 9 : Event { send thread = 8804, send time = 2026-09-19 13:50:47.771, handle time = 2026-09-19 13:50:47.771, trigger time = 2026-09-19 13:50:47.855, completeTime time = 2026-09-19 13:50:47.855, priority = Low, task name = ArkUIUpdateSessionViewportConfig, caller = [task_runner_adapter_impl.cpp(PostTask:35)] }
 No. 10 : Event { send thread = 8804, send time = 2026-09-19 13:50:47.771, handle time = 2026-09-19 13:50:47.771, trigger time = 2026-09-19 13:50:47.855, completeTime time = 2026-09-19 13:50:47.855, priority = Low, task name = ArkUIFrontendActive, caller = [task_runner_adapter_impl.cpp(PostTask:35)] }
 No. 11 : Event { send thread = 8804, send time = 2026-09-19 13:50:47.771, handle time = 2026-09-19 13:50:47.771, trigger time = 2026-09-19 13:50:47.855, completeTime time = 2026-09-19 13:50:47.855, priority = Low, task name = ArkUIWindowFocus, caller = [task_runner_adapter_impl.cpp(PostTask:35)] }
 No. 12 : Event { send thread = 8804, send time = 2026-09-19 13:50:47.771, handle time = 2026-09-19 13:50:47.771, trigger time = 2026-09-19 13:50:47.855, completeTime time = 2026-09-19 13:50:47.855, priority = Low, task name = ArkUISetOnWindowFocusedCallback, caller = [task_runner_adapter_impl.cpp(PostTask:35)] }
 No. 13 : Event { send thread = 8804, send time = 2026-09-19 13:50:47.771, handle time = 2026-09-19 13:50:47.771, trigger time = 2026-09-19 13:50:47.855, completeTime time = 2026-09-19 13:50:47.856, priority = Low, task name = ArkUIFrontendActive, caller = [task_runner_adapter_impl.cpp(PostTask:35)] }
 No. 14 : Event { send thread = 8804, send time = 2026-09-19 13:50:47.771, handle time = 2026-09-19 13:50:47.771, trigger time = 2026-09-19 13:50:47.856, completeTime time = 2026-09-19 13:50:47.856, priority = Low, task name = ArkUIWindowActivate, caller = [task_runner_adapter_impl.cpp(PostTask:35)] }
 No. 15 : Event { send thread = 8804, send time = 2026-09-19 13:50:47.771, handle time = 2026-09-19 13:50:47.771, trigger time = 2026-09-19 13:50:47.856, completeTime time = 2026-09-19 13:50:47.856, priority = Low, task name = ArkUISetWindowScale, caller = [task_runner_adapter_impl.cpp(PostTask:35)] }
 No. 16 : Event { send thread = 8804, send time = 2026-09-19 13:50:47.772, handle time = 2026-09-19 13:50:47.772, trigger time = 2026-09-19 13:50:47.856, completeTime time = 2026-09-19 13:50:47.856, priority = Low, task name = ArkUIWindowRectChange, caller = [task_runner_adapter_impl.cpp(PostTask:35)] }
 No. 17 : Event { send thread = 8804, send time = 2026-09-19 13:50:47.772, handle time = 2026-09-19 13:50:47.772, trigger time = 2026-09-19 13:50:47.856, completeTime time = 2026-09-19 13:50:47.856, priority = Low, task name = ArkUIUpdateOriginAvoidAreaAndExecuteKeyboardAvoid, caller = [task_runner_adapter_impl.cpp(PostTask:35)] }
 No. 18 : Event { send thread = 8804, send time = 2026-09-19 13:50:47.775, handle time = 2026-09-19 13:50:47.775, trigger time = 2026-09-19 13:50:47.856, completeTime time = 2026-09-19 13:50:47.856, priority = Low, task name = ArkUIWindowRectChange, caller = [task_runner_adapter_impl.cpp(PostTask:35)] }
 No. 19 : Event { send thread = 8804, send time = 2026-09-19 13:50:47.775, handle time = 2026-09-19 13:50:47.775, trigger time = 2026-09-19 13:50:47.856, completeTime time = 2026-09-19 13:50:47.856, priority = Low, task name = ArkUIUpdateOriginAvoidAreaAndExecuteKeyboardAvoid, caller = [task_runner_adapter_impl.cpp(PostTask:35)] }
 No. 20 : Event { send thread = 8804, send time = 2026-09-19 13:50:47.769, handle time = 2026-09-19 13:50:47.820, trigger time = 2026-09-19 13:50:47.855, completeTime time = 2026-09-19 13:50:47.855, priority = Low, task name = ArkUIIdleTask, caller = [task_runner_adapter_impl.cpp(PostDelayedTask:46)] }
 No. 21 : Event { send thread = 8804, send time = 2026-09-19 13:50:47.856, handle time = 2026-11-08 06:53:35.150, trigger time = 2026-09-19 13:50:47.856, completeTime time = , priority = VIP, task name = vSyncTask, caller = [event_queue.cpp(PostTaskForVsync:235)] }
 No. 22 : Event { send thread = 8804, send time = 2026-09-19 13:50:47.739, handle time = 2026-09-19 13:50:47.739, trigger time = 2026-09-19 13:50:47.773, completeTime time = 2026-09-19 13:50:47.773, priority = Low, task name = ArkUIFillTaskTypeTable, caller = [task_runner_adapter_impl.cpp(PostTask:35)] }
 No. 23 : Event { send thread = 8804, send time = 2026-09-19 13:50:47.739, handle time = 2026-09-19 13:50:47.739, trigger time = 2026-09-19 13:50:47.773, completeTime time = 2026-09-19 13:50:47.773, priority = Low, task name = ArkUIFillTaskTypeTable, caller = [task_runner_adapter_impl.cpp(PostTask:35)] }
 No. 24 : Event { send thread = 8804, send time = 2026-09-19 13:50:47.739, handle time = 2026-09-19 13:50:47.739, trigger time = 2026-09-19 13:50:47.773, completeTime time = 2026-09-19 13:50:47.773, priority = Low, task name = ArkUIFillTaskTypeTable, caller = [task_runner_adapter_impl.cpp(PostTask:35)] }
 No. 25 : Event { send thread = 8804, send time = 2026-09-19 13:50:47.740, handle time = 2026-09-19 13:50:47.740, trigger time = 2026-09-19 13:50:47.773, completeTime time = 2026-09-19 13:50:47.773, priority = Low, task name = ArkUISetJsMessageDispatcher, caller = [task_runner_adapter_impl.cpp(PostTask:35)] }
 No. 26 : Event { send thread = 8804, send time = 2026-09-19 13:50:47.740, handle time = 2026-09-19 13:50:47.740, trigger time = 2026-09-19 13:50:47.773, completeTime time = 2026-09-19 13:50:47.773, priority = Low, task name = ArkUIPageSwitchLogStatusChanged, caller = [task_runner_adapter_impl.cpp(PostTask:35)] }
 No. 27 : Event { send thread = 8804, send time = 2026-09-19 13:50:47.754, handle time = 2026-09-19 13:50:47.754, trigger time = 2026-09-19 13:50:47.773, completeTime time = 2026-09-19 13:50:47.774, priority = Low, task name = ArkUIFrontendActive, caller = [task_runner_adapter_impl.cpp(PostTask:35)] }
 No. 28 : Event { send thread = 8804, send time = 2026-09-19 13:50:47.754, handle time = 2026-09-19 13:50:47.754, trigger time = 2026-09-19 13:50:47.774, completeTime time = 2026-09-19 13:50:47.775, priority = Low, task name = ArkUIWindowFocus, caller = [task_runner_adapter_impl.cpp(PostTask:35)] }
 No. 29 : Event { send thread = 9133, send time = 2026-09-19 13:50:47.757, handle time = 2026-09-19 13:50:47.757, trigger time = 2026-09-19 13:50:47.775, completeTime time = 2026-09-19 13:50:47.775, priority = Low, task name = SetCurrentTransform, caller = [window_session_impl.cpp(SetCurrentTransform:9963)] }
 No. 30 : Event { send thread = 9093, send time = 2026-09-19 13:50:47.760, handle time = 2026-09-19 13:50:47.760, trigger time = 2026-09-19 13:50:47.775, completeTime time = 2026-09-19 13:50:47.775, priority = Low, task name = WMS_WindowSessionImpl_UpdateRectForOtherReason, caller = [window_session_impl.cpp(UpdateRectForOtherReason:1693)] }
 No. 31 : Event { send thread = 8804, send time = 2026-09-19 13:50:47.775, handle time = 2026-09-19 13:50:47.775, trigger time = 2026-09-19 13:50:47.775, completeTime time = 2026-09-19 13:50:47.775, priority = VIP, task name = UpdateDisplayValid5, caller = [native_event.cpp(SendEventByEventHandler:322)] }
 VIP priority event queue information:
 No.1 : Event { send thread = 9094, send time = 2026-09-19 13:50:50.433, handle time = 2026-09-19 13:50:50.433, id = 1, caller = [watchdog.cpp(Timer:303)] }
 No.2 : Event { send thread = 9094, send time = 2026-09-19 13:50:57.433, handle time = 2026-09-19 13:50:57.433, id = 1, caller = [watchdog.cpp(Timer:303)] }
 No.3 : Event { send thread = 9094, send time = 2026-09-19 13:51:00.433, handle time = 2026-09-19 13:51:00.433, id = 1, caller = [watchdog.cpp(Timer:303)] }
 Total size of VIP events : 3
 Immediate priority event queue information:
 Total size of Immediate events : 0
 High priority event queue information:
 No.1 : Event { send thread = 8804, send time = 2026-09-19 13:50:47.855, handle time = 2026-09-19 13:50:47.855, task name = uvLoopTask, caller = [event_queue.cpp(HandleFileDescriptorEvent:313)] }
 Total size of High events : 1
 Low priority event queue information:
 No.1 : Event { send thread = 8804, send time = 2026-09-19 13:50:47.861, handle time = 2026-09-19 13:50:47.912, task name = ArkUIIdleTask, caller = [task_runner_adapter_impl.cpp(PostDelayedTask:46)] }
 No.2 : Event { send thread = 8804, send time = 2026-09-19 13:50:47.861, handle time = 2026-09-19 13:50:48.361, task name = ArkUIVsyncTimeoutCheck, caller = [task_runner_adapter_impl.cpp(PostDelayedTask:46)] }
 No.3 : Event { send thread = 8804, send time = 2026-09-19 13:50:47.861, handle time = 2026-09-19 13:50:48.461, task name = vsync_time_out_task_37812892073985, caller = [vsync_station.cpp(RequestVsync:148)] }
 No.4 : Event { send thread = 8804, send time = 2026-09-19 13:50:47.500, handle time = 2026-09-19 13:50:48.500, task name = AppRecovery:AddAbility, caller = [app_recovery.cpp(AddAbility:133)] }
 No.5 : Event { send thread = 8804, send time = 2026-09-19 13:50:47.853, handle time = 2026-09-19 13:50:49.853, task name = ExtensionTransparentDetector, caller = [task_runner_adapter_impl.cpp(PostDelayedTask:46)] }
 No.6 : Event { send thread = 8804, send time = 2026-09-19 13:50:47.861, handle time = 2026-09-19 13:50:50.861, task name = ArkUIVsyncTimeoutCheck, caller = [task_runner_adapter_impl.cpp(PostDelayedTask:46)] }
 No.7 : Event { send thread = 8804, send time = 2026-09-19 13:50:47.812, handle time = 2026-09-19 13:50:52.812, task name = TriggerModuleSerializer, caller = [task_runner_adapter_impl.cpp(PostDelayedTask:46)] }
 Total size of Low events : 7
 Idle priority event queue information:
 No.1 : Event { send thread = 9111, send time = 2026-09-19 13:50:47.955, handle time = 2026-09-19 13:50:47.955, task name = uv_io_cb, caller = [ohos_js_environment_impl.cpp(PostTaskToHandler:72)] }
 No.2 : Event { send thread = 9111, send time = 2026-09-19 13:50:48.194, handle time = 2026-09-19 13:50:48.194, task name = uv_io_cb, caller = [ohos_js_environment_impl.cpp(PostTaskToHandler:72)] }
 Total size of Idle events : 2
 Total event size : 13
Main handler dump end time: 2026-09-19 13:51:00.433

Catche stack trace start time: 2026-09-19 13:51:00.450

Tid:8804, Name:xample.callaite
state=R, utime=1225, stime=60, priority=10, nice=-10, clk=100
#00 pc 0000000000d82bd8 /system/lib64/module/arkcompiler/stub.an(COStub_GrowElementsCapacityStwCopy+1160)
Tid:9092, Name:OS_IPC_0_9092
state=S, utime=0, stime=0, priority=0, nice=-20, clk=100
#00 pc 00000000000dc469 /system/lib/ld-musl-x86_64.so.1(ioctl+185)(74178aa6301b8bad2ac9b6d7f2361221)
#01 pc 0000000000010ca7 /system/lib64/platformsdk/libipc_common.z.so(OHOS::BinderConnector::WriteBinder(unsigned long, void*)+55)(ae9fe169bf1f8b0397c31ba1b67e0e94)
#02 pc 000000000007e34d /system/lib64/platformsdk/libipc_single.z.so(OHOS::BinderInvoker::TransactWithDriver(bool)+269)(216555c1ccaa2644568394a99c5a7547)
#03 pc 000000000007e71a /system/lib64/platformsdk/libipc_single.z.so(OHOS::BinderInvoker::StartWorkLoop()+106)(216555c1ccaa2644568394a99c5a7547)
#04 pc 0000000000080c28 /system/lib64/platformsdk/libipc_single.z.so(OHOS::BinderInvoker::JoinThread(bool)+40)(216555c1ccaa2644568394a99c5a7547)
#05 pc 00000000000769f5 /system/lib64/platformsdk/libipc_single.z.so(OHOS::IPCWorkThread::ThreadHandler(void*)+901)(216555c1ccaa2644568394a99c5a7547)
#06 pc 00000000001299e7 /system/lib/ld-musl-x86_64.so.1(74178aa6301b8bad2ac9b6d7f2361221)
#07 pc 0000000000090f8e /system/lib/ld-musl-x86_64.so.1(74178aa6301b8bad2ac9b6d7f2361221)
Tid:9093, Name:OS_IPC_1_9093
state=S, utime=0, stime=0, priority=0, nice=-20, clk=100
#00 pc 00000000000dc46b /system/lib/ld-musl-x86_64.so.1(ioctl+187)(74178aa6301b8bad2ac9b6d7f2361221)
#01 pc 0000000000010ca7 /system/lib64/platformsdk/libipc_common.z.so(OHOS::BinderConnector::WriteBinder(unsigned long, void*)+55)(ae9fe169bf1f8b0397c31ba1b67e0e94)
#02 pc 000000000007e34d /system/lib64/platformsdk/libipc_single.z.so(OHOS::BinderInvoker::TransactWithDriver(bool)+269)(216555c1ccaa2644568394a99c5a7547)
#03 pc 000000000007e71a /system/lib64/platformsdk/libipc_single.z.so(OHOS::BinderInvoker::StartWorkLoop()+106)(216555c1ccaa2644568394a99c5a7547)
#04 pc 0000000000080c28 /system/lib64/platformsdk/libipc_single.z.so(OHOS::BinderInvoker::JoinThread(bool)+40)(216555c1ccaa2644568394a99c5a7547)
#05 pc 00000000000769f5 /system/lib64/platformsdk/libipc_single.z.so(OHOS::IPCWorkThread::ThreadHandler(void*)+901)(216555c1ccaa2644568394a99c5a7547)
#06 pc 00000000001299e7 /system/lib/ld-musl-x86_64.so.1(74178aa6301b8bad2ac9b6d7f2361221)
#07 pc 0000000000090f8e /system/lib/ld-musl-x86_64.so.1(74178aa6301b8bad2ac9b6d7f2361221)
Tid:9094, Name:OS_DfxWatchdog
state=S, utime=0, stime=0, priority=0, nice=-20, clk=100
#00 pc 0000000000125ee9 /system/lib/ld-musl-x86_64.so.1(74178aa6301b8bad2ac9b6d7f2361221)
#01 pc 0000000000127883 /system/lib/ld-musl-x86_64.so.1(pthread_cond_timedwait+195)(74178aa6301b8bad2ac9b6d7f2361221)
#02 pc 00000000000c74e7 /system/lib64/chipset-sdk-sp/libc++.so(std::__h::condition_variable::__do_timed_wait(std::__h::unique_lock<std::__h::mutex>&, std::__h::chrono::time_point<std::__h::chrono::system_clock, std::__h::chrono::duration<long long, std::__h::ratio<1l, 1000000000l>>>)+103)(ca45f3285cb13d8a615c2dcf32305914fbc391ad)
#03 pc 00000000000245a0 /system/lib64/chipset-sdk-sp/libhicollie.z.so(0d0f332b1d543f1b44cdc8747e67264a)
#04 pc 00000000000242a1 /system/lib64/chipset-sdk-sp/libhicollie.z.so(0d0f332b1d543f1b44cdc8747e67264a)
#05 pc 000000000002c17d /system/lib64/chipset-sdk-sp/libhicollie.z.so(0d0f332b1d543f1b44cdc8747e67264a)
#06 pc 00000000001299e7 /system/lib/ld-musl-x86_64.so.1(74178aa6301b8bad2ac9b6d7f2361221)
#07 pc 0000000000090f8e /system/lib/ld-musl-x86_64.so.1(74178aa6301b8bad2ac9b6d7f2361221)
Tid:9097, Name:OS_FFRT_Delay
state=S, utime=0, stime=0, priority=0, nice=-20, clk=100
#00 pc 00000000000b837f /system/lib/ld-musl-x86_64.so.1(epoll_wait+31)(74178aa6301b8bad2ac9b6d7f2361221)
#01 pc 00000000000b2cda /system/lib64/ndk/libffrt.so(6014d53b82cd59820b512f223d249356)
#02 pc 00000000001299e7 /system/lib/ld-musl-x86_64.so.1(74178aa6301b8bad2ac9b6d7f2361221)
#03 pc 0000000000090f8e /system/lib/ld-musl-x86_64.so.1(74178aa6301b8bad2ac9b6d7f2361221)
Tid:9099, Name:OS_FFRT_5_0
state=S, utime=0, stime=0, priority=0, nice=-20, clk=100
#00 pc 0000000000125ee9 /system/lib/ld-musl-x86_64.so.1(74178aa6301b8bad2ac9b6d7f2361221)
#01 pc 0000000000127883 /system/lib/ld-musl-x86_64.so.1(pthread_cond_timedwait+195)(74178aa6301b8bad2ac9b6d7f2361221)
#02 pc 00000000000c74e7 /system/lib64/chipset-sdk-sp/libc++.so(std::__h::condition_variable::__do_timed_wait(std::__h::unique_lock<std::__h::mutex>&, std::__h::chrono::time_point<std::__h::chrono::system_clock, std::__h::chrono::duration<long long, std::__h::ratio<1l, 1000000000l>>>)+103)(ca45f3285cb13d8a615c2dcf32305914fbc391ad)
#03 pc 000000000008bcb0 /system/lib64/ndk/libffrt.so(6014d53b82cd59820b512f223d249356)
#04 pc 00000000000760ef /system/lib64/ndk/libffrt.so(6014d53b82cd59820b512f223d249356)
#05 pc 0000000000075eaf /system/lib64/ndk/libffrt.so(6014d53b82cd59820b512f223d249356)
#06 pc 0000000000075d79 /system/lib64/ndk/libffrt.so(6014d53b82cd59820b512f223d249356)
#07 pc 00000000001299e7 /system/lib/ld-musl-x86_64.so.1(74178aa6301b8bad2ac9b6d7f2361221)
#08 pc 0000000000090f8e /system/lib/ld-musl-x86_64.so.1(74178aa6301b8bad2ac9b6d7f2361221)
Tid:9101, Name:OS_FFRT_2_0
state=S, utime=0, stime=1, priority=0, nice=-20, clk=100
#00 pc 0000000000125ee9 /system/lib/ld-musl-x86_64.so.1(74178aa6301b8bad2ac9b6d7f2361221)
#01 pc 0000000000127883 /system/lib/ld-musl-x86_64.so.1(pthread_cond_timedwait+195)(74178aa6301b8bad2ac9b6d7f2361221)
#02 pc 00000000000c74e7 /system/lib64/chipset-sdk-sp/libc++.so(std::__h::condition_variable::__do_timed_wait(std::__h::unique_lock<std::__h::mutex>&, std::__h::chrono::time_point<std::__h::chrono::system_clock, std::__h::chrono::duration<long long, std::__h::ratio<1l, 1000000000l>>>)+103)(ca45f3285cb13d8a615c2dcf32305914fbc391ad)
#03 pc 000000000008bcb0 /system/lib64/ndk/libffrt.so(6014d53b82cd59820b512f223d249356)
#04 pc 00000000000760ef /system/lib64/ndk/libffrt.so(6014d53b82cd59820b512f223d249356)
#05 pc 0000000000075eaf /system/lib64/ndk/libffrt.so(6014d53b82cd59820b512f223d249356)
#06 pc 0000000000075d79 /system/lib64/ndk/libffrt.so(6014d53b82cd59820b512f223d249356)
#07 pc 00000000001299e7 /system/lib/ld-musl-x86_64.so.1(74178aa6301b8bad2ac9b6d7f2361221)
#08 pc 0000000000090f8e /system/lib/ld-musl-x86_64.so.1(74178aa6301b8bad2ac9b6d7f2361221)
Tid:9102, Name:OS_GC_Thread
state=S, utime=0, stime=0, priority=0, nice=-20, clk=100
#00 pc 0000000000125ee9 /system/lib/ld-musl-x86_64.so.1(74178aa6301b8bad2ac9b6d7f2361221)
#01 pc 0000000000127883 /system/lib/ld-musl-x86_64.so.1(pthread_cond_timedwait+195)(74178aa6301b8bad2ac9b6d7f2361221)
#02 pc 00000000009cd4ca /system/lib64/platformsdk/libark_jsruntime.so(3403c0dea7c24e42adea4ee0f5dd2803)
#03 pc 00000000009cd443 /system/lib64/platformsdk/libark_jsruntime.so(3403c0dea7c24e42adea4ee0f5dd2803)
#04 pc 00000000009cd8b5 /system/lib64/platformsdk/libark_jsruntime.so(3403c0dea7c24e42adea4ee0f5dd2803)
#05 pc 00000000001299e7 /system/lib/ld-musl-x86_64.so.1(74178aa6301b8bad2ac9b6d7f2361221)
#06 pc 0000000000090f8e /system/lib/ld-musl-x86_64.so.1(74178aa6301b8bad2ac9b6d7f2361221)
Tid:9103, Name:OS_GC_Thread
state=S, utime=13, stime=5, priority=0, nice=-20, clk=100
#00 pc 0000000000125ee9 /system/lib/ld-musl-x86_64.so.1(74178aa6301b8bad2ac9b6d7f2361221)
#01 pc 0000000000127883 /system/lib/ld-musl-x86_64.so.1(pthread_cond_timedwait+195)(74178aa6301b8bad2ac9b6d7f2361221)
#02 pc 00000000000c7451 /system/lib64/chipset-sdk-sp/libc++.so(std::__h::condition_variable::wait(std::__h::unique_lock<std::__h::mutex>&)+17)(ca45f3285cb13d8a615c2dcf32305914fbc391ad)
#03 pc 0000000000a298fd /system/lib64/platformsdk/libark_jsruntime.so(3403c0dea7c24e42adea4ee0f5dd2803)
#04 pc 0000000000a29475 /system/lib64/platformsdk/libark_jsruntime.so(3403c0dea7c24e42adea4ee0f5dd2803)
#05 pc 0000000000a2955a /system/lib64/platformsdk/libark_jsruntime.so(3403c0dea7c24e42adea4ee0f5dd2803)
#06 pc 00000000001299e7 /system/lib/ld-musl-x86_64.so.1(74178aa6301b8bad2ac9b6d7f2361221)
#07 pc 0000000000090f8e /system/lib/ld-musl-x86_64.so.1(74178aa6301b8bad2ac9b6d7f2361221)
Tid:9104, Name:OS_GC_Thread
state=S, utime=13, stime=7, priority=0, nice=-20, clk=100
#00 pc 0000000000125ee9 /system/lib/ld-musl-x86_64.so.1(74178aa6301b8bad2ac9b6d7f2361221)
#01 pc 0000000000127883 /system/lib/ld-musl-x86_64.so.1(pthread_cond_timedwait+195)(74178aa6301b8bad2ac9b6d7f2361221)
#02 pc 00000000000c7451 /system/lib64/chipset-sdk-sp/libc++.so(std::__h::condition_variable::wait(std::__h::unique_lock<std::__h::mutex>&)+17)(ca45f3285cb13d8a615c2dcf32305914fbc391ad)
#03 pc 0000000000a298fd /system/lib64/platformsdk/libark_jsruntime.so(3403c0dea7c24e42adea4ee0f5dd2803)
#04 pc 0000000000a29475 /system/lib64/platformsdk/libark_jsruntime.so(3403c0dea7c24e42adea4ee0f5dd2803)
#05 pc 0000000000a2955a /system/lib64/platformsdk/libark_jsruntime.so(3403c0dea7c24e42adea4ee0f5dd2803)
#06 pc 00000000001299e7 /system/lib/ld-musl-x86_64.so.1(74178aa6301b8bad2ac9b6d7f2361221)
#07 pc 0000000000090f8e /system/lib/ld-musl-x86_64.so.1(74178aa6301b8bad2ac9b6d7f2361221)
Tid:9105, Name:OS_GC_Thread
state=S, utime=14, stime=3, priority=0, nice=-20, clk=100
#00 pc 0000000000125ee9 /system/lib/ld-musl-x86_64.so.1(74178aa6301b8bad2ac9b6d7f2361221)
#01 pc 0000000000127883 /system/lib/ld-musl-x86_64.so.1(pthread_cond_timedwait+195)(74178aa6301b8bad2ac9b6d7f2361221)
#02 pc 00000000000c7451 /system/lib64/chipset-sdk-sp/libc++.so(std::__h::condition_variable::wait(std::__h::unique_lock<std::__h::mutex>&)+17)(ca45f3285cb13d8a615c2dcf32305914fbc391ad)
#03 pc 0000000000a298fd /system/lib64/platformsdk/libark_jsruntime.so(3403c0dea7c24e42adea4ee0f5dd2803)
#04 pc 0000000000a29475 /system/lib64/platformsdk/libark_jsruntime.so(3403c0dea7c24e42adea4ee0f5dd2803)
#05 pc 0000000000a2955a /system/lib64/platformsdk/libark_jsruntime.so(3403c0dea7c24e42adea4ee0f5dd2803)
#06 pc 00000000001299e7 /system/lib/ld-musl-x86_64.so.1(74178aa6301b8bad2ac9b6d7f2361221)
#07 pc 0000000000090f8e /system/lib/ld-musl-x86_64.so.1(74178aa6301b8bad2ac9b6d7f2361221)
Tid:9109, Name:OS_FFRT_3_0
state=S, utime=4, stime=7, priority=0, nice=-20, clk=100
#00 pc 0000000000125ee9 /system/lib/ld-musl-x86_64.so.1(74178aa6301b8bad2ac9b6d7f2361221)
#01 pc 0000000000127883 /system/lib/ld-musl-x86_64.so.1(pthread_cond_timedwait+195)(74178aa6301b8bad2ac9b6d7f2361221)
#02 pc 00000000000c74e7 /system/lib64/chipset-sdk-sp/libc++.so(std::__h::condition_variable::__do_timed_wait(std::__h::unique_lock<std::__h::mutex>&, std::__h::chrono::time_point<std::__h::chrono::system_clock, std::__h::chrono::duration<long long, std::__h::ratio<1l, 1000000000l>>>)+103)(ca45f3285cb13d8a615c2dcf32305914fbc391ad)
#03 pc 000000000008bcb0 /system/lib64/ndk/libffrt.so(6014d53b82cd59820b512f223d249356)
#04 pc 00000000000760ef /system/lib64/ndk/libffrt.so(6014d53b82cd59820b512f223d249356)
#05 pc 0000000000075eaf /system/lib64/ndk/libffrt.so(6014d53b82cd59820b512f223d249356)
#06 pc 0000000000075d79 /system/lib64/ndk/libffrt.so(6014d53b82cd59820b512f223d249356)
#07 pc 00000000001299e7 /system/lib/ld-musl-x86_64.so.1(74178aa6301b8bad2ac9b6d7f2361221)
#08 pc 0000000000090f8e /system/lib/ld-musl-x86_64.so.1(74178aa6301b8bad2ac9b6d7f2361221)
Tid:9110, Name:OS_hdcRegister
state=S, utime=0, stime=0, priority=0, nice=-20, clk=100
#00 pc 00000000000b837f /system/lib/ld-musl-x86_64.so.1(epoll_wait+31)(74178aa6301b8bad2ac9b6d7f2361221)
#01 pc 000000000000660f /system/lib64/platformsdk/libhdc_register.z.so(Hdc::HdcJdwpSimulator::ReadFromJdwp()+367)(4c41d0541b0381aaf6674e818696d512)
#02 pc 0000000000006ba3 /system/lib64/platformsdk/libhdc_register.z.so(Hdc::HdcJdwpSimulator::Connect()+195)(4c41d0541b0381aaf6674e818696d512)
#03 pc 00000000000052ef /system/lib64/platformsdk/libhdc_register.z.so(Hdc::HdcConnectRun(void*)+559)(4c41d0541b0381aaf6674e818696d512)
#04 pc 00000000001299e7 /system/lib/ld-musl-x86_64.so.1(74178aa6301b8bad2ac9b6d7f2361221)
#05 pc 0000000000090f8e /system/lib/ld-musl-x86_64.so.1(74178aa6301b8bad2ac9b6d7f2361221)
Tid:9111, Name:OS_FFRT_0_0
state=S, utime=0, stime=0, priority=0, nice=-20, clk=100
#00 pc 0000000000125ee9 /system/lib/ld-musl-x86_64.so.1(74178aa6301b8bad2ac9b6d7f2361221)
#01 pc 0000000000127883 /system/lib/ld-musl-x86_64.so.1(pthread_cond_timedwait+195)(74178aa6301b8bad2ac9b6d7f2361221)
#02 pc 00000000000c74e7 /system/lib64/chipset-sdk-sp/libc++.so(std::__h::condition_variable::__do_timed_wait(std::__h::unique_lock<std::__h::mutex>&, std::__h::chrono::time_point<std::__h::chrono::system_clock, std::__h::chrono::duration<long long, std::__h::ratio<1l, 1000000000l>>>)+103)(ca45f3285cb13d8a615c2dcf32305914fbc391ad)
#03 pc 000000000008bcb0 /system/lib64/ndk/libffrt.so(6014d53b82cd59820b512f223d249356)
#04 pc 00000000000760ef /system/lib64/ndk/libffrt.so(6014d53b82cd59820b512f223d249356)
#05 pc 0000000000075eaf /system/lib64/ndk/libffrt.so(6014d53b82cd59820b512f223d249356)
#06 pc 0000000000075d79 /system/lib64/ndk/libffrt.so(6014d53b82cd59820b512f223d249356)
#07 pc 00000000001299e7 /system/lib/ld-musl-x86_64.so.1(74178aa6301b8bad2ac9b6d7f2361221)
#08 pc 0000000000090f8e /system/lib/ld-musl-x86_64.so.1(74178aa6301b8bad2ac9b6d7f2361221)
Tid:9119, Name:sandbox_thread
state=S, utime=0, stime=0, priority=0, nice=-20, clk=100
#00 pc 0000000000125ee9 /system/lib/ld-musl-x86_64.so.1(74178aa6301b8bad2ac9b6d7f2361221)
#01 pc 0000000000127883 /system/lib/ld-musl-x86_64.so.1(pthread_cond_timedwait+195)(74178aa6301b8bad2ac9b6d7f2361221)
#02 pc 00000000000c7451 /system/lib64/chipset-sdk-sp/libc++.so(std::__h::condition_variable::wait(std::__h::unique_lock<std::__h::mutex>&)+17)(ca45f3285cb13d8a615c2dcf32305914fbc391ad)
#03 pc 00000000000086d7 /system/lib64/platformsdk/libsandboxlog.so(15f86dfff1c9aa3778b113b4e1f84fe4)
#04 pc 0000000000009363 /system/lib64/platformsdk/libsandboxlog.so(15f86dfff1c9aa3778b113b4e1f84fe4)
#05 pc 00000000001299e7 /system/lib/ld-musl-x86_64.so.1(74178aa6301b8bad2ac9b6d7f2361221)
#06 pc 0000000000090f8e /system/lib/ld-musl-x86_64.so.1(74178aa6301b8bad2ac9b6d7f2361221)
Tid:9124, Name:OS_EVENT_POLL
state=S, utime=0, stime=0, priority=0, nice=-20, clk=100
#00 pc 00000000000b837f /system/lib/ld-musl-x86_64.so.1(epoll_wait+31)(74178aa6301b8bad2ac9b6d7f2361221)
#01 pc 000000000001a0fc /system/lib64/chipset-sdk-sp/libeventhandler.z.so(d20098a20e88abe540f8f998e7a8bdcc)
#02 pc 000000000001b2e6 /system/lib64/chipset-sdk-sp/libeventhandler.z.so(d20098a20e88abe540f8f998e7a8bdcc)
#03 pc 00000000001299e7 /system/lib/ld-musl-x86_64.so.1(74178aa6301b8bad2ac9b6d7f2361221)
#04 pc 0000000000090f8e /system/lib/ld-musl-x86_64.so.1(74178aa6301b8bad2ac9b6d7f2361221)
Tid:9125, Name:OS_IPC_2_9125
state=S, utime=0, stime=0, priority=0, nice=-20, clk=100
#00 pc 00000000000dc46b /system/lib/ld-musl-x86_64.so.1(ioctl+187)(74178aa6301b8bad2ac9b6d7f2361221)
#01 pc 0000000000010ca7 /system/lib64/platformsdk/libipc_common.z.so(OHOS::BinderConnector::WriteBinder(unsigned long, void*)+55)(ae9fe169bf1f8b0397c31ba1b67e0e94)
#02 pc 000000000007e34d /system/lib64/platformsdk/libipc_single.z.so(OHOS::BinderInvoker::TransactWithDriver(bool)+269)(216555c1ccaa2644568394a99c5a7547)
#03 pc 000000000007e71a /system/lib64/platformsdk/libipc_single.z.so(OHOS::BinderInvoker::StartWorkLoop()+106)(216555c1ccaa2644568394a99c5a7547)
#04 pc 0000000000080c28 /system/lib64/platformsdk/libipc_single.z.so(OHOS::BinderInvoker::JoinThread(bool)+40)(216555c1ccaa2644568394a99c5a7547)
#05 pc 00000000000769f5 /system/lib64/platformsdk/libipc_single.z.so(OHOS::IPCWorkThread::ThreadHandler(void*)+901)(216555c1ccaa2644568394a99c5a7547)
#06 pc 00000000001299e7 /system/lib/ld-musl-x86_64.so.1(74178aa6301b8bad2ac9b6d7f2361221)
#07 pc 0000000000090f8e /system/lib/ld-musl-x86_64.so.1(74178aa6301b8bad2ac9b6d7f2361221)
Tid:9126, Name:xample.callaite
state=S, utime=0, stime=0, priority=0, nice=-20, clk=100
#00 pc 000000000013100d /system/lib/ld-musl-x86_64.so.1(nanosleep+13)(74178aa6301b8bad2ac9b6d7f2361221)
#01 pc 00000000000d9b9a /system/lib64/chipset-sdk-sp/libc++.so(std::__h::this_thread::sleep_for(std::__h::chrono::duration<long long, std::__h::ratio<1l, 1000000000l>> const&)+90)(ca45f3285cb13d8a615c2dcf32305914fbc391ad)
#02 pc 0000000000015f52 /system/lib64/platformsdk/libhistogram.z.so(bcaef44ffc0c920a27140798ab5f7654)
#03 pc 00000000001299e7 /system/lib/ld-musl-x86_64.so.1(74178aa6301b8bad2ac9b6d7f2361221)
#04 pc 0000000000090f8e /system/lib/ld-musl-x86_64.so.1(74178aa6301b8bad2ac9b6d7f2361221)
Tid:9129, Name:OS_FFRT_3_1
state=S, utime=0, stime=0, priority=0, nice=-20, clk=100
#00 pc 0000000000125ee9 /system/lib/ld-musl-x86_64.so.1(74178aa6301b8bad2ac9b6d7f2361221)
#01 pc 0000000000127883 /system/lib/ld-musl-x86_64.so.1(pthread_cond_timedwait+195)(74178aa6301b8bad2ac9b6d7f2361221)
#02 pc 00000000000c74e7 /system/lib64/chipset-sdk-sp/libc++.so(std::__h::condition_variable::__do_timed_wait(std::__h::unique_lock<std::__h::mutex>&, std::__h::chrono::time_point<std::__h::chrono::system_clock, std::__h::chrono::duration<long long, std::__h::ratio<1l, 1000000000l>>>)+103)(ca45f3285cb13d8a615c2dcf32305914fbc391ad)
#03 pc 000000000008bcb0 /system/lib64/ndk/libffrt.so(6014d53b82cd59820b512f223d249356)
#04 pc 00000000000760ef /system/lib64/ndk/libffrt.so(6014d53b82cd59820b512f223d249356)
#05 pc 0000000000075eaf /system/lib64/ndk/libffrt.so(6014d53b82cd59820b512f223d249356)
#06 pc 0000000000075d79 /system/lib64/ndk/libffrt.so(6014d53b82cd59820b512f223d249356)
#07 pc 00000000001299e7 /system/lib/ld-musl-x86_64.so.1(74178aa6301b8bad2ac9b6d7f2361221)
#08 pc 0000000000090f8e /system/lib/ld-musl-x86_64.so.1(74178aa6301b8bad2ac9b6d7f2361221)
Tid:9130, Name:OS_FFRT_3_2
state=S, utime=0, stime=0, priority=0, nice=-20, clk=100
#00 pc 0000000000125ee9 /system/lib/ld-musl-x86_64.so.1(74178aa6301b8bad2ac9b6d7f2361221)
#01 pc 0000000000127883 /system/lib/ld-musl-x86_64.so.1(pthread_cond_timedwait+195)(74178aa6301b8bad2ac9b6d7f2361221)
#02 pc 00000000000c74e7 /system/lib64/chipset-sdk-sp/libc++.so(std::__h::condition_variable::__do_timed_wait(std::__h::unique_lock<std::__h::mutex>&, std::__h::chrono::time_point<std::__h::chrono::system_clock, std::__h::chrono::duration<long long, std::__h::ratio<1l, 1000000000l>>>)+103)(ca45f3285cb13d8a615c2dcf32305914fbc391ad)
#03 pc 000000000008bcb0 /system/lib64/ndk/libffrt.so(6014d53b82cd59820b512f223d249356)
#04 pc 00000000000760ef /system/lib64/ndk/libffrt.so(6014d53b82cd59820b512f223d249356)
#05 pc 0000000000075eaf /system/lib64/ndk/libffrt.so(6014d53b82cd59820b512f223d249356)
#06 pc 0000000000075d79 /system/lib64/ndk/libffrt.so(6014d53b82cd59820b512f223d249356)
#07 pc 00000000001299e7 /system/lib/ld-musl-x86_64.so.1(74178aa6301b8bad2ac9b6d7f2361221)
#08 pc 0000000000090f8e /system/lib/ld-musl-x86_64.so.1(74178aa6301b8bad2ac9b6d7f2361221)
Tid:9132, Name:OS_MainDisplayS
state=S, utime=0, stime=0, priority=0, nice=-20, clk=100
#00 pc 00000000000b837f /system/lib/ld-musl-x86_64.so.1(epoll_wait+31)(74178aa6301b8bad2ac9b6d7f2361221)
#01 pc 000000000001ceee /system/lib64/chipset-sdk-sp/libeventhandler.z.so(d20098a20e88abe540f8f998e7a8bdcc)
#02 pc 00000000000230bf /system/lib64/chipset-sdk-sp/libeventhandler.z.so(OHOS::AppExecFwk::EventQueue::WaitUntilLocked(std::__h::chrono::time_point<std::__h::chrono::steady_clock, std::__h::chrono::duration<long long, std::__h::ratio<1l, 1000000000l>>> const&, OHOS::AppExecFwk::UniqueLockBase&, bool)+79)(d20098a20e88abe540f8f998e7a8bdcc)
#03 pc 00000000000282df /system/lib64/chipset-sdk-sp/libeventhandler.z.so(OHOS::AppExecFwk::EventQueueBase::GetEvent()+207)(d20098a20e88abe540f8f998e7a8bdcc)
#04 pc 0000000000033985 /system/lib64/chipset-sdk-sp/libeventhandler.z.so(d20098a20e88abe540f8f998e7a8bdcc)
#05 pc 0000000000030352 /system/lib64/chipset-sdk-sp/libeventhandler.z.so(d20098a20e88abe540f8f998e7a8bdcc)
#06 pc 00000000000357c3 /system/lib64/chipset-sdk-sp/libeventhandler.z.so(d20098a20e88abe540f8f998e7a8bdcc)
#07 pc 00000000001299e7 /system/lib/ld-musl-x86_64.so.1(74178aa6301b8bad2ac9b6d7f2361221)
#08 pc 0000000000090f8e /system/lib/ld-musl-x86_64.so.1(74178aa6301b8bad2ac9b6d7f2361221)
Tid:9133, Name:OS_IPC_3_9133
state=S, utime=0, stime=0, priority=0, nice=-20, clk=100
#00 pc 00000000000dc46b /system/lib/ld-musl-x86_64.so.1(ioctl+187)(74178aa6301b8bad2ac9b6d7f2361221)
#01 pc 0000000000010ca7 /system/lib64/platformsdk/libipc_common.z.so(OHOS::BinderConnector::WriteBinder(unsigned long, void*)+55)(ae9fe169bf1f8b0397c31ba1b67e0e94)
#02 pc 000000000007e34d /system/lib64/platformsdk/libipc_single.z.so(OHOS::BinderInvoker::TransactWithDriver(bool)+269)(216555c1ccaa2644568394a99c5a7547)
#03 pc 000000000007e71a /system/lib64/platformsdk/libipc_single.z.so(OHOS::BinderInvoker::StartWorkLoop()+106)(216555c1ccaa2644568394a99c5a7547)
#04 pc 0000000000080c28 /system/lib64/platformsdk/libipc_single.z.so(OHOS::BinderInvoker::JoinThread(bool)+40)(216555c1ccaa2644568394a99c5a7547)
#05 pc 00000000000769f5 /system/lib64/platformsdk/libipc_single.z.so(OHOS::IPCWorkThread::ThreadHandler(void*)+901)(216555c1ccaa2644568394a99c5a7547)
#06 pc 00000000001299e7 /system/lib/ld-musl-x86_64.so.1(74178aa6301b8bad2ac9b6d7f2361221)
#07 pc 0000000000090f8e /system/lib/ld-musl-x86_64.so.1(74178aa6301b8bad2ac9b6d7f2361221)
Tid:9138, Name:ace.bg.1
state=S, utime=0, stime=0, priority=0, nice=-20, clk=100
#00 pc 0000000000125ee9 /system/lib/ld-musl-x86_64.so.1(74178aa6301b8bad2ac9b6d7f2361221)
#01 pc 0000000000127883 /system/lib/ld-musl-x86_64.so.1(pthread_cond_timedwait+195)(74178aa6301b8bad2ac9b6d7f2361221)
#02 pc 00000000000c7451 /system/lib64/chipset-sdk-sp/libc++.so(std::__h::condition_variable::wait(std::__h::unique_lock<std::__h::mutex>&)+17)(ca45f3285cb13d8a615c2dcf32305914fbc391ad)
#03 pc 000000000148ac32 /system/lib64/platformsdk/libace_compatible.z.so(cb476043f6fb29150d891bc788a45885)
#04 pc 000000000148afa2 /system/lib64/platformsdk/libace_compatible.z.so(cb476043f6fb29150d891bc788a45885)
#05 pc 00000000001299e7 /system/lib/ld-musl-x86_64.so.1(74178aa6301b8bad2ac9b6d7f2361221)
#06 pc 0000000000090f8e /system/lib/ld-musl-x86_64.so.1(74178aa6301b8bad2ac9b6d7f2361221)
Tid:9139, Name:ace.bg.2
state=S, utime=0, stime=0, priority=0, nice=-20, clk=100
#00 pc 0000000000125ee9 /system/lib/ld-musl-x86_64.so.1(74178aa6301b8bad2ac9b6d7f2361221)
#01 pc 0000000000127883 /system/lib/ld-musl-x86_64.so.1(pthread_cond_timedwait+195)(74178aa6301b8bad2ac9b6d7f2361221)
#02 pc 00000000000c7451 /system/lib64/chipset-sdk-sp/libc++.so(std::__h::condition_variable::wait(std::__h::unique_lock<std::__h::mutex>&)+17)(ca45f3285cb13d8a615c2dcf32305914fbc391ad)
#03 pc 000000000148ac32 /system/lib64/platformsdk/libace_compatible.z.so(cb476043f6fb29150d891bc788a45885)
#04 pc 000000000148afa2 /system/lib64/platformsdk/libace_compatible.z.so(cb476043f6fb29150d891bc788a45885)
#05 pc 00000000001299e7 /system/lib/ld-musl-x86_64.so.1(74178aa6301b8bad2ac9b6d7f2361221)
#06 pc 0000000000090f8e /system/lib/ld-musl-x86_64.so.1(74178aa6301b8bad2ac9b6d7f2361221)
Tid:9140, Name:ace.bg.3
state=S, utime=0, stime=0, priority=0, nice=-20, clk=100
#00 pc 0000000000125ee9 /system/lib/ld-musl-x86_64.so.1(74178aa6301b8bad2ac9b6d7f2361221)
#01 pc 0000000000127883 /system/lib/ld-musl-x86_64.so.1(pthread_cond_timedwait+195)(74178aa6301b8bad2ac9b6d7f2361221)
#02 pc 00000000000c7451 /system/lib64/chipset-sdk-sp/libc++.so(std::__h::condition_variable::wait(std::__h::unique_lock<std::__h::mutex>&)+17)(ca45f3285cb13d8a615c2dcf32305914fbc391ad)
#03 pc 000000000148ac32 /system/lib64/platformsdk/libace_compatible.z.so(cb476043f6fb29150d891bc788a45885)
#04 pc 000000000148afa2 /system/lib64/platformsdk/libace_compatible.z.so(cb476043f6fb29150d891bc788a45885)
#05 pc 00000000001299e7 /system/lib/ld-musl-x86_64.so.1(74178aa6301b8bad2ac9b6d7f2361221)
#06 pc 0000000000090f8e /system/lib/ld-musl-x86_64.so.1(74178aa6301b8bad2ac9b6d7f2361221)
Tid:9141, Name:ace.bg.4
state=S, utime=0, stime=0, priority=0, nice=-20, clk=100
#00 pc 0000000000125ee9 /system/lib/ld-musl-x86_64.so.1(74178aa6301b8bad2ac9b6d7f2361221)
#01 pc 0000000000127883 /system/lib/ld-musl-x86_64.so.1(pthread_cond_timedwait+195)(74178aa6301b8bad2ac9b6d7f2361221)
#02 pc 00000000000c7451 /system/lib64/chipset-sdk-sp/libc++.so(std::__h::condition_variable::wait(std::__h::unique_lock<std::__h::mutex>&)+17)(ca45f3285cb13d8a615c2dcf32305914fbc391ad)
#03 pc 000000000148ac32 /system/lib64/platformsdk/libace_compatible.z.so(cb476043f6fb29150d891bc788a45885)
#04 pc 000000000148afa2 /system/lib64/platformsdk/libace_compatible.z.so(cb476043f6fb29150d891bc788a45885)
#05 pc 00000000001299e7 /system/lib/ld-musl-x86_64.so.1(74178aa6301b8bad2ac9b6d7f2361221)
#06 pc 0000000000090f8e /system/lib/ld-musl-x86_64.so.1(74178aa6301b8bad2ac9b6d7f2361221)
Tid:9142, Name:ace.bg.5
state=S, utime=0, stime=0, priority=0, nice=-20, clk=100
#00 pc 0000000000125ee9 /system/lib/ld-musl-x86_64.so.1(74178aa6301b8bad2ac9b6d7f2361221)
#01 pc 0000000000127883 /system/lib/ld-musl-x86_64.so.1(pthread_cond_timedwait+195)(74178aa6301b8bad2ac9b6d7f2361221)
#02 pc 00000000000c7451 /system/lib64/chipset-sdk-sp/libc++.so(std::__h::condition_variable::wait(std::__h::unique_lock<std::__h::mutex>&)+17)(ca45f3285cb13d8a615c2dcf32305914fbc391ad)
#03 pc 000000000148ac32 /system/lib64/platformsdk/libace_compatible.z.so(cb476043f6fb29150d891bc788a45885)
#04 pc 000000000148afa2 /system/lib64/platformsdk/libace_compatible.z.so(cb476043f6fb29150d891bc788a45885)
#05 pc 00000000001299e7 /system/lib/ld-musl-x86_64.so.1(74178aa6301b8bad2ac9b6d7f2361221)
#06 pc 0000000000090f8e /system/lib/ld-musl-x86_64.so.1(74178aa6301b8bad2ac9b6d7f2361221)
Tid:9143, Name:ace.bg.6
state=S, utime=0, stime=0, priority=0, nice=-20, clk=100
#00 pc 0000000000125ee9 /system/lib/ld-musl-x86_64.so.1(74178aa6301b8bad2ac9b6d7f2361221)
#01 pc 0000000000127883 /system/lib/ld-musl-x86_64.so.1(pthread_cond_timedwait+195)(74178aa6301b8bad2ac9b6d7f2361221)
#02 pc 00000000000c7451 /system/lib64/chipset-sdk-sp/libc++.so(std::__h::condition_variable::wait(std::__h::unique_lock<std::__h::mutex>&)+17)(ca45f3285cb13d8a615c2dcf32305914fbc391ad)
#03 pc 000000000148ac32 /system/lib64/platformsdk/libace_compatible.z.so(cb476043f6fb29150d891bc788a45885)
#04 pc 000000000148afa2 /system/lib64/platformsdk/libace_compatible.z.so(cb476043f6fb29150d891bc788a45885)
#05 pc 00000000001299e7 /system/lib/ld-musl-x86_64.so.1(74178aa6301b8bad2ac9b6d7f2361221)
#06 pc 0000000000090f8e /system/lib/ld-musl-x86_64.so.1(74178aa6301b8bad2ac9b6d7f2361221)
Tid:9144, Name:ace.bg.7
state=S, utime=0, stime=0, priority=0, nice=-20, clk=100
#00 pc 0000000000125ee9 /system/lib/ld-musl-x86_64.so.1(74178aa6301b8bad2ac9b6d7f2361221)
#01 pc 0000000000127883 /system/lib/ld-musl-x86_64.so.1(pthread_cond_timedwait+195)(74178aa6301b8bad2ac9b6d7f2361221)
#02 pc 00000000000c7451 /system/lib64/chipset-sdk-sp/libc++.so(std::__h::condition_variable::wait(std::__h::unique_lock<std::__h::mutex>&)+17)(ca45f3285cb13d8a615c2dcf32305914fbc391ad)
#03 pc 000000000148ac32 /system/lib64/platformsdk/libace_compatible.z.so(cb476043f6fb29150d891bc788a45885)
#04 pc 000000000148afa2 /system/lib64/platformsdk/libace_compatible.z.so(cb476043f6fb29150d891bc788a45885)
#05 pc 00000000001299e7 /system/lib/ld-musl-x86_64.so.1(74178aa6301b8bad2ac9b6d7f2361221)
#06 pc 0000000000090f8e /system/lib/ld-musl-x86_64.so.1(74178aa6301b8bad2ac9b6d7f2361221)
Tid:9145, Name:ace.bg.8
state=S, utime=0, stime=0, priority=0, nice=-20, clk=100
#00 pc 0000000000125ee9 /system/lib/ld-musl-x86_64.so.1(74178aa6301b8bad2ac9b6d7f2361221)
#01 pc 0000000000127883 /system/lib/ld-musl-x86_64.so.1(pthread_cond_timedwait+195)(74178aa6301b8bad2ac9b6d7f2361221)
#02 pc 00000000000c7451 /system/lib64/chipset-sdk-sp/libc++.so(std::__h::condition_variable::wait(std::__h::unique_lock<std::__h::mutex>&)+17)(ca45f3285cb13d8a615c2dcf32305914fbc391ad)
#03 pc 000000000148ac32 /system/lib64/platformsdk/libace_compatible.z.so(cb476043f6fb29150d891bc788a45885)
#04 pc 000000000148afa2 /system/lib64/platformsdk/libace_compatible.z.so(cb476043f6fb29150d891bc788a45885)
#05 pc 00000000001299e7 /system/lib/ld-musl-x86_64.so.1(74178aa6301b8bad2ac9b6d7f2361221)
#06 pc 0000000000090f8e /system/lib/ld-musl-x86_64.so.1(74178aa6301b8bad2ac9b6d7f2361221)
Tid:9146, Name:OS_IPC_4_9146
state=S, utime=0, stime=0, priority=0, nice=-20, clk=100
#00 pc 00000000000dc46b /system/lib/ld-musl-x86_64.so.1(ioctl+187)(74178aa6301b8bad2ac9b6d7f2361221)
#01 pc 0000000000010ca7 /system/lib64/platformsdk/libipc_common.z.so(OHOS::BinderConnector::WriteBinder(unsigned long, void*)+55)(ae9fe169bf1f8b0397c31ba1b67e0e94)
#02 pc 000000000007e34d /system/lib64/platformsdk/libipc_single.z.so(OHOS::BinderInvoker::TransactWithDriver(bool)+269)(216555c1ccaa2644568394a99c5a7547)
#03 pc 000000000007e71a /system/lib64/platformsdk/libipc_single.z.so(OHOS::BinderInvoker::StartWorkLoop()+106)(216555c1ccaa2644568394a99c5a7547)
#04 pc 0000000000080c28 /system/lib64/platformsdk/libipc_single.z.so(OHOS::BinderInvoker::JoinThread(bool)+40)(216555c1ccaa2644568394a99c5a7547)
#05 pc 00000000000769f5 /system/lib64/platformsdk/libipc_single.z.so(OHOS::IPCWorkThread::ThreadHandler(void*)+901)(216555c1ccaa2644568394a99c5a7547)
#06 pc 00000000001299e7 /system/lib/ld-musl-x86_64.so.1(74178aa6301b8bad2ac9b6d7f2361221)
#07 pc 0000000000090f8e /system/lib/ld-musl-x86_64.so.1(74178aa6301b8bad2ac9b6d7f2361221)
Tid:9147, Name:OS_FFRT_5_1
state=S, utime=0, stime=0, priority=0, nice=-20, clk=100
#00 pc 0000000000125ee9 /system/lib/ld-musl-x86_64.so.1(74178aa6301b8bad2ac9b6d7f2361221)
#01 pc 0000000000127883 /system/lib/ld-musl-x86_64.so.1(pthread_cond_timedwait+195)(74178aa6301b8bad2ac9b6d7f2361221)
#02 pc 00000000000c74e7 /system/lib64/chipset-sdk-sp/libc++.so(std::__h::condition_variable::__do_timed_wait(std::__h::unique_lock<std::__h::mutex>&, std::__h::chrono::time_point<std::__h::chrono::system_clock, std::__h::chrono::duration<long long, std::__h::ratio<1l, 1000000000l>>>)+103)(ca45f3285cb13d8a615c2dcf32305914fbc391ad)
#03 pc 000000000008bcb0 /system/lib64/ndk/libffrt.so(6014d53b82cd59820b512f223d249356)
#04 pc 00000000000760ef /system/lib64/ndk/libffrt.so(6014d53b82cd59820b512f223d249356)
#05 pc 0000000000075eaf /system/lib64/ndk/libffrt.so(6014d53b82cd59820b512f223d249356)
#06 pc 0000000000075d79 /system/lib64/ndk/libffrt.so(6014d53b82cd59820b512f223d249356)
#07 pc 00000000001299e7 /system/lib/ld-musl-x86_64.so.1(74178aa6301b8bad2ac9b6d7f2361221)
#08 pc 0000000000090f8e /system/lib/ld-musl-x86_64.so.1(74178aa6301b8bad2ac9b6d7f2361221)

Catche stack trace end time: 2026-09-19 13:51:00.537

Dump main thread stack start time: 2026-09-19 13:51:00.433
Tid:8804, Name:xample.callaite
state=R, utime=1222, stime=59, priority=10, nice=-10, clk=100
#00 pc 00000000010246ab /system/lib64/module/arkcompiler/stub.an(BCStub_HandleStaV8StwCopy+11)
#01 pc 00000000001996e7 [anon:ArkTS Heap]

Dump main thread stack end time: 2026-09-19 13:51:00.449

PeerBinder pids is empty


---------------------------------------------------
FfrtCatcher -- start time: 2026/09/19-13:51:00:549

FfrtCatcher --

ffrt fump pid=8804:

-------------------------------[ability]-------------------------------


----------------------------------ApplicationManagerService----------------------------------
|-> Launcher proc ffrt, now:2026-09-19 13:51:00.562972 pid:8804
    |-> key status
no key status info
    |-> worker count
        qos 0: worker num:1 tid:9111
        qos 2: worker num:1 tid:9101
        qos 3: worker num:3 tid:9130, 9129, 9109
        qos 5: worker num:2 tid:9147, 9099
    |-> worker status
        qos 0: worker tid 9111 is running nothing
        qos 2: worker tid 9101 is running nothing
        qos 3: worker tid 9130 is running nothing
        qos 3: worker tid 9129 is running nothing
        qos 3: worker tid 9109 is running nothing
        qos 5: worker tid 9147 is running nothing
        qos 5: worker tid 9099 is running nothing
<<<=== Timeout Task Info ===>>>
Timeout info EmptyQueue Timeout info Empty<<<=== Queue Traffic Record ===>>>
Queue Traffic Record Empty

FfrtCatcher -- end time: 2026/09/19-13:51:00:568
---------------------------------------------------

---------------------------------------------------
catcher cmd: hilog -z 1000 -P start time: 2026/09/19-13:51:00:568

catcher cmd: hilog -z 1000 -P 
09-19 13:50:47.407  8804  8804 I C02c11/APPSPAWN: AppSpawnChild id 49 flags:0xc
09-19 13:50:47.407  8804  8804 I C02d33/HitraceOption: FilterAppTrace com.example.callaite 8804
09-19 13:50:47.408  8804  8804 W C02c11/APPSPAWN: errno:2 bind mount /system/app/ArkWebCoreLegacy to /mnt/sandbox/100/com.example.callaite/system/app/ArkWebCoreLegacy
09-19 13:50:47.408  8804  8804 W C02c11/APPSPAWN: errno:2 bind mount /vendor/etc/hiai to /mnt/sandbox/100/com.example.callaite/vendor/etc/hiai
09-19 13:50:47.408  8804  8804 W C02c11/APPSPAWN: errno:2 bind mount /data/data/hiai to /mnt/sandbox/100/com.example.callaite/data/data/hiai
09-19 13:50:47.408  8804  8804 W C02c11/APPSPAWN: errno:2 bind mount /data/service/el1/public/themes/100/a/app to /mnt/sandbox/100/com.example.callaite/data/themes/a/app
09-19 13:50:47.408  8804  8804 W C02c11/APPSPAWN: errno:2 bind mount /data/service/el1/public/themes/100/b/app to /mnt/sandbox/100/com.example.callaite/data/themes/b/app
09-19 13:50:47.408  8804  8804 W C02c11/APPSPAWN: errno:2 bind mount /chip_prod/lib64/passthrough to /mnt/sandbox/100/com.example.callaite/chip_prod/lib64/passthrough
09-19 13:50:47.408  8804  8804 W C02c11/APPSPAWN: errno:2 bind mount /data/app/el1/bundle/public/com.huawei.hmos.arkwebcorelegacy to /mnt/sandbox/100/com.example.callaite/data/storage/el1/bundle/arkwebcorelegacy
09-19 13:50:47.408  8804  8804 W C02c11/APPSPAWN: check dir /data/app/el1/bundle/public/com.huawei.hmos.arkwebcorelegacy failed,strerror:No such file or directory
09-19 13:50:47.408  8804  8804 W C02c11/APPSPAWN: check dir /data/app/el1/public/aot_compiler/ark_cache/com.example.callaite failed,strerror:No such file or directory
09-19 13:50:47.417  8804  8804 W C02c11/APPSPAWN: errno:2 bind mount /data/preload/app to /mnt/sandbox/100/com.example.callaite/data/preload/app
09-19 13:50:47.423  8804  8804 E C02c11/APPSPAWN: [sandbox_dec.c:247]Open dec file failed errno 2
09-19 13:50:47.424  8804  8804 I C05a03/Selinux: Hap setcon finish, context for com.example.callaite is relabeled to o:r:debug_hap:s0:x95,x334,x512,x868,x1024
09-19 13:50:47.425  8804  8804 I C05a05/SecCompEnhanceClient: [RegisterCheckCallback]Register secComp: sessionId=2936215347, seqNum=******863.
09-19 13:50:47.425  8804  9092 W C057c1/IPCWorkThread: ThreadHandler: proto:0 policy:1 name:OS_IPC_0_9092 invoker:3886496
09-19 13:50:47.426  8804  9093 W C057c1/IPCWorkThread: ThreadHandler: proto:0 policy:0 name:OS_IPC_1_9093 invoker:3885344
09-19 13:50:47.427  8804  8804 I C02d0b/HICHECKER: hichecker param is empty.
09-19 13:50:47.427  8804  8804 I C04500/webview: CalculateActiveWebEngineVersion: CalculateActiveWebEngineVersion, enforce 3
09-19 13:50:47.428  8804  8804 I C01317/AppKit: [MTHRD3495]mainthread start, pid:8804
09-19 13:50:47.430  8804  8804 I C01317/AppKit: [MTHRD3294]is not in rescue mode
09-19 13:50:47.430  8804  8804 I C01317/AppKit: [MTHRD3321]is not in rescue mode
09-19 13:50:47.433  8804  8804 I C01317/AppKit: [MTHRD442]attach
09-19 13:50:47.445  8804  9093 I C01317/AppKit: [MTHRD922]ScheduleLaunchAbility called,ability EntryAbility,1
09-19 13:50:47.453  8804  8804 I C01317/AppKit: [MTHRD267]NativeLibPath empty
09-19 13:50:47.454  8804  8804 I C01317/AppKit: [MTHRD1990]SmartGC:0 version:1000000
09-19 13:50:47.455  8804  8804 I C03f00/ArkCompiler: [ecmascript] asmint: 1, aot: 0, jit: 1, baseline jit: 0, bundle name: com.example.callaite, arkTSMode: dynamic
09-19 13:50:47.463  8804  8804 I C03f00/ArkCompiler: [ecmascript] multi-thread check enabled: 0
09-19 13:50:47.464  8804  8804 I C03f00/ArkCompiler: [pgo] reset pgo profiler, pgo profiler is disabled
09-19 13:50:47.464  8804  8804 I C03301/LIBUV: clean up handles in loop(6176)
09-19 13:50:47.464  8804  8804 I C03301/LIBUV: loop:(6176) closed in 0s
09-19 13:50:47.464  8804  8804 I C03301/LIBUV: close:6176, async_io_wfd:14
09-19 13:50:47.464  8804  8804 I C03301/LIBUV: close:6176, backend_fd:8
09-19 13:50:47.464  8804  8804 I C03301/LIBUV: init:6032
09-19 13:50:47.464  8804  8804 I C03301/LIBUV: init:6032, backend_fd:8
09-19 13:50:47.464  8804  8804 I C03301/LIBUV: open:6032, pipefd[0]:14
09-19 13:50:47.466  8804  9102 E C01707/CONCUR: [Interface] task 9102 apply qos failed, errno = 4
09-19 13:50:47.466  8804  8804 I C03f00/ArkCompiler: [ecmascript] can not find aot file
09-19 13:50:47.469  8804  8804 I C03f00/ArkCompiler: StartServer, componentName = <private>
09-19 13:50:47.469  8804  8804 W C01321/JsRuntime: [CSM161]disCon
09-19 13:50:47.469  8804  8804 I C03f00/ArkCompiler: [ecmascript] JSNApi::NotifyDebugMode, tid = 8804, debugApp = 1, isDebugMode = 0, instanceId = 0
09-19 13:50:47.471  8804  8804 I C03f00/ArkCompiler: [compiler] __jit_debug_register_code() is called.
09-19 13:50:47.471  8804  8804 I C03f00/ArkCompiler: [compiler] success to register stub.an to debugger.
09-19 13:50:47.471  8804  9101 I C01317/AppKit: [DRH689]File existed. dir: /data/storage/el2/base/cache/rawheap
09-19 13:50:47.471  8804  9101 I C01317/AppKit: [DRH667]success to create /data/storage/el2/base/cache/rawheap
09-19 13:50:47.474  8804  8804 W C01e00/ResourceManager: update userId, currentUserId_= 0, userId= 100
09-19 13:50:47.474  8804  8804 E C01e00/ResourceManager: LoadThemesRes failed, userId = 100, bundleName = com.example.callaite
09-19 13:50:47.474  8804  8804 W C01e00/ResourceManager: theme resources will clean, id 100
09-19 13:50:47.475  8804  9099 W C01653/NativePreferences: LoadFromDisk: The settingXml /***/el1/***/i18*** load failed.
09-19 13:50:47.477  8804  8804 E C01301/CompatiblePolicyDeviceType: [calculateResourceType:81]deviceType is empty.
09-19 13:50:47.477  8804  9110 I C02c03/PARAM_WATCHER: Add watcher keyPrefix persist.hdc.jdwp remoteWatcherId 97 success
09-19 13:50:47.477  8804  8804 W C01301/Ability: [resource_config_helper.cpp193]invalid source:
09-19 13:50:47.477  8804  8804 W C01301/Ability: [resource_config_helper.cpp193]invalid source:
09-19 13:50:47.477  8804  8804 I C01317/AppKit: [application_cleaner.cpp94]ClearTempData
09-19 13:50:47.482  8804  8804 I C01317/AppKit: [MTHRD2947]NtfyAppPreAbiCreate
09-19 13:50:47.499  8804  8804 I C01317/AppKit: [JAS211]LoadModule
09-19 13:50:47.499  8804  8804 W C01317/AppKit: [JAS1032]null stage
09-19 13:50:47.499  8804  8804 W C01317/AppKit: [JAS254]Not found AbilityStage.js
09-19 13:50:47.499  8804  8804 I C01317/AppKit: [OH_APP432]OnAboutToCreateAbility
09-19 13:50:47.499  8804  8804 W C01317/AppKit: [JAS349]Not found AbilityStage.js
09-19 13:50:47.499  8804  8804 I C01332/UIAbility: [ui_ability.cpp131]instanceId: 47d1-c493-b42d-4836-9bd8104950d2191e
09-19 13:50:47.501  8804  8804 I C03f00/ArkCompiler: [ecmascript] start to execute module buffer with secure memory: /data/storage/el1/bundle/entry/ets/entryability/EntryAbility.abc
09-19 13:50:47.501  8804  9103 I C03f00/ArkCompiler: [pgo] will save profiler to file /data/storage/ark-profile/rt_entry.ap
09-19 13:50:47.501  8804  8804 E C03f00/ArkCompiler: [common] Can not open xpm proc file, do not check secure memory anymore.
09-19 13:50:47.506  8804  8804 E C01707/CONCUR: [Interface] task 9103 apply qos failed, errno = 4
09-19 13:50:47.508  8804  8804 E C01707/CONCUR: [Interface] task 9105 apply qos failed, errno = 4
09-19 13:50:47.511  8804  8804 E C01707/CONCUR: [Interface] task 9104 apply qos failed, errno = 4
09-19 13:50:47.515  8804  8804 E C01707/CONCUR: [Interface] task 9103 apply qos failed, errno = 4
09-19 13:50:47.518  8804  8804 E C01707/CONCUR: [Interface] task 9105 apply qos failed, errno = 4
09-19 13:50:47.523  8804  8804 E C01707/CONCUR: [Interface] task 9104 apply qos failed, errno = 4
09-19 13:50:47.544  8804  8804 W C03f04/MMG: [NMM:1439] First: failed do_dlsym failed: Symbol not found: NAPI_file_fs_GetABCCode, version: null so=/system/lib64/module/file/libfs.z.so.Second: failed /system/lib64/module/hms/core/libiap_napi.z.so not exist.load /system/etc/abc/core/iap.abc failed
09-19 13:50:47.544  8804  8804 E C03f00/ArkCompiler: [ecmascript] export objects of native so is undefined, so name is @hms:core.iap
09-19 13:50:47.558  8804  8804 I C04309/CLOUD_FILE_SYNC: CloudSyncExport:Class MultiDownloadProgress for module cloudSyncDownload has been exported
09-19 13:50:47.558  8804  8804 I C04309/CLOUD_FILE_SYNC: CloudSyncExport:Class CloudFileCache for module cloudSyncDownload has been exported
09-19 13:50:47.558  8804  8804 I C04309/CLOUD_FILE_SYNC: CloudSyncExport:Class Download for module cloudSyncDownload has been exported
09-19 13:50:47.558  8804  8804 I C04309/CLOUD_FILE_SYNC: CloudSyncExport:Class GallerySync for module cloudSyncDownload has been exported
09-19 13:50:47.558  8804  8804 I C04309/CLOUD_FILE_SYNC: CloudSyncExport:Class FileSync for module cloudSyncDownload has been exported
09-19 13:50:47.559  8804  8804 I C04309/CLOUD_FILE_SYNC: CloudSyncExport:Class FileVersion for module cloudSyncDownload has been exported
09-19 13:50:47.575  8804  8804 I C01324/JsNapi: [js_error_manager.cpp1837]called
09-19 13:50:47.577  8804  8804 I C01320/JsEnv: [JSENV300]timing: 76
09-19 13:50:47.578  8804  8804 I C01320/JSENV: Callee constructor is OK string
09-19 13:50:47.578  8804  8804 I C01320/JSENV: Ability::constructor callee is object [object Object]
09-19 13:50:47.578  8804  8804 I C03f00/ArkCompiler: [ecmascript] start to execute ark buffer with secure memory use file: /data/storage/el1/bundle/entry/ets/modules.abc, entrypoint: @normalized:N&&&entry/build/generated/r/ResourceTable&
09-19 13:50:47.581  8804  8804 I C01332/UIAbility: [ui_ability_thread.cpp204]Lifecycle:Attach
09-19 13:50:47.582  8804  8804 I C01317/AppKit: [MTHRD3123]called
09-19 13:50:47.582  8804  8804 I C03f00/ArkCompiler: [gc] app is not inBackground
09-19 13:50:47.589  8804  8804 E C01707/CONCUR: [Interface] task 9103 apply qos failed, errno = 4
09-19 13:50:47.594  8804  8804 E C01707/CONCUR: [Interface] task 9105 apply qos failed, errno = 4
09-19 13:50:47.597  8804  8804 E C01707/CONCUR: [Interface] task 9104 apply qos failed, errno = 4
09-19 13:50:47.600  8804  9093 I C01332/UIAbility: [ui_ability_thread.cpp352]name:EntryAbility,targeState:5,isNewWant:0
09-19 13:50:47.600  8804  8804 I C01332/UIAbility: [ui_ability_thread.cpp271]Lifecycle:name EntryAbility
09-19 13:50:47.600  8804  8804 I C04201/DMS: AddDisplayIdFromAms: abilityToken and display[0] has been added.
09-19 13:50:47.603  8804  8804 I C01332/UIAbility: [JUA2177]JsUIAbility call js, name: onCreate
09-19 13:50:47.603  8804  8804 I A00001/EntryAbility: Ability onCreate
09-19 13:50:47.605  8804  8804 E C01356/Recovery: [app_recovery_api.cpp124]invalid restartFlag: 7
09-19 13:50:47.605  8804  8804 I A00001/ErrorRecovery: App recovery enabled
09-19 13:50:47.605  8804  8804 I C01317/AppKit: [OH_APP1240]current 2, pre 0
09-19 13:50:47.605  8804  8804 W C01317/AppKit: [OH_APP1269]fontSize empty
09-19 13:50:47.605  8804  8804 I C01317/AppKit: [OH_APP1300]current 2, pre 0
09-19 13:50:47.605  8804  8804 W C01317/AppKit: [OH_APP1304]language empty
09-19 13:50:47.605  8804  8804 W C01317/AppKit: [OH_APP1323]language and locale empty
09-19 13:50:47.605  8804  8804 I C01317/AppKit: [OH_APP298]configuration_: {"0#const.build.characteristics":"phone","0#input.pointer.device":"true","0#ohos.app.fontSizeScale":"nonFollowSystem","0#ohos.application.densitydpi":"xxxldpi","0#ohos.application.direction":"vertical","0#ohos.application.displayid":"0","0#ohos.system.colorMode":"light","0#ohos.system.colorMode.isSetByApp":"isSetByApp","0#ohos.system.fontSizeScale":"1.0","0#ohos.system.fontWeightScale":"1.0","0#ohos.system.hour":"false","0#ohos.system.language":"zh-Hans","0#ohos.system.locale":"zh-Hans"}, config: {"0#ohos.system.colorMode":"light","0#ohos.system.colorMode.isSetByApp":"isSetByApp"}
09-19 13:50:47.605  8804  8804 E C04217/WMSAttribute: UpdateConfigurationSyncForAll: root is null
09-19 13:50:47.605  8804  8804 I C01332/UIAbility: [JUA2177]JsUIAbility call js, name: onConfigurationUpdated
09-19 13:50:47.605  8804  8804 I C01332/UIAbility: [JUA2222]end, name: onConfigurationUpdated, time: 0
09-19 13:50:47.605  8804  8804 I C01332/UIAbility: [JUA2177]JsUIAbility call js, name: onConfigurationUpdate
09-19 13:50:47.605  8804  8804 I C01332/UIAbility: [JUA2222]end, name: onConfigurationUpdate, time: 0
09-19 13:50:47.605  8804  8804 W C01317/AppKit: [JAS919]Not found AbilityStage.js
09-19 13:50:47.605  8804  8804 W C01317/AppKit: [JAS919]Not found AbilityStage.js
09-19 13:50:47.605  8804  8804 I C01317/AppKit: [OH_APP322]ignoreWindowContext size 0
09-19 13:50:47.605  8804  8804 E C04217/WMSAttribute: UpdateConfigurationForAll: root is null
09-19 13:50:47.605  8804  8804 I C01332/UIAbility: [JUA2222]end, name: onCreate, time: 2
09-19 13:50:47.606  8804  8804 E C01332/UIAbility: [ui_ability_impl.cpp364]hasSaveData_: false
09-19 13:50:47.606  8804  8804 W C01332/UIAbility: [JUA1352]formatRegex: []
09-19 13:50:47.606  8804  8804 I C04202/WMSMain: Init: [requestId: 0][scbRequestId: 17]WindowScene with window session!
09-19 13:50:47.606  8804  8804 I C04202/WMSMain: Init: set isModuleAbilityHookEnd
09-19 13:50:47.606  8804  8804 I C0420a/WMSLife: WindowSessionImpl: nodeId: 37812892073985
09-19 13:50:47.606  8804  8804 I C01406/OHOS::RS: RSLogManager init log flag: 0x0(0)
09-19 13:50:47.609  8804  8804 I C01406/OHOS::RS: RSRenderServiceConnectHub call CreateConnection, needRefresh:[0]
09-19 13:50:47.610  8804  8804 I C01406/OHOS::RS: RSFrameRateLinker::Create id: 37812892073984
09-19 13:50:47.610  8804  8804 I C04202/WMSMain: VsyncStation: id 37812892073985 created
09-19 13:50:47.610  8804  8804 I C04200/WindowSceneSessionImpl: WindowSceneSessionImpl: [WMSCom] Constructor callaite0
09-19 13:50:47.610  8804  8804 E C04200/WMS: SetWindowType: permission denied!
09-19 13:50:47.610  8804  8804 I C0420a/WMSLife: Create: Window Create name:callaite0, state:0, mode:0
09-19 13:50:47.614  8804  8804 I C0420a/WMSLife: Create: SetIsAbilityHookOff 0
09-19 13:50:47.614  8804  8804 W C0420a/WMSLife: IsWindowSessionInvalid: id: 0 state_: 0
09-19 13:50:47.614  8804  8804 W C04200/WindowSceneSessionImpl: AdjustWindowAnimationFlag: session invalid!
09-19 13:50:47.614  8804  8804 I C04200/WindowSceneSessionImpl: Remove window flag WINDOW_FLAG_SHOW_WHEN_LOCKED
09-19 13:50:47.617  8804  8804 I C0420a/WMSLife: Connect: in
09-19 13:50:47.621  8804  9092 I C04208/WMSLayout: UpdateRect: [WindowRectUpdate:ClientRecv] UpdateRect id:0 name:callaite0, preRect=[0 0 0 0], newRect=[0 0 1308 2880], reason:0 displayId:0
09-19 13:50:47.621  8804  9092 I C04208/WMSLayout: NotifyFirstValidLayoutUpdate: Id:0, rect:[0 0 1308 2880]
09-19 13:50:47.621  8804  8804 I C01406/OHOS::RS: RSSurfaceNode::Unmarshalling, Node: 37812892073985, Name: callaite0
09-19 13:50:47.621  8804  9125 W C057c1/IPCWorkThread: ThreadHandler: proto:0 policy:0 name:OS_IPC_2_9125 invoker:3894544
09-19 13:50:47.621  8804  8804 I C04208/WMSLayout: Connect: updateRect when connect.preRect:[0,0,1308,2880]rect:[0,0,1308,2880]
09-19 13:50:47.621  8804  8804 E C0421c/WMSCompat: ReadCombinedCompatibleConfig: combinedConfigSize: 0 fail to meet the conditions
09-19 13:50:47.622  8804  9092 W C04208/WMSLayout: NotifySingleHandTransformChange: id:43, uiContent is nullptr
09-19 13:50:47.622  8804  8804 I C0420a/WMSLife: Connect: Window Connect [name:callaite0, id:43, type:1], ret:0, oriDisplayId:0, curDisplayId:0
09-19 13:50:47.623  8804  8804 I C04204/WMSScb: RS multi-instance enabled: 1
09-19 13:50:47.623  8804  8804 I C01406/OHOS::RS: multi-instance, create RSUIContextManager, isMultiInstanceOpen_ 1
09-19 13:50:47.624  8804  8804 I C01406/OHOS::RS: RSRenderServiceConnectHub AddRenderProcessConnectionToken
09-19 13:50:47.625  8804  8804 I C01406/OHOS::RS: RSRenderServiceConnectHub::SetOnDiedCallback, code:0
09-19 13:50:47.625  8804  8804 I C01406/OHOS::RS: RSApplicationAgentImpl::RegisterRSApplicationAgent!
09-19 13:50:47.625  8804  8804 I C01406/OHOS::RS: RSUIDirector::GoCreate CurrentState:0, UIContext:37812892073985
09-19 13:50:47.625  8804  8804 I C01406/OHOS::RS: RSUIDirector::GoResume CurrentState:0, UIContext:37812892073985
09-19 13:50:47.625  8804  8804 I C01406/OHOS::RS: RSUIDirector::GoForeground CurrentState:1, UIContext:37812892073985
09-19 13:50:47.626  8804  8804 I C02c03/PARAM_WATCHER: Add watcher keyPrefix persist.sys.graphic.animationscale remoteWatcherId 97 success
09-19 13:50:47.626  8804  8804 I C04204/WMSScb: InitRSUIDirector: Create RSUIDirector: RSUIDirector's RSUIContext [token: 37812892073985, tid: 8804], rsUIContext: RSUIContext is null
09-19 13:50:47.626  8804  8804 I C0420a/WMSLife: PostInitSurfaceNode: post init surfaceNode success, name: callaite0
09-19 13:50:47.627  8804  8804 I C0421c/WMSCompat: SetAppHookWindowInfo: Id:43, preHookWindowInfo:[enableHookWindow: false, widthHookRatio: 1.000000, notifyWindowChange: false, drawableRectHook: false], newHookWindowInfo:[enableHookWindow: false, widthHookRatio: 1.000000, notifyWindowChange: false, drawableRectHook: false]
09-19 13:50:47.627  8804  8804 I C0421c/WMSCompat: SendCombinedCompatibleConfigToArkUI: bundleName: com.example.callaite, combinedCompatibleConfig size: 0
09-19 13:50:47.627  8804  8804 E C0421c/WMSCompat: SendCombinedCompatibleConfigToArkUI: Combined compatible config size is less than 2!
09-19 13:50:47.627  8804  8804 I C01406/OHOS::RS: RSSurfaceNode::SetAlphaChangedCallback, node=[37812892073985, callaite0]
09-19 13:50:47.627  8804  8804 I C04208/WMSLayout: SetWindowMode: windowId: 43, windowModeSupportType: 127, mode: 1
09-19 13:50:47.627  8804  8804 I C04208/WMSLayout: UpdateWindowModeImmediately: [WindowModeUpdate:Inner] UpdateWindowModeImmediately id:43, mode:1, splitStyle:0, splitIndex:0, state:1
09-19 13:50:47.632  8804  8804 I C04208/WMSLayout: NotifyWindowStatusChange: [WindowModeUpdate:Inner] NotifyWindowStatusChange id:43, mode:1, status:1, lastStatus:0, skipRedundant:0
09-19 13:50:47.632  8804  8804 I C04208/WMSLayout: SetConfigWindowLimitsVP: id:43, windowLimits:[0 0 0 0 0.000000 0.000000 1.000000 1]
09-19 13:50:47.632  8804  8804 I C04208/WMSLayout: GetSystemSizeLimits: systemLimitsPX: [6720 6720 1120 840 340282346638528859811704183484516925440.000000 0.000000 1.000000 0], systemLimitsVP: [1920 1920 320 240 340282346638528859811704183484516925440.000000 0.000000 1.000000 1], configMaxSize: 1920, vpr: 3.500000, winType: 1
09-19 13:50:47.632  8804  8804 I C04208/WMSLayout: UpdateWindowSizeLimits: [WindowLimitsUpdate:CalcLimits] SaveLimits id:43, px[minW:1120,minH:840,maxW:6720,maxH:6720] vp[minW:320,minH:240,maxW:1920,maxH:1920] vpr=3.500000
09-19 13:50:47.637  8804  8804 I C0421a/WMSLayoutPc: GetSupportedWindowModesConfiguration: winId: 43, windowModeSupportType: 15
09-19 13:50:47.637  8804  8804 I C04202/WMSMain: SetSupportedWindowModesForAncoInFreeWindow: is not anco app, need not update support window mode.
09-19 13:50:47.637  8804  8804 I C04208/WMSLayout: SetWindowModeSupportType: id:43, old:127, new:15
09-19 13:50:47.637  8804  8804 I C04208/WMSLayout: GetConfigurationFromAbilityInfo: windowId: 43, windowModeSupportType: 15, isAncoSupportFreeWindow: 0
09-19 13:50:47.639  8804  8804 I C0420f/WMSRecover: RegisterSessionRecoverCallbackFunc: persistentId=43
09-19 13:50:47.640  8804  8804 I C04217/WMSAttribute: UpdateStatusBarColorByColorMode: win=43, appColor=light
09-19 13:50:47.641  8804  8804 I C04200/WMS: IsMainHandlerAvailable: id:43, isAvailable:1
09-19 13:50:47.641  8804  8804 I C04200/WMS: IsMainHandlerAvailable: id:43, isAvailable:1
09-19 13:50:47.643  8804  8804 I C02800/MMIClient: [|267]Connection to server succeeded, fd:32
09-19 13:50:47.643  8804  8804 I C02800/MMIClient: [|166]Server was listening
09-19 13:50:47.643  8804  8804 I C02800/MMIClient: [|127]reuse current event handler, thread name:
09-19 13:50:47.643  8804  8804 I C02800/MMIClient: [|130]File fd is in listening
09-19 13:50:47.643  8804  8804 I C0420c/WMSEvent: AddInputWindow: SetWindowInputEventConsumer success, wid:43
09-19 13:50:47.645  8804  8804 I C04732/GameController: [(RegisterEntryModule:24)]begin load gamecontroller_event
09-19 13:50:47.645  8804  8804 I C04732/GameController: [(StartInputToTouch:61)]Begin StartInputToTouch
09-19 13:50:47.646  8804  9127 I C04732/GameController: [(GetSelfBundleName:49)]The current bundleName [com.example.callaite]. version [1.0.0]
09-19 13:50:47.646  8804  9127 I C04732/GameController: [(IsCommonApp:94)]The [com.example.callaite] is a common app.
09-19 13:50:47.646  8804  9127 W C04732/GameController: [(ReadJsonFromFile:224)]realpath failed for [/data/service/el1/public/for-all-app/gamecontroller_server/game_support_key_mapping.json]
09-19 13:50:47.646  8804  9127 I C04732/GameController: [(SetSupportKeyMapping:73)]SetSupportKeyMapping. isSupportKeyMapping_ is [0]
09-19 13:50:47.646  8804  9127 I C04732/GameController: [(DoAsyncTask:76)]The app does not support input-to-touch feature.
09-19 13:50:47.647  8804  8804 I C04217/WMSAttribute: ConnectServer: start connect
09-19 13:50:47.647  8804  8804 I C04217/WMSAttribute: ConnectServer: end connect
09-19 13:50:47.647  8804  8804 W C04217/WMSAttribute: RegisterGetWMSWindowListCallback: callback has registered
09-19 13:50:47.647  8804  8804 I C04217/WMSAttribute: RegisterGetWMSWindowListCallback: winId: 43
09-19 13:50:47.647  8804  8804 I C04217/WMSAttribute: UpdateColorMode: winId: 43, colorMode: light
09-19 13:50:47.647  8804  8804 I C04218/WMSPc: UpdateSidebarBlurStyleWhenColorModeChange: in, persistentId=43
09-19 13:50:47.647  8804  8804 W C04218/WMSPc: UpdateSidebarBlurStyleWhenColorModeChange: RSAnimatableProperty is null
09-19 13:50:47.648  8804  8804 I C04217/WMSAttribute: UpdateColorMode: winId: 43, colorMode: light, hasDarkRes: 1
09-19 13:50:47.648  8804  8804 I C0421c/WMSCompat: SetPcAppInpadSpecificSystemBarInvisible: isPcAppInpadSpecificSystemBarInvisible: 0
09-19 13:50:47.648  8804  8804 I C0421c/WMSCompat: SetPcAppInpadOrientationLandscape: isPcAppInpadOrientationLandscape: 0
09-19 13:50:47.648  8804  8804 I C0420a/WMSLife: Create: Window Create success [name:callaite0, id:43], state:1, mode:1, enableDefaultDensity:0, displayId:0
09-19 13:50:47.648  8804  8804 E C04200/WMS: singleton_container.cpp GetSingleton: cant get OHOS::Rosen::WindowInfoReporter
09-19 13:50:47.648  8804  8804 I C01332/UIAbility: [JUA2177]JsUIAbility call js, name: onWindowStageCreate
09-19 13:50:47.648  8804  8804 I A00001/EntryAbility: Ability onWindowStageCreate
09-19 13:50:47.649  8804  8804 I A03d00/JSAPP: [DataStore] Loading 2 .md files from /data/storage/el2/base/haps/entry/files/graph
09-19 13:50:47.649  8804  8804 W A03d00/JSAPP: [DataStore] Empty or unreadable file: 2026-09-19.md
09-19 13:50:47.651  8804  8804 I A03d00/JSAPP: [DataStore] Graph loaded. Pages: 1
09-19 13:50:47.652  8804  8804 E C01317/AppKit: [context_impl.cpp1466]create dir /data/storage/el2/cloud failed, errno is 13
09-19 13:50:47.652  8804  8804 E C01317/AppKit: [context_impl.cpp1466]create dir /data/storage/el2/cloud failed, errno is 13
09-19 13:50:47.652  8804  8804 E C01317/AppKit: [context_impl.cpp1466]create dir /data/storage/el2/cloud failed, errno is 13
09-19 13:50:47.652  8804  8804 E C04388/file_api: [prop_n_exporter.cpp:456->MkdirExec] Failed to create directories, error: 13
09-19 13:50:47.657  8804  9109 I C01610/KvStoreServiceDeathNotifier: [a92ab122b79f4fc, 0, 0] AddServiceDeathWatcher: Success set size: <private>
09-19 13:50:47.657  8804  9109 I C01610/KvStoreServiceDeathNotifier: [a92ab122b79f4fc, 0, 0] GetDistributedKvDataService: Create remote proxy.
09-19 13:50:47.664  8804  8804 I A03d00/JSAPP: [PluginManager] Initialized 4 plugins
09-19 13:50:47.664  8804  9109 I C01610/DataMgrServiceProxy: [a92ab122b79f4fc, 0, 0] DataMgrServiceProxy: Init data service proxy.
09-19 13:50:47.665  8804  9109 I C01610/KvStoreServiceDeathNotifier: [a92ab122b79f4fc, 0, 0] ServiceDeathRecipient: Constructor.
09-19 13:50:47.665  8804  9109 I C01610/KvStoreClientDeathObserver: [a92ab122b79f4fc, 0, 0] KvStoreClientDeathObserver: This client death observer
09-19 13:50:47.665  8804  9109 I C01610/DataMgrServiceProxy: [a92ab122b79f4fc, 0, 0] GetFeatureInterface: get feature:kv_store
09-19 13:50:47.666  8804  9129 E C01b00/DistributedAccountFwk: Read result failed, code is: 8.
09-19 13:50:47.666  8804  9130 E C01b00/DistributedAccountFwk: Read result failed, code is: 8.
09-19 13:50:47.667  8804  8804 I C01317/AppKit: [OH_APP1240]current 2, pre 0
09-19 13:50:47.667  8804  8804 W C01317/AppKit: [OH_APP1269]fontSize empty
09-19 13:50:47.667  8804  8804 I C01317/AppKit: [OH_APP1300]current 2, pre 0
09-19 13:50:47.667  8804  8804 W C01317/AppKit: [OH_APP1304]language empty
09-19 13:50:47.667  8804  8804 W C01317/AppKit: [OH_APP1323]language and locale empty
09-19 13:50:47.667  8804  8804 I C01317/AppKit: [OH_APP298]configuration_: {"0#const.build.characteristics":"phone","0#input.pointer.device":"true","0#ohos.app.fontSizeScale":"nonFollowSystem","0#ohos.application.densitydpi":"xxxldpi","0#ohos.application.direction":"vertical","0#ohos.application.displayid":"0","0#ohos.system.colorMode":"light","0#ohos.system.colorMode.isSetByApp":"isSetByApp","0#ohos.system.fontSizeScale":"1.0","0#ohos.system.fontWeightScale":"1.0","0#ohos.system.hour":"false","0#ohos.system.language":"zh-Hans","0#ohos.system.locale":"zh-Hans"}, config: {"0#ohos.system.colorMode":"light","0#ohos.system.colorMode.isSetByApp":"isSetByApp"}
09-19 13:50:47.667  8804  8804 E C04217/WMSAttribute: UpdateConfigurationSync: uiContent null, scene win=43, display=0
09-19 13:50:47.667  8804  8804 E C04217/WMSAttribute: UpdateConfigurationSyncForAll: root is null
09-19 13:50:47.668  8804  8804 I C01332/UIAbility: [JUA2177]JsUIAbility call js, name: onConfigurationUpdated
09-19 13:50:47.668  8804  8804 I C01332/UIAbility: [JUA2222]end, name: onConfigurationUpdated, time: 0
09-19 13:50:47.668  8804  8804 I C01332/UIAbility: [JUA2177]JsUIAbility call js, name: onConfigurationUpdate
09-19 13:50:47.668  8804  8804 I C01332/UIAbility: [JUA2222]end, name: onConfigurationUpdate, time: 0
09-19 13:50:47.669  8804  8804 W C01317/AppKit: [JAS919]Not found AbilityStage.js
09-19 13:50:47.669  8804  8804 W C01317/AppKit: [JAS919]Not found AbilityStage.js
09-19 13:50:47.669  8804  8804 I C01317/AppKit: [OH_APP322]ignoreWindowContext size 0
09-19 13:50:47.669  8804  8804 E C04217/WMSAttribute: UpdateConfiguration: uiContent null, scene win=43, display=0
09-19 13:50:47.669  8804  8804 I C04217/WMSAttribute: UpdateStatusBarColorByColorMode: win=43, appColor=light
09-19 13:50:47.669  8804  8804 E C04217/WMSAttribute: UpdateConfigurationForAll: root is null
09-19 13:50:47.670  8804  8804 I C04200/JsWindowStage: LoadContent: [NAPI]
09-19 13:50:47.670  8804  8804 I C01332/UIAbility: [JUA2222]end, name: onWindowStageCreate, time: 22
09-19 13:50:47.670  8804  8804 I C0420a/WMSLife: NotifyWindowStageCreateFinished: id: 43
09-19 13:50:47.670  8804  8804 I C01332/UIAbility: [JUA2177]JsUIAbility call js, name: onWillForeground
09-19 13:50:47.670  8804  8804 I C01332/UIAbility: [JUA2222]end, name: onWillForeground, time: 0
09-19 13:50:47.670  8804  8804 I C04202/WMSMain: GoForeground: [requestId: 0][scbRequestId: 17]reason: 4 isGamePreLaunch: 0
09-19 13:50:47.670  8804  8804 I C0420a/WMSLife: Show: [requestId: 0][scbRequestId: 17]Window show [name: callaite0, id: 43, type: 1], reason: 4, state:1, requestState:1
09-19 13:50:47.670  8804  8804 I C04208/WMSLayout: GetSystemSizeLimits: systemLimitsPX: [6720 6720 1120 840 340282346638528859811704183484516925440.000000 0.000000 1.000000 0], systemLimitsVP: [1920 1920 320 240 340282346638528859811704183484516925440.000000 0.000000 1.000000 1], configMaxSize: 1920, vpr: 3.500000, winType: 1
09-19 13:50:47.670  8804  8804 I C04208/WMSLayout: UpdateWindowSizeLimits: [WindowLimitsUpdate:CalcLimits] SaveLimits id:43, px[minW:1120,minH:840,maxW:6720,maxH:6720] vp[minW:320,minH:240,maxW:1920,maxH:1920] vpr=3.500000
09-19 13:50:47.671  8804  9109 I C01630/DistributedDB: [a92ab122b79f4fc, 0, 0] before open db,db file: [size: 65536, mtime: 1789792123, inode: 824462]; db wal file: [size: 0, mtime: 1789792123, inode: 824463]; db shm file: [size: 32768, mtime: 1789795819, inode: 824466]; db dwr file: [stat() failed, errCode: -1, errno: 2]; 
09-19 13:50:47.672  8804  9109 I C01630/DistributedDB: [a92ab122b79f4fc, 0, 0] [SqlUp] meta[0] label[3] flag[0] ver[104]
09-19 13:50:47.672  8804  9109 I C01630/DistributedDB: [a92ab122b79f4fc, 0, 0] [KVDB] [StartSyncerWithNoLock] [uüª] event=3
09-19 13:50:47.673  8804  9109 I C01630/DistributedDB: [a92ab122b79f4fc, 0, 0] db id:75fcaa, dir:485848
09-19 13:50:47.673  8804  8804 I C04217/WMSAttribute: IsSystemDensityChanged: windowId: 43, lastDensity: -1.000000, currDensity: 3.500000
09-19 13:50:47.673  8804  9109 E C01610/StoreUtil: [a92ab122b79f4fc, 0, 0] SetServiceGid: file not exit, filePath:/da***.db ,code:2
09-19 13:50:47.673  8804  9109 I C01610/KvStoreServiceDeathNotifier: [a92ab122b79f4fc, 0, 0] AddServiceDeathWatcher: Success set size: <private>
09-19 13:50:47.673  8804  8804 W C04200/WindowSessionImpl: UpdateViewportConfig: uiContent is null!
09-19 13:50:47.674  8804  8804 I C01332/UIAbility: [ui_ability_impl.cpp489]wnd call, AfterForeground
09-19 13:50:47.674  8804  8804 I C01406/OHOS::RS: RSFrameRateLinker::Create id: 37812892073985
09-19 13:50:47.675  8804  9125 I C04207/WMSFocus: ProcessUpdateFocus: unfocusId:11, focusId:43, isFocused:1,isSyncNotify:0, old:0, new:1789797047461, current:1789797047675
09-19 13:50:47.675  8804  9125 I C04207/WMSFocus: UpdateFocusState: focus: 1, id: 43
09-19 13:50:47.675  8804  9125 I C04207/WMSFocus: NotifyApplicationFocusChangedResult: 1
09-19 13:50:47.675  8804  9125 I C04207/WMSFocus: ProcessNotifyHighlightChange: timeStamp:1789797047461, highlightId:43, isHighlight:1,isSyncNotify:0, old:0, new:1789797047461, current:1789797047675
09-19 13:50:47.675  8804  9125 I C04207/WMSFocus: NotifyHighlightChange: windowId: 43, isHighlight: 1,
09-19 13:50:47.675  8804  9125 E C0420a/WMSLife: NotifyUIExtHostRectChangeInGlobalDisplayListeners: uiContent is null
09-19 13:50:47.675  8804  9125 W C04208/WMSLayout: NotifySingleHandTransformChange: id:43, uiContent is nullptr
09-19 13:50:47.684  8804  9133 W C057c1/IPCWorkThread: ThreadHandler: proto:0 policy:0 name:OS_IPC_3_9133 invoker:10174480
09-19 13:50:47.685  8804  8804 E C01706/ueaClient-RmeCoreSched: [Init]: do not enabled!ret: -1
09-19 13:50:47.685  8804  8804 I C01706/ueaClient-FrameMsgMgr: [Init]:inited success!
09-19 13:50:47.685  8804  8804 I C01706/ueaClient-FrameUiIntf: [Init]:ret:1, inited:1
09-19 13:50:47.685  8804  8804 I C04217/WMSAttribute: InitWaterfallMode: winId: 43
09-19 13:50:47.685  8804  8804 I C04217/WMSAttribute: NotifyWaterfallModeChange: winId: 43, waterfall: 0, stat: 2
09-19 13:50:47.685  8804  8804 I C04202/WMSMain: NotifyFreeMultiWindowModeResume: IsPcMode 0, isColdStart 1
09-19 13:50:47.685  8804  8804 I C0420a/WMSLife: Show: [requestId: 0][scbRequestId: 17]Window show success [name:callaite0, id:43, type:1]
09-19 13:50:47.685  8804  8804 W C04201/DMS: OnDisplayInfoChange: data is not changed.
09-19 13:50:47.686  8804  8804 I C01332/UIAbility: [JUA2177]JsUIAbility call js, name: onForeground
09-19 13:50:47.686  8804  8804 I A00001/EntryAbility: Ability onForeground
09-19 13:50:47.686  8804  8804 I C01332/UIAbility: [JUA2222]end, name: onForeground, time: 0
09-19 13:50:47.694  8804  8804 E C01651/data_share_manager_impl: RegisterClientDeathObserver: RegisterClientDeathObserver failed, bundleName is com.example.callaite
09-19 13:50:47.694  8804  8804 E C01651/data_share_manager_impl: GetDataShareServiceProxy: RegisterClientDeathObserver failed
09-19 13:50:47.695  8804  9133 E C01651/data_share_manager_impl: RegisterClientDeathObserver: RegisterClientDeathObserver failed, bundleName is com.example.callaite
09-19 13:50:47.695  8804  9133 E C01651/data_share_manager_impl: GetDataShareServiceProxy: RegisterClientDeathObserver failed
09-19 13:50:47.695  8804  9133 I C01651/data_share_manager_impl: operator(): RecoverObs start
09-19 13:50:47.705  8804  8804 I C05405/CompConfigClient: GetConfigByApp: GetDataShareData return 0 result
09-19 13:50:47.705  8804  8804 E C01301/Ability: [page_config_manager.cpp62]configJson_ is empty
09-19 13:50:47.706  8804  8804 I C02d11/DfxUnwinder: UnwindLocal:: fpUnwind: 0
09-19 13:50:47.706  8804  8804 W C01320/JsEnv: [source_map.cpp145]the stack without line info
09-19 13:50:47.707  8804  8804 I C02d11/DfxUnwinder: UnwindLocal:: fpUnwind: 0
09-19 13:50:47.707  8804  8804 W C01320/JsEnv: [source_map.cpp145]the stack without line info
09-19 13:50:47.707  8804  8804 I A00001/EntryAbility: Huawei account refreshed: 
09-19 13:50:47.707  8804  8804 I C01612/JsKVManager: operator(): output delete reference success
09-19 13:50:47.707  8804  8804 I C01612/JsSingleKVStore: operator(): subscribe to event:dataChange
09-19 13:50:47.707  8804  8804 I C01612/JsSingleKVStore: OnDataChange: subscribe data change type 2
09-19 13:50:47.707  8804  8804 I C01630/DistributedDB: [KvStoreNbDelegate][RegisterDeviceObserver] Register device observer ok mode:1
09-19 13:50:47.707  8804  8804 I C01610/KvStoreObserverClient: KvStoreObserverClient: Start
09-19 13:50:47.708  8804  8804 I A03d00/JSAPP: [Collaboration] KVStore initialized
09-19 13:50:47.708  8804  8804 I C01332/UIAbility: [JUA2177]JsUIAbility call js, name: onDidForeground
09-19 13:50:47.708  8804  8804 I C01332/UIAbility: [JUA2222]end, name: onDidForeground, time: 0
09-19 13:50:47.708  8804  8804 I C04202/WMSMain: GoResume: in isGamePreLaunch: 0
09-19 13:50:47.708  8804  8804 I C0420a/WMSLife: SetUIContentInner: pages/Index, state:2, persistentId: 43
09-19 13:50:47.708  8804  8804 I C0420a/WMSLife: NotifySetUIContentComplete: start
09-19 13:50:47.708  8804  8804 I C0420a/WMSLife: SetUIContentComplete: persistentId=43
09-19 13:50:47.708  8804  8804 I C0420a/WMSLife: InitUIContent: start
09-19 13:50:47.708  8804  8804 I C0420a/WMSLife: DestroyExistUIContent: start
09-19 13:50:47.709  8804  8804 I C03900/Ace: [(-1:-1:undefined)] CreateUIContent.
09-19 13:50:47.709  8804  8804 I C03934/AceUIEvent: [(-1:-1:undefined)] report ace loaded
09-19 13:50:47.709  8804  8804 I C04707/HaAceEngine: OnAceLoaded end
09-19 13:50:47.709  8804  9101 W C04707/HaClient: =========Invalid Client=========
09-19 13:50:47.710  8804  8804 I C03900/Ace: [(-2:-1:undefined)] Create ace bg threads pool.
09-19 13:50:47.710  8804  8804 I C03900/Ace: [(-2:-1:undefined)] Init RenderService UniRender Type:0
09-19 13:50:47.712  8804  8804 W C01409/APS_MANAGER: redo Connect
09-19 13:50:47.712  8804  8804 I C01409/APS_MANAGER: Start to ConnectService
09-19 13:50:47.712  8804  8804 I C01409/APS_MANAGER: GetSystemAbilityManager success
09-19 13:50:47.712  8804  8804 I C01409/APS_MANAGER: GetSystemAbility success
09-19 13:50:47.712  8804  8804 I C03900/Ace: [(-2:-1:undefined)] [com.example.callaite][entry][-1]: UIContent: apiCompatibleVersion: 60101024, apiTargetVersion: 260000026, and apiReleaseType: Release, useNewPipe: 1, enableCustomComponentCrossAbility: 0
09-19 13:50:47.713  8804  9139 I C03900/Ace: [(-1:-1:undefined)] dlsym function ReportData success.
09-19 13:50:47.713  8804  9139 I C03900/Ace: [(-1:-1:undefined)] dlsym function ReportSyncEvent success.
09-19 13:50:47.714  8804  8804 I C02c03/PARAM_WATCHER: Add watcher keyPrefix persist.sys.arkui.animationscale remoteWatcherId 97 success
09-19 13:50:47.715  8804  8804 E C03900/Ace: [(-2:-1:undefined)] ConfigParserBase read system file failed
09-19 13:50:47.715  8804  8804 W C03900/Ace: [(-2:-1:undefined)] ArkUiFeatureParamManager failed to load xml file
09-19 13:50:47.715  8804  8804 E C03900/Ace: [(-2:-1:undefined)] ConfigParserBase read system UI correction config file failed
09-19 13:50:47.715  8804  8804 W C03900/Ace: [(-2:-1:undefined)] ArkUiFeatureParamManager failed to load UI correction config file
09-19 13:50:47.718  8804  8804 I C05405/CompConfigClient: SubscribeEvent_: SubscriberEvent, ret: 1
09-19 13:50:47.722  8804  9133 I C04208/WMSLayout: NotifyWindowStatusDidChange: [WindowModeUpdate:Inner] NotifyWindowStatusDidChange id:43, mode:1, status:1, lastStatus:0, listenerSize:0, rect:[0 0 1308 2880]
09-19 13:50:47.729  8804  8804 I C05405/CompConfigClient: GetConfigByApp: GetDataShareData return 0 result
09-19 13:50:47.729  8804  8804 W C03900/Ace: [(-2:-1:undefined)] FeatureManager get config failed, key:UICorrectionStrategy ret:1
09-19 13:50:47.729  8804  8804 W C03900/Ace: [(-2:-1:undefined)] FeatureParamManager get UICorrectionStrategy from FeatureManager failed
09-19 13:50:47.732  8804  8804 I C03900/Ace: [(-2:-1:undefined)] SetLocale language tag: zh-Hans, font locale: zh-Hans, select language: zh-CN
09-19 13:50:47.733  8804  8804 I C03900/Ace: [(-2:-1:undefined)] [com.example.callaite][entry][-1]: SetLanguage: zh, colorMode: light, deviceAccess: 1
09-19 13:50:47.733  8804  8804 I C03900/Ace: [(-2:-1:undefined)] [com.example.callaite][entry][-1]: Initialize UIContent isModelJson:true
09-19 13:50:47.734  8804  8804 I C03922/AceNavigation: [(-2:-1:undefined)] subscribe hsp Update successfully
09-19 13:50:47.735  8804  8804 I C03900/Ace: [(100000:100000:scope)] SetHapPath, Use hap path to load resource
09-19 13:50:47.736  8804  8804 I C04217/WMSAttribute: RegisterWaterfallModeChangeListener: winId: 43
09-19 13:50:47.737  8804  8804 I C04200/WMS: GetSurfaceNode: name:callaite0, id:43
09-19 13:50:47.737  8804  8804 I C04200/WMS: GetSurfaceNode: name:callaite0, id:43
09-19 13:50:47.737  8804  8804 I C03900/Ace: [(100000:100000:scope)] SetRSSurfaceNode 37812892073985 with rs multi
09-19 13:50:47.737  8804  8804 I C01406/OHOS::RS: RSUIContext::AttachFromUI. token: 37812892073985 uiPiplineNum: -1
09-19 13:50:47.737  8804  8804 I C01406/OHOS::RS: RSUIContext::SetUITaskRunner, Context token:37812892073985
09-19 13:50:47.738  8804  8804 I C03925/AceRouter: [(100000:100000:scope)] createManager, deviceType: 0
09-19 13:50:47.739  8804  8804 W C03900/Ace: [(100000:100000:scope)] Invalid config:zh_Hans-long-notround-vertical-light-phone-xxxhdpi
09-19 13:50:47.739  8804  8804 I C01406/OHOS::RS: RSUIDirector::GoBackground CurrentState:2, UIContext:37812892073985
09-19 13:50:47.739  8804  8804 I C01406/OHOS::RS: RSSurfaceNode::SetAbilityState, surfaceNodeId:[37812892073985], ability state: background
09-19 13:50:47.740  8804  8804 I C03900/Ace: [(100000:100000:scope)] set translateManager to pipeline, instanceId:100000
09-19 13:50:47.740  8804  8804 I C0421d/WMSRotation: RegisterOrientationChangeListener: in
09-19 13:50:47.740  8804  8804 I C03900/Ace: [(100000:100000:scope)] AddPersistAfterLayoutTask size: 1
09-19 13:50:47.740  8804  8804 I C03919/AceInputTracking: [(100000:100000:scope)] Debug touch pass mode 0
09-19 13:50:47.740  8804  8804 E C03934/AceUIEvent: [(100000:100000:scope)] AceTransform load failed: Error loading shared library /system/lib64/libtransform_interaction_ext.z.so: No such file or directory
09-19 13:50:47.740  8804  8804 I C03937/AceResource: [(100000:100000:scope)] ResourceAdapter UpdateResConfig with colorMode light
09-19 13:50:47.740  8804  8804 W C03900/Ace: [(100000:100000:scope)] not found systemTheme in HapModuleInfo, loading default OHOS_THEME
09-19 13:50:47.740  8804  8804 I C03900/Ace: [(100000:100000:scope)] Cannot Get File List from resources/styles/
09-19 13:50:47.740  8804  8804 W C03900/Ace: [(100000:100000:scope)] GetAsset failed: resources/styles/default.json
09-19 13:50:47.748  8804  8804 I C01406/OHOS::RS: RSRootNode::Create, Node:37812892073987, Token:37812892073985
09-19 13:50:47.748  8804  8804 I C03900/Ace: [(100000:100000:scope)] root node OnAttachToFrameNode, id:0
09-19 13:50:47.748  8804  8804 I C03900/Ace: [(100000:100000:scope)] Rosenwindow set root, rsId:37812892073987
09-19 13:50:47.748  8804  8804 I C01406/OHOS::RS: RSRootNode::AttachRSSurfaceNode, SurfaceNode:37812892073985, Node:37812892073987
09-19 13:50:47.749  8804  8804 I C03900/Ace: [(100000:100000:scope)] AddPersistAfterLayoutTask size: 2
09-19 13:50:47.753  8804  8804 I C03900/Ace: [(100000:100000:scope)] focusWindowId: 0, realHostWindowId: 0
09-19 13:50:47.753  8804  8804 I C03900/Ace: [(100000:100000:scope)] [com.example.callaite][entry][100000]: window focus
09-19 13:50:47.754  8804  8804 I C02c03/PARAM_WATCHER: Add watcher keyPrefix debug.graphic.frame remoteWatcherId 97 success
09-19 13:50:47.754  8804  8804 E C03900/Ace: [(100000:100000:scope)] ERROR EACCES
09-19 13:50:47.754  8804  8804 E C03900/Ace: [(100000:100000:scope)] ERROR EACCES
09-19 13:50:47.754  8804  8804 I C03900/Ace: [(100000:100000:scope)] ArkUIInvisibleFreeze: 0
09-19 13:50:47.754  8804  8804 I C03900/Ace: [(100000:100000:scope)] [com.example.callaite][entry][100000]: SetMinPlatformVersion is 60101024
09-19 13:50:47.754  8804  8804 I C04209/WMSImms: RegisterAvoidAreaChangeListener: win 43
09-19 13:50:47.755  8804  8804 E C04200/IMockSessionManager: Read result failed, code is: 4.
09-19 13:50:47.756  8804  9133 I C04200/WindowSessionImpl: NotifyTransformChange: in
09-19 13:50:47.756  8804  9146 W C057c1/IPCWorkThread: ThreadHandler: proto:0 policy:0 name:OS_IPC_4_9146 invoker:10181984
09-19 13:50:47.756  8804  8804 E C04200/IMockSessionManager: Read result failed, code is: 4.
09-19 13:50:47.756  8804  8804 I C04200/WMS: InitSessionManagerServiceProxy: Init success, userId=-1
09-19 13:50:47.757  8804  8804 I C04200/WMS: InitSceneSessionManagerLiteProxy: Init success, userId=-1
09-19 13:50:47.757  8804  8804 I C04204/WMSScb: InitSceneSessionManagerProxy: enter, userId=-1
09-19 13:50:47.757  8804  8804 I C04204/WMSScb: GetSceneSessionManagerProxy: init first time, userId=-1
09-19 13:50:47.759  8804  9092 E C0420a/WMSLife: NotifyUIExtHostRectChangeInGlobalDisplayListeners: uiContent is null
09-19 13:50:47.759  8804  9093 I C04208/WMSLayout: UpdateRect: [WindowRectUpdate:ClientRecv] UpdateRect id:43 name:callaite0, preRect=[0 0 1308 2880], newRect=[0 0 1308 2880], reason:23 displayId:0
09-19 13:50:47.761  8804  8804 I C04209/WMSImms: GetAvoidAreaByType: win 43 type not supported
09-19 13:50:47.761  8804  8804 I C03917/AceSafeArea: [(100000:100000:scope)] InitializeSafeArea systemInsets:SafeAreaInsets left_: [start: 0, end: 0], top_: [start: 0, end: 136], right_: [start: 0, end: 0], bottom_: [start: 0, end: 0], cutoutInsets:SafeAreaInsets left_: [start: 0, end: 0], top_: [start: 50, end: 128], right_: [start: 0, end: 0], bottom_: [start: 0, end: 0], navInsets:SafeAreaInsets left_: [start: 0, end: 0], top_: [start: 0, end: 0], right_: [start: 0, end: 0], bottom_: [start: 2782, end: 2880], floatNavInsets:SafeAreaInsets left_: [start: 0, end: 0], top_: [start: 0, end: 0], right_: [start: 0, end: 0], bottom_: [start: 0, end: 0]
09-19 13:50:47.762  8804  8804 I C0394e/AceWindow: [(100000:100000:scope)] Initialize displayId: 0, availableRect: [0, 0, 1308, 2880]
09-19 13:50:47.763  8804  8804 I C03900/Ace: [(100000:100000:scope)] Failed to open libthp_extra_innerapi.z.so, reason: Error loading shared library /system/lib64/libthp_extra_innerapi.z.so: No such file or directory
09-19 13:50:47.763  8804  8804 I C03900/Ace: [(-2:100000:singleton)] [com.example.callaite][entry][100000]: Initialize: pages/Index
09-19 13:50:47.763  8804  8804 I C03900/Ace: [(100000:100000:scope)] RunPage:pages/Index
09-19 13:50:47.763  8804  8804 W C03900/Ace: [(100000:100000:scope)] GetAsset failed: manifest.json
09-19 13:50:47.763  8804  9144 I C03951/InputKeyFlow: [(-1:100000:singleton)] Subscribe touch.events.pass.through Event
09-19 13:50:47.763  8804  8804 I C04200/WMS: InitUIContent: [0, 0]
09-19 13:50:47.763  8804  8804 I C0420a/WMSLife: RegisterUIContenCallback: start
09-19 13:50:47.763  8804  8804 I C04208/WMSLayout: SetUIContentInner: single hand, id:43, posX:0, posY:0, scaleX:1.000000, scaleY:1.000000
09-19 13:50:47.764  8804  9139 I C02c03/PARAM_WATCHER: Add watcher keyPrefix persist.ace.trace.layout.enabled remoteWatcherId 97 success
09-19 13:50:47.764  8804  8804 I C04219/WMSDecor: UpdateDecorEnable: decorVisible:1, isDockAutoHide:0, isDecorHiddenByApp:0, isMaximizeInvoked:0, id:43
09-19 13:50:47.764  8804  8804 I C03900/Ace: [(-2:100000:singleton)] [com.example.callaite][entry][100000]: UpdateWindowVisible: 1, hasDecor: 0
09-19 13:50:47.764  8804  8804 I C03900/Ace: [(-2:100000:singleton)] [com.example.callaite][entry][100000]: NotifyWindowMode mode = 1
09-19 13:50:47.764  8804  9139 I C02c03/PARAM_WATCHER: Add watcher keyPrefix persist.ace.trace.inputevent.enabled remoteWatcherId 97 success
09-19 13:50:47.765  8804  9139 I C02c03/PARAM_WATCHER: Add watcher keyPrefix const.security.developermode.state remoteWatcherId 97 success
09-19 13:50:47.765  8804  8804 I C03900/Ace: [(-2:100000:singleton)] [com.example.callaite][entry][100000]: window foreground
09-19 13:50:47.765  8804  9139 I C02c03/PARAM_WATCHER: Add watcher keyPrefix persist.ace.debug.statemgr.enabled remoteWatcherId 97 success
09-19 13:50:47.765  8804  8804 I C03900/Ace: [(100000:100000:scope)] Update application state , state: ON_SHOW
09-19 13:50:47.765  8804  8804 I C01406/OHOS::RS: RSUIDirector::GoForeground CurrentState:3, UIContext:37812892073985
09-19 13:50:47.766  8804  8804 I C01406/OHOS::RS: RSSurfaceNode::SetAbilityState, surfaceNodeId:[37812892073985], ability state: foreground
09-19 13:50:47.766  8804  9139 I C02c03/PARAM_WATCHER: Add watcher keyPrefix persist.ace.debug.boundary.enabled remoteWatcherId 97 success
09-19 13:50:47.768  8804  8804 I C03900/Ace: [(100000:100000:scope)] ArkUI requests first Vsync.
09-19 13:50:47.768  8804  8804 I C04202/WMSMain: RequestVsync: First vsync has requested, nodeId: 37812892073985
09-19 13:50:47.769  8804  9139 I C02c03/PARAM_WATCHER: Add watcher keyPrefix persist.ace.performance.monitor.enabled remoteWatcherId 97 success
09-19 13:50:47.770  8804  8804 I C03959/AceLayout: [(-2:100000:singleton)] UVC Viewport config: size: (1308, 2880) orientation: 0 density: 3.500000 position: (0, 0) transformHint: 0 displayId: 0 forceSplitDisplayConfig: disable forceSplit, mode: 0, WSCR 0, IRN 1, , keyboardInfo is null
09-19 13:50:47.770  8804  8804 I C03922/AceNavigation: [(100000:100000:scope)] disable forceSplit, mode:0
09-19 13:50:47.770  8804  8804 I C04208/WMSLayout: UpdateViewportConfig: Id: 43, reason: 0, viewportRect: [0 0 1308 2880], displayOrientation: 0, config[0, 0, 0, 3.500000]
09-19 13:50:47.770  8804  8804 I C03900/Ace: [(-2:100000:singleton)] [com.example.callaite][entry][100000]: window focus
09-19 13:50:47.770  8804  8804 I C03900/Ace: [(-2:100000:singleton)] [com.example.callaite][entry][100000]:window active
09-19 13:50:47.770  8804  8804 I C04208/WMSLayout: NotifyAfterUIContentReady: Renotify transform, id:43, scaleX:1.000000, scaleY:1.000000
09-19 13:50:47.770  8804  8804 I C02d11/DfxUnwinder: UnwindLocal:: fpUnwind: 0
09-19 13:50:47.771  8804  8804 W C01320/JsEnv: [source_map.cpp145]the stack without line info
09-19 13:50:47.771  8804  8804 I A00001/EntryAbility: Succeeded in loading the content.
09-19 13:50:47.771  8804  8804 I C04200/JsWindowStage: Window [43, callaite0] load content end, ret=0
09-19 13:50:47.771  8804  8804 I C04209/WMSImms: NotifyAvoidAreaChange: win 43 api 26 type 0 area top [0 0 1308 136] 
09-19 13:50:47.771  8804  8804 I C04209/WMSImms: NotifyAvoidAreaChange: win 43 api 26 type 1 area top [615 50 78 78] 
09-19 13:50:47.771  8804  8804 I C04209/WMSImms: NotifyAvoidAreaChange: win 43 api 26 type 2 area empty
09-19 13:50:47.771  8804  8804 I C04209/WMSImms: NotifyAvoidAreaChange: win 43 api 26 type 3 area empty
09-19 13:50:47.771  8804  8804 I C04209/WMSImms: NotifyAvoidAreaChange: win 43 api 26 type 4 area bottom [425 2782 458 98] 
09-19 13:50:47.772  8804  8804 I C03922/AceNavigation: [(100000:100000:scope)] disable forceSplit, mode:0
09-19 13:50:47.772  8804  8804 I C04208/WMSLayout: UpdateViewportConfig: Id: 43, reason: 0, viewportRect: [0 0 1308 2880], displayOrientation: 0, config[0, 0, 0, 3.500000]
09-19 13:50:47.772  8804  8804 I C03900/Ace: [(100000:100000:scope)] Update application state , state: ON_ACTIVE
09-19 13:50:47.774  8804  8804 I C0391c/AceFocus: [(100000:100000:scope)] Window: 43 get focus.
09-19 13:50:47.774  8804  8804 W C0391c/AceFocus: [(100000:100000:scope)] Current focus view can not found!
09-19 13:50:47.774  8804  8804 I C0391c/AceFocus: [(100000:100000:scope)] Request focus on rootFocusHub: root/0
09-19 13:50:47.775  8804  8804 I C03922/AceNavigation: [(100000:100000:scope)] disable forceSplit, mode:0
09-19 13:50:47.775  8804  8804 I C04208/WMSLayout: UpdateViewportConfig: Id: 43, reason: 23, viewportRect: [0 0 1308 2880], displayOrientation: 0, config[0, 0, 0, 3.500000]
09-19 13:50:47.775  8804  8804 I C03925/AceRouter: [(100000:100000:scope)] Page router manager is creating page[1]: url: pages/Index path: pages/Index.js, recoverable: yes, namedRouter: no
09-19 13:50:47.800  8804  8804 I C03f04/MMG: [NMM:1561]Module:file.photoAccessHelper
09-19 13:50:47.801  8804  8804 W C03f04/MMG: [NMM:1466] Name mismatch: file.photoAccessHelperNative != file.photoAccessHelper
09-19 13:50:47.802  8804  8804 I C02b71/MediaLibraryNapi: Common:{Init:156} TaskSignalNapi::Init in
09-19 13:50:47.802  8804  8804 I C02b71/MediaLibraryNapi: Common:{Init:164} TaskSignalNapi::Init success
09-19 13:50:47.804  8804  8804 I C02b01/CAMERA: {63} PickerOnLoad
09-19 13:50:47.804  8804  8804 I C02b01/CAMERA: {463} CameraPickerNapi E
09-19 13:50:47.804  8804  8804 W C03f04/MMG: [NMM:1466] Name mismatch: web.webnativemessagingextensionmanager_napi != web.webNativeMessagingExtensionManager
09-19 13:50:47.804  8804  8804 I C03f04/MMG: [NMM:1561]Module:arkui.node
09-19 13:50:47.814  8804  9101 I C04215/WMSHierarchy: GetTopWindowWithContext: mainId:43!
09-19 13:50:47.814  8804  8804 I C04201/DMS: IfCallbackRegistered: change not registered!
09-19 13:50:47.814  8804  8804 I C04201/DMS: JsDisplayListener: Constructor
09-19 13:50:47.817  8804  8804 I C0391c/AceFocus: [(100000:100000:scope)] Request focus id can not found.
09-19 13:50:47.817  8804  8804 W C03926/AceTheme: [(100000:100000:scope)] style 125829872 not contains scroll_bar_pattern!
09-19 13:50:47.818  8804  8804 W C03926/AceTheme: [(100000:100000:scope)] style scroll_bar_pattern get attr scroll_bar_interactive error!
09-19 13:50:47.818  8804  8804 W C03926/AceTheme: [(100000:100000:scope)] style scroll_bar_pattern not contains arc_scroll_bar_normal_background_width!
09-19 13:50:47.818  8804  8804 W C03926/AceTheme: [(100000:100000:scope)] style 125829872 not contains scrollable_pattern!
09-19 13:50:47.818  8804  8804 W C03926/AceTheme: [(100000:100000:scope)] style scrollable_pattern not contains scroll_able_default_scrolling_distance!
09-19 13:50:47.832  8804  8804 W C03926/AceTheme: [(100000:100000:scope)] style text_pattern not contains linear_split_child_min_size!
09-19 13:50:47.832  8804  8804 W C03926/AceTheme: [(100000:100000:scope)] style text_pattern not contains menu_celia_ask_is_support!
09-19 13:50:47.833  8804  8804 W C03926/AceTheme: [(100000:100000:scope)] style 125829872 not contains app_theme_pattern!
09-19 13:50:47.833  8804  8804 W C01e00/ResourceManager: by id=125835722 limitPaths is empty
09-19 13:50:47.833  8804  8804 E C01e00/ResourceManager: ref <private> id not found
09-19 13:50:47.833  8804  8804 W C01e00/ResourceManager: by id=125835722 limitPaths is empty
09-19 13:50:47.833  8804  8804 E C01e00/ResourceManager: ref <private> id not found
09-19 13:50:47.833  8804  8804 W C03937/AceResource: [(100000:100000:scope)] Get pattern by name error, name=app_theme_pattern, bundleName: com.example.callaite, moduleName: entry
09-19 13:50:47.833  8804  8804 W C01e00/ResourceManager: by id=125835722 limitPaths is empty
09-19 13:50:47.833  8804  8804 E C01e00/ResourceManager: ref <private> id not found
09-19 13:50:47.833  8804  8804 W C01e00/ResourceManager: by id=125835722 limitPaths is empty
09-19 13:50:47.833  8804  8804 E C01e00/ResourceManager: ref <private> id not found
09-19 13:50:47.833  8804  8804 W C03937/AceResource: [(100000:100000:scope)] Get pattern by name error, name=app_theme_pattern
09-19 13:50:47.833  8804  8804 W C03926/AceTheme: [(100000:100000:scope)] style app_theme_pattern not contains app_theme_drag_distancethreshold!
09-19 13:50:47.851  8804  9143 I C01651/general_controller_service_impl: RegisterObserver: Register silent observer ret: 2228241, uri: ******ency_level
09-19 13:50:47.851  8804  9143 W C03955/AceVisualEffect: [(100000:100000:scope)] SettingDataManager::register observer key: immersive_transparency_level, userId: 100
09-19 13:50:47.852  8804  8804 I C0391c/AceFocus: [(100000:100000:scope)] view: page/2 show
09-19 13:50:47.852  8804  8804 I C03922/AceNavigation: [(100000:100000:scope)] can't find inner navigation
09-19 13:50:47.852  8804  8804 I C03933/AceKeyboard: [(100000:100000:scope)] PageChangeCloseKB
09-19 13:50:47.852  8804  8804 I C03925/AceRouter: [(100000:100000:scope)] LoadPage Success
09-19 13:50:47.853  8804  8804 I C04200/JsWindow: CreateJsWindow callaite0
09-19 13:50:47.853  8804  8804 I C0420a/WMSLife: JsWindow: window: callaite0, ctorCnt: 1
09-19 13:50:47.854  8804  8804 I C0420a/WMSLife: CreateJsWindowObject: Add window callaite0
09-19 13:50:47.854  8804  8804 I C0392a/AceUiExtensionComponent: [(-2:100000:singleton)] NotifyWindowMode aliveUIExtensions = 0
09-19 13:50:47.854  8804  8804 I C0394e/AceWindow: [(100000:100000:scope)] Update displayWindowRect in UpdateViewportConfig to : Rect (0.00, 0.00) - [1308.00 x 2880.00]
09-19 13:50:47.854  8804  8804 I C03917/AceSafeArea: [(100000:100000:scope)] SetIsFullScreen 1
09-19 13:50:47.854  8804  8804 I C03900/Ace: [(100000:100000:scope)] Root node request first frame.
09-19 13:50:47.854  8804  8804 I C03900/Ace: [(100000:100000:scope)] Update application state , state: ON_ACTIVE
09-19 13:50:47.855  8804  8804 I C0391c/AceFocus: [(100000:100000:scope)] Window: 43 get focus.
09-19 13:50:47.855  8804  8804 I C03900/Ace: [(100000:100000:scope)] Update application state , state: ON_ACTIVE
09-19 13:50:47.855  8804  8804 I C04202/WMSMain: VsyncCallbackInner: First vsync has come back, nodeId: 37812892073985
09-19 13:50:47.857  8804  8804 I C01408/Text: InitTextBundleConfig: Adapter text height enabled 0
09-19 13:50:47.857  8804  8804 I C01408/Text: InitTextBundleConfig: Disable spacing for control char 0
09-19 13:50:47.857  8804  8804 E C02d34/HistogramClient: ArkGraphics2d.Text.OH_Drawing_TextStyleAddFontVariation is not in metadata.
09-19 13:50:47.933  8804  8804 E C01707/CONCUR: [Interface] task 9103 apply qos failed, errno = 4
09-19 13:50:47.936  8804  8804 E C01707/CONCUR: [Interface] task 9105 apply qos failed, errno = 4
09-19 13:50:47.939  8804  8804 E C01707/CONCUR: [Interface] task 9104 apply qos failed, errno = 4
09-19 13:50:47.943  8804  8804 E C01707/CONCUR: [Interface] task 9103 apply qos failed, errno = 4
09-19 13:50:47.952  8804  8804 E C01707/CONCUR: [Interface] task 9105 apply qos failed, errno = 4
09-19 13:50:47.954  8804  8804 E C01707/CONCUR: [Interface] task 9104 apply qos failed, errno = 4
09-19 13:50:48.046  8804  8804 E C01707/CONCUR: [Interface] task 9103 apply qos failed, errno = 4
09-19 13:50:48.057  8804  8804 E C01707/CONCUR: [Interface] task 9105 apply qos failed, errno = 4
09-19 13:50:48.060  8804  8804 E C01707/CONCUR: [Interface] task 9104 apply qos failed, errno = 4
09-19 13:50:48.063  8804  8804 E C01707/CONCUR: [Interface] task 9103 apply qos failed, errno = 4
09-19 13:50:48.065  8804  8804 E C01707/CONCUR: [Interface] task 9105 apply qos failed, errno = 4
09-19 13:50:48.068  8804  8804 E C01707/CONCUR: [Interface] task 9104 apply qos failed, errno = 4
09-19 13:50:48.179  8804  8804 E C01707/CONCUR: [Interface] task 9103 apply qos failed, errno = 4
09-19 13:50:48.181  8804  8804 E C01707/CONCUR: [Interface] task 9105 apply qos failed, errno = 4
09-19 13:50:48.183  8804  8804 E C01707/CONCUR: [Interface] task 9104 apply qos failed, errno = 4
09-19 13:50:48.187  8804  8804 E C01707/CONCUR: [Interface] task 9103 apply qos failed, errno = 4
09-19 13:50:48.189  8804  8804 E C01707/CONCUR: [Interface] task 9105 apply qos failed, errno = 4
09-19 13:50:48.192  8804  8804 E C01707/CONCUR: [Interface] task 9104 apply qos failed, errno = 4
09-19 13:50:48.295  8804  8804 E C01707/CONCUR: [Interface] task 9103 apply qos failed, errno = 4
09-19 13:50:48.297  8804  8804 E C01707/CONCUR: [Interface] task 9105 apply qos failed, errno = 4
09-19 13:50:48.300  8804  8804 E C01707/CONCUR: [Interface] task 9104 apply qos failed, errno = 4
09-19 13:50:48.303  8804  8804 E C01707/CONCUR: [Interface] task 9103 apply qos failed, errno = 4
09-19 13:50:48.305  8804  8804 E C01707/CONCUR: [Interface] task 9105 apply qos failed, errno = 4
09-19 13:50:48.308  8804  8804 E C01707/CONCUR: [Interface] task 9104 apply qos failed, errno = 4
09-19 13:50:48.412  8804  8804 E C01707/CONCUR: [Interface] task 9103 apply qos failed, errno = 4
09-19 13:50:48.415  8804  8804 E C01707/CONCUR: [Interface] task 9105 apply qos failed, errno = 4
09-19 13:50:48.417  8804  8804 E C01707/CONCUR: [Interface] task 9104 apply qos failed, errno = 4
09-19 13:50:48.420  8804  8804 E C01707/CONCUR: [Interface] task 9103 apply qos failed, errno = 4
09-19 13:50:48.423  8804  8804 E C01707/CONCUR: [Interface] task 9105 apply qos failed, errno = 4
09-19 13:50:48.425  8804  8804 E C01707/CONCUR: [Interface] task 9104 apply qos failed, errno = 4
09-19 13:50:48.531  8804  8804 E C01707/CONCUR: [Interface] task 9103 apply qos failed, errno = 4
09-19 13:50:48.534  8804  8804 E C01707/CONCUR: [Interface] task 9105 apply qos failed, errno = 4
09-19 13:50:48.536  8804  8804 E C01707/CONCUR: [Interface] task 9104 apply qos failed, errno = 4
09-19 13:50:48.539  8804  8804 E C01707/CONCUR: [Interface] task 9103 apply qos failed, errno = 4
09-19 13:50:48.541  8804  8804 E C01707/CONCUR: [Interface] task 9105 apply qos failed, errno = 4
09-19 13:50:48.544  8804  8804 E C01707/CONCUR: [Interface] task 9104 apply qos failed, errno = 4
09-19 13:50:48.652  8804  8804 E C01707/CONCUR: [Interface] task 9103 apply qos failed, errno = 4
09-19 13:50:48.654  8804  8804 E C01707/CONCUR: [Interface] task 9105 apply qos failed, errno = 4
09-19 13:50:48.657  8804  8804 E C01707/CONCUR: [Interface] task 9104 apply qos failed, errno = 4
09-19 13:50:48.660  8804  8804 E C01707/CONCUR: [Interface] task 9103 apply qos failed, errno = 4
09-19 13:50:48.662  8804  8804 E C01707/CONCUR: [Interface] task 9105 apply qos failed, errno = 4
09-19 13:50:48.664  8804  8804 E C01707/CONCUR: [Interface] task 9104 apply qos failed, errno = 4
09-19 13:50:48.776  8804  8804 E C01707/CONCUR: [Interface] task 9103 apply qos failed, errno = 4
09-19 13:50:48.778  8804  8804 E C01707/CONCUR: [Interface] task 9105 apply qos failed, errno = 4
09-19 13:50:48.780  8804  8804 E C01707/CONCUR: [Interface] task 9104 apply qos failed, errno = 4
09-19 13:50:48.784  8804  8804 E C01707/CONCUR: [Interface] task 9103 apply qos failed, errno = 4
09-19 13:50:48.786  8804  8804 E C01707/CONCUR: [Interface] task 9105 apply qos failed, errno = 4
09-19 13:50:48.788  8804  8804 E C01707/CONCUR: [Interface] task 9104 apply qos failed, errno = 4
09-19 13:50:48.902  8804  8804 E C01707/CONCUR: [Interface] task 9103 apply qos failed, errno = 4
09-19 13:50:48.905  8804  8804 E C01707/CONCUR: [Interface] task 9105 apply qos failed, errno = 4
09-19 13:50:48.907  8804  8804 E C01707/CONCUR: [Interface] task 9104 apply qos failed, errno = 4
09-19 13:50:48.910  8804  8804 E C01707/CONCUR: [Interface] task 9103 apply qos failed, errno = 4
09-19 13:50:48.913  8804  8804 E C01707/CONCUR: [Interface] task 9105 apply qos failed, errno = 4
09-19 13:50:48.915  8804  8804 E C01707/CONCUR: [Interface] task 9104 apply qos failed, errno = 4
09-19 13:50:49.028  8804  8804 E C01707/CONCUR: [Interface] task 9103 apply qos failed, errno = 4
09-19 13:50:49.031  8804  8804 E C01707/CONCUR: [Interface] task 9105 apply qos failed, errno = 4
09-19 13:50:49.033  8804  8804 E C01707/CONCUR: [Interface] task 9104 apply qos failed, errno = 4
09-19 13:50:49.036  8804  8804 E C01707/CONCUR: [Interface] task 9103 apply qos failed, errno = 4
09-19 13:50:49.038  8804  8804 E C01707/CONCUR: [Interface] task 9105 apply qos failed, errno = 4
09-19 13:50:49.041  8804  8804 E C01707/CONCUR: [Interface] task 9104 apply qos failed, errno = 4
09-19 13:50:49.153  8804  8804 E C01707/CONCUR: [Interface] task 9103 apply qos failed, errno = 4
09-19 13:50:49.155  8804  8804 E C01707/CONCUR: [Interface] task 9105 apply qos failed, errno = 4
09-19 13:50:49.157  8804  8804 E C01707/CONCUR: [Interface] task 9104 apply qos failed, errno = 4
09-19 13:50:49.161  8804  8804 E C01707/CONCUR: [Interface] task 9103 apply qos failed, errno = 4
09-19 13:50:49.163  8804  8804 E C01707/CONCUR: [Interface] task 9105 apply qos failed, errno = 4
09-19 13:50:49.165  8804  8804 E C01707/CONCUR: [Interface] task 9104 apply qos failed, errno = 4
09-19 13:50:49.281  8804  8804 E C01707/CONCUR: [Interface] task 9103 apply qos failed, errno = 4
09-19 13:50:49.283  8804  8804 E C01707/CONCUR: [Interface] task 9105 apply qos failed, errno = 4
09-19 13:50:49.285  8804  8804 E C01707/CONCUR: [Interface] task 9104 apply qos failed, errno = 4
09-19 13:50:49.289  8804  8804 E C01707/CONCUR: [Interface] task 9103 apply qos failed, errno = 4
09-19 13:50:49.291  8804  8804 E C01707/CONCUR: [Interface] task 9105 apply qos failed, errno = 4
09-19 13:50:49.293  8804  8804 E C01707/CONCUR: [Interface] task 9104 apply qos failed, errno = 4
09-19 13:50:49.410  8804  8804 E C01707/CONCUR: [Interface] task 9103 apply qos failed, errno = 4
09-19 13:50:49.413  8804  8804 E C01707/CONCUR: [Interface] task 9105 apply qos failed, errno = 4
09-19 13:50:49.415  8804  8804 E C01707/CONCUR: [Interface] task 9104 apply qos failed, errno = 4
09-19 13:50:49.419  8804  8804 E C01707/CONCUR: [Interface] task 9103 apply qos failed, errno = 4
09-19 13:50:49.421  8804  8804 E C01707/CONCUR: [Interface] task 9105 apply qos failed, errno = 4
09-19 13:50:49.423  8804  8804 E C01707/CONCUR: [Interface] task 9104 apply qos failed, errno = 4
09-19 13:50:49.547  8804  8804 E C01707/CONCUR: [Interface] task 9103 apply qos failed, errno = 4
09-19 13:50:49.549  8804  8804 E C01707/CONCUR: [Interface] task 9105 apply qos failed, errno = 4
09-19 13:50:49.552  8804  8804 E C01707/CONCUR: [Interface] task 9104 apply qos failed, errno = 4
09-19 13:50:49.556  8804  8804 E C01707/CONCUR: [Interface] task 9103 apply qos failed, errno = 4
09-19 13:50:49.558  8804  8804 E C01707/CONCUR: [Interface] task 9105 apply qos failed, errno = 4
09-19 13:50:49.561  8804  8804 E C01707/CONCUR: [Interface] task 9104 apply qos failed, errno = 4
09-19 13:50:49.688  8804  8804 E C01707/CONCUR: [Interface] task 9103 apply qos failed, errno = 4
09-19 13:50:49.692  8804  8804 E C01707/CONCUR: [Interface] task 9105 apply qos failed, errno = 4
09-19 13:50:49.695  8804  8804 E C01707/CONCUR: [Interface] task 9104 apply qos failed, errno = 4
09-19 13:50:49.698  8804  8804 E C01707/CONCUR: [Interface] task 9103 apply qos failed, errno = 4
09-19 13:50:49.701  8804  8804 E C01707/CONCUR: [Interface] task 9105 apply qos failed, errno = 4
09-19 13:50:49.703  8804  8804 E C01707/CONCUR: [Interface] task 9104 apply qos failed, errno = 4
09-19 13:50:49.829  8804  8804 E C01707/CONCUR: [Interface] task 9103 apply qos failed, errno = 4
09-19 13:50:49.831  8804  8804 E C01707/CONCUR: [Interface] task 9105 apply qos failed, errno = 4
09-19 13:50:49.833  8804  8804 E C01707/CONCUR: [Interface] task 9104 apply qos failed, errno = 4
09-19 13:50:49.836  8804  8804 E C01707/CONCUR: [Interface] task 9103 apply qos failed, errno = 4
09-19 13:50:49.839  8804  8804 E C01707/CONCUR: [Interface] task 9105 apply qos failed, errno = 4
09-19 13:50:49.841  8804  8804 E C01707/CONCUR: [Interface] task 9104 apply qos failed, errno = 4
09-19 13:50:49.966  8804  8804 E C01707/CONCUR: [Interface] task 9103 apply qos failed, errno = 4
09-19 13:50:49.969  8804  8804 E C01707/CONCUR: [Interface] task 9105 apply qos failed, errno = 4
09-19 13:50:49.971  8804  8804 E C01707/CONCUR: [Interface] task 9104 apply qos failed, errno = 4
09-19 13:50:49.975  8804  8804 E C01707/CONCUR: [Interface] task 9103 apply qos failed, errno = 4
09-19 13:50:49.978  8804  8804 E C01707/CONCUR: [Interface] task 9105 apply qos failed, errno = 4
09-19 13:50:49.980  8804  8804 E C01707/CONCUR: [Interface] task 9104 apply qos failed, errno = 4
09-19 13:50:50.008  8804  8804 E C01707/CONCUR: [Interface] task 9103 apply qos failed, errno = 4
09-19 13:50:50.010  8804  8804 E C01707/CONCUR: [Interface] task 9105 apply qos failed, errno = 4
09-19 13:50:50.012  8804  8804 E C01707/CONCUR: [Interface] task 9104 apply qos failed, errno = 4
09-19 13:50:50.017  8804  8804 E C01707/CONCUR: [Interface] task 9103 apply qos failed, errno = 4
09-19 13:50:50.019  8804  8804 E C01707/CONCUR: [Interface] task 9105 apply qos failed, errno = 4
09-19 13:50:50.021  8804  8804 E C01707/CONCUR: [Interface] task 9104 apply qos failed, errno = 4
09-19 13:50:50.055  8804  8804 E C01707/CONCUR: [Interface] task 9103 apply qos failed, errno = 4
09-19 13:50:50.057  8804  8804 E C01707/CONCUR: [Interface] task 9105 apply qos failed, errno = 4
09-19 13:50:50.060  8804  8804 E C01707/CONCUR: [Interface] task 9104 apply qos failed, errno = 4
09-19 13:50:50.063  8804  8804 E C01707/CONCUR: [Interface] task 9103 apply qos failed, errno = 4
09-19 13:50:50.065  8804  8804 E C01707/CONCUR: [Interface] task 9105 apply qos failed, errno = 4
09-19 13:50:50.067  8804  8804 E C01707/CONCUR: [Interface] task 9104 apply qos failed, errno = 4
09-19 13:50:57.432  8804  9094 I C01310/AppDfr: [watchdog.cpp356]Thread may be blocked, not report time. currTime: 1789797057432, lastTime: 1789797050433
09-19 13:51:00.433  8804  9094 W C01310/AppDfr: [appfreeze_inner.cpp760]hisysevent write FREEZE_HALF_HIVIEW_LOG, pid:8804, packageName:, ret:0
09-19 13:51:00.433  8804  9094 W C02d06/XCollie: Sample freeze half file=freeze_20260919135100_8804.txt
09-19 13:51:00.433  8804  9094 I C01310/AppDfr: [appfreeze_inner.cpp595]start to sample freeze stack, eventName:THREAD_BLOCK_3S
09-19 13:51:00.433  8804  9094 W C01310/AppDfr: [appfreeze_inner.cpp627]submit reportAppFreeze, name:THREAD_BLOCK_3S, startTime:2026-09-19 13:51:00.433
09-19 13:51:00.433  8804  9094 E C02d06/XCollie: ThreadSampler initialize failed.
09-19 13:51:00.433  8804  9130 I C01201/EventHandler: EventHandler start dumper!
09-19 13:51:00.433  8804  9130 I C01201/EventHandler: EventHandler end dumper!
09-19 13:51:00.433  8804  9130 W C01310/AppDfr: [appfreeze_inner.cpp683]get mainhandler dump, eventName:THREAD_BLOCK_3S, endTime:2026-09-19 13:51:00.433, interval:0 ms
09-19 13:51:00.433  8804  9130 E C02d06/XCollie: no freeze callback
09-19 13:51:00.433  8804  9130 I C03f00/ArkCompiler: [ecmascript] GC statistic, count: 453, maxPause: 27.401, minPause: 0.348, averagePause: 1.21715, lastStartTime: 1789797060423, lastEndTime: 1789797060423, lastType: Local GC
09-19 13:51:00.433  8804  9130 I C01310/AppDfr: [appfreeze_inner.cpp388]heap info: HEAP_TOTAL_SIZE:20185088,HEAP_OBJECT_SIZE:17155792,HEAP_SHARED_SIZE:850272, process lifeTime: PROCESS_LIFETIME:44s
09-19 13:51:00.443  8804  9101 W C02d11/DfxUnwinder: Failed to step first frame, lr fallback
09-19 13:51:00.449  8804  9109 I C01310/AppDfr: [appfreeze_inner.cpp493]get main stack has finished less than 1s
09-19 13:51:00.449  8804  9109 W C01310/AppDfr: [appfreeze_inner.cpp788]NotifyAppFault:THREAD_BLOCK_3S, pid:8804, bundleName:com.example.callaite currentTime:2026-09-19 13:51:00.449, processExit:1 appfreezeInfo:freeze_20260919135100_8804.txt enbleMainThreadSample:0.
09-19 13:51:00.449  8804  9109 I C01311/AppMS: [app_mgr_proxy.cpp1740]called
09-19 13:51:00.530  8804  9215 W C057c1/IPCWorkThread: ThreadHandler: proto:0 policy:0 name:OS_IPC_5_9215 invoker:14986528
catcher cmd: hilog -z 1000 -P end time: 2026/09/19-13:51:00:583
---------------------------------------------------

---------------------------------------------------
MemoryCatcher -- start time: 2026/09/19-13:51:00:583

MemoryCatcher --

Get freeze memory start time: 2026-09-19 13:51:00.450
some avg10=0.00 avg60=0.00 avg300=0.00 total=3234169
full avg10=0.00 avg60=0.00 avg300=0.00 total=712724
MemTotal:        4025340 kB
MemFree:         2074952 kB
MemAvailable:    2716696 kB
Buffers:            7464 kB
Cached:           670808 kB
SwapCached:        27200 kB
Active:           558776 kB
Inactive:         994036 kB
Active(anon):      63940 kB
Inactive(anon):   826660 kB
Active(file):     494836 kB
Inactive(file):   167376 kB
Unevictable:           0 kB
Mlocked:               0 kB
SwapTotal:       2097148 kB
SwapFree:        1891580 kB
Dirty:               100 kB
Writeback:             0 kB
AnonPages:        862960 kB
Mapped:           331728 kB
Shmem:             16060 kB
KReclaimable:      45604 kB
Slab:             122656 kB
SReclaimable:      45604 kB
SUnreclaim:        77052 kB
KernelStack:       19344 kB
PageTables:        36076 kB
NFS_Unstable:          0 kB
Bounce:                0 kB
WritebackTmp:          0 kB
CommitLimit:     4109816 kB
Committed_AS:   26656464 kB
VmallocTotal:   34359738367 kB
VmallocUsed:       90112 kB
VmallocChunk:          0 kB
Percpu:             1440 kB
DirectMap4k:       24388 kB
DirectMap2M:     4169728 kB
Get freeze memory end time: 2026-09-19 13:51:00.450
don't collect ashmem dmaheap gpumem
MemoryCatcher -- end time: 2026/09/19-13:51:00:587
---------------------------------------------------

---------------------------------------------------
ThermalInfoCatcher -- start time: 2026/09/19-13:51:00:587

ThermalInfoCatcher --

ThermalLevel info: 0
ThermalInfoCatcher -- end time: 2026/09/19-13:51:00:591
---------------------------------------------------


Catcher log total time is 50ms

*******************************************
start time: 2026/09/19-13:51:03:521
DOMAIN = AAFWK
EVENTNAME = THREAD_BLOCK_6S
TIMESTAMP = 2026/09/19-13:51:03:518
PID = 8804
UID = 20020063
TID = 8804
PACKAGE_NAME = com.example.callaite
PROCESS_NAME = com.example.callaite
eventLog_action = t,cmd:c,cmd:cci,cmd:m,cmd:dam,tr,k:SysRqFile,hot,sli
eventLog_interval = 10
this thread has blocked 6000ms.
IS_FROZEN = 0
MainHeap(bytes): Used 23598672, Total 26476544
SharedHeap(bytes): Used 850272, Total 815792128
GC Status: count 574, maxPause 27.401ms, minPause 0.348ms, averagePause 1.10139ms, lastStartTime 2026/09/19-13:51:03.413, lastEndTime 2026/09/19-13:51:03.413, lastType Local GC
I/O(bytes): rchar 2387819, wchar 65274, syscr 1420, syscw 690, read_bytes 0, write_bytes 69632, cancelled_write_bytes 32768
MSG = 
Fault time:2026/09/19-13:51:03
App main thread is not response!

Main handler dump start time: 2026-09-19 13:51:03.431
mainHandler dump is:
 EventHandler dump begin curTime: 2026-09-19 13:51:03.431
 Event runner (Thread name = , Thread ID = 8804) is running
 Current Running: start at 2026-09-19 13:50:47.855, Event { send thread = 8804, send time = 2026-09-19 13:50:47.855, handle time = 2026-11-08 06:53:35.149, trigger time = 2026-09-19 13:50:47.855, task name = vSyncTask, caller = [event_queue.cpp(PostTaskForVsync:235)] }
 History event queue information:
 No. 0 : Event { send thread = 8804, send time = 2026-09-19 13:50:47.763, handle time = 2026-09-19 13:50:47.763, trigger time = 2026-09-19 13:50:47.775, completeTime time = 2026-09-19 13:50:47.775, priority = Low, task name = ArkUIParseI18nJsonInfo, caller = [task_runner_adapter_impl.cpp(PostTask:35)] }
 No. 1 : Event { send thread = 8804, send time = 2026-09-19 13:50:47.763, handle time = 2026-09-19 13:50:47.763, trigger time = 2026-09-19 13:50:47.775, completeTime time = 2026-09-19 13:50:47.853, priority = Low, task name = ArkUIRunPageUrl, caller = [task_runner_adapter_impl.cpp(PostTask:35)] }
 No. 2 : Event { send thread = 9130, send time = 2026-09-19 13:50:47.833, handle time = 2026-09-19 13:50:47.833, trigger time = 2026-09-19 13:50:47.853, completeTime time = 2026-09-19 13:50:47.853, priority = Immediate, task name = GetBundleInfoForSelf, caller = [ohos_js_environment_impl.cpp(PostTaskToHandler:72)] }
 No. 3 : Event { send thread = 9101, send time = 2026-09-19 13:50:47.814, handle time = 2026-09-19 13:50:47.814, trigger time = 2026-09-19 13:50:47.853, completeTime time = 2026-09-19 13:50:47.854, priority = High, task name = JsWindowManager::OnGetTopWindow, caller = [ohos_js_environment_impl.cpp(PostTaskToHandler:72)] }
 No. 4 : Event { send thread = 8804, send time = 2026-09-19 13:50:47.763, handle time = 2026-09-19 13:50:47.763, trigger time = 2026-09-19 13:50:47.854, completeTime time = 2026-09-19 13:50:47.854, priority = Low, task name = ArkUISetSingleHandTransform, caller = [task_runner_adapter_impl.cpp(PostTask:35)] }
 No. 5 : Event { send thread = 8804, send time = 2026-09-19 13:50:47.764, handle time = 2026-09-19 13:50:47.764, trigger time = 2026-09-19 13:50:47.854, completeTime time = 2026-09-19 13:50:47.854, priority = Low, task name = ArkUIStatusBarItemColor, caller = [task_runner_adapter_impl.cpp(PostTask:35)] }
 No. 6 : Event { send thread = 8804, send time = 2026-09-19 13:50:47.764, handle time = 2026-09-19 13:50:47.764, trigger time = 2026-09-19 13:50:47.854, completeTime time = 2026-09-19 13:50:47.854, priority = Low, task name = ArkUINotifyWindowMode, caller = [task_runner_adapter_impl.cpp(PostTask:35)] }
 No. 7 : Event { send thread = 8804, send time = 2026-09-19 13:50:47.770, handle time = 2026-09-19 13:50:47.770, trigger time = 2026-09-19 13:50:47.854, completeTime time = 2026-09-19 13:50:47.854, priority = Low, task name = ArkUIUpdateBrightness, caller = [task_runner_adapter_impl.cpp(PostTask:35)] }
 No. 8 : Event { send thread = 8804, send time = 2026-09-19 13:50:47.770, handle time = 2026-09-19 13:50:47.770, trigger time = 2026-09-19 13:50:47.854, completeTime time = 2026-09-19 13:50:47.854, priority = Low, task name = ArkUIUpdateViewportConfig, caller = [task_runner_adapter_impl.cpp(PostTask:35)] }
 No. 9 : Event { send thread = 8804, send time = 2026-09-19 13:50:47.770, handle time = 2026-09-19 13:50:47.770, trigger time = 2026-09-19 13:50:47.854, completeTime time = 2026-09-19 13:50:47.854, priority = Low, task name = ArkUIUpdateSessionViewportConfig, caller = [task_runner_adapter_impl.cpp(PostTask:35)] }
 No. 10 : Event { send thread = 8804, send time = 2026-09-19 13:50:47.770, handle time = 2026-09-19 13:50:47.770, trigger time = 2026-09-19 13:50:47.854, completeTime time = 2026-09-19 13:50:47.855, priority = Low, task name = ArkUIFrontendActive, caller = [task_runner_adapter_impl.cpp(PostTask:35)] }
 No. 11 : Event { send thread = 8804, send time = 2026-09-19 13:50:47.770, handle time = 2026-09-19 13:50:47.770, trigger time = 2026-09-19 13:50:47.855, completeTime time = 2026-09-19 13:50:47.855, priority = Low, task name = ArkUIWindowFocus, caller = [task_runner_adapter_impl.cpp(PostTask:35)] }
 No. 12 : Event { send thread = 8804, send time = 2026-09-19 13:50:47.770, handle time = 2026-09-19 13:50:47.770, trigger time = 2026-09-19 13:50:47.855, completeTime time = 2026-09-19 13:50:47.855, priority = Low, task name = ArkUISetOnWindowFocusedCallback, caller = [task_runner_adapter_impl.cpp(PostTask:35)] }
 No. 13 : Event { send thread = 8804, send time = 2026-09-19 13:50:47.770, handle time = 2026-09-19 13:50:47.770, trigger time = 2026-09-19 13:50:47.855, completeTime time = 2026-09-19 13:50:47.855, priority = Low, task name = ArkUIFrontendActive, caller = [task_runner_adapter_impl.cpp(PostTask:35)] }
 No. 14 : Event { send thread = 8804, send time = 2026-09-19 13:50:47.770, handle time = 2026-09-19 13:50:47.770, trigger time = 2026-09-19 13:50:47.855, completeTime time = 2026-09-19 13:50:47.855, priority = Low, task name = ArkUIWindowActivate, caller = [task_runner_adapter_impl.cpp(PostTask:35)] }
 No. 15 : Event { send thread = 8804, send time = 2026-09-19 13:50:47.770, handle time = 2026-09-19 13:50:47.770, trigger time = 2026-09-19 13:50:47.855, completeTime time = 2026-09-19 13:50:47.855, priority = Low, task name = ArkUISetWindowScale, caller = [task_runner_adapter_impl.cpp(PostTask:35)] }
 No. 16 : Event { send thread = 8804, send time = 2026-09-19 13:50:47.771, handle time = 2026-09-19 13:50:47.771, trigger time = 2026-09-19 13:50:47.855, completeTime time = 2026-09-19 13:50:47.855, priority = Low, task name = ArkUIWindowRectChange, caller = [task_runner_adapter_impl.cpp(PostTask:35)] }
 No. 17 : Event { send thread = 8804, send time = 2026-09-19 13:50:47.772, handle time = 2026-09-19 13:50:47.772, trigger time = 2026-09-19 13:50:47.855, completeTime time = 2026-09-19 13:50:47.855, priority = Low, task name = ArkUIUpdateOriginAvoidAreaAndExecuteKeyboardAvoid, caller = [task_runner_adapter_impl.cpp(PostTask:35)] }
 No. 18 : Event { send thread = 8804, send time = 2026-09-19 13:50:47.774, handle time = 2026-09-19 13:50:47.774, trigger time = 2026-09-19 13:50:47.855, completeTime time = 2026-09-19 13:50:47.855, priority = Low, task name = ArkUIWindowRectChange, caller = [task_runner_adapter_impl.cpp(PostTask:35)] }
 No. 19 : Event { send thread = 8804, send time = 2026-09-19 13:50:47.775, handle time = 2026-09-19 13:50:47.775, trigger time = 2026-09-19 13:50:47.855, completeTime time = 2026-09-19 13:50:47.855, priority = Low, task name = ArkUIUpdateOriginAvoidAreaAndExecuteKeyboardAvoid, caller = [task_runner_adapter_impl.cpp(PostTask:35)] }
 No. 20 : Event { send thread = 8804, send time = 2026-09-19 13:50:47.769, handle time = 2026-09-19 13:50:47.820, trigger time = 2026-09-19 13:50:47.855, completeTime time = 2026-09-19 13:50:47.855, priority = Low, task name = ArkUIIdleTask, caller = [task_runner_adapter_impl.cpp(PostDelayedTask:46)] }
 No. 21 : Event { send thread = 8804, send time = 2026-09-19 13:50:47.855, handle time = 2026-11-08 06:53:35.149, trigger time = 2026-09-19 13:50:47.855, completeTime time = , priority = VIP, task name = vSyncTask, caller = [event_queue.cpp(PostTaskForVsync:235)] }
 No. 22 : Event { send thread = 8804, send time = 2026-09-19 13:50:47.738, handle time = 2026-09-19 13:50:47.738, trigger time = 2026-09-19 13:50:47.772, completeTime time = 2026-09-19 13:50:47.772, priority = Low, task name = ArkUIFillTaskTypeTable, caller = [task_runner_adapter_impl.cpp(PostTask:35)] }
 No. 23 : Event { send thread = 8804, send time = 2026-09-19 13:50:47.738, handle time = 2026-09-19 13:50:47.738, trigger time = 2026-09-19 13:50:47.772, completeTime time = 2026-09-19 13:50:47.772, priority = Low, task name = ArkUIFillTaskTypeTable, caller = [task_runner_adapter_impl.cpp(PostTask:35)] }
 No. 24 : Event { send thread = 8804, send time = 2026-09-19 13:50:47.738, handle time = 2026-09-19 13:50:47.738, trigger time = 2026-09-19 13:50:47.772, completeTime time = 2026-09-19 13:50:47.772, priority = Low, task name = ArkUIFillTaskTypeTable, caller = [task_runner_adapter_impl.cpp(PostTask:35)] }
 No. 25 : Event { send thread = 8804, send time = 2026-09-19 13:50:47.739, handle time = 2026-09-19 13:50:47.739, trigger time = 2026-09-19 13:50:47.772, completeTime time = 2026-09-19 13:50:47.772, priority = Low, task name = ArkUISetJsMessageDispatcher, caller = [task_runner_adapter_impl.cpp(PostTask:35)] }
 No. 26 : Event { send thread = 8804, send time = 2026-09-19 13:50:47.740, handle time = 2026-09-19 13:50:47.740, trigger time = 2026-09-19 13:50:47.772, completeTime time = 2026-09-19 13:50:47.772, priority = Low, task name = ArkUIPageSwitchLogStatusChanged, caller = [task_runner_adapter_impl.cpp(PostTask:35)] }
 No. 27 : Event { send thread = 8804, send time = 2026-09-19 13:50:47.753, handle time = 2026-09-19 13:50:47.753, trigger time = 2026-09-19 13:50:47.772, completeTime time = 2026-09-19 13:50:47.774, priority = Low, task name = ArkUIFrontendActive, caller = [task_runner_adapter_impl.cpp(PostTask:35)] }
 No. 28 : Event { send thread = 8804, send time = 2026-09-19 13:50:47.753, handle time = 2026-09-19 13:50:47.753, trigger time = 2026-09-19 13:50:47.774, completeTime time = 2026-09-19 13:50:47.774, priority = Low, task name = ArkUIWindowFocus, caller = [task_runner_adapter_impl.cpp(PostTask:35)] }
 No. 29 : Event { send thread = 9133, send time = 2026-09-19 13:50:47.756, handle time = 2026-09-19 13:50:47.756, trigger time = 2026-09-19 13:50:47.774, completeTime time = 2026-09-19 13:50:47.774, priority = Low, task name = SetCurrentTransform, caller = [window_session_impl.cpp(SetCurrentTransform:9963)] }
 No. 30 : Event { send thread = 9093, send time = 2026-09-19 13:50:47.760, handle time = 2026-09-19 13:50:47.760, trigger time = 2026-09-19 13:50:47.774, completeTime time = 2026-09-19 13:50:47.775, priority = Low, task name = WMS_WindowSessionImpl_UpdateRectForOtherReason, caller = [window_session_impl.cpp(UpdateRectForOtherReason:1693)] }
 No. 31 : Event { send thread = 8804, send time = 2026-09-19 13:50:47.774, handle time = 2026-09-19 13:50:47.774, trigger time = 2026-09-19 13:50:47.775, completeTime time = 2026-09-19 13:50:47.775, priority = VIP, task name = UpdateDisplayValid5, caller = [native_event.cpp(SendEventByEventHandler:322)] }
 VIP priority event queue information:
 No.1 : Event { send thread = 9094, send time = 2026-09-19 13:50:50.433, handle time = 2026-09-19 13:50:50.433, id = 1, caller = [watchdog.cpp(Timer:303)] }
 No.2 : Event { send thread = 9094, send time = 2026-09-19 13:50:57.432, handle time = 2026-09-19 13:50:57.432, id = 1, caller = [watchdog.cpp(Timer:303)] }
 No.3 : Event { send thread = 9094, send time = 2026-09-19 13:51:00.433, handle time = 2026-09-19 13:51:00.433, id = 1, caller = [watchdog.cpp(Timer:303)] }
 No.4 : Event { send thread = 9094, send time = 2026-09-19 13:51:03.431, handle time = 2026-09-19 13:51:03.431, id = 1, caller = [watchdog.cpp(Timer:303)] }
 Total size of VIP events : 4
 Immediate priority event queue information:
 Total size of Immediate events : 0
 High priority event queue information:
 No.1 : Event { send thread = 8804, send time = 2026-09-19 13:50:47.855, handle time = 2026-09-19 13:50:47.855, task name = uvLoopTask, caller = [event_queue.cpp(HandleFileDescriptorEvent:313)] }
 Total size of High events : 1
 Low priority event queue information:
 No.1 : Event { send thread = 8804, send time = 2026-09-19 13:50:47.861, handle time = 2026-09-19 13:50:47.912, task name = ArkUIIdleTask, caller = [task_runner_adapter_impl.cpp(PostDelayedTask:46)] }
 No.2 : Event { send thread = 8804, send time = 2026-09-19 13:50:47.861, handle time = 2026-09-19 13:50:48.361, task name = ArkUIVsyncTimeoutCheck, caller = [task_runner_adapter_impl.cpp(PostDelayedTask:46)] }
 No.3 : Event { send thread = 8804, send time = 2026-09-19 13:50:47.861, handle time = 2026-09-19 13:50:48.461, task name = vsync_time_out_task_37812892073985, caller = [vsync_station.cpp(RequestVsync:148)] }
 No.4 : Event { send thread = 8804, send time = 2026-09-19 13:50:47.500, handle time = 2026-09-19 13:50:48.500, task name = AppRecovery:AddAbility, caller = [app_recovery.cpp(AddAbility:133)] }
 No.5 : Event { send thread = 8804, send time = 2026-09-19 13:50:47.852, handle time = 2026-09-19 13:50:49.852, task name = ExtensionTransparentDetector, caller = [task_runner_adapter_impl.cpp(PostDelayedTask:46)] }
 No.6 : Event { send thread = 8804, send time = 2026-09-19 13:50:47.861, handle time = 2026-09-19 13:50:50.861, task name = ArkUIVsyncTimeoutCheck, caller = [task_runner_adapter_impl.cpp(PostDelayedTask:46)] }
 No.7 : Event { send thread = 8804, send time = 2026-09-19 13:50:47.812, handle time = 2026-09-19 13:50:52.812, task name = TriggerModuleSerializer, caller = [task_runner_adapter_impl.cpp(PostDelayedTask:46)] }
 Total size of Low events : 7
 Idle priority event queue information:
 No.1 : Event { send thread = 9111, send time = 2026-09-19 13:50:47.955, handle time = 2026-09-19 13:50:47.955, task name = uv_io_cb, caller = [ohos_js_environment_impl.cpp(PostTaskToHandler:72)] }
 No.2 : Event { send thread = 9111, send time = 2026-09-19 13:50:48.194, handle time = 2026-09-19 13:50:48.194, task name = uv_io_cb, caller = [ohos_js_environment_impl.cpp(PostTaskToHandler:72)] }
 Total size of Idle events : 2
 Total event size : 14
Main handler dump end time: 2026-09-19 13:51:03.432

Catche stack trace start time: 2026-09-19 13:51:03.433

Tid:8804, Name:xample.callaite
state=R, utime=1509, stime=68, priority=10, nice=-10, clk=100
#00 pc 00000000010246cb /system/lib64/module/arkcompiler/stub.an(BCStub_HandleLdaV8StwCopy+11)
#01 pc 0000002d4f9596e7 Not mapped
Tid:9125, Name:OS_IPC_2_9125
state=S, utime=0, stime=0, priority=0, nice=-20, clk=100
#00 pc 00000000000dc469 /system/lib/ld-musl-x86_64.so.1(ioctl+185)(74178aa6301b8bad2ac9b6d7f2361221)
#01 pc 0000000000010ca7 /system/lib64/platformsdk/libipc_common.z.so(OHOS::BinderConnector::WriteBinder(unsigned long, void*)+55)(ae9fe169bf1f8b0397c31ba1b67e0e94)
#02 pc 000000000007e34d /system/lib64/platformsdk/libipc_single.z.so(OHOS::BinderInvoker::TransactWithDriver(bool)+269)(216555c1ccaa2644568394a99c5a7547)
#03 pc 000000000007e71a /system/lib64/platformsdk/libipc_single.z.so(OHOS::BinderInvoker::StartWorkLoop()+106)(216555c1ccaa2644568394a99c5a7547)
#04 pc 0000000000080c28 /system/lib64/platformsdk/libipc_single.z.so(OHOS::BinderInvoker::JoinThread(bool)+40)(216555c1ccaa2644568394a99c5a7547)
#05 pc 00000000000769f5 /system/lib64/platformsdk/libipc_single.z.so(OHOS::IPCWorkThread::ThreadHandler(void*)+901)(216555c1ccaa2644568394a99c5a7547)
#06 pc 00000000001299e7 /system/lib/ld-musl-x86_64.so.1(74178aa6301b8bad2ac9b6d7f2361221)
#07 pc 0000000000090f8e /system/lib/ld-musl-x86_64.so.1(74178aa6301b8bad2ac9b6d7f2361221)
Tid:9092, Name:OS_IPC_0_9092
state=S, utime=0, stime=0, priority=0, nice=-20, clk=100
#00 pc 00000000000dc46b /system/lib/ld-musl-x86_64.so.1(ioctl+187)(74178aa6301b8bad2ac9b6d7f2361221)
#01 pc 0000000000010ca7 /system/lib64/platformsdk/libipc_common.z.so(OHOS::BinderConnector::WriteBinder(unsigned long, void*)+55)(ae9fe169bf1f8b0397c31ba1b67e0e94)
#02 pc 000000000007e34d /system/lib64/platformsdk/libipc_single.z.so(OHOS::BinderInvoker::TransactWithDriver(bool)+269)(216555c1ccaa2644568394a99c5a7547)
#03 pc 000000000007e71a /system/lib64/platformsdk/libipc_single.z.so(OHOS::BinderInvoker::StartWorkLoop()+106)(216555c1ccaa2644568394a99c5a7547)
#04 pc 0000000000080c28 /system/lib64/platformsdk/libipc_single.z.so(OHOS::BinderInvoker::JoinThread(bool)+40)(216555c1ccaa2644568394a99c5a7547)
#05 pc 00000000000769f5 /system/lib64/platformsdk/libipc_single.z.so(OHOS::IPCWorkThread::ThreadHandler(void*)+901)(216555c1ccaa2644568394a99c5a7547)
#06 pc 00000000001299e7 /system/lib/ld-musl-x86_64.so.1(74178aa6301b8bad2ac9b6d7f2361221)
#07 pc 0000000000090f8e /system/lib/ld-musl-x86_64.so.1(74178aa6301b8bad2ac9b6d7f2361221)
Tid:9093, Name:OS_IPC_1_9093
state=S, utime=0, stime=0, priority=0, nice=-20, clk=100
#00 pc 00000000000dc46b /system/lib/ld-musl-x86_64.so.1(ioctl+187)(74178aa6301b8bad2ac9b6d7f2361221)
#01 pc 0000000000010ca7 /system/lib64/platformsdk/libipc_common.z.so(OHOS::BinderConnector::WriteBinder(unsigned long, void*)+55)(ae9fe169bf1f8b0397c31ba1b67e0e94)
#02 pc 000000000007e34d /system/lib64/platformsdk/libipc_single.z.so(OHOS::BinderInvoker::TransactWithDriver(bool)+269)(216555c1ccaa2644568394a99c5a7547)
#03 pc 000000000007e71a /system/lib64/platformsdk/libipc_single.z.so(OHOS::BinderInvoker::StartWorkLoop()+106)(216555c1ccaa2644568394a99c5a7547)
#04 pc 0000000000080c28 /system/lib64/platformsdk/libipc_single.z.so(OHOS::BinderInvoker::JoinThread(bool)+40)(216555c1ccaa2644568394a99c5a7547)
#05 pc 00000000000769f5 /system/lib64/platformsdk/libipc_single.z.so(OHOS::IPCWorkThread::ThreadHandler(void*)+901)(216555c1ccaa2644568394a99c5a7547)
#06 pc 00000000001299e7 /system/lib/ld-musl-x86_64.so.1(74178aa6301b8bad2ac9b6d7f2361221)
#07 pc 0000000000090f8e /system/lib/ld-musl-x86_64.so.1(74178aa6301b8bad2ac9b6d7f2361221)
Tid:9094, Name:OS_DfxWatchdog
state=S, utime=0, stime=0, priority=0, nice=-20, clk=100
#00 pc 0000000000125ee9 /system/lib/ld-musl-x86_64.so.1(74178aa6301b8bad2ac9b6d7f2361221)
#01 pc 0000000000127883 /system/lib/ld-musl-x86_64.so.1(pthread_cond_timedwait+195)(74178aa6301b8bad2ac9b6d7f2361221)
#02 pc 00000000000c74e7 /system/lib64/chipset-sdk-sp/libc++.so(std::__h::condition_variable::__do_timed_wait(std::__h::unique_lock<std::__h::mutex>&, std::__h::chrono::time_point<std::__h::chrono::system_clock, std::__h::chrono::duration<long long, std::__h::ratio<1l, 1000000000l>>>)+103)(ca45f3285cb13d8a615c2dcf32305914fbc391ad)
#03 pc 00000000000245a0 /system/lib64/chipset-sdk-sp/libhicollie.z.so(0d0f332b1d543f1b44cdc8747e67264a)
#04 pc 00000000000242a1 /system/lib64/chipset-sdk-sp/libhicollie.z.so(0d0f332b1d543f1b44cdc8747e67264a)
#05 pc 000000000002c17d /system/lib64/chipset-sdk-sp/libhicollie.z.so(0d0f332b1d543f1b44cdc8747e67264a)
#06 pc 00000000001299e7 /system/lib/ld-musl-x86_64.so.1(74178aa6301b8bad2ac9b6d7f2361221)
#07 pc 0000000000090f8e /system/lib/ld-musl-x86_64.so.1(74178aa6301b8bad2ac9b6d7f2361221)
Tid:9097, Name:OS_FFRT_Delay
state=S, utime=0, stime=0, priority=0, nice=-20, clk=100
#00 pc 00000000000b837f /system/lib/ld-musl-x86_64.so.1(epoll_wait+31)(74178aa6301b8bad2ac9b6d7f2361221)
#01 pc 00000000000b2cda /system/lib64/ndk/libffrt.so(6014d53b82cd59820b512f223d249356)
#02 pc 00000000001299e7 /system/lib/ld-musl-x86_64.so.1(74178aa6301b8bad2ac9b6d7f2361221)
#03 pc 0000000000090f8e /system/lib/ld-musl-x86_64.so.1(74178aa6301b8bad2ac9b6d7f2361221)
Tid:9101, Name:OS_FFRT_2_0
state=S, utime=0, stime=1, priority=0, nice=-20, clk=100
#00 pc 0000000000125ee9 /system/lib/ld-musl-x86_64.so.1(74178aa6301b8bad2ac9b6d7f2361221)
#01 pc 0000000000127883 /system/lib/ld-musl-x86_64.so.1(pthread_cond_timedwait+195)(74178aa6301b8bad2ac9b6d7f2361221)
#02 pc 00000000000c74e7 /system/lib64/chipset-sdk-sp/libc++.so(std::__h::condition_variable::__do_timed_wait(std::__h::unique_lock<std::__h::mutex>&, std::__h::chrono::time_point<std::__h::chrono::system_clock, std::__h::chrono::duration<long long, std::__h::ratio<1l, 1000000000l>>>)+103)(ca45f3285cb13d8a615c2dcf32305914fbc391ad)
#03 pc 000000000008bcb0 /system/lib64/ndk/libffrt.so(6014d53b82cd59820b512f223d249356)
#04 pc 00000000000760ef /system/lib64/ndk/libffrt.so(6014d53b82cd59820b512f223d249356)
#05 pc 0000000000075eaf /system/lib64/ndk/libffrt.so(6014d53b82cd59820b512f223d249356)
#06 pc 0000000000075d79 /system/lib64/ndk/libffrt.so(6014d53b82cd59820b512f223d249356)
#07 pc 00000000001299e7 /system/lib/ld-musl-x86_64.so.1(74178aa6301b8bad2ac9b6d7f2361221)
#08 pc 0000000000090f8e /system/lib/ld-musl-x86_64.so.1(74178aa6301b8bad2ac9b6d7f2361221)
Tid:9102, Name:OS_GC_Thread
state=S, utime=0, stime=0, priority=0, nice=-20, clk=100
#00 pc 0000000000125ee9 /system/lib/ld-musl-x86_64.so.1(74178aa6301b8bad2ac9b6d7f2361221)
#01 pc 0000000000127883 /system/lib/ld-musl-x86_64.so.1(pthread_cond_timedwait+195)(74178aa6301b8bad2ac9b6d7f2361221)
#02 pc 00000000009cd4ca /system/lib64/platformsdk/libark_jsruntime.so(3403c0dea7c24e42adea4ee0f5dd2803)
#03 pc 00000000009cd443 /system/lib64/platformsdk/libark_jsruntime.so(3403c0dea7c24e42adea4ee0f5dd2803)
#04 pc 00000000009cd8b5 /system/lib64/platformsdk/libark_jsruntime.so(3403c0dea7c24e42adea4ee0f5dd2803)
#05 pc 00000000001299e7 /system/lib/ld-musl-x86_64.so.1(74178aa6301b8bad2ac9b6d7f2361221)
#06 pc 0000000000090f8e /system/lib/ld-musl-x86_64.so.1(74178aa6301b8bad2ac9b6d7f2361221)
Tid:9103, Name:OS_GC_Thread
state=S, utime=15, stime=7, priority=0, nice=-20, clk=100
#00 pc 0000000000125ee9 /system/lib/ld-musl-x86_64.so.1(74178aa6301b8bad2ac9b6d7f2361221)
#01 pc 0000000000127883 /system/lib/ld-musl-x86_64.so.1(pthread_cond_timedwait+195)(74178aa6301b8bad2ac9b6d7f2361221)
#02 pc 00000000000c7451 /system/lib64/chipset-sdk-sp/libc++.so(std::__h::condition_variable::wait(std::__h::unique_lock<std::__h::mutex>&)+17)(ca45f3285cb13d8a615c2dcf32305914fbc391ad)
#03 pc 0000000000a298fd /system/lib64/platformsdk/libark_jsruntime.so(3403c0dea7c24e42adea4ee0f5dd2803)
#04 pc 0000000000a29475 /system/lib64/platformsdk/libark_jsruntime.so(3403c0dea7c24e42adea4ee0f5dd2803)
#05 pc 0000000000a2955a /system/lib64/platformsdk/libark_jsruntime.so(3403c0dea7c24e42adea4ee0f5dd2803)
#06 pc 00000000001299e7 /system/lib/ld-musl-x86_64.so.1(74178aa6301b8bad2ac9b6d7f2361221)
#07 pc 0000000000090f8e /system/lib/ld-musl-x86_64.so.1(74178aa6301b8bad2ac9b6d7f2361221)
Tid:9104, Name:OS_GC_Thread
state=S, utime=16, stime=9, priority=0, nice=-20, clk=100
#00 pc 0000000000125ee9 /system/lib/ld-musl-x86_64.so.1(74178aa6301b8bad2ac9b6d7f2361221)
#01 pc 0000000000127883 /system/lib/ld-musl-x86_64.so.1(pthread_cond_timedwait+195)(74178aa6301b8bad2ac9b6d7f2361221)
#02 pc 00000000000c7451 /system/lib64/chipset-sdk-sp/libc++.so(std::__h::condition_variable::wait(std::__h::unique_lock<std::__h::mutex>&)+17)(ca45f3285cb13d8a615c2dcf32305914fbc391ad)
#03 pc 0000000000a298fd /system/lib64/platformsdk/libark_jsruntime.so(3403c0dea7c24e42adea4ee0f5dd2803)
#04 pc 0000000000a29475 /system/lib64/platformsdk/libark_jsruntime.so(3403c0dea7c24e42adea4ee0f5dd2803)
#05 pc 0000000000a2955a /system/lib64/platformsdk/libark_jsruntime.so(3403c0dea7c24e42adea4ee0f5dd2803)
#06 pc 00000000001299e7 /system/lib/ld-musl-x86_64.so.1(74178aa6301b8bad2ac9b6d7f2361221)
#07 pc 0000000000090f8e /system/lib/ld-musl-x86_64.so.1(74178aa6301b8bad2ac9b6d7f2361221)
Tid:9105, Name:OS_GC_Thread
state=S, utime=17, stime=5, priority=0, nice=-20, clk=100
#00 pc 0000000000125ee9 /system/lib/ld-musl-x86_64.so.1(74178aa6301b8bad2ac9b6d7f2361221)
#01 pc 0000000000127883 /system/lib/ld-musl-x86_64.so.1(pthread_cond_timedwait+195)(74178aa6301b8bad2ac9b6d7f2361221)
#02 pc 00000000000c7451 /system/lib64/chipset-sdk-sp/libc++.so(std::__h::condition_variable::wait(std::__h::unique_lock<std::__h::mutex>&)+17)(ca45f3285cb13d8a615c2dcf32305914fbc391ad)
#03 pc 0000000000a298fd /system/lib64/platformsdk/libark_jsruntime.so(3403c0dea7c24e42adea4ee0f5dd2803)
#04 pc 0000000000a29475 /system/lib64/platformsdk/libark_jsruntime.so(3403c0dea7c24e42adea4ee0f5dd2803)
#05 pc 0000000000a2955a /system/lib64/platformsdk/libark_jsruntime.so(3403c0dea7c24e42adea4ee0f5dd2803)
#06 pc 00000000001299e7 /system/lib/ld-musl-x86_64.so.1(74178aa6301b8bad2ac9b6d7f2361221)
#07 pc 0000000000090f8e /system/lib/ld-musl-x86_64.so.1(74178aa6301b8bad2ac9b6d7f2361221)
Tid:9109, Name:OS_FFRT_3_0
state=S, utime=4, stime=7, priority=0, nice=-20, clk=100
#00 pc 0000000000125ee9 /system/lib/ld-musl-x86_64.so.1(74178aa6301b8bad2ac9b6d7f2361221)
#01 pc 0000000000127883 /system/lib/ld-musl-x86_64.so.1(pthread_cond_timedwait+195)(74178aa6301b8bad2ac9b6d7f2361221)
#02 pc 00000000000c74e7 /system/lib64/chipset-sdk-sp/libc++.so(std::__h::condition_variable::__do_timed_wait(std::__h::unique_lock<std::__h::mutex>&, std::__h::chrono::time_point<std::__h::chrono::system_clock, std::__h::chrono::duration<long long, std::__h::ratio<1l, 1000000000l>>>)+103)(ca45f3285cb13d8a615c2dcf32305914fbc391ad)
#03 pc 000000000008bcb0 /system/lib64/ndk/libffrt.so(6014d53b82cd59820b512f223d249356)
#04 pc 00000000000760ef /system/lib64/ndk/libffrt.so(6014d53b82cd59820b512f223d249356)
#05 pc 0000000000075eaf /system/lib64/ndk/libffrt.so(6014d53b82cd59820b512f223d249356)
#06 pc 0000000000075d79 /system/lib64/ndk/libffrt.so(6014d53b82cd59820b512f223d249356)
#07 pc 00000000001299e7 /system/lib/ld-musl-x86_64.so.1(74178aa6301b8bad2ac9b6d7f2361221)
#08 pc 0000000000090f8e /system/lib/ld-musl-x86_64.so.1(74178aa6301b8bad2ac9b6d7f2361221)
Tid:9110, Name:OS_hdcRegister
state=S, utime=0, stime=0, priority=0, nice=-20, clk=100
#00 pc 00000000000b837f /system/lib/ld-musl-x86_64.so.1(epoll_wait+31)(74178aa6301b8bad2ac9b6d7f2361221)
#01 pc 000000000000660f /system/lib64/platformsdk/libhdc_register.z.so(Hdc::HdcJdwpSimulator::ReadFromJdwp()+367)(4c41d0541b0381aaf6674e818696d512)
#02 pc 0000000000006ba3 /system/lib64/platformsdk/libhdc_register.z.so(Hdc::HdcJdwpSimulator::Connect()+195)(4c41d0541b0381aaf6674e818696d512)
#03 pc 00000000000052ef /system/lib64/platformsdk/libhdc_register.z.so(Hdc::HdcConnectRun(void*)+559)(4c41d0541b0381aaf6674e818696d512)
#04 pc 00000000001299e7 /system/lib/ld-musl-x86_64.so.1(74178aa6301b8bad2ac9b6d7f2361221)
#05 pc 0000000000090f8e /system/lib/ld-musl-x86_64.so.1(74178aa6301b8bad2ac9b6d7f2361221)
Tid:9111, Name:OS_FFRT_0_0
state=S, utime=0, stime=0, priority=0, nice=-20, clk=100
#00 pc 0000000000125ee9 /system/lib/ld-musl-x86_64.so.1(74178aa6301b8bad2ac9b6d7f2361221)
#01 pc 0000000000127883 /system/lib/ld-musl-x86_64.so.1(pthread_cond_timedwait+195)(74178aa6301b8bad2ac9b6d7f2361221)
#02 pc 00000000000c74e7 /system/lib64/chipset-sdk-sp/libc++.so(std::__h::condition_variable::__do_timed_wait(std::__h::unique_lock<std::__h::mutex>&, std::__h::chrono::time_point<std::__h::chrono::system_clock, std::__h::chrono::duration<long long, std::__h::ratio<1l, 1000000000l>>>)+103)(ca45f3285cb13d8a615c2dcf32305914fbc391ad)
#03 pc 000000000008bcb0 /system/lib64/ndk/libffrt.so(6014d53b82cd59820b512f223d249356)
#04 pc 00000000000760ef /system/lib64/ndk/libffrt.so(6014d53b82cd59820b512f223d249356)
#05 pc 0000000000075eaf /system/lib64/ndk/libffrt.so(6014d53b82cd59820b512f223d249356)
#06 pc 0000000000075d79 /system/lib64/ndk/libffrt.so(6014d53b82cd59820b512f223d249356)
#07 pc 00000000001299e7 /system/lib/ld-musl-x86_64.so.1(74178aa6301b8bad2ac9b6d7f2361221)
#08 pc 0000000000090f8e /system/lib/ld-musl-x86_64.so.1(74178aa6301b8bad2ac9b6d7f2361221)
Tid:9119, Name:sandbox_thread
state=S, utime=0, stime=0, priority=0, nice=-20, clk=100
#00 pc 0000000000125ee9 /system/lib/ld-musl-x86_64.so.1(74178aa6301b8bad2ac9b6d7f2361221)
#01 pc 0000000000127883 /system/lib/ld-musl-x86_64.so.1(pthread_cond_timedwait+195)(74178aa6301b8bad2ac9b6d7f2361221)
#02 pc 00000000000c7451 /system/lib64/chipset-sdk-sp/libc++.so(std::__h::condition_variable::wait(std::__h::unique_lock<std::__h::mutex>&)+17)(ca45f3285cb13d8a615c2dcf32305914fbc391ad)
#03 pc 00000000000086d7 /system/lib64/platformsdk/libsandboxlog.so(15f86dfff1c9aa3778b113b4e1f84fe4)
#04 pc 0000000000009363 /system/lib64/platformsdk/libsandboxlog.so(15f86dfff1c9aa3778b113b4e1f84fe4)
#05 pc 00000000001299e7 /system/lib/ld-musl-x86_64.so.1(74178aa6301b8bad2ac9b6d7f2361221)
#06 pc 0000000000090f8e /system/lib/ld-musl-x86_64.so.1(74178aa6301b8bad2ac9b6d7f2361221)
Tid:9124, Name:OS_EVENT_POLL
state=S, utime=0, stime=0, priority=0, nice=-20, clk=100
#00 pc 00000000000b837f /system/lib/ld-musl-x86_64.so.1(epoll_wait+31)(74178aa6301b8bad2ac9b6d7f2361221)
#01 pc 000000000001a0fc /system/lib64/chipset-sdk-sp/libeventhandler.z.so(d20098a20e88abe540f8f998e7a8bdcc)
#02 pc 000000000001b2e6 /system/lib64/chipset-sdk-sp/libeventhandler.z.so(d20098a20e88abe540f8f998e7a8bdcc)
#03 pc 00000000001299e7 /system/lib/ld-musl-x86_64.so.1(74178aa6301b8bad2ac9b6d7f2361221)
#04 pc 0000000000090f8e /system/lib/ld-musl-x86_64.so.1(74178aa6301b8bad2ac9b6d7f2361221)
Tid:9126, Name:xample.callaite
state=S, utime=0, stime=0, priority=0, nice=-20, clk=100
#00 pc 000000000013100d /system/lib/ld-musl-x86_64.so.1(nanosleep+13)(74178aa6301b8bad2ac9b6d7f2361221)
#01 pc 00000000000d9b9a /system/lib64/chipset-sdk-sp/libc++.so(std::__h::this_thread::sleep_for(std::__h::chrono::duration<long long, std::__h::ratio<1l, 1000000000l>> const&)+90)(ca45f3285cb13d8a615c2dcf32305914fbc391ad)
#02 pc 0000000000015f52 /system/lib64/platformsdk/libhistogram.z.so(bcaef44ffc0c920a27140798ab5f7654)
#03 pc 00000000001299e7 /system/lib/ld-musl-x86_64.so.1(74178aa6301b8bad2ac9b6d7f2361221)
#04 pc 0000000000090f8e /system/lib/ld-musl-x86_64.so.1(74178aa6301b8bad2ac9b6d7f2361221)
Tid:9129, Name:OS_FFRT_3_1
state=S, utime=0, stime=1, priority=0, nice=-20, clk=100
#00 pc 0000000000125ee9 /system/lib/ld-musl-x86_64.so.1(74178aa6301b8bad2ac9b6d7f2361221)
#01 pc 0000000000127883 /system/lib/ld-musl-x86_64.so.1(pthread_cond_timedwait+195)(74178aa6301b8bad2ac9b6d7f2361221)
#02 pc 00000000000c74e7 /system/lib64/chipset-sdk-sp/libc++.so(std::__h::condition_variable::__do_timed_wait(std::__h::unique_lock<std::__h::mutex>&, std::__h::chrono::time_point<std::__h::chrono::system_clock, std::__h::chrono::duration<long long, std::__h::ratio<1l, 1000000000l>>>)+103)(ca45f3285cb13d8a615c2dcf32305914fbc391ad)
#03 pc 000000000008bcb0 /system/lib64/ndk/libffrt.so(6014d53b82cd59820b512f223d249356)
#04 pc 00000000000760ef /system/lib64/ndk/libffrt.so(6014d53b82cd59820b512f223d249356)
#05 pc 0000000000075eaf /system/lib64/ndk/libffrt.so(6014d53b82cd59820b512f223d249356)
#06 pc 0000000000075d79 /system/lib64/ndk/libffrt.so(6014d53b82cd59820b512f223d249356)
#07 pc 00000000001299e7 /system/lib/ld-musl-x86_64.so.1(74178aa6301b8bad2ac9b6d7f2361221)
#08 pc 0000000000090f8e /system/lib/ld-musl-x86_64.so.1(74178aa6301b8bad2ac9b6d7f2361221)
Tid:9130, Name:OS_FFRT_3_2
state=S, utime=0, stime=0, priority=0, nice=-20, clk=100
#00 pc 0000000000125ee9 /system/lib/ld-musl-x86_64.so.1(74178aa6301b8bad2ac9b6d7f2361221)
#01 pc 0000000000127883 /system/lib/ld-musl-x86_64.so.1(pthread_cond_timedwait+195)(74178aa6301b8bad2ac9b6d7f2361221)
#02 pc 00000000000c74e7 /system/lib64/chipset-sdk-sp/libc++.so(std::__h::condition_variable::__do_timed_wait(std::__h::unique_lock<std::__h::mutex>&, std::__h::chrono::time_point<std::__h::chrono::system_clock, std::__h::chrono::duration<long long, std::__h::ratio<1l, 1000000000l>>>)+103)(ca45f3285cb13d8a615c2dcf32305914fbc391ad)
#03 pc 000000000008bcb0 /system/lib64/ndk/libffrt.so(6014d53b82cd59820b512f223d249356)
#04 pc 00000000000760ef /system/lib64/ndk/libffrt.so(6014d53b82cd59820b512f223d249356)
#05 pc 0000000000075eaf /system/lib64/ndk/libffrt.so(6014d53b82cd59820b512f223d249356)
#06 pc 0000000000075d79 /system/lib64/ndk/libffrt.so(6014d53b82cd59820b512f223d249356)
#07 pc 00000000001299e7 /system/lib/ld-musl-x86_64.so.1(74178aa6301b8bad2ac9b6d7f2361221)
#08 pc 0000000000090f8e /system/lib/ld-musl-x86_64.so.1(74178aa6301b8bad2ac9b6d7f2361221)
Tid:9132, Name:OS_MainDisplayS
state=S, utime=0, stime=0, priority=0, nice=-20, clk=100
#00 pc 00000000000b837f /system/lib/ld-musl-x86_64.so.1(epoll_wait+31)(74178aa6301b8bad2ac9b6d7f2361221)
#01 pc 000000000001ceee /system/lib64/chipset-sdk-sp/libeventhandler.z.so(d20098a20e88abe540f8f998e7a8bdcc)
#02 pc 00000000000230bf /system/lib64/chipset-sdk-sp/libeventhandler.z.so(OHOS::AppExecFwk::EventQueue::WaitUntilLocked(std::__h::chrono::time_point<std::__h::chrono::steady_clock, std::__h::chrono::duration<long long, std::__h::ratio<1l, 1000000000l>>> const&, OHOS::AppExecFwk::UniqueLockBase&, bool)+79)(d20098a20e88abe540f8f998e7a8bdcc)
#03 pc 00000000000282df /system/lib64/chipset-sdk-sp/libeventhandler.z.so(OHOS::AppExecFwk::EventQueueBase::GetEvent()+207)(d20098a20e88abe540f8f998e7a8bdcc)
#04 pc 0000000000033985 /system/lib64/chipset-sdk-sp/libeventhandler.z.so(d20098a20e88abe540f8f998e7a8bdcc)
#05 pc 0000000000030352 /system/lib64/chipset-sdk-sp/libeventhandler.z.so(d20098a20e88abe540f8f998e7a8bdcc)
#06 pc 00000000000357c3 /system/lib64/chipset-sdk-sp/libeventhandler.z.so(d20098a20e88abe540f8f998e7a8bdcc)
#07 pc 00000000001299e7 /system/lib/ld-musl-x86_64.so.1(74178aa6301b8bad2ac9b6d7f2361221)
#08 pc 0000000000090f8e /system/lib/ld-musl-x86_64.so.1(74178aa6301b8bad2ac9b6d7f2361221)
Tid:9133, Name:OS_IPC_3_9133
state=S, utime=0, stime=0, priority=0, nice=-20, clk=100
#00 pc 00000000000dc46b /system/lib/ld-musl-x86_64.so.1(ioctl+187)(74178aa6301b8bad2ac9b6d7f2361221)
#01 pc 0000000000010ca7 /system/lib64/platformsdk/libipc_common.z.so(OHOS::BinderConnector::WriteBinder(unsigned long, void*)+55)(ae9fe169bf1f8b0397c31ba1b67e0e94)
#02 pc 000000000007e34d /system/lib64/platformsdk/libipc_single.z.so(OHOS::BinderInvoker::TransactWithDriver(bool)+269)(216555c1ccaa2644568394a99c5a7547)
#03 pc 000000000007e71a /system/lib64/platformsdk/libipc_single.z.so(OHOS::BinderInvoker::StartWorkLoop()+106)(216555c1ccaa2644568394a99c5a7547)
#04 pc 0000000000080c28 /system/lib64/platformsdk/libipc_single.z.so(OHOS::BinderInvoker::JoinThread(bool)+40)(216555c1ccaa2644568394a99c5a7547)
#05 pc 00000000000769f5 /system/lib64/platformsdk/libipc_single.z.so(OHOS::IPCWorkThread::ThreadHandler(void*)+901)(216555c1ccaa2644568394a99c5a7547)
#06 pc 00000000001299e7 /system/lib/ld-musl-x86_64.so.1(74178aa6301b8bad2ac9b6d7f2361221)
#07 pc 0000000000090f8e /system/lib/ld-musl-x86_64.so.1(74178aa6301b8bad2ac9b6d7f2361221)
Tid:9138, Name:ace.bg.1
state=S, utime=0, stime=0, priority=0, nice=-20, clk=100
#00 pc 0000000000125ee9 /system/lib/ld-musl-x86_64.so.1(74178aa6301b8bad2ac9b6d7f2361221)
#01 pc 0000000000127883 /system/lib/ld-musl-x86_64.so.1(pthread_cond_timedwait+195)(74178aa6301b8bad2ac9b6d7f2361221)
#02 pc 00000000000c7451 /system/lib64/chipset-sdk-sp/libc++.so(std::__h::condition_variable::wait(std::__h::unique_lock<std::__h::mutex>&)+17)(ca45f3285cb13d8a615c2dcf32305914fbc391ad)
#03 pc 000000000148ac32 /system/lib64/platformsdk/libace_compatible.z.so(cb476043f6fb29150d891bc788a45885)
#04 pc 000000000148afa2 /system/lib64/platformsdk/libace_compatible.z.so(cb476043f6fb29150d891bc788a45885)
#05 pc 00000000001299e7 /system/lib/ld-musl-x86_64.so.1(74178aa6301b8bad2ac9b6d7f2361221)
#06 pc 0000000000090f8e /system/lib/ld-musl-x86_64.so.1(74178aa6301b8bad2ac9b6d7f2361221)
Tid:9139, Name:ace.bg.2
state=S, utime=0, stime=0, priority=0, nice=-20, clk=100
#00 pc 0000000000125ee9 /system/lib/ld-musl-x86_64.so.1(74178aa6301b8bad2ac9b6d7f2361221)
#01 pc 0000000000127883 /system/lib/ld-musl-x86_64.so.1(pthread_cond_timedwait+195)(74178aa6301b8bad2ac9b6d7f2361221)
#02 pc 00000000000c7451 /system/lib64/chipset-sdk-sp/libc++.so(std::__h::condition_variable::wait(std::__h::unique_lock<std::__h::mutex>&)+17)(ca45f3285cb13d8a615c2dcf32305914fbc391ad)
#03 pc 000000000148ac32 /system/lib64/platformsdk/libace_compatible.z.so(cb476043f6fb29150d891bc788a45885)
#04 pc 000000000148afa2 /system/lib64/platformsdk/libace_compatible.z.so(cb476043f6fb29150d891bc788a45885)
#05 pc 00000000001299e7 /system/lib/ld-musl-x86_64.so.1(74178aa6301b8bad2ac9b6d7f2361221)
#06 pc 0000000000090f8e /system/lib/ld-musl-x86_64.so.1(74178aa6301b8bad2ac9b6d7f2361221)
Tid:9140, Name:ace.bg.3
state=S, utime=0, stime=0, priority=0, nice=-20, clk=100
#00 pc 0000000000125ee9 /system/lib/ld-musl-x86_64.so.1(74178aa6301b8bad2ac9b6d7f2361221)
#01 pc 0000000000127883 /system/lib/ld-musl-x86_64.so.1(pthread_cond_timedwait+195)(74178aa6301b8bad2ac9b6d7f2361221)
#02 pc 00000000000c7451 /system/lib64/chipset-sdk-sp/libc++.so(std::__h::condition_variable::wait(std::__h::unique_lock<std::__h::mutex>&)+17)(ca45f3285cb13d8a615c2dcf32305914fbc391ad)
#03 pc 000000000148ac32 /system/lib64/platformsdk/libace_compatible.z.so(cb476043f6fb29150d891bc788a45885)
#04 pc 000000000148afa2 /system/lib64/platformsdk/libace_compatible.z.so(cb476043f6fb29150d891bc788a45885)
#05 pc 00000000001299e7 /system/lib/ld-musl-x86_64.so.1(74178aa6301b8bad2ac9b6d7f2361221)
#06 pc 0000000000090f8e /system/lib/ld-musl-x86_64.so.1(74178aa6301b8bad2ac9b6d7f2361221)
Tid:9141, Name:ace.bg.4
state=S, utime=0, stime=0, priority=0, nice=-20, clk=100
#00 pc 0000000000125ee9 /system/lib/ld-musl-x86_64.so.1(74178aa6301b8bad2ac9b6d7f2361221)
#01 pc 0000000000127883 /system/lib/ld-musl-x86_64.so.1(pthread_cond_timedwait+195)(74178aa6301b8bad2ac9b6d7f2361221)
#02 pc 00000000000c7451 /system/lib64/chipset-sdk-sp/libc++.so(std::__h::condition_variable::wait(std::__h::unique_lock<std::__h::mutex>&)+17)(ca45f3285cb13d8a615c2dcf32305914fbc391ad)
#03 pc 000000000148ac32 /system/lib64/platformsdk/libace_compatible.z.so(cb476043f6fb29150d891bc788a45885)
#04 pc 000000000148afa2 /system/lib64/platformsdk/libace_compatible.z.so(cb476043f6fb29150d891bc788a45885)
#05 pc 00000000001299e7 /system/lib/ld-musl-x86_64.so.1(74178aa6301b8bad2ac9b6d7f2361221)
#06 pc 0000000000090f8e /system/lib/ld-musl-x86_64.so.1(74178aa6301b8bad2ac9b6d7f2361221)
Tid:9142, Name:ace.bg.5
state=S, utime=0, stime=0, priority=0, nice=-20, clk=100
#00 pc 0000000000125ee9 /system/lib/ld-musl-x86_64.so.1(74178aa6301b8bad2ac9b6d7f2361221)
#01 pc 0000000000127883 /system/lib/ld-musl-x86_64.so.1(pthread_cond_timedwait+195)(74178aa6301b8bad2ac9b6d7f2361221)
#02 pc 00000000000c7451 /system/lib64/chipset-sdk-sp/libc++.so(std::__h::condition_variable::wait(std::__h::unique_lock<std::__h::mutex>&)+17)(ca45f3285cb13d8a615c2dcf32305914fbc391ad)
#03 pc 000000000148ac32 /system/lib64/platformsdk/libace_compatible.z.so(cb476043f6fb29150d891bc788a45885)
#04 pc 000000000148afa2 /system/lib64/platformsdk/libace_compatible.z.so(cb476043f6fb29150d891bc788a45885)
#05 pc 00000000001299e7 /system/lib/ld-musl-x86_64.so.1(74178aa6301b8bad2ac9b6d7f2361221)
#06 pc 0000000000090f8e /system/lib/ld-musl-x86_64.so.1(74178aa6301b8bad2ac9b6d7f2361221)
Tid:9143, Name:ace.bg.6
state=S, utime=0, stime=0, priority=0, nice=-20, clk=100
#00 pc 0000000000125ee9 /system/lib/ld-musl-x86_64.so.1(74178aa6301b8bad2ac9b6d7f2361221)
#01 pc 0000000000127883 /system/lib/ld-musl-x86_64.so.1(pthread_cond_timedwait+195)(74178aa6301b8bad2ac9b6d7f2361221)
#02 pc 00000000000c7451 /system/lib64/chipset-sdk-sp/libc++.so(std::__h::condition_variable::wait(std::__h::unique_lock<std::__h::mutex>&)+17)(ca45f3285cb13d8a615c2dcf32305914fbc391ad)
#03 pc 000000000148ac32 /system/lib64/platformsdk/libace_compatible.z.so(cb476043f6fb29150d891bc788a45885)
#04 pc 000000000148afa2 /system/lib64/platformsdk/libace_compatible.z.so(cb476043f6fb29150d891bc788a45885)
#05 pc 00000000001299e7 /system/lib/ld-musl-x86_64.so.1(74178aa6301b8bad2ac9b6d7f2361221)
#06 pc 0000000000090f8e /system/lib/ld-musl-x86_64.so.1(74178aa6301b8bad2ac9b6d7f2361221)
Tid:9144, Name:ace.bg.7
state=S, utime=0, stime=0, priority=0, nice=-20, clk=100
#00 pc 0000000000125ee9 /system/lib/ld-musl-x86_64.so.1(74178aa6301b8bad2ac9b6d7f2361221)
#01 pc 0000000000127883 /system/lib/ld-musl-x86_64.so.1(pthread_cond_timedwait+195)(74178aa6301b8bad2ac9b6d7f2361221)
#02 pc 00000000000c7451 /system/lib64/chipset-sdk-sp/libc++.so(std::__h::condition_variable::wait(std::__h::unique_lock<std::__h::mutex>&)+17)(ca45f3285cb13d8a615c2dcf32305914fbc391ad)
#03 pc 000000000148ac32 /system/lib64/platformsdk/libace_compatible.z.so(cb476043f6fb29150d891bc788a45885)
#04 pc 000000000148afa2 /system/lib64/platformsdk/libace_compatible.z.so(cb476043f6fb29150d891bc788a45885)
#05 pc 00000000001299e7 /system/lib/ld-musl-x86_64.so.1(74178aa6301b8bad2ac9b6d7f2361221)
#06 pc 0000000000090f8e /system/lib/ld-musl-x86_64.so.1(74178aa6301b8bad2ac9b6d7f2361221)
Tid:9145, Name:ace.bg.8
state=S, utime=0, stime=0, priority=0, nice=-20, clk=100
#00 pc 0000000000125ee9 /system/lib/ld-musl-x86_64.so.1(74178aa6301b8bad2ac9b6d7f2361221)
#01 pc 0000000000127883 /system/lib/ld-musl-x86_64.so.1(pthread_cond_timedwait+195)(74178aa6301b8bad2ac9b6d7f2361221)
#02 pc 00000000000c7451 /system/lib64/chipset-sdk-sp/libc++.so(std::__h::condition_variable::wait(std::__h::unique_lock<std::__h::mutex>&)+17)(ca45f3285cb13d8a615c2dcf32305914fbc391ad)
#03 pc 000000000148ac32 /system/lib64/platformsdk/libace_compatible.z.so(cb476043f6fb29150d891bc788a45885)
#04 pc 000000000148afa2 /system/lib64/platformsdk/libace_compatible.z.so(cb476043f6fb29150d891bc788a45885)
#05 pc 00000000001299e7 /system/lib/ld-musl-x86_64.so.1(74178aa6301b8bad2ac9b6d7f2361221)
#06 pc 0000000000090f8e /system/lib/ld-musl-x86_64.so.1(74178aa6301b8bad2ac9b6d7f2361221)
Tid:9146, Name:OS_IPC_4_9146
state=S, utime=0, stime=0, priority=0, nice=-20, clk=100
#00 pc 00000000000dc46b /system/lib/ld-musl-x86_64.so.1(ioctl+187)(74178aa6301b8bad2ac9b6d7f2361221)
#01 pc 0000000000010ca7 /system/lib64/platformsdk/libipc_common.z.so(OHOS::BinderConnector::WriteBinder(unsigned long, void*)+55)(ae9fe169bf1f8b0397c31ba1b67e0e94)
#02 pc 000000000007e34d /system/lib64/platformsdk/libipc_single.z.so(OHOS::BinderInvoker::TransactWithDriver(bool)+269)(216555c1ccaa2644568394a99c5a7547)
#03 pc 000000000007e71a /system/lib64/platformsdk/libipc_single.z.so(OHOS::BinderInvoker::StartWorkLoop()+106)(216555c1ccaa2644568394a99c5a7547)
#04 pc 0000000000080c28 /system/lib64/platformsdk/libipc_single.z.so(OHOS::BinderInvoker::JoinThread(bool)+40)(216555c1ccaa2644568394a99c5a7547)
#05 pc 00000000000769f5 /system/lib64/platformsdk/libipc_single.z.so(OHOS::IPCWorkThread::ThreadHandler(void*)+901)(216555c1ccaa2644568394a99c5a7547)
#06 pc 00000000001299e7 /system/lib/ld-musl-x86_64.so.1(74178aa6301b8bad2ac9b6d7f2361221)
#07 pc 0000000000090f8e /system/lib/ld-musl-x86_64.so.1(74178aa6301b8bad2ac9b6d7f2361221)
Tid:9147, Name:OS_FFRT_5_1
state=S, utime=0, stime=0, priority=0, nice=-20, clk=100
#00 pc 0000000000125ee9 /system/lib/ld-musl-x86_64.so.1(74178aa6301b8bad2ac9b6d7f2361221)
#01 pc 0000000000127883 /system/lib/ld-musl-x86_64.so.1(pthread_cond_timedwait+195)(74178aa6301b8bad2ac9b6d7f2361221)
#02 pc 00000000000c74e7 /system/lib64/chipset-sdk-sp/libc++.so(std::__h::condition_variable::__do_timed_wait(std::__h::unique_lock<std::__h::mutex>&, std::__h::chrono::time_point<std::__h::chrono::system_clock, std::__h::chrono::duration<long long, std::__h::ratio<1l, 1000000000l>>>)+103)(ca45f3285cb13d8a615c2dcf32305914fbc391ad)
#03 pc 000000000008bcb0 /system/lib64/ndk/libffrt.so(6014d53b82cd59820b512f223d249356)
#04 pc 00000000000760ef /system/lib64/ndk/libffrt.so(6014d53b82cd59820b512f223d249356)
#05 pc 0000000000075eaf /system/lib64/ndk/libffrt.so(6014d53b82cd59820b512f223d249356)
#06 pc 0000000000075d79 /system/lib64/ndk/libffrt.so(6014d53b82cd59820b512f223d249356)
#07 pc 00000000001299e7 /system/lib/ld-musl-x86_64.so.1(74178aa6301b8bad2ac9b6d7f2361221)
#08 pc 0000000000090f8e /system/lib/ld-musl-x86_64.so.1(74178aa6301b8bad2ac9b6d7f2361221)
Tid:9215, Name:OS_IPC_5_9215
state=S, utime=0, stime=0, priority=0, nice=-20, clk=100
#00 pc 00000000000dc46b /system/lib/ld-musl-x86_64.so.1(ioctl+187)(74178aa6301b8bad2ac9b6d7f2361221)
#01 pc 0000000000010ca7 /system/lib64/platformsdk/libipc_common.z.so(OHOS::BinderConnector::WriteBinder(unsigned long, void*)+55)(ae9fe169bf1f8b0397c31ba1b67e0e94)
#02 pc 000000000007e34d /system/lib64/platformsdk/libipc_single.z.so(OHOS::BinderInvoker::TransactWithDriver(bool)+269)(216555c1ccaa2644568394a99c5a7547)
#03 pc 000000000007e71a /system/lib64/platformsdk/libipc_single.z.so(OHOS::BinderInvoker::StartWorkLoop()+106)(216555c1ccaa2644568394a99c5a7547)
#04 pc 0000000000080c28 /system/lib64/platformsdk/libipc_single.z.so(OHOS::BinderInvoker::JoinThread(bool)+40)(216555c1ccaa2644568394a99c5a7547)
#05 pc 00000000000769f5 /system/lib64/platformsdk/libipc_single.z.so(OHOS::IPCWorkThread::ThreadHandler(void*)+901)(216555c1ccaa2644568394a99c5a7547)
#06 pc 00000000001299e7 /system/lib/ld-musl-x86_64.so.1(74178aa6301b8bad2ac9b6d7f2361221)
#07 pc 0000000000090f8e /system/lib/ld-musl-x86_64.so.1(74178aa6301b8bad2ac9b6d7f2361221)

Catche stack trace end time: 2026-09-19 13:51:03.518

Dump main thread stack start time: 2026-09-19 13:51:00.433
Tid:8804, Name:xample.callaite
state=R, utime=1222, stime=59, priority=10, nice=-10, clk=100
#00 pc 00000000010246ab /system/lib64/module/arkcompiler/stub.an(BCStub_HandleStaV8StwCopy+11)
#01 pc 00000000001996e7 [anon:ArkTS Heap]

Dump main thread stack end time: 2026-09-19 13:51:00.449


SysrqCatcher -- fullPath:/data/log/eventlog/sysrq-20260919135103.log

---------------------------------------------------
catcher cmd: hilog -z 1000 -P start time: 2026/09/19-13:51:03:525

catcher cmd: hilog -z 1000 -P 
09-19 13:50:47.407  8804  8804 I C02c11/APPSPAWN: AppSpawnChild id 49 flags:0xc
09-19 13:50:47.407  8804  8804 I C02d33/HitraceOption: FilterAppTrace com.example.callaite 8804
09-19 13:50:47.408  8804  8804 W C02c11/APPSPAWN: errno:2 bind mount /system/app/ArkWebCoreLegacy to /mnt/sandbox/100/com.example.callaite/system/app/ArkWebCoreLegacy
09-19 13:50:47.408  8804  8804 W C02c11/APPSPAWN: errno:2 bind mount /vendor/etc/hiai to /mnt/sandbox/100/com.example.callaite/vendor/etc/hiai
09-19 13:50:47.408  8804  8804 W C02c11/APPSPAWN: errno:2 bind mount /data/data/hiai to /mnt/sandbox/100/com.example.callaite/data/data/hiai
09-19 13:50:47.408  8804  8804 W C02c11/APPSPAWN: errno:2 bind mount /data/service/el1/public/themes/100/a/app to /mnt/sandbox/100/com.example.callaite/data/themes/a/app
09-19 13:50:47.408  8804  8804 W C02c11/APPSPAWN: errno:2 bind mount /data/service/el1/public/themes/100/b/app to /mnt/sandbox/100/com.example.callaite/data/themes/b/app
09-19 13:50:47.408  8804  8804 W C02c11/APPSPAWN: errno:2 bind mount /chip_prod/lib64/passthrough to /mnt/sandbox/100/com.example.callaite/chip_prod/lib64/passthrough
09-19 13:50:47.408  8804  8804 W C02c11/APPSPAWN: errno:2 bind mount /data/app/el1/bundle/public/com.huawei.hmos.arkwebcorelegacy to /mnt/sandbox/100/com.example.callaite/data/storage/el1/bundle/arkwebcorelegacy
09-19 13:50:47.408  8804  8804 W C02c11/APPSPAWN: check dir /data/app/el1/bundle/public/com.huawei.hmos.arkwebcorelegacy failed,strerror:No such file or directory
09-19 13:50:47.408  8804  8804 W C02c11/APPSPAWN: check dir /data/app/el1/public/aot_compiler/ark_cache/com.example.callaite failed,strerror:No such file or directory
09-19 13:50:47.417  8804  8804 W C02c11/APPSPAWN: errno:2 bind mount /data/preload/app to /mnt/sandbox/100/com.example.callaite/data/preload/app
09-19 13:50:47.423  8804  8804 E C02c11/APPSPAWN: [sandbox_dec.c:247]Open dec file failed errno 2
09-19 13:50:47.424  8804  8804 I C05a03/Selinux: Hap setcon finish, context for com.example.callaite is relabeled to o:r:debug_hap:s0:x95,x334,x512,x868,x1024
09-19 13:50:47.425  8804  8804 I C05a05/SecCompEnhanceClient: [RegisterCheckCallback]Register secComp: sessionId=2936215347, seqNum=******863.
09-19 13:50:47.425  8804  9092 W C057c1/IPCWorkThread: ThreadHandler: proto:0 policy:1 name:OS_IPC_0_9092 invoker:3886496
09-19 13:50:47.426  8804  9093 W C057c1/IPCWorkThread: ThreadHandler: proto:0 policy:0 name:OS_IPC_1_9093 invoker:3885344
09-19 13:50:47.427  8804  8804 I C02d0b/HICHECKER: hichecker param is empty.
09-19 13:50:47.427  8804  8804 I C04500/webview: CalculateActiveWebEngineVersion: CalculateActiveWebEngineVersion, enforce 3
09-19 13:50:47.428  8804  8804 I C01317/AppKit: [MTHRD3495]mainthread start, pid:8804
09-19 13:50:47.430  8804  8804 I C01317/AppKit: [MTHRD3294]is not in rescue mode
09-19 13:50:47.430  8804  8804 I C01317/AppKit: [MTHRD3321]is not in rescue mode
09-19 13:50:47.433  8804  8804 I C01317/AppKit: [MTHRD442]attach
09-19 13:50:47.445  8804  9093 I C01317/AppKit: [MTHRD922]ScheduleLaunchAbility called,ability EntryAbility,1
09-19 13:50:47.453  8804  8804 I C01317/AppKit: [MTHRD267]NativeLibPath empty
09-19 13:50:47.454  8804  8804 I C01317/AppKit: [MTHRD1990]SmartGC:0 version:1000000
09-19 13:50:47.455  8804  8804 I C03f00/ArkCompiler: [ecmascript] asmint: 1, aot: 0, jit: 1, baseline jit: 0, bundle name: com.example.callaite, arkTSMode: dynamic
09-19 13:50:47.463  8804  8804 I C03f00/ArkCompiler: [ecmascript] multi-thread check enabled: 0
09-19 13:50:47.464  8804  8804 I C03f00/ArkCompiler: [pgo] reset pgo profiler, pgo profiler is disabled
09-19 13:50:47.464  8804  8804 I C03301/LIBUV: clean up handles in loop(6176)
09-19 13:50:47.464  8804  8804 I C03301/LIBUV: loop:(6176) closed in 0s
09-19 13:50:47.464  8804  8804 I C03301/LIBUV: close:6176, async_io_wfd:14
09-19 13:50:47.464  8804  8804 I C03301/LIBUV: close:6176, backend_fd:8
09-19 13:50:47.464  8804  8804 I C03301/LIBUV: init:6032
09-19 13:50:47.464  8804  8804 I C03301/LIBUV: init:6032, backend_fd:8
09-19 13:50:47.464  8804  8804 I C03301/LIBUV: open:6032, pipefd[0]:14
09-19 13:50:47.466  8804  9102 E C01707/CONCUR: [Interface] task 9102 apply qos failed, errno = 4
09-19 13:50:47.466  8804  8804 I C03f00/ArkCompiler: [ecmascript] can not find aot file
09-19 13:50:47.469  8804  8804 I C03f00/ArkCompiler: StartServer, componentName = <private>
09-19 13:50:47.469  8804  8804 W C01321/JsRuntime: [CSM161]disCon
09-19 13:50:47.469  8804  8804 I C03f00/ArkCompiler: [ecmascript] JSNApi::NotifyDebugMode, tid = 8804, debugApp = 1, isDebugMode = 0, instanceId = 0
09-19 13:50:47.471  8804  8804 I C03f00/ArkCompiler: [compiler] __jit_debug_register_code() is called.
09-19 13:50:47.471  8804  8804 I C03f00/ArkCompiler: [compiler] success to register stub.an to debugger.
09-19 13:50:47.471  8804  9101 I C01317/AppKit: [DRH689]File existed. dir: /data/storage/el2/base/cache/rawheap
09-19 13:50:47.471  8804  9101 I C01317/AppKit: [DRH667]success to create /data/storage/el2/base/cache/rawheap
09-19 13:50:47.474  8804  8804 W C01e00/ResourceManager: update userId, currentUserId_= 0, userId= 100
09-19 13:50:47.474  8804  8804 E C01e00/ResourceManager: LoadThemesRes failed, userId = 100, bundleName = com.example.callaite
09-19 13:50:47.474  8804  8804 W C01e00/ResourceManager: theme resources will clean, id 100
09-19 13:50:47.475  8804  9099 W C01653/NativePreferences: LoadFromDisk: The settingXml /***/el1/***/i18*** load failed.
09-19 13:50:47.477  8804  8804 E C01301/CompatiblePolicyDeviceType: [calculateResourceType:81]deviceType is empty.
09-19 13:50:47.477  8804  9110 I C02c03/PARAM_WATCHER: Add watcher keyPrefix persist.hdc.jdwp remoteWatcherId 97 success
09-19 13:50:47.477  8804  8804 W C01301/Ability: [resource_config_helper.cpp193]invalid source:
09-19 13:50:47.477  8804  8804 W C01301/Ability: [resource_config_helper.cpp193]invalid source:
09-19 13:50:47.477  8804  8804 I C01317/AppKit: [application_cleaner.cpp94]ClearTempData
09-19 13:50:47.482  8804  8804 I C01317/AppKit: [MTHRD2947]NtfyAppPreAbiCreate
09-19 13:50:47.499  8804  8804 I C01317/AppKit: [JAS211]LoadModule
09-19 13:50:47.499  8804  8804 W C01317/AppKit: [JAS1032]null stage
09-19 13:50:47.499  8804  8804 W C01317/AppKit: [JAS254]Not found AbilityStage.js
09-19 13:50:47.499  8804  8804 I C01317/AppKit: [OH_APP432]OnAboutToCreateAbility
09-19 13:50:47.499  8804  8804 W C01317/AppKit: [JAS349]Not found AbilityStage.js
09-19 13:50:47.499  8804  8804 I C01332/UIAbility: [ui_ability.cpp131]instanceId: 47d1-c493-b42d-4836-9bd8104950d2191e
09-19 13:50:47.501  8804  8804 I C03f00/ArkCompiler: [ecmascript] start to execute module buffer with secure memory: /data/storage/el1/bundle/entry/ets/entryability/EntryAbility.abc
09-19 13:50:47.501  8804  9103 I C03f00/ArkCompiler: [pgo] will save profiler to file /data/storage/ark-profile/rt_entry.ap
09-19 13:50:47.501  8804  8804 E C03f00/ArkCompiler: [common] Can not open xpm proc file, do not check secure memory anymore.
09-19 13:50:47.506  8804  8804 E C01707/CONCUR: [Interface] task 9103 apply qos failed, errno = 4
09-19 13:50:47.508  8804  8804 E C01707/CONCUR: [Interface] task 9105 apply qos failed, errno = 4
09-19 13:50:47.511  8804  8804 E C01707/CONCUR: [Interface] task 9104 apply qos failed, errno = 4
09-19 13:50:47.515  8804  8804 E C01707/CONCUR: [Interface] task 9103 apply qos failed, errno = 4
09-19 13:50:47.518  8804  8804 E C01707/CONCUR: [Interface] task 9105 apply qos failed, errno = 4
09-19 13:50:47.523  8804  8804 E C01707/CONCUR: [Interface] task 9104 apply qos failed, errno = 4
09-19 13:50:47.544  8804  8804 W C03f04/MMG: [NMM:1439] First: failed do_dlsym failed: Symbol not found: NAPI_file_fs_GetABCCode, version: null so=/system/lib64/module/file/libfs.z.so.Second: failed /system/lib64/module/hms/core/libiap_napi.z.so not exist.load /system/etc/abc/core/iap.abc failed
09-19 13:50:47.544  8804  8804 E C03f00/ArkCompiler: [ecmascript] export objects of native so is undefined, so name is @hms:core.iap
09-19 13:50:47.558  8804  8804 I C04309/CLOUD_FILE_SYNC: CloudSyncExport:Class MultiDownloadProgress for module cloudSyncDownload has been exported
09-19 13:50:47.558  8804  8804 I C04309/CLOUD_FILE_SYNC: CloudSyncExport:Class CloudFileCache for module cloudSyncDownload has been exported
09-19 13:50:47.558  8804  8804 I C04309/CLOUD_FILE_SYNC: CloudSyncExport:Class Download for module cloudSyncDownload has been exported
09-19 13:50:47.558  8804  8804 I C04309/CLOUD_FILE_SYNC: CloudSyncExport:Class GallerySync for module cloudSyncDownload has been exported
09-19 13:50:47.558  8804  8804 I C04309/CLOUD_FILE_SYNC: CloudSyncExport:Class FileSync for module cloudSyncDownload has been exported
09-19 13:50:47.559  8804  8804 I C04309/CLOUD_FILE_SYNC: CloudSyncExport:Class FileVersion for module cloudSyncDownload has been exported
09-19 13:50:47.575  8804  8804 I C01324/JsNapi: [js_error_manager.cpp1837]called
09-19 13:50:47.577  8804  8804 I C01320/JsEnv: [JSENV300]timing: 76
09-19 13:50:47.578  8804  8804 I C01320/JSENV: Callee constructor is OK string
09-19 13:50:47.578  8804  8804 I C01320/JSENV: Ability::constructor callee is object [object Object]
09-19 13:50:47.578  8804  8804 I C03f00/ArkCompiler: [ecmascript] start to execute ark buffer with secure memory use file: /data/storage/el1/bundle/entry/ets/modules.abc, entrypoint: @normalized:N&&&entry/build/generated/r/ResourceTable&
09-19 13:50:47.581  8804  8804 I C01332/UIAbility: [ui_ability_thread.cpp204]Lifecycle:Attach
09-19 13:50:47.582  8804  8804 I C01317/AppKit: [MTHRD3123]called
09-19 13:50:47.582  8804  8804 I C03f00/ArkCompiler: [gc] app is not inBackground
09-19 13:50:47.589  8804  8804 E C01707/CONCUR: [Interface] task 9103 apply qos failed, errno = 4
09-19 13:50:47.594  8804  8804 E C01707/CONCUR: [Interface] task 9105 apply qos failed, errno = 4
09-19 13:50:47.597  8804  8804 E C01707/CONCUR: [Interface] task 9104 apply qos failed, errno = 4
09-19 13:50:47.600  8804  9093 I C01332/UIAbility: [ui_ability_thread.cpp352]name:EntryAbility,targeState:5,isNewWant:0
09-19 13:50:47.600  8804  8804 I C01332/UIAbility: [ui_ability_thread.cpp271]Lifecycle:name EntryAbility
09-19 13:50:47.600  8804  8804 I C04201/DMS: AddDisplayIdFromAms: abilityToken and display[0] has been added.
09-19 13:50:47.603  8804  8804 I C01332/UIAbility: [JUA2177]JsUIAbility call js, name: onCreate
09-19 13:50:47.603  8804  8804 I A00001/EntryAbility: Ability onCreate
09-19 13:50:47.605  8804  8804 E C01356/Recovery: [app_recovery_api.cpp124]invalid restartFlag: 7
09-19 13:50:47.605  8804  8804 I A00001/ErrorRecovery: App recovery enabled
09-19 13:50:47.605  8804  8804 I C01317/AppKit: [OH_APP1240]current 2, pre 0
09-19 13:50:47.605  8804  8804 W C01317/AppKit: [OH_APP1269]fontSize empty
09-19 13:50:47.605  8804  8804 I C01317/AppKit: [OH_APP1300]current 2, pre 0
09-19 13:50:47.605  8804  8804 W C01317/AppKit: [OH_APP1304]language empty
09-19 13:50:47.605  8804  8804 W C01317/AppKit: [OH_APP1323]language and locale empty
09-19 13:50:47.605  8804  8804 I C01317/AppKit: [OH_APP298]configuration_: {"0#const.build.characteristics":"phone","0#input.pointer.device":"true","0#ohos.app.fontSizeScale":"nonFollowSystem","0#ohos.application.densitydpi":"xxxldpi","0#ohos.application.direction":"vertical","0#ohos.application.displayid":"0","0#ohos.system.colorMode":"light","0#ohos.system.colorMode.isSetByApp":"isSetByApp","0#ohos.system.fontSizeScale":"1.0","0#ohos.system.fontWeightScale":"1.0","0#ohos.system.hour":"false","0#ohos.system.language":"zh-Hans","0#ohos.system.locale":"zh-Hans"}, config: {"0#ohos.system.colorMode":"light","0#ohos.system.colorMode.isSetByApp":"isSetByApp"}
09-19 13:50:47.605  8804  8804 E C04217/WMSAttribute: UpdateConfigurationSyncForAll: root is null
09-19 13:50:47.605  8804  8804 I C01332/UIAbility: [JUA2177]JsUIAbility call js, name: onConfigurationUpdated
09-19 13:50:47.605  8804  8804 I C01332/UIAbility: [JUA2222]end, name: onConfigurationUpdated, time: 0
09-19 13:50:47.605  8804  8804 I C01332/UIAbility: [JUA2177]JsUIAbility call js, name: onConfigurationUpdate
09-19 13:50:47.605  8804  8804 I C01332/UIAbility: [JUA2222]end, name: onConfigurationUpdate, time: 0
09-19 13:50:47.605  8804  8804 W C01317/AppKit: [JAS919]Not found AbilityStage.js
09-19 13:50:47.605  8804  8804 W C01317/AppKit: [JAS919]Not found AbilityStage.js
09-19 13:50:47.605  8804  8804 I C01317/AppKit: [OH_APP322]ignoreWindowContext size 0
09-19 13:50:47.605  8804  8804 E C04217/WMSAttribute: UpdateConfigurationForAll: root is null
09-19 13:50:47.605  8804  8804 I C01332/UIAbility: [JUA2222]end, name: onCreate, time: 2
09-19 13:50:47.606  8804  8804 E C01332/UIAbility: [ui_ability_impl.cpp364]hasSaveData_: false
09-19 13:50:47.606  8804  8804 W C01332/UIAbility: [JUA1352]formatRegex: []
09-19 13:50:47.606  8804  8804 I C04202/WMSMain: Init: [requestId: 0][scbRequestId: 17]WindowScene with window session!
09-19 13:50:47.606  8804  8804 I C04202/WMSMain: Init: set isModuleAbilityHookEnd
09-19 13:50:47.606  8804  8804 I C0420a/WMSLife: WindowSessionImpl: nodeId: 37812892073985
09-19 13:50:47.606  8804  8804 I C01406/OHOS::RS: RSLogManager init log flag: 0x0(0)
09-19 13:50:47.609  8804  8804 I C01406/OHOS::RS: RSRenderServiceConnectHub call CreateConnection, needRefresh:[0]
09-19 13:50:47.610  8804  8804 I C01406/OHOS::RS: RSFrameRateLinker::Create id: 37812892073984
09-19 13:50:47.610  8804  8804 I C04202/WMSMain: VsyncStation: id 37812892073985 created
09-19 13:50:47.610  8804  8804 I C04200/WindowSceneSessionImpl: WindowSceneSessionImpl: [WMSCom] Constructor callaite0
09-19 13:50:47.610  8804  8804 E C04200/WMS: SetWindowType: permission denied!
09-19 13:50:47.610  8804  8804 I C0420a/WMSLife: Create: Window Create name:callaite0, state:0, mode:0
09-19 13:50:47.614  8804  8804 I C0420a/WMSLife: Create: SetIsAbilityHookOff 0
09-19 13:50:47.614  8804  8804 W C0420a/WMSLife: IsWindowSessionInvalid: id: 0 state_: 0
09-19 13:50:47.614  8804  8804 W C04200/WindowSceneSessionImpl: AdjustWindowAnimationFlag: session invalid!
09-19 13:50:47.614  8804  8804 I C04200/WindowSceneSessionImpl: Remove window flag WINDOW_FLAG_SHOW_WHEN_LOCKED
09-19 13:50:47.617  8804  8804 I C0420a/WMSLife: Connect: in
09-19 13:50:47.621  8804  9092 I C04208/WMSLayout: UpdateRect: [WindowRectUpdate:ClientRecv] UpdateRect id:0 name:callaite0, preRect=[0 0 0 0], newRect=[0 0 1308 2880], reason:0 displayId:0
09-19 13:50:47.621  8804  9092 I C04208/WMSLayout: NotifyFirstValidLayoutUpdate: Id:0, rect:[0 0 1308 2880]
09-19 13:50:47.621  8804  8804 I C01406/OHOS::RS: RSSurfaceNode::Unmarshalling, Node: 37812892073985, Name: callaite0
09-19 13:50:47.621  8804  9125 W C057c1/IPCWorkThread: ThreadHandler: proto:0 policy:0 name:OS_IPC_2_9125 invoker:3894544
09-19 13:50:47.621  8804  8804 I C04208/WMSLayout: Connect: updateRect when connect.preRect:[0,0,1308,2880]rect:[0,0,1308,2880]
09-19 13:50:47.621  8804  8804 E C0421c/WMSCompat: ReadCombinedCompatibleConfig: combinedConfigSize: 0 fail to meet the conditions
09-19 13:50:47.622  8804  9092 W C04208/WMSLayout: NotifySingleHandTransformChange: id:43, uiContent is nullptr
09-19 13:50:47.622  8804  8804 I C0420a/WMSLife: Connect: Window Connect [name:callaite0, id:43, type:1], ret:0, oriDisplayId:0, curDisplayId:0
09-19 13:50:47.623  8804  8804 I C04204/WMSScb: RS multi-instance enabled: 1
09-19 13:50:47.623  8804  8804 I C01406/OHOS::RS: multi-instance, create RSUIContextManager, isMultiInstanceOpen_ 1
09-19 13:50:47.624  8804  8804 I C01406/OHOS::RS: RSRenderServiceConnectHub AddRenderProcessConnectionToken
09-19 13:50:47.625  8804  8804 I C01406/OHOS::RS: RSRenderServiceConnectHub::SetOnDiedCallback, code:0
09-19 13:50:47.625  8804  8804 I C01406/OHOS::RS: RSApplicationAgentImpl::RegisterRSApplicationAgent!
09-19 13:50:47.625  8804  8804 I C01406/OHOS::RS: RSUIDirector::GoCreate CurrentState:0, UIContext:37812892073985
09-19 13:50:47.625  8804  8804 I C01406/OHOS::RS: RSUIDirector::GoResume CurrentState:0, UIContext:37812892073985
09-19 13:50:47.625  8804  8804 I C01406/OHOS::RS: RSUIDirector::GoForeground CurrentState:1, UIContext:37812892073985
09-19 13:50:47.626  8804  8804 I C02c03/PARAM_WATCHER: Add watcher keyPrefix persist.sys.graphic.animationscale remoteWatcherId 97 success
09-19 13:50:47.626  8804  8804 I C04204/WMSScb: InitRSUIDirector: Create RSUIDirector: RSUIDirector's RSUIContext [token: 37812892073985, tid: 8804], rsUIContext: RSUIContext is null
09-19 13:50:47.626  8804  8804 I C0420a/WMSLife: PostInitSurfaceNode: post init surfaceNode success, name: callaite0
09-19 13:50:47.627  8804  8804 I C0421c/WMSCompat: SetAppHookWindowInfo: Id:43, preHookWindowInfo:[enableHookWindow: false, widthHookRatio: 1.000000, notifyWindowChange: false, drawableRectHook: false], newHookWindowInfo:[enableHookWindow: false, widthHookRatio: 1.000000, notifyWindowChange: false, drawableRectHook: false]
09-19 13:50:47.627  8804  8804 I C0421c/WMSCompat: SendCombinedCompatibleConfigToArkUI: bundleName: com.example.callaite, combinedCompatibleConfig size: 0
09-19 13:50:47.627  8804  8804 E C0421c/WMSCompat: SendCombinedCompatibleConfigToArkUI: Combined compatible config size is less than 2!
09-19 13:50:47.627  8804  8804 I C01406/OHOS::RS: RSSurfaceNode::SetAlphaChangedCallback, node=[37812892073985, callaite0]
09-19 13:50:47.627  8804  8804 I C04208/WMSLayout: SetWindowMode: windowId: 43, windowModeSupportType: 127, mode: 1
09-19 13:50:47.627  8804  8804 I C04208/WMSLayout: UpdateWindowModeImmediately: [WindowModeUpdate:Inner] UpdateWindowModeImmediately id:43, mode:1, splitStyle:0, splitIndex:0, state:1
09-19 13:50:47.632  8804  8804 I C04208/WMSLayout: NotifyWindowStatusChange: [WindowModeUpdate:Inner] NotifyWindowStatusChange id:43, mode:1, status:1, lastStatus:0, skipRedundant:0
09-19 13:50:47.632  8804  8804 I C04208/WMSLayout: SetConfigWindowLimitsVP: id:43, windowLimits:[0 0 0 0 0.000000 0.000000 1.000000 1]
09-19 13:50:47.632  8804  8804 I C04208/WMSLayout: GetSystemSizeLimits: systemLimitsPX: [6720 6720 1120 840 340282346638528859811704183484516925440.000000 0.000000 1.000000 0], systemLimitsVP: [1920 1920 320 240 340282346638528859811704183484516925440.000000 0.000000 1.000000 1], configMaxSize: 1920, vpr: 3.500000, winType: 1
09-19 13:50:47.632  8804  8804 I C04208/WMSLayout: UpdateWindowSizeLimits: [WindowLimitsUpdate:CalcLimits] SaveLimits id:43, px[minW:1120,minH:840,maxW:6720,maxH:6720] vp[minW:320,minH:240,maxW:1920,maxH:1920] vpr=3.500000
09-19 13:50:47.637  8804  8804 I C0421a/WMSLayoutPc: GetSupportedWindowModesConfiguration: winId: 43, windowModeSupportType: 15
09-19 13:50:47.637  8804  8804 I C04202/WMSMain: SetSupportedWindowModesForAncoInFreeWindow: is not anco app, need not update support window mode.
09-19 13:50:47.637  8804  8804 I C04208/WMSLayout: SetWindowModeSupportType: id:43, old:127, new:15
09-19 13:50:47.637  8804  8804 I C04208/WMSLayout: GetConfigurationFromAbilityInfo: windowId: 43, windowModeSupportType: 15, isAncoSupportFreeWindow: 0
09-19 13:50:47.639  8804  8804 I C0420f/WMSRecover: RegisterSessionRecoverCallbackFunc: persistentId=43
09-19 13:50:47.640  8804  8804 I C04217/WMSAttribute: UpdateStatusBarColorByColorMode: win=43, appColor=light
09-19 13:50:47.641  8804  8804 I C04200/WMS: IsMainHandlerAvailable: id:43, isAvailable:1
09-19 13:50:47.641  8804  8804 I C04200/WMS: IsMainHandlerAvailable: id:43, isAvailable:1
09-19 13:50:47.643  8804  8804 I C02800/MMIClient: [|267]Connection to server succeeded, fd:32
09-19 13:50:47.643  8804  8804 I C02800/MMIClient: [|166]Server was listening
09-19 13:50:47.643  8804  8804 I C02800/MMIClient: [|127]reuse current event handler, thread name:
09-19 13:50:47.643  8804  8804 I C02800/MMIClient: [|130]File fd is in listening
09-19 13:50:47.643  8804  8804 I C0420c/WMSEvent: AddInputWindow: SetWindowInputEventConsumer success, wid:43
09-19 13:50:47.645  8804  8804 I C04732/GameController: [(RegisterEntryModule:24)]begin load gamecontroller_event
09-19 13:50:47.645  8804  8804 I C04732/GameController: [(StartInputToTouch:61)]Begin StartInputToTouch
09-19 13:50:47.646  8804  9127 I C04732/GameController: [(GetSelfBundleName:49)]The current bundleName [com.example.callaite]. version [1.0.0]
09-19 13:50:47.646  8804  9127 I C04732/GameController: [(IsCommonApp:94)]The [com.example.callaite] is a common app.
09-19 13:50:47.646  8804  9127 W C04732/GameController: [(ReadJsonFromFile:224)]realpath failed for [/data/service/el1/public/for-all-app/gamecontroller_server/game_support_key_mapping.json]
09-19 13:50:47.646  8804  9127 I C04732/GameController: [(SetSupportKeyMapping:73)]SetSupportKeyMapping. isSupportKeyMapping_ is [0]
09-19 13:50:47.646  8804  9127 I C04732/GameController: [(DoAsyncTask:76)]The app does not support input-to-touch feature.
09-19 13:50:47.647  8804  8804 I C04217/WMSAttribute: ConnectServer: start connect
09-19 13:50:47.647  8804  8804 I C04217/WMSAttribute: ConnectServer: end connect
09-19 13:50:47.647  8804  8804 W C04217/WMSAttribute: RegisterGetWMSWindowListCallback: callback has registered
09-19 13:50:47.647  8804  8804 I C04217/WMSAttribute: RegisterGetWMSWindowListCallback: winId: 43
09-19 13:50:47.647  8804  8804 I C04217/WMSAttribute: UpdateColorMode: winId: 43, colorMode: light
09-19 13:50:47.647  8804  8804 I C04218/WMSPc: UpdateSidebarBlurStyleWhenColorModeChange: in, persistentId=43
09-19 13:50:47.647  8804  8804 W C04218/WMSPc: UpdateSidebarBlurStyleWhenColorModeChange: RSAnimatableProperty is null
09-19 13:50:47.648  8804  8804 I C04217/WMSAttribute: UpdateColorMode: winId: 43, colorMode: light, hasDarkRes: 1
09-19 13:50:47.648  8804  8804 I C0421c/WMSCompat: SetPcAppInpadSpecificSystemBarInvisible: isPcAppInpadSpecificSystemBarInvisible: 0
09-19 13:50:47.648  8804  8804 I C0421c/WMSCompat: SetPcAppInpadOrientationLandscape: isPcAppInpadOrientationLandscape: 0
09-19 13:50:47.648  8804  8804 I C0420a/WMSLife: Create: Window Create success [name:callaite0, id:43], state:1, mode:1, enableDefaultDensity:0, displayId:0
09-19 13:50:47.648  8804  8804 E C04200/WMS: singleton_container.cpp GetSingleton: cant get OHOS::Rosen::WindowInfoReporter
09-19 13:50:47.648  8804  8804 I C01332/UIAbility: [JUA2177]JsUIAbility call js, name: onWindowStageCreate
09-19 13:50:47.648  8804  8804 I A00001/EntryAbility: Ability onWindowStageCreate
09-19 13:50:47.649  8804  8804 I A03d00/JSAPP: [DataStore] Loading 2 .md files from /data/storage/el2/base/haps/entry/files/graph
09-19 13:50:47.649  8804  8804 W A03d00/JSAPP: [DataStore] Empty or unreadable file: 2026-09-19.md
09-19 13:50:47.651  8804  8804 I A03d00/JSAPP: [DataStore] Graph loaded. Pages: 1
09-19 13:50:47.652  8804  8804 E C01317/AppKit: [context_impl.cpp1466]create dir /data/storage/el2/cloud failed, errno is 13
09-19 13:50:47.652  8804  8804 E C01317/AppKit: [context_impl.cpp1466]create dir /data/storage/el2/cloud failed, errno is 13
09-19 13:50:47.652  8804  8804 E C01317/AppKit: [context_impl.cpp1466]create dir /data/storage/el2/cloud failed, errno is 13
09-19 13:50:47.652  8804  8804 E C04388/file_api: [prop_n_exporter.cpp:456->MkdirExec] Failed to create directories, error: 13
09-19 13:50:47.657  8804  9109 I C01610/KvStoreServiceDeathNotifier: [a92ab122b79f4fc, 0, 0] AddServiceDeathWatcher: Success set size: <private>
09-19 13:50:47.657  8804  9109 I C01610/KvStoreServiceDeathNotifier: [a92ab122b79f4fc, 0, 0] GetDistributedKvDataService: Create remote proxy.
09-19 13:50:47.664  8804  8804 I A03d00/JSAPP: [PluginManager] Initialized 4 plugins
09-19 13:50:47.664  8804  9109 I C01610/DataMgrServiceProxy: [a92ab122b79f4fc, 0, 0] DataMgrServiceProxy: Init data service proxy.
09-19 13:50:47.665  8804  9109 I C01610/KvStoreServiceDeathNotifier: [a92ab122b79f4fc, 0, 0] ServiceDeathRecipient: Constructor.
09-19 13:50:47.665  8804  9109 I C01610/KvStoreClientDeathObserver: [a92ab122b79f4fc, 0, 0] KvStoreClientDeathObserver: This client death observer
09-19 13:50:47.665  8804  9109 I C01610/DataMgrServiceProxy: [a92ab122b79f4fc, 0, 0] GetFeatureInterface: get feature:kv_store
09-19 13:50:47.666  8804  9129 E C01b00/DistributedAccountFwk: Read result failed, code is: 8.
09-19 13:50:47.666  8804  9130 E C01b00/DistributedAccountFwk: Read result failed, code is: 8.
09-19 13:50:47.667  8804  8804 I C01317/AppKit: [OH_APP1240]current 2, pre 0
09-19 13:50:47.667  8804  8804 W C01317/AppKit: [OH_APP1269]fontSize empty
09-19 13:50:47.667  8804  8804 I C01317/AppKit: [OH_APP1300]current 2, pre 0
09-19 13:50:47.667  8804  8804 W C01317/AppKit: [OH_APP1304]language empty
09-19 13:50:47.667  8804  8804 W C01317/AppKit: [OH_APP1323]language and locale empty
09-19 13:50:47.667  8804  8804 I C01317/AppKit: [OH_APP298]configuration_: {"0#const.build.characteristics":"phone","0#input.pointer.device":"true","0#ohos.app.fontSizeScale":"nonFollowSystem","0#ohos.application.densitydpi":"xxxldpi","0#ohos.application.direction":"vertical","0#ohos.application.displayid":"0","0#ohos.system.colorMode":"light","0#ohos.system.colorMode.isSetByApp":"isSetByApp","0#ohos.system.fontSizeScale":"1.0","0#ohos.system.fontWeightScale":"1.0","0#ohos.system.hour":"false","0#ohos.system.language":"zh-Hans","0#ohos.system.locale":"zh-Hans"}, config: {"0#ohos.system.colorMode":"light","0#ohos.system.colorMode.isSetByApp":"isSetByApp"}
09-19 13:50:47.667  8804  8804 E C04217/WMSAttribute: UpdateConfigurationSync: uiContent null, scene win=43, display=0
09-19 13:50:47.667  8804  8804 E C04217/WMSAttribute: UpdateConfigurationSyncForAll: root is null
09-19 13:50:47.668  8804  8804 I C01332/UIAbility: [JUA2177]JsUIAbility call js, name: onConfigurationUpdated
09-19 13:50:47.668  8804  8804 I C01332/UIAbility: [JUA2222]end, name: onConfigurationUpdated, time: 0
09-19 13:50:47.668  8804  8804 I C01332/UIAbility: [JUA2177]JsUIAbility call js, name: onConfigurationUpdate
09-19 13:50:47.668  8804  8804 I C01332/UIAbility: [JUA2222]end, name: onConfigurationUpdate, time: 0
09-19 13:50:47.669  8804  8804 W C01317/AppKit: [JAS919]Not found AbilityStage.js
09-19 13:50:47.669  8804  8804 W C01317/AppKit: [JAS919]Not found AbilityStage.js
09-19 13:50:47.669  8804  8804 I C01317/AppKit: [OH_APP322]ignoreWindowContext size 0
09-19 13:50:47.669  8804  8804 E C04217/WMSAttribute: UpdateConfiguration: uiContent null, scene win=43, display=0
09-19 13:50:47.669  8804  8804 I C04217/WMSAttribute: UpdateStatusBarColorByColorMode: win=43, appColor=light
09-19 13:50:47.669  8804  8804 E C04217/WMSAttribute: UpdateConfigurationForAll: root is null
09-19 13:50:47.670  8804  8804 I C04200/JsWindowStage: LoadContent: [NAPI]
09-19 13:50:47.670  8804  8804 I C01332/UIAbility: [JUA2222]end, name: onWindowStageCreate, time: 22
09-19 13:50:47.670  8804  8804 I C0420a/WMSLife: NotifyWindowStageCreateFinished: id: 43
09-19 13:50:47.670  8804  8804 I C01332/UIAbility: [JUA2177]JsUIAbility call js, name: onWillForeground
09-19 13:50:47.670  8804  8804 I C01332/UIAbility: [JUA2222]end, name: onWillForeground, time: 0
09-19 13:50:47.670  8804  8804 I C04202/WMSMain: GoForeground: [requestId: 0][scbRequestId: 17]reason: 4 isGamePreLaunch: 0
09-19 13:50:47.670  8804  8804 I C0420a/WMSLife: Show: [requestId: 0][scbRequestId: 17]Window show [name: callaite0, id: 43, type: 1], reason: 4, state:1, requestState:1
09-19 13:50:47.670  8804  8804 I C04208/WMSLayout: GetSystemSizeLimits: systemLimitsPX: [6720 6720 1120 840 340282346638528859811704183484516925440.000000 0.000000 1.000000 0], systemLimitsVP: [1920 1920 320 240 340282346638528859811704183484516925440.000000 0.000000 1.000000 1], configMaxSize: 1920, vpr: 3.500000, winType: 1
09-19 13:50:47.670  8804  8804 I C04208/WMSLayout: UpdateWindowSizeLimits: [WindowLimitsUpdate:CalcLimits] SaveLimits id:43, px[minW:1120,minH:840,maxW:6720,maxH:6720] vp[minW:320,minH:240,maxW:1920,maxH:1920] vpr=3.500000
09-19 13:50:47.671  8804  9109 I C01630/DistributedDB: [a92ab122b79f4fc, 0, 0] before open db,db file: [size: 65536, mtime: 1789792123, inode: 824462]; db wal file: [size: 0, mtime: 1789792123, inode: 824463]; db shm file: [size: 32768, mtime: 1789795819, inode: 824466]; db dwr file: [stat() failed, errCode: -1, errno: 2]; 
09-19 13:50:47.672  8804  9109 I C01630/DistributedDB: [a92ab122b79f4fc, 0, 0] [SqlUp] meta[0] label[3] flag[0] ver[104]
09-19 13:50:47.672  8804  9109 I C01630/DistributedDB: [a92ab122b79f4fc, 0, 0] [KVDB] [StartSyncerWithNoLock] [uüª] event=3
09-19 13:50:47.673  8804  9109 I C01630/DistributedDB: [a92ab122b79f4fc, 0, 0] db id:75fcaa, dir:485848
09-19 13:50:47.673  8804  8804 I C04217/WMSAttribute: IsSystemDensityChanged: windowId: 43, lastDensity: -1.000000, currDensity: 3.500000
09-19 13:50:47.673  8804  9109 E C01610/StoreUtil: [a92ab122b79f4fc, 0, 0] SetServiceGid: file not exit, filePath:/da***.db ,code:2
09-19 13:50:47.673  8804  9109 I C01610/KvStoreServiceDeathNotifier: [a92ab122b79f4fc, 0, 0] AddServiceDeathWatcher: Success set size: <private>
09-19 13:50:47.673  8804  8804 W C04200/WindowSessionImpl: UpdateViewportConfig: uiContent is null!
09-19 13:50:47.674  8804  8804 I C01332/UIAbility: [ui_ability_impl.cpp489]wnd call, AfterForeground
09-19 13:50:47.674  8804  8804 I C01406/OHOS::RS: RSFrameRateLinker::Create id: 37812892073985
09-19 13:50:47.675  8804  9125 I C04207/WMSFocus: ProcessUpdateFocus: unfocusId:11, focusId:43, isFocused:1,isSyncNotify:0, old:0, new:1789797047461, current:1789797047675
09-19 13:50:47.675  8804  9125 I C04207/WMSFocus: UpdateFocusState: focus: 1, id: 43
09-19 13:50:47.675  8804  9125 I C04207/WMSFocus: NotifyApplicationFocusChangedResult: 1
09-19 13:50:47.675  8804  9125 I C04207/WMSFocus: ProcessNotifyHighlightChange: timeStamp:1789797047461, highlightId:43, isHighlight:1,isSyncNotify:0, old:0, new:1789797047461, current:1789797047675
09-19 13:50:47.675  8804  9125 I C04207/WMSFocus: NotifyHighlightChange: windowId: 43, isHighlight: 1,
09-19 13:50:47.675  8804  9125 E C0420a/WMSLife: NotifyUIExtHostRectChangeInGlobalDisplayListeners: uiContent is null
09-19 13:50:47.675  8804  9125 W C04208/WMSLayout: NotifySingleHandTransformChange: id:43, uiContent is nullptr
09-19 13:50:47.684  8804  9133 W C057c1/IPCWorkThread: ThreadHandler: proto:0 policy:0 name:OS_IPC_3_9133 invoker:10174480
09-19 13:50:47.685  8804  8804 E C01706/ueaClient-RmeCoreSched: [Init]: do not enabled!ret: -1
09-19 13:50:47.685  8804  8804 I C01706/ueaClient-FrameMsgMgr: [Init]:inited success!
09-19 13:50:47.685  8804  8804 I C01706/ueaClient-FrameUiIntf: [Init]:ret:1, inited:1
09-19 13:50:47.685  8804  8804 I C04217/WMSAttribute: InitWaterfallMode: winId: 43
09-19 13:50:47.685  8804  8804 I C04217/WMSAttribute: NotifyWaterfallModeChange: winId: 43, waterfall: 0, stat: 2
09-19 13:50:47.685  8804  8804 I C04202/WMSMain: NotifyFreeMultiWindowModeResume: IsPcMode 0, isColdStart 1
09-19 13:50:47.685  8804  8804 I C0420a/WMSLife: Show: [requestId: 0][scbRequestId: 17]Window show success [name:callaite0, id:43, type:1]
09-19 13:50:47.685  8804  8804 W C04201/DMS: OnDisplayInfoChange: data is not changed.
09-19 13:50:47.686  8804  8804 I C01332/UIAbility: [JUA2177]JsUIAbility call js, name: onForeground
09-19 13:50:47.686  8804  8804 I A00001/EntryAbility: Ability onForeground
09-19 13:50:47.686  8804  8804 I C01332/UIAbility: [JUA2222]end, name: onForeground, time: 0
09-19 13:50:47.694  8804  8804 E C01651/data_share_manager_impl: RegisterClientDeathObserver: RegisterClientDeathObserver failed, bundleName is com.example.callaite
09-19 13:50:47.694  8804  8804 E C01651/data_share_manager_impl: GetDataShareServiceProxy: RegisterClientDeathObserver failed
09-19 13:50:47.695  8804  9133 E C01651/data_share_manager_impl: RegisterClientDeathObserver: RegisterClientDeathObserver failed, bundleName is com.example.callaite
09-19 13:50:47.695  8804  9133 E C01651/data_share_manager_impl: GetDataShareServiceProxy: RegisterClientDeathObserver failed
09-19 13:50:47.695  8804  9133 I C01651/data_share_manager_impl: operator(): RecoverObs start
09-19 13:50:47.705  8804  8804 I C05405/CompConfigClient: GetConfigByApp: GetDataShareData return 0 result
09-19 13:50:47.705  8804  8804 E C01301/Ability: [page_config_manager.cpp62]configJson_ is empty
09-19 13:50:47.706  8804  8804 I C02d11/DfxUnwinder: UnwindLocal:: fpUnwind: 0
09-19 13:50:47.706  8804  8804 W C01320/JsEnv: [source_map.cpp145]the stack without line info
09-19 13:50:47.707  8804  8804 I C02d11/DfxUnwinder: UnwindLocal:: fpUnwind: 0
09-19 13:50:47.707  8804  8804 W C01320/JsEnv: [source_map.cpp145]the stack without line info
09-19 13:50:47.707  8804  8804 I A00001/EntryAbility: Huawei account refreshed: 
09-19 13:50:47.707  8804  8804 I C01612/JsKVManager: operator(): output delete reference success
09-19 13:50:47.707  8804  8804 I C01612/JsSingleKVStore: operator(): subscribe to event:dataChange
09-19 13:50:47.707  8804  8804 I C01612/JsSingleKVStore: OnDataChange: subscribe data change type 2
09-19 13:50:47.707  8804  8804 I C01630/DistributedDB: [KvStoreNbDelegate][RegisterDeviceObserver] Register device observer ok mode:1
09-19 13:50:47.707  8804  8804 I C01610/KvStoreObserverClient: KvStoreObserverClient: Start
09-19 13:50:47.708  8804  8804 I A03d00/JSAPP: [Collaboration] KVStore initialized
09-19 13:50:47.708  8804  8804 I C01332/UIAbility: [JUA2177]JsUIAbility call js, name: onDidForeground
09-19 13:50:47.708  8804  8804 I C01332/UIAbility: [JUA2222]end, name: onDidForeground, time: 0
09-19 13:50:47.708  8804  8804 I C04202/WMSMain: GoResume: in isGamePreLaunch: 0
09-19 13:50:47.708  8804  8804 I C0420a/WMSLife: SetUIContentInner: pages/Index, state:2, persistentId: 43
09-19 13:50:47.708  8804  8804 I C0420a/WMSLife: NotifySetUIContentComplete: start
09-19 13:50:47.708  8804  8804 I C0420a/WMSLife: SetUIContentComplete: persistentId=43
09-19 13:50:47.708  8804  8804 I C0420a/WMSLife: InitUIContent: start
09-19 13:50:47.708  8804  8804 I C0420a/WMSLife: DestroyExistUIContent: start
09-19 13:50:47.709  8804  8804 I C03900/Ace: [(-1:-1:undefined)] CreateUIContent.
09-19 13:50:47.709  8804  8804 I C03934/AceUIEvent: [(-1:-1:undefined)] report ace loaded
09-19 13:50:47.709  8804  8804 I C04707/HaAceEngine: OnAceLoaded end
09-19 13:50:47.709  8804  9101 W C04707/HaClient: =========Invalid Client=========
09-19 13:50:47.710  8804  8804 I C03900/Ace: [(-2:-1:undefined)] Create ace bg threads pool.
09-19 13:50:47.710  8804  8804 I C03900/Ace: [(-2:-1:undefined)] Init RenderService UniRender Type:0
09-19 13:50:47.712  8804  8804 W C01409/APS_MANAGER: redo Connect
09-19 13:50:47.712  8804  8804 I C01409/APS_MANAGER: Start to ConnectService
09-19 13:50:47.712  8804  8804 I C01409/APS_MANAGER: GetSystemAbilityManager success
09-19 13:50:47.712  8804  8804 I C01409/APS_MANAGER: GetSystemAbility success
09-19 13:50:47.712  8804  8804 I C03900/Ace: [(-2:-1:undefined)] [com.example.callaite][entry][-1]: UIContent: apiCompatibleVersion: 60101024, apiTargetVersion: 260000026, and apiReleaseType: Release, useNewPipe: 1, enableCustomComponentCrossAbility: 0
09-19 13:50:47.713  8804  9139 I C03900/Ace: [(-1:-1:undefined)] dlsym function ReportData success.
09-19 13:50:47.713  8804  9139 I C03900/Ace: [(-1:-1:undefined)] dlsym function ReportSyncEvent success.
09-19 13:50:47.714  8804  8804 I C02c03/PARAM_WATCHER: Add watcher keyPrefix persist.sys.arkui.animationscale remoteWatcherId 97 success
09-19 13:50:47.715  8804  8804 E C03900/Ace: [(-2:-1:undefined)] ConfigParserBase read system file failed
09-19 13:50:47.715  8804  8804 W C03900/Ace: [(-2:-1:undefined)] ArkUiFeatureParamManager failed to load xml file
09-19 13:50:47.715  8804  8804 E C03900/Ace: [(-2:-1:undefined)] ConfigParserBase read system UI correction config file failed
09-19 13:50:47.715  8804  8804 W C03900/Ace: [(-2:-1:undefined)] ArkUiFeatureParamManager failed to load UI correction config file
09-19 13:50:47.718  8804  8804 I C05405/CompConfigClient: SubscribeEvent_: SubscriberEvent, ret: 1
09-19 13:50:47.722  8804  9133 I C04208/WMSLayout: NotifyWindowStatusDidChange: [WindowModeUpdate:Inner] NotifyWindowStatusDidChange id:43, mode:1, status:1, lastStatus:0, listenerSize:0, rect:[0 0 1308 2880]
09-19 13:50:47.729  8804  8804 I C05405/CompConfigClient: GetConfigByApp: GetDataShareData return 0 result
09-19 13:50:47.729  8804  8804 W C03900/Ace: [(-2:-1:undefined)] FeatureManager get config failed, key:UICorrectionStrategy ret:1
09-19 13:50:47.729  8804  8804 W C03900/Ace: [(-2:-1:undefined)] FeatureParamManager get UICorrectionStrategy from FeatureManager failed
09-19 13:50:47.732  8804  8804 I C03900/Ace: [(-2:-1:undefined)] SetLocale language tag: zh-Hans, font locale: zh-Hans, select language: zh-CN
09-19 13:50:47.733  8804  8804 I C03900/Ace: [(-2:-1:undefined)] [com.example.callaite][entry][-1]: SetLanguage: zh, colorMode: light, deviceAccess: 1
09-19 13:50:47.733  8804  8804 I C03900/Ace: [(-2:-1:undefined)] [com.example.callaite][entry][-1]: Initialize UIContent isModelJson:true
09-19 13:50:47.734  8804  8804 I C03922/AceNavigation: [(-2:-1:undefined)] subscribe hsp Update successfully
09-19 13:50:47.735  8804  8804 I C03900/Ace: [(100000:100000:scope)] SetHapPath, Use hap path to load resource
09-19 13:50:47.736  8804  8804 I C04217/WMSAttribute: RegisterWaterfallModeChangeListener: winId: 43
09-19 13:50:47.737  8804  8804 I C04200/WMS: GetSurfaceNode: name:callaite0, id:43
09-19 13:50:47.737  8804  8804 I C04200/WMS: GetSurfaceNode: name:callaite0, id:43
09-19 13:50:47.737  8804  8804 I C03900/Ace: [(100000:100000:scope)] SetRSSurfaceNode 37812892073985 with rs multi
09-19 13:50:47.737  8804  8804 I C01406/OHOS::RS: RSUIContext::AttachFromUI. token: 37812892073985 uiPiplineNum: -1
09-19 13:50:47.737  8804  8804 I C01406/OHOS::RS: RSUIContext::SetUITaskRunner, Context token:37812892073985
09-19 13:50:47.738  8804  8804 I C03925/AceRouter: [(100000:100000:scope)] createManager, deviceType: 0
09-19 13:50:47.739  8804  8804 W C03900/Ace: [(100000:100000:scope)] Invalid config:zh_Hans-long-notround-vertical-light-phone-xxxhdpi
09-19 13:50:47.739  8804  8804 I C01406/OHOS::RS: RSUIDirector::GoBackground CurrentState:2, UIContext:37812892073985
09-19 13:50:47.739  8804  8804 I C01406/OHOS::RS: RSSurfaceNode::SetAbilityState, surfaceNodeId:[37812892073985], ability state: background
09-19 13:50:47.740  8804  8804 I C03900/Ace: [(100000:100000:scope)] set translateManager to pipeline, instanceId:100000
09-19 13:50:47.740  8804  8804 I C0421d/WMSRotation: RegisterOrientationChangeListener: in
09-19 13:50:47.740  8804  8804 I C03900/Ace: [(100000:100000:scope)] AddPersistAfterLayoutTask size: 1
09-19 13:50:47.740  8804  8804 I C03919/AceInputTracking: [(100000:100000:scope)] Debug touch pass mode 0
09-19 13:50:47.740  8804  8804 E C03934/AceUIEvent: [(100000:100000:scope)] AceTransform load failed: Error loading shared library /system/lib64/libtransform_interaction_ext.z.so: No such file or directory
09-19 13:50:47.740  8804  8804 I C03937/AceResource: [(100000:100000:scope)] ResourceAdapter UpdateResConfig with colorMode light
09-19 13:50:47.740  8804  8804 W C03900/Ace: [(100000:100000:scope)] not found systemTheme in HapModuleInfo, loading default OHOS_THEME
09-19 13:50:47.740  8804  8804 I C03900/Ace: [(100000:100000:scope)] Cannot Get File List from resources/styles/
09-19 13:50:47.740  8804  8804 W C03900/Ace: [(100000:100000:scope)] GetAsset failed: resources/styles/default.json
09-19 13:50:47.748  8804  8804 I C01406/OHOS::RS: RSRootNode::Create, Node:37812892073987, Token:37812892073985
09-19 13:50:47.748  8804  8804 I C03900/Ace: [(100000:100000:scope)] root node OnAttachToFrameNode, id:0
09-19 13:50:47.748  8804  8804 I C03900/Ace: [(100000:100000:scope)] Rosenwindow set root, rsId:37812892073987
09-19 13:50:47.748  8804  8804 I C01406/OHOS::RS: RSRootNode::AttachRSSurfaceNode, SurfaceNode:37812892073985, Node:37812892073987
09-19 13:50:47.749  8804  8804 I C03900/Ace: [(100000:100000:scope)] AddPersistAfterLayoutTask size: 2
09-19 13:50:47.753  8804  8804 I C03900/Ace: [(100000:100000:scope)] focusWindowId: 0, realHostWindowId: 0
09-19 13:50:47.753  8804  8804 I C03900/Ace: [(100000:100000:scope)] [com.example.callaite][entry][100000]: window focus
09-19 13:50:47.754  8804  8804 I C02c03/PARAM_WATCHER: Add watcher keyPrefix debug.graphic.frame remoteWatcherId 97 success
09-19 13:50:47.754  8804  8804 E C03900/Ace: [(100000:100000:scope)] ERROR EACCES
09-19 13:50:47.754  8804  8804 E C03900/Ace: [(100000:100000:scope)] ERROR EACCES
09-19 13:50:47.754  8804  8804 I C03900/Ace: [(100000:100000:scope)] ArkUIInvisibleFreeze: 0
09-19 13:50:47.754  8804  8804 I C03900/Ace: [(100000:100000:scope)] [com.example.callaite][entry][100000]: SetMinPlatformVersion is 60101024
09-19 13:50:47.754  8804  8804 I C04209/WMSImms: RegisterAvoidAreaChangeListener: win 43
09-19 13:50:47.755  8804  8804 E C04200/IMockSessionManager: Read result failed, code is: 4.
09-19 13:50:47.756  8804  9133 I C04200/WindowSessionImpl: NotifyTransformChange: in
09-19 13:50:47.756  8804  9146 W C057c1/IPCWorkThread: ThreadHandler: proto:0 policy:0 name:OS_IPC_4_9146 invoker:10181984
09-19 13:50:47.756  8804  8804 E C04200/IMockSessionManager: Read result failed, code is: 4.
09-19 13:50:47.756  8804  8804 I C04200/WMS: InitSessionManagerServiceProxy: Init success, userId=-1
09-19 13:50:47.757  8804  8804 I C04200/WMS: InitSceneSessionManagerLiteProxy: Init success, userId=-1
09-19 13:50:47.757  8804  8804 I C04204/WMSScb: InitSceneSessionManagerProxy: enter, userId=-1
09-19 13:50:47.757  8804  8804 I C04204/WMSScb: GetSceneSessionManagerProxy: init first time, userId=-1
09-19 13:50:47.759  8804  9092 E C0420a/WMSLife: NotifyUIExtHostRectChangeInGlobalDisplayListeners: uiContent is null
09-19 13:50:47.759  8804  9093 I C04208/WMSLayout: UpdateRect: [WindowRectUpdate:ClientRecv] UpdateRect id:43 name:callaite0, preRect=[0 0 1308 2880], newRect=[0 0 1308 2880], reason:23 displayId:0
09-19 13:50:47.761  8804  8804 I C04209/WMSImms: GetAvoidAreaByType: win 43 type not supported
09-19 13:50:47.761  8804  8804 I C03917/AceSafeArea: [(100000:100000:scope)] InitializeSafeArea systemInsets:SafeAreaInsets left_: [start: 0, end: 0], top_: [start: 0, end: 136], right_: [start: 0, end: 0], bottom_: [start: 0, end: 0], cutoutInsets:SafeAreaInsets left_: [start: 0, end: 0], top_: [start: 50, end: 128], right_: [start: 0, end: 0], bottom_: [start: 0, end: 0], navInsets:SafeAreaInsets left_: [start: 0, end: 0], top_: [start: 0, end: 0], right_: [start: 0, end: 0], bottom_: [start: 2782, end: 2880], floatNavInsets:SafeAreaInsets left_: [start: 0, end: 0], top_: [start: 0, end: 0], right_: [start: 0, end: 0], bottom_: [start: 0, end: 0]
09-19 13:50:47.762  8804  8804 I C0394e/AceWindow: [(100000:100000:scope)] Initialize displayId: 0, availableRect: [0, 0, 1308, 2880]
09-19 13:50:47.763  8804  8804 I C03900/Ace: [(100000:100000:scope)] Failed to open libthp_extra_innerapi.z.so, reason: Error loading shared library /system/lib64/libthp_extra_innerapi.z.so: No such file or directory
09-19 13:50:47.763  8804  8804 I C03900/Ace: [(-2:100000:singleton)] [com.example.callaite][entry][100000]: Initialize: pages/Index
09-19 13:50:47.763  8804  8804 I C03900/Ace: [(100000:100000:scope)] RunPage:pages/Index
09-19 13:50:47.763  8804  8804 W C03900/Ace: [(100000:100000:scope)] GetAsset failed: manifest.json
09-19 13:50:47.763  8804  9144 I C03951/InputKeyFlow: [(-1:100000:singleton)] Subscribe touch.events.pass.through Event
09-19 13:50:47.763  8804  8804 I C04200/WMS: InitUIContent: [0, 0]
09-19 13:50:47.763  8804  8804 I C0420a/WMSLife: RegisterUIContenCallback: start
09-19 13:50:47.763  8804  8804 I C04208/WMSLayout: SetUIContentInner: single hand, id:43, posX:0, posY:0, scaleX:1.000000, scaleY:1.000000
09-19 13:50:47.764  8804  9139 I C02c03/PARAM_WATCHER: Add watcher keyPrefix persist.ace.trace.layout.enabled remoteWatcherId 97 success
09-19 13:50:47.764  8804  8804 I C04219/WMSDecor: UpdateDecorEnable: decorVisible:1, isDockAutoHide:0, isDecorHiddenByApp:0, isMaximizeInvoked:0, id:43
09-19 13:50:47.764  8804  8804 I C03900/Ace: [(-2:100000:singleton)] [com.example.callaite][entry][100000]: UpdateWindowVisible: 1, hasDecor: 0
09-19 13:50:47.764  8804  8804 I C03900/Ace: [(-2:100000:singleton)] [com.example.callaite][entry][100000]: NotifyWindowMode mode = 1
09-19 13:50:47.764  8804  9139 I C02c03/PARAM_WATCHER: Add watcher keyPrefix persist.ace.trace.inputevent.enabled remoteWatcherId 97 success
09-19 13:50:47.765  8804  9139 I C02c03/PARAM_WATCHER: Add watcher keyPrefix const.security.developermode.state remoteWatcherId 97 success
09-19 13:50:47.765  8804  8804 I C03900/Ace: [(-2:100000:singleton)] [com.example.callaite][entry][100000]: window foreground
09-19 13:50:47.765  8804  9139 I C02c03/PARAM_WATCHER: Add watcher keyPrefix persist.ace.debug.statemgr.enabled remoteWatcherId 97 success
09-19 13:50:47.765  8804  8804 I C03900/Ace: [(100000:100000:scope)] Update application state , state: ON_SHOW
09-19 13:50:47.765  8804  8804 I C01406/OHOS::RS: RSUIDirector::GoForeground CurrentState:3, UIContext:37812892073985
09-19 13:50:47.766  8804  8804 I C01406/OHOS::RS: RSSurfaceNode::SetAbilityState, surfaceNodeId:[37812892073985], ability state: foreground
09-19 13:50:47.766  8804  9139 I C02c03/PARAM_WATCHER: Add watcher keyPrefix persist.ace.debug.boundary.enabled remoteWatcherId 97 success
09-19 13:50:47.768  8804  8804 I C03900/Ace: [(100000:100000:scope)] ArkUI requests first Vsync.
09-19 13:50:47.768  8804  8804 I C04202/WMSMain: RequestVsync: First vsync has requested, nodeId: 37812892073985
09-19 13:50:47.769  8804  9139 I C02c03/PARAM_WATCHER: Add watcher keyPrefix persist.ace.performance.monitor.enabled remoteWatcherId 97 success
09-19 13:50:47.770  8804  8804 I C03959/AceLayout: [(-2:100000:singleton)] UVC Viewport config: size: (1308, 2880) orientation: 0 density: 3.500000 position: (0, 0) transformHint: 0 displayId: 0 forceSplitDisplayConfig: disable forceSplit, mode: 0, WSCR 0, IRN 1, , keyboardInfo is null
09-19 13:50:47.770  8804  8804 I C03922/AceNavigation: [(100000:100000:scope)] disable forceSplit, mode:0
09-19 13:50:47.770  8804  8804 I C04208/WMSLayout: UpdateViewportConfig: Id: 43, reason: 0, viewportRect: [0 0 1308 2880], displayOrientation: 0, config[0, 0, 0, 3.500000]
09-19 13:50:47.770  8804  8804 I C03900/Ace: [(-2:100000:singleton)] [com.example.callaite][entry][100000]: window focus
09-19 13:50:47.770  8804  8804 I C03900/Ace: [(-2:100000:singleton)] [com.example.callaite][entry][100000]:window active
09-19 13:50:47.770  8804  8804 I C04208/WMSLayout: NotifyAfterUIContentReady: Renotify transform, id:43, scaleX:1.000000, scaleY:1.000000
09-19 13:50:47.770  8804  8804 I C02d11/DfxUnwinder: UnwindLocal:: fpUnwind: 0
09-19 13:50:47.771  8804  8804 W C01320/JsEnv: [source_map.cpp145]the stack without line info
09-19 13:50:47.771  8804  8804 I A00001/EntryAbility: Succeeded in loading the content.
09-19 13:50:47.771  8804  8804 I C04200/JsWindowStage: Window [43, callaite0] load content end, ret=0
09-19 13:50:47.771  8804  8804 I C04209/WMSImms: NotifyAvoidAreaChange: win 43 api 26 type 0 area top [0 0 1308 136] 
09-19 13:50:47.771  8804  8804 I C04209/WMSImms: NotifyAvoidAreaChange: win 43 api 26 type 1 area top [615 50 78 78] 
09-19 13:50:47.771  8804  8804 I C04209/WMSImms: NotifyAvoidAreaChange: win 43 api 26 type 2 area empty
09-19 13:50:47.771  8804  8804 I C04209/WMSImms: NotifyAvoidAreaChange: win 43 api 26 type 3 area empty
09-19 13:50:47.771  8804  8804 I C04209/WMSImms: NotifyAvoidAreaChange: win 43 api 26 type 4 area bottom [425 2782 458 98] 
09-19 13:50:47.772  8804  8804 I C03922/AceNavigation: [(100000:100000:scope)] disable forceSplit, mode:0
09-19 13:50:47.772  8804  8804 I C04208/WMSLayout: UpdateViewportConfig: Id: 43, reason: 0, viewportRect: [0 0 1308 2880], displayOrientation: 0, config[0, 0, 0, 3.500000]
09-19 13:50:47.772  8804  8804 I C03900/Ace: [(100000:100000:scope)] Update application state , state: ON_ACTIVE
09-19 13:50:47.774  8804  8804 I C0391c/AceFocus: [(100000:100000:scope)] Window: 43 get focus.
09-19 13:50:47.774  8804  8804 W C0391c/AceFocus: [(100000:100000:scope)] Current focus view can not found!
09-19 13:50:47.774  8804  8804 I C0391c/AceFocus: [(100000:100000:scope)] Request focus on rootFocusHub: root/0
09-19 13:50:47.775  8804  8804 I C03922/AceNavigation: [(100000:100000:scope)] disable forceSplit, mode:0
09-19 13:50:47.775  8804  8804 I C04208/WMSLayout: UpdateViewportConfig: Id: 43, reason: 23, viewportRect: [0 0 1308 2880], displayOrientation: 0, config[0, 0, 0, 3.500000]
09-19 13:50:47.775  8804  8804 I C03925/AceRouter: [(100000:100000:scope)] Page router manager is creating page[1]: url: pages/Index path: pages/Index.js, recoverable: yes, namedRouter: no
09-19 13:50:47.800  8804  8804 I C03f04/MMG: [NMM:1561]Module:file.photoAccessHelper
09-19 13:50:47.801  8804  8804 W C03f04/MMG: [NMM:1466] Name mismatch: file.photoAccessHelperNative != file.photoAccessHelper
09-19 13:50:47.802  8804  8804 I C02b71/MediaLibraryNapi: Common:{Init:156} TaskSignalNapi::Init in
09-19 13:50:47.802  8804  8804 I C02b71/MediaLibraryNapi: Common:{Init:164} TaskSignalNapi::Init success
09-19 13:50:47.804  8804  8804 I C02b01/CAMERA: {63} PickerOnLoad
09-19 13:50:47.804  8804  8804 I C02b01/CAMERA: {463} CameraPickerNapi E
09-19 13:50:47.804  8804  8804 W C03f04/MMG: [NMM:1466] Name mismatch: web.webnativemessagingextensionmanager_napi != web.webNativeMessagingExtensionManager
09-19 13:50:47.804  8804  8804 I C03f04/MMG: [NMM:1561]Module:arkui.node
09-19 13:50:47.814  8804  9101 I C04215/WMSHierarchy: GetTopWindowWithContext: mainId:43!
09-19 13:50:47.814  8804  8804 I C04201/DMS: IfCallbackRegistered: change not registered!
09-19 13:50:47.814  8804  8804 I C04201/DMS: JsDisplayListener: Constructor
09-19 13:50:47.817  8804  8804 I C0391c/AceFocus: [(100000:100000:scope)] Request focus id can not found.
09-19 13:50:47.817  8804  8804 W C03926/AceTheme: [(100000:100000:scope)] style 125829872 not contains scroll_bar_pattern!
09-19 13:50:47.818  8804  8804 W C03926/AceTheme: [(100000:100000:scope)] style scroll_bar_pattern get attr scroll_bar_interactive error!
09-19 13:50:47.818  8804  8804 W C03926/AceTheme: [(100000:100000:scope)] style scroll_bar_pattern not contains arc_scroll_bar_normal_background_width!
09-19 13:50:47.818  8804  8804 W C03926/AceTheme: [(100000:100000:scope)] style 125829872 not contains scrollable_pattern!
09-19 13:50:47.818  8804  8804 W C03926/AceTheme: [(100000:100000:scope)] style scrollable_pattern not contains scroll_able_default_scrolling_distance!
09-19 13:50:47.832  8804  8804 W C03926/AceTheme: [(100000:100000:scope)] style text_pattern not contains linear_split_child_min_size!
09-19 13:50:47.832  8804  8804 W C03926/AceTheme: [(100000:100000:scope)] style text_pattern not contains menu_celia_ask_is_support!
09-19 13:50:47.833  8804  8804 W C03926/AceTheme: [(100000:100000:scope)] style 125829872 not contains app_theme_pattern!
09-19 13:50:47.833  8804  8804 W C01e00/ResourceManager: by id=125835722 limitPaths is empty
09-19 13:50:47.833  8804  8804 E C01e00/ResourceManager: ref <private> id not found
09-19 13:50:47.833  8804  8804 W C01e00/ResourceManager: by id=125835722 limitPaths is empty
09-19 13:50:47.833  8804  8804 E C01e00/ResourceManager: ref <private> id not found
09-19 13:50:47.833  8804  8804 W C03937/AceResource: [(100000:100000:scope)] Get pattern by name error, name=app_theme_pattern, bundleName: com.example.callaite, moduleName: entry
09-19 13:50:47.833  8804  8804 W C01e00/ResourceManager: by id=125835722 limitPaths is empty
09-19 13:50:47.833  8804  8804 E C01e00/ResourceManager: ref <private> id not found
09-19 13:50:47.833  8804  8804 W C01e00/ResourceManager: by id=125835722 limitPaths is empty
09-19 13:50:47.833  8804  8804 E C01e00/ResourceManager: ref <private> id not found
09-19 13:50:47.833  8804  8804 W C03937/AceResource: [(100000:100000:scope)] Get pattern by name error, name=app_theme_pattern
09-19 13:50:47.833  8804  8804 W C03926/AceTheme: [(100000:100000:scope)] style app_theme_pattern not contains app_theme_drag_distancethreshold!
09-19 13:50:47.851  8804  9143 I C01651/general_controller_service_impl: RegisterObserver: Register silent observer ret: 2228241, uri: ******ency_level
09-19 13:50:47.851  8804  9143 W C03955/AceVisualEffect: [(100000:100000:scope)] SettingDataManager::register observer key: immersive_transparency_level, userId: 100
09-19 13:50:47.852  8804  8804 I C0391c/AceFocus: [(100000:100000:scope)] view: page/2 show
09-19 13:50:47.852  8804  8804 I C03922/AceNavigation: [(100000:100000:scope)] can't find inner navigation
09-19 13:50:47.852  8804  8804 I C03933/AceKeyboard: [(100000:100000:scope)] PageChangeCloseKB
09-19 13:50:47.852  8804  8804 I C03925/AceRouter: [(100000:100000:scope)] LoadPage Success
09-19 13:50:47.853  8804  8804 I C04200/JsWindow: CreateJsWindow callaite0
09-19 13:50:47.853  8804  8804 I C0420a/WMSLife: JsWindow: window: callaite0, ctorCnt: 1
09-19 13:50:47.854  8804  8804 I C0420a/WMSLife: CreateJsWindowObject: Add window callaite0
09-19 13:50:47.854  8804  8804 I C0392a/AceUiExtensionComponent: [(-2:100000:singleton)] NotifyWindowMode aliveUIExtensions = 0
09-19 13:50:47.854  8804  8804 I C0394e/AceWindow: [(100000:100000:scope)] Update displayWindowRect in UpdateViewportConfig to : Rect (0.00, 0.00) - [1308.00 x 2880.00]
09-19 13:50:47.854  8804  8804 I C03917/AceSafeArea: [(100000:100000:scope)] SetIsFullScreen 1
09-19 13:50:47.854  8804  8804 I C03900/Ace: [(100000:100000:scope)] Root node request first frame.
09-19 13:50:47.854  8804  8804 I C03900/Ace: [(100000:100000:scope)] Update application state , state: ON_ACTIVE
09-19 13:50:47.855  8804  8804 I C0391c/AceFocus: [(100000:100000:scope)] Window: 43 get focus.
09-19 13:50:47.855  8804  8804 I C03900/Ace: [(100000:100000:scope)] Update application state , state: ON_ACTIVE
09-19 13:50:47.855  8804  8804 I C04202/WMSMain: VsyncCallbackInner: First vsync has come back, nodeId: 37812892073985
09-19 13:50:47.857  8804  8804 I C01408/Text: InitTextBundleConfig: Adapter text height enabled 0
09-19 13:50:47.857  8804  8804 I C01408/Text: InitTextBundleConfig: Disable spacing for control char 0
09-19 13:50:47.857  8804  8804 E C02d34/HistogramClient: ArkGraphics2d.Text.OH_Drawing_TextStyleAddFontVariation is not in metadata.
09-19 13:50:47.933  8804  8804 E C01707/CONCUR: [Interface] task 9103 apply qos failed, errno = 4
09-19 13:50:47.936  8804  8804 E C01707/CONCUR: [Interface] task 9105 apply qos failed, errno = 4
09-19 13:50:47.939  8804  8804 E C01707/CONCUR: [Interface] task 9104 apply qos failed, errno = 4
09-19 13:50:47.943  8804  8804 E C01707/CONCUR: [Interface] task 9103 apply qos failed, errno = 4
09-19 13:50:47.952  8804  8804 E C01707/CONCUR: [Interface] task 9105 apply qos failed, errno = 4
09-19 13:50:47.954  8804  8804 E C01707/CONCUR: [Interface] task 9104 apply qos failed, errno = 4
09-19 13:50:48.046  8804  8804 E C01707/CONCUR: [Interface] task 9103 apply qos failed, errno = 4
09-19 13:50:48.057  8804  8804 E C01707/CONCUR: [Interface] task 9105 apply qos failed, errno = 4
09-19 13:50:48.060  8804  8804 E C01707/CONCUR: [Interface] task 9104 apply qos failed, errno = 4
09-19 13:50:48.063  8804  8804 E C01707/CONCUR: [Interface] task 9103 apply qos failed, errno = 4
09-19 13:50:48.065  8804  8804 E C01707/CONCUR: [Interface] task 9105 apply qos failed, errno = 4
09-19 13:50:48.068  8804  8804 E C01707/CONCUR: [Interface] task 9104 apply qos failed, errno = 4
09-19 13:50:48.179  8804  8804 E C01707/CONCUR: [Interface] task 9103 apply qos failed, errno = 4
09-19 13:50:48.181  8804  8804 E C01707/CONCUR: [Interface] task 9105 apply qos failed, errno = 4
09-19 13:50:48.183  8804  8804 E C01707/CONCUR: [Interface] task 9104 apply qos failed, errno = 4
09-19 13:50:48.187  8804  8804 E C01707/CONCUR: [Interface] task 9103 apply qos failed, errno = 4
09-19 13:50:48.189  8804  8804 E C01707/CONCUR: [Interface] task 9105 apply qos failed, errno = 4
09-19 13:50:48.192  8804  8804 E C01707/CONCUR: [Interface] task 9104 apply qos failed, errno = 4
09-19 13:50:48.295  8804  8804 E C01707/CONCUR: [Interface] task 9103 apply qos failed, errno = 4
09-19 13:50:48.297  8804  8804 E C01707/CONCUR: [Interface] task 9105 apply qos failed, errno = 4
09-19 13:50:48.300  8804  8804 E C01707/CONCUR: [Interface] task 9104 apply qos failed, errno = 4
09-19 13:50:48.303  8804  8804 E C01707/CONCUR: [Interface] task 9103 apply qos failed, errno = 4
09-19 13:50:48.305  8804  8804 E C01707/CONCUR: [Interface] task 9105 apply qos failed, errno = 4
09-19 13:50:48.308  8804  8804 E C01707/CONCUR: [Interface] task 9104 apply qos failed, errno = 4
09-19 13:50:48.412  8804  8804 E C01707/CONCUR: [Interface] task 9103 apply qos failed, errno = 4
09-19 13:50:48.415  8804  8804 E C01707/CONCUR: [Interface] task 9105 apply qos failed, errno = 4
09-19 13:50:48.417  8804  8804 E C01707/CONCUR: [Interface] task 9104 apply qos failed, errno = 4
09-19 13:50:48.420  8804  8804 E C01707/CONCUR: [Interface] task 9103 apply qos failed, errno = 4
09-19 13:50:48.423  8804  8804 E C01707/CONCUR: [Interface] task 9105 apply qos failed, errno = 4
09-19 13:50:48.425  8804  8804 E C01707/CONCUR: [Interface] task 9104 apply qos failed, errno = 4
09-19 13:50:48.531  8804  8804 E C01707/CONCUR: [Interface] task 9103 apply qos failed, errno = 4
09-19 13:50:48.534  8804  8804 E C01707/CONCUR: [Interface] task 9105 apply qos failed, errno = 4
09-19 13:50:48.536  8804  8804 E C01707/CONCUR: [Interface] task 9104 apply qos failed, errno = 4
09-19 13:50:48.539  8804  8804 E C01707/CONCUR: [Interface] task 9103 apply qos failed, errno = 4
09-19 13:50:48.541  8804  8804 E C01707/CONCUR: [Interface] task 9105 apply qos failed, errno = 4
09-19 13:50:48.544  8804  8804 E C01707/CONCUR: [Interface] task 9104 apply qos failed, errno = 4
09-19 13:50:48.652  8804  8804 E C01707/CONCUR: [Interface] task 9103 apply qos failed, errno = 4
09-19 13:50:48.654  8804  8804 E C01707/CONCUR: [Interface] task 9105 apply qos failed, errno = 4
09-19 13:50:48.657  8804  8804 E C01707/CONCUR: [Interface] task 9104 apply qos failed, errno = 4
09-19 13:50:48.660  8804  8804 E C01707/CONCUR: [Interface] task 9103 apply qos failed, errno = 4
09-19 13:50:48.662  8804  8804 E C01707/CONCUR: [Interface] task 9105 apply qos failed, errno = 4
09-19 13:50:48.664  8804  8804 E C01707/CONCUR: [Interface] task 9104 apply qos failed, errno = 4
09-19 13:50:48.776  8804  8804 E C01707/CONCUR: [Interface] task 9103 apply qos failed, errno = 4
09-19 13:50:48.778  8804  8804 E C01707/CONCUR: [Interface] task 9105 apply qos failed, errno = 4
09-19 13:50:48.780  8804  8804 E C01707/CONCUR: [Interface] task 9104 apply qos failed, errno = 4
09-19 13:50:48.784  8804  8804 E C01707/CONCUR: [Interface] task 9103 apply qos failed, errno = 4
09-19 13:50:48.786  8804  8804 E C01707/CONCUR: [Interface] task 9105 apply qos failed, errno = 4
09-19 13:50:48.788  8804  8804 E C01707/CONCUR: [Interface] task 9104 apply qos failed, errno = 4
09-19 13:50:48.902  8804  8804 E C01707/CONCUR: [Interface] task 9103 apply qos failed, errno = 4
09-19 13:50:48.905  8804  8804 E C01707/CONCUR: [Interface] task 9105 apply qos failed, errno = 4
09-19 13:50:48.907  8804  8804 E C01707/CONCUR: [Interface] task 9104 apply qos failed, errno = 4
09-19 13:50:48.910  8804  8804 E C01707/CONCUR: [Interface] task 9103 apply qos failed, errno = 4
09-19 13:50:48.913  8804  8804 E C01707/CONCUR: [Interface] task 9105 apply qos failed, errno = 4
09-19 13:50:48.915  8804  8804 E C01707/CONCUR: [Interface] task 9104 apply qos failed, errno = 4
09-19 13:50:49.028  8804  8804 E C01707/CONCUR: [Interface] task 9103 apply qos failed, errno = 4
09-19 13:50:49.031  8804  8804 E C01707/CONCUR: [Interface] task 9105 apply qos failed, errno = 4
09-19 13:50:49.033  8804  8804 E C01707/CONCUR: [Interface] task 9104 apply qos failed, errno = 4
09-19 13:50:49.036  8804  8804 E C01707/CONCUR: [Interface] task 9103 apply qos failed, errno = 4
09-19 13:50:49.038  8804  8804 E C01707/CONCUR: [Interface] task 9105 apply qos failed, errno = 4
09-19 13:50:49.041  8804  8804 E C01707/CONCUR: [Interface] task 9104 apply qos failed, errno = 4
09-19 13:50:49.153  8804  8804 E C01707/CONCUR: [Interface] task 9103 apply qos failed, errno = 4
09-19 13:50:49.155  8804  8804 E C01707/CONCUR: [Interface] task 9105 apply qos failed, errno = 4
09-19 13:50:49.157  8804  8804 E C01707/CONCUR: [Interface] task 9104 apply qos failed, errno = 4
09-19 13:50:49.161  8804  8804 E C01707/CONCUR: [Interface] task 9103 apply qos failed, errno = 4
09-19 13:50:49.163  8804  8804 E C01707/CONCUR: [Interface] task 9105 apply qos failed, errno = 4
09-19 13:50:49.165  8804  8804 E C01707/CONCUR: [Interface] task 9104 apply qos failed, errno = 4
09-19 13:50:49.281  8804  8804 E C01707/CONCUR: [Interface] task 9103 apply qos failed, errno = 4
09-19 13:50:49.283  8804  8804 E C01707/CONCUR: [Interface] task 9105 apply qos failed, errno = 4
09-19 13:50:49.285  8804  8804 E C01707/CONCUR: [Interface] task 9104 apply qos failed, errno = 4
09-19 13:50:49.289  8804  8804 E C01707/CONCUR: [Interface] task 9103 apply qos failed, errno = 4
09-19 13:50:49.291  8804  8804 E C01707/CONCUR: [Interface] task 9105 apply qos failed, errno = 4
09-19 13:50:49.293  8804  8804 E C01707/CONCUR: [Interface] task 9104 apply qos failed, errno = 4
09-19 13:50:49.410  8804  8804 E C01707/CONCUR: [Interface] task 9103 apply qos failed, errno = 4
09-19 13:50:49.413  8804  8804 E C01707/CONCUR: [Interface] task 9105 apply qos failed, errno = 4
09-19 13:50:49.415  8804  8804 E C01707/CONCUR: [Interface] task 9104 apply qos failed, errno = 4
09-19 13:50:49.419  8804  8804 E C01707/CONCUR: [Interface] task 9103 apply qos failed, errno = 4
09-19 13:50:49.421  8804  8804 E C01707/CONCUR: [Interface] task 9105 apply qos failed, errno = 4
09-19 13:50:49.423  8804  8804 E C01707/CONCUR: [Interface] task 9104 apply qos failed, errno = 4
09-19 13:50:49.547  8804  8804 E C01707/CONCUR: [Interface] task 9103 apply qos failed, errno = 4
09-19 13:50:49.549  8804  8804 E C01707/CONCUR: [Interface] task 9105 apply qos failed, errno = 4
09-19 13:50:49.552  8804  8804 E C01707/CONCUR: [Interface] task 9104 apply qos failed, errno = 4
09-19 13:50:49.556  8804  8804 E C01707/CONCUR: [Interface] task 9103 apply qos failed, errno = 4
09-19 13:50:49.558  8804  8804 E C01707/CONCUR: [Interface] task 9105 apply qos failed, errno = 4
09-19 13:50:49.561  8804  8804 E C01707/CONCUR: [Interface] task 9104 apply qos failed, errno = 4
09-19 13:50:49.688  8804  8804 E C01707/CONCUR: [Interface] task 9103 apply qos failed, errno = 4
09-19 13:50:49.692  8804  8804 E C01707/CONCUR: [Interface] task 9105 apply qos failed, errno = 4
09-19 13:50:49.695  8804  8804 E C01707/CONCUR: [Interface] task 9104 apply qos failed, errno = 4
09-19 13:50:49.698  8804  8804 E C01707/CONCUR: [Interface] task 9103 apply qos failed, errno = 4
09-19 13:50:49.701  8804  8804 E C01707/CONCUR: [Interface] task 9105 apply qos failed, errno = 4
09-19 13:50:49.703  8804  8804 E C01707/CONCUR: [Interface] task 9104 apply qos failed, errno = 4
09-19 13:50:49.829  8804  8804 E C01707/CONCUR: [Interface] task 9103 apply qos failed, errno = 4
09-19 13:50:49.831  8804  8804 E C01707/CONCUR: [Interface] task 9105 apply qos failed, errno = 4
09-19 13:50:49.833  8804  8804 E C01707/CONCUR: [Interface] task 9104 apply qos failed, errno = 4
09-19 13:50:49.836  8804  8804 E C01707/CONCUR: [Interface] task 9103 apply qos failed, errno = 4
09-19 13:50:49.839  8804  8804 E C01707/CONCUR: [Interface] task 9105 apply qos failed, errno = 4
09-19 13:50:49.841  8804  8804 E C01707/CONCUR: [Interface] task 9104 apply qos failed, errno = 4
09-19 13:50:49.966  8804  8804 E C01707/CONCUR: [Interface] task 9103 apply qos failed, errno = 4
09-19 13:50:49.969  8804  8804 E C01707/CONCUR: [Interface] task 9105 apply qos failed, errno = 4
09-19 13:50:49.971  8804  8804 E C01707/CONCUR: [Interface] task 9104 apply qos failed, errno = 4
09-19 13:50:49.975  8804  8804 E C01707/CONCUR: [Interface] task 9103 apply qos failed, errno = 4
09-19 13:50:49.978  8804  8804 E C01707/CONCUR: [Interface] task 9105 apply qos failed, errno = 4
09-19 13:50:49.980  8804  8804 E C01707/CONCUR: [Interface] task 9104 apply qos failed, errno = 4
09-19 13:50:50.008  8804  8804 E C01707/CONCUR: [Interface] task 9103 apply qos failed, errno = 4
09-19 13:50:50.010  8804  8804 E C01707/CONCUR: [Interface] task 9105 apply qos failed, errno = 4
09-19 13:50:50.012  8804  8804 E C01707/CONCUR: [Interface] task 9104 apply qos failed, errno = 4
09-19 13:50:50.017  8804  8804 E C01707/CONCUR: [Interface] task 9103 apply qos failed, errno = 4
09-19 13:50:50.019  8804  8804 E C01707/CONCUR: [Interface] task 9105 apply qos failed, errno = 4
09-19 13:50:50.021  8804  8804 E C01707/CONCUR: [Interface] task 9104 apply qos failed, errno = 4
09-19 13:50:50.055  8804  8804 E C01707/CONCUR: [Interface] task 9103 apply qos failed, errno = 4
09-19 13:50:50.057  8804  8804 E C01707/CONCUR: [Interface] task 9105 apply qos failed, errno = 4
09-19 13:50:50.060  8804  8804 E C01707/CONCUR: [Interface] task 9104 apply qos failed, errno = 4
09-19 13:50:50.063  8804  8804 E C01707/CONCUR: [Interface] task 9103 apply qos failed, errno = 4
09-19 13:50:50.065  8804  8804 E C01707/CONCUR: [Interface] task 9105 apply qos failed, errno = 4
09-19 13:50:50.067  8804  8804 E C01707/CONCUR: [Interface] task 9104 apply qos failed, errno = 4
09-19 13:50:57.432  8804  9094 I C01310/AppDfr: [watchdog.cpp356]Thread may be blocked, not report time. currTime: 1789797057432, lastTime: 1789797050433
09-19 13:51:00.433  8804  9094 W C01310/AppDfr: [appfreeze_inner.cpp760]hisysevent write FREEZE_HALF_HIVIEW_LOG, pid:8804, packageName:, ret:0
09-19 13:51:00.433  8804  9094 W C02d06/XCollie: Sample freeze half file=freeze_20260919135100_8804.txt
09-19 13:51:00.433  8804  9094 I C01310/AppDfr: [appfreeze_inner.cpp595]start to sample freeze stack, eventName:THREAD_BLOCK_3S
09-19 13:51:00.433  8804  9094 W C01310/AppDfr: [appfreeze_inner.cpp627]submit reportAppFreeze, name:THREAD_BLOCK_3S, startTime:2026-09-19 13:51:00.433
09-19 13:51:00.433  8804  9094 E C02d06/XCollie: ThreadSampler initialize failed.
09-19 13:51:00.433  8804  9130 I C01201/EventHandler: EventHandler start dumper!
09-19 13:51:00.433  8804  9130 I C01201/EventHandler: EventHandler end dumper!
09-19 13:51:00.433  8804  9130 W C01310/AppDfr: [appfreeze_inner.cpp683]get mainhandler dump, eventName:THREAD_BLOCK_3S, endTime:2026-09-19 13:51:00.433, interval:0 ms
09-19 13:51:00.433  8804  9130 E C02d06/XCollie: no freeze callback
09-19 13:51:00.433  8804  9130 I C03f00/ArkCompiler: [ecmascript] GC statistic, count: 453, maxPause: 27.401, minPause: 0.348, averagePause: 1.21715, lastStartTime: 1789797060423, lastEndTime: 1789797060423, lastType: Local GC
09-19 13:51:00.433  8804  9130 I C01310/AppDfr: [appfreeze_inner.cpp388]heap info: HEAP_TOTAL_SIZE:20185088,HEAP_OBJECT_SIZE:17155792,HEAP_SHARED_SIZE:850272, process lifeTime: PROCESS_LIFETIME:44s
09-19 13:51:00.443  8804  9101 W C02d11/DfxUnwinder: Failed to step first frame, lr fallback
09-19 13:51:00.449  8804  9109 I C01310/AppDfr: [appfreeze_inner.cpp493]get main stack has finished less than 1s
09-19 13:51:00.449  8804  9109 W C01310/AppDfr: [appfreeze_inner.cpp788]NotifyAppFault:THREAD_BLOCK_3S, pid:8804, bundleName:com.example.callaite currentTime:2026-09-19 13:51:00.449, processExit:1 appfreezeInfo:freeze_20260919135100_8804.txt enbleMainThreadSample:0.
09-19 13:51:00.449  8804  9109 I C01311/AppMS: [app_mgr_proxy.cpp1740]called
09-19 13:51:00.530  8804  9215 W C057c1/IPCWorkThread: ThreadHandler: proto:0 policy:0 name:OS_IPC_5_9215 invoker:14986528
09-19 13:51:02.638  8804  8804 E C01707/CONCUR: [Interface] task 9103 apply qos failed, errno = 4
09-19 13:51:02.641  8804  8804 E C01707/CONCUR: [Interface] task 9105 apply qos failed, errno = 4
09-19 13:51:02.643  8804  8804 E C01707/CONCUR: [Interface] task 9104 apply qos failed, errno = 4
09-19 13:51:02.646  8804  8804 E C01707/CONCUR: [Interface] task 9103 apply qos failed, errno = 4
09-19 13:51:02.648  8804  8804 E C01707/CONCUR: [Interface] task 9105 apply qos failed, errno = 4
09-19 13:51:02.651  8804  8804 E C01707/CONCUR: [Interface] task 9104 apply qos failed, errno = 4
09-19 13:51:03.431  8804  9094 W C01310/AppDfr: [watchdog.cpp178]get hitrace id is invalid.
09-19 13:51:03.431  8804  9094 W C02d06/XCollie: get lastest freeze file: , interval: 6582574.
09-19 13:51:03.431  8804  9094 I C01310/AppDfr: [appfreeze_inner.cpp605]stop to sample freeze stack, eventName:THREAD_BLOCK_6S freezeFile: enbleMainThreadSample:0.
09-19 13:51:03.431  8804  9094 W C01310/AppDfr: [appfreeze_inner.cpp627]submit reportAppFreeze, name:THREAD_BLOCK_6S, startTime:2026-09-19 13:51:03.431
09-19 13:51:03.431  8804  9129 I C01201/EventHandler: EventHandler start dumper!
09-19 13:51:03.431  8804  9129 I C01201/EventHandler: EventHandler end dumper!
09-19 13:51:03.432  8804  9129 W C01310/AppDfr: [appfreeze_inner.cpp683]get mainhandler dump, eventName:THREAD_BLOCK_6S, endTime:2026-09-19 13:51:03.432, interval:1 ms
09-19 13:51:03.432  8804  9129 E C02d06/XCollie: no freeze callback
09-19 13:51:03.432  8804  9129 I C03f00/ArkCompiler: [ecmascript] GC statistic, count: 574, maxPause: 27.401, minPause: 0.348, averagePause: 1.10139, lastStartTime: 1789797063413, lastEndTime: 1789797063413, lastType: Local GC
09-19 13:51:03.432  8804  9129 I C01310/AppDfr: [appfreeze_inner.cpp388]heap info: HEAP_TOTAL_SIZE:26476544,HEAP_OBJECT_SIZE:23598672,HEAP_SHARED_SIZE:850272, process lifeTime: PROCESS_LIFETIME:47s
09-19 13:51:03.432  8804  9129 I C01336/AMS: [AMC1927]RecordAppWithReason pid:8804, uid:20020063, killId:2000
09-19 13:51:03.433  8804  9129 I C01310/AppDfr: [appfreeze_inner.cpp537]Record result=0, pid=8804, uid=20020063, killId=2000
09-19 13:51:03.433  8804  9129 W C01310/AppDfr: [appfreeze_inner.cpp788]NotifyAppFault:THREAD_BLOCK_6S, pid:8804, bundleName:com.example.callaite currentTime:2026-09-19 13:51:03.433, processExit:1 appfreezeInfo: enbleMainThreadSample:0.
09-19 13:51:03.433  8804  9129 I C01311/AppMS: [app_mgr_proxy.cpp1740]called
09-19 13:51:03.433  8804  9129 I C01356/Recovery: [app_recovery.cpp193]begin
09-19 13:51:03.433  8804  9129 E C01356/Recovery: [app_recovery.cpp180]not enabled
09-19 13:51:03.433  8804  9129 I C01356/Recovery: [app_recovery.cpp282]scheduleRecoverApp  begin
09-19 13:51:03.508  8804  9240 W C057c1/IPCWorkThread: ThreadHandler: proto:0 policy:0 name:OS_IPC_6_9240 invoker:4644192
09-19 13:51:03.541  8804  8804 E C01707/CONCUR: [Interface] task 9103 apply qos failed, errno = 4
catcher cmd: hilog -z 1000 -P end time: 2026/09/19-13:51:03:550
---------------------------------------------------

---------------------------------------------------
catcher cmd: hidumper --cpuusage start time: 2026/09/19-13:51:03:550

catcher cmd: hidumper --cpuusage 

-------------------------------[cpuusage]-------------------------------

Load average: 0.23 / 0.06 / 0.04; the cpu load average in 1 min, 5 min and 15 min
CPU usage from 2026-09-19 13:51:01 to 2026-09-19 13:51:03
Total: 18.92%; User Space: 17.16%; Kernel Space: 1.76%; iowait: 0.12%; irq: 0.00%; idle: 80.96%
Details of Processes:
    PID   Total Usage	   User Space    Kernel Space    Page Fault Minor    Page Fault Major    Name
    8804      25.83%          24.49%          1.34%           52575                   7            com.example.callaite
    129        0.79%           0.12%          0.66%         1107096                4849            hiview         
    1          0.52%           0.17%          0.35%           43440                 419            init           
    108        0.23%           0.23%          0.00%          134422               18208            hilogd         
    8814       0.11%           0.00%          0.11%               0                   0            kworker/0:1-events
    8637       0.09%           0.06%          0.03%            6313                   0            hidumper_service
    454        0.08%           0.00%          0.08%           45935                1817            distributeddata
    514        0.07%           0.06%          0.01%             981                  28            sensor_host    
    730        0.06%           0.03%          0.03%         1815058               76823            foundation     
    278        0.05%           0.01%          0.04%           21280                3494            resource_schedule_service
    341        0.04%           0.04%          0.00%            3947                 678            file_monitor_service
    647        0.04%           0.03%          0.01%            5039                 925            powermgr       
    603        0.04%           0.03%          0.01%            1827                  23            sensors        
    878        0.04%           0.00%          0.04%          832845                  16            hdcd           
    10         0.04%           0.00%          0.04%               0                   0            rcu_sched      
    1893       0.03%           0.02%          0.01%          448334               93242            com.ohos.sceneboard
    235        0.03%           0.00%          0.03%            6724                 202            multimodalinput
    656        0.02%           0.01%          0.01%            7351                  32            netsysnative   
    602        0.02%           0.01%          0.01%            6816                1012            softbus_server 
    299        0.02%           0.01%          0.01%           35012                1887            netmanager     
    127        0.02%           0.01%          0.01%            3385                  80            samgr          
    606        0.02%           0.00%          0.02%           30820                 112            security_guard 
    563        0.02%           0.00%          0.02%            1286                  75            composer_host  
    69         0.02%           0.00%          0.02%               0                   0            snapshotd      
    30         0.02%           0.00%          0.02%               0                   0            kauditd        
    1618       0.01%           0.01%          0.00%           13328                 786            com.huawei.hms.pushservice
    836        0.01%           0.01%          0.00%            9700                1597            CollaborationFwk
    797        0.01%           0.01%          0.00%            6376                 143            camera_service 
    739        0.01%           0.01%          0.00%            1591                  19            drm_service    
    572        0.01%           0.01%          0.00%            2563                  64            useriam        
    395        0.01%           0.01%          0.00%            2278                  42            time_service   
    289        0.01%           0.01%          0.00%           14504                 253            accesstoken_service
    27169      0.01%           0.00%          0.01%               0                   0            kworker/1:3-events
    7519       0.01%           0.00%          0.01%               0                   0            kworker/3:0-events
    7414       0.01%           0.00%          0.01%               0                   0            kworker/u8:0-ext4-rsv-conversion
    1915       0.01%           0.00%          0.01%           11798                 337            com.huawei.hms.adsservice
    554        0.01%           0.00%          0.01%           11665                  30            power_host     
    447        0.01%           0.00%          0.01%            6585                 237            wifi_manager_service
    97         0.01%           0.00%          0.01%               0                   0            jbd2/vdd-8     
    84         0.01%           0.00%          0.01%               0                   0            kworker/3:1H-kblockd
    35         0.01%           0.00%          0.01%               0                   0            kcompactd0     
    25         0.01%           0.00%          0.01%               0                   0            ksoftirqd/3    
    32374      0.00%           0.00%          0.00%               0                   0            kworker/u8:1-flush-254:48
    27217      0.00%           0.00%          0.00%               0                   0            kworker/0:0-events
    27165      0.00%           0.00%          0.00%               0                   0            kworker/1:2-events
    27133      0.00%           0.00%          0.00%               0                   0            kworker/2:0-events
    15963      0.00%           0.00%          0.00%               0                   0            kworker/0:3-events
    9091       0.00%           0.00%          0.00%              64                   0            apppool        
    8827       0.00%           0.00%          0.00%            1359                   0            secure_access_fence
    8806       0.00%           0.00%          0.00%            2214                  16            sandbox_manager_service
    8805       0.00%           0.00%          0.00%            1402                   0            app_fwk_update_service
    8733       0.00%           0.00%          0.00%            1840                  10            compatibility_config_center
    8729       0.00%           0.00%          0.00%            3590                   1            clouddevelopproxy
    8707       0.00%           0.00%          0.00%            2061                   0            installs       
    5515       0.00%           0.00%          0.00%               0                   0            kworker/u8:2-ext4-rsv-conversion
    5387       0.00%           0.00%          0.00%            1892                  17            cert_manager_service
    3557       0.00%           0.00%          0.00%               0                   0            kworker/3:2    
    3420       0.00%           0.00%          0.00%            6535                  28            atomicservice_ecological_rule_manager
    2793       0.00%           0.00%          0.00%            2442                 187            device_activate_service
    2728       0.00%           0.00%          0.00%            4070                 303            pasteboard_service
    2717       0.00%           0.00%          0.00%            3306                   0            QemuParams     
    2716       0.00%           0.00%          0.00%            3283                   0            QemuParams     
    2715       0.00%           0.00%          0.00%            3322                   1            QemuParams     
    2711       0.00%           0.00%          0.00%            3283                   0            QemuParams     
    2500       0.00%           0.00%          0.00%           11593                3206            com.ohos.sceneboard:EngineServiceAbility:1
    2160       0.00%           0.00%          0.00%           14514                 450            com.ohos.contactsdataability
    2099       0.00%           0.00%          0.00%             818                   3            deviceinfoservice
    2046       0.00%           0.00%          0.00%           10105                 425            index_insert_service
    2000       0.00%           0.00%          0.00%           24546                 779            com.ohos.medialibrary.medialibrarydata
    1941       0.00%           0.00%          0.00%            6399                 315            com.huawei.hmsapp.intelligent
    1841       0.00%           0.00%          0.00%            5254                 284            appgallery_service
    1804       0.00%           0.00%          0.00%               0                   0            dfs_srv_wb3    
    1803       0.00%           0.00%          0.00%               0                   0            dfs_sb_wb3     
    1802       0.00%           0.00%          0.00%               0                   0            dfs_ino_wb3    
    1801       0.00%           0.00%          0.00%               0                   0            share_item_time
    1795       0.00%           0.00%          0.00%               0                   0            dfs_srv_wb2    
    1794       0.00%           0.00%          0.00%               0                   0            dfs_sb_wb2     
    1793       0.00%           0.00%          0.00%               0                   0            dfs_ino_wb2    
    1792       0.00%           0.00%          0.00%               0                   0            share_item_time
    1791       0.00%           0.00%          0.00%               0                   0            dfs_srv_wb1    
    1790       0.00%           0.00%          0.00%               0                   0            dfs_sb_wb1     
    1789       0.00%           0.00%          0.00%               0                   0            dfs_ino_wb1    
    1788       0.00%           0.00%          0.00%               0                   0            share_item_time
    1601       0.00%           0.00%          0.00%               0                   0            psimon         
    1370       0.00%           0.00%          0.00%            1923                  26            dcm_service    
    1369       0.00%           0.00%          0.00%            2463                  56            asset_service  
    1346       0.00%           0.00%          0.00%            1194                 262            com.huawei.hmos.location
    1340       0.00%           0.00%          0.00%            2741                 624            com.huawei.hmsapp.samplemanagement
    1327       0.00%           0.00%          0.00%            2833                 656            com.huawei.emulatormultiscreen
    1323       0.00%           0.00%          0.00%            2290                  33            nwebspawn      
    1193       0.00%           0.00%          0.00%             794                  17            location_host  
    1146       0.00%           0.00%          0.00%            1813                  37            wpa_host       
    1020       0.00%           0.00%          0.00%            8473                1101            locationhub    
    981        0.00%           0.00%          0.00%            3988                 750            deviceprofile  
    835        0.00%           0.00%          0.00%            4062                 102            accountmgr     
    815        0.00%           0.00%          0.00%            1956                  35            aps_manager    
    813        0.00%           0.00%          0.00%            4017                  89            av_session     
    792        0.00%           0.00%          0.00%            2585                  27            client_cloud_cache_service
    762        0.00%           0.00%          0.00%             465                   3            data_monitor_service
    729        0.00%           0.00%          0.00%          134713               59236            render_service 
    728        0.00%           0.00%          0.00%            5259                 169            hianalytics    
    716        0.00%           0.00%          0.00%            4146                 811            huawei_id_svc  
    697        0.00%           0.00%          0.00%           21155                  37            inputmethod_service
    681        0.00%           0.00%          0.00%            1993                  14            media_monitor  
    664        0.00%           0.00%          0.00%            9873                 297            media_service  
    636        0.00%           0.00%          0.00%            1482                  56            privacy_service
    617        0.00%           0.00%          0.00%            1154                   9            av_codec_service
    613        0.00%           0.00%          0.00%            1160                  10            pin_auth_host  
    581        0.00%           0.00%          0.00%            1659                   9            ui_service     
    561        0.00%           0.00%          0.00%            1042                   7            allocator_host 
    559        0.00%           0.00%          0.00%             770                   7            blue_host      
    558        0.00%           0.00%          0.00%             702                   4            usb_host       
    551        0.00%           0.00%          0.00%            1184                  39            wifi_host      
    545        0.00%           0.00%          0.00%             927                  35            audio_host     
    534        0.00%           0.00%          0.00%            1354                  41            camera_host    
    517        0.00%           0.00%          0.00%             649                   0            input_user_host
    498        0.00%           0.00%          0.00%             772                   7            vibrator_host  
    495        0.00%           0.00%          0.00%             773                   6            light_host     
    458        0.00%           0.00%          0.00%            3198                 683            device_manager 
    428        0.00%           0.00%          0.00%             865                  10            codec_host     
    423        0.00%           0.00%          0.00%             807                   9            face_auth_host 
    422        0.00%           0.00%          0.00%            1170                  25            user_auth_host 
    417        0.00%           0.00%          0.00%             755                  15            fingerprint_auth_host
    363        0.00%           0.00%          0.00%           15763                1968            push_manager_service
    360        0.00%           0.00%          0.00%            7352                1089            msdp           
    314        0.00%           0.00%          0.00%            3753                 766            wallpaper_service
    313        0.00%           0.00%          0.00%           14086                2039            telephony      
    254        0.00%           0.00%          0.00%            1918                  25            resource_schedule_executor
    233        0.00%           0.00%          0.00%            4702                  39            memmgrservice  
    226        0.00%           0.00%          0.00%            3280                  45            huks_service   
    203        0.00%           0.00%          0.00%            1650                  23            dlp_credential_service_sa
    195        0.00%           0.00%          0.00%             812                   4            concurrent_task_service
    194        0.00%           0.00%          0.00%            6671                 342            audio_server   
    186        0.00%           0.00%          0.00%            9115                1246            accessibility  
    136        0.00%           0.00%          0.00%            3090                 348            QemuParams     
    135        0.00%           0.00%          0.00%           51499                4666            appspawn       
    133        0.00%           0.00%          0.00%             782                  13            hdf_devmgr     
    128        0.00%           0.00%          0.00%            1236                   7            param_watcher  
    123        0.00%           0.00%          0.00%            2284                  77            storage_daemon 
    122        0.00%           0.00%          0.00%            1716                  30            storage_manager
    107        0.00%           0.00%          0.00%             618                  17            faultloggerd   
    100        0.00%           0.00%          0.00%            1408                   4            ueventd        
    98         0.00%           0.00%          0.00%               0                   0            ext4-rsv-conver
    93         0.00%           0.00%          0.00%               0                   0            ext4-rsv-conver
    92         0.00%           0.00%          0.00%               0                   0            ext4-rsv-conver
    91         0.00%           0.00%          0.00%               0                   0            ext4-rsv-conver
    85         0.00%           0.00%          0.00%               0                   0            cache_freed    
    83         0.00%           0.00%          0.00%               0                   0            ipv6_addrconf  
    82         0.00%           0.00%          0.00%               0                   0            kworker/0:1H-kblockd
    80         0.00%           0.00%          0.00%               0                   0            ion_system_heap
    77         0.00%           0.00%          0.00%               0                   0            scsi_tmf_1     
    76         0.00%           0.00%          0.00%               0                   0            scsi_eh_1      
    75         0.00%           0.00%          0.00%               0                   0            scsi_tmf_0     
    74         0.00%           0.00%          0.00%               0                   0            scsi_eh_0      
    73         0.00%           0.00%          0.00%               0                   0            kworker/2:1H-kblockd
    71         0.00%           0.00%          0.00%               0                   0            nfsiod         
    70         0.00%           0.00%          0.00%               0                   0            zswapd0        
    68         0.00%           0.00%          0.00%               0                   0            kswapd0        
    67         0.00%           0.00%          0.00%               0                   0            cfg80211       
    66         0.00%           0.00%          0.00%               0                   0            xprtiod        
    65         0.00%           0.00%          0.00%               0                   0            kworker/u9:0   
    64         0.00%           0.00%          0.00%               0                   0            rpciod         
    63         0.00%           0.00%          0.00%               0                   0            kworker/1:1H-kblockd
    62         0.00%           0.00%          0.00%               0                   0            ata_sff        
    61         0.00%           0.00%          0.00%               0                   0            kblockd        
    46         0.00%           0.00%          0.00%               0                   0            kworker/2:1-events
    34         0.00%           0.00%          0.00%               0                   0            writeback      
    33         0.00%           0.00%          0.00%               0                   0            oom_reaper     
    29         0.00%           0.00%          0.00%               0                   0            netns          
    28         0.00%           0.00%          0.00%               0                   0            kdevtmpfs      
    27         0.00%           0.00%          0.00%               0                   0            kworker/3:0H-events_highpri
    24         0.00%           0.00%          0.00%               0                   0            migration/3    
    23         0.00%           0.00%          0.00%               0                   0            cpuhp/3        
    22         0.00%           0.00%          0.00%               0                   0            kworker/2:0H-kblockd
    20         0.00%           0.00%          0.00%               0                   0            ksoftirqd/2    
    19         0.00%           0.00%          0.00%               0                   0            migration/2    
    18         0.00%           0.00%          0.00%               0                   0            cpuhp/2        
    17         0.00%           0.00%          0.00%               0                   0            kworker/1:0H-events_highpri
    15         0.00%           0.00%          0.00%               0                   0            ksoftirqd/1    
    14         0.00%           0.00%          0.00%               0                   0            migration/1    
    13         0.00%           0.00%          0.00%               0                   0            cpuhp/1        
    12         0.00%           0.00%          0.00%               0                   0            cpuhp/0        
    11         0.00%           0.00%          0.00%               0                   0            migration/0    
    9          0.00%           0.00%          0.00%               0                   0            ksoftirqd/0    
    8          0.00%           0.00%          0.00%               0                   0            mm_percpu_wq   
    6          0.00%           0.00%          0.00%               0                   0            kworker/0:0H-events_highpri
    4          0.00%           0.00%          0.00%               0                   0            rcu_par_gp     
    3          0.00%           0.00%          0.00%               0                   0            rcu_gp         
    2          0.00%           0.00%          0.00%               0                   0            kthreadd       
catcher cmd: hidumper --cpuusage end time: 2026/09/19-13:51:04:367
---------------------------------------------------

---------------------------------------------------
CpuCoreInfoCatcher -- start time: 2026/09/19-13:51:04:367

CpuCoreInfoCatcher --

cpu, userUsage=0.184697

cpu0, userUsage=0.243446

cpu1, userUsage=0.049342

cpu2, userUsage=0.202020

cpu3, userUsage=0.253731

cpu0, cpuFreq=0, minFreq=0, maxFreq=0

cpu1, cpuFreq=0, minFreq=0, maxFreq=0

cpu2, cpuFreq=0, minFreq=0, maxFreq=0

cpu3, cpuFreq=0, minFreq=0, maxFreq=0

---------------------------------------------------
collect StabilityGetTempFreqInfo start time: 2026/09/19-13:51:04:373

Freq: bigCur: , bigMax: , midCur: , midMax: , litCur: , litMax: 
IPA: 

collect StabilityGetTempFreqInfo end time: 2026/09/19-13:51:04:373
---------------------------------------------------
CpuCoreInfoCatcher -- end time: 2026/09/19-13:51:04:373
---------------------------------------------------

---------------------------------------------------
MemoryCatcher -- start time: 2026/09/19-13:51:04:373

MemoryCatcher --

Get freeze memory start time: 2026-09-19 13:51:03.433
some avg10=0.00 avg60=0.00 avg300=0.00 total=3234337
full avg10=0.00 avg60=0.00 avg300=0.00 total=712795
MemTotal:        4025340 kB
MemFree:         2074580 kB
MemAvailable:    2716528 kB
Buffers:            7464 kB
Cached:           671012 kB
SwapCached:        27200 kB
Active:           558900 kB
Inactive:         994208 kB
Active(anon):      64032 kB
Inactive(anon):   826660 kB
Active(file):     494868 kB
Inactive(file):   167548 kB
Unevictable:           0 kB
Mlocked:               0 kB
SwapTotal:       2097148 kB
SwapFree:        1891580 kB
Dirty:               124 kB
Writeback:             0 kB
AnonPages:        863040 kB
Mapped:           331728 kB
Shmem:             16060 kB
KReclaimable:      45604 kB
Slab:             122688 kB
SReclaimable:      45604 kB
SUnreclaim:        77084 kB
KernelStack:       19328 kB
PageTables:        35944 kB
NFS_Unstable:          0 kB
Bounce:                0 kB
WritebackTmp:          0 kB
CommitLimit:     4109816 kB
Committed_AS:   26665880 kB
VmallocTotal:   34359738367 kB
VmallocUsed:       90128 kB
VmallocChunk:          0 kB
Percpu:             1440 kB
DirectMap4k:       24388 kB
DirectMap2M:     4169728 kB
Get freeze memory end time: 2026-09-19 13:51:03.433
don't collect ashmem dmaheap gpumem
MemoryCatcher -- end time: 2026/09/19-13:51:04:378
---------------------------------------------------

---------------------------------------------------
catcher cmd: hidumper -s 1910 -a DumpAppMap start time: 2026/09/19-13:51:04:378

catcher cmd: hidumper -s 1910 -a DumpAppMap 
catcher cmd: hidumper -s 1910 -a DumpAppMap end time: 2026/09/19-13:51:04:391
---------------------------------------------------

---------------------------------------------------
ThermalInfoCatcher -- start time: 2026/09/19-13:51:04:391

ThermalInfoCatcher --

ThermalLevel info: 0
ThermalInfoCatcher -- end time: 2026/09/19-13:51:04:397
---------------------------------------------------

---------------------------------------------------
SummaryLogInfoCatcher -- start time: 2026/09/19-13:51:04:397

SummaryLogInfoCatcher --

SummaryLogInfoCatcher -- end time: 2026/09/19-13:51:04:402
---------------------------------------------------


Catcher log total time is 881ms
