Generated by HiviewDFX@OpenHarmony
================================================================
Device info:emulator
Build info:emulator 7.0.0.106(SP1DEVC00E999R4P11)
DeviceDebuggable:No
Fingerprint:fb71c31c43889a13df9a275968a85d6ce2a30f14b2f79ae5888e7680803700f1
Module name:com.example.callaite
ReleaseType:debug
CpuAbi:x86_64
Version:1.0.0
VersionCode:1000000
IsSystemApp:No
PreInstalled:No
Foreground:Yes
Pid:4710
Uid:20020063
App running unique id:686275053091739199
Process life time:47s
Process Memory(kB): 203516(Rss)
Device Memory(kB): Total 4025340, Free 2113264, Available 2739668
Reason:THREAD_BLOCK_6S
appfreeze: com.example.callaite THREAD_BLOCK_6S at 20260919151126
DisplayPowerInfo:powerState:UNKNOWN
Page switch history:
  15:11:10.833 :enters foreground
>>>>>>>>>>>>>>>>>>>>>>>>>>>>>>>>>>>>>>>>>>>
DOMAIN:AAFWK
STRINGID:THREAD_BLOCK_6S
TIMESTAMP:2026/09/19-15:11:26:645
PID:4710
UID:20020063
PACKAGE_NAME:com.example.callaite
PROCESS_NAME:com.example.callaite

*******************************************
start time: 2026/09/19-15:11:23:675
DOMAIN = AAFWK
EVENTNAME = THREAD_BLOCK_3S
TIMESTAMP = 2026/09/19-15:11:23:673
PID = 4710
UID = 20020063
TID = 4710
PACKAGE_NAME = com.example.callaite
PROCESS_NAME = com.example.callaite
eventLog_action = ffrt,t,GpuStack,cmd:m,hot
eventLog_interval = 10
this thread has blocked 3000ms.
IS_FROZEN = 0
MainHeap(bytes): Used 13805672, Total 16515072
SharedHeap(bytes): Used 850464, Total 815792128
GC Status: count 452, maxPause 34.155ms, minPause 0.382ms, averagePause 1.27765ms, lastStartTime 2026/09/19-15:11:23.535, lastEndTime 2026/09/19-15:11:23.535, lastType Local GC
I/O(bytes): rchar 1269160, wchar 59694, syscr 312, syscw 623, read_bytes 0, write_bytes 69632, cancelled_write_bytes 32768
MSG = 
Fault time:2026/09/19-15:11:23
App main thread is not response!

Main handler dump start time: 2026-09-19 15:11:23.540
mainHandler dump is:
 EventHandler dump begin curTime: 2026-09-19 15:11:23.540
 Event runner (Thread name = , Thread ID = 4710) is running
 Current Running: start at 2026-09-19 15:11:11.021, Event { send thread = 4710, send time = 2026-09-19 15:11:11.021, handle time = 2026-11-08 08:13:58.315, trigger time = 2026-09-19 15:11:11.021, task name = vSyncTask, caller = [event_queue.cpp(PostTaskForVsync:235)] }
 History event queue information:
 No. 0 : Event { send thread = 4710, send time = 2026-09-19 15:11:10.914, handle time = 2026-09-19 15:11:10.914, trigger time = 2026-09-19 15:11:11.021, completeTime time = 2026-09-19 15:11:11.021, priority = Low, task name = ArkUISetSingleHandTransform, caller = [task_runner_adapter_impl.cpp(PostTask:35)] }
 No. 1 : Event { send thread = 4710, send time = 2026-09-19 15:11:10.914, handle time = 2026-09-19 15:11:10.914, trigger time = 2026-09-19 15:11:11.021, completeTime time = 2026-09-19 15:11:11.021, priority = Low, task name = ArkUIStatusBarItemColor, caller = [task_runner_adapter_impl.cpp(PostTask:35)] }
 No. 2 : Event { send thread = 4710, send time = 2026-09-19 15:11:10.914, handle time = 2026-09-19 15:11:10.914, trigger time = 2026-09-19 15:11:11.021, completeTime time = 2026-09-19 15:11:11.021, priority = Low, task name = ArkUINotifyWindowMode, caller = [task_runner_adapter_impl.cpp(PostTask:35)] }
 No. 3 : Event { send thread = 4710, send time = 2026-09-19 15:11:10.918, handle time = 2026-09-19 15:11:10.918, trigger time = 2026-09-19 15:11:11.021, completeTime time = 2026-09-19 15:11:11.021, priority = Low, task name = ArkUIUpdateBrightness, caller = [task_runner_adapter_impl.cpp(PostTask:35)] }
 No. 4 : Event { send thread = 4710, send time = 2026-09-19 15:11:10.918, handle time = 2026-09-19 15:11:10.918, trigger time = 2026-09-19 15:11:11.021, completeTime time = 2026-09-19 15:11:11.021, priority = Low, task name = ArkUIUpdateViewportConfig, caller = [task_runner_adapter_impl.cpp(PostTask:35)] }
 No. 5 : Event { send thread = 4710, send time = 2026-09-19 15:11:10.918, handle time = 2026-09-19 15:11:10.918, trigger time = 2026-09-19 15:11:11.021, completeTime time = 2026-09-19 15:11:11.021, priority = Low, task name = ArkUIUpdateSessionViewportConfig, caller = [task_runner_adapter_impl.cpp(PostTask:35)] }
 No. 6 : Event { send thread = 4710, send time = 2026-09-19 15:11:10.919, handle time = 2026-09-19 15:11:10.919, trigger time = 2026-09-19 15:11:11.021, completeTime time = 2026-09-19 15:11:11.021, priority = Low, task name = ArkUIWindowRectChange, caller = [task_runner_adapter_impl.cpp(PostTask:35)] }
 No. 7 : Event { send thread = 4710, send time = 2026-09-19 15:11:10.920, handle time = 2026-09-19 15:11:10.920, trigger time = 2026-09-19 15:11:11.021, completeTime time = 2026-09-19 15:11:11.021, priority = Low, task name = ArkUIUpdateOriginAvoidAreaAndExecuteKeyboardAvoid, caller = [task_runner_adapter_impl.cpp(PostTask:35)] }
 No. 8 : Event { send thread = 4710, send time = 2026-09-19 15:11:10.921, handle time = 2026-09-19 15:11:10.921, trigger time = 2026-09-19 15:11:11.021, completeTime time = 2026-09-19 15:11:11.021, priority = Low, task name = ArkUIUpdateOriginAvoidAreaAndExecuteKeyboardAvoid, caller = [task_runner_adapter_impl.cpp(PostTask:35)] }
 No. 9 : Event { send thread = 4710, send time = 2026-09-19 15:11:10.917, handle time = 2026-09-19 15:11:10.968, trigger time = 2026-09-19 15:11:11.021, completeTime time = 2026-09-19 15:11:11.021, priority = Low, task name = ArkUIIdleTask, caller = [task_runner_adapter_impl.cpp(PostDelayedTask:46)] }
 No. 10 : Event { send thread = 4710, send time = 2026-09-19 15:11:11.021, handle time = 2026-11-08 08:13:58.315, trigger time = 2026-09-19 15:11:11.021, completeTime time = , priority = VIP, task name = vSyncTask, caller = [event_queue.cpp(PostTaskForVsync:235)] }
 No. 11 : Event { send thread = 4710, send time = 2026-09-19 15:11:10.832, handle time = 2026-09-19 15:11:10.832, trigger time = 2026-09-19 15:11:10.852, completeTime time = 2026-09-19 15:11:10.852, priority = Immediate, task name = NotifyAfterDidForeground, caller = [window_session_impl.cpp(NotifyAfterDidForeground:6315)] }
 No. 12 : Event { send thread = 4944, send time = 2026-09-19 15:11:10.823, handle time = 2026-09-19 15:11:10.823, trigger time = 2026-09-19 15:11:10.852, completeTime time = 2026-09-19 15:11:10.852, priority = High, task name = convertSymKey, caller = [ohos_js_environment_impl.cpp(PostTaskToHandler:72)] }
 No. 13 : Event { send thread = 4710, send time = 2026-09-19 15:11:10.827, handle time = 2026-09-19 15:11:10.827, trigger time = 2026-09-19 15:11:10.852, completeTime time = 2026-09-19 15:11:10.919, priority = High, task name = OnLoadContent1, caller = [native_event.cpp(SendEventByEventHandler:322)] }
 No. 14 : Event { send thread = 4710, send time = 2026-09-19 15:11:10.858, handle time = 2026-09-19 15:11:10.858, trigger time = 2026-09-19 15:11:10.919, completeTime time = 2026-09-19 15:11:10.919, priority = VIP, task name = UpdateDisplayValid3, caller = [native_event.cpp(SendEventByEventHandler:322)] }
 No. 15 : Event { send thread = 4929, send time = 2026-09-19 15:11:10.781, handle time = 2026-09-19 15:11:10.781, trigger time = 2026-09-19 15:11:10.919, completeTime time = 2026-09-19 15:11:10.920, priority = Low, task name = WMS_WindowSessionImpl_UpdateRectForOtherReason, caller = [window_session_impl.cpp(UpdateRectForOtherReason:1693)] }
 No. 16 : Event { send thread = 4710, send time = 2026-09-19 15:11:10.920, handle time = 2026-09-19 15:11:10.920, trigger time = 2026-09-19 15:11:10.920, completeTime time = 2026-09-19 15:11:10.920, priority = VIP, task name = UpdateDisplayValid4, caller = [native_event.cpp(SendEventByEventHandler:322)] }
 No. 17 : Event { send thread = 4710, send time = 2026-09-19 15:11:10.792, handle time = 2026-09-19 15:11:10.792, trigger time = 2026-09-19 15:11:10.920, completeTime time = 2026-09-19 15:11:10.920, priority = Low, task name = , caller = [multimodal_event_handler.cpp(InitClient:236)] }
 No. 18 : Event { send thread = 4710, send time = 2026-09-19 15:11:10.885, handle time = 2026-09-19 15:11:10.885, trigger time = 2026-09-19 15:11:10.920, completeTime time = 2026-09-19 15:11:10.920, priority = Low, task name = ArkUISetThreadPriority, caller = [task_runner_adapter_impl.cpp(PostTask:35)] }
 No. 19 : Event { send thread = 4710, send time = 2026-09-19 15:11:10.885, handle time = 2026-09-19 15:11:10.885, trigger time = 2026-09-19 15:11:10.920, completeTime time = 2026-09-19 15:11:10.920, priority = Low, task name = ArkUISetThreadPriority, caller = [task_runner_adapter_impl.cpp(PostTask:35)] }
 No. 20 : Event { send thread = 4710, send time = 2026-09-19 15:11:10.885, handle time = 2026-09-19 15:11:10.885, trigger time = 2026-09-19 15:11:10.920, completeTime time = 2026-09-19 15:11:10.920, priority = Low, task name = ArkUIFillTaskTypeTable, caller = [task_runner_adapter_impl.cpp(PostTask:35)] }
 No. 21 : Event { send thread = 4710, send time = 2026-09-19 15:11:10.885, handle time = 2026-09-19 15:11:10.885, trigger time = 2026-09-19 15:11:10.920, completeTime time = 2026-09-19 15:11:10.920, priority = Low, task name = ArkUIFillTaskTypeTable, caller = [task_runner_adapter_impl.cpp(PostTask:35)] }
 No. 22 : Event { send thread = 4710, send time = 2026-09-19 15:11:10.885, handle time = 2026-09-19 15:11:10.885, trigger time = 2026-09-19 15:11:10.920, completeTime time = 2026-09-19 15:11:10.920, priority = Low, task name = ArkUIFillTaskTypeTable, caller = [task_runner_adapter_impl.cpp(PostTask:35)] }
 No. 23 : Event { send thread = 4710, send time = 2026-09-19 15:11:10.885, handle time = 2026-09-19 15:11:10.885, trigger time = 2026-09-19 15:11:10.920, completeTime time = 2026-09-19 15:11:10.920, priority = Low, task name = ArkUIFillTaskTypeTable, caller = [task_runner_adapter_impl.cpp(PostTask:35)] }
 No. 24 : Event { send thread = 4710, send time = 2026-09-19 15:11:10.886, handle time = 2026-09-19 15:11:10.886, trigger time = 2026-09-19 15:11:10.920, completeTime time = 2026-09-19 15:11:10.920, priority = Low, task name = ArkUISetJsMessageDispatcher, caller = [task_runner_adapter_impl.cpp(PostTask:35)] }
 No. 25 : Event { send thread = 4710, send time = 2026-09-19 15:11:10.886, handle time = 2026-09-19 15:11:10.886, trigger time = 2026-09-19 15:11:10.920, completeTime time = 2026-09-19 15:11:10.920, priority = Low, task name = ArkUIPageSwitchLogStatusChanged, caller = [task_runner_adapter_impl.cpp(PostTask:35)] }
 No. 26 : Event { send thread = 4928, send time = 2026-09-19 15:11:10.909, handle time = 2026-09-19 15:11:10.909, trigger time = 2026-09-19 15:11:10.920, completeTime time = 2026-09-19 15:11:10.921, priority = Low, task name = WMS_WindowSessionImpl_UpdateRectForOtherReason, caller = [window_session_impl.cpp(UpdateRectForOtherReason:1693)] }
 No. 27 : Event { send thread = 4710, send time = 2026-09-19 15:11:10.921, handle time = 2026-09-19 15:11:10.921, trigger time = 2026-09-19 15:11:10.921, completeTime time = 2026-09-19 15:11:10.921, priority = VIP, task name = UpdateDisplayValid5, caller = [native_event.cpp(SendEventByEventHandler:322)] }
 No. 28 : Event { send thread = 4710, send time = 2026-09-19 15:11:10.913, handle time = 2026-09-19 15:11:10.913, trigger time = 2026-09-19 15:11:10.921, completeTime time = 2026-09-19 15:11:10.921, priority = Low, task name = ArkUIParseI18nJsonInfo, caller = [task_runner_adapter_impl.cpp(PostTask:35)] }
 No. 29 : Event { send thread = 4710, send time = 2026-09-19 15:11:10.913, handle time = 2026-09-19 15:11:10.913, trigger time = 2026-09-19 15:11:10.921, completeTime time = 2026-09-19 15:11:11.018, priority = Low, task name = ArkUIRunPageUrl, caller = [task_runner_adapter_impl.cpp(PostTask:35)] }
 No. 30 : Event { send thread = 4966, send time = 2026-09-19 15:11:10.991, handle time = 2026-09-19 15:11:10.991, trigger time = 2026-09-19 15:11:11.018, completeTime time = 2026-09-19 15:11:11.019, priority = Immediate, task name = GetBundleInfoForSelf, caller = [ohos_js_environment_impl.cpp(PostTaskToHandler:72)] }
 No. 31 : Event { send thread = 4944, send time = 2026-09-19 15:11:10.965, handle time = 2026-09-19 15:11:10.965, trigger time = 2026-09-19 15:11:11.019, completeTime time = 2026-09-19 15:11:11.021, priority = High, task name = JsWindowManager::OnGetTopWindow, caller = [ohos_js_environment_impl.cpp(PostTaskToHandler:72)] }
 VIP priority event queue information:
 No.1 : Event { send thread = 4930, send time = 2026-09-19 15:11:13.541, handle time = 2026-09-19 15:11:13.541, id = 1, caller = [watchdog.cpp(Timer:303)] }
 No.2 : Event { send thread = 4930, send time = 2026-09-19 15:11:20.540, handle time = 2026-09-19 15:11:20.540, id = 1, caller = [watchdog.cpp(Timer:303)] }
 No.3 : Event { send thread = 4930, send time = 2026-09-19 15:11:23.540, handle time = 2026-09-19 15:11:23.540, id = 1, caller = [watchdog.cpp(Timer:303)] }
 Total size of VIP events : 3
 Immediate priority event queue information:
 Total size of Immediate events : 0
 High priority event queue information:
 No.1 : Event { send thread = 4710, send time = 2026-09-19 15:11:11.021, handle time = 2026-09-19 15:11:11.021, task name = uvLoopTask, caller = [event_queue.cpp(HandleFileDescriptorEvent:313)] }
 Total size of High events : 1
 Low priority event queue information:
 No.1 : Event { send thread = 4710, send time = 2026-09-19 15:11:11.029, handle time = 2026-09-19 15:11:11.080, task name = ArkUIIdleTask, caller = [task_runner_adapter_impl.cpp(PostDelayedTask:46)] }
 No.2 : Event { send thread = 4710, send time = 2026-09-19 15:11:11.029, handle time = 2026-09-19 15:11:11.529, task name = ArkUIVsyncTimeoutCheck, caller = [task_runner_adapter_impl.cpp(PostDelayedTask:46)] }
 No.3 : Event { send thread = 4710, send time = 2026-09-19 15:11:11.029, handle time = 2026-09-19 15:11:11.629, task name = vsync_time_out_task_20229295964161, caller = [vsync_station.cpp(RequestVsync:148)] }
 No.4 : Event { send thread = 4710, send time = 2026-09-19 15:11:10.641, handle time = 2026-09-19 15:11:11.641, task name = AppRecovery:AddAbility, caller = [app_recovery.cpp(AddAbility:133)] }
 No.5 : Event { send thread = 4710, send time = 2026-09-19 15:11:11.029, handle time = 2026-09-19 15:11:14.029, task name = ArkUIVsyncTimeoutCheck, caller = [task_runner_adapter_impl.cpp(PostDelayedTask:46)] }
 No.6 : Event { send thread = 4710, send time = 2026-09-19 15:11:10.962, handle time = 2026-09-19 15:11:15.962, task name = TriggerModuleSerializer, caller = [task_runner_adapter_impl.cpp(PostDelayedTask:46)] }
 Total size of Low events : 6
 Idle priority event queue information:
 No.1 : Event { send thread = 4951, send time = 2026-09-19 15:11:11.138, handle time = 2026-09-19 15:11:11.138, task name = uv_io_cb, caller = [ohos_js_environment_impl.cpp(PostTaskToHandler:72)] }
 No.2 : Event { send thread = 4951, send time = 2026-09-19 15:11:11.379, handle time = 2026-09-19 15:11:11.379, task name = uv_io_cb, caller = [ohos_js_environment_impl.cpp(PostTaskToHandler:72)] }
 Total size of Idle events : 2
 Total event size : 12
Main handler dump end time: 2026-09-19 15:11:23.540

Catche stack trace start time: 2026-09-19 15:11:23.564

Tid:4710, Name:xample.callaite
state=R, utime=1224, stime=63, priority=10, nice=-10, clk=100
#00 pc 00000000010b0025 /system/lib64/module/arkcompiler/stub.an(BCStub_HandleCreateemptyarrayImm8StwCopy+1045)
#01 pc 0000000000000002 Not mapped
Tid:4928, Name:OS_IPC_0_4928
state=S, utime=0, stime=0, priority=0, nice=-20, clk=100
#00 pc 00000000000dc469 /system/lib/ld-musl-x86_64.so.1(ioctl+185)(74178aa6301b8bad2ac9b6d7f2361221)
#01 pc 0000000000010ca7 /system/lib64/platformsdk/libipc_common.z.so(OHOS::BinderConnector::WriteBinder(unsigned long, void*)+55)(ae9fe169bf1f8b0397c31ba1b67e0e94)
#02 pc 000000000007e34d /system/lib64/platformsdk/libipc_single.z.so(OHOS::BinderInvoker::TransactWithDriver(bool)+269)(216555c1ccaa2644568394a99c5a7547)
#03 pc 000000000007e71a /system/lib64/platformsdk/libipc_single.z.so(OHOS::BinderInvoker::StartWorkLoop()+106)(216555c1ccaa2644568394a99c5a7547)
#04 pc 0000000000080c28 /system/lib64/platformsdk/libipc_single.z.so(OHOS::BinderInvoker::JoinThread(bool)+40)(216555c1ccaa2644568394a99c5a7547)
#05 pc 00000000000769f5 /system/lib64/platformsdk/libipc_single.z.so(OHOS::IPCWorkThread::ThreadHandler(void*)+901)(216555c1ccaa2644568394a99c5a7547)
#06 pc 00000000001299e7 /system/lib/ld-musl-x86_64.so.1(74178aa6301b8bad2ac9b6d7f2361221)
#07 pc 0000000000090f8e /system/lib/ld-musl-x86_64.so.1(74178aa6301b8bad2ac9b6d7f2361221)
Tid:4929, Name:OS_IPC_1_4929
state=S, utime=0, stime=0, priority=0, nice=-20, clk=100
#00 pc 00000000000dc46b /system/lib/ld-musl-x86_64.so.1(ioctl+187)(74178aa6301b8bad2ac9b6d7f2361221)
#01 pc 0000000000010ca7 /system/lib64/platformsdk/libipc_common.z.so(OHOS::BinderConnector::WriteBinder(unsigned long, void*)+55)(ae9fe169bf1f8b0397c31ba1b67e0e94)
#02 pc 000000000007e34d /system/lib64/platformsdk/libipc_single.z.so(OHOS::BinderInvoker::TransactWithDriver(bool)+269)(216555c1ccaa2644568394a99c5a7547)
#03 pc 000000000007e71a /system/lib64/platformsdk/libipc_single.z.so(OHOS::BinderInvoker::StartWorkLoop()+106)(216555c1ccaa2644568394a99c5a7547)
#04 pc 0000000000080c28 /system/lib64/platformsdk/libipc_single.z.so(OHOS::BinderInvoker::JoinThread(bool)+40)(216555c1ccaa2644568394a99c5a7547)
#05 pc 00000000000769f5 /system/lib64/platformsdk/libipc_single.z.so(OHOS::IPCWorkThread::ThreadHandler(void*)+901)(216555c1ccaa2644568394a99c5a7547)
#06 pc 00000000001299e7 /system/lib/ld-musl-x86_64.so.1(74178aa6301b8bad2ac9b6d7f2361221)
#07 pc 0000000000090f8e /system/lib/ld-musl-x86_64.so.1(74178aa6301b8bad2ac9b6d7f2361221)
Tid:4930, Name:OS_DfxWatchdog
state=S, utime=0, stime=0, priority=0, nice=-20, clk=100
#00 pc 0000000000125ee9 /system/lib/ld-musl-x86_64.so.1(74178aa6301b8bad2ac9b6d7f2361221)
#01 pc 0000000000127883 /system/lib/ld-musl-x86_64.so.1(pthread_cond_timedwait+195)(74178aa6301b8bad2ac9b6d7f2361221)
#02 pc 00000000000c74e7 /system/lib64/chipset-sdk-sp/libc++.so(std::__h::condition_variable::__do_timed_wait(std::__h::unique_lock<std::__h::mutex>&, std::__h::chrono::time_point<std::__h::chrono::system_clock, std::__h::chrono::duration<long long, std::__h::ratio<1l, 1000000000l>>>)+103)(ca45f3285cb13d8a615c2dcf32305914fbc391ad)
#03 pc 00000000000245a0 /system/lib64/chipset-sdk-sp/libhicollie.z.so(0d0f332b1d543f1b44cdc8747e67264a)
#04 pc 00000000000242a1 /system/lib64/chipset-sdk-sp/libhicollie.z.so(0d0f332b1d543f1b44cdc8747e67264a)
#05 pc 000000000002c17d /system/lib64/chipset-sdk-sp/libhicollie.z.so(0d0f332b1d543f1b44cdc8747e67264a)
#06 pc 00000000001299e7 /system/lib/ld-musl-x86_64.so.1(74178aa6301b8bad2ac9b6d7f2361221)
#07 pc 0000000000090f8e /system/lib/ld-musl-x86_64.so.1(74178aa6301b8bad2ac9b6d7f2361221)
Tid:4932, Name:OS_FFRT_Delay
state=S, utime=0, stime=0, priority=0, nice=-20, clk=100
#00 pc 00000000000b837f /system/lib/ld-musl-x86_64.so.1(epoll_wait+31)(74178aa6301b8bad2ac9b6d7f2361221)
#01 pc 00000000000b2cda /system/lib64/ndk/libffrt.so(6014d53b82cd59820b512f223d249356)
#02 pc 00000000001299e7 /system/lib/ld-musl-x86_64.so.1(74178aa6301b8bad2ac9b6d7f2361221)
#03 pc 0000000000090f8e /system/lib/ld-musl-x86_64.so.1(74178aa6301b8bad2ac9b6d7f2361221)
Tid:4940, Name:OS_IPC_2_4940
state=S, utime=0, stime=0, priority=0, nice=-20, clk=100
#00 pc 00000000000dc46b /system/lib/ld-musl-x86_64.so.1(ioctl+187)(74178aa6301b8bad2ac9b6d7f2361221)
#01 pc 0000000000010ca7 /system/lib64/platformsdk/libipc_common.z.so(OHOS::BinderConnector::WriteBinder(unsigned long, void*)+55)(ae9fe169bf1f8b0397c31ba1b67e0e94)
#02 pc 000000000007e34d /system/lib64/platformsdk/libipc_single.z.so(OHOS::BinderInvoker::TransactWithDriver(bool)+269)(216555c1ccaa2644568394a99c5a7547)
#03 pc 000000000007e71a /system/lib64/platformsdk/libipc_single.z.so(OHOS::BinderInvoker::StartWorkLoop()+106)(216555c1ccaa2644568394a99c5a7547)
#04 pc 0000000000080c28 /system/lib64/platformsdk/libipc_single.z.so(OHOS::BinderInvoker::JoinThread(bool)+40)(216555c1ccaa2644568394a99c5a7547)
#05 pc 00000000000769f5 /system/lib64/platformsdk/libipc_single.z.so(OHOS::IPCWorkThread::ThreadHandler(void*)+901)(216555c1ccaa2644568394a99c5a7547)
#06 pc 00000000001299e7 /system/lib/ld-musl-x86_64.so.1(74178aa6301b8bad2ac9b6d7f2361221)
#07 pc 0000000000090f8e /system/lib/ld-musl-x86_64.so.1(74178aa6301b8bad2ac9b6d7f2361221)
Tid:4941, Name:OS_FFRT_5_0
state=S, utime=0, stime=1, priority=0, nice=-20, clk=100
#00 pc 0000000000125ee9 /system/lib/ld-musl-x86_64.so.1(74178aa6301b8bad2ac9b6d7f2361221)
#01 pc 0000000000127883 /system/lib/ld-musl-x86_64.so.1(pthread_cond_timedwait+195)(74178aa6301b8bad2ac9b6d7f2361221)
#02 pc 00000000000c74e7 /system/lib64/chipset-sdk-sp/libc++.so(std::__h::condition_variable::__do_timed_wait(std::__h::unique_lock<std::__h::mutex>&, std::__h::chrono::time_point<std::__h::chrono::system_clock, std::__h::chrono::duration<long long, std::__h::ratio<1l, 1000000000l>>>)+103)(ca45f3285cb13d8a615c2dcf32305914fbc391ad)
#03 pc 000000000008bcb0 /system/lib64/ndk/libffrt.so(6014d53b82cd59820b512f223d249356)
#04 pc 00000000000760ef /system/lib64/ndk/libffrt.so(6014d53b82cd59820b512f223d249356)
#05 pc 0000000000075eaf /system/lib64/ndk/libffrt.so(6014d53b82cd59820b512f223d249356)
#06 pc 0000000000075d79 /system/lib64/ndk/libffrt.so(6014d53b82cd59820b512f223d249356)
#07 pc 00000000001299e7 /system/lib/ld-musl-x86_64.so.1(74178aa6301b8bad2ac9b6d7f2361221)
#08 pc 0000000000090f8e /system/lib/ld-musl-x86_64.so.1(74178aa6301b8bad2ac9b6d7f2361221)
Tid:4944, Name:OS_FFRT_2_0
state=S, utime=0, stime=2, priority=0, nice=-20, clk=100
#00 pc 0000000000125ee9 /system/lib/ld-musl-x86_64.so.1(74178aa6301b8bad2ac9b6d7f2361221)
#01 pc 0000000000127883 /system/lib/ld-musl-x86_64.so.1(pthread_cond_timedwait+195)(74178aa6301b8bad2ac9b6d7f2361221)
#02 pc 00000000000c74e7 /system/lib64/chipset-sdk-sp/libc++.so(std::__h::condition_variable::__do_timed_wait(std::__h::unique_lock<std::__h::mutex>&, std::__h::chrono::time_point<std::__h::chrono::system_clock, std::__h::chrono::duration<long long, std::__h::ratio<1l, 1000000000l>>>)+103)(ca45f3285cb13d8a615c2dcf32305914fbc391ad)
#03 pc 000000000008bcb0 /system/lib64/ndk/libffrt.so(6014d53b82cd59820b512f223d249356)
#04 pc 00000000000760ef /system/lib64/ndk/libffrt.so(6014d53b82cd59820b512f223d249356)
#05 pc 0000000000075eaf /system/lib64/ndk/libffrt.so(6014d53b82cd59820b512f223d249356)
#06 pc 0000000000075d79 /system/lib64/ndk/libffrt.so(6014d53b82cd59820b512f223d249356)
#07 pc 00000000001299e7 /system/lib/ld-musl-x86_64.so.1(74178aa6301b8bad2ac9b6d7f2361221)
#08 pc 0000000000090f8e /system/lib/ld-musl-x86_64.so.1(74178aa6301b8bad2ac9b6d7f2361221)
Tid:4945, Name:OS_GC_Thread
state=S, utime=0, stime=0, priority=0, nice=-20, clk=100
#00 pc 0000000000125ee9 /system/lib/ld-musl-x86_64.so.1(74178aa6301b8bad2ac9b6d7f2361221)
#01 pc 0000000000127883 /system/lib/ld-musl-x86_64.so.1(pthread_cond_timedwait+195)(74178aa6301b8bad2ac9b6d7f2361221)
#02 pc 00000000009cd4ca /system/lib64/platformsdk/libark_jsruntime.so(3403c0dea7c24e42adea4ee0f5dd2803)
#03 pc 00000000009cd443 /system/lib64/platformsdk/libark_jsruntime.so(3403c0dea7c24e42adea4ee0f5dd2803)
#04 pc 00000000009cd8b5 /system/lib64/platformsdk/libark_jsruntime.so(3403c0dea7c24e42adea4ee0f5dd2803)
#05 pc 00000000001299e7 /system/lib/ld-musl-x86_64.so.1(74178aa6301b8bad2ac9b6d7f2361221)
#06 pc 0000000000090f8e /system/lib/ld-musl-x86_64.so.1(74178aa6301b8bad2ac9b6d7f2361221)
Tid:4946, Name:OS_GC_Thread
state=S, utime=12, stime=7, priority=0, nice=-20, clk=100
#00 pc 0000000000125ee9 /system/lib/ld-musl-x86_64.so.1(74178aa6301b8bad2ac9b6d7f2361221)
#01 pc 0000000000127883 /system/lib/ld-musl-x86_64.so.1(pthread_cond_timedwait+195)(74178aa6301b8bad2ac9b6d7f2361221)
#02 pc 00000000000c7451 /system/lib64/chipset-sdk-sp/libc++.so(std::__h::condition_variable::wait(std::__h::unique_lock<std::__h::mutex>&)+17)(ca45f3285cb13d8a615c2dcf32305914fbc391ad)
#03 pc 0000000000a298fd /system/lib64/platformsdk/libark_jsruntime.so(3403c0dea7c24e42adea4ee0f5dd2803)
#04 pc 0000000000a29475 /system/lib64/platformsdk/libark_jsruntime.so(3403c0dea7c24e42adea4ee0f5dd2803)
#05 pc 0000000000a2955a /system/lib64/platformsdk/libark_jsruntime.so(3403c0dea7c24e42adea4ee0f5dd2803)
#06 pc 00000000001299e7 /system/lib/ld-musl-x86_64.so.1(74178aa6301b8bad2ac9b6d7f2361221)
#07 pc 0000000000090f8e /system/lib/ld-musl-x86_64.so.1(74178aa6301b8bad2ac9b6d7f2361221)
Tid:4947, Name:OS_GC_Thread
state=S, utime=8, stime=14, priority=0, nice=-20, clk=100
#00 pc 0000000000125ee9 /system/lib/ld-musl-x86_64.so.1(74178aa6301b8bad2ac9b6d7f2361221)
#01 pc 0000000000127883 /system/lib/ld-musl-x86_64.so.1(pthread_cond_timedwait+195)(74178aa6301b8bad2ac9b6d7f2361221)
#02 pc 00000000000c7451 /system/lib64/chipset-sdk-sp/libc++.so(std::__h::condition_variable::wait(std::__h::unique_lock<std::__h::mutex>&)+17)(ca45f3285cb13d8a615c2dcf32305914fbc391ad)
#03 pc 0000000000a298fd /system/lib64/platformsdk/libark_jsruntime.so(3403c0dea7c24e42adea4ee0f5dd2803)
#04 pc 0000000000a29475 /system/lib64/platformsdk/libark_jsruntime.so(3403c0dea7c24e42adea4ee0f5dd2803)
#05 pc 0000000000a2955a /system/lib64/platformsdk/libark_jsruntime.so(3403c0dea7c24e42adea4ee0f5dd2803)
#06 pc 00000000001299e7 /system/lib/ld-musl-x86_64.so.1(74178aa6301b8bad2ac9b6d7f2361221)
#07 pc 0000000000090f8e /system/lib/ld-musl-x86_64.so.1(74178aa6301b8bad2ac9b6d7f2361221)
Tid:4948, Name:OS_GC_Thread
state=S, utime=11, stime=9, priority=0, nice=-20, clk=100
#00 pc 0000000000125ee9 /system/lib/ld-musl-x86_64.so.1(74178aa6301b8bad2ac9b6d7f2361221)
#01 pc 0000000000127883 /system/lib/ld-musl-x86_64.so.1(pthread_cond_timedwait+195)(74178aa6301b8bad2ac9b6d7f2361221)
#02 pc 00000000000c7451 /system/lib64/chipset-sdk-sp/libc++.so(std::__h::condition_variable::wait(std::__h::unique_lock<std::__h::mutex>&)+17)(ca45f3285cb13d8a615c2dcf32305914fbc391ad)
#03 pc 0000000000a298fd /system/lib64/platformsdk/libark_jsruntime.so(3403c0dea7c24e42adea4ee0f5dd2803)
#04 pc 0000000000a29475 /system/lib64/platformsdk/libark_jsruntime.so(3403c0dea7c24e42adea4ee0f5dd2803)
#05 pc 0000000000a2955a /system/lib64/platformsdk/libark_jsruntime.so(3403c0dea7c24e42adea4ee0f5dd2803)
#06 pc 00000000001299e7 /system/lib/ld-musl-x86_64.so.1(74178aa6301b8bad2ac9b6d7f2361221)
#07 pc 0000000000090f8e /system/lib/ld-musl-x86_64.so.1(74178aa6301b8bad2ac9b6d7f2361221)
Tid:4949, Name:OS_FFRT_3_0
state=S, utime=6, stime=9, priority=0, nice=-20, clk=100
#00 pc 0000000000125ee9 /system/lib/ld-musl-x86_64.so.1(74178aa6301b8bad2ac9b6d7f2361221)
#01 pc 0000000000127883 /system/lib/ld-musl-x86_64.so.1(pthread_cond_timedwait+195)(74178aa6301b8bad2ac9b6d7f2361221)
#02 pc 00000000000c74e7 /system/lib64/chipset-sdk-sp/libc++.so(std::__h::condition_variable::__do_timed_wait(std::__h::unique_lock<std::__h::mutex>&, std::__h::chrono::time_point<std::__h::chrono::system_clock, std::__h::chrono::duration<long long, std::__h::ratio<1l, 1000000000l>>>)+103)(ca45f3285cb13d8a615c2dcf32305914fbc391ad)
#03 pc 000000000008bcb0 /system/lib64/ndk/libffrt.so(6014d53b82cd59820b512f223d249356)
#04 pc 00000000000760ef /system/lib64/ndk/libffrt.so(6014d53b82cd59820b512f223d249356)
#05 pc 0000000000075eaf /system/lib64/ndk/libffrt.so(6014d53b82cd59820b512f223d249356)
#06 pc 0000000000075d79 /system/lib64/ndk/libffrt.so(6014d53b82cd59820b512f223d249356)
#07 pc 00000000001299e7 /system/lib/ld-musl-x86_64.so.1(74178aa6301b8bad2ac9b6d7f2361221)
#08 pc 0000000000090f8e /system/lib/ld-musl-x86_64.so.1(74178aa6301b8bad2ac9b6d7f2361221)
Tid:4950, Name:OS_hdcRegister
state=S, utime=0, stime=0, priority=0, nice=-20, clk=100
#00 pc 00000000000b837f /system/lib/ld-musl-x86_64.so.1(epoll_wait+31)(74178aa6301b8bad2ac9b6d7f2361221)
#01 pc 000000000000660f /system/lib64/platformsdk/libhdc_register.z.so(Hdc::HdcJdwpSimulator::ReadFromJdwp()+367)(4c41d0541b0381aaf6674e818696d512)
#02 pc 0000000000006ba3 /system/lib64/platformsdk/libhdc_register.z.so(Hdc::HdcJdwpSimulator::Connect()+195)(4c41d0541b0381aaf6674e818696d512)
#03 pc 00000000000052ef /system/lib64/platformsdk/libhdc_register.z.so(Hdc::HdcConnectRun(void*)+559)(4c41d0541b0381aaf6674e818696d512)
#04 pc 00000000001299e7 /system/lib/ld-musl-x86_64.so.1(74178aa6301b8bad2ac9b6d7f2361221)
#05 pc 0000000000090f8e /system/lib/ld-musl-x86_64.so.1(74178aa6301b8bad2ac9b6d7f2361221)
Tid:4951, Name:OS_FFRT_0_0
state=S, utime=0, stime=0, priority=0, nice=-20, clk=100
#00 pc 0000000000125ee9 /system/lib/ld-musl-x86_64.so.1(74178aa6301b8bad2ac9b6d7f2361221)
#01 pc 0000000000127883 /system/lib/ld-musl-x86_64.so.1(pthread_cond_timedwait+195)(74178aa6301b8bad2ac9b6d7f2361221)
#02 pc 00000000000c74e7 /system/lib64/chipset-sdk-sp/libc++.so(std::__h::condition_variable::__do_timed_wait(std::__h::unique_lock<std::__h::mutex>&, std::__h::chrono::time_point<std::__h::chrono::system_clock, std::__h::chrono::duration<long long, std::__h::ratio<1l, 1000000000l>>>)+103)(ca45f3285cb13d8a615c2dcf32305914fbc391ad)
#03 pc 000000000008bcb0 /system/lib64/ndk/libffrt.so(6014d53b82cd59820b512f223d249356)
#04 pc 00000000000760ef /system/lib64/ndk/libffrt.so(6014d53b82cd59820b512f223d249356)
#05 pc 0000000000075eaf /system/lib64/ndk/libffrt.so(6014d53b82cd59820b512f223d249356)
#06 pc 0000000000075d79 /system/lib64/ndk/libffrt.so(6014d53b82cd59820b512f223d249356)
#07 pc 00000000001299e7 /system/lib/ld-musl-x86_64.so.1(74178aa6301b8bad2ac9b6d7f2361221)
#08 pc 0000000000090f8e /system/lib/ld-musl-x86_64.so.1(74178aa6301b8bad2ac9b6d7f2361221)
Tid:4959, Name:sandbox_thread
state=S, utime=0, stime=0, priority=0, nice=-20, clk=100
#00 pc 0000000000125ee9 /system/lib/ld-musl-x86_64.so.1(74178aa6301b8bad2ac9b6d7f2361221)
#01 pc 0000000000127883 /system/lib/ld-musl-x86_64.so.1(pthread_cond_timedwait+195)(74178aa6301b8bad2ac9b6d7f2361221)
#02 pc 00000000000c7451 /system/lib64/chipset-sdk-sp/libc++.so(std::__h::condition_variable::wait(std::__h::unique_lock<std::__h::mutex>&)+17)(ca45f3285cb13d8a615c2dcf32305914fbc391ad)
#03 pc 00000000000086d7 /system/lib64/platformsdk/libsandboxlog.so(15f86dfff1c9aa3778b113b4e1f84fe4)
#04 pc 0000000000009363 /system/lib64/platformsdk/libsandboxlog.so(15f86dfff1c9aa3778b113b4e1f84fe4)
#05 pc 00000000001299e7 /system/lib/ld-musl-x86_64.so.1(74178aa6301b8bad2ac9b6d7f2361221)
#06 pc 0000000000090f8e /system/lib/ld-musl-x86_64.so.1(74178aa6301b8bad2ac9b6d7f2361221)
Tid:4961, Name:xample.callaite
state=S, utime=0, stime=0, priority=0, nice=-20, clk=100
#00 pc 000000000013100d /system/lib/ld-musl-x86_64.so.1(nanosleep+13)(74178aa6301b8bad2ac9b6d7f2361221)
#01 pc 00000000000d9b9a /system/lib64/chipset-sdk-sp/libc++.so(std::__h::this_thread::sleep_for(std::__h::chrono::duration<long long, std::__h::ratio<1l, 1000000000l>> const&)+90)(ca45f3285cb13d8a615c2dcf32305914fbc391ad)
#02 pc 0000000000015f52 /system/lib64/platformsdk/libhistogram.z.so(bcaef44ffc0c920a27140798ab5f7654)
#03 pc 00000000001299e7 /system/lib/ld-musl-x86_64.so.1(74178aa6301b8bad2ac9b6d7f2361221)
#04 pc 0000000000090f8e /system/lib/ld-musl-x86_64.so.1(74178aa6301b8bad2ac9b6d7f2361221)
Tid:4962, Name:OS_EVENT_POLL
state=S, utime=0, stime=0, priority=0, nice=-20, clk=100
#00 pc 00000000000b837f /system/lib/ld-musl-x86_64.so.1(epoll_wait+31)(74178aa6301b8bad2ac9b6d7f2361221)
#01 pc 000000000001a0fc /system/lib64/chipset-sdk-sp/libeventhandler.z.so(d20098a20e88abe540f8f998e7a8bdcc)
#02 pc 000000000001b2e6 /system/lib64/chipset-sdk-sp/libeventhandler.z.so(d20098a20e88abe540f8f998e7a8bdcc)
#03 pc 00000000001299e7 /system/lib/ld-musl-x86_64.so.1(74178aa6301b8bad2ac9b6d7f2361221)
#04 pc 0000000000090f8e /system/lib/ld-musl-x86_64.so.1(74178aa6301b8bad2ac9b6d7f2361221)
Tid:4964, Name:OS_FFRT_3_2
state=S, utime=0, stime=0, priority=0, nice=-20, clk=100
#00 pc 0000000000125ee9 /system/lib/ld-musl-x86_64.so.1(74178aa6301b8bad2ac9b6d7f2361221)
#01 pc 0000000000127883 /system/lib/ld-musl-x86_64.so.1(pthread_cond_timedwait+195)(74178aa6301b8bad2ac9b6d7f2361221)
#02 pc 00000000000c74e7 /system/lib64/chipset-sdk-sp/libc++.so(std::__h::condition_variable::__do_timed_wait(std::__h::unique_lock<std::__h::mutex>&, std::__h::chrono::time_point<std::__h::chrono::system_clock, std::__h::chrono::duration<long long, std::__h::ratio<1l, 1000000000l>>>)+103)(ca45f3285cb13d8a615c2dcf32305914fbc391ad)
#03 pc 000000000008bcb0 /system/lib64/ndk/libffrt.so(6014d53b82cd59820b512f223d249356)
#04 pc 00000000000760ef /system/lib64/ndk/libffrt.so(6014d53b82cd59820b512f223d249356)
#05 pc 0000000000075eaf /system/lib64/ndk/libffrt.so(6014d53b82cd59820b512f223d249356)
#06 pc 0000000000075d79 /system/lib64/ndk/libffrt.so(6014d53b82cd59820b512f223d249356)
#07 pc 00000000001299e7 /system/lib/ld-musl-x86_64.so.1(74178aa6301b8bad2ac9b6d7f2361221)
#08 pc 0000000000090f8e /system/lib/ld-musl-x86_64.so.1(74178aa6301b8bad2ac9b6d7f2361221)
Tid:4965, Name:OS_FFRT_3_1
state=S, utime=0, stime=0, priority=0, nice=-20, clk=100
#00 pc 0000000000125ee9 /system/lib/ld-musl-x86_64.so.1(74178aa6301b8bad2ac9b6d7f2361221)
#01 pc 0000000000127883 /system/lib/ld-musl-x86_64.so.1(pthread_cond_timedwait+195)(74178aa6301b8bad2ac9b6d7f2361221)
#02 pc 00000000000c74e7 /system/lib64/chipset-sdk-sp/libc++.so(std::__h::condition_variable::__do_timed_wait(std::__h::unique_lock<std::__h::mutex>&, std::__h::chrono::time_point<std::__h::chrono::system_clock, std::__h::chrono::duration<long long, std::__h::ratio<1l, 1000000000l>>>)+103)(ca45f3285cb13d8a615c2dcf32305914fbc391ad)
#03 pc 000000000008bcb0 /system/lib64/ndk/libffrt.so(6014d53b82cd59820b512f223d249356)
#04 pc 00000000000760ef /system/lib64/ndk/libffrt.so(6014d53b82cd59820b512f223d249356)
#05 pc 0000000000075eaf /system/lib64/ndk/libffrt.so(6014d53b82cd59820b512f223d249356)
#06 pc 0000000000075d79 /system/lib64/ndk/libffrt.so(6014d53b82cd59820b512f223d249356)
#07 pc 00000000001299e7 /system/lib/ld-musl-x86_64.so.1(74178aa6301b8bad2ac9b6d7f2361221)
#08 pc 0000000000090f8e /system/lib/ld-musl-x86_64.so.1(74178aa6301b8bad2ac9b6d7f2361221)
Tid:4966, Name:OS_FFRT_3_3
state=S, utime=0, stime=0, priority=0, nice=-20, clk=100
#00 pc 0000000000125ee9 /system/lib/ld-musl-x86_64.so.1(74178aa6301b8bad2ac9b6d7f2361221)
#01 pc 0000000000127883 /system/lib/ld-musl-x86_64.so.1(pthread_cond_timedwait+195)(74178aa6301b8bad2ac9b6d7f2361221)
#02 pc 00000000000c74e7 /system/lib64/chipset-sdk-sp/libc++.so(std::__h::condition_variable::__do_timed_wait(std::__h::unique_lock<std::__h::mutex>&, std::__h::chrono::time_point<std::__h::chrono::system_clock, std::__h::chrono::duration<long long, std::__h::ratio<1l, 1000000000l>>>)+103)(ca45f3285cb13d8a615c2dcf32305914fbc391ad)
#03 pc 000000000008bcb0 /system/lib64/ndk/libffrt.so(6014d53b82cd59820b512f223d249356)
#04 pc 00000000000760ef /system/lib64/ndk/libffrt.so(6014d53b82cd59820b512f223d249356)
#05 pc 0000000000075eaf /system/lib64/ndk/libffrt.so(6014d53b82cd59820b512f223d249356)
#06 pc 0000000000075d79 /system/lib64/ndk/libffrt.so(6014d53b82cd59820b512f223d249356)
#07 pc 00000000001299e7 /system/lib/ld-musl-x86_64.so.1(74178aa6301b8bad2ac9b6d7f2361221)
#08 pc 0000000000090f8e /system/lib/ld-musl-x86_64.so.1(74178aa6301b8bad2ac9b6d7f2361221)
Tid:4968, Name:OS_MainDisplayS
state=S, utime=0, stime=0, priority=0, nice=-20, clk=100
#00 pc 00000000000b837f /system/lib/ld-musl-x86_64.so.1(epoll_wait+31)(74178aa6301b8bad2ac9b6d7f2361221)
#01 pc 000000000001ceee /system/lib64/chipset-sdk-sp/libeventhandler.z.so(d20098a20e88abe540f8f998e7a8bdcc)
#02 pc 00000000000230bf /system/lib64/chipset-sdk-sp/libeventhandler.z.so(OHOS::AppExecFwk::EventQueue::WaitUntilLocked(std::__h::chrono::time_point<std::__h::chrono::steady_clock, std::__h::chrono::duration<long long, std::__h::ratio<1l, 1000000000l>>> const&, OHOS::AppExecFwk::UniqueLockBase&, bool)+79)(d20098a20e88abe540f8f998e7a8bdcc)
#03 pc 00000000000282df /system/lib64/chipset-sdk-sp/libeventhandler.z.so(OHOS::AppExecFwk::EventQueueBase::GetEvent()+207)(d20098a20e88abe540f8f998e7a8bdcc)
#04 pc 0000000000033985 /system/lib64/chipset-sdk-sp/libeventhandler.z.so(d20098a20e88abe540f8f998e7a8bdcc)
#05 pc 0000000000030352 /system/lib64/chipset-sdk-sp/libeventhandler.z.so(d20098a20e88abe540f8f998e7a8bdcc)
#06 pc 00000000000357c3 /system/lib64/chipset-sdk-sp/libeventhandler.z.so(d20098a20e88abe540f8f998e7a8bdcc)
#07 pc 00000000001299e7 /system/lib/ld-musl-x86_64.so.1(74178aa6301b8bad2ac9b6d7f2361221)
#08 pc 0000000000090f8e /system/lib/ld-musl-x86_64.so.1(74178aa6301b8bad2ac9b6d7f2361221)
Tid:4969, Name:OS_IPC_3_4969
state=S, utime=0, stime=0, priority=0, nice=-20, clk=100
#00 pc 00000000000dc46b /system/lib/ld-musl-x86_64.so.1(ioctl+187)(74178aa6301b8bad2ac9b6d7f2361221)
#01 pc 0000000000010ca7 /system/lib64/platformsdk/libipc_common.z.so(OHOS::BinderConnector::WriteBinder(unsigned long, void*)+55)(ae9fe169bf1f8b0397c31ba1b67e0e94)
#02 pc 000000000007e34d /system/lib64/platformsdk/libipc_single.z.so(OHOS::BinderInvoker::TransactWithDriver(bool)+269)(216555c1ccaa2644568394a99c5a7547)
#03 pc 000000000007e71a /system/lib64/platformsdk/libipc_single.z.so(OHOS::BinderInvoker::StartWorkLoop()+106)(216555c1ccaa2644568394a99c5a7547)
#04 pc 0000000000080c28 /system/lib64/platformsdk/libipc_single.z.so(OHOS::BinderInvoker::JoinThread(bool)+40)(216555c1ccaa2644568394a99c5a7547)
#05 pc 00000000000769f5 /system/lib64/platformsdk/libipc_single.z.so(OHOS::IPCWorkThread::ThreadHandler(void*)+901)(216555c1ccaa2644568394a99c5a7547)
#06 pc 00000000001299e7 /system/lib/ld-musl-x86_64.so.1(74178aa6301b8bad2ac9b6d7f2361221)
#07 pc 0000000000090f8e /system/lib/ld-musl-x86_64.so.1(74178aa6301b8bad2ac9b6d7f2361221)
Tid:4970, Name:ace.bg.1
state=S, utime=0, stime=0, priority=0, nice=-20, clk=100
#00 pc 0000000000125ee9 /system/lib/ld-musl-x86_64.so.1(74178aa6301b8bad2ac9b6d7f2361221)
#01 pc 0000000000127883 /system/lib/ld-musl-x86_64.so.1(pthread_cond_timedwait+195)(74178aa6301b8bad2ac9b6d7f2361221)
#02 pc 00000000000c7451 /system/lib64/chipset-sdk-sp/libc++.so(std::__h::condition_variable::wait(std::__h::unique_lock<std::__h::mutex>&)+17)(ca45f3285cb13d8a615c2dcf32305914fbc391ad)
#03 pc 000000000148ac32 /system/lib64/platformsdk/libace_compatible.z.so(cb476043f6fb29150d891bc788a45885)
#04 pc 000000000148afa2 /system/lib64/platformsdk/libace_compatible.z.so(cb476043f6fb29150d891bc788a45885)
#05 pc 00000000001299e7 /system/lib/ld-musl-x86_64.so.1(74178aa6301b8bad2ac9b6d7f2361221)
#06 pc 0000000000090f8e /system/lib/ld-musl-x86_64.so.1(74178aa6301b8bad2ac9b6d7f2361221)
Tid:4971, Name:ace.bg.2
state=S, utime=0, stime=0, priority=0, nice=-20, clk=100
#00 pc 0000000000125ee9 /system/lib/ld-musl-x86_64.so.1(74178aa6301b8bad2ac9b6d7f2361221)
#01 pc 0000000000127883 /system/lib/ld-musl-x86_64.so.1(pthread_cond_timedwait+195)(74178aa6301b8bad2ac9b6d7f2361221)
#02 pc 00000000000c7451 /system/lib64/chipset-sdk-sp/libc++.so(std::__h::condition_variable::wait(std::__h::unique_lock<std::__h::mutex>&)+17)(ca45f3285cb13d8a615c2dcf32305914fbc391ad)
#03 pc 000000000148ac32 /system/lib64/platformsdk/libace_compatible.z.so(cb476043f6fb29150d891bc788a45885)
#04 pc 000000000148afa2 /system/lib64/platformsdk/libace_compatible.z.so(cb476043f6fb29150d891bc788a45885)
#05 pc 00000000001299e7 /system/lib/ld-musl-x86_64.so.1(74178aa6301b8bad2ac9b6d7f2361221)
#06 pc 0000000000090f8e /system/lib/ld-musl-x86_64.so.1(74178aa6301b8bad2ac9b6d7f2361221)
Tid:4972, Name:ace.bg.3
state=S, utime=0, stime=0, priority=0, nice=-20, clk=100
#00 pc 0000000000125ee9 /system/lib/ld-musl-x86_64.so.1(74178aa6301b8bad2ac9b6d7f2361221)
#01 pc 0000000000127883 /system/lib/ld-musl-x86_64.so.1(pthread_cond_timedwait+195)(74178aa6301b8bad2ac9b6d7f2361221)
#02 pc 00000000000c7451 /system/lib64/chipset-sdk-sp/libc++.so(std::__h::condition_variable::wait(std::__h::unique_lock<std::__h::mutex>&)+17)(ca45f3285cb13d8a615c2dcf32305914fbc391ad)
#03 pc 000000000148ac32 /system/lib64/platformsdk/libace_compatible.z.so(cb476043f6fb29150d891bc788a45885)
#04 pc 000000000148afa2 /system/lib64/platformsdk/libace_compatible.z.so(cb476043f6fb29150d891bc788a45885)
#05 pc 00000000001299e7 /system/lib/ld-musl-x86_64.so.1(74178aa6301b8bad2ac9b6d7f2361221)
#06 pc 0000000000090f8e /system/lib/ld-musl-x86_64.so.1(74178aa6301b8bad2ac9b6d7f2361221)
Tid:4973, Name:ace.bg.4
state=S, utime=0, stime=0, priority=0, nice=-20, clk=100
#00 pc 0000000000125ee9 /system/lib/ld-musl-x86_64.so.1(74178aa6301b8bad2ac9b6d7f2361221)
#01 pc 0000000000127883 /system/lib/ld-musl-x86_64.so.1(pthread_cond_timedwait+195)(74178aa6301b8bad2ac9b6d7f2361221)
#02 pc 00000000000c7451 /system/lib64/chipset-sdk-sp/libc++.so(std::__h::condition_variable::wait(std::__h::unique_lock<std::__h::mutex>&)+17)(ca45f3285cb13d8a615c2dcf32305914fbc391ad)
#03 pc 000000000148ac32 /system/lib64/platformsdk/libace_compatible.z.so(cb476043f6fb29150d891bc788a45885)
#04 pc 000000000148afa2 /system/lib64/platformsdk/libace_compatible.z.so(cb476043f6fb29150d891bc788a45885)
#05 pc 00000000001299e7 /system/lib/ld-musl-x86_64.so.1(74178aa6301b8bad2ac9b6d7f2361221)
#06 pc 0000000000090f8e /system/lib/ld-musl-x86_64.so.1(74178aa6301b8bad2ac9b6d7f2361221)
Tid:4974, Name:ace.bg.5
state=S, utime=0, stime=0, priority=0, nice=-20, clk=100
#00 pc 0000000000125ee9 /system/lib/ld-musl-x86_64.so.1(74178aa6301b8bad2ac9b6d7f2361221)
#01 pc 0000000000127883 /system/lib/ld-musl-x86_64.so.1(pthread_cond_timedwait+195)(74178aa6301b8bad2ac9b6d7f2361221)
#02 pc 00000000000c7451 /system/lib64/chipset-sdk-sp/libc++.so(std::__h::condition_variable::wait(std::__h::unique_lock<std::__h::mutex>&)+17)(ca45f3285cb13d8a615c2dcf32305914fbc391ad)
#03 pc 000000000148ac32 /system/lib64/platformsdk/libace_compatible.z.so(cb476043f6fb29150d891bc788a45885)
#04 pc 000000000148afa2 /system/lib64/platformsdk/libace_compatible.z.so(cb476043f6fb29150d891bc788a45885)
#05 pc 00000000001299e7 /system/lib/ld-musl-x86_64.so.1(74178aa6301b8bad2ac9b6d7f2361221)
#06 pc 0000000000090f8e /system/lib/ld-musl-x86_64.so.1(74178aa6301b8bad2ac9b6d7f2361221)
Tid:4975, Name:ace.bg.6
state=S, utime=0, stime=0, priority=0, nice=-20, clk=100
#00 pc 0000000000125ee9 /system/lib/ld-musl-x86_64.so.1(74178aa6301b8bad2ac9b6d7f2361221)
#01 pc 0000000000127883 /system/lib/ld-musl-x86_64.so.1(pthread_cond_timedwait+195)(74178aa6301b8bad2ac9b6d7f2361221)
#02 pc 00000000000c7451 /system/lib64/chipset-sdk-sp/libc++.so(std::__h::condition_variable::wait(std::__h::unique_lock<std::__h::mutex>&)+17)(ca45f3285cb13d8a615c2dcf32305914fbc391ad)
#03 pc 000000000148ac32 /system/lib64/platformsdk/libace_compatible.z.so(cb476043f6fb29150d891bc788a45885)
#04 pc 000000000148afa2 /system/lib64/platformsdk/libace_compatible.z.so(cb476043f6fb29150d891bc788a45885)
#05 pc 00000000001299e7 /system/lib/ld-musl-x86_64.so.1(74178aa6301b8bad2ac9b6d7f2361221)
#06 pc 0000000000090f8e /system/lib/ld-musl-x86_64.so.1(74178aa6301b8bad2ac9b6d7f2361221)
Tid:4976, Name:ace.bg.7
state=S, utime=0, stime=0, priority=0, nice=-20, clk=100
#00 pc 0000000000125ee9 /system/lib/ld-musl-x86_64.so.1(74178aa6301b8bad2ac9b6d7f2361221)
#01 pc 0000000000127883 /system/lib/ld-musl-x86_64.so.1(pthread_cond_timedwait+195)(74178aa6301b8bad2ac9b6d7f2361221)
#02 pc 00000000000c7451 /system/lib64/chipset-sdk-sp/libc++.so(std::__h::condition_variable::wait(std::__h::unique_lock<std::__h::mutex>&)+17)(ca45f3285cb13d8a615c2dcf32305914fbc391ad)
#03 pc 000000000148ac32 /system/lib64/platformsdk/libace_compatible.z.so(cb476043f6fb29150d891bc788a45885)
#04 pc 000000000148afa2 /system/lib64/platformsdk/libace_compatible.z.so(cb476043f6fb29150d891bc788a45885)
#05 pc 00000000001299e7 /system/lib/ld-musl-x86_64.so.1(74178aa6301b8bad2ac9b6d7f2361221)
#06 pc 0000000000090f8e /system/lib/ld-musl-x86_64.so.1(74178aa6301b8bad2ac9b6d7f2361221)
Tid:4977, Name:ace.bg.8
state=S, utime=0, stime=0, priority=0, nice=-20, clk=100
#00 pc 0000000000125ee9 /system/lib/ld-musl-x86_64.so.1(74178aa6301b8bad2ac9b6d7f2361221)
#01 pc 0000000000127883 /system/lib/ld-musl-x86_64.so.1(pthread_cond_timedwait+195)(74178aa6301b8bad2ac9b6d7f2361221)
#02 pc 00000000000c7451 /system/lib64/chipset-sdk-sp/libc++.so(std::__h::condition_variable::wait(std::__h::unique_lock<std::__h::mutex>&)+17)(ca45f3285cb13d8a615c2dcf32305914fbc391ad)
#03 pc 000000000148ac32 /system/lib64/platformsdk/libace_compatible.z.so(cb476043f6fb29150d891bc788a45885)
#04 pc 000000000148afa2 /system/lib64/platformsdk/libace_compatible.z.so(cb476043f6fb29150d891bc788a45885)
#05 pc 00000000001299e7 /system/lib/ld-musl-x86_64.so.1(74178aa6301b8bad2ac9b6d7f2361221)
#06 pc 0000000000090f8e /system/lib/ld-musl-x86_64.so.1(74178aa6301b8bad2ac9b6d7f2361221)
Tid:4979, Name:OS_IPC_4_4979
state=S, utime=0, stime=0, priority=0, nice=-20, clk=100
#00 pc 00000000000dc46b /system/lib/ld-musl-x86_64.so.1(ioctl+187)(74178aa6301b8bad2ac9b6d7f2361221)
#01 pc 0000000000010ca7 /system/lib64/platformsdk/libipc_common.z.so(OHOS::BinderConnector::WriteBinder(unsigned long, void*)+55)(ae9fe169bf1f8b0397c31ba1b67e0e94)
#02 pc 000000000007e34d /system/lib64/platformsdk/libipc_single.z.so(OHOS::BinderInvoker::TransactWithDriver(bool)+269)(216555c1ccaa2644568394a99c5a7547)
#03 pc 000000000007e71a /system/lib64/platformsdk/libipc_single.z.so(OHOS::BinderInvoker::StartWorkLoop()+106)(216555c1ccaa2644568394a99c5a7547)
#04 pc 0000000000080c28 /system/lib64/platformsdk/libipc_single.z.so(OHOS::BinderInvoker::JoinThread(bool)+40)(216555c1ccaa2644568394a99c5a7547)
#05 pc 00000000000769f5 /system/lib64/platformsdk/libipc_single.z.so(OHOS::IPCWorkThread::ThreadHandler(void*)+901)(216555c1ccaa2644568394a99c5a7547)
#06 pc 00000000001299e7 /system/lib/ld-musl-x86_64.so.1(74178aa6301b8bad2ac9b6d7f2361221)
#07 pc 0000000000090f8e /system/lib/ld-musl-x86_64.so.1(74178aa6301b8bad2ac9b6d7f2361221)
Tid:4980, Name:OS_FFRT_5_1
state=S, utime=0, stime=0, priority=0, nice=-20, clk=100
#00 pc 0000000000125ee9 /system/lib/ld-musl-x86_64.so.1(74178aa6301b8bad2ac9b6d7f2361221)
#01 pc 0000000000127883 /system/lib/ld-musl-x86_64.so.1(pthread_cond_timedwait+195)(74178aa6301b8bad2ac9b6d7f2361221)
#02 pc 00000000000c74e7 /system/lib64/chipset-sdk-sp/libc++.so(std::__h::condition_variable::__do_timed_wait(std::__h::unique_lock<std::__h::mutex>&, std::__h::chrono::time_point<std::__h::chrono::system_clock, std::__h::chrono::duration<long long, std::__h::ratio<1l, 1000000000l>>>)+103)(ca45f3285cb13d8a615c2dcf32305914fbc391ad)
#03 pc 000000000008bcb0 /system/lib64/ndk/libffrt.so(6014d53b82cd59820b512f223d249356)
#04 pc 00000000000760ef /system/lib64/ndk/libffrt.so(6014d53b82cd59820b512f223d249356)
#05 pc 0000000000075eaf /system/lib64/ndk/libffrt.so(6014d53b82cd59820b512f223d249356)
#06 pc 0000000000075d79 /system/lib64/ndk/libffrt.so(6014d53b82cd59820b512f223d249356)
#07 pc 00000000001299e7 /system/lib/ld-musl-x86_64.so.1(74178aa6301b8bad2ac9b6d7f2361221)
#08 pc 0000000000090f8e /system/lib/ld-musl-x86_64.so.1(74178aa6301b8bad2ac9b6d7f2361221)

Catche stack trace end time: 2026-09-19 15:11:23.672

Dump main thread stack start time: 2026-09-19 15:11:23.541
Tid:4710, Name:xample.callaite
state=R, utime=1220, stime=61, priority=10, nice=-10, clk=100
#00 pc 000000000076bbae /system/lib64/platformsdk/libark_jsruntime.so(3403c0dea7c24e42adea4ee0f5dd2803)
#01 pc 000000000076b39c /system/lib64/platformsdk/libark_jsruntime.so(3403c0dea7c24e42adea4ee0f5dd2803)
#02 pc 000000000076ad27 /system/lib64/platformsdk/libark_jsruntime.so(3403c0dea7c24e42adea4ee0f5dd2803)
#03 pc 000000000075d9ec /system/lib64/platformsdk/libark_jsruntime.so(3403c0dea7c24e42adea4ee0f5dd2803)
#04 pc 000000000075fd82 /system/lib64/platformsdk/libark_jsruntime.so(3403c0dea7c24e42adea4ee0f5dd2803)
#05 pc 0000000000931170 /system/lib64/platformsdk/libark_jsruntime.so(3403c0dea7c24e42adea4ee0f5dd2803)
#06 pc 00000000009f2548 /system/lib64/platformsdk/libark_jsruntime.so(3403c0dea7c24e42adea4ee0f5dd2803)
#07 pc 000000000124e1b2 /system/lib64/module/arkcompiler/stub.an(RTStub_CallRuntime+50)
#08 pc 0000000000d82912 /system/lib64/module/arkcompiler/stub.an(COStub_GrowElementsCapacityStwCopy+450)
#09 pc 0000000000ee5317 /system/lib64/module/arkcompiler/stub.an(BuiltinStub_ArrayPushStwCopy+1911)
#10 pc 0000000001225aa2 /system/lib64/module/arkcompiler/stub.an(BCStub_HandleCallthis1withnameImm8Id16V8V8StwCopy+658)

Dump main thread stack end time: 2026-09-19 15:11:23.563

PeerBinder pids is empty


---------------------------------------------------
FfrtCatcher -- start time: 2026/09/19-15:11:23:682

FfrtCatcher --

ffrt fump pid=4710:

-------------------------------[ability]-------------------------------


----------------------------------ApplicationManagerService----------------------------------
|-> Launcher proc ffrt, now:2026-09-19 15:11:23.716536 pid:4710
    |-> key status
no key status info
    |-> worker count
        qos 0: worker num:1 tid:4951
        qos 2: worker num:1 tid:4944
        qos 3: worker num:4 tid:4966, 4965, 4964, 4949
        qos 5: worker num:2 tid:4980, 4941
    |-> worker status
        qos 0: worker tid 4951 is running nothing
        qos 2: worker tid 4944 is running nothing
        qos 3: worker tid 4966 is running nothing
        qos 3: worker tid 4965 is running nothing
        qos 3: worker tid 4964 is running nothing
        qos 3: worker tid 4949 is running nothing
        qos 5: worker tid 4980 is running nothing
        qos 5: worker tid 4941 is running nothing
<<<=== Timeout Task Info ===>>>
Timeout info EmptyQueue Timeout info Empty<<<=== Queue Traffic Record ===>>>
Queue Traffic Record Empty

FfrtCatcher -- end time: 2026/09/19-15:11:23:721
---------------------------------------------------

---------------------------------------------------
catcher cmd: hilog -z 1000 -P start time: 2026/09/19-15:11:23:721

catcher cmd: hilog -z 1000 -P 
09-19 15:11:10.518  4710  4710 I C02c11/APPSPAWN: AppSpawnChild id 63 flags:0xc
09-19 15:11:10.519  4710  4710 I C02d33/HitraceOption: FilterAppTrace com.example.callaite 4710
09-19 15:11:10.519  4710  4710 W C02c11/APPSPAWN: errno:2 bind mount /system/app/ArkWebCoreLegacy to /mnt/sandbox/100/com.example.callaite/system/app/ArkWebCoreLegacy
09-19 15:11:10.519  4710  4710 W C02c11/APPSPAWN: errno:2 bind mount /vendor/etc/hiai to /mnt/sandbox/100/com.example.callaite/vendor/etc/hiai
09-19 15:11:10.519  4710  4710 W C02c11/APPSPAWN: errno:2 bind mount /data/data/hiai to /mnt/sandbox/100/com.example.callaite/data/data/hiai
09-19 15:11:10.520  4710  4710 W C02c11/APPSPAWN: errno:2 bind mount /data/service/el1/public/themes/100/a/app to /mnt/sandbox/100/com.example.callaite/data/themes/a/app
09-19 15:11:10.520  4710  4710 W C02c11/APPSPAWN: errno:2 bind mount /data/service/el1/public/themes/100/b/app to /mnt/sandbox/100/com.example.callaite/data/themes/b/app
09-19 15:11:10.520  4710  4710 W C02c11/APPSPAWN: errno:2 bind mount /chip_prod/lib64/passthrough to /mnt/sandbox/100/com.example.callaite/chip_prod/lib64/passthrough
09-19 15:11:10.520  4710  4710 W C02c11/APPSPAWN: errno:2 bind mount /data/app/el1/bundle/public/com.huawei.hmos.arkwebcorelegacy to /mnt/sandbox/100/com.example.callaite/data/storage/el1/bundle/arkwebcorelegacy
09-19 15:11:10.520  4710  4710 W C02c11/APPSPAWN: check dir /data/app/el1/bundle/public/com.huawei.hmos.arkwebcorelegacy failed,strerror:No such file or directory
09-19 15:11:10.520  4710  4710 W C02c11/APPSPAWN: check dir /data/app/el1/public/aot_compiler/ark_cache/com.example.callaite failed,strerror:No such file or directory
09-19 15:11:10.525  4710  4710 W C02c11/APPSPAWN: mount /mnt/sandbox/100/com.example.callaite/mnt/storage/external time 5000 us
09-19 15:11:10.530  4710  4710 W C02c11/APPSPAWN: mount /mnt/sandbox/100/com.example.callaite/mnt/storage/userExternal time 5999 us
09-19 15:11:10.532  4710  4710 W C02c11/APPSPAWN: errno:2 bind mount /data/preload/app to /mnt/sandbox/100/com.example.callaite/data/preload/app
09-19 15:11:10.535  4710  4710 E C02c11/APPSPAWN: [sandbox_dec.c:247]Open dec file failed errno 2
09-19 15:11:10.535  4710  4710 I C05a03/Selinux: Hap setcon finish, context for com.example.callaite is relabeled to o:r:debug_hap:s0:x95,x334,x512,x868,x1024
09-19 15:11:10.537  4710  4928 W C057c1/IPCWorkThread: ThreadHandler: proto:0 policy:1 name:OS_IPC_0_4928 invoker:3886496
09-19 15:11:10.537  4710  4710 I C05a05/SecCompEnhanceClient: [RegisterCheckCallback]Register secComp: sessionId=3438283005, seqNum=******067.
09-19 15:11:10.537  4710  4929 W C057c1/IPCWorkThread: ThreadHandler: proto:0 policy:0 name:OS_IPC_1_4929 invoker:3885344
09-19 15:11:10.538  4710  4710 I C02d0b/HICHECKER: hichecker param is empty.
09-19 15:11:10.538  4710  4710 I C04500/webview: CalculateActiveWebEngineVersion: CalculateActiveWebEngineVersion, enforce 3
09-19 15:11:10.539  4710  4710 I C01317/AppKit: [MTHRD3495]mainthread start, pid:4710
09-19 15:11:10.539  4710  4710 I C01317/AppKit: [MTHRD3294]is not in rescue mode
09-19 15:11:10.539  4710  4710 I C01317/AppKit: [MTHRD3321]is not in rescue mode
09-19 15:11:10.541  4710  4710 I C01317/AppKit: [MTHRD442]attach
09-19 15:11:10.555  4710  4929 I C01317/AppKit: [MTHRD922]ScheduleLaunchAbility called,ability EntryAbility,1
09-19 15:11:10.555  4710  4940 W C057c1/IPCWorkThread: ThreadHandler: proto:0 policy:0 name:OS_IPC_2_4940 invoker:3887072
09-19 15:11:10.569  4710  4710 I C01317/AppKit: [MTHRD267]NativeLibPath empty
09-19 15:11:10.574  4710  4710 I C01317/AppKit: [MTHRD1990]SmartGC:0 version:1000000
09-19 15:11:10.577  4710  4710 I C03f00/ArkCompiler: [ecmascript] asmint: 1, aot: 0, jit: 1, baseline jit: 0, bundle name: com.example.callaite, arkTSMode: dynamic
09-19 15:11:10.583  4710  4945 E C01707/CONCUR: [Interface] task 4945 apply qos failed, errno = 4
09-19 15:11:10.583  4710  4710 I C03f00/ArkCompiler: [ecmascript] multi-thread check enabled: 0
09-19 15:11:10.583  4710  4710 I C03f00/ArkCompiler: [pgo] reset pgo profiler, pgo profiler is disabled
09-19 15:11:10.583  4710  4710 I C03301/LIBUV: clean up handles in loop(6176)
09-19 15:11:10.583  4710  4710 I C03301/LIBUV: loop:(6176) closed in 0s
09-19 15:11:10.583  4710  4710 I C03301/LIBUV: close:6176, async_io_wfd:14
09-19 15:11:10.583  4710  4710 I C03301/LIBUV: close:6176, backend_fd:8
09-19 15:11:10.583  4710  4710 I C03301/LIBUV: init:4384
09-19 15:11:10.583  4710  4710 I C03301/LIBUV: init:4384, backend_fd:8
09-19 15:11:10.583  4710  4710 I C03301/LIBUV: open:4384, pipefd[0]:14
09-19 15:11:10.584  4710  4710 I C03f00/ArkCompiler: [ecmascript] can not find aot file
09-19 15:11:10.594  4710  4710 I C03f00/ArkCompiler: StartServer, componentName = <private>
09-19 15:11:10.594  4710  4710 W C01321/JsRuntime: [CSM161]disCon
09-19 15:11:10.594  4710  4710 I C03f00/ArkCompiler: [ecmascript] JSNApi::NotifyDebugMode, tid = 4710, debugApp = 1, isDebugMode = 0, instanceId = 0
09-19 15:11:10.595  4710  4950 I C02c03/PARAM_WATCHER: Add watcher keyPrefix persist.hdc.jdwp remoteWatcherId 112 success
09-19 15:11:10.595  4710  4710 I C03f00/ArkCompiler: [compiler] __jit_debug_register_code() is called.
09-19 15:11:10.595  4710  4710 I C03f00/ArkCompiler: [compiler] success to register stub.an to debugger.
09-19 15:11:10.596  4710  4944 I C01317/AppKit: [DRH689]File existed. dir: /data/storage/el2/base/cache/rawheap
09-19 15:11:10.596  4710  4944 I C01317/AppKit: [DRH667]success to create /data/storage/el2/base/cache/rawheap
09-19 15:11:10.597  4710  4710 W C01e00/ResourceManager: update userId, currentUserId_= 0, userId= 100
09-19 15:11:10.598  4710  4710 E C01e00/ResourceManager: LoadThemesRes failed, userId = 100, bundleName = com.example.callaite
09-19 15:11:10.598  4710  4710 W C01e00/ResourceManager: theme resources will clean, id 100
09-19 15:11:10.598  4710  4941 W C01653/NativePreferences: LoadFromDisk: The settingXml /***/el1/***/i18*** load failed.
09-19 15:11:10.603  4710  4710 E C01301/CompatiblePolicyDeviceType: [calculateResourceType:81]deviceType is empty.
09-19 15:11:10.604  4710  4710 W C01301/Ability: [resource_config_helper.cpp193]invalid source:
09-19 15:11:10.605  4710  4710 W C01301/Ability: [resource_config_helper.cpp193]invalid source:
09-19 15:11:10.605  4710  4710 I C01317/AppKit: [application_cleaner.cpp94]ClearTempData
09-19 15:11:10.610  4710  4710 I C01317/AppKit: [MTHRD2947]NtfyAppPreAbiCreate
09-19 15:11:10.634  4710  4710 I C01317/AppKit: [JAS211]LoadModule
09-19 15:11:10.634  4710  4710 W C01317/AppKit: [JAS1032]null stage
09-19 15:11:10.634  4710  4710 W C01317/AppKit: [JAS254]Not found AbilityStage.js
09-19 15:11:10.634  4710  4710 I C01317/AppKit: [OH_APP432]OnAboutToCreateAbility
09-19 15:11:10.635  4710  4710 W C01317/AppKit: [JAS349]Not found AbilityStage.js
09-19 15:11:10.640  4710  4710 I C01332/UIAbility: [ui_ability.cpp131]instanceId: 0bc4-fc4c-14dc-4668-a076a38e795d4f53
09-19 15:11:10.642  4710  4947 I C03f00/ArkCompiler: [pgo] will save profiler to file /data/storage/ark-profile/rt_entry.ap
09-19 15:11:10.642  4710  4710 I C03f00/ArkCompiler: [ecmascript] start to execute module buffer with secure memory: /data/storage/el1/bundle/entry/ets/entryability/EntryAbility.abc
09-19 15:11:10.642  4710  4710 E C03f00/ArkCompiler: [common] Can not open xpm proc file, do not check secure memory anymore.
09-19 15:11:10.646  4710  4710 E C01707/CONCUR: [Interface] task 4947 apply qos failed, errno = 4
09-19 15:11:10.649  4710  4710 E C01707/CONCUR: [Interface] task 4946 apply qos failed, errno = 4
09-19 15:11:10.650  4710  4710 E C01707/CONCUR: [Interface] task 4948 apply qos failed, errno = 4
09-19 15:11:10.655  4710  4710 E C01707/CONCUR: [Interface] task 4947 apply qos failed, errno = 4
09-19 15:11:10.658  4710  4710 E C01707/CONCUR: [Interface] task 4946 apply qos failed, errno = 4
09-19 15:11:10.661  4710  4710 E C01707/CONCUR: [Interface] task 4948 apply qos failed, errno = 4
09-19 15:11:10.703  4710  4710 W C03f04/MMG: [NMM:1439] First: failed do_dlsym failed: Symbol not found: NAPI_file_fs_GetABCCode, version: null so=/system/lib64/module/file/libfs.z.so.Second: failed /system/lib64/module/hms/core/libiap_napi.z.so not exist.load /system/etc/abc/core/iap.abc failed
09-19 15:11:10.703  4710  4710 E C03f00/ArkCompiler: [ecmascript] export objects of native so is undefined, so name is @hms:core.iap
09-19 15:11:10.716  4710  4710 I C04309/CLOUD_FILE_SYNC: CloudSyncExport:Class MultiDownloadProgress for module cloudSyncDownload has been exported
09-19 15:11:10.716  4710  4710 I C04309/CLOUD_FILE_SYNC: CloudSyncExport:Class CloudFileCache for module cloudSyncDownload has been exported
09-19 15:11:10.716  4710  4710 I C04309/CLOUD_FILE_SYNC: CloudSyncExport:Class Download for module cloudSyncDownload has been exported
09-19 15:11:10.716  4710  4710 I C04309/CLOUD_FILE_SYNC: CloudSyncExport:Class GallerySync for module cloudSyncDownload has been exported
09-19 15:11:10.716  4710  4710 I C04309/CLOUD_FILE_SYNC: CloudSyncExport:Class FileSync for module cloudSyncDownload has been exported
09-19 15:11:10.716  4710  4710 I C04309/CLOUD_FILE_SYNC: CloudSyncExport:Class FileVersion for module cloudSyncDownload has been exported
09-19 15:11:10.726  4710  4710 I C01324/JsNapi: [js_error_manager.cpp1837]called
09-19 15:11:10.727  4710  4710 I C01320/JsEnv: [JSENV300]timing: 84
09-19 15:11:10.727  4710  4710 I C01320/JSENV: Callee constructor is OK string
09-19 15:11:10.727  4710  4710 I C01320/JSENV: Ability::constructor callee is object [object Object]
09-19 15:11:10.727  4710  4710 I C03f00/ArkCompiler: [ecmascript] start to execute ark buffer with secure memory use file: /data/storage/el1/bundle/entry/ets/modules.abc, entrypoint: @normalized:N&&&entry/build/generated/r/ResourceTable&
09-19 15:11:10.728  4710  4710 I C01332/UIAbility: [ui_ability_thread.cpp204]Lifecycle:Attach
09-19 15:11:10.729  4710  4710 I C01317/AppKit: [MTHRD3123]called
09-19 15:11:10.729  4710  4710 I C03f00/ArkCompiler: [gc] app is not inBackground
09-19 15:11:10.736  4710  4710 E C01707/CONCUR: [Interface] task 4947 apply qos failed, errno = 4
09-19 15:11:10.740  4710  4710 E C01707/CONCUR: [Interface] task 4946 apply qos failed, errno = 4
09-19 15:11:10.742  4710  4710 E C01707/CONCUR: [Interface] task 4948 apply qos failed, errno = 4
09-19 15:11:10.747  4710  4940 I C01332/UIAbility: [ui_ability_thread.cpp352]name:EntryAbility,targeState:5,isNewWant:0
09-19 15:11:10.747  4710  4710 I C01332/UIAbility: [ui_ability_thread.cpp271]Lifecycle:name EntryAbility
09-19 15:11:10.748  4710  4710 I C04201/DMS: AddDisplayIdFromAms: abilityToken and display[0] has been added.
09-19 15:11:10.756  4710  4710 I C01332/UIAbility: [JUA2177]JsUIAbility call js, name: onCreate
09-19 15:11:10.756  4710  4710 I A00001/EntryAbility: Ability onCreate
09-19 15:11:10.757  4710  4710 E C01356/Recovery: [app_recovery_api.cpp124]invalid restartFlag: 7
09-19 15:11:10.757  4710  4710 I A00001/ErrorRecovery: App recovery enabled
09-19 15:11:10.759  4710  4710 I C01317/AppKit: [OH_APP1240]current 2, pre 0
09-19 15:11:10.759  4710  4710 W C01317/AppKit: [OH_APP1269]fontSize empty
09-19 15:11:10.759  4710  4710 I C01317/AppKit: [OH_APP1300]current 2, pre 0
09-19 15:11:10.759  4710  4710 W C01317/AppKit: [OH_APP1304]language empty
09-19 15:11:10.759  4710  4710 W C01317/AppKit: [OH_APP1323]language and locale empty
09-19 15:11:10.759  4710  4710 I C01317/AppKit: [OH_APP298]configuration_: {"0#const.build.characteristics":"phone","0#input.pointer.device":"true","0#ohos.app.fontSizeScale":"nonFollowSystem","0#ohos.application.densitydpi":"xxxldpi","0#ohos.application.direction":"vertical","0#ohos.application.displayid":"0","0#ohos.system.colorMode":"light","0#ohos.system.colorMode.isSetByApp":"isSetByApp","0#ohos.system.fontSizeScale":"1.0","0#ohos.system.fontWeightScale":"1.0","0#ohos.system.hour":"false","0#ohos.system.language":"zh-Hans","0#ohos.system.locale":"zh-Hans"}, config: {"0#ohos.system.colorMode":"light","0#ohos.system.colorMode.isSetByApp":"isSetByApp"}
09-19 15:11:10.760  4710  4710 E C04217/WMSAttribute: UpdateConfigurationSyncForAll: root is null
09-19 15:11:10.762  4710  4710 I C01332/UIAbility: [JUA2177]JsUIAbility call js, name: onConfigurationUpdated
09-19 15:11:10.762  4710  4710 I C01332/UIAbility: [JUA2222]end, name: onConfigurationUpdated, time: 0
09-19 15:11:10.762  4710  4710 I C01332/UIAbility: [JUA2177]JsUIAbility call js, name: onConfigurationUpdate
09-19 15:11:10.762  4710  4710 I C01332/UIAbility: [JUA2222]end, name: onConfigurationUpdate, time: 0
09-19 15:11:10.764  4710  4710 W C01317/AppKit: [JAS919]Not found AbilityStage.js
09-19 15:11:10.764  4710  4710 W C01317/AppKit: [JAS919]Not found AbilityStage.js
09-19 15:11:10.764  4710  4710 I C01317/AppKit: [OH_APP322]ignoreWindowContext size 0
09-19 15:11:10.764  4710  4710 E C04217/WMSAttribute: UpdateConfigurationForAll: root is null
09-19 15:11:10.764  4710  4710 I C01332/UIAbility: [JUA2222]end, name: onCreate, time: 8
09-19 15:11:10.764  4710  4710 E C01332/UIAbility: [ui_ability_impl.cpp364]hasSaveData_: false
09-19 15:11:10.765  4710  4710 W C01332/UIAbility: [JUA1352]formatRegex: []
09-19 15:11:10.765  4710  4710 I C04202/WMSMain: Init: [requestId: 12][scbRequestId: 0]WindowScene with window session!
09-19 15:11:10.766  4710  4710 I C04202/WMSMain: Init: set isModuleAbilityHookEnd
09-19 15:11:10.766  4710  4710 I C0420a/WMSLife: WindowSessionImpl: nodeId: 20229295964161
09-19 15:11:10.767  4710  4710 I C01406/OHOS::RS: RSLogManager init log flag: 0x0(0)
09-19 15:11:10.769  4710  4710 I C01406/OHOS::RS: RSRenderServiceConnectHub call CreateConnection, needRefresh:[0]
09-19 15:11:10.770  4710  4710 I C01406/OHOS::RS: RSFrameRateLinker::Create id: 20229295964160
09-19 15:11:10.770  4710  4710 I C04202/WMSMain: VsyncStation: id 20229295964161 created
09-19 15:11:10.770  4710  4710 I C04200/WindowSceneSessionImpl: WindowSceneSessionImpl: [WMSCom] Constructor callaite0
09-19 15:11:10.770  4710  4710 E C04200/WMS: SetWindowType: permission denied!
09-19 15:11:10.770  4710  4710 I C0420a/WMSLife: Create: Window Create name:callaite0, state:0, mode:0
09-19 15:11:10.772  4710  4710 I C0420a/WMSLife: Create: SetIsAbilityHookOff 0
09-19 15:11:10.772  4710  4710 W C0420a/WMSLife: IsWindowSessionInvalid: id: 0 state_: 0
09-19 15:11:10.772  4710  4710 W C04200/WindowSceneSessionImpl: AdjustWindowAnimationFlag: session invalid!
09-19 15:11:10.772  4710  4710 I C04200/WindowSceneSessionImpl: Remove window flag WINDOW_FLAG_SHOW_WHEN_LOCKED
09-19 15:11:10.774  4710  4710 I C0420a/WMSLife: Connect: in
09-19 15:11:10.779  4710  4710 I C01406/OHOS::RS: RSSurfaceNode::Unmarshalling, Node: 20229295964161, Name: callaite0
09-19 15:11:10.779  4710  4929 I C04208/WMSLayout: UpdateRect: [WindowRectUpdate:ClientRecv] UpdateRect id:0 name:callaite0, preRect=[0 0 0 0], newRect=[0 0 1308 2880], reason:23 displayId:0
09-19 15:11:10.780  4710  4710 I C04208/WMSLayout: Connect: updateRect when connect.preRect:[0,0,1308,2880]rect:[0,0,1308,2880]
09-19 15:11:10.780  4710  4710 E C0421c/WMSCompat: ReadCombinedCompatibleConfig: combinedConfigSize: 0 fail to meet the conditions
09-19 15:11:10.780  4710  4929 I C04208/WMSLayout: NotifyFirstValidLayoutUpdate: Id:47, rect:[0 0 1308 2880]
09-19 15:11:10.781  4710  4710 I C0420a/WMSLife: Connect: Window Connect [name:callaite0, id:47, type:1], ret:0, oriDisplayId:0, curDisplayId:0
09-19 15:11:10.781  4710  4710 I C04204/WMSScb: RS multi-instance enabled: 1
09-19 15:11:10.781  4710  4710 I C01406/OHOS::RS: multi-instance, create RSUIContextManager, isMultiInstanceOpen_ 1
09-19 15:11:10.782  4710  4710 I C01406/OHOS::RS: RSRenderServiceConnectHub AddRenderProcessConnectionToken
09-19 15:11:10.782  4710  4710 I C01406/OHOS::RS: RSRenderServiceConnectHub::SetOnDiedCallback, code:0
09-19 15:11:10.782  4710  4710 I C01406/OHOS::RS: RSApplicationAgentImpl::RegisterRSApplicationAgent!
09-19 15:11:10.782  4710  4710 I C01406/OHOS::RS: RSUIDirector::GoCreate CurrentState:0, UIContext:20229295964161
09-19 15:11:10.782  4710  4710 I C01406/OHOS::RS: RSUIDirector::GoResume CurrentState:0, UIContext:20229295964161
09-19 15:11:10.783  4710  4710 I C01406/OHOS::RS: RSUIDirector::GoForeground CurrentState:1, UIContext:20229295964161
09-19 15:11:10.783  4710  4710 I C02c03/PARAM_WATCHER: Add watcher keyPrefix persist.sys.graphic.animationscale remoteWatcherId 112 success
09-19 15:11:10.783  4710  4710 I C04204/WMSScb: InitRSUIDirector: Create RSUIDirector: RSUIDirector's RSUIContext [token: 20229295964161, tid: 4710], rsUIContext: RSUIContext is null
09-19 15:11:10.784  4710  4710 I C0420a/WMSLife: PostInitSurfaceNode: post init surfaceNode success, name: callaite0
09-19 15:11:10.784  4710  4710 I C0421c/WMSCompat: SetAppHookWindowInfo: Id:47, preHookWindowInfo:[enableHookWindow: false, widthHookRatio: 1.000000, notifyWindowChange: false, drawableRectHook: false], newHookWindowInfo:[enableHookWindow: false, widthHookRatio: 1.000000, notifyWindowChange: false, drawableRectHook: false]
09-19 15:11:10.784  4710  4710 I C0421c/WMSCompat: SendCombinedCompatibleConfigToArkUI: bundleName: com.example.callaite, combinedCompatibleConfig size: 0
09-19 15:11:10.784  4710  4710 E C0421c/WMSCompat: SendCombinedCompatibleConfigToArkUI: Combined compatible config size is less than 2!
09-19 15:11:10.784  4710  4710 I C01406/OHOS::RS: RSSurfaceNode::SetAlphaChangedCallback, node=[20229295964161, callaite0]
09-19 15:11:10.784  4710  4710 I C04208/WMSLayout: SetWindowMode: windowId: 47, windowModeSupportType: 127, mode: 1
09-19 15:11:10.784  4710  4710 I C04208/WMSLayout: UpdateWindowModeImmediately: [WindowModeUpdate:Inner] UpdateWindowModeImmediately id:47, mode:1, splitStyle:0, splitIndex:0, state:1
09-19 15:11:10.787  4710  4710 I C04208/WMSLayout: NotifyWindowStatusChange: [WindowModeUpdate:Inner] NotifyWindowStatusChange id:47, mode:1, status:1, lastStatus:0, skipRedundant:0
09-19 15:11:10.787  4710  4710 I C04208/WMSLayout: SetConfigWindowLimitsVP: id:47, windowLimits:[0 0 0 0 0.000000 0.000000 1.000000 1]
09-19 15:11:10.787  4710  4710 I C04208/WMSLayout: GetSystemSizeLimits: systemLimitsPX: [6720 6720 1120 840 340282346638528859811704183484516925440.000000 0.000000 1.000000 0], systemLimitsVP: [1920 1920 320 240 340282346638528859811704183484516925440.000000 0.000000 1.000000 1], configMaxSize: 1920, vpr: 3.500000, winType: 1
09-19 15:11:10.787  4710  4710 I C04208/WMSLayout: UpdateWindowSizeLimits: [WindowLimitsUpdate:CalcLimits] SaveLimits id:47, px[minW:1120,minH:840,maxW:6720,maxH:6720] vp[minW:320,minH:240,maxW:1920,maxH:1920] vpr=3.500000
09-19 15:11:10.788  4710  4929 W C04208/WMSLayout: NotifySingleHandTransformChange: id:47, uiContent is nullptr
09-19 15:11:10.788  4710  4710 I C0421a/WMSLayoutPc: GetSupportedWindowModesConfiguration: winId: 47, windowModeSupportType: 15
09-19 15:11:10.788  4710  4710 I C04202/WMSMain: SetSupportedWindowModesForAncoInFreeWindow: is not anco app, need not update support window mode.
09-19 15:11:10.788  4710  4710 I C04208/WMSLayout: SetWindowModeSupportType: id:47, old:127, new:15
09-19 15:11:10.788  4710  4710 I C04208/WMSLayout: GetConfigurationFromAbilityInfo: windowId: 47, windowModeSupportType: 15, isAncoSupportFreeWindow: 0
09-19 15:11:10.789  4710  4710 I C0420f/WMSRecover: RegisterSessionRecoverCallbackFunc: persistentId=47
09-19 15:11:10.789  4710  4710 I C04217/WMSAttribute: UpdateStatusBarColorByColorMode: win=47, appColor=light
09-19 15:11:10.789  4710  4710 I C04200/WMS: IsMainHandlerAvailable: id:47, isAvailable:1
09-19 15:11:10.789  4710  4710 I C04200/WMS: IsMainHandlerAvailable: id:47, isAvailable:1
09-19 15:11:10.791  4710  4710 I C02800/MMIClient: [|267]Connection to server succeeded, fd:32
09-19 15:11:10.791  4710  4710 I C02800/MMIClient: [|166]Server was listening
09-19 15:11:10.792  4710  4710 I C02800/MMIClient: [|127]reuse current event handler, thread name:
09-19 15:11:10.792  4710  4710 I C02800/MMIClient: [|130]File fd is in listening
09-19 15:11:10.792  4710  4710 I C0420c/WMSEvent: AddInputWindow: SetWindowInputEventConsumer success, wid:47
09-19 15:11:10.794  4710  4710 I C04732/GameController: [(RegisterEntryModule:24)]begin load gamecontroller_event
09-19 15:11:10.794  4710  4710 I C04732/GameController: [(StartInputToTouch:61)]Begin StartInputToTouch
09-19 15:11:10.796  4710  4963 I C04732/GameController: [(GetSelfBundleName:49)]The current bundleName [com.example.callaite]. version [1.0.0]
09-19 15:11:10.796  4710  4963 I C04732/GameController: [(IsCommonApp:94)]The [com.example.callaite] is a common app.
09-19 15:11:10.796  4710  4963 W C04732/GameController: [(ReadJsonFromFile:224)]realpath failed for [/data/service/el1/public/for-all-app/gamecontroller_server/game_support_key_mapping.json]
09-19 15:11:10.796  4710  4963 I C04732/GameController: [(SetSupportKeyMapping:73)]SetSupportKeyMapping. isSupportKeyMapping_ is [0]
09-19 15:11:10.796  4710  4963 I C04732/GameController: [(DoAsyncTask:76)]The app does not support input-to-touch feature.
09-19 15:11:10.801  4710  4710 I C04217/WMSAttribute: ConnectServer: start connect
09-19 15:11:10.801  4710  4710 I C04217/WMSAttribute: ConnectServer: end connect
09-19 15:11:10.801  4710  4710 W C04217/WMSAttribute: RegisterGetWMSWindowListCallback: callback has registered
09-19 15:11:10.801  4710  4710 I C04217/WMSAttribute: RegisterGetWMSWindowListCallback: winId: 47
09-19 15:11:10.801  4710  4710 I C04217/WMSAttribute: UpdateColorMode: winId: 47, colorMode: light
09-19 15:11:10.801  4710  4710 I C04218/WMSPc: UpdateSidebarBlurStyleWhenColorModeChange: in, persistentId=47
09-19 15:11:10.801  4710  4710 W C04218/WMSPc: UpdateSidebarBlurStyleWhenColorModeChange: RSAnimatableProperty is null
09-19 15:11:10.802  4710  4710 I C04217/WMSAttribute: UpdateColorMode: winId: 47, colorMode: light, hasDarkRes: 1
09-19 15:11:10.802  4710  4710 I C0421c/WMSCompat: SetPcAppInpadSpecificSystemBarInvisible: isPcAppInpadSpecificSystemBarInvisible: 0
09-19 15:11:10.802  4710  4710 I C0421c/WMSCompat: SetPcAppInpadOrientationLandscape: isPcAppInpadOrientationLandscape: 0
09-19 15:11:10.802  4710  4710 I C0420a/WMSLife: Create: Window Create success [name:callaite0, id:47], state:1, mode:1, enableDefaultDensity:0, displayId:0
09-19 15:11:10.802  4710  4710 E C04200/WMS: singleton_container.cpp GetSingleton: cant get OHOS::Rosen::WindowInfoReporter
09-19 15:11:10.802  4710  4710 I C01332/UIAbility: [JUA2177]JsUIAbility call js, name: onWindowStageCreate
09-19 15:11:10.802  4710  4710 I A00001/EntryAbility: Ability onWindowStageCreate
09-19 15:11:10.803  4710  4710 I A03d00/JSAPP: [DataStore] Loading 2 .md files from /data/storage/el2/base/haps/entry/files/graph
09-19 15:11:10.803  4710  4710 W A03d00/JSAPP: [DataStore] Empty or unreadable file: 2026-09-19.md
09-19 15:11:10.804  4710  4710 I A03d00/JSAPP: [DataStore] Graph loaded. Pages: 1
09-19 15:11:10.804  4710  4949 I C01610/KvStoreServiceDeathNotifier: [a92ab1358ec4765, 0, 0] AddServiceDeathWatcher: Success set size: <private>
09-19 15:11:10.804  4710  4949 I C01610/KvStoreServiceDeathNotifier: [a92ab1358ec4765, 0, 0] GetDistributedKvDataService: Create remote proxy.
09-19 15:11:10.805  4710  4949 I C01610/DataMgrServiceProxy: [a92ab1358ec4765, 0, 0] DataMgrServiceProxy: Init data service proxy.
09-19 15:11:10.805  4710  4949 I C01610/KvStoreServiceDeathNotifier: [a92ab1358ec4765, 0, 0] ServiceDeathRecipient: Constructor.
09-19 15:11:10.808  4710  4949 I C01610/KvStoreClientDeathObserver: [a92ab1358ec4765, 0, 0] KvStoreClientDeathObserver: This client death observer
09-19 15:11:10.812  4710  4965 E C01b00/DistributedAccountFwk: Read result failed, code is: 8.
09-19 15:11:10.812  4710  4949 I C01610/DataMgrServiceProxy: [a92ab1358ec4765, 0, 0] GetFeatureInterface: get feature:kv_store
09-19 15:11:10.815  4710  4710 E C01317/AppKit: [context_impl.cpp1466]create dir /data/storage/el2/cloud failed, errno is 13
09-19 15:11:10.815  4710  4710 E C01317/AppKit: [context_impl.cpp1466]create dir /data/storage/el2/cloud failed, errno is 13
09-19 15:11:10.815  4710  4710 E C01317/AppKit: [context_impl.cpp1466]create dir /data/storage/el2/cloud failed, errno is 13
09-19 15:11:10.815  4710  4710 E C04388/file_api: [prop_n_exporter.cpp:456->MkdirExec] Failed to create directories, error: 13
09-19 15:11:10.821  4710  4710 I A03d00/JSAPP: [PluginManager] Initialized 4 plugins
09-19 15:11:10.822  4710  4965 E C01b00/DistributedAccountFwk: Read result failed, code is: 8.
09-19 15:11:10.824  4710  4710 I C01317/AppKit: [OH_APP1240]current 2, pre 0
09-19 15:11:10.824  4710  4710 W C01317/AppKit: [OH_APP1269]fontSize empty
09-19 15:11:10.824  4710  4710 I C01317/AppKit: [OH_APP1300]current 2, pre 0
09-19 15:11:10.824  4710  4710 W C01317/AppKit: [OH_APP1304]language empty
09-19 15:11:10.824  4710  4710 W C01317/AppKit: [OH_APP1323]language and locale empty
09-19 15:11:10.824  4710  4710 I C01317/AppKit: [OH_APP298]configuration_: {"0#const.build.characteristics":"phone","0#input.pointer.device":"true","0#ohos.app.fontSizeScale":"nonFollowSystem","0#ohos.application.densitydpi":"xxxldpi","0#ohos.application.direction":"vertical","0#ohos.application.displayid":"0","0#ohos.system.colorMode":"light","0#ohos.system.colorMode.isSetByApp":"isSetByApp","0#ohos.system.fontSizeScale":"1.0","0#ohos.system.fontWeightScale":"1.0","0#ohos.system.hour":"false","0#ohos.system.language":"zh-Hans","0#ohos.system.locale":"zh-Hans"}, config: {"0#ohos.system.colorMode":"light","0#ohos.system.colorMode.isSetByApp":"isSetByApp"}
09-19 15:11:10.824  4710  4710 E C04217/WMSAttribute: UpdateConfigurationSync: uiContent null, scene win=47, display=0
09-19 15:11:10.824  4710  4710 E C04217/WMSAttribute: UpdateConfigurationSyncForAll: root is null
09-19 15:11:10.824  4710  4949 I C01630/DistributedDB: [a92ab1358ec4765, 0, 0] before open db,db file: [size: 65536, mtime: 1789792123, inode: 824462]; db wal file: [size: 0, mtime: 1789792123, inode: 824463]; db shm file: [size: 32768, mtime: 1789801591, inode: 824466]; db dwr file: [stat() failed, errCode: -1, errno: 2]; 
09-19 15:11:10.825  4710  4710 I C01332/UIAbility: [JUA2177]JsUIAbility call js, name: onConfigurationUpdated
09-19 15:11:10.825  4710  4710 I C01332/UIAbility: [JUA2222]end, name: onConfigurationUpdated, time: 0
09-19 15:11:10.825  4710  4710 I C01332/UIAbility: [JUA2177]JsUIAbility call js, name: onConfigurationUpdate
09-19 15:11:10.825  4710  4710 I C01332/UIAbility: [JUA2222]end, name: onConfigurationUpdate, time: 0
09-19 15:11:10.825  4710  4710 W C01317/AppKit: [JAS919]Not found AbilityStage.js
09-19 15:11:10.825  4710  4710 W C01317/AppKit: [JAS919]Not found AbilityStage.js
09-19 15:11:10.825  4710  4710 I C01317/AppKit: [OH_APP322]ignoreWindowContext size 0
09-19 15:11:10.825  4710  4710 E C04217/WMSAttribute: UpdateConfiguration: uiContent null, scene win=47, display=0
09-19 15:11:10.825  4710  4710 I C04217/WMSAttribute: UpdateStatusBarColorByColorMode: win=47, appColor=light
09-19 15:11:10.826  4710  4949 I C01630/DistributedDB: [a92ab1358ec4765, 0, 0] [SqlUp] meta[0] label[3] flag[0] ver[104]
09-19 15:11:10.826  4710  4710 E C04217/WMSAttribute: UpdateConfigurationForAll: root is null
09-19 15:11:10.826  4710  4710 I C04200/JsWindowStage: LoadContent: [NAPI]
09-19 15:11:10.826  4710  4710 I C01332/UIAbility: [JUA2222]end, name: onWindowStageCreate, time: 24
09-19 15:11:10.826  4710  4710 I C0420a/WMSLife: NotifyWindowStageCreateFinished: id: 47
09-19 15:11:10.826  4710  4710 I C01332/UIAbility: [JUA2177]JsUIAbility call js, name: onWillForeground
09-19 15:11:10.826  4710  4710 I C01332/UIAbility: [JUA2222]end, name: onWillForeground, time: 0
09-19 15:11:10.826  4710  4710 I C04202/WMSMain: GoForeground: [requestId: 12][scbRequestId: 0]reason: 4 isGamePreLaunch: 0
09-19 15:11:10.826  4710  4710 I C0420a/WMSLife: Show: [requestId: 12][scbRequestId: 0]Window show [name: callaite0, id: 47, type: 1], reason: 4, state:1, requestState:1
09-19 15:11:10.827  4710  4710 I C04208/WMSLayout: GetSystemSizeLimits: systemLimitsPX: [6720 6720 1120 840 340282346638528859811704183484516925440.000000 0.000000 1.000000 0], systemLimitsVP: [1920 1920 320 240 340282346638528859811704183484516925440.000000 0.000000 1.000000 1], configMaxSize: 1920, vpr: 3.500000, winType: 1
09-19 15:11:10.827  4710  4710 I C04208/WMSLayout: UpdateWindowSizeLimits: [WindowLimitsUpdate:CalcLimits] SaveLimits id:47, px[minW:1120,minH:840,maxW:6720,maxH:6720] vp[minW:320,minH:240,maxW:1920,maxH:1920] vpr=3.500000
09-19 15:11:10.827  4710  4949 I C01630/DistributedDB: [a92ab1358ec4765, 0, 0] [KVDB] [StartSyncerWithNoLock] [uüª] event=3
09-19 15:11:10.827  4710  4949 I C01630/DistributedDB: [a92ab1358ec4765, 0, 0] db id:75fcaa, dir:485848
09-19 15:11:10.827  4710  4710 I C04217/WMSAttribute: IsSystemDensityChanged: windowId: 47, lastDensity: -1.000000, currDensity: 3.500000
09-19 15:11:10.827  4710  4949 E C01610/StoreUtil: [a92ab1358ec4765, 0, 0] SetServiceGid: file not exit, filePath:/da***.db ,code:2
09-19 15:11:10.827  4710  4949 I C01610/KvStoreServiceDeathNotifier: [a92ab1358ec4765, 0, 0] AddServiceDeathWatcher: Success set size: <private>
09-19 15:11:10.828  4710  4710 W C04200/WindowSessionImpl: UpdateViewportConfig: uiContent is null!
09-19 15:11:10.828  4710  4710 I C01332/UIAbility: [ui_ability_impl.cpp489]wnd call, AfterForeground
09-19 15:11:10.828  4710  4710 I C01406/OHOS::RS: RSFrameRateLinker::Create id: 20229295964161
09-19 15:11:10.829  4710  4710 E C01706/ueaClient-RmeCoreSched: [Init]: do not enabled!ret: -1
09-19 15:11:10.829  4710  4710 I C01706/ueaClient-FrameMsgMgr: [Init]:inited success!
09-19 15:11:10.829  4710  4710 I C01706/ueaClient-FrameUiIntf: [Init]:ret:1, inited:1
09-19 15:11:10.829  4710  4929 E C0420a/WMSLife: NotifyUIExtHostRectChangeInGlobalDisplayListeners: uiContent is null
09-19 15:11:10.829  4710  4929 W C04208/WMSLayout: NotifySingleHandTransformChange: id:47, uiContent is nullptr
09-19 15:11:10.830  4710  4969 W C057c1/IPCWorkThread: ThreadHandler: proto:0 policy:0 name:OS_IPC_3_4969 invoker:3898592
09-19 15:11:10.832  4710  4710 I C04217/WMSAttribute: InitWaterfallMode: winId: 47
09-19 15:11:10.832  4710  4710 I C04217/WMSAttribute: NotifyWaterfallModeChange: winId: 47, waterfall: 0, stat: 2
09-19 15:11:10.832  4710  4710 I C04202/WMSMain: NotifyFreeMultiWindowModeResume: IsPcMode 0, isColdStart 1
09-19 15:11:10.832  4710  4710 I C0420a/WMSLife: Show: [requestId: 12][scbRequestId: 0]Window show success [name:callaite0, id:47, type:1]
09-19 15:11:10.833  4710  4710 W C04201/DMS: OnDisplayInfoChange: data is not changed.
09-19 15:11:10.833  4710  4710 I C01332/UIAbility: [JUA2177]JsUIAbility call js, name: onForeground
09-19 15:11:10.833  4710  4710 I A00001/EntryAbility: Ability onForeground
09-19 15:11:10.833  4710  4710 I C01332/UIAbility: [JUA2222]end, name: onForeground, time: 0
09-19 15:11:10.836  4710  4710 E C01651/data_share_manager_impl: RegisterClientDeathObserver: RegisterClientDeathObserver failed, bundleName is com.example.callaite
09-19 15:11:10.836  4710  4710 E C01651/data_share_manager_impl: GetDataShareServiceProxy: RegisterClientDeathObserver failed
09-19 15:11:10.837  4710  4928 E C01651/data_share_manager_impl: RegisterClientDeathObserver: RegisterClientDeathObserver failed, bundleName is com.example.callaite
09-19 15:11:10.837  4710  4928 E C01651/data_share_manager_impl: GetDataShareServiceProxy: RegisterClientDeathObserver failed
09-19 15:11:10.837  4710  4928 I C01651/data_share_manager_impl: operator(): RecoverObs start
09-19 15:11:10.847  4710  4710 I C05405/CompConfigClient: GetConfigByApp: GetDataShareData return 0 result
09-19 15:11:10.847  4710  4710 E C01301/Ability: [page_config_manager.cpp62]configJson_ is empty
09-19 15:11:10.848  4710  4710 I C02d11/DfxUnwinder: UnwindLocal:: fpUnwind: 0
09-19 15:11:10.849  4710  4710 W C01320/JsEnv: [source_map.cpp145]the stack without line info
09-19 15:11:10.850  4710  4710 I C02d11/DfxUnwinder: UnwindLocal:: fpUnwind: 0
09-19 15:11:10.850  4710  4710 W C01320/JsEnv: [source_map.cpp145]the stack without line info
09-19 15:11:10.850  4710  4710 I A00001/EntryAbility: Huawei account refreshed: 
09-19 15:11:10.850  4710  4710 I C01612/JsKVManager: operator(): output delete reference success
09-19 15:11:10.850  4710  4710 I C01612/JsSingleKVStore: operator(): subscribe to event:dataChange
09-19 15:11:10.850  4710  4710 I C01612/JsSingleKVStore: OnDataChange: subscribe data change type 2
09-19 15:11:10.850  4710  4710 I C01630/DistributedDB: [KvStoreNbDelegate][RegisterDeviceObserver] Register device observer ok mode:1
09-19 15:11:10.850  4710  4710 I C01610/KvStoreObserverClient: KvStoreObserverClient: Start
09-19 15:11:10.852  4710  4710 I A03d00/JSAPP: [Collaboration] KVStore initialized
09-19 15:11:10.852  4710  4710 I C01332/UIAbility: [JUA2177]JsUIAbility call js, name: onDidForeground
09-19 15:11:10.852  4710  4710 I C01332/UIAbility: [JUA2222]end, name: onDidForeground, time: 0
09-19 15:11:10.852  4710  4710 I C04202/WMSMain: GoResume: in isGamePreLaunch: 0
09-19 15:11:10.852  4710  4710 I C0420a/WMSLife: SetUIContentInner: pages/Index, state:2, persistentId: 47
09-19 15:11:10.852  4710  4710 I C0420a/WMSLife: NotifySetUIContentComplete: start
09-19 15:11:10.852  4710  4710 I C0420a/WMSLife: SetUIContentComplete: persistentId=47
09-19 15:11:10.852  4710  4710 I C0420a/WMSLife: InitUIContent: start
09-19 15:11:10.852  4710  4710 I C0420a/WMSLife: DestroyExistUIContent: start
09-19 15:11:10.852  4710  4710 I C03900/Ace: [(-1:-1:undefined)] CreateUIContent.
09-19 15:11:10.852  4710  4710 I C03934/AceUIEvent: [(-1:-1:undefined)] report ace loaded
09-19 15:11:10.853  4710  4710 I C04707/HaAceEngine: OnAceLoaded end
09-19 15:11:10.853  4710  4944 W C04707/HaClient: =========Invalid Client=========
09-19 15:11:10.854  4710  4710 I C03900/Ace: [(-2:-1:undefined)] Create ace bg threads pool.
09-19 15:11:10.854  4710  4710 I C03900/Ace: [(-2:-1:undefined)] Init RenderService UniRender Type:0
09-19 15:11:10.856  4710  4710 W C01409/APS_MANAGER: redo Connect
09-19 15:11:10.856  4710  4710 I C01409/APS_MANAGER: Start to ConnectService
09-19 15:11:10.856  4710  4710 I C01409/APS_MANAGER: GetSystemAbilityManager success
09-19 15:11:10.856  4710  4971 I C03900/Ace: [(-1:-1:undefined)] dlsym function ReportData success.
09-19 15:11:10.856  4710  4971 I C03900/Ace: [(-1:-1:undefined)] dlsym function ReportSyncEvent success.
09-19 15:11:10.856  4710  4710 I C01409/APS_MANAGER: GetSystemAbility success
09-19 15:11:10.857  4710  4710 I C03900/Ace: [(-2:-1:undefined)] [com.example.callaite][entry][-1]: UIContent: apiCompatibleVersion: 60101024, apiTargetVersion: 260000026, and apiReleaseType: Release, useNewPipe: 1, enableCustomComponentCrossAbility: 0
09-19 15:11:10.858  4710  4710 I C02c03/PARAM_WATCHER: Add watcher keyPrefix persist.sys.arkui.animationscale remoteWatcherId 112 success
09-19 15:11:10.859  4710  4710 E C03900/Ace: [(-2:-1:undefined)] ConfigParserBase read system file failed
09-19 15:11:10.859  4710  4710 W C03900/Ace: [(-2:-1:undefined)] ArkUiFeatureParamManager failed to load xml file
09-19 15:11:10.859  4710  4710 E C03900/Ace: [(-2:-1:undefined)] ConfigParserBase read system UI correction config file failed
09-19 15:11:10.859  4710  4710 W C03900/Ace: [(-2:-1:undefined)] ArkUiFeatureParamManager failed to load UI correction config file
09-19 15:11:10.864  4710  4928 I C04208/WMSLayout: NotifyWindowStatusDidChange: [WindowModeUpdate:Inner] NotifyWindowStatusDidChange id:47, mode:1, status:1, lastStatus:0, listenerSize:0, rect:[0 0 1308 2880]
09-19 15:11:10.865  4710  4710 I C05405/CompConfigClient: SubscribeEvent_: SubscriberEvent, ret: 1
09-19 15:11:10.877  4710  4710 I C05405/CompConfigClient: GetConfigByApp: GetDataShareData return 0 result
09-19 15:11:10.877  4710  4710 W C03900/Ace: [(-2:-1:undefined)] FeatureManager get config failed, key:UICorrectionStrategy ret:1
09-19 15:11:10.877  4710  4710 W C03900/Ace: [(-2:-1:undefined)] FeatureParamManager get UICorrectionStrategy from FeatureManager failed
09-19 15:11:10.881  4710  4710 I C03900/Ace: [(-2:-1:undefined)] SetLocale language tag: zh-Hans, font locale: zh-Hans, select language: zh-CN
09-19 15:11:10.881  4710  4710 I C03900/Ace: [(-2:-1:undefined)] [com.example.callaite][entry][-1]: SetLanguage: zh, colorMode: light, deviceAccess: 1
09-19 15:11:10.881  4710  4710 I C03900/Ace: [(-2:-1:undefined)] [com.example.callaite][entry][-1]: Initialize UIContent isModelJson:true
09-19 15:11:10.883  4710  4710 I C03922/AceNavigation: [(-2:-1:undefined)] subscribe hsp Update successfully
09-19 15:11:10.883  4710  4710 I C03900/Ace: [(100000:100000:scope)] SetHapPath, Use hap path to load resource
09-19 15:11:10.883  4710  4710 I C04217/WMSAttribute: RegisterWaterfallModeChangeListener: winId: 47
09-19 15:11:10.884  4710  4710 I C04200/WMS: GetSurfaceNode: name:callaite0, id:47
09-19 15:11:10.884  4710  4710 I C04200/WMS: GetSurfaceNode: name:callaite0, id:47
09-19 15:11:10.884  4710  4710 I C03900/Ace: [(100000:100000:scope)] SetRSSurfaceNode 20229295964161 with rs multi
09-19 15:11:10.884  4710  4710 I C01406/OHOS::RS: RSUIContext::AttachFromUI. token: 20229295964161 uiPiplineNum: -1
09-19 15:11:10.884  4710  4710 I C01406/OHOS::RS: RSUIContext::SetUITaskRunner, Context token:20229295964161
09-19 15:11:10.885  4710  4710 I C03925/AceRouter: [(100000:100000:scope)] createManager, deviceType: 0
09-19 15:11:10.885  4710  4710 W C03900/Ace: [(100000:100000:scope)] Invalid config:zh_Hans-long-notround-vertical-light-phone-xxxhdpi
09-19 15:11:10.885  4710  4710 I C01406/OHOS::RS: RSUIDirector::GoBackground CurrentState:2, UIContext:20229295964161
09-19 15:11:10.886  4710  4710 I C01406/OHOS::RS: RSSurfaceNode::SetAbilityState, surfaceNodeId:[20229295964161], ability state: background
09-19 15:11:10.886  4710  4710 I C03900/Ace: [(100000:100000:scope)] set translateManager to pipeline, instanceId:100000
09-19 15:11:10.886  4710  4710 I C0421d/WMSRotation: RegisterOrientationChangeListener: in
09-19 15:11:10.886  4710  4710 I C03900/Ace: [(100000:100000:scope)] AddPersistAfterLayoutTask size: 1
09-19 15:11:10.886  4710  4710 I C03919/AceInputTracking: [(100000:100000:scope)] Debug touch pass mode 0
09-19 15:11:10.886  4710  4710 E C03934/AceUIEvent: [(100000:100000:scope)] AceTransform load failed: Error loading shared library /system/lib64/libtransform_interaction_ext.z.so: No such file or directory
09-19 15:11:10.886  4710  4710 I C03937/AceResource: [(100000:100000:scope)] ResourceAdapter UpdateResConfig with colorMode light
09-19 15:11:10.886  4710  4710 W C03900/Ace: [(100000:100000:scope)] not found systemTheme in HapModuleInfo, loading default OHOS_THEME
09-19 15:11:10.886  4710  4710 I C03900/Ace: [(100000:100000:scope)] Cannot Get File List from resources/styles/
09-19 15:11:10.886  4710  4710 W C03900/Ace: [(100000:100000:scope)] GetAsset failed: resources/styles/default.json
09-19 15:11:10.897  4710  4710 I C01406/OHOS::RS: RSRootNode::Create, Node:20229295964163, Token:20229295964161
09-19 15:11:10.897  4710  4710 I C03900/Ace: [(100000:100000:scope)] root node OnAttachToFrameNode, id:0
09-19 15:11:10.897  4710  4710 I C03900/Ace: [(100000:100000:scope)] Rosenwindow set root, rsId:20229295964163
09-19 15:11:10.897  4710  4710 I C01406/OHOS::RS: RSRootNode::AttachRSSurfaceNode, SurfaceNode:20229295964161, Node:20229295964163
09-19 15:11:10.898  4710  4710 I C03900/Ace: [(100000:100000:scope)] AddPersistAfterLayoutTask size: 2
09-19 15:11:10.903  4710  4710 I C03900/Ace: [(100000:100000:scope)] focusWindowId: 0, realHostWindowId: 0
09-19 15:11:10.904  4710  4710 I C02c03/PARAM_WATCHER: Add watcher keyPrefix debug.graphic.frame remoteWatcherId 112 success
09-19 15:11:10.905  4710  4710 E C03900/Ace: [(100000:100000:scope)] ERROR EACCES
09-19 15:11:10.905  4710  4710 E C03900/Ace: [(100000:100000:scope)] ERROR EACCES
09-19 15:11:10.905  4710  4710 I C03900/Ace: [(100000:100000:scope)] ArkUIInvisibleFreeze: 0
09-19 15:11:10.905  4710  4710 I C03900/Ace: [(100000:100000:scope)] [com.example.callaite][entry][100000]: SetMinPlatformVersion is 60101024
09-19 15:11:10.905  4710  4710 I C04209/WMSImms: RegisterAvoidAreaChangeListener: win 47
09-19 15:11:10.906  4710  4710 E C04200/IMockSessionManager: Read result failed, code is: 4.
09-19 15:11:10.906  4710  4710 E C04200/IMockSessionManager: Read result failed, code is: 4.
09-19 15:11:10.906  4710  4710 I C04200/WMS: InitSessionManagerServiceProxy: Init success, userId=-1
09-19 15:11:10.907  4710  4710 I C04200/WMS: InitSceneSessionManagerLiteProxy: Init success, userId=-1
09-19 15:11:10.907  4710  4710 I C04204/WMSScb: InitSceneSessionManagerProxy: enter, userId=-1
09-19 15:11:10.907  4710  4710 I C04204/WMSScb: GetSceneSessionManagerProxy: init first time, userId=-1
09-19 15:11:10.909  4710  4928 I C04208/WMSLayout: UpdateRect: [WindowRectUpdate:ClientRecv] UpdateRect id:47 name:callaite0, preRect=[0 0 1308 2880], newRect=[0 0 1308 2880], reason:23 displayId:0
09-19 15:11:10.910  4710  4710 I C04209/WMSImms: GetAvoidAreaByType: win 47 type not supported
09-19 15:11:10.911  4710  4710 I C03917/AceSafeArea: [(100000:100000:scope)] InitializeSafeArea systemInsets:SafeAreaInsets left_: [start: 0, end: 0], top_: [start: 0, end: 136], right_: [start: 0, end: 0], bottom_: [start: 0, end: 0], cutoutInsets:SafeAreaInsets left_: [start: 0, end: 0], top_: [start: 50, end: 128], right_: [start: 0, end: 0], bottom_: [start: 0, end: 0], navInsets:SafeAreaInsets left_: [start: 0, end: 0], top_: [start: 0, end: 0], right_: [start: 0, end: 0], bottom_: [start: 2782, end: 2880], floatNavInsets:SafeAreaInsets left_: [start: 0, end: 0], top_: [start: 0, end: 0], right_: [start: 0, end: 0], bottom_: [start: 0, end: 0]
09-19 15:11:10.911  4710  4710 I C0394e/AceWindow: [(100000:100000:scope)] Initialize displayId: 0, availableRect: [0, 0, 1308, 2880]
09-19 15:11:10.912  4710  4710 I C03900/Ace: [(100000:100000:scope)] Failed to open libthp_extra_innerapi.z.so, reason: Error loading shared library /system/lib64/libthp_extra_innerapi.z.so: No such file or directory
09-19 15:11:10.912  4710  4710 I C03900/Ace: [(-2:100000:singleton)] [com.example.callaite][entry][100000]: Initialize: pages/Index
09-19 15:11:10.912  4710  4710 I C03900/Ace: [(100000:100000:scope)] RunPage:pages/Index
09-19 15:11:10.912  4710  4710 W C03900/Ace: [(100000:100000:scope)] GetAsset failed: manifest.json
09-19 15:11:10.912  4710  4710 I C04200/WMS: InitUIContent: [0, 0]
09-19 15:11:10.912  4710  4710 I C0420a/WMSLife: RegisterUIContenCallback: start
09-19 15:11:10.913  4710  4977 I C03951/InputKeyFlow: [(-1:100000:singleton)] Subscribe touch.events.pass.through Event
09-19 15:11:10.913  4710  4710 I C04208/WMSLayout: SetUIContentInner: single hand, id:47, posX:0, posY:0, scaleX:1.000000, scaleY:1.000000
09-19 15:11:10.913  4710  4710 I C04219/WMSDecor: UpdateDecorEnable: decorVisible:1, isDockAutoHide:0, isDecorHiddenByApp:0, isMaximizeInvoked:0, id:47
09-19 15:11:10.913  4710  4710 I C03900/Ace: [(-2:100000:singleton)] [com.example.callaite][entry][100000]: UpdateWindowVisible: 1, hasDecor: 0
09-19 15:11:10.913  4710  4710 I C03900/Ace: [(-2:100000:singleton)] [com.example.callaite][entry][100000]: NotifyWindowMode mode = 1
09-19 15:11:10.914  4710  4974 I C02c03/PARAM_WATCHER: Add watcher keyPrefix persist.ace.trace.layout.enabled remoteWatcherId 112 success
09-19 15:11:10.914  4710  4974 I C02c03/PARAM_WATCHER: Add watcher keyPrefix persist.ace.trace.inputevent.enabled remoteWatcherId 112 success
09-19 15:11:10.915  4710  4710 I C03900/Ace: [(-2:100000:singleton)] [com.example.callaite][entry][100000]: window foreground
09-19 15:11:10.915  4710  4710 I C03900/Ace: [(100000:100000:scope)] Update application state , state: ON_SHOW
09-19 15:11:10.915  4710  4710 I C01406/OHOS::RS: RSUIDirector::GoForeground CurrentState:3, UIContext:20229295964161
09-19 15:11:10.916  4710  4710 I C01406/OHOS::RS: RSSurfaceNode::SetAbilityState, surfaceNodeId:[20229295964161], ability state: foreground
09-19 15:11:10.916  4710  4974 I C02c03/PARAM_WATCHER: Add watcher keyPrefix const.security.developermode.state remoteWatcherId 112 success
09-19 15:11:10.916  4710  4979 W C057c1/IPCWorkThread: ThreadHandler: proto:0 policy:0 name:OS_IPC_4_4979 invoker:10183712
09-19 15:11:10.916  4710  4710 I C03900/Ace: [(100000:100000:scope)] ArkUI requests first Vsync.
09-19 15:11:10.916  4710  4710 I C04202/WMSMain: RequestVsync: First vsync has requested, nodeId: 20229295964161
09-19 15:11:10.916  4710  4974 I C02c03/PARAM_WATCHER: Add watcher keyPrefix persist.ace.debug.statemgr.enabled remoteWatcherId 112 success
09-19 15:11:10.917  4710  4974 I C02c03/PARAM_WATCHER: Add watcher keyPrefix persist.ace.debug.boundary.enabled remoteWatcherId 112 success
09-19 15:11:10.918  4710  4710 I C03959/AceLayout: [(-2:100000:singleton)] UVC Viewport config: size: (1308, 2880) orientation: 0 density: 3.500000 position: (0, 0) transformHint: 0 displayId: 0 forceSplitDisplayConfig: disable forceSplit, mode: 0, WSCR 0, IRN 1, , keyboardInfo is null
09-19 15:11:10.918  4710  4710 I C03922/AceNavigation: [(100000:100000:scope)] disable forceSplit, mode:0
09-19 15:11:10.918  4710  4710 I C04208/WMSLayout: UpdateViewportConfig: Id: 47, reason: 0, viewportRect: [0 0 1308 2880], displayOrientation: 0, config[0, 0, 0, 3.500000]
09-19 15:11:10.918  4710  4710 I C02d11/DfxUnwinder: UnwindLocal:: fpUnwind: 0
09-19 15:11:10.918  4710  4974 I C02c03/PARAM_WATCHER: Add watcher keyPrefix persist.ace.performance.monitor.enabled remoteWatcherId 112 success
09-19 15:11:10.919  4710  4710 W C01320/JsEnv: [source_map.cpp145]the stack without line info
09-19 15:11:10.919  4710  4710 I A00001/EntryAbility: Succeeded in loading the content.
09-19 15:11:10.919  4710  4710 I C04200/JsWindowStage: Window [47, callaite0] load content end, ret=0
09-19 15:11:10.919  4710  4710 I C04209/WMSImms: NotifyAvoidAreaChange: win 47 api 26 type 0 area top [0 0 1308 136] 
09-19 15:11:10.919  4710  4710 I C04209/WMSImms: NotifyAvoidAreaChange: win 47 api 26 type 1 area top [615 50 78 78] 
09-19 15:11:10.919  4710  4710 I C04209/WMSImms: NotifyAvoidAreaChange: win 47 api 26 type 2 area empty
09-19 15:11:10.919  4710  4710 I C04209/WMSImms: NotifyAvoidAreaChange: win 47 api 26 type 3 area empty
09-19 15:11:10.919  4710  4710 I C04209/WMSImms: NotifyAvoidAreaChange: win 47 api 26 type 4 area bottom [425 2782 458 98] 
09-19 15:11:10.920  4710  4710 I C03922/AceNavigation: [(100000:100000:scope)] disable forceSplit, mode:0
09-19 15:11:10.920  4710  4710 I C04208/WMSLayout: UpdateViewportConfig: Id: 47, reason: 23, viewportRect: [0 0 1308 2880], displayOrientation: 0, config[0, 0, 0, 3.500000]
09-19 15:11:10.921  4710  4710 I C03922/AceNavigation: [(100000:100000:scope)] disable forceSplit, mode:0
09-19 15:11:10.921  4710  4710 I C04208/WMSLayout: UpdateViewportConfig: Id: 47, reason: 23, viewportRect: [0 0 1308 2880], displayOrientation: 0, config[0, 0, 0, 3.500000]
09-19 15:11:10.921  4710  4710 I C03925/AceRouter: [(100000:100000:scope)] Page router manager is creating page[1]: url: pages/Index path: pages/Index.js, recoverable: yes, namedRouter: no
09-19 15:11:10.946  4710  4710 I C03f04/MMG: [NMM:1561]Module:file.photoAccessHelper
09-19 15:11:10.947  4710  4710 W C03f04/MMG: [NMM:1466] Name mismatch: file.photoAccessHelperNative != file.photoAccessHelper
09-19 15:11:10.948  4710  4710 I C02b71/MediaLibraryNapi: Common:{Init:156} TaskSignalNapi::Init in
09-19 15:11:10.948  4710  4710 I C02b71/MediaLibraryNapi: Common:{Init:164} TaskSignalNapi::Init success
09-19 15:11:10.950  4710  4710 I C02b01/CAMERA: {63} PickerOnLoad
09-19 15:11:10.951  4710  4710 I C02b01/CAMERA: {463} CameraPickerNapi E
09-19 15:11:10.951  4710  4710 W C03f04/MMG: [NMM:1466] Name mismatch: web.webnativemessagingextensionmanager_napi != web.webNativeMessagingExtensionManager
09-19 15:11:10.952  4710  4710 I C03f04/MMG: [NMM:1561]Module:arkui.node
09-19 15:11:10.963  4710  4710 I C04201/DMS: IfCallbackRegistered: change not registered!
09-19 15:11:10.963  4710  4710 I C04201/DMS: JsDisplayListener: Constructor
09-19 15:11:10.964  4710  4944 I C04215/WMSHierarchy: GetTopWindowWithContext: mainId:47!
09-19 15:11:10.967  4710  4710 I C0391c/AceFocus: [(100000:100000:scope)] Request focus id can not found.
09-19 15:11:10.967  4710  4710 W C03926/AceTheme: [(100000:100000:scope)] style 125829872 not contains scroll_bar_pattern!
09-19 15:11:10.968  4710  4710 W C03926/AceTheme: [(100000:100000:scope)] style scroll_bar_pattern get attr scroll_bar_interactive error!
09-19 15:11:10.968  4710  4710 W C03926/AceTheme: [(100000:100000:scope)] style scroll_bar_pattern not contains arc_scroll_bar_normal_background_width!
09-19 15:11:10.971  4710  4710 W C03926/AceTheme: [(100000:100000:scope)] style 125829872 not contains scrollable_pattern!
09-19 15:11:10.971  4710  4710 W C03926/AceTheme: [(100000:100000:scope)] style scrollable_pattern not contains scroll_able_default_scrolling_distance!
09-19 15:11:10.994  4710  4710 W C03926/AceTheme: [(100000:100000:scope)] style text_pattern not contains linear_split_child_min_size!
09-19 15:11:10.994  4710  4710 W C03926/AceTheme: [(100000:100000:scope)] style text_pattern not contains menu_celia_ask_is_support!
09-19 15:11:10.994  4710  4710 W C03926/AceTheme: [(100000:100000:scope)] style 125829872 not contains app_theme_pattern!
09-19 15:11:10.994  4710  4710 W C01e00/ResourceManager: by id=125835722 limitPaths is empty
09-19 15:11:10.994  4710  4710 E C01e00/ResourceManager: ref <private> id not found
09-19 15:11:10.994  4710  4710 W C01e00/ResourceManager: by id=125835722 limitPaths is empty
09-19 15:11:10.994  4710  4710 E C01e00/ResourceManager: ref <private> id not found
09-19 15:11:10.994  4710  4710 W C03937/AceResource: [(100000:100000:scope)] Get pattern by name error, name=app_theme_pattern, bundleName: com.example.callaite, moduleName: entry
09-19 15:11:10.994  4710  4710 W C01e00/ResourceManager: by id=125835722 limitPaths is empty
09-19 15:11:10.994  4710  4710 E C01e00/ResourceManager: ref <private> id not found
09-19 15:11:10.994  4710  4710 W C01e00/ResourceManager: by id=125835722 limitPaths is empty
09-19 15:11:10.994  4710  4710 E C01e00/ResourceManager: ref <private> id not found
09-19 15:11:10.994  4710  4710 W C03937/AceResource: [(100000:100000:scope)] Get pattern by name error, name=app_theme_pattern
09-19 15:11:10.994  4710  4710 W C03926/AceTheme: [(100000:100000:scope)] style app_theme_pattern not contains app_theme_drag_distancethreshold!
09-19 15:11:11.017  4710  4710 I C0391c/AceFocus: [(100000:100000:scope)] view: page/2 show
09-19 15:11:11.017  4710  4710 I C03922/AceNavigation: [(100000:100000:scope)] can't find inner navigation
09-19 15:11:11.018  4710  4710 I C03933/AceKeyboard: [(100000:100000:scope)] PageChangeCloseKB
09-19 15:11:11.018  4710  4710 I C03925/AceRouter: [(100000:100000:scope)] LoadPage Success
09-19 15:11:11.019  4710  4710 I C04200/JsWindow: CreateJsWindow callaite0
09-19 15:11:11.019  4710  4710 I C0420a/WMSLife: JsWindow: window: callaite0, ctorCnt: 1
09-19 15:11:11.020  4710  4710 I C0420a/WMSLife: CreateJsWindowObject: Add window callaite0
09-19 15:11:11.020  4710  4710 I C0392a/AceUiExtensionComponent: [(-2:100000:singleton)] NotifyWindowMode aliveUIExtensions = 0
09-19 15:11:11.020  4710  4710 I C0394e/AceWindow: [(100000:100000:scope)] Update displayWindowRect in UpdateViewportConfig to : Rect (0.00, 0.00) - [1308.00 x 2880.00]
09-19 15:11:11.020  4710  4710 I C03917/AceSafeArea: [(100000:100000:scope)] SetIsFullScreen 1
09-19 15:11:11.021  4710  4710 I C03900/Ace: [(100000:100000:scope)] Root node request first frame.
09-19 15:11:11.021  4710  4710 I C04202/WMSMain: VsyncCallbackInner: First vsync has come back, nodeId: 20229295964161
09-19 15:11:11.023  4710  4710 I C01408/Text: InitTextBundleConfig: Adapter text height enabled 0
09-19 15:11:11.023  4710  4710 I C01408/Text: InitTextBundleConfig: Disable spacing for control char 0
09-19 15:11:11.023  4710  4710 E C02d34/HistogramClient: ArkGraphics2d.Text.OH_Drawing_TextStyleAddFontVariation is not in metadata.
09-19 15:11:11.120  4710  4710 E C01707/CONCUR: [Interface] task 4947 apply qos failed, errno = 4
09-19 15:11:11.122  4710  4710 E C01707/CONCUR: [Interface] task 4946 apply qos failed, errno = 4
09-19 15:11:11.125  4710  4710 E C01707/CONCUR: [Interface] task 4948 apply qos failed, errno = 4
09-19 15:11:11.131  4710  4710 E C01707/CONCUR: [Interface] task 4947 apply qos failed, errno = 4
09-19 15:11:11.134  4710  4710 E C01707/CONCUR: [Interface] task 4946 apply qos failed, errno = 4
09-19 15:11:11.137  4710  4710 E C01707/CONCUR: [Interface] task 4948 apply qos failed, errno = 4
09-19 15:11:11.231  4710  4710 E C01707/CONCUR: [Interface] task 4947 apply qos failed, errno = 4
09-19 15:11:11.233  4710  4710 E C01707/CONCUR: [Interface] task 4946 apply qos failed, errno = 4
09-19 15:11:11.236  4710  4710 E C01707/CONCUR: [Interface] task 4948 apply qos failed, errno = 4
09-19 15:11:11.239  4710  4710 E C01707/CONCUR: [Interface] task 4947 apply qos failed, errno = 4
09-19 15:11:11.241  4710  4710 E C01707/CONCUR: [Interface] task 4946 apply qos failed, errno = 4
09-19 15:11:11.243  4710  4710 E C01707/CONCUR: [Interface] task 4948 apply qos failed, errno = 4
09-19 15:11:11.353  4710  4710 E C01707/CONCUR: [Interface] task 4947 apply qos failed, errno = 4
09-19 15:11:11.356  4710  4710 E C01707/CONCUR: [Interface] task 4946 apply qos failed, errno = 4
09-19 15:11:11.359  4710  4710 E C01707/CONCUR: [Interface] task 4948 apply qos failed, errno = 4
09-19 15:11:11.366  4710  4710 E C01707/CONCUR: [Interface] task 4947 apply qos failed, errno = 4
09-19 15:11:11.371  4710  4710 E C01707/CONCUR: [Interface] task 4946 apply qos failed, errno = 4
09-19 15:11:11.376  4710  4710 E C01707/CONCUR: [Interface] task 4948 apply qos failed, errno = 4
09-19 15:11:11.480  4710  4710 E C01707/CONCUR: [Interface] task 4947 apply qos failed, errno = 4
09-19 15:11:11.483  4710  4710 E C01707/CONCUR: [Interface] task 4946 apply qos failed, errno = 4
09-19 15:11:11.485  4710  4710 E C01707/CONCUR: [Interface] task 4948 apply qos failed, errno = 4
09-19 15:11:11.488  4710  4710 E C01707/CONCUR: [Interface] task 4947 apply qos failed, errno = 4
09-19 15:11:11.490  4710  4710 E C01707/CONCUR: [Interface] task 4946 apply qos failed, errno = 4
09-19 15:11:11.493  4710  4710 E C01707/CONCUR: [Interface] task 4948 apply qos failed, errno = 4
09-19 15:11:11.594  4710  4710 E C01707/CONCUR: [Interface] task 4947 apply qos failed, errno = 4
09-19 15:11:11.596  4710  4710 E C01707/CONCUR: [Interface] task 4946 apply qos failed, errno = 4
09-19 15:11:11.599  4710  4710 E C01707/CONCUR: [Interface] task 4948 apply qos failed, errno = 4
09-19 15:11:11.602  4710  4710 E C01707/CONCUR: [Interface] task 4947 apply qos failed, errno = 4
09-19 15:11:11.604  4710  4710 E C01707/CONCUR: [Interface] task 4946 apply qos failed, errno = 4
09-19 15:11:11.607  4710  4710 E C01707/CONCUR: [Interface] task 4948 apply qos failed, errno = 4
09-19 15:11:11.710  4710  4710 E C01707/CONCUR: [Interface] task 4947 apply qos failed, errno = 4
09-19 15:11:11.713  4710  4710 E C01707/CONCUR: [Interface] task 4946 apply qos failed, errno = 4
09-19 15:11:11.715  4710  4710 E C01707/CONCUR: [Interface] task 4948 apply qos failed, errno = 4
09-19 15:11:11.719  4710  4710 E C01707/CONCUR: [Interface] task 4947 apply qos failed, errno = 4
09-19 15:11:11.721  4710  4710 E C01707/CONCUR: [Interface] task 4946 apply qos failed, errno = 4
09-19 15:11:11.723  4710  4710 E C01707/CONCUR: [Interface] task 4948 apply qos failed, errno = 4
09-19 15:11:11.830  4710  4710 E C01707/CONCUR: [Interface] task 4947 apply qos failed, errno = 4
09-19 15:11:11.832  4710  4710 E C01707/CONCUR: [Interface] task 4946 apply qos failed, errno = 4
09-19 15:11:11.837  4710  4710 E C01707/CONCUR: [Interface] task 4948 apply qos failed, errno = 4
09-19 15:11:11.840  4710  4710 E C01707/CONCUR: [Interface] task 4947 apply qos failed, errno = 4
09-19 15:11:11.843  4710  4710 E C01707/CONCUR: [Interface] task 4946 apply qos failed, errno = 4
09-19 15:11:11.845  4710  4710 E C01707/CONCUR: [Interface] task 4948 apply qos failed, errno = 4
09-19 15:11:11.953  4710  4710 E C01707/CONCUR: [Interface] task 4947 apply qos failed, errno = 4
09-19 15:11:11.956  4710  4710 E C01707/CONCUR: [Interface] task 4946 apply qos failed, errno = 4
09-19 15:11:11.958  4710  4710 E C01707/CONCUR: [Interface] task 4948 apply qos failed, errno = 4
09-19 15:11:11.963  4710  4710 E C01707/CONCUR: [Interface] task 4947 apply qos failed, errno = 4
09-19 15:11:11.965  4710  4710 E C01707/CONCUR: [Interface] task 4946 apply qos failed, errno = 4
09-19 15:11:11.968  4710  4710 E C01707/CONCUR: [Interface] task 4948 apply qos failed, errno = 4
09-19 15:11:12.081  4710  4710 E C01707/CONCUR: [Interface] task 4947 apply qos failed, errno = 4
09-19 15:11:12.083  4710  4710 E C01707/CONCUR: [Interface] task 4946 apply qos failed, errno = 4
09-19 15:11:12.086  4710  4710 E C01707/CONCUR: [Interface] task 4948 apply qos failed, errno = 4
09-19 15:11:12.089  4710  4710 E C01707/CONCUR: [Interface] task 4947 apply qos failed, errno = 4
09-19 15:11:12.091  4710  4710 E C01707/CONCUR: [Interface] task 4946 apply qos failed, errno = 4
09-19 15:11:12.094  4710  4710 E C01707/CONCUR: [Interface] task 4948 apply qos failed, errno = 4
09-19 15:11:12.206  4710  4710 E C01707/CONCUR: [Interface] task 4947 apply qos failed, errno = 4
09-19 15:11:12.209  4710  4710 E C01707/CONCUR: [Interface] task 4946 apply qos failed, errno = 4
09-19 15:11:12.211  4710  4710 E C01707/CONCUR: [Interface] task 4948 apply qos failed, errno = 4
09-19 15:11:12.215  4710  4710 E C01707/CONCUR: [Interface] task 4947 apply qos failed, errno = 4
09-19 15:11:12.217  4710  4710 E C01707/CONCUR: [Interface] task 4946 apply qos failed, errno = 4
09-19 15:11:12.219  4710  4710 E C01707/CONCUR: [Interface] task 4948 apply qos failed, errno = 4
09-19 15:11:12.334  4710  4710 E C01707/CONCUR: [Interface] task 4947 apply qos failed, errno = 4
09-19 15:11:12.338  4710  4710 E C01707/CONCUR: [Interface] task 4946 apply qos failed, errno = 4
09-19 15:11:12.341  4710  4710 E C01707/CONCUR: [Interface] task 4948 apply qos failed, errno = 4
09-19 15:11:12.344  4710  4710 E C01707/CONCUR: [Interface] task 4947 apply qos failed, errno = 4
09-19 15:11:12.347  4710  4710 E C01707/CONCUR: [Interface] task 4946 apply qos failed, errno = 4
09-19 15:11:12.349  4710  4710 E C01707/CONCUR: [Interface] task 4948 apply qos failed, errno = 4
09-19 15:11:12.461  4710  4710 E C01707/CONCUR: [Interface] task 4947 apply qos failed, errno = 4
09-19 15:11:12.463  4710  4710 E C01707/CONCUR: [Interface] task 4946 apply qos failed, errno = 4
09-19 15:11:12.466  4710  4710 E C01707/CONCUR: [Interface] task 4948 apply qos failed, errno = 4
09-19 15:11:12.469  4710  4710 E C01707/CONCUR: [Interface] task 4947 apply qos failed, errno = 4
09-19 15:11:12.471  4710  4710 E C01707/CONCUR: [Interface] task 4946 apply qos failed, errno = 4
09-19 15:11:12.473  4710  4710 E C01707/CONCUR: [Interface] task 4948 apply qos failed, errno = 4
09-19 15:11:12.586  4710  4710 E C01707/CONCUR: [Interface] task 4947 apply qos failed, errno = 4
09-19 15:11:12.589  4710  4710 E C01707/CONCUR: [Interface] task 4946 apply qos failed, errno = 4
09-19 15:11:12.591  4710  4710 E C01707/CONCUR: [Interface] task 4948 apply qos failed, errno = 4
09-19 15:11:12.594  4710  4710 E C01707/CONCUR: [Interface] task 4947 apply qos failed, errno = 4
09-19 15:11:12.597  4710  4710 E C01707/CONCUR: [Interface] task 4946 apply qos failed, errno = 4
09-19 15:11:12.599  4710  4710 E C01707/CONCUR: [Interface] task 4948 apply qos failed, errno = 4
09-19 15:11:12.713  4710  4710 E C01707/CONCUR: [Interface] task 4947 apply qos failed, errno = 4
09-19 15:11:12.715  4710  4710 E C01707/CONCUR: [Interface] task 4946 apply qos failed, errno = 4
09-19 15:11:12.718  4710  4710 E C01707/CONCUR: [Interface] task 4948 apply qos failed, errno = 4
09-19 15:11:12.721  4710  4710 E C01707/CONCUR: [Interface] task 4947 apply qos failed, errno = 4
09-19 15:11:12.724  4710  4710 E C01707/CONCUR: [Interface] task 4946 apply qos failed, errno = 4
09-19 15:11:12.726  4710  4710 E C01707/CONCUR: [Interface] task 4948 apply qos failed, errno = 4
09-19 15:11:12.839  4710  4710 E C01707/CONCUR: [Interface] task 4947 apply qos failed, errno = 4
09-19 15:11:12.842  4710  4710 E C01707/CONCUR: [Interface] task 4946 apply qos failed, errno = 4
09-19 15:11:12.844  4710  4710 E C01707/CONCUR: [Interface] task 4948 apply qos failed, errno = 4
09-19 15:11:12.847  4710  4710 E C01707/CONCUR: [Interface] task 4947 apply qos failed, errno = 4
09-19 15:11:12.850  4710  4710 E C01707/CONCUR: [Interface] task 4946 apply qos failed, errno = 4
09-19 15:11:12.851  4710  4710 E C01707/CONCUR: [Interface] task 4948 apply qos failed, errno = 4
09-19 15:11:12.969  4710  4710 E C01707/CONCUR: [Interface] task 4947 apply qos failed, errno = 4
09-19 15:11:12.974  4710  4710 E C01707/CONCUR: [Interface] task 4946 apply qos failed, errno = 4
09-19 15:11:12.982  4710  4710 E C01707/CONCUR: [Interface] task 4948 apply qos failed, errno = 4
09-19 15:11:12.993  4710  4710 E C01707/CONCUR: [Interface] task 4947 apply qos failed, errno = 4
09-19 15:11:12.995  4710  4710 E C01707/CONCUR: [Interface] task 4946 apply qos failed, errno = 4
09-19 15:11:12.998  4710  4710 E C01707/CONCUR: [Interface] task 4948 apply qos failed, errno = 4
09-19 15:11:13.112  4710  4710 E C01707/CONCUR: [Interface] task 4947 apply qos failed, errno = 4
09-19 15:11:13.115  4710  4710 E C01707/CONCUR: [Interface] task 4946 apply qos failed, errno = 4
09-19 15:11:13.117  4710  4710 E C01707/CONCUR: [Interface] task 4948 apply qos failed, errno = 4
09-19 15:11:13.122  4710  4710 E C01707/CONCUR: [Interface] task 4947 apply qos failed, errno = 4
09-19 15:11:13.124  4710  4710 E C01707/CONCUR: [Interface] task 4946 apply qos failed, errno = 4
09-19 15:11:13.126  4710  4710 E C01707/CONCUR: [Interface] task 4948 apply qos failed, errno = 4
09-19 15:11:13.159  4710  4710 E C01707/CONCUR: [Interface] task 4947 apply qos failed, errno = 4
09-19 15:11:13.161  4710  4710 E C01707/CONCUR: [Interface] task 4946 apply qos failed, errno = 4
09-19 15:11:13.164  4710  4710 E C01707/CONCUR: [Interface] task 4948 apply qos failed, errno = 4
09-19 15:11:13.168  4710  4710 E C01707/CONCUR: [Interface] task 4947 apply qos failed, errno = 4
09-19 15:11:13.170  4710  4710 E C01707/CONCUR: [Interface] task 4946 apply qos failed, errno = 4
09-19 15:11:13.173  4710  4710 E C01707/CONCUR: [Interface] task 4948 apply qos failed, errno = 4
09-19 15:11:13.206  4710  4710 E C01707/CONCUR: [Interface] task 4947 apply qos failed, errno = 4
09-19 15:11:13.208  4710  4710 E C01707/CONCUR: [Interface] task 4946 apply qos failed, errno = 4
09-19 15:11:13.211  4710  4710 E C01707/CONCUR: [Interface] task 4948 apply qos failed, errno = 4
09-19 15:11:13.214  4710  4710 E C01707/CONCUR: [Interface] task 4947 apply qos failed, errno = 4
09-19 15:11:13.216  4710  4710 E C01707/CONCUR: [Interface] task 4946 apply qos failed, errno = 4
09-19 15:11:13.218  4710  4710 E C01707/CONCUR: [Interface] task 4948 apply qos failed, errno = 4
09-19 15:11:20.539  4710  4930 I C01310/AppDfr: [watchdog.cpp356]Thread may be blocked, not report time. currTime: 1789801880539, lastTime: 1789801873541
09-19 15:11:22.005  4710  4710 E C01707/CONCUR: [Interface] task 4947 apply qos failed, errno = 4
09-19 15:11:22.008  4710  4710 E C01707/CONCUR: [Interface] task 4946 apply qos failed, errno = 4
09-19 15:11:22.010  4710  4710 E C01707/CONCUR: [Interface] task 4948 apply qos failed, errno = 4
09-19 15:11:22.014  4710  4710 E C01707/CONCUR: [Interface] task 4947 apply qos failed, errno = 4
09-19 15:11:22.016  4710  4710 E C01707/CONCUR: [Interface] task 4946 apply qos failed, errno = 4
09-19 15:11:22.018  4710  4710 E C01707/CONCUR: [Interface] task 4948 apply qos failed, errno = 4
09-19 15:11:23.540  4710  4930 W C01310/AppDfr: [appfreeze_inner.cpp760]hisysevent write FREEZE_HALF_HIVIEW_LOG, pid:4710, packageName:, ret:0
09-19 15:11:23.540  4710  4930 W C02d06/XCollie: Sample freeze half file=freeze_20260919151123_4710.txt
09-19 15:11:23.540  4710  4930 I C01310/AppDfr: [appfreeze_inner.cpp595]start to sample freeze stack, eventName:THREAD_BLOCK_3S
09-19 15:11:23.540  4710  4930 W C01310/AppDfr: [appfreeze_inner.cpp627]submit reportAppFreeze, name:THREAD_BLOCK_3S, startTime:2026-09-19 15:11:23.540
09-19 15:11:23.540  4710  4930 E C02d06/XCollie: ThreadSampler initialize failed.
09-19 15:11:23.540  4710  4964 I C01201/EventHandler: EventHandler start dumper!
09-19 15:11:23.540  4710  4964 I C01201/EventHandler: EventHandler end dumper!
09-19 15:11:23.540  4710  4964 W C01310/AppDfr: [appfreeze_inner.cpp683]get mainhandler dump, eventName:THREAD_BLOCK_3S, endTime:2026-09-19 15:11:23.540, interval:1 ms
09-19 15:11:23.541  4710  4964 E C02d06/XCollie: no freeze callback
09-19 15:11:23.541  4710  4964 I C03f00/ArkCompiler: [ecmascript] GC statistic, count: 452, maxPause: 34.155, minPause: 0.382, averagePause: 1.27765, lastStartTime: 1789801883535, lastEndTime: 1789801883535, lastType: Local GC
09-19 15:11:23.541  4710  4964 I C01310/AppDfr: [appfreeze_inner.cpp388]heap info: HEAP_TOTAL_SIZE:16515072,HEAP_OBJECT_SIZE:13805672,HEAP_SHARED_SIZE:850464, process lifeTime: PROCESS_LIFETIME:44s
09-19 15:11:23.552  4710  4944 I C02d11/DfxUnwinder: First enter fp step, pc: <private>
09-19 15:11:23.563  4710  4966 I C01310/AppDfr: [appfreeze_inner.cpp493]get main stack has finished less than 1s
09-19 15:11:23.563  4710  4966 W C01310/AppDfr: [appfreeze_inner.cpp788]NotifyAppFault:THREAD_BLOCK_3S, pid:4710, bundleName:com.example.callaite currentTime:2026-09-19 15:11:23.563, processExit:1 appfreezeInfo:freeze_20260919151123_4710.txt enbleMainThreadSample:0.
09-19 15:11:23.563  4710  4966 I C01311/AppMS: [app_mgr_proxy.cpp1740]called
09-19 15:11:23.663  4710  5039 W C057c1/IPCWorkThread: ThreadHandler: proto:0 policy:0 name:OS_IPC_5_5039 invoker:5400736
catcher cmd: hilog -z 1000 -P end time: 2026/09/19-15:11:23:734
---------------------------------------------------

---------------------------------------------------
MemoryCatcher -- start time: 2026/09/19-15:11:23:734

MemoryCatcher --

Get freeze memory start time: 2026-09-19 15:11:23.564
some avg10=0.00 avg60=0.00 avg300=0.00 total=3353996
full avg10=0.00 avg60=0.00 avg300=0.00 total=776875
MemTotal:        4025340 kB
MemFree:         2067592 kB
MemAvailable:    2695928 kB
Buffers:            7932 kB
Cached:           664804 kB
SwapCached:        27308 kB
Active:           510276 kB
Inactive:        1050412 kB
Active(anon):      61688 kB
Inactive(anon):   850516 kB
Active(file):     448588 kB
Inactive(file):   199896 kB
Unevictable:           0 kB
Mlocked:               0 kB
SwapTotal:       2097148 kB
SwapFree:        1889276 kB
Dirty:                32 kB
Writeback:             0 kB
AnonPages:        876292 kB
Mapped:           382484 kB
Shmem:             24252 kB
KReclaimable:      45924 kB
Slab:             124140 kB
SReclaimable:      45924 kB
SUnreclaim:        78216 kB
KernelStack:       18688 kB
PageTables:        36540 kB
NFS_Unstable:          0 kB
Bounce:                0 kB
WritebackTmp:          0 kB
CommitLimit:     4109816 kB
Committed_AS:   28387400 kB
VmallocTotal:   34359738367 kB
VmallocUsed:       89456 kB
VmallocChunk:          0 kB
Percpu:             1488 kB
DirectMap4k:       24388 kB
DirectMap2M:     4169728 kB
Get freeze memory end time: 2026-09-19 15:11:23.564
don't collect ashmem dmaheap gpumem
MemoryCatcher -- end time: 2026/09/19-15:11:23:739
---------------------------------------------------

---------------------------------------------------
ThermalInfoCatcher -- start time: 2026/09/19-15:11:23:739

ThermalInfoCatcher --

ThermalLevel info: 0
ThermalInfoCatcher -- end time: 2026/09/19-15:11:23:744
---------------------------------------------------


Catcher log total time is 69ms

*******************************************
start time: 2026/09/19-15:11:26:648
DOMAIN = AAFWK
EVENTNAME = THREAD_BLOCK_6S
TIMESTAMP = 2026/09/19-15:11:26:645
PID = 4710
UID = 20020063
TID = 4710
PACKAGE_NAME = com.example.callaite
PROCESS_NAME = com.example.callaite
eventLog_action = t,cmd:c,cmd:cci,cmd:m,cmd:dam,tr,k:SysRqFile,hot,sli
eventLog_interval = 10
this thread has blocked 6000ms.
IS_FROZEN = 0
MainHeap(bytes): Used 12001688, Total 14680064
SharedHeap(bytes): Used 850464, Total 815792128
GC Status: count 571, maxPause 34.155ms, minPause 0.382ms, averagePause 1.21076ms, lastStartTime 2026/09/19-15:11:26.537, lastEndTime 2026/09/19-15:11:26.537, lastType Local GC
I/O(bytes): rchar 2389558, wchar 64376, syscr 1420, syscw 686, read_bytes 0, write_bytes 69632, cancelled_write_bytes 32768
MSG = 
Fault time:2026/09/19-15:11:26
App main thread is not response!

Main handler dump start time: 2026-09-19 15:11:26.540
mainHandler dump is:
 EventHandler dump begin curTime: 2026-09-19 15:11:26.540
 Event runner (Thread name = , Thread ID = 4710) is running
 Current Running: start at 2026-09-19 15:11:11.022, Event { send thread = 4710, send time = 2026-09-19 15:11:11.022, handle time = 2026-11-08 08:13:58.316, trigger time = 2026-09-19 15:11:11.022, task name = vSyncTask, caller = [event_queue.cpp(PostTaskForVsync:235)] }
 History event queue information:
 No. 0 : Event { send thread = 4710, send time = 2026-09-19 15:11:10.914, handle time = 2026-09-19 15:11:10.914, trigger time = 2026-09-19 15:11:11.021, completeTime time = 2026-09-19 15:11:11.021, priority = Low, task name = ArkUISetSingleHandTransform, caller = [task_runner_adapter_impl.cpp(PostTask:35)] }
 No. 1 : Event { send thread = 4710, send time = 2026-09-19 15:11:10.914, handle time = 2026-09-19 15:11:10.914, trigger time = 2026-09-19 15:11:11.021, completeTime time = 2026-09-19 15:11:11.021, priority = Low, task name = ArkUIStatusBarItemColor, caller = [task_runner_adapter_impl.cpp(PostTask:35)] }
 No. 2 : Event { send thread = 4710, send time = 2026-09-19 15:11:10.914, handle time = 2026-09-19 15:11:10.914, trigger time = 2026-09-19 15:11:11.021, completeTime time = 2026-09-19 15:11:11.021, priority = Low, task name = ArkUINotifyWindowMode, caller = [task_runner_adapter_impl.cpp(PostTask:35)] }
 No. 3 : Event { send thread = 4710, send time = 2026-09-19 15:11:10.919, handle time = 2026-09-19 15:11:10.919, trigger time = 2026-09-19 15:11:11.021, completeTime time = 2026-09-19 15:11:11.021, priority = Low, task name = ArkUIUpdateBrightness, caller = [task_runner_adapter_impl.cpp(PostTask:35)] }
 No. 4 : Event { send thread = 4710, send time = 2026-09-19 15:11:10.919, handle time = 2026-09-19 15:11:10.919, trigger time = 2026-09-19 15:11:11.021, completeTime time = 2026-09-19 15:11:11.021, priority = Low, task name = ArkUIUpdateViewportConfig, caller = [task_runner_adapter_impl.cpp(PostTask:35)] }
 No. 5 : Event { send thread = 4710, send time = 2026-09-19 15:11:10.919, handle time = 2026-09-19 15:11:10.919, trigger time = 2026-09-19 15:11:11.021, completeTime time = 2026-09-19 15:11:11.021, priority = Low, task name = ArkUIUpdateSessionViewportConfig, caller = [task_runner_adapter_impl.cpp(PostTask:35)] }
 No. 6 : Event { send thread = 4710, send time = 2026-09-19 15:11:10.920, handle time = 2026-09-19 15:11:10.920, trigger time = 2026-09-19 15:11:11.021, completeTime time = 2026-09-19 15:11:11.021, priority = Low, task name = ArkUIWindowRectChange, caller = [task_runner_adapter_impl.cpp(PostTask:35)] }
 No. 7 : Event { send thread = 4710, send time = 2026-09-19 15:11:10.921, handle time = 2026-09-19 15:11:10.921, trigger time = 2026-09-19 15:11:11.021, completeTime time = 2026-09-19 15:11:11.021, priority = Low, task name = ArkUIUpdateOriginAvoidAreaAndExecuteKeyboardAvoid, caller = [task_runner_adapter_impl.cpp(PostTask:35)] }
 No. 8 : Event { send thread = 4710, send time = 2026-09-19 15:11:10.922, handle time = 2026-09-19 15:11:10.922, trigger time = 2026-09-19 15:11:11.021, completeTime time = 2026-09-19 15:11:11.021, priority = Low, task name = ArkUIUpdateOriginAvoidAreaAndExecuteKeyboardAvoid, caller = [task_runner_adapter_impl.cpp(PostTask:35)] }
 No. 9 : Event { send thread = 4710, send time = 2026-09-19 15:11:10.917, handle time = 2026-09-19 15:11:10.968, trigger time = 2026-09-19 15:11:11.021, completeTime time = 2026-09-19 15:11:11.021, priority = Low, task name = ArkUIIdleTask, caller = [task_runner_adapter_impl.cpp(PostDelayedTask:46)] }
 No. 10 : Event { send thread = 4710, send time = 2026-09-19 15:11:11.022, handle time = 2026-11-08 08:13:58.316, trigger time = 2026-09-19 15:11:11.022, completeTime time = , priority = VIP, task name = vSyncTask, caller = [event_queue.cpp(PostTaskForVsync:235)] }
 No. 11 : Event { send thread = 4710, send time = 2026-09-19 15:11:10.833, handle time = 2026-09-19 15:11:10.833, trigger time = 2026-09-19 15:11:10.853, completeTime time = 2026-09-19 15:11:10.853, priority = Immediate, task name = NotifyAfterDidForeground, caller = [window_session_impl.cpp(NotifyAfterDidForeground:6315)] }
 No. 12 : Event { send thread = 4944, send time = 2026-09-19 15:11:10.823, handle time = 2026-09-19 15:11:10.823, trigger time = 2026-09-19 15:11:10.853, completeTime time = 2026-09-19 15:11:10.853, priority = High, task name = convertSymKey, caller = [ohos_js_environment_impl.cpp(PostTaskToHandler:72)] }
 No. 13 : Event { send thread = 4710, send time = 2026-09-19 15:11:10.827, handle time = 2026-09-19 15:11:10.827, trigger time = 2026-09-19 15:11:10.853, completeTime time = 2026-09-19 15:11:10.920, priority = High, task name = OnLoadContent1, caller = [native_event.cpp(SendEventByEventHandler:322)] }
 No. 14 : Event { send thread = 4710, send time = 2026-09-19 15:11:10.858, handle time = 2026-09-19 15:11:10.858, trigger time = 2026-09-19 15:11:10.920, completeTime time = 2026-09-19 15:11:10.920, priority = VIP, task name = UpdateDisplayValid3, caller = [native_event.cpp(SendEventByEventHandler:322)] }
 No. 15 : Event { send thread = 4929, send time = 2026-09-19 15:11:10.781, handle time = 2026-09-19 15:11:10.781, trigger time = 2026-09-19 15:11:10.920, completeTime time = 2026-09-19 15:11:10.920, priority = Low, task name = WMS_WindowSessionImpl_UpdateRectForOtherReason, caller = [window_session_impl.cpp(UpdateRectForOtherReason:1693)] }
 No. 16 : Event { send thread = 4710, send time = 2026-09-19 15:11:10.920, handle time = 2026-09-19 15:11:10.920, trigger time = 2026-09-19 15:11:10.920, completeTime time = 2026-09-19 15:11:10.920, priority = VIP, task name = UpdateDisplayValid4, caller = [native_event.cpp(SendEventByEventHandler:322)] }
 No. 17 : Event { send thread = 4710, send time = 2026-09-19 15:11:10.792, handle time = 2026-09-19 15:11:10.792, trigger time = 2026-09-19 15:11:10.920, completeTime time = 2026-09-19 15:11:10.921, priority = Low, task name = , caller = [multimodal_event_handler.cpp(InitClient:236)] }
 No. 18 : Event { send thread = 4710, send time = 2026-09-19 15:11:10.885, handle time = 2026-09-19 15:11:10.885, trigger time = 2026-09-19 15:11:10.921, completeTime time = 2026-09-19 15:11:10.921, priority = Low, task name = ArkUISetThreadPriority, caller = [task_runner_adapter_impl.cpp(PostTask:35)] }
 No. 19 : Event { send thread = 4710, send time = 2026-09-19 15:11:10.885, handle time = 2026-09-19 15:11:10.885, trigger time = 2026-09-19 15:11:10.921, completeTime time = 2026-09-19 15:11:10.921, priority = Low, task name = ArkUISetThreadPriority, caller = [task_runner_adapter_impl.cpp(PostTask:35)] }
 No. 20 : Event { send thread = 4710, send time = 2026-09-19 15:11:10.885, handle time = 2026-09-19 15:11:10.885, trigger time = 2026-09-19 15:11:10.921, completeTime time = 2026-09-19 15:11:10.921, priority = Low, task name = ArkUIFillTaskTypeTable, caller = [task_runner_adapter_impl.cpp(PostTask:35)] }
 No. 21 : Event { send thread = 4710, send time = 2026-09-19 15:11:10.885, handle time = 2026-09-19 15:11:10.885, trigger time = 2026-09-19 15:11:10.921, completeTime time = 2026-09-19 15:11:10.921, priority = Low, task name = ArkUIFillTaskTypeTable, caller = [task_runner_adapter_impl.cpp(PostTask:35)] }
 No. 22 : Event { send thread = 4710, send time = 2026-09-19 15:11:10.885, handle time = 2026-09-19 15:11:10.885, trigger time = 2026-09-19 15:11:10.921, completeTime time = 2026-09-19 15:11:10.921, priority = Low, task name = ArkUIFillTaskTypeTable, caller = [task_runner_adapter_impl.cpp(PostTask:35)] }
 No. 23 : Event { send thread = 4710, send time = 2026-09-19 15:11:10.885, handle time = 2026-09-19 15:11:10.885, trigger time = 2026-09-19 15:11:10.921, completeTime time = 2026-09-19 15:11:10.921, priority = Low, task name = ArkUIFillTaskTypeTable, caller = [task_runner_adapter_impl.cpp(PostTask:35)] }
 No. 24 : Event { send thread = 4710, send time = 2026-09-19 15:11:10.886, handle time = 2026-09-19 15:11:10.886, trigger time = 2026-09-19 15:11:10.921, completeTime time = 2026-09-19 15:11:10.921, priority = Low, task name = ArkUISetJsMessageDispatcher, caller = [task_runner_adapter_impl.cpp(PostTask:35)] }
 No. 25 : Event { send thread = 4710, send time = 2026-09-19 15:11:10.887, handle time = 2026-09-19 15:11:10.887, trigger time = 2026-09-19 15:11:10.921, completeTime time = 2026-09-19 15:11:10.921, priority = Low, task name = ArkUIPageSwitchLogStatusChanged, caller = [task_runner_adapter_impl.cpp(PostTask:35)] }
 No. 26 : Event { send thread = 4928, send time = 2026-09-19 15:11:10.910, handle time = 2026-09-19 15:11:10.910, trigger time = 2026-09-19 15:11:10.921, completeTime time = 2026-09-19 15:11:10.921, priority = Low, task name = WMS_WindowSessionImpl_UpdateRectForOtherReason, caller = [window_session_impl.cpp(UpdateRectForOtherReason:1693)] }
 No. 27 : Event { send thread = 4710, send time = 2026-09-19 15:11:10.921, handle time = 2026-09-19 15:11:10.921, trigger time = 2026-09-19 15:11:10.921, completeTime time = 2026-09-19 15:11:10.921, priority = VIP, task name = UpdateDisplayValid5, caller = [native_event.cpp(SendEventByEventHandler:322)] }
 No. 28 : Event { send thread = 4710, send time = 2026-09-19 15:11:10.913, handle time = 2026-09-19 15:11:10.913, trigger time = 2026-09-19 15:11:10.921, completeTime time = 2026-09-19 15:11:10.921, priority = Low, task name = ArkUIParseI18nJsonInfo, caller = [task_runner_adapter_impl.cpp(PostTask:35)] }
 No. 29 : Event { send thread = 4710, send time = 2026-09-19 15:11:10.913, handle time = 2026-09-19 15:11:10.913, trigger time = 2026-09-19 15:11:10.921, completeTime time = 2026-09-19 15:11:11.019, priority = Low, task name = ArkUIRunPageUrl, caller = [task_runner_adapter_impl.cpp(PostTask:35)] }
 No. 30 : Event { send thread = 4966, send time = 2026-09-19 15:11:10.992, handle time = 2026-09-19 15:11:10.992, trigger time = 2026-09-19 15:11:11.019, completeTime time = 2026-09-19 15:11:11.019, priority = Immediate, task name = GetBundleInfoForSelf, caller = [ohos_js_environment_impl.cpp(PostTaskToHandler:72)] }
 No. 31 : Event { send thread = 4944, send time = 2026-09-19 15:11:10.965, handle time = 2026-09-19 15:11:10.965, trigger time = 2026-09-19 15:11:11.019, completeTime time = 2026-09-19 15:11:11.021, priority = High, task name = JsWindowManager::OnGetTopWindow, caller = [ohos_js_environment_impl.cpp(PostTaskToHandler:72)] }
 VIP priority event queue information:
 No.1 : Event { send thread = 4930, send time = 2026-09-19 15:11:13.541, handle time = 2026-09-19 15:11:13.541, id = 1, caller = [watchdog.cpp(Timer:303)] }
 No.2 : Event { send thread = 4930, send time = 2026-09-19 15:11:20.540, handle time = 2026-09-19 15:11:20.540, id = 1, caller = [watchdog.cpp(Timer:303)] }
 No.3 : Event { send thread = 4930, send time = 2026-09-19 15:11:23.540, handle time = 2026-09-19 15:11:23.540, id = 1, caller = [watchdog.cpp(Timer:303)] }
 No.4 : Event { send thread = 4930, send time = 2026-09-19 15:11:26.540, handle time = 2026-09-19 15:11:26.540, id = 1, caller = [watchdog.cpp(Timer:303)] }
 Total size of VIP events : 4
 Immediate priority event queue information:
 Total size of Immediate events : 0
 High priority event queue information:
 No.1 : Event { send thread = 4710, send time = 2026-09-19 15:11:11.021, handle time = 2026-09-19 15:11:11.021, task name = uvLoopTask, caller = [event_queue.cpp(HandleFileDescriptorEvent:313)] }
 Total size of High events : 1
 Low priority event queue information:
 No.1 : Event { send thread = 4710, send time = 2026-09-19 15:11:11.030, handle time = 2026-09-19 15:11:11.081, task name = ArkUIIdleTask, caller = [task_runner_adapter_impl.cpp(PostDelayedTask:46)] }
 No.2 : Event { send thread = 4710, send time = 2026-09-19 15:11:11.030, handle time = 2026-09-19 15:11:11.530, task name = ArkUIVsyncTimeoutCheck, caller = [task_runner_adapter_impl.cpp(PostDelayedTask:46)] }
 No.3 : Event { send thread = 4710, send time = 2026-09-19 15:11:11.029, handle time = 2026-09-19 15:11:11.629, task name = vsync_time_out_task_20229295964161, caller = [vsync_station.cpp(RequestVsync:148)] }
 No.4 : Event { send thread = 4710, send time = 2026-09-19 15:11:10.641, handle time = 2026-09-19 15:11:11.641, task name = AppRecovery:AddAbility, caller = [app_recovery.cpp(AddAbility:133)] }
 No.5 : Event { send thread = 4710, send time = 2026-09-19 15:11:11.030, handle time = 2026-09-19 15:11:14.030, task name = ArkUIVsyncTimeoutCheck, caller = [task_runner_adapter_impl.cpp(PostDelayedTask:46)] }
 No.6 : Event { send thread = 4710, send time = 2026-09-19 15:11:10.962, handle time = 2026-09-19 15:11:15.962, task name = TriggerModuleSerializer, caller = [task_runner_adapter_impl.cpp(PostDelayedTask:46)] }
 Total size of Low events : 6
 Idle priority event queue information:
 No.1 : Event { send thread = 4951, send time = 2026-09-19 15:11:11.138, handle time = 2026-09-19 15:11:11.138, task name = uv_io_cb, caller = [ohos_js_environment_impl.cpp(PostTaskToHandler:72)] }
 No.2 : Event { send thread = 4951, send time = 2026-09-19 15:11:11.379, handle time = 2026-09-19 15:11:11.379, task name = uv_io_cb, caller = [ohos_js_environment_impl.cpp(PostTaskToHandler:72)] }
 Total size of Idle events : 2
 Total event size : 13
Main handler dump end time: 2026-09-19 15:11:26.540

Catche stack trace start time: 2026-09-19 15:11:26.541

Tid:4710, Name:xample.callaite
state=R, utime=1504, stime=73, priority=10, nice=-10, clk=100
#00 pc 0000000000d82bd8 /system/lib64/module/arkcompiler/stub.an(COStub_GrowElementsCapacityStwCopy+1160)
Tid:4940, Name:OS_IPC_2_4940
state=S, utime=0, stime=0, priority=0, nice=-20, clk=100
#00 pc 00000000000dc469 /system/lib/ld-musl-x86_64.so.1(ioctl+185)(74178aa6301b8bad2ac9b6d7f2361221)
#01 pc 0000000000010ca7 /system/lib64/platformsdk/libipc_common.z.so(OHOS::BinderConnector::WriteBinder(unsigned long, void*)+55)(ae9fe169bf1f8b0397c31ba1b67e0e94)
#02 pc 000000000007e34d /system/lib64/platformsdk/libipc_single.z.so(OHOS::BinderInvoker::TransactWithDriver(bool)+269)(216555c1ccaa2644568394a99c5a7547)
#03 pc 000000000007e71a /system/lib64/platformsdk/libipc_single.z.so(OHOS::BinderInvoker::StartWorkLoop()+106)(216555c1ccaa2644568394a99c5a7547)
#04 pc 0000000000080c28 /system/lib64/platformsdk/libipc_single.z.so(OHOS::BinderInvoker::JoinThread(bool)+40)(216555c1ccaa2644568394a99c5a7547)
#05 pc 00000000000769f5 /system/lib64/platformsdk/libipc_single.z.so(OHOS::IPCWorkThread::ThreadHandler(void*)+901)(216555c1ccaa2644568394a99c5a7547)
#06 pc 00000000001299e7 /system/lib/ld-musl-x86_64.so.1(74178aa6301b8bad2ac9b6d7f2361221)
#07 pc 0000000000090f8e /system/lib/ld-musl-x86_64.so.1(74178aa6301b8bad2ac9b6d7f2361221)
Tid:4928, Name:OS_IPC_0_4928
state=S, utime=0, stime=1, priority=0, nice=-20, clk=100
#00 pc 00000000000dc46b /system/lib/ld-musl-x86_64.so.1(ioctl+187)(74178aa6301b8bad2ac9b6d7f2361221)
#01 pc 0000000000010ca7 /system/lib64/platformsdk/libipc_common.z.so(OHOS::BinderConnector::WriteBinder(unsigned long, void*)+55)(ae9fe169bf1f8b0397c31ba1b67e0e94)
#02 pc 000000000007e34d /system/lib64/platformsdk/libipc_single.z.so(OHOS::BinderInvoker::TransactWithDriver(bool)+269)(216555c1ccaa2644568394a99c5a7547)
#03 pc 000000000007e71a /system/lib64/platformsdk/libipc_single.z.so(OHOS::BinderInvoker::StartWorkLoop()+106)(216555c1ccaa2644568394a99c5a7547)
#04 pc 0000000000080c28 /system/lib64/platformsdk/libipc_single.z.so(OHOS::BinderInvoker::JoinThread(bool)+40)(216555c1ccaa2644568394a99c5a7547)
#05 pc 00000000000769f5 /system/lib64/platformsdk/libipc_single.z.so(OHOS::IPCWorkThread::ThreadHandler(void*)+901)(216555c1ccaa2644568394a99c5a7547)
#06 pc 00000000001299e7 /system/lib/ld-musl-x86_64.so.1(74178aa6301b8bad2ac9b6d7f2361221)
#07 pc 0000000000090f8e /system/lib/ld-musl-x86_64.so.1(74178aa6301b8bad2ac9b6d7f2361221)
Tid:4929, Name:OS_IPC_1_4929
state=S, utime=0, stime=0, priority=0, nice=-20, clk=100
#00 pc 00000000000dc46b /system/lib/ld-musl-x86_64.so.1(ioctl+187)(74178aa6301b8bad2ac9b6d7f2361221)
#01 pc 0000000000010ca7 /system/lib64/platformsdk/libipc_common.z.so(OHOS::BinderConnector::WriteBinder(unsigned long, void*)+55)(ae9fe169bf1f8b0397c31ba1b67e0e94)
#02 pc 000000000007e34d /system/lib64/platformsdk/libipc_single.z.so(OHOS::BinderInvoker::TransactWithDriver(bool)+269)(216555c1ccaa2644568394a99c5a7547)
#03 pc 000000000007e71a /system/lib64/platformsdk/libipc_single.z.so(OHOS::BinderInvoker::StartWorkLoop()+106)(216555c1ccaa2644568394a99c5a7547)
#04 pc 0000000000080c28 /system/lib64/platformsdk/libipc_single.z.so(OHOS::BinderInvoker::JoinThread(bool)+40)(216555c1ccaa2644568394a99c5a7547)
#05 pc 00000000000769f5 /system/lib64/platformsdk/libipc_single.z.so(OHOS::IPCWorkThread::ThreadHandler(void*)+901)(216555c1ccaa2644568394a99c5a7547)
#06 pc 00000000001299e7 /system/lib/ld-musl-x86_64.so.1(74178aa6301b8bad2ac9b6d7f2361221)
#07 pc 0000000000090f8e /system/lib/ld-musl-x86_64.so.1(74178aa6301b8bad2ac9b6d7f2361221)
Tid:4930, Name:OS_DfxWatchdog
state=S, utime=0, stime=0, priority=0, nice=-20, clk=100
#00 pc 0000000000125ee9 /system/lib/ld-musl-x86_64.so.1(74178aa6301b8bad2ac9b6d7f2361221)
#01 pc 0000000000127883 /system/lib/ld-musl-x86_64.so.1(pthread_cond_timedwait+195)(74178aa6301b8bad2ac9b6d7f2361221)
#02 pc 00000000000c74e7 /system/lib64/chipset-sdk-sp/libc++.so(std::__h::condition_variable::__do_timed_wait(std::__h::unique_lock<std::__h::mutex>&, std::__h::chrono::time_point<std::__h::chrono::system_clock, std::__h::chrono::duration<long long, std::__h::ratio<1l, 1000000000l>>>)+103)(ca45f3285cb13d8a615c2dcf32305914fbc391ad)
#03 pc 00000000000245a0 /system/lib64/chipset-sdk-sp/libhicollie.z.so(0d0f332b1d543f1b44cdc8747e67264a)
#04 pc 00000000000242a1 /system/lib64/chipset-sdk-sp/libhicollie.z.so(0d0f332b1d543f1b44cdc8747e67264a)
#05 pc 000000000002c17d /system/lib64/chipset-sdk-sp/libhicollie.z.so(0d0f332b1d543f1b44cdc8747e67264a)
#06 pc 00000000001299e7 /system/lib/ld-musl-x86_64.so.1(74178aa6301b8bad2ac9b6d7f2361221)
#07 pc 0000000000090f8e /system/lib/ld-musl-x86_64.so.1(74178aa6301b8bad2ac9b6d7f2361221)
Tid:4932, Name:OS_FFRT_Delay
state=S, utime=0, stime=0, priority=0, nice=-20, clk=100
#00 pc 00000000000b837f /system/lib/ld-musl-x86_64.so.1(epoll_wait+31)(74178aa6301b8bad2ac9b6d7f2361221)
#01 pc 00000000000b2cda /system/lib64/ndk/libffrt.so(6014d53b82cd59820b512f223d249356)
#02 pc 00000000001299e7 /system/lib/ld-musl-x86_64.so.1(74178aa6301b8bad2ac9b6d7f2361221)
#03 pc 0000000000090f8e /system/lib/ld-musl-x86_64.so.1(74178aa6301b8bad2ac9b6d7f2361221)
Tid:4944, Name:OS_FFRT_2_0
state=S, utime=0, stime=2, priority=0, nice=-20, clk=100
#00 pc 0000000000125ee9 /system/lib/ld-musl-x86_64.so.1(74178aa6301b8bad2ac9b6d7f2361221)
#01 pc 0000000000127883 /system/lib/ld-musl-x86_64.so.1(pthread_cond_timedwait+195)(74178aa6301b8bad2ac9b6d7f2361221)
#02 pc 00000000000c74e7 /system/lib64/chipset-sdk-sp/libc++.so(std::__h::condition_variable::__do_timed_wait(std::__h::unique_lock<std::__h::mutex>&, std::__h::chrono::time_point<std::__h::chrono::system_clock, std::__h::chrono::duration<long long, std::__h::ratio<1l, 1000000000l>>>)+103)(ca45f3285cb13d8a615c2dcf32305914fbc391ad)
#03 pc 000000000008bcb0 /system/lib64/ndk/libffrt.so(6014d53b82cd59820b512f223d249356)
#04 pc 00000000000760ef /system/lib64/ndk/libffrt.so(6014d53b82cd59820b512f223d249356)
#05 pc 0000000000075eaf /system/lib64/ndk/libffrt.so(6014d53b82cd59820b512f223d249356)
#06 pc 0000000000075d79 /system/lib64/ndk/libffrt.so(6014d53b82cd59820b512f223d249356)
#07 pc 00000000001299e7 /system/lib/ld-musl-x86_64.so.1(74178aa6301b8bad2ac9b6d7f2361221)
#08 pc 0000000000090f8e /system/lib/ld-musl-x86_64.so.1(74178aa6301b8bad2ac9b6d7f2361221)
Tid:4945, Name:OS_GC_Thread
state=S, utime=0, stime=0, priority=0, nice=-20, clk=100
#00 pc 0000000000125ee9 /system/lib/ld-musl-x86_64.so.1(74178aa6301b8bad2ac9b6d7f2361221)
#01 pc 0000000000127883 /system/lib/ld-musl-x86_64.so.1(pthread_cond_timedwait+195)(74178aa6301b8bad2ac9b6d7f2361221)
#02 pc 00000000009cd4ca /system/lib64/platformsdk/libark_jsruntime.so(3403c0dea7c24e42adea4ee0f5dd2803)
#03 pc 00000000009cd443 /system/lib64/platformsdk/libark_jsruntime.so(3403c0dea7c24e42adea4ee0f5dd2803)
#04 pc 00000000009cd8b5 /system/lib64/platformsdk/libark_jsruntime.so(3403c0dea7c24e42adea4ee0f5dd2803)
#05 pc 00000000001299e7 /system/lib/ld-musl-x86_64.so.1(74178aa6301b8bad2ac9b6d7f2361221)
#06 pc 0000000000090f8e /system/lib/ld-musl-x86_64.so.1(74178aa6301b8bad2ac9b6d7f2361221)
Tid:4946, Name:OS_GC_Thread
state=S, utime=14, stime=8, priority=0, nice=-20, clk=100
#00 pc 0000000000125ee9 /system/lib/ld-musl-x86_64.so.1(74178aa6301b8bad2ac9b6d7f2361221)
#01 pc 0000000000127883 /system/lib/ld-musl-x86_64.so.1(pthread_cond_timedwait+195)(74178aa6301b8bad2ac9b6d7f2361221)
#02 pc 00000000000c7451 /system/lib64/chipset-sdk-sp/libc++.so(std::__h::condition_variable::wait(std::__h::unique_lock<std::__h::mutex>&)+17)(ca45f3285cb13d8a615c2dcf32305914fbc391ad)
#03 pc 0000000000a298fd /system/lib64/platformsdk/libark_jsruntime.so(3403c0dea7c24e42adea4ee0f5dd2803)
#04 pc 0000000000a29475 /system/lib64/platformsdk/libark_jsruntime.so(3403c0dea7c24e42adea4ee0f5dd2803)
#05 pc 0000000000a2955a /system/lib64/platformsdk/libark_jsruntime.so(3403c0dea7c24e42adea4ee0f5dd2803)
#06 pc 00000000001299e7 /system/lib/ld-musl-x86_64.so.1(74178aa6301b8bad2ac9b6d7f2361221)
#07 pc 0000000000090f8e /system/lib/ld-musl-x86_64.so.1(74178aa6301b8bad2ac9b6d7f2361221)
Tid:4947, Name:OS_GC_Thread
state=S, utime=9, stime=16, priority=0, nice=-20, clk=100
#00 pc 0000000000125ee9 /system/lib/ld-musl-x86_64.so.1(74178aa6301b8bad2ac9b6d7f2361221)
#01 pc 0000000000127883 /system/lib/ld-musl-x86_64.so.1(pthread_cond_timedwait+195)(74178aa6301b8bad2ac9b6d7f2361221)
#02 pc 00000000000c7451 /system/lib64/chipset-sdk-sp/libc++.so(std::__h::condition_variable::wait(std::__h::unique_lock<std::__h::mutex>&)+17)(ca45f3285cb13d8a615c2dcf32305914fbc391ad)
#03 pc 0000000000a298fd /system/lib64/platformsdk/libark_jsruntime.so(3403c0dea7c24e42adea4ee0f5dd2803)
#04 pc 0000000000a29475 /system/lib64/platformsdk/libark_jsruntime.so(3403c0dea7c24e42adea4ee0f5dd2803)
#05 pc 0000000000a2955a /system/lib64/platformsdk/libark_jsruntime.so(3403c0dea7c24e42adea4ee0f5dd2803)
#06 pc 00000000001299e7 /system/lib/ld-musl-x86_64.so.1(74178aa6301b8bad2ac9b6d7f2361221)
#07 pc 0000000000090f8e /system/lib/ld-musl-x86_64.so.1(74178aa6301b8bad2ac9b6d7f2361221)
Tid:4948, Name:OS_GC_Thread
state=S, utime=13, stime=10, priority=0, nice=-20, clk=100
#00 pc 0000000000125ee9 /system/lib/ld-musl-x86_64.so.1(74178aa6301b8bad2ac9b6d7f2361221)
#01 pc 0000000000127883 /system/lib/ld-musl-x86_64.so.1(pthread_cond_timedwait+195)(74178aa6301b8bad2ac9b6d7f2361221)
#02 pc 00000000000c7451 /system/lib64/chipset-sdk-sp/libc++.so(std::__h::condition_variable::wait(std::__h::unique_lock<std::__h::mutex>&)+17)(ca45f3285cb13d8a615c2dcf32305914fbc391ad)
#03 pc 0000000000a298fd /system/lib64/platformsdk/libark_jsruntime.so(3403c0dea7c24e42adea4ee0f5dd2803)
#04 pc 0000000000a29475 /system/lib64/platformsdk/libark_jsruntime.so(3403c0dea7c24e42adea4ee0f5dd2803)
#05 pc 0000000000a2955a /system/lib64/platformsdk/libark_jsruntime.so(3403c0dea7c24e42adea4ee0f5dd2803)
#06 pc 00000000001299e7 /system/lib/ld-musl-x86_64.so.1(74178aa6301b8bad2ac9b6d7f2361221)
#07 pc 0000000000090f8e /system/lib/ld-musl-x86_64.so.1(74178aa6301b8bad2ac9b6d7f2361221)
Tid:4949, Name:OS_FFRT_3_0
state=S, utime=6, stime=9, priority=0, nice=-20, clk=100
#00 pc 0000000000125ee9 /system/lib/ld-musl-x86_64.so.1(74178aa6301b8bad2ac9b6d7f2361221)
#01 pc 0000000000127883 /system/lib/ld-musl-x86_64.so.1(pthread_cond_timedwait+195)(74178aa6301b8bad2ac9b6d7f2361221)
#02 pc 00000000000c74e7 /system/lib64/chipset-sdk-sp/libc++.so(std::__h::condition_variable::__do_timed_wait(std::__h::unique_lock<std::__h::mutex>&, std::__h::chrono::time_point<std::__h::chrono::system_clock, std::__h::chrono::duration<long long, std::__h::ratio<1l, 1000000000l>>>)+103)(ca45f3285cb13d8a615c2dcf32305914fbc391ad)
#03 pc 000000000008bcb0 /system/lib64/ndk/libffrt.so(6014d53b82cd59820b512f223d249356)
#04 pc 00000000000760ef /system/lib64/ndk/libffrt.so(6014d53b82cd59820b512f223d249356)
#05 pc 0000000000075eaf /system/lib64/ndk/libffrt.so(6014d53b82cd59820b512f223d249356)
#06 pc 0000000000075d79 /system/lib64/ndk/libffrt.so(6014d53b82cd59820b512f223d249356)
#07 pc 00000000001299e7 /system/lib/ld-musl-x86_64.so.1(74178aa6301b8bad2ac9b6d7f2361221)
#08 pc 0000000000090f8e /system/lib/ld-musl-x86_64.so.1(74178aa6301b8bad2ac9b6d7f2361221)
Tid:4950, Name:OS_hdcRegister
state=S, utime=0, stime=0, priority=0, nice=-20, clk=100
#00 pc 00000000000b837f /system/lib/ld-musl-x86_64.so.1(epoll_wait+31)(74178aa6301b8bad2ac9b6d7f2361221)
#01 pc 000000000000660f /system/lib64/platformsdk/libhdc_register.z.so(Hdc::HdcJdwpSimulator::ReadFromJdwp()+367)(4c41d0541b0381aaf6674e818696d512)
#02 pc 0000000000006ba3 /system/lib64/platformsdk/libhdc_register.z.so(Hdc::HdcJdwpSimulator::Connect()+195)(4c41d0541b0381aaf6674e818696d512)
#03 pc 00000000000052ef /system/lib64/platformsdk/libhdc_register.z.so(Hdc::HdcConnectRun(void*)+559)(4c41d0541b0381aaf6674e818696d512)
#04 pc 00000000001299e7 /system/lib/ld-musl-x86_64.so.1(74178aa6301b8bad2ac9b6d7f2361221)
#05 pc 0000000000090f8e /system/lib/ld-musl-x86_64.so.1(74178aa6301b8bad2ac9b6d7f2361221)
Tid:4951, Name:OS_FFRT_0_0
state=S, utime=0, stime=0, priority=0, nice=-20, clk=100
#00 pc 0000000000125ee9 /system/lib/ld-musl-x86_64.so.1(74178aa6301b8bad2ac9b6d7f2361221)
#01 pc 0000000000127883 /system/lib/ld-musl-x86_64.so.1(pthread_cond_timedwait+195)(74178aa6301b8bad2ac9b6d7f2361221)
#02 pc 00000000000c74e7 /system/lib64/chipset-sdk-sp/libc++.so(std::__h::condition_variable::__do_timed_wait(std::__h::unique_lock<std::__h::mutex>&, std::__h::chrono::time_point<std::__h::chrono::system_clock, std::__h::chrono::duration<long long, std::__h::ratio<1l, 1000000000l>>>)+103)(ca45f3285cb13d8a615c2dcf32305914fbc391ad)
#03 pc 000000000008bcb0 /system/lib64/ndk/libffrt.so(6014d53b82cd59820b512f223d249356)
#04 pc 00000000000760ef /system/lib64/ndk/libffrt.so(6014d53b82cd59820b512f223d249356)
#05 pc 0000000000075eaf /system/lib64/ndk/libffrt.so(6014d53b82cd59820b512f223d249356)
#06 pc 0000000000075d79 /system/lib64/ndk/libffrt.so(6014d53b82cd59820b512f223d249356)
#07 pc 00000000001299e7 /system/lib/ld-musl-x86_64.so.1(74178aa6301b8bad2ac9b6d7f2361221)
#08 pc 0000000000090f8e /system/lib/ld-musl-x86_64.so.1(74178aa6301b8bad2ac9b6d7f2361221)
Tid:4959, Name:sandbox_thread
state=S, utime=0, stime=0, priority=0, nice=-20, clk=100
#00 pc 0000000000125ee9 /system/lib/ld-musl-x86_64.so.1(74178aa6301b8bad2ac9b6d7f2361221)
#01 pc 0000000000127883 /system/lib/ld-musl-x86_64.so.1(pthread_cond_timedwait+195)(74178aa6301b8bad2ac9b6d7f2361221)
#02 pc 00000000000c7451 /system/lib64/chipset-sdk-sp/libc++.so(std::__h::condition_variable::wait(std::__h::unique_lock<std::__h::mutex>&)+17)(ca45f3285cb13d8a615c2dcf32305914fbc391ad)
#03 pc 00000000000086d7 /system/lib64/platformsdk/libsandboxlog.so(15f86dfff1c9aa3778b113b4e1f84fe4)
#04 pc 0000000000009363 /system/lib64/platformsdk/libsandboxlog.so(15f86dfff1c9aa3778b113b4e1f84fe4)
#05 pc 00000000001299e7 /system/lib/ld-musl-x86_64.so.1(74178aa6301b8bad2ac9b6d7f2361221)
#06 pc 0000000000090f8e /system/lib/ld-musl-x86_64.so.1(74178aa6301b8bad2ac9b6d7f2361221)
Tid:4961, Name:xample.callaite
state=S, utime=0, stime=0, priority=0, nice=-20, clk=100
#00 pc 000000000013100d /system/lib/ld-musl-x86_64.so.1(nanosleep+13)(74178aa6301b8bad2ac9b6d7f2361221)
#01 pc 00000000000d9b9a /system/lib64/chipset-sdk-sp/libc++.so(std::__h::this_thread::sleep_for(std::__h::chrono::duration<long long, std::__h::ratio<1l, 1000000000l>> const&)+90)(ca45f3285cb13d8a615c2dcf32305914fbc391ad)
#02 pc 0000000000015f52 /system/lib64/platformsdk/libhistogram.z.so(bcaef44ffc0c920a27140798ab5f7654)
#03 pc 00000000001299e7 /system/lib/ld-musl-x86_64.so.1(74178aa6301b8bad2ac9b6d7f2361221)
#04 pc 0000000000090f8e /system/lib/ld-musl-x86_64.so.1(74178aa6301b8bad2ac9b6d7f2361221)
Tid:4962, Name:OS_EVENT_POLL
state=S, utime=0, stime=0, priority=0, nice=-20, clk=100
#00 pc 00000000000b837f /system/lib/ld-musl-x86_64.so.1(epoll_wait+31)(74178aa6301b8bad2ac9b6d7f2361221)
#01 pc 000000000001a0fc /system/lib64/chipset-sdk-sp/libeventhandler.z.so(d20098a20e88abe540f8f998e7a8bdcc)
#02 pc 000000000001b2e6 /system/lib64/chipset-sdk-sp/libeventhandler.z.so(d20098a20e88abe540f8f998e7a8bdcc)
#03 pc 00000000001299e7 /system/lib/ld-musl-x86_64.so.1(74178aa6301b8bad2ac9b6d7f2361221)
#04 pc 0000000000090f8e /system/lib/ld-musl-x86_64.so.1(74178aa6301b8bad2ac9b6d7f2361221)
Tid:4964, Name:OS_FFRT_3_2
state=S, utime=0, stime=0, priority=0, nice=-20, clk=100
#00 pc 0000000000125ee9 /system/lib/ld-musl-x86_64.so.1(74178aa6301b8bad2ac9b6d7f2361221)
#01 pc 0000000000127883 /system/lib/ld-musl-x86_64.so.1(pthread_cond_timedwait+195)(74178aa6301b8bad2ac9b6d7f2361221)
#02 pc 00000000000c74e7 /system/lib64/chipset-sdk-sp/libc++.so(std::__h::condition_variable::__do_timed_wait(std::__h::unique_lock<std::__h::mutex>&, std::__h::chrono::time_point<std::__h::chrono::system_clock, std::__h::chrono::duration<long long, std::__h::ratio<1l, 1000000000l>>>)+103)(ca45f3285cb13d8a615c2dcf32305914fbc391ad)
#03 pc 000000000008bcb0 /system/lib64/ndk/libffrt.so(6014d53b82cd59820b512f223d249356)
#04 pc 00000000000760ef /system/lib64/ndk/libffrt.so(6014d53b82cd59820b512f223d249356)
#05 pc 0000000000075eaf /system/lib64/ndk/libffrt.so(6014d53b82cd59820b512f223d249356)
#06 pc 0000000000075d79 /system/lib64/ndk/libffrt.so(6014d53b82cd59820b512f223d249356)
#07 pc 00000000001299e7 /system/lib/ld-musl-x86_64.so.1(74178aa6301b8bad2ac9b6d7f2361221)
#08 pc 0000000000090f8e /system/lib/ld-musl-x86_64.so.1(74178aa6301b8bad2ac9b6d7f2361221)
Tid:4965, Name:OS_FFRT_3_1
state=S, utime=0, stime=0, priority=0, nice=-20, clk=100
#00 pc 0000000000125ee9 /system/lib/ld-musl-x86_64.so.1(74178aa6301b8bad2ac9b6d7f2361221)
#01 pc 0000000000127883 /system/lib/ld-musl-x86_64.so.1(pthread_cond_timedwait+195)(74178aa6301b8bad2ac9b6d7f2361221)
#02 pc 00000000000c74e7 /system/lib64/chipset-sdk-sp/libc++.so(std::__h::condition_variable::__do_timed_wait(std::__h::unique_lock<std::__h::mutex>&, std::__h::chrono::time_point<std::__h::chrono::system_clock, std::__h::chrono::duration<long long, std::__h::ratio<1l, 1000000000l>>>)+103)(ca45f3285cb13d8a615c2dcf32305914fbc391ad)
#03 pc 000000000008bcb0 /system/lib64/ndk/libffrt.so(6014d53b82cd59820b512f223d249356)
#04 pc 00000000000760ef /system/lib64/ndk/libffrt.so(6014d53b82cd59820b512f223d249356)
#05 pc 0000000000075eaf /system/lib64/ndk/libffrt.so(6014d53b82cd59820b512f223d249356)
#06 pc 0000000000075d79 /system/lib64/ndk/libffrt.so(6014d53b82cd59820b512f223d249356)
#07 pc 00000000001299e7 /system/lib/ld-musl-x86_64.so.1(74178aa6301b8bad2ac9b6d7f2361221)
#08 pc 0000000000090f8e /system/lib/ld-musl-x86_64.so.1(74178aa6301b8bad2ac9b6d7f2361221)
Tid:4966, Name:OS_FFRT_3_3
state=S, utime=0, stime=0, priority=0, nice=-20, clk=100
#00 pc 0000000000125ee9 /system/lib/ld-musl-x86_64.so.1(74178aa6301b8bad2ac9b6d7f2361221)
#01 pc 0000000000127883 /system/lib/ld-musl-x86_64.so.1(pthread_cond_timedwait+195)(74178aa6301b8bad2ac9b6d7f2361221)
#02 pc 00000000000c74e7 /system/lib64/chipset-sdk-sp/libc++.so(std::__h::condition_variable::__do_timed_wait(std::__h::unique_lock<std::__h::mutex>&, std::__h::chrono::time_point<std::__h::chrono::system_clock, std::__h::chrono::duration<long long, std::__h::ratio<1l, 1000000000l>>>)+103)(ca45f3285cb13d8a615c2dcf32305914fbc391ad)
#03 pc 000000000008bcb0 /system/lib64/ndk/libffrt.so(6014d53b82cd59820b512f223d249356)
#04 pc 00000000000760ef /system/lib64/ndk/libffrt.so(6014d53b82cd59820b512f223d249356)
#05 pc 0000000000075eaf /system/lib64/ndk/libffrt.so(6014d53b82cd59820b512f223d249356)
#06 pc 0000000000075d79 /system/lib64/ndk/libffrt.so(6014d53b82cd59820b512f223d249356)
#07 pc 00000000001299e7 /system/lib/ld-musl-x86_64.so.1(74178aa6301b8bad2ac9b6d7f2361221)
#08 pc 0000000000090f8e /system/lib/ld-musl-x86_64.so.1(74178aa6301b8bad2ac9b6d7f2361221)
Tid:4968, Name:OS_MainDisplayS
state=S, utime=0, stime=0, priority=0, nice=-20, clk=100
#00 pc 00000000000b837f /system/lib/ld-musl-x86_64.so.1(epoll_wait+31)(74178aa6301b8bad2ac9b6d7f2361221)
#01 pc 000000000001ceee /system/lib64/chipset-sdk-sp/libeventhandler.z.so(d20098a20e88abe540f8f998e7a8bdcc)
#02 pc 00000000000230bf /system/lib64/chipset-sdk-sp/libeventhandler.z.so(OHOS::AppExecFwk::EventQueue::WaitUntilLocked(std::__h::chrono::time_point<std::__h::chrono::steady_clock, std::__h::chrono::duration<long long, std::__h::ratio<1l, 1000000000l>>> const&, OHOS::AppExecFwk::UniqueLockBase&, bool)+79)(d20098a20e88abe540f8f998e7a8bdcc)
#03 pc 00000000000282df /system/lib64/chipset-sdk-sp/libeventhandler.z.so(OHOS::AppExecFwk::EventQueueBase::GetEvent()+207)(d20098a20e88abe540f8f998e7a8bdcc)
#04 pc 0000000000033985 /system/lib64/chipset-sdk-sp/libeventhandler.z.so(d20098a20e88abe540f8f998e7a8bdcc)
#05 pc 0000000000030352 /system/lib64/chipset-sdk-sp/libeventhandler.z.so(d20098a20e88abe540f8f998e7a8bdcc)
#06 pc 00000000000357c3 /system/lib64/chipset-sdk-sp/libeventhandler.z.so(d20098a20e88abe540f8f998e7a8bdcc)
#07 pc 00000000001299e7 /system/lib/ld-musl-x86_64.so.1(74178aa6301b8bad2ac9b6d7f2361221)
#08 pc 0000000000090f8e /system/lib/ld-musl-x86_64.so.1(74178aa6301b8bad2ac9b6d7f2361221)
Tid:4969, Name:OS_IPC_3_4969
state=S, utime=0, stime=0, priority=0, nice=-20, clk=100
#00 pc 00000000000dc46b /system/lib/ld-musl-x86_64.so.1(ioctl+187)(74178aa6301b8bad2ac9b6d7f2361221)
#01 pc 0000000000010ca7 /system/lib64/platformsdk/libipc_common.z.so(OHOS::BinderConnector::WriteBinder(unsigned long, void*)+55)(ae9fe169bf1f8b0397c31ba1b67e0e94)
#02 pc 000000000007e34d /system/lib64/platformsdk/libipc_single.z.so(OHOS::BinderInvoker::TransactWithDriver(bool)+269)(216555c1ccaa2644568394a99c5a7547)
#03 pc 000000000007e71a /system/lib64/platformsdk/libipc_single.z.so(OHOS::BinderInvoker::StartWorkLoop()+106)(216555c1ccaa2644568394a99c5a7547)
#04 pc 0000000000080c28 /system/lib64/platformsdk/libipc_single.z.so(OHOS::BinderInvoker::JoinThread(bool)+40)(216555c1ccaa2644568394a99c5a7547)
#05 pc 00000000000769f5 /system/lib64/platformsdk/libipc_single.z.so(OHOS::IPCWorkThread::ThreadHandler(void*)+901)(216555c1ccaa2644568394a99c5a7547)
#06 pc 00000000001299e7 /system/lib/ld-musl-x86_64.so.1(74178aa6301b8bad2ac9b6d7f2361221)
#07 pc 0000000000090f8e /system/lib/ld-musl-x86_64.so.1(74178aa6301b8bad2ac9b6d7f2361221)
Tid:4970, Name:ace.bg.1
state=S, utime=0, stime=0, priority=0, nice=-20, clk=100
#00 pc 0000000000125ee9 /system/lib/ld-musl-x86_64.so.1(74178aa6301b8bad2ac9b6d7f2361221)
#01 pc 0000000000127883 /system/lib/ld-musl-x86_64.so.1(pthread_cond_timedwait+195)(74178aa6301b8bad2ac9b6d7f2361221)
#02 pc 00000000000c7451 /system/lib64/chipset-sdk-sp/libc++.so(std::__h::condition_variable::wait(std::__h::unique_lock<std::__h::mutex>&)+17)(ca45f3285cb13d8a615c2dcf32305914fbc391ad)
#03 pc 000000000148ac32 /system/lib64/platformsdk/libace_compatible.z.so(cb476043f6fb29150d891bc788a45885)
#04 pc 000000000148afa2 /system/lib64/platformsdk/libace_compatible.z.so(cb476043f6fb29150d891bc788a45885)
#05 pc 00000000001299e7 /system/lib/ld-musl-x86_64.so.1(74178aa6301b8bad2ac9b6d7f2361221)
#06 pc 0000000000090f8e /system/lib/ld-musl-x86_64.so.1(74178aa6301b8bad2ac9b6d7f2361221)
Tid:4971, Name:ace.bg.2
state=S, utime=0, stime=0, priority=0, nice=-20, clk=100
#00 pc 0000000000125ee9 /system/lib/ld-musl-x86_64.so.1(74178aa6301b8bad2ac9b6d7f2361221)
#01 pc 0000000000127883 /system/lib/ld-musl-x86_64.so.1(pthread_cond_timedwait+195)(74178aa6301b8bad2ac9b6d7f2361221)
#02 pc 00000000000c7451 /system/lib64/chipset-sdk-sp/libc++.so(std::__h::condition_variable::wait(std::__h::unique_lock<std::__h::mutex>&)+17)(ca45f3285cb13d8a615c2dcf32305914fbc391ad)
#03 pc 000000000148ac32 /system/lib64/platformsdk/libace_compatible.z.so(cb476043f6fb29150d891bc788a45885)
#04 pc 000000000148afa2 /system/lib64/platformsdk/libace_compatible.z.so(cb476043f6fb29150d891bc788a45885)
#05 pc 00000000001299e7 /system/lib/ld-musl-x86_64.so.1(74178aa6301b8bad2ac9b6d7f2361221)
#06 pc 0000000000090f8e /system/lib/ld-musl-x86_64.so.1(74178aa6301b8bad2ac9b6d7f2361221)
Tid:4972, Name:ace.bg.3
state=S, utime=0, stime=0, priority=0, nice=-20, clk=100
#00 pc 0000000000125ee9 /system/lib/ld-musl-x86_64.so.1(74178aa6301b8bad2ac9b6d7f2361221)
#01 pc 0000000000127883 /system/lib/ld-musl-x86_64.so.1(pthread_cond_timedwait+195)(74178aa6301b8bad2ac9b6d7f2361221)
#02 pc 00000000000c7451 /system/lib64/chipset-sdk-sp/libc++.so(std::__h::condition_variable::wait(std::__h::unique_lock<std::__h::mutex>&)+17)(ca45f3285cb13d8a615c2dcf32305914fbc391ad)
#03 pc 000000000148ac32 /system/lib64/platformsdk/libace_compatible.z.so(cb476043f6fb29150d891bc788a45885)
#04 pc 000000000148afa2 /system/lib64/platformsdk/libace_compatible.z.so(cb476043f6fb29150d891bc788a45885)
#05 pc 00000000001299e7 /system/lib/ld-musl-x86_64.so.1(74178aa6301b8bad2ac9b6d7f2361221)
#06 pc 0000000000090f8e /system/lib/ld-musl-x86_64.so.1(74178aa6301b8bad2ac9b6d7f2361221)
Tid:4973, Name:ace.bg.4
state=S, utime=0, stime=0, priority=0, nice=-20, clk=100
#00 pc 0000000000125ee9 /system/lib/ld-musl-x86_64.so.1(74178aa6301b8bad2ac9b6d7f2361221)
#01 pc 0000000000127883 /system/lib/ld-musl-x86_64.so.1(pthread_cond_timedwait+195)(74178aa6301b8bad2ac9b6d7f2361221)
#02 pc 00000000000c7451 /system/lib64/chipset-sdk-sp/libc++.so(std::__h::condition_variable::wait(std::__h::unique_lock<std::__h::mutex>&)+17)(ca45f3285cb13d8a615c2dcf32305914fbc391ad)
#03 pc 000000000148ac32 /system/lib64/platformsdk/libace_compatible.z.so(cb476043f6fb29150d891bc788a45885)
#04 pc 000000000148afa2 /system/lib64/platformsdk/libace_compatible.z.so(cb476043f6fb29150d891bc788a45885)
#05 pc 00000000001299e7 /system/lib/ld-musl-x86_64.so.1(74178aa6301b8bad2ac9b6d7f2361221)
#06 pc 0000000000090f8e /system/lib/ld-musl-x86_64.so.1(74178aa6301b8bad2ac9b6d7f2361221)
Tid:4974, Name:ace.bg.5
state=S, utime=0, stime=0, priority=0, nice=-20, clk=100
#00 pc 0000000000125ee9 /system/lib/ld-musl-x86_64.so.1(74178aa6301b8bad2ac9b6d7f2361221)
#01 pc 0000000000127883 /system/lib/ld-musl-x86_64.so.1(pthread_cond_timedwait+195)(74178aa6301b8bad2ac9b6d7f2361221)
#02 pc 00000000000c7451 /system/lib64/chipset-sdk-sp/libc++.so(std::__h::condition_variable::wait(std::__h::unique_lock<std::__h::mutex>&)+17)(ca45f3285cb13d8a615c2dcf32305914fbc391ad)
#03 pc 000000000148ac32 /system/lib64/platformsdk/libace_compatible.z.so(cb476043f6fb29150d891bc788a45885)
#04 pc 000000000148afa2 /system/lib64/platformsdk/libace_compatible.z.so(cb476043f6fb29150d891bc788a45885)
#05 pc 00000000001299e7 /system/lib/ld-musl-x86_64.so.1(74178aa6301b8bad2ac9b6d7f2361221)
#06 pc 0000000000090f8e /system/lib/ld-musl-x86_64.so.1(74178aa6301b8bad2ac9b6d7f2361221)
Tid:4975, Name:ace.bg.6
state=S, utime=0, stime=0, priority=0, nice=-20, clk=100
#00 pc 0000000000125ee9 /system/lib/ld-musl-x86_64.so.1(74178aa6301b8bad2ac9b6d7f2361221)
#01 pc 0000000000127883 /system/lib/ld-musl-x86_64.so.1(pthread_cond_timedwait+195)(74178aa6301b8bad2ac9b6d7f2361221)
#02 pc 00000000000c7451 /system/lib64/chipset-sdk-sp/libc++.so(std::__h::condition_variable::wait(std::__h::unique_lock<std::__h::mutex>&)+17)(ca45f3285cb13d8a615c2dcf32305914fbc391ad)
#03 pc 000000000148ac32 /system/lib64/platformsdk/libace_compatible.z.so(cb476043f6fb29150d891bc788a45885)
#04 pc 000000000148afa2 /system/lib64/platformsdk/libace_compatible.z.so(cb476043f6fb29150d891bc788a45885)
#05 pc 00000000001299e7 /system/lib/ld-musl-x86_64.so.1(74178aa6301b8bad2ac9b6d7f2361221)
#06 pc 0000000000090f8e /system/lib/ld-musl-x86_64.so.1(74178aa6301b8bad2ac9b6d7f2361221)
Tid:4976, Name:ace.bg.7
state=S, utime=0, stime=0, priority=0, nice=-20, clk=100
#00 pc 0000000000125ee9 /system/lib/ld-musl-x86_64.so.1(74178aa6301b8bad2ac9b6d7f2361221)
#01 pc 0000000000127883 /system/lib/ld-musl-x86_64.so.1(pthread_cond_timedwait+195)(74178aa6301b8bad2ac9b6d7f2361221)
#02 pc 00000000000c7451 /system/lib64/chipset-sdk-sp/libc++.so(std::__h::condition_variable::wait(std::__h::unique_lock<std::__h::mutex>&)+17)(ca45f3285cb13d8a615c2dcf32305914fbc391ad)
#03 pc 000000000148ac32 /system/lib64/platformsdk/libace_compatible.z.so(cb476043f6fb29150d891bc788a45885)
#04 pc 000000000148afa2 /system/lib64/platformsdk/libace_compatible.z.so(cb476043f6fb29150d891bc788a45885)
#05 pc 00000000001299e7 /system/lib/ld-musl-x86_64.so.1(74178aa6301b8bad2ac9b6d7f2361221)
#06 pc 0000000000090f8e /system/lib/ld-musl-x86_64.so.1(74178aa6301b8bad2ac9b6d7f2361221)
Tid:4977, Name:ace.bg.8
state=S, utime=0, stime=0, priority=0, nice=-20, clk=100
#00 pc 0000000000125ee9 /system/lib/ld-musl-x86_64.so.1(74178aa6301b8bad2ac9b6d7f2361221)
#01 pc 0000000000127883 /system/lib/ld-musl-x86_64.so.1(pthread_cond_timedwait+195)(74178aa6301b8bad2ac9b6d7f2361221)
#02 pc 00000000000c7451 /system/lib64/chipset-sdk-sp/libc++.so(std::__h::condition_variable::wait(std::__h::unique_lock<std::__h::mutex>&)+17)(ca45f3285cb13d8a615c2dcf32305914fbc391ad)
#03 pc 000000000148ac32 /system/lib64/platformsdk/libace_compatible.z.so(cb476043f6fb29150d891bc788a45885)
#04 pc 000000000148afa2 /system/lib64/platformsdk/libace_compatible.z.so(cb476043f6fb29150d891bc788a45885)
#05 pc 00000000001299e7 /system/lib/ld-musl-x86_64.so.1(74178aa6301b8bad2ac9b6d7f2361221)
#06 pc 0000000000090f8e /system/lib/ld-musl-x86_64.so.1(74178aa6301b8bad2ac9b6d7f2361221)
Tid:4979, Name:OS_IPC_4_4979
state=S, utime=0, stime=0, priority=0, nice=-20, clk=100
#00 pc 00000000000dc46b /system/lib/ld-musl-x86_64.so.1(ioctl+187)(74178aa6301b8bad2ac9b6d7f2361221)
#01 pc 0000000000010ca7 /system/lib64/platformsdk/libipc_common.z.so(OHOS::BinderConnector::WriteBinder(unsigned long, void*)+55)(ae9fe169bf1f8b0397c31ba1b67e0e94)
#02 pc 000000000007e34d /system/lib64/platformsdk/libipc_single.z.so(OHOS::BinderInvoker::TransactWithDriver(bool)+269)(216555c1ccaa2644568394a99c5a7547)
#03 pc 000000000007e71a /system/lib64/platformsdk/libipc_single.z.so(OHOS::BinderInvoker::StartWorkLoop()+106)(216555c1ccaa2644568394a99c5a7547)
#04 pc 0000000000080c28 /system/lib64/platformsdk/libipc_single.z.so(OHOS::BinderInvoker::JoinThread(bool)+40)(216555c1ccaa2644568394a99c5a7547)
#05 pc 00000000000769f5 /system/lib64/platformsdk/libipc_single.z.so(OHOS::IPCWorkThread::ThreadHandler(void*)+901)(216555c1ccaa2644568394a99c5a7547)
#06 pc 00000000001299e7 /system/lib/ld-musl-x86_64.so.1(74178aa6301b8bad2ac9b6d7f2361221)
#07 pc 0000000000090f8e /system/lib/ld-musl-x86_64.so.1(74178aa6301b8bad2ac9b6d7f2361221)
Tid:4980, Name:OS_FFRT_5_1
state=S, utime=0, stime=0, priority=0, nice=-20, clk=100
#00 pc 0000000000125ee9 /system/lib/ld-musl-x86_64.so.1(74178aa6301b8bad2ac9b6d7f2361221)
#01 pc 0000000000127883 /system/lib/ld-musl-x86_64.so.1(pthread_cond_timedwait+195)(74178aa6301b8bad2ac9b6d7f2361221)
#02 pc 00000000000c74e7 /system/lib64/chipset-sdk-sp/libc++.so(std::__h::condition_variable::__do_timed_wait(std::__h::unique_lock<std::__h::mutex>&, std::__h::chrono::time_point<std::__h::chrono::system_clock, std::__h::chrono::duration<long long, std::__h::ratio<1l, 1000000000l>>>)+103)(ca45f3285cb13d8a615c2dcf32305914fbc391ad)
#03 pc 000000000008bcb0 /system/lib64/ndk/libffrt.so(6014d53b82cd59820b512f223d249356)
#04 pc 00000000000760ef /system/lib64/ndk/libffrt.so(6014d53b82cd59820b512f223d249356)
#05 pc 0000000000075eaf /system/lib64/ndk/libffrt.so(6014d53b82cd59820b512f223d249356)
#06 pc 0000000000075d79 /system/lib64/ndk/libffrt.so(6014d53b82cd59820b512f223d249356)
#07 pc 00000000001299e7 /system/lib/ld-musl-x86_64.so.1(74178aa6301b8bad2ac9b6d7f2361221)
#08 pc 0000000000090f8e /system/lib/ld-musl-x86_64.so.1(74178aa6301b8bad2ac9b6d7f2361221)
Tid:5039, Name:OS_IPC_5_5039
state=S, utime=0, stime=0, priority=0, nice=-20, clk=100
#00 pc 00000000000dc46b /system/lib/ld-musl-x86_64.so.1(ioctl+187)(74178aa6301b8bad2ac9b6d7f2361221)
#01 pc 0000000000010ca7 /system/lib64/platformsdk/libipc_common.z.so(OHOS::BinderConnector::WriteBinder(unsigned long, void*)+55)(ae9fe169bf1f8b0397c31ba1b67e0e94)
#02 pc 000000000007e34d /system/lib64/platformsdk/libipc_single.z.so(OHOS::BinderInvoker::TransactWithDriver(bool)+269)(216555c1ccaa2644568394a99c5a7547)
#03 pc 000000000007e71a /system/lib64/platformsdk/libipc_single.z.so(OHOS::BinderInvoker::StartWorkLoop()+106)(216555c1ccaa2644568394a99c5a7547)
#04 pc 0000000000080c28 /system/lib64/platformsdk/libipc_single.z.so(OHOS::BinderInvoker::JoinThread(bool)+40)(216555c1ccaa2644568394a99c5a7547)
#05 pc 00000000000769f5 /system/lib64/platformsdk/libipc_single.z.so(OHOS::IPCWorkThread::ThreadHandler(void*)+901)(216555c1ccaa2644568394a99c5a7547)
#06 pc 00000000001299e7 /system/lib/ld-musl-x86_64.so.1(74178aa6301b8bad2ac9b6d7f2361221)
#07 pc 0000000000090f8e /system/lib/ld-musl-x86_64.so.1(74178aa6301b8bad2ac9b6d7f2361221)

Catche stack trace end time: 2026-09-19 15:11:26.644

Dump main thread stack start time: 2026-09-19 15:11:23.541
Tid:4710, Name:xample.callaite
state=R, utime=1220, stime=61, priority=10, nice=-10, clk=100
#00 pc 000000000076bbae /system/lib64/platformsdk/libark_jsruntime.so(3403c0dea7c24e42adea4ee0f5dd2803)
#01 pc 000000000076b39c /system/lib64/platformsdk/libark_jsruntime.so(3403c0dea7c24e42adea4ee0f5dd2803)
#02 pc 000000000076ad27 /system/lib64/platformsdk/libark_jsruntime.so(3403c0dea7c24e42adea4ee0f5dd2803)
#03 pc 000000000075d9ec /system/lib64/platformsdk/libark_jsruntime.so(3403c0dea7c24e42adea4ee0f5dd2803)
#04 pc 000000000075fd82 /system/lib64/platformsdk/libark_jsruntime.so(3403c0dea7c24e42adea4ee0f5dd2803)
#05 pc 0000000000931170 /system/lib64/platformsdk/libark_jsruntime.so(3403c0dea7c24e42adea4ee0f5dd2803)
#06 pc 00000000009f2548 /system/lib64/platformsdk/libark_jsruntime.so(3403c0dea7c24e42adea4ee0f5dd2803)
#07 pc 000000000124e1b2 /system/lib64/module/arkcompiler/stub.an(RTStub_CallRuntime+50)
#08 pc 0000000000d82912 /system/lib64/module/arkcompiler/stub.an(COStub_GrowElementsCapacityStwCopy+450)
#09 pc 0000000000ee5317 /system/lib64/module/arkcompiler/stub.an(BuiltinStub_ArrayPushStwCopy+1911)
#10 pc 0000000001225aa2 /system/lib64/module/arkcompiler/stub.an(BCStub_HandleCallthis1withnameImm8Id16V8V8StwCopy+658)

Dump main thread stack end time: 2026-09-19 15:11:23.563


SysrqCatcher -- fullPath:/data/log/eventlog/sysrq-20260919151126.log

---------------------------------------------------
catcher cmd: hilog -z 1000 -P start time: 2026/09/19-15:11:26:653

catcher cmd: hilog -z 1000 -P 
09-19 15:11:10.518  4710  4710 I C02c11/APPSPAWN: AppSpawnChild id 63 flags:0xc
09-19 15:11:10.519  4710  4710 I C02d33/HitraceOption: FilterAppTrace com.example.callaite 4710
09-19 15:11:10.519  4710  4710 W C02c11/APPSPAWN: errno:2 bind mount /system/app/ArkWebCoreLegacy to /mnt/sandbox/100/com.example.callaite/system/app/ArkWebCoreLegacy
09-19 15:11:10.519  4710  4710 W C02c11/APPSPAWN: errno:2 bind mount /vendor/etc/hiai to /mnt/sandbox/100/com.example.callaite/vendor/etc/hiai
09-19 15:11:10.519  4710  4710 W C02c11/APPSPAWN: errno:2 bind mount /data/data/hiai to /mnt/sandbox/100/com.example.callaite/data/data/hiai
09-19 15:11:10.520  4710  4710 W C02c11/APPSPAWN: errno:2 bind mount /data/service/el1/public/themes/100/a/app to /mnt/sandbox/100/com.example.callaite/data/themes/a/app
09-19 15:11:10.520  4710  4710 W C02c11/APPSPAWN: errno:2 bind mount /data/service/el1/public/themes/100/b/app to /mnt/sandbox/100/com.example.callaite/data/themes/b/app
09-19 15:11:10.520  4710  4710 W C02c11/APPSPAWN: errno:2 bind mount /chip_prod/lib64/passthrough to /mnt/sandbox/100/com.example.callaite/chip_prod/lib64/passthrough
09-19 15:11:10.520  4710  4710 W C02c11/APPSPAWN: errno:2 bind mount /data/app/el1/bundle/public/com.huawei.hmos.arkwebcorelegacy to /mnt/sandbox/100/com.example.callaite/data/storage/el1/bundle/arkwebcorelegacy
09-19 15:11:10.520  4710  4710 W C02c11/APPSPAWN: check dir /data/app/el1/bundle/public/com.huawei.hmos.arkwebcorelegacy failed,strerror:No such file or directory
09-19 15:11:10.520  4710  4710 W C02c11/APPSPAWN: check dir /data/app/el1/public/aot_compiler/ark_cache/com.example.callaite failed,strerror:No such file or directory
09-19 15:11:10.525  4710  4710 W C02c11/APPSPAWN: mount /mnt/sandbox/100/com.example.callaite/mnt/storage/external time 5000 us
09-19 15:11:10.530  4710  4710 W C02c11/APPSPAWN: mount /mnt/sandbox/100/com.example.callaite/mnt/storage/userExternal time 5999 us
09-19 15:11:10.532  4710  4710 W C02c11/APPSPAWN: errno:2 bind mount /data/preload/app to /mnt/sandbox/100/com.example.callaite/data/preload/app
09-19 15:11:10.535  4710  4710 E C02c11/APPSPAWN: [sandbox_dec.c:247]Open dec file failed errno 2
09-19 15:11:10.535  4710  4710 I C05a03/Selinux: Hap setcon finish, context for com.example.callaite is relabeled to o:r:debug_hap:s0:x95,x334,x512,x868,x1024
09-19 15:11:10.537  4710  4928 W C057c1/IPCWorkThread: ThreadHandler: proto:0 policy:1 name:OS_IPC_0_4928 invoker:3886496
09-19 15:11:10.537  4710  4710 I C05a05/SecCompEnhanceClient: [RegisterCheckCallback]Register secComp: sessionId=3438283005, seqNum=******067.
09-19 15:11:10.537  4710  4929 W C057c1/IPCWorkThread: ThreadHandler: proto:0 policy:0 name:OS_IPC_1_4929 invoker:3885344
09-19 15:11:10.538  4710  4710 I C02d0b/HICHECKER: hichecker param is empty.
09-19 15:11:10.538  4710  4710 I C04500/webview: CalculateActiveWebEngineVersion: CalculateActiveWebEngineVersion, enforce 3
09-19 15:11:10.539  4710  4710 I C01317/AppKit: [MTHRD3495]mainthread start, pid:4710
09-19 15:11:10.539  4710  4710 I C01317/AppKit: [MTHRD3294]is not in rescue mode
09-19 15:11:10.539  4710  4710 I C01317/AppKit: [MTHRD3321]is not in rescue mode
09-19 15:11:10.541  4710  4710 I C01317/AppKit: [MTHRD442]attach
09-19 15:11:10.555  4710  4929 I C01317/AppKit: [MTHRD922]ScheduleLaunchAbility called,ability EntryAbility,1
09-19 15:11:10.555  4710  4940 W C057c1/IPCWorkThread: ThreadHandler: proto:0 policy:0 name:OS_IPC_2_4940 invoker:3887072
09-19 15:11:10.569  4710  4710 I C01317/AppKit: [MTHRD267]NativeLibPath empty
09-19 15:11:10.574  4710  4710 I C01317/AppKit: [MTHRD1990]SmartGC:0 version:1000000
09-19 15:11:10.577  4710  4710 I C03f00/ArkCompiler: [ecmascript] asmint: 1, aot: 0, jit: 1, baseline jit: 0, bundle name: com.example.callaite, arkTSMode: dynamic
09-19 15:11:10.583  4710  4945 E C01707/CONCUR: [Interface] task 4945 apply qos failed, errno = 4
09-19 15:11:10.583  4710  4710 I C03f00/ArkCompiler: [ecmascript] multi-thread check enabled: 0
09-19 15:11:10.583  4710  4710 I C03f00/ArkCompiler: [pgo] reset pgo profiler, pgo profiler is disabled
09-19 15:11:10.583  4710  4710 I C03301/LIBUV: clean up handles in loop(6176)
09-19 15:11:10.583  4710  4710 I C03301/LIBUV: loop:(6176) closed in 0s
09-19 15:11:10.583  4710  4710 I C03301/LIBUV: close:6176, async_io_wfd:14
09-19 15:11:10.583  4710  4710 I C03301/LIBUV: close:6176, backend_fd:8
09-19 15:11:10.583  4710  4710 I C03301/LIBUV: init:4384
09-19 15:11:10.583  4710  4710 I C03301/LIBUV: init:4384, backend_fd:8
09-19 15:11:10.583  4710  4710 I C03301/LIBUV: open:4384, pipefd[0]:14
09-19 15:11:10.584  4710  4710 I C03f00/ArkCompiler: [ecmascript] can not find aot file
09-19 15:11:10.594  4710  4710 I C03f00/ArkCompiler: StartServer, componentName = <private>
09-19 15:11:10.594  4710  4710 W C01321/JsRuntime: [CSM161]disCon
09-19 15:11:10.594  4710  4710 I C03f00/ArkCompiler: [ecmascript] JSNApi::NotifyDebugMode, tid = 4710, debugApp = 1, isDebugMode = 0, instanceId = 0
09-19 15:11:10.595  4710  4950 I C02c03/PARAM_WATCHER: Add watcher keyPrefix persist.hdc.jdwp remoteWatcherId 112 success
09-19 15:11:10.595  4710  4710 I C03f00/ArkCompiler: [compiler] __jit_debug_register_code() is called.
09-19 15:11:10.595  4710  4710 I C03f00/ArkCompiler: [compiler] success to register stub.an to debugger.
09-19 15:11:10.596  4710  4944 I C01317/AppKit: [DRH689]File existed. dir: /data/storage/el2/base/cache/rawheap
09-19 15:11:10.596  4710  4944 I C01317/AppKit: [DRH667]success to create /data/storage/el2/base/cache/rawheap
09-19 15:11:10.597  4710  4710 W C01e00/ResourceManager: update userId, currentUserId_= 0, userId= 100
09-19 15:11:10.598  4710  4710 E C01e00/ResourceManager: LoadThemesRes failed, userId = 100, bundleName = com.example.callaite
09-19 15:11:10.598  4710  4710 W C01e00/ResourceManager: theme resources will clean, id 100
09-19 15:11:10.598  4710  4941 W C01653/NativePreferences: LoadFromDisk: The settingXml /***/el1/***/i18*** load failed.
09-19 15:11:10.603  4710  4710 E C01301/CompatiblePolicyDeviceType: [calculateResourceType:81]deviceType is empty.
09-19 15:11:10.604  4710  4710 W C01301/Ability: [resource_config_helper.cpp193]invalid source:
09-19 15:11:10.605  4710  4710 W C01301/Ability: [resource_config_helper.cpp193]invalid source:
09-19 15:11:10.605  4710  4710 I C01317/AppKit: [application_cleaner.cpp94]ClearTempData
09-19 15:11:10.610  4710  4710 I C01317/AppKit: [MTHRD2947]NtfyAppPreAbiCreate
09-19 15:11:10.634  4710  4710 I C01317/AppKit: [JAS211]LoadModule
09-19 15:11:10.634  4710  4710 W C01317/AppKit: [JAS1032]null stage
09-19 15:11:10.634  4710  4710 W C01317/AppKit: [JAS254]Not found AbilityStage.js
09-19 15:11:10.634  4710  4710 I C01317/AppKit: [OH_APP432]OnAboutToCreateAbility
09-19 15:11:10.635  4710  4710 W C01317/AppKit: [JAS349]Not found AbilityStage.js
09-19 15:11:10.640  4710  4710 I C01332/UIAbility: [ui_ability.cpp131]instanceId: 0bc4-fc4c-14dc-4668-a076a38e795d4f53
09-19 15:11:10.642  4710  4947 I C03f00/ArkCompiler: [pgo] will save profiler to file /data/storage/ark-profile/rt_entry.ap
09-19 15:11:10.642  4710  4710 I C03f00/ArkCompiler: [ecmascript] start to execute module buffer with secure memory: /data/storage/el1/bundle/entry/ets/entryability/EntryAbility.abc
09-19 15:11:10.642  4710  4710 E C03f00/ArkCompiler: [common] Can not open xpm proc file, do not check secure memory anymore.
09-19 15:11:10.646  4710  4710 E C01707/CONCUR: [Interface] task 4947 apply qos failed, errno = 4
09-19 15:11:10.649  4710  4710 E C01707/CONCUR: [Interface] task 4946 apply qos failed, errno = 4
09-19 15:11:10.650  4710  4710 E C01707/CONCUR: [Interface] task 4948 apply qos failed, errno = 4
09-19 15:11:10.655  4710  4710 E C01707/CONCUR: [Interface] task 4947 apply qos failed, errno = 4
09-19 15:11:10.658  4710  4710 E C01707/CONCUR: [Interface] task 4946 apply qos failed, errno = 4
09-19 15:11:10.661  4710  4710 E C01707/CONCUR: [Interface] task 4948 apply qos failed, errno = 4
09-19 15:11:10.703  4710  4710 W C03f04/MMG: [NMM:1439] First: failed do_dlsym failed: Symbol not found: NAPI_file_fs_GetABCCode, version: null so=/system/lib64/module/file/libfs.z.so.Second: failed /system/lib64/module/hms/core/libiap_napi.z.so not exist.load /system/etc/abc/core/iap.abc failed
09-19 15:11:10.703  4710  4710 E C03f00/ArkCompiler: [ecmascript] export objects of native so is undefined, so name is @hms:core.iap
09-19 15:11:10.716  4710  4710 I C04309/CLOUD_FILE_SYNC: CloudSyncExport:Class MultiDownloadProgress for module cloudSyncDownload has been exported
09-19 15:11:10.716  4710  4710 I C04309/CLOUD_FILE_SYNC: CloudSyncExport:Class CloudFileCache for module cloudSyncDownload has been exported
09-19 15:11:10.716  4710  4710 I C04309/CLOUD_FILE_SYNC: CloudSyncExport:Class Download for module cloudSyncDownload has been exported
09-19 15:11:10.716  4710  4710 I C04309/CLOUD_FILE_SYNC: CloudSyncExport:Class GallerySync for module cloudSyncDownload has been exported
09-19 15:11:10.716  4710  4710 I C04309/CLOUD_FILE_SYNC: CloudSyncExport:Class FileSync for module cloudSyncDownload has been exported
09-19 15:11:10.716  4710  4710 I C04309/CLOUD_FILE_SYNC: CloudSyncExport:Class FileVersion for module cloudSyncDownload has been exported
09-19 15:11:10.726  4710  4710 I C01324/JsNapi: [js_error_manager.cpp1837]called
09-19 15:11:10.727  4710  4710 I C01320/JsEnv: [JSENV300]timing: 84
09-19 15:11:10.727  4710  4710 I C01320/JSENV: Callee constructor is OK string
09-19 15:11:10.727  4710  4710 I C01320/JSENV: Ability::constructor callee is object [object Object]
09-19 15:11:10.727  4710  4710 I C03f00/ArkCompiler: [ecmascript] start to execute ark buffer with secure memory use file: /data/storage/el1/bundle/entry/ets/modules.abc, entrypoint: @normalized:N&&&entry/build/generated/r/ResourceTable&
09-19 15:11:10.728  4710  4710 I C01332/UIAbility: [ui_ability_thread.cpp204]Lifecycle:Attach
09-19 15:11:10.729  4710  4710 I C01317/AppKit: [MTHRD3123]called
09-19 15:11:10.729  4710  4710 I C03f00/ArkCompiler: [gc] app is not inBackground
09-19 15:11:10.736  4710  4710 E C01707/CONCUR: [Interface] task 4947 apply qos failed, errno = 4
09-19 15:11:10.740  4710  4710 E C01707/CONCUR: [Interface] task 4946 apply qos failed, errno = 4
09-19 15:11:10.742  4710  4710 E C01707/CONCUR: [Interface] task 4948 apply qos failed, errno = 4
09-19 15:11:10.747  4710  4940 I C01332/UIAbility: [ui_ability_thread.cpp352]name:EntryAbility,targeState:5,isNewWant:0
09-19 15:11:10.747  4710  4710 I C01332/UIAbility: [ui_ability_thread.cpp271]Lifecycle:name EntryAbility
09-19 15:11:10.748  4710  4710 I C04201/DMS: AddDisplayIdFromAms: abilityToken and display[0] has been added.
09-19 15:11:10.756  4710  4710 I C01332/UIAbility: [JUA2177]JsUIAbility call js, name: onCreate
09-19 15:11:10.756  4710  4710 I A00001/EntryAbility: Ability onCreate
09-19 15:11:10.757  4710  4710 E C01356/Recovery: [app_recovery_api.cpp124]invalid restartFlag: 7
09-19 15:11:10.757  4710  4710 I A00001/ErrorRecovery: App recovery enabled
09-19 15:11:10.759  4710  4710 I C01317/AppKit: [OH_APP1240]current 2, pre 0
09-19 15:11:10.759  4710  4710 W C01317/AppKit: [OH_APP1269]fontSize empty
09-19 15:11:10.759  4710  4710 I C01317/AppKit: [OH_APP1300]current 2, pre 0
09-19 15:11:10.759  4710  4710 W C01317/AppKit: [OH_APP1304]language empty
09-19 15:11:10.759  4710  4710 W C01317/AppKit: [OH_APP1323]language and locale empty
09-19 15:11:10.759  4710  4710 I C01317/AppKit: [OH_APP298]configuration_: {"0#const.build.characteristics":"phone","0#input.pointer.device":"true","0#ohos.app.fontSizeScale":"nonFollowSystem","0#ohos.application.densitydpi":"xxxldpi","0#ohos.application.direction":"vertical","0#ohos.application.displayid":"0","0#ohos.system.colorMode":"light","0#ohos.system.colorMode.isSetByApp":"isSetByApp","0#ohos.system.fontSizeScale":"1.0","0#ohos.system.fontWeightScale":"1.0","0#ohos.system.hour":"false","0#ohos.system.language":"zh-Hans","0#ohos.system.locale":"zh-Hans"}, config: {"0#ohos.system.colorMode":"light","0#ohos.system.colorMode.isSetByApp":"isSetByApp"}
09-19 15:11:10.760  4710  4710 E C04217/WMSAttribute: UpdateConfigurationSyncForAll: root is null
09-19 15:11:10.762  4710  4710 I C01332/UIAbility: [JUA2177]JsUIAbility call js, name: onConfigurationUpdated
09-19 15:11:10.762  4710  4710 I C01332/UIAbility: [JUA2222]end, name: onConfigurationUpdated, time: 0
09-19 15:11:10.762  4710  4710 I C01332/UIAbility: [JUA2177]JsUIAbility call js, name: onConfigurationUpdate
09-19 15:11:10.762  4710  4710 I C01332/UIAbility: [JUA2222]end, name: onConfigurationUpdate, time: 0
09-19 15:11:10.764  4710  4710 W C01317/AppKit: [JAS919]Not found AbilityStage.js
09-19 15:11:10.764  4710  4710 W C01317/AppKit: [JAS919]Not found AbilityStage.js
09-19 15:11:10.764  4710  4710 I C01317/AppKit: [OH_APP322]ignoreWindowContext size 0
09-19 15:11:10.764  4710  4710 E C04217/WMSAttribute: UpdateConfigurationForAll: root is null
09-19 15:11:10.764  4710  4710 I C01332/UIAbility: [JUA2222]end, name: onCreate, time: 8
09-19 15:11:10.764  4710  4710 E C01332/UIAbility: [ui_ability_impl.cpp364]hasSaveData_: false
09-19 15:11:10.765  4710  4710 W C01332/UIAbility: [JUA1352]formatRegex: []
09-19 15:11:10.765  4710  4710 I C04202/WMSMain: Init: [requestId: 12][scbRequestId: 0]WindowScene with window session!
09-19 15:11:10.766  4710  4710 I C04202/WMSMain: Init: set isModuleAbilityHookEnd
09-19 15:11:10.766  4710  4710 I C0420a/WMSLife: WindowSessionImpl: nodeId: 20229295964161
09-19 15:11:10.767  4710  4710 I C01406/OHOS::RS: RSLogManager init log flag: 0x0(0)
09-19 15:11:10.769  4710  4710 I C01406/OHOS::RS: RSRenderServiceConnectHub call CreateConnection, needRefresh:[0]
09-19 15:11:10.770  4710  4710 I C01406/OHOS::RS: RSFrameRateLinker::Create id: 20229295964160
09-19 15:11:10.770  4710  4710 I C04202/WMSMain: VsyncStation: id 20229295964161 created
09-19 15:11:10.770  4710  4710 I C04200/WindowSceneSessionImpl: WindowSceneSessionImpl: [WMSCom] Constructor callaite0
09-19 15:11:10.770  4710  4710 E C04200/WMS: SetWindowType: permission denied!
09-19 15:11:10.770  4710  4710 I C0420a/WMSLife: Create: Window Create name:callaite0, state:0, mode:0
09-19 15:11:10.772  4710  4710 I C0420a/WMSLife: Create: SetIsAbilityHookOff 0
09-19 15:11:10.772  4710  4710 W C0420a/WMSLife: IsWindowSessionInvalid: id: 0 state_: 0
09-19 15:11:10.772  4710  4710 W C04200/WindowSceneSessionImpl: AdjustWindowAnimationFlag: session invalid!
09-19 15:11:10.772  4710  4710 I C04200/WindowSceneSessionImpl: Remove window flag WINDOW_FLAG_SHOW_WHEN_LOCKED
09-19 15:11:10.774  4710  4710 I C0420a/WMSLife: Connect: in
09-19 15:11:10.779  4710  4710 I C01406/OHOS::RS: RSSurfaceNode::Unmarshalling, Node: 20229295964161, Name: callaite0
09-19 15:11:10.779  4710  4929 I C04208/WMSLayout: UpdateRect: [WindowRectUpdate:ClientRecv] UpdateRect id:0 name:callaite0, preRect=[0 0 0 0], newRect=[0 0 1308 2880], reason:23 displayId:0
09-19 15:11:10.780  4710  4710 I C04208/WMSLayout: Connect: updateRect when connect.preRect:[0,0,1308,2880]rect:[0,0,1308,2880]
09-19 15:11:10.780  4710  4710 E C0421c/WMSCompat: ReadCombinedCompatibleConfig: combinedConfigSize: 0 fail to meet the conditions
09-19 15:11:10.780  4710  4929 I C04208/WMSLayout: NotifyFirstValidLayoutUpdate: Id:47, rect:[0 0 1308 2880]
09-19 15:11:10.781  4710  4710 I C0420a/WMSLife: Connect: Window Connect [name:callaite0, id:47, type:1], ret:0, oriDisplayId:0, curDisplayId:0
09-19 15:11:10.781  4710  4710 I C04204/WMSScb: RS multi-instance enabled: 1
09-19 15:11:10.781  4710  4710 I C01406/OHOS::RS: multi-instance, create RSUIContextManager, isMultiInstanceOpen_ 1
09-19 15:11:10.782  4710  4710 I C01406/OHOS::RS: RSRenderServiceConnectHub AddRenderProcessConnectionToken
09-19 15:11:10.782  4710  4710 I C01406/OHOS::RS: RSRenderServiceConnectHub::SetOnDiedCallback, code:0
09-19 15:11:10.782  4710  4710 I C01406/OHOS::RS: RSApplicationAgentImpl::RegisterRSApplicationAgent!
09-19 15:11:10.782  4710  4710 I C01406/OHOS::RS: RSUIDirector::GoCreate CurrentState:0, UIContext:20229295964161
09-19 15:11:10.782  4710  4710 I C01406/OHOS::RS: RSUIDirector::GoResume CurrentState:0, UIContext:20229295964161
09-19 15:11:10.783  4710  4710 I C01406/OHOS::RS: RSUIDirector::GoForeground CurrentState:1, UIContext:20229295964161
09-19 15:11:10.783  4710  4710 I C02c03/PARAM_WATCHER: Add watcher keyPrefix persist.sys.graphic.animationscale remoteWatcherId 112 success
09-19 15:11:10.783  4710  4710 I C04204/WMSScb: InitRSUIDirector: Create RSUIDirector: RSUIDirector's RSUIContext [token: 20229295964161, tid: 4710], rsUIContext: RSUIContext is null
09-19 15:11:10.784  4710  4710 I C0420a/WMSLife: PostInitSurfaceNode: post init surfaceNode success, name: callaite0
09-19 15:11:10.784  4710  4710 I C0421c/WMSCompat: SetAppHookWindowInfo: Id:47, preHookWindowInfo:[enableHookWindow: false, widthHookRatio: 1.000000, notifyWindowChange: false, drawableRectHook: false], newHookWindowInfo:[enableHookWindow: false, widthHookRatio: 1.000000, notifyWindowChange: false, drawableRectHook: false]
09-19 15:11:10.784  4710  4710 I C0421c/WMSCompat: SendCombinedCompatibleConfigToArkUI: bundleName: com.example.callaite, combinedCompatibleConfig size: 0
09-19 15:11:10.784  4710  4710 E C0421c/WMSCompat: SendCombinedCompatibleConfigToArkUI: Combined compatible config size is less than 2!
09-19 15:11:10.784  4710  4710 I C01406/OHOS::RS: RSSurfaceNode::SetAlphaChangedCallback, node=[20229295964161, callaite0]
09-19 15:11:10.784  4710  4710 I C04208/WMSLayout: SetWindowMode: windowId: 47, windowModeSupportType: 127, mode: 1
09-19 15:11:10.784  4710  4710 I C04208/WMSLayout: UpdateWindowModeImmediately: [WindowModeUpdate:Inner] UpdateWindowModeImmediately id:47, mode:1, splitStyle:0, splitIndex:0, state:1
09-19 15:11:10.787  4710  4710 I C04208/WMSLayout: NotifyWindowStatusChange: [WindowModeUpdate:Inner] NotifyWindowStatusChange id:47, mode:1, status:1, lastStatus:0, skipRedundant:0
09-19 15:11:10.787  4710  4710 I C04208/WMSLayout: SetConfigWindowLimitsVP: id:47, windowLimits:[0 0 0 0 0.000000 0.000000 1.000000 1]
09-19 15:11:10.787  4710  4710 I C04208/WMSLayout: GetSystemSizeLimits: systemLimitsPX: [6720 6720 1120 840 340282346638528859811704183484516925440.000000 0.000000 1.000000 0], systemLimitsVP: [1920 1920 320 240 340282346638528859811704183484516925440.000000 0.000000 1.000000 1], configMaxSize: 1920, vpr: 3.500000, winType: 1
09-19 15:11:10.787  4710  4710 I C04208/WMSLayout: UpdateWindowSizeLimits: [WindowLimitsUpdate:CalcLimits] SaveLimits id:47, px[minW:1120,minH:840,maxW:6720,maxH:6720] vp[minW:320,minH:240,maxW:1920,maxH:1920] vpr=3.500000
09-19 15:11:10.788  4710  4929 W C04208/WMSLayout: NotifySingleHandTransformChange: id:47, uiContent is nullptr
09-19 15:11:10.788  4710  4710 I C0421a/WMSLayoutPc: GetSupportedWindowModesConfiguration: winId: 47, windowModeSupportType: 15
09-19 15:11:10.788  4710  4710 I C04202/WMSMain: SetSupportedWindowModesForAncoInFreeWindow: is not anco app, need not update support window mode.
09-19 15:11:10.788  4710  4710 I C04208/WMSLayout: SetWindowModeSupportType: id:47, old:127, new:15
09-19 15:11:10.788  4710  4710 I C04208/WMSLayout: GetConfigurationFromAbilityInfo: windowId: 47, windowModeSupportType: 15, isAncoSupportFreeWindow: 0
09-19 15:11:10.789  4710  4710 I C0420f/WMSRecover: RegisterSessionRecoverCallbackFunc: persistentId=47
09-19 15:11:10.789  4710  4710 I C04217/WMSAttribute: UpdateStatusBarColorByColorMode: win=47, appColor=light
09-19 15:11:10.789  4710  4710 I C04200/WMS: IsMainHandlerAvailable: id:47, isAvailable:1
09-19 15:11:10.789  4710  4710 I C04200/WMS: IsMainHandlerAvailable: id:47, isAvailable:1
09-19 15:11:10.791  4710  4710 I C02800/MMIClient: [|267]Connection to server succeeded, fd:32
09-19 15:11:10.791  4710  4710 I C02800/MMIClient: [|166]Server was listening
09-19 15:11:10.792  4710  4710 I C02800/MMIClient: [|127]reuse current event handler, thread name:
09-19 15:11:10.792  4710  4710 I C02800/MMIClient: [|130]File fd is in listening
09-19 15:11:10.792  4710  4710 I C0420c/WMSEvent: AddInputWindow: SetWindowInputEventConsumer success, wid:47
09-19 15:11:10.794  4710  4710 I C04732/GameController: [(RegisterEntryModule:24)]begin load gamecontroller_event
09-19 15:11:10.794  4710  4710 I C04732/GameController: [(StartInputToTouch:61)]Begin StartInputToTouch
09-19 15:11:10.796  4710  4963 I C04732/GameController: [(GetSelfBundleName:49)]The current bundleName [com.example.callaite]. version [1.0.0]
09-19 15:11:10.796  4710  4963 I C04732/GameController: [(IsCommonApp:94)]The [com.example.callaite] is a common app.
09-19 15:11:10.796  4710  4963 W C04732/GameController: [(ReadJsonFromFile:224)]realpath failed for [/data/service/el1/public/for-all-app/gamecontroller_server/game_support_key_mapping.json]
09-19 15:11:10.796  4710  4963 I C04732/GameController: [(SetSupportKeyMapping:73)]SetSupportKeyMapping. isSupportKeyMapping_ is [0]
09-19 15:11:10.796  4710  4963 I C04732/GameController: [(DoAsyncTask:76)]The app does not support input-to-touch feature.
09-19 15:11:10.801  4710  4710 I C04217/WMSAttribute: ConnectServer: start connect
09-19 15:11:10.801  4710  4710 I C04217/WMSAttribute: ConnectServer: end connect
09-19 15:11:10.801  4710  4710 W C04217/WMSAttribute: RegisterGetWMSWindowListCallback: callback has registered
09-19 15:11:10.801  4710  4710 I C04217/WMSAttribute: RegisterGetWMSWindowListCallback: winId: 47
09-19 15:11:10.801  4710  4710 I C04217/WMSAttribute: UpdateColorMode: winId: 47, colorMode: light
09-19 15:11:10.801  4710  4710 I C04218/WMSPc: UpdateSidebarBlurStyleWhenColorModeChange: in, persistentId=47
09-19 15:11:10.801  4710  4710 W C04218/WMSPc: UpdateSidebarBlurStyleWhenColorModeChange: RSAnimatableProperty is null
09-19 15:11:10.802  4710  4710 I C04217/WMSAttribute: UpdateColorMode: winId: 47, colorMode: light, hasDarkRes: 1
09-19 15:11:10.802  4710  4710 I C0421c/WMSCompat: SetPcAppInpadSpecificSystemBarInvisible: isPcAppInpadSpecificSystemBarInvisible: 0
09-19 15:11:10.802  4710  4710 I C0421c/WMSCompat: SetPcAppInpadOrientationLandscape: isPcAppInpadOrientationLandscape: 0
09-19 15:11:10.802  4710  4710 I C0420a/WMSLife: Create: Window Create success [name:callaite0, id:47], state:1, mode:1, enableDefaultDensity:0, displayId:0
09-19 15:11:10.802  4710  4710 E C04200/WMS: singleton_container.cpp GetSingleton: cant get OHOS::Rosen::WindowInfoReporter
09-19 15:11:10.802  4710  4710 I C01332/UIAbility: [JUA2177]JsUIAbility call js, name: onWindowStageCreate
09-19 15:11:10.802  4710  4710 I A00001/EntryAbility: Ability onWindowStageCreate
09-19 15:11:10.803  4710  4710 I A03d00/JSAPP: [DataStore] Loading 2 .md files from /data/storage/el2/base/haps/entry/files/graph
09-19 15:11:10.803  4710  4710 W A03d00/JSAPP: [DataStore] Empty or unreadable file: 2026-09-19.md
09-19 15:11:10.804  4710  4710 I A03d00/JSAPP: [DataStore] Graph loaded. Pages: 1
09-19 15:11:10.804  4710  4949 I C01610/KvStoreServiceDeathNotifier: [a92ab1358ec4765, 0, 0] AddServiceDeathWatcher: Success set size: <private>
09-19 15:11:10.804  4710  4949 I C01610/KvStoreServiceDeathNotifier: [a92ab1358ec4765, 0, 0] GetDistributedKvDataService: Create remote proxy.
09-19 15:11:10.805  4710  4949 I C01610/DataMgrServiceProxy: [a92ab1358ec4765, 0, 0] DataMgrServiceProxy: Init data service proxy.
09-19 15:11:10.805  4710  4949 I C01610/KvStoreServiceDeathNotifier: [a92ab1358ec4765, 0, 0] ServiceDeathRecipient: Constructor.
09-19 15:11:10.808  4710  4949 I C01610/KvStoreClientDeathObserver: [a92ab1358ec4765, 0, 0] KvStoreClientDeathObserver: This client death observer
09-19 15:11:10.812  4710  4965 E C01b00/DistributedAccountFwk: Read result failed, code is: 8.
09-19 15:11:10.812  4710  4949 I C01610/DataMgrServiceProxy: [a92ab1358ec4765, 0, 0] GetFeatureInterface: get feature:kv_store
09-19 15:11:10.815  4710  4710 E C01317/AppKit: [context_impl.cpp1466]create dir /data/storage/el2/cloud failed, errno is 13
09-19 15:11:10.815  4710  4710 E C01317/AppKit: [context_impl.cpp1466]create dir /data/storage/el2/cloud failed, errno is 13
09-19 15:11:10.815  4710  4710 E C01317/AppKit: [context_impl.cpp1466]create dir /data/storage/el2/cloud failed, errno is 13
09-19 15:11:10.815  4710  4710 E C04388/file_api: [prop_n_exporter.cpp:456->MkdirExec] Failed to create directories, error: 13
09-19 15:11:10.821  4710  4710 I A03d00/JSAPP: [PluginManager] Initialized 4 plugins
09-19 15:11:10.822  4710  4965 E C01b00/DistributedAccountFwk: Read result failed, code is: 8.
09-19 15:11:10.824  4710  4710 I C01317/AppKit: [OH_APP1240]current 2, pre 0
09-19 15:11:10.824  4710  4710 W C01317/AppKit: [OH_APP1269]fontSize empty
09-19 15:11:10.824  4710  4710 I C01317/AppKit: [OH_APP1300]current 2, pre 0
09-19 15:11:10.824  4710  4710 W C01317/AppKit: [OH_APP1304]language empty
09-19 15:11:10.824  4710  4710 W C01317/AppKit: [OH_APP1323]language and locale empty
09-19 15:11:10.824  4710  4710 I C01317/AppKit: [OH_APP298]configuration_: {"0#const.build.characteristics":"phone","0#input.pointer.device":"true","0#ohos.app.fontSizeScale":"nonFollowSystem","0#ohos.application.densitydpi":"xxxldpi","0#ohos.application.direction":"vertical","0#ohos.application.displayid":"0","0#ohos.system.colorMode":"light","0#ohos.system.colorMode.isSetByApp":"isSetByApp","0#ohos.system.fontSizeScale":"1.0","0#ohos.system.fontWeightScale":"1.0","0#ohos.system.hour":"false","0#ohos.system.language":"zh-Hans","0#ohos.system.locale":"zh-Hans"}, config: {"0#ohos.system.colorMode":"light","0#ohos.system.colorMode.isSetByApp":"isSetByApp"}
09-19 15:11:10.824  4710  4710 E C04217/WMSAttribute: UpdateConfigurationSync: uiContent null, scene win=47, display=0
09-19 15:11:10.824  4710  4710 E C04217/WMSAttribute: UpdateConfigurationSyncForAll: root is null
09-19 15:11:10.824  4710  4949 I C01630/DistributedDB: [a92ab1358ec4765, 0, 0] before open db,db file: [size: 65536, mtime: 1789792123, inode: 824462]; db wal file: [size: 0, mtime: 1789792123, inode: 824463]; db shm file: [size: 32768, mtime: 1789801591, inode: 824466]; db dwr file: [stat() failed, errCode: -1, errno: 2]; 
09-19 15:11:10.825  4710  4710 I C01332/UIAbility: [JUA2177]JsUIAbility call js, name: onConfigurationUpdated
09-19 15:11:10.825  4710  4710 I C01332/UIAbility: [JUA2222]end, name: onConfigurationUpdated, time: 0
09-19 15:11:10.825  4710  4710 I C01332/UIAbility: [JUA2177]JsUIAbility call js, name: onConfigurationUpdate
09-19 15:11:10.825  4710  4710 I C01332/UIAbility: [JUA2222]end, name: onConfigurationUpdate, time: 0
09-19 15:11:10.825  4710  4710 W C01317/AppKit: [JAS919]Not found AbilityStage.js
09-19 15:11:10.825  4710  4710 W C01317/AppKit: [JAS919]Not found AbilityStage.js
09-19 15:11:10.825  4710  4710 I C01317/AppKit: [OH_APP322]ignoreWindowContext size 0
09-19 15:11:10.825  4710  4710 E C04217/WMSAttribute: UpdateConfiguration: uiContent null, scene win=47, display=0
09-19 15:11:10.825  4710  4710 I C04217/WMSAttribute: UpdateStatusBarColorByColorMode: win=47, appColor=light
09-19 15:11:10.826  4710  4949 I C01630/DistributedDB: [a92ab1358ec4765, 0, 0] [SqlUp] meta[0] label[3] flag[0] ver[104]
09-19 15:11:10.826  4710  4710 E C04217/WMSAttribute: UpdateConfigurationForAll: root is null
09-19 15:11:10.826  4710  4710 I C04200/JsWindowStage: LoadContent: [NAPI]
09-19 15:11:10.826  4710  4710 I C01332/UIAbility: [JUA2222]end, name: onWindowStageCreate, time: 24
09-19 15:11:10.826  4710  4710 I C0420a/WMSLife: NotifyWindowStageCreateFinished: id: 47
09-19 15:11:10.826  4710  4710 I C01332/UIAbility: [JUA2177]JsUIAbility call js, name: onWillForeground
09-19 15:11:10.826  4710  4710 I C01332/UIAbility: [JUA2222]end, name: onWillForeground, time: 0
09-19 15:11:10.826  4710  4710 I C04202/WMSMain: GoForeground: [requestId: 12][scbRequestId: 0]reason: 4 isGamePreLaunch: 0
09-19 15:11:10.826  4710  4710 I C0420a/WMSLife: Show: [requestId: 12][scbRequestId: 0]Window show [name: callaite0, id: 47, type: 1], reason: 4, state:1, requestState:1
09-19 15:11:10.827  4710  4710 I C04208/WMSLayout: GetSystemSizeLimits: systemLimitsPX: [6720 6720 1120 840 340282346638528859811704183484516925440.000000 0.000000 1.000000 0], systemLimitsVP: [1920 1920 320 240 340282346638528859811704183484516925440.000000 0.000000 1.000000 1], configMaxSize: 1920, vpr: 3.500000, winType: 1
09-19 15:11:10.827  4710  4710 I C04208/WMSLayout: UpdateWindowSizeLimits: [WindowLimitsUpdate:CalcLimits] SaveLimits id:47, px[minW:1120,minH:840,maxW:6720,maxH:6720] vp[minW:320,minH:240,maxW:1920,maxH:1920] vpr=3.500000
09-19 15:11:10.827  4710  4949 I C01630/DistributedDB: [a92ab1358ec4765, 0, 0] [KVDB] [StartSyncerWithNoLock] [uüª] event=3
09-19 15:11:10.827  4710  4949 I C01630/DistributedDB: [a92ab1358ec4765, 0, 0] db id:75fcaa, dir:485848
09-19 15:11:10.827  4710  4710 I C04217/WMSAttribute: IsSystemDensityChanged: windowId: 47, lastDensity: -1.000000, currDensity: 3.500000
09-19 15:11:10.827  4710  4949 E C01610/StoreUtil: [a92ab1358ec4765, 0, 0] SetServiceGid: file not exit, filePath:/da***.db ,code:2
09-19 15:11:10.827  4710  4949 I C01610/KvStoreServiceDeathNotifier: [a92ab1358ec4765, 0, 0] AddServiceDeathWatcher: Success set size: <private>
09-19 15:11:10.828  4710  4710 W C04200/WindowSessionImpl: UpdateViewportConfig: uiContent is null!
09-19 15:11:10.828  4710  4710 I C01332/UIAbility: [ui_ability_impl.cpp489]wnd call, AfterForeground
09-19 15:11:10.828  4710  4710 I C01406/OHOS::RS: RSFrameRateLinker::Create id: 20229295964161
09-19 15:11:10.829  4710  4710 E C01706/ueaClient-RmeCoreSched: [Init]: do not enabled!ret: -1
09-19 15:11:10.829  4710  4710 I C01706/ueaClient-FrameMsgMgr: [Init]:inited success!
09-19 15:11:10.829  4710  4710 I C01706/ueaClient-FrameUiIntf: [Init]:ret:1, inited:1
09-19 15:11:10.829  4710  4929 E C0420a/WMSLife: NotifyUIExtHostRectChangeInGlobalDisplayListeners: uiContent is null
09-19 15:11:10.829  4710  4929 W C04208/WMSLayout: NotifySingleHandTransformChange: id:47, uiContent is nullptr
09-19 15:11:10.830  4710  4969 W C057c1/IPCWorkThread: ThreadHandler: proto:0 policy:0 name:OS_IPC_3_4969 invoker:3898592
09-19 15:11:10.832  4710  4710 I C04217/WMSAttribute: InitWaterfallMode: winId: 47
09-19 15:11:10.832  4710  4710 I C04217/WMSAttribute: NotifyWaterfallModeChange: winId: 47, waterfall: 0, stat: 2
09-19 15:11:10.832  4710  4710 I C04202/WMSMain: NotifyFreeMultiWindowModeResume: IsPcMode 0, isColdStart 1
09-19 15:11:10.832  4710  4710 I C0420a/WMSLife: Show: [requestId: 12][scbRequestId: 0]Window show success [name:callaite0, id:47, type:1]
09-19 15:11:10.833  4710  4710 W C04201/DMS: OnDisplayInfoChange: data is not changed.
09-19 15:11:10.833  4710  4710 I C01332/UIAbility: [JUA2177]JsUIAbility call js, name: onForeground
09-19 15:11:10.833  4710  4710 I A00001/EntryAbility: Ability onForeground
09-19 15:11:10.833  4710  4710 I C01332/UIAbility: [JUA2222]end, name: onForeground, time: 0
09-19 15:11:10.836  4710  4710 E C01651/data_share_manager_impl: RegisterClientDeathObserver: RegisterClientDeathObserver failed, bundleName is com.example.callaite
09-19 15:11:10.836  4710  4710 E C01651/data_share_manager_impl: GetDataShareServiceProxy: RegisterClientDeathObserver failed
09-19 15:11:10.837  4710  4928 E C01651/data_share_manager_impl: RegisterClientDeathObserver: RegisterClientDeathObserver failed, bundleName is com.example.callaite
09-19 15:11:10.837  4710  4928 E C01651/data_share_manager_impl: GetDataShareServiceProxy: RegisterClientDeathObserver failed
09-19 15:11:10.837  4710  4928 I C01651/data_share_manager_impl: operator(): RecoverObs start
09-19 15:11:10.847  4710  4710 I C05405/CompConfigClient: GetConfigByApp: GetDataShareData return 0 result
09-19 15:11:10.847  4710  4710 E C01301/Ability: [page_config_manager.cpp62]configJson_ is empty
09-19 15:11:10.848  4710  4710 I C02d11/DfxUnwinder: UnwindLocal:: fpUnwind: 0
09-19 15:11:10.849  4710  4710 W C01320/JsEnv: [source_map.cpp145]the stack without line info
09-19 15:11:10.850  4710  4710 I C02d11/DfxUnwinder: UnwindLocal:: fpUnwind: 0
09-19 15:11:10.850  4710  4710 W C01320/JsEnv: [source_map.cpp145]the stack without line info
09-19 15:11:10.850  4710  4710 I A00001/EntryAbility: Huawei account refreshed: 
09-19 15:11:10.850  4710  4710 I C01612/JsKVManager: operator(): output delete reference success
09-19 15:11:10.850  4710  4710 I C01612/JsSingleKVStore: operator(): subscribe to event:dataChange
09-19 15:11:10.850  4710  4710 I C01612/JsSingleKVStore: OnDataChange: subscribe data change type 2
09-19 15:11:10.850  4710  4710 I C01630/DistributedDB: [KvStoreNbDelegate][RegisterDeviceObserver] Register device observer ok mode:1
09-19 15:11:10.850  4710  4710 I C01610/KvStoreObserverClient: KvStoreObserverClient: Start
09-19 15:11:10.852  4710  4710 I A03d00/JSAPP: [Collaboration] KVStore initialized
09-19 15:11:10.852  4710  4710 I C01332/UIAbility: [JUA2177]JsUIAbility call js, name: onDidForeground
09-19 15:11:10.852  4710  4710 I C01332/UIAbility: [JUA2222]end, name: onDidForeground, time: 0
09-19 15:11:10.852  4710  4710 I C04202/WMSMain: GoResume: in isGamePreLaunch: 0
09-19 15:11:10.852  4710  4710 I C0420a/WMSLife: SetUIContentInner: pages/Index, state:2, persistentId: 47
09-19 15:11:10.852  4710  4710 I C0420a/WMSLife: NotifySetUIContentComplete: start
09-19 15:11:10.852  4710  4710 I C0420a/WMSLife: SetUIContentComplete: persistentId=47
09-19 15:11:10.852  4710  4710 I C0420a/WMSLife: InitUIContent: start
09-19 15:11:10.852  4710  4710 I C0420a/WMSLife: DestroyExistUIContent: start
09-19 15:11:10.852  4710  4710 I C03900/Ace: [(-1:-1:undefined)] CreateUIContent.
09-19 15:11:10.852  4710  4710 I C03934/AceUIEvent: [(-1:-1:undefined)] report ace loaded
09-19 15:11:10.853  4710  4710 I C04707/HaAceEngine: OnAceLoaded end
09-19 15:11:10.853  4710  4944 W C04707/HaClient: =========Invalid Client=========
09-19 15:11:10.854  4710  4710 I C03900/Ace: [(-2:-1:undefined)] Create ace bg threads pool.
09-19 15:11:10.854  4710  4710 I C03900/Ace: [(-2:-1:undefined)] Init RenderService UniRender Type:0
09-19 15:11:10.856  4710  4710 W C01409/APS_MANAGER: redo Connect
09-19 15:11:10.856  4710  4710 I C01409/APS_MANAGER: Start to ConnectService
09-19 15:11:10.856  4710  4710 I C01409/APS_MANAGER: GetSystemAbilityManager success
09-19 15:11:10.856  4710  4971 I C03900/Ace: [(-1:-1:undefined)] dlsym function ReportData success.
09-19 15:11:10.856  4710  4971 I C03900/Ace: [(-1:-1:undefined)] dlsym function ReportSyncEvent success.
09-19 15:11:10.856  4710  4710 I C01409/APS_MANAGER: GetSystemAbility success
09-19 15:11:10.857  4710  4710 I C03900/Ace: [(-2:-1:undefined)] [com.example.callaite][entry][-1]: UIContent: apiCompatibleVersion: 60101024, apiTargetVersion: 260000026, and apiReleaseType: Release, useNewPipe: 1, enableCustomComponentCrossAbility: 0
09-19 15:11:10.858  4710  4710 I C02c03/PARAM_WATCHER: Add watcher keyPrefix persist.sys.arkui.animationscale remoteWatcherId 112 success
09-19 15:11:10.859  4710  4710 E C03900/Ace: [(-2:-1:undefined)] ConfigParserBase read system file failed
09-19 15:11:10.859  4710  4710 W C03900/Ace: [(-2:-1:undefined)] ArkUiFeatureParamManager failed to load xml file
09-19 15:11:10.859  4710  4710 E C03900/Ace: [(-2:-1:undefined)] ConfigParserBase read system UI correction config file failed
09-19 15:11:10.859  4710  4710 W C03900/Ace: [(-2:-1:undefined)] ArkUiFeatureParamManager failed to load UI correction config file
09-19 15:11:10.864  4710  4928 I C04208/WMSLayout: NotifyWindowStatusDidChange: [WindowModeUpdate:Inner] NotifyWindowStatusDidChange id:47, mode:1, status:1, lastStatus:0, listenerSize:0, rect:[0 0 1308 2880]
09-19 15:11:10.865  4710  4710 I C05405/CompConfigClient: SubscribeEvent_: SubscriberEvent, ret: 1
09-19 15:11:10.877  4710  4710 I C05405/CompConfigClient: GetConfigByApp: GetDataShareData return 0 result
09-19 15:11:10.877  4710  4710 W C03900/Ace: [(-2:-1:undefined)] FeatureManager get config failed, key:UICorrectionStrategy ret:1
09-19 15:11:10.877  4710  4710 W C03900/Ace: [(-2:-1:undefined)] FeatureParamManager get UICorrectionStrategy from FeatureManager failed
09-19 15:11:10.881  4710  4710 I C03900/Ace: [(-2:-1:undefined)] SetLocale language tag: zh-Hans, font locale: zh-Hans, select language: zh-CN
09-19 15:11:10.881  4710  4710 I C03900/Ace: [(-2:-1:undefined)] [com.example.callaite][entry][-1]: SetLanguage: zh, colorMode: light, deviceAccess: 1
09-19 15:11:10.881  4710  4710 I C03900/Ace: [(-2:-1:undefined)] [com.example.callaite][entry][-1]: Initialize UIContent isModelJson:true
09-19 15:11:10.883  4710  4710 I C03922/AceNavigation: [(-2:-1:undefined)] subscribe hsp Update successfully
09-19 15:11:10.883  4710  4710 I C03900/Ace: [(100000:100000:scope)] SetHapPath, Use hap path to load resource
09-19 15:11:10.883  4710  4710 I C04217/WMSAttribute: RegisterWaterfallModeChangeListener: winId: 47
09-19 15:11:10.884  4710  4710 I C04200/WMS: GetSurfaceNode: name:callaite0, id:47
09-19 15:11:10.884  4710  4710 I C04200/WMS: GetSurfaceNode: name:callaite0, id:47
09-19 15:11:10.884  4710  4710 I C03900/Ace: [(100000:100000:scope)] SetRSSurfaceNode 20229295964161 with rs multi
09-19 15:11:10.884  4710  4710 I C01406/OHOS::RS: RSUIContext::AttachFromUI. token: 20229295964161 uiPiplineNum: -1
09-19 15:11:10.884  4710  4710 I C01406/OHOS::RS: RSUIContext::SetUITaskRunner, Context token:20229295964161
09-19 15:11:10.885  4710  4710 I C03925/AceRouter: [(100000:100000:scope)] createManager, deviceType: 0
09-19 15:11:10.885  4710  4710 W C03900/Ace: [(100000:100000:scope)] Invalid config:zh_Hans-long-notround-vertical-light-phone-xxxhdpi
09-19 15:11:10.885  4710  4710 I C01406/OHOS::RS: RSUIDirector::GoBackground CurrentState:2, UIContext:20229295964161
09-19 15:11:10.886  4710  4710 I C01406/OHOS::RS: RSSurfaceNode::SetAbilityState, surfaceNodeId:[20229295964161], ability state: background
09-19 15:11:10.886  4710  4710 I C03900/Ace: [(100000:100000:scope)] set translateManager to pipeline, instanceId:100000
09-19 15:11:10.886  4710  4710 I C0421d/WMSRotation: RegisterOrientationChangeListener: in
09-19 15:11:10.886  4710  4710 I C03900/Ace: [(100000:100000:scope)] AddPersistAfterLayoutTask size: 1
09-19 15:11:10.886  4710  4710 I C03919/AceInputTracking: [(100000:100000:scope)] Debug touch pass mode 0
09-19 15:11:10.886  4710  4710 E C03934/AceUIEvent: [(100000:100000:scope)] AceTransform load failed: Error loading shared library /system/lib64/libtransform_interaction_ext.z.so: No such file or directory
09-19 15:11:10.886  4710  4710 I C03937/AceResource: [(100000:100000:scope)] ResourceAdapter UpdateResConfig with colorMode light
09-19 15:11:10.886  4710  4710 W C03900/Ace: [(100000:100000:scope)] not found systemTheme in HapModuleInfo, loading default OHOS_THEME
09-19 15:11:10.886  4710  4710 I C03900/Ace: [(100000:100000:scope)] Cannot Get File List from resources/styles/
09-19 15:11:10.886  4710  4710 W C03900/Ace: [(100000:100000:scope)] GetAsset failed: resources/styles/default.json
09-19 15:11:10.897  4710  4710 I C01406/OHOS::RS: RSRootNode::Create, Node:20229295964163, Token:20229295964161
09-19 15:11:10.897  4710  4710 I C03900/Ace: [(100000:100000:scope)] root node OnAttachToFrameNode, id:0
09-19 15:11:10.897  4710  4710 I C03900/Ace: [(100000:100000:scope)] Rosenwindow set root, rsId:20229295964163
09-19 15:11:10.897  4710  4710 I C01406/OHOS::RS: RSRootNode::AttachRSSurfaceNode, SurfaceNode:20229295964161, Node:20229295964163
09-19 15:11:10.898  4710  4710 I C03900/Ace: [(100000:100000:scope)] AddPersistAfterLayoutTask size: 2
09-19 15:11:10.903  4710  4710 I C03900/Ace: [(100000:100000:scope)] focusWindowId: 0, realHostWindowId: 0
09-19 15:11:10.904  4710  4710 I C02c03/PARAM_WATCHER: Add watcher keyPrefix debug.graphic.frame remoteWatcherId 112 success
09-19 15:11:10.905  4710  4710 E C03900/Ace: [(100000:100000:scope)] ERROR EACCES
09-19 15:11:10.905  4710  4710 E C03900/Ace: [(100000:100000:scope)] ERROR EACCES
09-19 15:11:10.905  4710  4710 I C03900/Ace: [(100000:100000:scope)] ArkUIInvisibleFreeze: 0
09-19 15:11:10.905  4710  4710 I C03900/Ace: [(100000:100000:scope)] [com.example.callaite][entry][100000]: SetMinPlatformVersion is 60101024
09-19 15:11:10.905  4710  4710 I C04209/WMSImms: RegisterAvoidAreaChangeListener: win 47
09-19 15:11:10.906  4710  4710 E C04200/IMockSessionManager: Read result failed, code is: 4.
09-19 15:11:10.906  4710  4710 E C04200/IMockSessionManager: Read result failed, code is: 4.
09-19 15:11:10.906  4710  4710 I C04200/WMS: InitSessionManagerServiceProxy: Init success, userId=-1
09-19 15:11:10.907  4710  4710 I C04200/WMS: InitSceneSessionManagerLiteProxy: Init success, userId=-1
09-19 15:11:10.907  4710  4710 I C04204/WMSScb: InitSceneSessionManagerProxy: enter, userId=-1
09-19 15:11:10.907  4710  4710 I C04204/WMSScb: GetSceneSessionManagerProxy: init first time, userId=-1
09-19 15:11:10.909  4710  4928 I C04208/WMSLayout: UpdateRect: [WindowRectUpdate:ClientRecv] UpdateRect id:47 name:callaite0, preRect=[0 0 1308 2880], newRect=[0 0 1308 2880], reason:23 displayId:0
09-19 15:11:10.910  4710  4710 I C04209/WMSImms: GetAvoidAreaByType: win 47 type not supported
09-19 15:11:10.911  4710  4710 I C03917/AceSafeArea: [(100000:100000:scope)] InitializeSafeArea systemInsets:SafeAreaInsets left_: [start: 0, end: 0], top_: [start: 0, end: 136], right_: [start: 0, end: 0], bottom_: [start: 0, end: 0], cutoutInsets:SafeAreaInsets left_: [start: 0, end: 0], top_: [start: 50, end: 128], right_: [start: 0, end: 0], bottom_: [start: 0, end: 0], navInsets:SafeAreaInsets left_: [start: 0, end: 0], top_: [start: 0, end: 0], right_: [start: 0, end: 0], bottom_: [start: 2782, end: 2880], floatNavInsets:SafeAreaInsets left_: [start: 0, end: 0], top_: [start: 0, end: 0], right_: [start: 0, end: 0], bottom_: [start: 0, end: 0]
09-19 15:11:10.911  4710  4710 I C0394e/AceWindow: [(100000:100000:scope)] Initialize displayId: 0, availableRect: [0, 0, 1308, 2880]
09-19 15:11:10.912  4710  4710 I C03900/Ace: [(100000:100000:scope)] Failed to open libthp_extra_innerapi.z.so, reason: Error loading shared library /system/lib64/libthp_extra_innerapi.z.so: No such file or directory
09-19 15:11:10.912  4710  4710 I C03900/Ace: [(-2:100000:singleton)] [com.example.callaite][entry][100000]: Initialize: pages/Index
09-19 15:11:10.912  4710  4710 I C03900/Ace: [(100000:100000:scope)] RunPage:pages/Index
09-19 15:11:10.912  4710  4710 W C03900/Ace: [(100000:100000:scope)] GetAsset failed: manifest.json
09-19 15:11:10.912  4710  4710 I C04200/WMS: InitUIContent: [0, 0]
09-19 15:11:10.912  4710  4710 I C0420a/WMSLife: RegisterUIContenCallback: start
09-19 15:11:10.913  4710  4977 I C03951/InputKeyFlow: [(-1:100000:singleton)] Subscribe touch.events.pass.through Event
09-19 15:11:10.913  4710  4710 I C04208/WMSLayout: SetUIContentInner: single hand, id:47, posX:0, posY:0, scaleX:1.000000, scaleY:1.000000
09-19 15:11:10.913  4710  4710 I C04219/WMSDecor: UpdateDecorEnable: decorVisible:1, isDockAutoHide:0, isDecorHiddenByApp:0, isMaximizeInvoked:0, id:47
09-19 15:11:10.913  4710  4710 I C03900/Ace: [(-2:100000:singleton)] [com.example.callaite][entry][100000]: UpdateWindowVisible: 1, hasDecor: 0
09-19 15:11:10.913  4710  4710 I C03900/Ace: [(-2:100000:singleton)] [com.example.callaite][entry][100000]: NotifyWindowMode mode = 1
09-19 15:11:10.914  4710  4974 I C02c03/PARAM_WATCHER: Add watcher keyPrefix persist.ace.trace.layout.enabled remoteWatcherId 112 success
09-19 15:11:10.914  4710  4974 I C02c03/PARAM_WATCHER: Add watcher keyPrefix persist.ace.trace.inputevent.enabled remoteWatcherId 112 success
09-19 15:11:10.915  4710  4710 I C03900/Ace: [(-2:100000:singleton)] [com.example.callaite][entry][100000]: window foreground
09-19 15:11:10.915  4710  4710 I C03900/Ace: [(100000:100000:scope)] Update application state , state: ON_SHOW
09-19 15:11:10.915  4710  4710 I C01406/OHOS::RS: RSUIDirector::GoForeground CurrentState:3, UIContext:20229295964161
09-19 15:11:10.916  4710  4710 I C01406/OHOS::RS: RSSurfaceNode::SetAbilityState, surfaceNodeId:[20229295964161], ability state: foreground
09-19 15:11:10.916  4710  4974 I C02c03/PARAM_WATCHER: Add watcher keyPrefix const.security.developermode.state remoteWatcherId 112 success
09-19 15:11:10.916  4710  4979 W C057c1/IPCWorkThread: ThreadHandler: proto:0 policy:0 name:OS_IPC_4_4979 invoker:10183712
09-19 15:11:10.916  4710  4710 I C03900/Ace: [(100000:100000:scope)] ArkUI requests first Vsync.
09-19 15:11:10.916  4710  4710 I C04202/WMSMain: RequestVsync: First vsync has requested, nodeId: 20229295964161
09-19 15:11:10.916  4710  4974 I C02c03/PARAM_WATCHER: Add watcher keyPrefix persist.ace.debug.statemgr.enabled remoteWatcherId 112 success
09-19 15:11:10.917  4710  4974 I C02c03/PARAM_WATCHER: Add watcher keyPrefix persist.ace.debug.boundary.enabled remoteWatcherId 112 success
09-19 15:11:10.918  4710  4710 I C03959/AceLayout: [(-2:100000:singleton)] UVC Viewport config: size: (1308, 2880) orientation: 0 density: 3.500000 position: (0, 0) transformHint: 0 displayId: 0 forceSplitDisplayConfig: disable forceSplit, mode: 0, WSCR 0, IRN 1, , keyboardInfo is null
09-19 15:11:10.918  4710  4710 I C03922/AceNavigation: [(100000:100000:scope)] disable forceSplit, mode:0
09-19 15:11:10.918  4710  4710 I C04208/WMSLayout: UpdateViewportConfig: Id: 47, reason: 0, viewportRect: [0 0 1308 2880], displayOrientation: 0, config[0, 0, 0, 3.500000]
09-19 15:11:10.918  4710  4710 I C02d11/DfxUnwinder: UnwindLocal:: fpUnwind: 0
09-19 15:11:10.918  4710  4974 I C02c03/PARAM_WATCHER: Add watcher keyPrefix persist.ace.performance.monitor.enabled remoteWatcherId 112 success
09-19 15:11:10.919  4710  4710 W C01320/JsEnv: [source_map.cpp145]the stack without line info
09-19 15:11:10.919  4710  4710 I A00001/EntryAbility: Succeeded in loading the content.
09-19 15:11:10.919  4710  4710 I C04200/JsWindowStage: Window [47, callaite0] load content end, ret=0
09-19 15:11:10.919  4710  4710 I C04209/WMSImms: NotifyAvoidAreaChange: win 47 api 26 type 0 area top [0 0 1308 136] 
09-19 15:11:10.919  4710  4710 I C04209/WMSImms: NotifyAvoidAreaChange: win 47 api 26 type 1 area top [615 50 78 78] 
09-19 15:11:10.919  4710  4710 I C04209/WMSImms: NotifyAvoidAreaChange: win 47 api 26 type 2 area empty
09-19 15:11:10.919  4710  4710 I C04209/WMSImms: NotifyAvoidAreaChange: win 47 api 26 type 3 area empty
09-19 15:11:10.919  4710  4710 I C04209/WMSImms: NotifyAvoidAreaChange: win 47 api 26 type 4 area bottom [425 2782 458 98] 
09-19 15:11:10.920  4710  4710 I C03922/AceNavigation: [(100000:100000:scope)] disable forceSplit, mode:0
09-19 15:11:10.920  4710  4710 I C04208/WMSLayout: UpdateViewportConfig: Id: 47, reason: 23, viewportRect: [0 0 1308 2880], displayOrientation: 0, config[0, 0, 0, 3.500000]
09-19 15:11:10.921  4710  4710 I C03922/AceNavigation: [(100000:100000:scope)] disable forceSplit, mode:0
09-19 15:11:10.921  4710  4710 I C04208/WMSLayout: UpdateViewportConfig: Id: 47, reason: 23, viewportRect: [0 0 1308 2880], displayOrientation: 0, config[0, 0, 0, 3.500000]
09-19 15:11:10.921  4710  4710 I C03925/AceRouter: [(100000:100000:scope)] Page router manager is creating page[1]: url: pages/Index path: pages/Index.js, recoverable: yes, namedRouter: no
09-19 15:11:10.946  4710  4710 I C03f04/MMG: [NMM:1561]Module:file.photoAccessHelper
09-19 15:11:10.947  4710  4710 W C03f04/MMG: [NMM:1466] Name mismatch: file.photoAccessHelperNative != file.photoAccessHelper
09-19 15:11:10.948  4710  4710 I C02b71/MediaLibraryNapi: Common:{Init:156} TaskSignalNapi::Init in
09-19 15:11:10.948  4710  4710 I C02b71/MediaLibraryNapi: Common:{Init:164} TaskSignalNapi::Init success
09-19 15:11:10.950  4710  4710 I C02b01/CAMERA: {63} PickerOnLoad
09-19 15:11:10.951  4710  4710 I C02b01/CAMERA: {463} CameraPickerNapi E
09-19 15:11:10.951  4710  4710 W C03f04/MMG: [NMM:1466] Name mismatch: web.webnativemessagingextensionmanager_napi != web.webNativeMessagingExtensionManager
09-19 15:11:10.952  4710  4710 I C03f04/MMG: [NMM:1561]Module:arkui.node
09-19 15:11:10.963  4710  4710 I C04201/DMS: IfCallbackRegistered: change not registered!
09-19 15:11:10.963  4710  4710 I C04201/DMS: JsDisplayListener: Constructor
09-19 15:11:10.964  4710  4944 I C04215/WMSHierarchy: GetTopWindowWithContext: mainId:47!
09-19 15:11:10.967  4710  4710 I C0391c/AceFocus: [(100000:100000:scope)] Request focus id can not found.
09-19 15:11:10.967  4710  4710 W C03926/AceTheme: [(100000:100000:scope)] style 125829872 not contains scroll_bar_pattern!
09-19 15:11:10.968  4710  4710 W C03926/AceTheme: [(100000:100000:scope)] style scroll_bar_pattern get attr scroll_bar_interactive error!
09-19 15:11:10.968  4710  4710 W C03926/AceTheme: [(100000:100000:scope)] style scroll_bar_pattern not contains arc_scroll_bar_normal_background_width!
09-19 15:11:10.971  4710  4710 W C03926/AceTheme: [(100000:100000:scope)] style 125829872 not contains scrollable_pattern!
09-19 15:11:10.971  4710  4710 W C03926/AceTheme: [(100000:100000:scope)] style scrollable_pattern not contains scroll_able_default_scrolling_distance!
09-19 15:11:10.994  4710  4710 W C03926/AceTheme: [(100000:100000:scope)] style text_pattern not contains linear_split_child_min_size!
09-19 15:11:10.994  4710  4710 W C03926/AceTheme: [(100000:100000:scope)] style text_pattern not contains menu_celia_ask_is_support!
09-19 15:11:10.994  4710  4710 W C03926/AceTheme: [(100000:100000:scope)] style 125829872 not contains app_theme_pattern!
09-19 15:11:10.994  4710  4710 W C01e00/ResourceManager: by id=125835722 limitPaths is empty
09-19 15:11:10.994  4710  4710 E C01e00/ResourceManager: ref <private> id not found
09-19 15:11:10.994  4710  4710 W C01e00/ResourceManager: by id=125835722 limitPaths is empty
09-19 15:11:10.994  4710  4710 E C01e00/ResourceManager: ref <private> id not found
09-19 15:11:10.994  4710  4710 W C03937/AceResource: [(100000:100000:scope)] Get pattern by name error, name=app_theme_pattern, bundleName: com.example.callaite, moduleName: entry
09-19 15:11:10.994  4710  4710 W C01e00/ResourceManager: by id=125835722 limitPaths is empty
09-19 15:11:10.994  4710  4710 E C01e00/ResourceManager: ref <private> id not found
09-19 15:11:10.994  4710  4710 W C01e00/ResourceManager: by id=125835722 limitPaths is empty
09-19 15:11:10.994  4710  4710 E C01e00/ResourceManager: ref <private> id not found
09-19 15:11:10.994  4710  4710 W C03937/AceResource: [(100000:100000:scope)] Get pattern by name error, name=app_theme_pattern
09-19 15:11:10.994  4710  4710 W C03926/AceTheme: [(100000:100000:scope)] style app_theme_pattern not contains app_theme_drag_distancethreshold!
09-19 15:11:11.017  4710  4710 I C0391c/AceFocus: [(100000:100000:scope)] view: page/2 show
09-19 15:11:11.017  4710  4710 I C03922/AceNavigation: [(100000:100000:scope)] can't find inner navigation
09-19 15:11:11.018  4710  4710 I C03933/AceKeyboard: [(100000:100000:scope)] PageChangeCloseKB
09-19 15:11:11.018  4710  4710 I C03925/AceRouter: [(100000:100000:scope)] LoadPage Success
09-19 15:11:11.019  4710  4710 I C04200/JsWindow: CreateJsWindow callaite0
09-19 15:11:11.019  4710  4710 I C0420a/WMSLife: JsWindow: window: callaite0, ctorCnt: 1
09-19 15:11:11.020  4710  4710 I C0420a/WMSLife: CreateJsWindowObject: Add window callaite0
09-19 15:11:11.020  4710  4710 I C0392a/AceUiExtensionComponent: [(-2:100000:singleton)] NotifyWindowMode aliveUIExtensions = 0
09-19 15:11:11.020  4710  4710 I C0394e/AceWindow: [(100000:100000:scope)] Update displayWindowRect in UpdateViewportConfig to : Rect (0.00, 0.00) - [1308.00 x 2880.00]
09-19 15:11:11.020  4710  4710 I C03917/AceSafeArea: [(100000:100000:scope)] SetIsFullScreen 1
09-19 15:11:11.021  4710  4710 I C03900/Ace: [(100000:100000:scope)] Root node request first frame.
09-19 15:11:11.021  4710  4710 I C04202/WMSMain: VsyncCallbackInner: First vsync has come back, nodeId: 20229295964161
09-19 15:11:11.023  4710  4710 I C01408/Text: InitTextBundleConfig: Adapter text height enabled 0
09-19 15:11:11.023  4710  4710 I C01408/Text: InitTextBundleConfig: Disable spacing for control char 0
09-19 15:11:11.023  4710  4710 E C02d34/HistogramClient: ArkGraphics2d.Text.OH_Drawing_TextStyleAddFontVariation is not in metadata.
09-19 15:11:11.120  4710  4710 E C01707/CONCUR: [Interface] task 4947 apply qos failed, errno = 4
09-19 15:11:11.122  4710  4710 E C01707/CONCUR: [Interface] task 4946 apply qos failed, errno = 4
09-19 15:11:11.125  4710  4710 E C01707/CONCUR: [Interface] task 4948 apply qos failed, errno = 4
09-19 15:11:11.131  4710  4710 E C01707/CONCUR: [Interface] task 4947 apply qos failed, errno = 4
09-19 15:11:11.134  4710  4710 E C01707/CONCUR: [Interface] task 4946 apply qos failed, errno = 4
09-19 15:11:11.137  4710  4710 E C01707/CONCUR: [Interface] task 4948 apply qos failed, errno = 4
09-19 15:11:11.231  4710  4710 E C01707/CONCUR: [Interface] task 4947 apply qos failed, errno = 4
09-19 15:11:11.233  4710  4710 E C01707/CONCUR: [Interface] task 4946 apply qos failed, errno = 4
09-19 15:11:11.236  4710  4710 E C01707/CONCUR: [Interface] task 4948 apply qos failed, errno = 4
09-19 15:11:11.239  4710  4710 E C01707/CONCUR: [Interface] task 4947 apply qos failed, errno = 4
09-19 15:11:11.241  4710  4710 E C01707/CONCUR: [Interface] task 4946 apply qos failed, errno = 4
09-19 15:11:11.243  4710  4710 E C01707/CONCUR: [Interface] task 4948 apply qos failed, errno = 4
09-19 15:11:11.353  4710  4710 E C01707/CONCUR: [Interface] task 4947 apply qos failed, errno = 4
09-19 15:11:11.356  4710  4710 E C01707/CONCUR: [Interface] task 4946 apply qos failed, errno = 4
09-19 15:11:11.359  4710  4710 E C01707/CONCUR: [Interface] task 4948 apply qos failed, errno = 4
09-19 15:11:11.366  4710  4710 E C01707/CONCUR: [Interface] task 4947 apply qos failed, errno = 4
09-19 15:11:11.371  4710  4710 E C01707/CONCUR: [Interface] task 4946 apply qos failed, errno = 4
09-19 15:11:11.376  4710  4710 E C01707/CONCUR: [Interface] task 4948 apply qos failed, errno = 4
09-19 15:11:11.480  4710  4710 E C01707/CONCUR: [Interface] task 4947 apply qos failed, errno = 4
09-19 15:11:11.483  4710  4710 E C01707/CONCUR: [Interface] task 4946 apply qos failed, errno = 4
09-19 15:11:11.485  4710  4710 E C01707/CONCUR: [Interface] task 4948 apply qos failed, errno = 4
09-19 15:11:11.488  4710  4710 E C01707/CONCUR: [Interface] task 4947 apply qos failed, errno = 4
09-19 15:11:11.490  4710  4710 E C01707/CONCUR: [Interface] task 4946 apply qos failed, errno = 4
09-19 15:11:11.493  4710  4710 E C01707/CONCUR: [Interface] task 4948 apply qos failed, errno = 4
09-19 15:11:11.594  4710  4710 E C01707/CONCUR: [Interface] task 4947 apply qos failed, errno = 4
09-19 15:11:11.596  4710  4710 E C01707/CONCUR: [Interface] task 4946 apply qos failed, errno = 4
09-19 15:11:11.599  4710  4710 E C01707/CONCUR: [Interface] task 4948 apply qos failed, errno = 4
09-19 15:11:11.602  4710  4710 E C01707/CONCUR: [Interface] task 4947 apply qos failed, errno = 4
09-19 15:11:11.604  4710  4710 E C01707/CONCUR: [Interface] task 4946 apply qos failed, errno = 4
09-19 15:11:11.607  4710  4710 E C01707/CONCUR: [Interface] task 4948 apply qos failed, errno = 4
09-19 15:11:11.710  4710  4710 E C01707/CONCUR: [Interface] task 4947 apply qos failed, errno = 4
09-19 15:11:11.713  4710  4710 E C01707/CONCUR: [Interface] task 4946 apply qos failed, errno = 4
09-19 15:11:11.715  4710  4710 E C01707/CONCUR: [Interface] task 4948 apply qos failed, errno = 4
09-19 15:11:11.719  4710  4710 E C01707/CONCUR: [Interface] task 4947 apply qos failed, errno = 4
09-19 15:11:11.721  4710  4710 E C01707/CONCUR: [Interface] task 4946 apply qos failed, errno = 4
09-19 15:11:11.723  4710  4710 E C01707/CONCUR: [Interface] task 4948 apply qos failed, errno = 4
09-19 15:11:11.830  4710  4710 E C01707/CONCUR: [Interface] task 4947 apply qos failed, errno = 4
09-19 15:11:11.832  4710  4710 E C01707/CONCUR: [Interface] task 4946 apply qos failed, errno = 4
09-19 15:11:11.837  4710  4710 E C01707/CONCUR: [Interface] task 4948 apply qos failed, errno = 4
09-19 15:11:11.840  4710  4710 E C01707/CONCUR: [Interface] task 4947 apply qos failed, errno = 4
09-19 15:11:11.843  4710  4710 E C01707/CONCUR: [Interface] task 4946 apply qos failed, errno = 4
09-19 15:11:11.845  4710  4710 E C01707/CONCUR: [Interface] task 4948 apply qos failed, errno = 4
09-19 15:11:11.953  4710  4710 E C01707/CONCUR: [Interface] task 4947 apply qos failed, errno = 4
09-19 15:11:11.956  4710  4710 E C01707/CONCUR: [Interface] task 4946 apply qos failed, errno = 4
09-19 15:11:11.958  4710  4710 E C01707/CONCUR: [Interface] task 4948 apply qos failed, errno = 4
09-19 15:11:11.963  4710  4710 E C01707/CONCUR: [Interface] task 4947 apply qos failed, errno = 4
09-19 15:11:11.965  4710  4710 E C01707/CONCUR: [Interface] task 4946 apply qos failed, errno = 4
09-19 15:11:11.968  4710  4710 E C01707/CONCUR: [Interface] task 4948 apply qos failed, errno = 4
09-19 15:11:12.081  4710  4710 E C01707/CONCUR: [Interface] task 4947 apply qos failed, errno = 4
09-19 15:11:12.083  4710  4710 E C01707/CONCUR: [Interface] task 4946 apply qos failed, errno = 4
09-19 15:11:12.086  4710  4710 E C01707/CONCUR: [Interface] task 4948 apply qos failed, errno = 4
09-19 15:11:12.089  4710  4710 E C01707/CONCUR: [Interface] task 4947 apply qos failed, errno = 4
09-19 15:11:12.091  4710  4710 E C01707/CONCUR: [Interface] task 4946 apply qos failed, errno = 4
09-19 15:11:12.094  4710  4710 E C01707/CONCUR: [Interface] task 4948 apply qos failed, errno = 4
09-19 15:11:12.206  4710  4710 E C01707/CONCUR: [Interface] task 4947 apply qos failed, errno = 4
09-19 15:11:12.209  4710  4710 E C01707/CONCUR: [Interface] task 4946 apply qos failed, errno = 4
09-19 15:11:12.211  4710  4710 E C01707/CONCUR: [Interface] task 4948 apply qos failed, errno = 4
09-19 15:11:12.215  4710  4710 E C01707/CONCUR: [Interface] task 4947 apply qos failed, errno = 4
09-19 15:11:12.217  4710  4710 E C01707/CONCUR: [Interface] task 4946 apply qos failed, errno = 4
09-19 15:11:12.219  4710  4710 E C01707/CONCUR: [Interface] task 4948 apply qos failed, errno = 4
09-19 15:11:12.334  4710  4710 E C01707/CONCUR: [Interface] task 4947 apply qos failed, errno = 4
09-19 15:11:12.338  4710  4710 E C01707/CONCUR: [Interface] task 4946 apply qos failed, errno = 4
09-19 15:11:12.341  4710  4710 E C01707/CONCUR: [Interface] task 4948 apply qos failed, errno = 4
09-19 15:11:12.344  4710  4710 E C01707/CONCUR: [Interface] task 4947 apply qos failed, errno = 4
09-19 15:11:12.347  4710  4710 E C01707/CONCUR: [Interface] task 4946 apply qos failed, errno = 4
09-19 15:11:12.349  4710  4710 E C01707/CONCUR: [Interface] task 4948 apply qos failed, errno = 4
09-19 15:11:12.461  4710  4710 E C01707/CONCUR: [Interface] task 4947 apply qos failed, errno = 4
09-19 15:11:12.463  4710  4710 E C01707/CONCUR: [Interface] task 4946 apply qos failed, errno = 4
09-19 15:11:12.466  4710  4710 E C01707/CONCUR: [Interface] task 4948 apply qos failed, errno = 4
09-19 15:11:12.469  4710  4710 E C01707/CONCUR: [Interface] task 4947 apply qos failed, errno = 4
09-19 15:11:12.471  4710  4710 E C01707/CONCUR: [Interface] task 4946 apply qos failed, errno = 4
09-19 15:11:12.473  4710  4710 E C01707/CONCUR: [Interface] task 4948 apply qos failed, errno = 4
09-19 15:11:12.586  4710  4710 E C01707/CONCUR: [Interface] task 4947 apply qos failed, errno = 4
09-19 15:11:12.589  4710  4710 E C01707/CONCUR: [Interface] task 4946 apply qos failed, errno = 4
09-19 15:11:12.591  4710  4710 E C01707/CONCUR: [Interface] task 4948 apply qos failed, errno = 4
09-19 15:11:12.594  4710  4710 E C01707/CONCUR: [Interface] task 4947 apply qos failed, errno = 4
09-19 15:11:12.597  4710  4710 E C01707/CONCUR: [Interface] task 4946 apply qos failed, errno = 4
09-19 15:11:12.599  4710  4710 E C01707/CONCUR: [Interface] task 4948 apply qos failed, errno = 4
09-19 15:11:12.713  4710  4710 E C01707/CONCUR: [Interface] task 4947 apply qos failed, errno = 4
09-19 15:11:12.715  4710  4710 E C01707/CONCUR: [Interface] task 4946 apply qos failed, errno = 4
09-19 15:11:12.718  4710  4710 E C01707/CONCUR: [Interface] task 4948 apply qos failed, errno = 4
09-19 15:11:12.721  4710  4710 E C01707/CONCUR: [Interface] task 4947 apply qos failed, errno = 4
09-19 15:11:12.724  4710  4710 E C01707/CONCUR: [Interface] task 4946 apply qos failed, errno = 4
09-19 15:11:12.726  4710  4710 E C01707/CONCUR: [Interface] task 4948 apply qos failed, errno = 4
09-19 15:11:12.839  4710  4710 E C01707/CONCUR: [Interface] task 4947 apply qos failed, errno = 4
09-19 15:11:12.842  4710  4710 E C01707/CONCUR: [Interface] task 4946 apply qos failed, errno = 4
09-19 15:11:12.844  4710  4710 E C01707/CONCUR: [Interface] task 4948 apply qos failed, errno = 4
09-19 15:11:12.847  4710  4710 E C01707/CONCUR: [Interface] task 4947 apply qos failed, errno = 4
09-19 15:11:12.850  4710  4710 E C01707/CONCUR: [Interface] task 4946 apply qos failed, errno = 4
09-19 15:11:12.851  4710  4710 E C01707/CONCUR: [Interface] task 4948 apply qos failed, errno = 4
09-19 15:11:12.969  4710  4710 E C01707/CONCUR: [Interface] task 4947 apply qos failed, errno = 4
09-19 15:11:12.974  4710  4710 E C01707/CONCUR: [Interface] task 4946 apply qos failed, errno = 4
09-19 15:11:12.982  4710  4710 E C01707/CONCUR: [Interface] task 4948 apply qos failed, errno = 4
09-19 15:11:12.993  4710  4710 E C01707/CONCUR: [Interface] task 4947 apply qos failed, errno = 4
09-19 15:11:12.995  4710  4710 E C01707/CONCUR: [Interface] task 4946 apply qos failed, errno = 4
09-19 15:11:12.998  4710  4710 E C01707/CONCUR: [Interface] task 4948 apply qos failed, errno = 4
09-19 15:11:13.112  4710  4710 E C01707/CONCUR: [Interface] task 4947 apply qos failed, errno = 4
09-19 15:11:13.115  4710  4710 E C01707/CONCUR: [Interface] task 4946 apply qos failed, errno = 4
09-19 15:11:13.117  4710  4710 E C01707/CONCUR: [Interface] task 4948 apply qos failed, errno = 4
09-19 15:11:13.122  4710  4710 E C01707/CONCUR: [Interface] task 4947 apply qos failed, errno = 4
09-19 15:11:13.124  4710  4710 E C01707/CONCUR: [Interface] task 4946 apply qos failed, errno = 4
09-19 15:11:13.126  4710  4710 E C01707/CONCUR: [Interface] task 4948 apply qos failed, errno = 4
09-19 15:11:13.159  4710  4710 E C01707/CONCUR: [Interface] task 4947 apply qos failed, errno = 4
09-19 15:11:13.161  4710  4710 E C01707/CONCUR: [Interface] task 4946 apply qos failed, errno = 4
09-19 15:11:13.164  4710  4710 E C01707/CONCUR: [Interface] task 4948 apply qos failed, errno = 4
09-19 15:11:13.168  4710  4710 E C01707/CONCUR: [Interface] task 4947 apply qos failed, errno = 4
09-19 15:11:13.170  4710  4710 E C01707/CONCUR: [Interface] task 4946 apply qos failed, errno = 4
09-19 15:11:13.173  4710  4710 E C01707/CONCUR: [Interface] task 4948 apply qos failed, errno = 4
09-19 15:11:13.206  4710  4710 E C01707/CONCUR: [Interface] task 4947 apply qos failed, errno = 4
09-19 15:11:13.208  4710  4710 E C01707/CONCUR: [Interface] task 4946 apply qos failed, errno = 4
09-19 15:11:13.211  4710  4710 E C01707/CONCUR: [Interface] task 4948 apply qos failed, errno = 4
09-19 15:11:13.214  4710  4710 E C01707/CONCUR: [Interface] task 4947 apply qos failed, errno = 4
09-19 15:11:13.216  4710  4710 E C01707/CONCUR: [Interface] task 4946 apply qos failed, errno = 4
09-19 15:11:13.218  4710  4710 E C01707/CONCUR: [Interface] task 4948 apply qos failed, errno = 4
09-19 15:11:20.539  4710  4930 I C01310/AppDfr: [watchdog.cpp356]Thread may be blocked, not report time. currTime: 1789801880539, lastTime: 1789801873541
09-19 15:11:22.005  4710  4710 E C01707/CONCUR: [Interface] task 4947 apply qos failed, errno = 4
09-19 15:11:22.008  4710  4710 E C01707/CONCUR: [Interface] task 4946 apply qos failed, errno = 4
09-19 15:11:22.010  4710  4710 E C01707/CONCUR: [Interface] task 4948 apply qos failed, errno = 4
09-19 15:11:22.014  4710  4710 E C01707/CONCUR: [Interface] task 4947 apply qos failed, errno = 4
09-19 15:11:22.016  4710  4710 E C01707/CONCUR: [Interface] task 4946 apply qos failed, errno = 4
09-19 15:11:22.018  4710  4710 E C01707/CONCUR: [Interface] task 4948 apply qos failed, errno = 4
09-19 15:11:23.540  4710  4930 W C01310/AppDfr: [appfreeze_inner.cpp760]hisysevent write FREEZE_HALF_HIVIEW_LOG, pid:4710, packageName:, ret:0
09-19 15:11:23.540  4710  4930 W C02d06/XCollie: Sample freeze half file=freeze_20260919151123_4710.txt
09-19 15:11:23.540  4710  4930 I C01310/AppDfr: [appfreeze_inner.cpp595]start to sample freeze stack, eventName:THREAD_BLOCK_3S
09-19 15:11:23.540  4710  4930 W C01310/AppDfr: [appfreeze_inner.cpp627]submit reportAppFreeze, name:THREAD_BLOCK_3S, startTime:2026-09-19 15:11:23.540
09-19 15:11:23.540  4710  4930 E C02d06/XCollie: ThreadSampler initialize failed.
09-19 15:11:23.540  4710  4964 I C01201/EventHandler: EventHandler start dumper!
09-19 15:11:23.540  4710  4964 I C01201/EventHandler: EventHandler end dumper!
09-19 15:11:23.540  4710  4964 W C01310/AppDfr: [appfreeze_inner.cpp683]get mainhandler dump, eventName:THREAD_BLOCK_3S, endTime:2026-09-19 15:11:23.540, interval:1 ms
09-19 15:11:23.541  4710  4964 E C02d06/XCollie: no freeze callback
09-19 15:11:23.541  4710  4964 I C03f00/ArkCompiler: [ecmascript] GC statistic, count: 452, maxPause: 34.155, minPause: 0.382, averagePause: 1.27765, lastStartTime: 1789801883535, lastEndTime: 1789801883535, lastType: Local GC
09-19 15:11:23.541  4710  4964 I C01310/AppDfr: [appfreeze_inner.cpp388]heap info: HEAP_TOTAL_SIZE:16515072,HEAP_OBJECT_SIZE:13805672,HEAP_SHARED_SIZE:850464, process lifeTime: PROCESS_LIFETIME:44s
09-19 15:11:23.552  4710  4944 I C02d11/DfxUnwinder: First enter fp step, pc: <private>
09-19 15:11:23.563  4710  4966 I C01310/AppDfr: [appfreeze_inner.cpp493]get main stack has finished less than 1s
09-19 15:11:23.563  4710  4966 W C01310/AppDfr: [appfreeze_inner.cpp788]NotifyAppFault:THREAD_BLOCK_3S, pid:4710, bundleName:com.example.callaite currentTime:2026-09-19 15:11:23.563, processExit:1 appfreezeInfo:freeze_20260919151123_4710.txt enbleMainThreadSample:0.
09-19 15:11:23.563  4710  4966 I C01311/AppMS: [app_mgr_proxy.cpp1740]called
09-19 15:11:23.663  4710  5039 W C057c1/IPCWorkThread: ThreadHandler: proto:0 policy:0 name:OS_IPC_5_5039 invoker:5400736
09-19 15:11:24.241  4710  4710 E C01707/CONCUR: [Interface] task 4947 apply qos failed, errno = 4
09-19 15:11:24.243  4710  4710 E C01707/CONCUR: [Interface] task 4946 apply qos failed, errno = 4
09-19 15:11:24.245  4710  4710 E C01707/CONCUR: [Interface] task 4948 apply qos failed, errno = 4
09-19 15:11:24.248  4710  4710 E C01707/CONCUR: [Interface] task 4947 apply qos failed, errno = 4
09-19 15:11:24.251  4710  4710 E C01707/CONCUR: [Interface] task 4946 apply qos failed, errno = 4
09-19 15:11:24.253  4710  4710 E C01707/CONCUR: [Interface] task 4948 apply qos failed, errno = 4
09-19 15:11:25.498  4710  4710 E C01707/CONCUR: [Interface] task 4947 apply qos failed, errno = 4
09-19 15:11:25.504  4710  4710 E C01707/CONCUR: [Interface] task 4946 apply qos failed, errno = 4
09-19 15:11:25.510  4710  4710 E C01707/CONCUR: [Interface] task 4948 apply qos failed, errno = 4
09-19 15:11:25.515  4710  4710 E C01707/CONCUR: [Interface] task 4947 apply qos failed, errno = 4
09-19 15:11:25.523  4710  4710 E C01707/CONCUR: [Interface] task 4946 apply qos failed, errno = 4
09-19 15:11:25.526  4710  4710 E C01707/CONCUR: [Interface] task 4948 apply qos failed, errno = 4
09-19 15:11:26.539  4710  4930 W C01310/AppDfr: [watchdog.cpp178]get hitrace id is invalid.
09-19 15:11:26.539  4710  4930 W C02d06/XCollie: get lastest freeze file: , interval: 11405682.
09-19 15:11:26.539  4710  4930 I C01310/AppDfr: [appfreeze_inner.cpp605]stop to sample freeze stack, eventName:THREAD_BLOCK_6S freezeFile: enbleMainThreadSample:0.
09-19 15:11:26.539  4710  4930 W C01310/AppDfr: [appfreeze_inner.cpp627]submit reportAppFreeze, name:THREAD_BLOCK_6S, startTime:2026-09-19 15:11:26.539
09-19 15:11:26.540  4710  4965 I C01201/EventHandler: EventHandler start dumper!
09-19 15:11:26.540  4710  4965 I C01201/EventHandler: EventHandler end dumper!
09-19 15:11:26.540  4710  4965 W C01310/AppDfr: [appfreeze_inner.cpp683]get mainhandler dump, eventName:THREAD_BLOCK_6S, endTime:2026-09-19 15:11:26.540, interval:0 ms
09-19 15:11:26.540  4710  4965 E C02d06/XCollie: no freeze callback
09-19 15:11:26.540  4710  4965 I C03f00/ArkCompiler: [ecmascript] GC statistic, count: 571, maxPause: 34.155, minPause: 0.382, averagePause: 1.21076, lastStartTime: 1789801886537, lastEndTime: 1789801886537, lastType: Local GC
09-19 15:11:26.540  4710  4965 I C01310/AppDfr: [appfreeze_inner.cpp388]heap info: HEAP_TOTAL_SIZE:14680064,HEAP_OBJECT_SIZE:12001688,HEAP_SHARED_SIZE:850464, process lifeTime: PROCESS_LIFETIME:47s
09-19 15:11:26.541  4710  4965 I C01336/AMS: [AMC1927]RecordAppWithReason pid:4710, uid:20020063, killId:2000
09-19 15:11:26.541  4710  4965 I C01310/AppDfr: [appfreeze_inner.cpp537]Record result=0, pid=4710, uid=20020063, killId=2000
09-19 15:11:26.541  4710  4965 W C01310/AppDfr: [appfreeze_inner.cpp788]NotifyAppFault:THREAD_BLOCK_6S, pid:4710, bundleName:com.example.callaite currentTime:2026-09-19 15:11:26.541, processExit:1 appfreezeInfo: enbleMainThreadSample:0.
09-19 15:11:26.541  4710  4965 I C01311/AppMS: [app_mgr_proxy.cpp1740]called
09-19 15:11:26.541  4710  4965 I C01356/Recovery: [app_recovery.cpp193]begin
09-19 15:11:26.541  4710  4965 E C01356/Recovery: [app_recovery.cpp180]not enabled
09-19 15:11:26.541  4710  4965 I C01356/Recovery: [app_recovery.cpp282]scheduleRecoverApp  begin
09-19 15:11:26.626  4710  5073 W C057c1/IPCWorkThread: ThreadHandler: proto:0 policy:0 name:OS_IPC_6_5073 invoker:5401312
catcher cmd: hilog -z 1000 -P end time: 2026/09/19-15:11:26:690
---------------------------------------------------

---------------------------------------------------
catcher cmd: hidumper --cpuusage start time: 2026/09/19-15:11:26:690

catcher cmd: hidumper --cpuusage 

-------------------------------[cpuusage]-------------------------------

Load average: 0.26 / 0.17 / 0.13; the cpu load average in 1 min, 5 min and 15 min
CPU usage from 2026-09-19 15:11:22 to 2026-09-19 15:11:26
Total: 20.04%; User Space: 17.78%; Kernel Space: 2.26%; iowait: 0.19%; irq: 0.00%; idle: 79.77%
Details of Processes:
    PID   Total Usage	   User Space    Kernel Space    Page Fault Minor    Page Fault Major    Name
    4710      25.90%          24.47%          1.42%           52503                   3            com.example.callaite
    129        0.76%           0.08%          0.68%         1734175                5570            hiview         
    1          0.55%           0.17%          0.38%           49008                 419            init           
    454        0.26%           0.02%          0.24%           51910                2194            distributeddata
    108        0.25%           0.14%          0.11%          193577               29830            hilogd         
    31331      0.16%           0.00%          0.16%               0                   0            kworker/0:0-events
    30         0.14%           0.00%          0.14%               0                   0            kauditd        
    514        0.09%           0.08%          0.01%             983                  37            sensor_host    
    730        0.09%           0.01%          0.08%         1940958               87639            foundation     
    603        0.05%           0.05%          0.00%            1868                  29            sensors        
    127        0.05%           0.01%          0.04%            3865                  82            samgr          
    10         0.05%           0.00%          0.05%               0                   0            rcu_sched      
    647        0.04%           0.04%          0.00%            5628                 927            powermgr       
    1893       0.04%           0.03%          0.01%          506567              107218            com.ohos.sceneboard
    32552      0.04%           0.03%          0.02%           11754                   3            hidumper_service
    563        0.04%           0.00%          0.04%            1286                  75            composer_host  
    341        0.03%           0.03%          0.00%            3956                 679            file_monitor_service
    878        0.03%           0.02%          0.01%         1147962                  16            hdcd           
    447        0.03%           0.02%          0.01%            7211                 241            wifi_manager_service
    815        0.02%           0.02%          0.01%            1956                  35            aps_manager    
    278        0.02%           0.02%          0.01%           23855                3512            resource_schedule_service
    1020       0.02%           0.01%          0.02%            8812                1101            locationhub    
    299        0.02%           0.02%          0.00%           36592                1909            netmanager     
    739        0.01%           0.01%          0.00%            1591                  19            drm_service    
    656        0.01%           0.01%          0.00%            7355                  32            netsysnative   
    289        0.01%           0.01%          0.00%           14868                 279            accesstoken_service
    1941       0.01%           0.01%          0.01%            6403                 315            com.huawei.hmsapp.intelligent
    1618       0.01%           0.01%          0.01%           13340                 786            com.huawei.hms.pushservice
    835        0.01%           0.01%          0.01%            4352                 102            accountmgr     
    572        0.01%           0.01%          0.01%            2563                  64            useriam        
    313        0.01%           0.01%          0.01%           17934                2070            telephony      
    606        0.01%           0.00%          0.01%           50319                 116            security_guard 
    135        0.01%           0.00%          0.01%           52347                4680            appspawn       
    107        0.01%           0.00%          0.01%             634                  17            faultloggerd   
    97         0.01%           0.00%          0.01%               0                   0            jbd2/vdd-8     
    69         0.01%           0.00%          0.01%               0                   0            snapshotd      
    1915       0.01%           0.01%          0.00%           11827                 339            com.huawei.hms.adsservice
    1146       0.01%           0.01%          0.00%            1849                  37            wpa_host       
    981        0.01%           0.01%          0.00%            3988                 750            deviceprofile  
    836        0.01%           0.01%          0.00%            9888                1598            CollaborationFwk
    813        0.01%           0.01%          0.00%            4017                  89            av_session     
    797        0.01%           0.01%          0.00%            6376                 143            camera_service 
    697        0.01%           0.01%          0.00%           24989                  37            inputmethod_service
    551        0.01%           0.01%          0.00%            1223                  39            wifi_host      
    360        0.01%           0.01%          0.00%            7353                1099            msdp           
    27169      0.01%           0.00%          0.01%               0                   0            kworker/1:3-events
    7519       0.01%           0.00%          0.01%               0                   0            kworker/3:0-events
    2500       0.01%           0.00%          0.01%           11605                3206            com.ohos.sceneboard:EngineServiceAbility:1
    2160       0.01%           0.00%          0.01%           14518                 450            com.ohos.contactsdataability
    1327       0.01%           0.00%          0.01%            2837                 656            com.huawei.emulatormultiscreen
    602        0.01%           0.00%          0.01%            6816                1015            softbus_server 
    458        0.01%           0.00%          0.01%            3198                 683            device_manager 
    233        0.01%           0.00%          0.01%            5219                  39            memmgrservice  
    194        0.01%           0.00%          0.01%            6671                 342            audio_server   
    84         0.01%           0.00%          0.01%               0                   0            kworker/3:1H-kblockd
    25         0.01%           0.00%          0.01%               0                   0            ksoftirqd/3    
    9          0.01%           0.00%          0.01%               0                   0            ksoftirqd/0    
    31572      0.00%           0.00%          0.00%               0                   0            kworker/u8:2   
    31164      0.00%           0.00%          0.00%               0                   0            kworker/2:2    
    29392      0.00%           0.00%          0.00%               0                   0            kworker/u8:0-flush-254:48
    27165      0.00%           0.00%          0.00%               0                   0            kworker/1:2-events
    8814       0.00%           0.00%          0.00%               0                   0            kworker/0:1-events
    5387       0.00%           0.00%          0.00%            1892                  17            cert_manager_service
    4927       0.00%           0.00%          0.00%              64                   0            apppool        
    3557       0.00%           0.00%          0.00%               0                   0            kworker/3:2    
    3420       0.00%           0.00%          0.00%            6596                  28            atomicservice_ecological_rule_manager
    3319       0.00%           0.00%          0.00%           34614                 631            commonUI       
    3292       0.00%           0.00%          0.00%               0                   0            kworker/u8:1-ext4-rsv-conversion
    2793       0.00%           0.00%          0.00%            2589                 202            device_activate_service
    2728       0.00%           0.00%          0.00%            4070                 303            pasteboard_service
    2717       0.00%           0.00%          0.00%            3306                   0            QemuParams     
    2716       0.00%           0.00%          0.00%            3283                   0            QemuParams     
    2715       0.00%           0.00%          0.00%            3322                   1            QemuParams     
    2711       0.00%           0.00%          0.00%            3283                   0            QemuParams     
    2099       0.00%           0.00%          0.00%             818                   3            deviceinfoservice
    2046       0.00%           0.00%          0.00%           10105                 425            index_insert_service
    2000       0.00%           0.00%          0.00%           25587                 859            com.ohos.medialibrary.medialibrarydata
    1841       0.00%           0.00%          0.00%            5333                 348            appgallery_service
    1804       0.00%           0.00%          0.00%               0                   0            dfs_srv_wb3    
    1803       0.00%           0.00%          0.00%               0                   0            dfs_sb_wb3     
    1802       0.00%           0.00%          0.00%               0                   0            dfs_ino_wb3    
    1801       0.00%           0.00%          0.00%               0                   0            share_item_time
    1795       0.00%           0.00%          0.00%               0                   0            dfs_srv_wb2    
    1794       0.00%           0.00%          0.00%               0                   0            dfs_sb_wb2     
    1793       0.00%           0.00%          0.00%               0                   0            dfs_ino_wb2    
    1792       0.00%           0.00%          0.00%               0                   0            share_item_time
    1791       0.00%           0.00%          0.00%               0                   0            dfs_srv_wb1    
    1790       0.00%           0.00%          0.00%               0                   0            dfs_sb_wb1     
    1789       0.00%           0.00%          0.00%               0                   0            dfs_ino_wb1    
    1788       0.00%           0.00%          0.00%               0                   0            share_item_time
    1601       0.00%           0.00%          0.00%               0                   0            psimon         
    1370       0.00%           0.00%          0.00%            1923                  26            dcm_service    
    1369       0.00%           0.00%          0.00%            2463                  56            asset_service  
    1346       0.00%           0.00%          0.00%            1194                 262            com.huawei.hmos.location
    1340       0.00%           0.00%          0.00%            2745                 624            com.huawei.hmsapp.samplemanagement
    1323       0.00%           0.00%          0.00%            2290                  33            nwebspawn      
    1193       0.00%           0.00%          0.00%             794                  17            location_host  
    792        0.00%           0.00%          0.00%            2862                  27            client_cloud_cache_service
    762        0.00%           0.00%          0.00%             465                   3            data_monitor_service
    729        0.00%           0.00%          0.00%          169711               92348            render_service 
    728        0.00%           0.00%          0.00%            5259                 169            hianalytics    
    716        0.00%           0.00%          0.00%            4301                 986            huawei_id_svc  
    681        0.00%           0.00%          0.00%            1993                  18            media_monitor  
    664        0.00%           0.00%          0.00%            9883                 297            media_service  
    636        0.00%           0.00%          0.00%            1482                  64            privacy_service
    617        0.00%           0.00%          0.00%            1154                   9            av_codec_service
    613        0.00%           0.00%          0.00%            1160                  10            pin_auth_host  
    581        0.00%           0.00%          0.00%            1659                   9            ui_service     
    561        0.00%           0.00%          0.00%            1042                   7            allocator_host 
    559        0.00%           0.00%          0.00%             770                   7            blue_host      
    558        0.00%           0.00%          0.00%             702                   4            usb_host       
    554        0.00%           0.00%          0.00%           19378                  30            power_host     
    545        0.00%           0.00%          0.00%             927                  35            audio_host     
    534        0.00%           0.00%          0.00%            1354                  41            camera_host    
    517        0.00%           0.00%          0.00%             649                   0            input_user_host
    498        0.00%           0.00%          0.00%             772                   7            vibrator_host  
    495        0.00%           0.00%          0.00%             773                   6            light_host     
    428        0.00%           0.00%          0.00%             865                  10            codec_host     
    423        0.00%           0.00%          0.00%             807                   9            face_auth_host 
    422        0.00%           0.00%          0.00%            1170                  25            user_auth_host 
    417        0.00%           0.00%          0.00%             755                  15            fingerprint_auth_host
    395        0.00%           0.00%          0.00%            2623                  42            time_service   
    363        0.00%           0.00%          0.00%           17447                2012            push_manager_service
    314        0.00%           0.00%          0.00%            3753                 766            wallpaper_service
    254        0.00%           0.00%          0.00%            2009                  25            resource_schedule_executor
    235        0.00%           0.00%          0.00%            7168                 203            multimodalinput
    226        0.00%           0.00%          0.00%            3283                  45            huks_service   
    203        0.00%           0.00%          0.00%            1650                  23            dlp_credential_service_sa
    195        0.00%           0.00%          0.00%             812                   4            concurrent_task_service
    186        0.00%           0.00%          0.00%            9224                1256            accessibility  
    136        0.00%           0.00%          0.00%            3090                 348            QemuParams     
    133        0.00%           0.00%          0.00%             782                  13            hdf_devmgr     
    128        0.00%           0.00%          0.00%            1240                   7            param_watcher  
    123        0.00%           0.00%          0.00%            2284                  77            storage_daemon 
    122        0.00%           0.00%          0.00%            1716                  30            storage_manager
    100        0.00%           0.00%          0.00%            1408                   4            ueventd        
    98         0.00%           0.00%          0.00%               0                   0            ext4-rsv-conver
    93         0.00%           0.00%          0.00%               0                   0            ext4-rsv-conver
    92         0.00%           0.00%          0.00%               0                   0            ext4-rsv-conver
    91         0.00%           0.00%          0.00%               0                   0            ext4-rsv-conver
    85         0.00%           0.00%          0.00%               0                   0            cache_freed    
    83         0.00%           0.00%          0.00%               0                   0            ipv6_addrconf  
    82         0.00%           0.00%          0.00%               0                   0            kworker/0:1H-kblockd
    80         0.00%           0.00%          0.00%               0                   0            ion_system_heap
    77         0.00%           0.00%          0.00%               0                   0            scsi_tmf_1     
    76         0.00%           0.00%          0.00%               0                   0            scsi_eh_1      
    75         0.00%           0.00%          0.00%               0                   0            scsi_tmf_0     
    74         0.00%           0.00%          0.00%               0                   0            scsi_eh_0      
    73         0.00%           0.00%          0.00%               0                   0            kworker/2:1H-kblockd
    71         0.00%           0.00%          0.00%               0                   0            nfsiod         
    70         0.00%           0.00%          0.00%               0                   0            zswapd0        
    68         0.00%           0.00%          0.00%               0                   0            kswapd0        
    67         0.00%           0.00%          0.00%               0                   0            cfg80211       
    66         0.00%           0.00%          0.00%               0                   0            xprtiod        
    65         0.00%           0.00%          0.00%               0                   0            kworker/u9:0   
    64         0.00%           0.00%          0.00%               0                   0            rpciod         
    63         0.00%           0.00%          0.00%               0                   0            kworker/1:1H-kblockd
    62         0.00%           0.00%          0.00%               0                   0            ata_sff        
    61         0.00%           0.00%          0.00%               0                   0            kblockd        
    46         0.00%           0.00%          0.00%               0                   0            kworker/2:1-events
    35         0.00%           0.00%          0.00%               0                   0            kcompactd0     
    34         0.00%           0.00%          0.00%               0                   0            writeback      
    33         0.00%           0.00%          0.00%               0                   0            oom_reaper     
    29         0.00%           0.00%          0.00%               0                   0            netns          
    28         0.00%           0.00%          0.00%               0                   0            kdevtmpfs      
    27         0.00%           0.00%          0.00%               0                   0            kworker/3:0H-events_highpri
    24         0.00%           0.00%          0.00%               0                   0            migration/3    
    23         0.00%           0.00%          0.00%               0                   0            cpuhp/3        
    22         0.00%           0.00%          0.00%               0                   0            kworker/2:0H-kblockd
    20         0.00%           0.00%          0.00%               0                   0            ksoftirqd/2    
    19         0.00%           0.00%          0.00%               0                   0            migration/2    
    18         0.00%           0.00%          0.00%               0                   0            cpuhp/2        
    17         0.00%           0.00%          0.00%               0                   0            kworker/1:0H-events_highpri
    15         0.00%           0.00%          0.00%               0                   0            ksoftirqd/1    
    14         0.00%           0.00%          0.00%               0                   0            migration/1    
    13         0.00%           0.00%          0.00%               0                   0            cpuhp/1        
    12         0.00%           0.00%          0.00%               0                   0            cpuhp/0        
    11         0.00%           0.00%          0.00%               0                   0            migration/0    
    8          0.00%           0.00%          0.00%               0                   0            mm_percpu_wq   
    6          0.00%           0.00%          0.00%               0                   0            kworker/0:0H-events_highpri
    4          0.00%           0.00%          0.00%               0                   0            rcu_par_gp     
    3          0.00%           0.00%          0.00%               0                   0            rcu_gp         
    2          0.00%           0.00%          0.00%               0                   0            kthreadd       
catcher cmd: hidumper --cpuusage end time: 2026/09/19-15:11:27:518
---------------------------------------------------

---------------------------------------------------
CpuCoreInfoCatcher -- start time: 2026/09/19-15:11:27:518

CpuCoreInfoCatcher --

cpu, userUsage=0.186901

cpu0, userUsage=0.258929

cpu1, userUsage=0.174468

cpu2, userUsage=0.272340

cpu3, userUsage=0.051020

cpu0, cpuFreq=0, minFreq=0, maxFreq=0

cpu1, cpuFreq=0, minFreq=0, maxFreq=0

cpu2, cpuFreq=0, minFreq=0, maxFreq=0

cpu3, cpuFreq=0, minFreq=0, maxFreq=0

---------------------------------------------------
collect StabilityGetTempFreqInfo start time: 2026/09/19-15:11:27:523

Freq: bigCur: , bigMax: , midCur: , midMax: , litCur: , litMax: 
IPA: 

collect StabilityGetTempFreqInfo end time: 2026/09/19-15:11:27:523
---------------------------------------------------
CpuCoreInfoCatcher -- end time: 2026/09/19-15:11:27:523
---------------------------------------------------

---------------------------------------------------
MemoryCatcher -- start time: 2026/09/19-15:11:27:523

MemoryCatcher --

Get freeze memory start time: 2026-09-19 15:11:26.541
some avg10=0.00 avg60=0.00 avg300=0.00 total=3354653
full avg10=0.00 avg60=0.00 avg300=0.00 total=777185
MemTotal:        4025340 kB
MemFree:         2065780 kB
MemAvailable:    2693812 kB
Buffers:            7928 kB
Cached:           664504 kB
SwapCached:        27308 kB
Active:           510080 kB
Inactive:        1050280 kB
Active(anon):      62068 kB
Inactive(anon):   850112 kB
Active(file):     448012 kB
Inactive(file):   200168 kB
Unevictable:           0 kB
Mlocked:               0 kB
SwapTotal:       2097148 kB
SwapFree:        1889020 kB
Dirty:               240 kB
Writeback:             0 kB
AnonPages:        876432 kB
Mapped:           382136 kB
Shmem:             24252 kB
KReclaimable:      45924 kB
Slab:             124256 kB
SReclaimable:      45924 kB
SUnreclaim:        78332 kB
KernelStack:       18752 kB
PageTables:        36644 kB
NFS_Unstable:          0 kB
Bounce:                0 kB
WritebackTmp:          0 kB
CommitLimit:     4109816 kB
Committed_AS:   28398724 kB
VmallocTotal:   34359738367 kB
VmallocUsed:       89520 kB
VmallocChunk:          0 kB
Percpu:             1488 kB
DirectMap4k:       24388 kB
DirectMap2M:     4169728 kB
Get freeze memory end time: 2026-09-19 15:11:26.541
don't collect ashmem dmaheap gpumem
MemoryCatcher -- end time: 2026/09/19-15:11:27:527
---------------------------------------------------

---------------------------------------------------
catcher cmd: hidumper -s 1910 -a DumpAppMap start time: 2026/09/19-15:11:27:527

catcher cmd: hidumper -s 1910 -a DumpAppMap 
catcher cmd: hidumper -s 1910 -a DumpAppMap end time: 2026/09/19-15:11:27:540
---------------------------------------------------

---------------------------------------------------
ThermalInfoCatcher -- start time: 2026/09/19-15:11:27:540

ThermalInfoCatcher --

ThermalLevel info: 0
ThermalInfoCatcher -- end time: 2026/09/19-15:11:27:545
---------------------------------------------------

---------------------------------------------------
SummaryLogInfoCatcher -- start time: 2026/09/19-15:11:27:545

SummaryLogInfoCatcher --

SummaryLogInfoCatcher -- end time: 2026/09/19-15:11:27:549
---------------------------------------------------


Catcher log total time is 901ms
