Generated by HiviewDFX@OpenHarmony
================================================================
Device info:emulator
Build info:emulator 7.0.0.106(DEVC00E16R1P1)
DeviceDebuggable:No
Fingerprint:3875e819b1c28c28bd0ba498bb6401fb10e0034aa79830d291600a096b971cd4
Module name:foundation
Timestamp:2026-09-25 11:33:21.169
Pid:812
Uid:5523
Process name:foundation
App running unique id:15915131639212062547
Process life time:2432s
Process Memory(kB): 131620(Rss)
Device Memory(kB): Total 4025324, Free 1880456, Available 2542180
Log source:processdump
Reason:Signal:SIGILL(ILL_ILLOPN)@0x00007fd480843438 
LastFatalMessage:ubsan: sub-overflow
Fault thread info:
Tid:812, Name:foundation
#00 pc 0000000000003438 /system/lib64/chipset-sdk-sp/libclang_rt.ubsan_minimal.so(__ubsan_handle_sub_overflow_minimal_abort+56)(c6a404b8f19aeb8a217a041c2019509dfdf245b9)
#01 pc 0000000000066fc5 /system/lib64/platformsdk/libipc_single.z.so(OHOS::IPCProcessSkeleton::UnlockForNumExecuting()+341)(c839c7c98306e78a174ea98826116809)
#02 pc 000000000007e795 /system/lib64/platformsdk/libipc_single.z.so(OHOS::BinderInvoker::StartWorkLoop()+229)(c839c7c98306e78a174ea98826116809)
#03 pc 0000000000080c28 /system/lib64/platformsdk/libipc_single.z.so(OHOS::BinderInvoker::JoinThread(bool)+40)(c839c7c98306e78a174ea98826116809)
#04 pc 0000000000016ce9 /system/lib64/platformsdk/libsystem_ability_fwk.z.so(OHOS::LocalAbilityManager::DoStartSAProcess(std::__h::basic_string<char, std::__h::char_traits<char>, std::__h::allocator<char>> const&, int)+857)(1acd194fbf86d84422a43005c46db718)
#05 pc 0000000000002ec5 /system/bin/sa_main(2eed5c5377cd4f5616afcd6e0837386f)
#06 pc 0000000000090957 /system/lib/ld-musl-x86_64.so.1(f34f70e0f9b0474cb3413c049af6b641)
#07 pc 0000000000002067 /system/bin/sa_main(2eed5c5377cd4f5616afcd6e0837386f)
#08 pc 0000000000002015 /system/bin/sa_main(2eed5c5377cd4f5616afcd6e0837386f)
Registers:
  rax:0000000000000000 rdx:0000000000000002 rcx:00007fd481b24700 rbx:00007fd4808416a7
  rsi:00007fd480841752 rdi:0000000000000002 rbp:0000000000000011 rsp:00007ffdafcecc70
  r8:8080808080808080 r9:fefefefefefefeff r10:000000000000098e r11:0000000000000206
  r12:0000000000000000 r13:00007fd48151f090 r14:00007fd48151f098 r15:ffffffffffffffff rip:00007fd480843438
Other thread info:
Tid:816, Name:OS_IPC_0_816
#00 pc 0000000000125ee9 /system/lib/ld-musl-x86_64.so.1(f34f70e0f9b0474cb3413c049af6b641)
#01 pc 000000000012afb7 /system/lib/ld-musl-x86_64.so.1(f34f70e0f9b0474cb3413c049af6b641)
#02 pc 00000000000cb658 /system/lib64/chipset-sdk-sp/libc++.so(std::__h::mutex::lock()+8)(ca45f3285cb13d8a615c2dcf32305914fbc391ad)
#03 pc 0000000000066e93 /system/lib64/platformsdk/libipc_single.z.so(OHOS::IPCProcessSkeleton::UnlockForNumExecuting()+35)(c839c7c98306e78a174ea98826116809)
#04 pc 000000000007e795 /system/lib64/platformsdk/libipc_single.z.so(OHOS::BinderInvoker::StartWorkLoop()+229)(c839c7c98306e78a174ea98826116809)
#05 pc 0000000000080c28 /system/lib64/platformsdk/libipc_single.z.so(OHOS::BinderInvoker::JoinThread(bool)+40)(c839c7c98306e78a174ea98826116809)
#06 pc 00000000000769f5 /system/lib64/platformsdk/libipc_single.z.so(OHOS::IPCWorkThread::ThreadHandler(void*)+901)(c839c7c98306e78a174ea98826116809)
#07 pc 00000000001299e7 /system/lib/ld-musl-x86_64.so.1(f34f70e0f9b0474cb3413c049af6b641)
#08 pc 0000000000090f8e /system/lib/ld-musl-x86_64.so.1(f34f70e0f9b0474cb3413c049af6b641)
Tid:817, Name:OS_DfxWatchdog
#00 pc 0000000000125ee9 /system/lib/ld-musl-x86_64.so.1(f34f70e0f9b0474cb3413c049af6b641)
#01 pc 0000000000127883 /system/lib/ld-musl-x86_64.so.1(pthread_cond_timedwait+195)(f34f70e0f9b0474cb3413c049af6b641)
#02 pc 00000000000c74e7 /system/lib64/chipset-sdk-sp/libc++.so(std::__h::condition_variable::__do_timed_wait(std::__h::unique_lock<std::__h::mutex>&, std::__h::chrono::time_point<std::__h::chrono::system_clock, std::__h::chrono::duration<long long, std::__h::ratio<1l, 1000000000l>>>)+103)(ca45f3285cb13d8a615c2dcf32305914fbc391ad)
#03 pc 00000000000245a0 /system/lib64/chipset-sdk-sp/libhicollie.z.so(06e2af96f546689f6915af5bb2a3b5a7)
#04 pc 00000000000242a1 /system/lib64/chipset-sdk-sp/libhicollie.z.so(06e2af96f546689f6915af5bb2a3b5a7)
#05 pc 000000000002c17d /system/lib64/chipset-sdk-sp/libhicollie.z.so(06e2af96f546689f6915af5bb2a3b5a7)
#06 pc 00000000001299e7 /system/lib/ld-musl-x86_64.so.1(f34f70e0f9b0474cb3413c049af6b641)
#07 pc 0000000000090f8e /system/lib/ld-musl-x86_64.so.1(f34f70e0f9b0474cb3413c049af6b641)
Tid:858, Name:OS_DfxIpcCheck
#00 pc 0000000000125ee9 /system/lib/ld-musl-x86_64.so.1(f34f70e0f9b0474cb3413c049af6b641)
#01 pc 0000000000127883 /system/lib/ld-musl-x86_64.so.1(pthread_cond_timedwait+195)(f34f70e0f9b0474cb3413c049af6b641)
#02 pc 00000000000c74e7 /system/lib64/chipset-sdk-sp/libc++.so(std::__h::condition_variable::__do_timed_wait(std::__h::unique_lock<std::__h::mutex>&, std::__h::chrono::time_point<std::__h::chrono::system_clock, std::__h::chrono::duration<long long, std::__h::ratio<1l, 1000000000l>>>)+103)(ca45f3285cb13d8a615c2dcf32305914fbc391ad)
#03 pc 0000000000038e79 /system/lib64/chipset-sdk-sp/libeventhandler.z.so(12e80bffec915642213e7f827601ab14)
#04 pc 0000000000038c0e /system/lib64/chipset-sdk-sp/libeventhandler.z.so(12e80bffec915642213e7f827601ab14)
#05 pc 00000000000230bf /system/lib64/chipset-sdk-sp/libeventhandler.z.so(OHOS::AppExecFwk::EventQueue::WaitUntilLocked(std::__h::chrono::time_point<std::__h::chrono::steady_clock, std::__h::chrono::duration<long long, std::__h::ratio<1l, 1000000000l>>> const&, OHOS::AppExecFwk::UniqueLockBase&, bool)+79)(12e80bffec915642213e7f827601ab14)
#06 pc 00000000000282df /system/lib64/chipset-sdk-sp/libeventhandler.z.so(OHOS::AppExecFwk::EventQueueBase::GetEvent()+207)(12e80bffec915642213e7f827601ab14)
#07 pc 0000000000033985 /system/lib64/chipset-sdk-sp/libeventhandler.z.so(12e80bffec915642213e7f827601ab14)
#08 pc 0000000000030352 /system/lib64/chipset-sdk-sp/libeventhandler.z.so(12e80bffec915642213e7f827601ab14)
#09 pc 00000000000357c3 /system/lib64/chipset-sdk-sp/libeventhandler.z.so(12e80bffec915642213e7f827601ab14)
#10 pc 00000000001299e7 /system/lib/ld-musl-x86_64.so.1(f34f70e0f9b0474cb3413c049af6b641)
#11 pc 0000000000090f8e /system/lib/ld-musl-x86_64.so.1(f34f70e0f9b0474cb3413c049af6b641)
Tid:859, Name:OS_IPC_1_859
#00 pc 0000000000125ee9 /system/lib/ld-musl-x86_64.so.1(f34f70e0f9b0474cb3413c049af6b641)
#01 pc 000000000012afb7 /system/lib/ld-musl-x86_64.so.1(f34f70e0f9b0474cb3413c049af6b641)
#02 pc 00000000000cb658 /system/lib64/chipset-sdk-sp/libc++.so(std::__h::mutex::lock()+8)(ca45f3285cb13d8a615c2dcf32305914fbc391ad)
#03 pc 0000000000066dc0 /system/lib64/platformsdk/libipc_single.z.so(OHOS::IPCProcessSkeleton::LockForNumExecuting()+32)(c839c7c98306e78a174ea98826116809)
#04 pc 000000000007e77f /system/lib64/platformsdk/libipc_single.z.so(OHOS::BinderInvoker::StartWorkLoop()+207)(c839c7c98306e78a174ea98826116809)
#05 pc 0000000000080c28 /system/lib64/platformsdk/libipc_single.z.so(OHOS::BinderInvoker::JoinThread(bool)+40)(c839c7c98306e78a174ea98826116809)
#06 pc 00000000000769f5 /system/lib64/platformsdk/libipc_single.z.so(OHOS::IPCWorkThread::ThreadHandler(void*)+901)(c839c7c98306e78a174ea98826116809)
#07 pc 00000000001299e7 /system/lib/ld-musl-x86_64.so.1(f34f70e0f9b0474cb3413c049af6b641)
#08 pc 0000000000090f8e /system/lib/ld-musl-x86_64.so.1(f34f70e0f9b0474cb3413c049af6b641)
Tid:878, Name:OS_ScreenSessio
#00 pc 0000000000125ee9 /system/lib/ld-musl-x86_64.so.1(f34f70e0f9b0474cb3413c049af6b641)
#01 pc 0000000000127883 /system/lib/ld-musl-x86_64.so.1(pthread_cond_timedwait+195)(f34f70e0f9b0474cb3413c049af6b641)
#02 pc 00000000000c74e7 /system/lib64/chipset-sdk-sp/libc++.so(std::__h::condition_variable::__do_timed_wait(std::__h::unique_lock<std::__h::mutex>&, std::__h::chrono::time_point<std::__h::chrono::system_clock, std::__h::chrono::duration<long long, std::__h::ratio<1l, 1000000000l>>>)+103)(ca45f3285cb13d8a615c2dcf32305914fbc391ad)
#03 pc 0000000000038e79 /system/lib64/chipset-sdk-sp/libeventhandler.z.so(12e80bffec915642213e7f827601ab14)
#04 pc 0000000000038c0e /system/lib64/chipset-sdk-sp/libeventhandler.z.so(12e80bffec915642213e7f827601ab14)
#05 pc 00000000000230bf /system/lib64/chipset-sdk-sp/libeventhandler.z.so(OHOS::AppExecFwk::EventQueue::WaitUntilLocked(std::__h::chrono::time_point<std::__h::chrono::steady_clock, std::__h::chrono::duration<long long, std::__h::ratio<1l, 1000000000l>>> const&, OHOS::AppExecFwk::UniqueLockBase&, bool)+79)(12e80bffec915642213e7f827601ab14)
#06 pc 00000000000282df /system/lib64/chipset-sdk-sp/libeventhandler.z.so(OHOS::AppExecFwk::EventQueueBase::GetEvent()+207)(12e80bffec915642213e7f827601ab14)
#07 pc 0000000000033985 /system/lib64/chipset-sdk-sp/libeventhandler.z.so(12e80bffec915642213e7f827601ab14)
#08 pc 0000000000030352 /system/lib64/chipset-sdk-sp/libeventhandler.z.so(12e80bffec915642213e7f827601ab14)
#09 pc 00000000000357c3 /system/lib64/chipset-sdk-sp/libeventhandler.z.so(12e80bffec915642213e7f827601ab14)
#10 pc 00000000001299e7 /system/lib/ld-musl-x86_64.so.1(f34f70e0f9b0474cb3413c049af6b641)
#11 pc 0000000000090f8e /system/lib/ld-musl-x86_64.so.1(f34f70e0f9b0474cb3413c049af6b641)
Tid:879, Name:OS_ScreenSessio
#00 pc 0000000000125ee9 /system/lib/ld-musl-x86_64.so.1(f34f70e0f9b0474cb3413c049af6b641)
#01 pc 0000000000127883 /system/lib/ld-musl-x86_64.so.1(pthread_cond_timedwait+195)(f34f70e0f9b0474cb3413c049af6b641)
#02 pc 00000000000c74e7 /system/lib64/chipset-sdk-sp/libc++.so(std::__h::condition_variable::__do_timed_wait(std::__h::unique_lock<std::__h::mutex>&, std::__h::chrono::time_point<std::__h::chrono::system_clock, std::__h::chrono::duration<long long, std::__h::ratio<1l, 1000000000l>>>)+103)(ca45f3285cb13d8a615c2dcf32305914fbc391ad)
#03 pc 0000000000038e79 /system/lib64/chipset-sdk-sp/libeventhandler.z.so(12e80bffec915642213e7f827601ab14)
#04 pc 0000000000038c0e /system/lib64/chipset-sdk-sp/libeventhandler.z.so(12e80bffec915642213e7f827601ab14)
#05 pc 00000000000230bf /system/lib64/chipset-sdk-sp/libeventhandler.z.so(OHOS::AppExecFwk::EventQueue::WaitUntilLocked(std::__h::chrono::time_point<std::__h::chrono::steady_clock, std::__h::chrono::duration<long long, std::__h::ratio<1l, 1000000000l>>> const&, OHOS::AppExecFwk::UniqueLockBase&, bool)+79)(12e80bffec915642213e7f827601ab14)
#06 pc 00000000000282df /system/lib64/chipset-sdk-sp/libeventhandler.z.so(OHOS::AppExecFwk::EventQueueBase::GetEvent()+207)(12e80bffec915642213e7f827601ab14)
#07 pc 0000000000033985 /system/lib64/chipset-sdk-sp/libeventhandler.z.so(12e80bffec915642213e7f827601ab14)
#08 pc 0000000000030352 /system/lib64/chipset-sdk-sp/libeventhandler.z.so(12e80bffec915642213e7f827601ab14)
#09 pc 00000000000357c3 /system/lib64/chipset-sdk-sp/libeventhandler.z.so(12e80bffec915642213e7f827601ab14)
#10 pc 00000000001299e7 /system/lib/ld-musl-x86_64.so.1(f34f70e0f9b0474cb3413c049af6b641)
#11 pc 0000000000090f8e /system/lib/ld-musl-x86_64.so.1(f34f70e0f9b0474cb3413c049af6b641)
Tid:880, Name:OS_FFRT_Delay
#00 pc 00000000000b837f /system/lib/ld-musl-x86_64.so.1(epoll_wait+31)(f34f70e0f9b0474cb3413c049af6b641)
#01 pc 00000000000b2cda /system/lib64/ndk/libffrt.so(1e2b61b67c5a45baf7ff0903fd6c3358)
#02 pc 00000000001299e7 /system/lib/ld-musl-x86_64.so.1(f34f70e0f9b0474cb3413c049af6b641)
#03 pc 0000000000090f8e /system/lib/ld-musl-x86_64.so.1(f34f70e0f9b0474cb3413c049af6b641)
Tid:999, Name:OS_IPC_2_999
#00 pc 0000000000125ee9 /system/lib/ld-musl-x86_64.so.1(f34f70e0f9b0474cb3413c049af6b641)
#01 pc 000000000012afb7 /system/lib/ld-musl-x86_64.so.1(f34f70e0f9b0474cb3413c049af6b641)
#02 pc 00000000000cb658 /system/lib64/chipset-sdk-sp/libc++.so(std::__h::mutex::lock()+8)(ca45f3285cb13d8a615c2dcf32305914fbc391ad)
#03 pc 0000000000066e93 /system/lib64/platformsdk/libipc_single.z.so(OHOS::IPCProcessSkeleton::UnlockForNumExecuting()+35)(c839c7c98306e78a174ea98826116809)
#04 pc 000000000007e795 /system/lib64/platformsdk/libipc_single.z.so(OHOS::BinderInvoker::StartWorkLoop()+229)(c839c7c98306e78a174ea98826116809)
#05 pc 0000000000080c28 /system/lib64/platformsdk/libipc_single.z.so(OHOS::BinderInvoker::JoinThread(bool)+40)(c839c7c98306e78a174ea98826116809)
#06 pc 00000000000769f5 /system/lib64/platformsdk/libipc_single.z.so(OHOS::IPCWorkThread::ThreadHandler(void*)+901)(c839c7c98306e78a174ea98826116809)
#07 pc 00000000001299e7 /system/lib/ld-musl-x86_64.so.1(f34f70e0f9b0474cb3413c049af6b641)
#08 pc 0000000000090f8e /system/lib/ld-musl-x86_64.so.1(f34f70e0f9b0474cb3413c049af6b641)
Tid:1117, Name:OS_IPC_3_1117
#00 pc 0000000000125ee9 /system/lib/ld-musl-x86_64.so.1(f34f70e0f9b0474cb3413c049af6b641)
#01 pc 000000000012afb7 /system/lib/ld-musl-x86_64.so.1(f34f70e0f9b0474cb3413c049af6b641)
#02 pc 00000000000cb658 /system/lib64/chipset-sdk-sp/libc++.so(std::__h::mutex::lock()+8)(ca45f3285cb13d8a615c2dcf32305914fbc391ad)
#03 pc 0000000000066e93 /system/lib64/platformsdk/libipc_single.z.so(OHOS::IPCProcessSkeleton::UnlockForNumExecuting()+35)(c839c7c98306e78a174ea98826116809)
#04 pc 000000000007e795 /system/lib64/platformsdk/libipc_single.z.so(OHOS::BinderInvoker::StartWorkLoop()+229)(c839c7c98306e78a174ea98826116809)
#05 pc 0000000000080c28 /system/lib64/platformsdk/libipc_single.z.so(OHOS::BinderInvoker::JoinThread(bool)+40)(c839c7c98306e78a174ea98826116809)
#06 pc 00000000000769f5 /system/lib64/platformsdk/libipc_single.z.so(OHOS::IPCWorkThread::ThreadHandler(void*)+901)(c839c7c98306e78a174ea98826116809)
#07 pc 00000000001299e7 /system/lib/ld-musl-x86_64.so.1(f34f70e0f9b0474cb3413c049af6b641)
#08 pc 0000000000090f8e /system/lib/ld-musl-x86_64.so.1(f34f70e0f9b0474cb3413c049af6b641)
Tid:1119, Name:OS_IPC_4_1119
#00 pc 0000000000125ee9 /system/lib/ld-musl-x86_64.so.1(f34f70e0f9b0474cb3413c049af6b641)
#01 pc 000000000012afb7 /system/lib/ld-musl-x86_64.so.1(f34f70e0f9b0474cb3413c049af6b641)
#02 pc 00000000000cb658 /system/lib64/chipset-sdk-sp/libc++.so(std::__h::mutex::lock()+8)(ca45f3285cb13d8a615c2dcf32305914fbc391ad)
#03 pc 0000000000066e93 /system/lib64/platformsdk/libipc_single.z.so(OHOS::IPCProcessSkeleton::UnlockForNumExecuting()+35)(c839c7c98306e78a174ea98826116809)
#04 pc 000000000007e795 /system/lib64/platformsdk/libipc_single.z.so(OHOS::BinderInvoker::StartWorkLoop()+229)(c839c7c98306e78a174ea98826116809)
#05 pc 0000000000080c28 /system/lib64/platformsdk/libipc_single.z.so(OHOS::BinderInvoker::JoinThread(bool)+40)(c839c7c98306e78a174ea98826116809)
#06 pc 00000000000769f5 /system/lib64/platformsdk/libipc_single.z.so(OHOS::IPCWorkThread::ThreadHandler(void*)+901)(c839c7c98306e78a174ea98826116809)
#07 pc 00000000001299e7 /system/lib/ld-musl-x86_64.so.1(f34f70e0f9b0474cb3413c049af6b641)
#08 pc 0000000000090f8e /system/lib/ld-musl-x86_64.so.1(f34f70e0f9b0474cb3413c049af6b641)
Tid:1121, Name:HistogramServic
#00 pc 0000000000125ee9 /system/lib/ld-musl-x86_64.so.1(f34f70e0f9b0474cb3413c049af6b641)
#01 pc 0000000000127883 /system/lib/ld-musl-x86_64.so.1(pthread_cond_timedwait+195)(f34f70e0f9b0474cb3413c049af6b641)
#02 pc 00000000000c74e7 /system/lib64/chipset-sdk-sp/libc++.so(std::__h::condition_variable::__do_timed_wait(std::__h::unique_lock<std::__h::mutex>&, std::__h::chrono::time_point<std::__h::chrono::system_clock, std::__h::chrono::duration<long long, std::__h::ratio<1l, 1000000000l>>>)+103)(ca45f3285cb13d8a615c2dcf32305914fbc391ad)
#03 pc 0000000000038e79 /system/lib64/chipset-sdk-sp/libeventhandler.z.so(12e80bffec915642213e7f827601ab14)
#04 pc 0000000000038c0e /system/lib64/chipset-sdk-sp/libeventhandler.z.so(12e80bffec915642213e7f827601ab14)
#05 pc 00000000000230bf /system/lib64/chipset-sdk-sp/libeventhandler.z.so(OHOS::AppExecFwk::EventQueue::WaitUntilLocked(std::__h::chrono::time_point<std::__h::chrono::steady_clock, std::__h::chrono::duration<long long, std::__h::ratio<1l, 1000000000l>>> const&, OHOS::AppExecFwk::UniqueLockBase&, bool)+79)(12e80bffec915642213e7f827601ab14)
#06 pc 00000000000282df /system/lib64/chipset-sdk-sp/libeventhandler.z.so(OHOS::AppExecFwk::EventQueueBase::GetEvent()+207)(12e80bffec915642213e7f827601ab14)
#07 pc 0000000000033985 /system/lib64/chipset-sdk-sp/libeventhandler.z.so(12e80bffec915642213e7f827601ab14)
#08 pc 0000000000030352 /system/lib64/chipset-sdk-sp/libeventhandler.z.so(12e80bffec915642213e7f827601ab14)
#09 pc 00000000000357c3 /system/lib64/chipset-sdk-sp/libeventhandler.z.so(12e80bffec915642213e7f827601ab14)
#10 pc 00000000001299e7 /system/lib/ld-musl-x86_64.so.1(f34f70e0f9b0474cb3413c049af6b641)
#11 pc 0000000000090f8e /system/lib/ld-musl-x86_64.so.1(f34f70e0f9b0474cb3413c049af6b641)
Tid:1123, Name:OS_IPC_5_1123
#00 pc 0000000000125ee9 /system/lib/ld-musl-x86_64.so.1(f34f70e0f9b0474cb3413c049af6b641)
#01 pc 000000000012afb7 /system/lib/ld-musl-x86_64.so.1(f34f70e0f9b0474cb3413c049af6b641)
#02 pc 00000000000cb658 /system/lib64/chipset-sdk-sp/libc++.so(std::__h::mutex::lock()+8)(ca45f3285cb13d8a615c2dcf32305914fbc391ad)
#03 pc 0000000000066e93 /system/lib64/platformsdk/libipc_single.z.so(OHOS::IPCProcessSkeleton::UnlockForNumExecuting()+35)(c839c7c98306e78a174ea98826116809)
#04 pc 000000000007e795 /system/lib64/platformsdk/libipc_single.z.so(OHOS::BinderInvoker::StartWorkLoop()+229)(c839c7c98306e78a174ea98826116809)
#05 pc 0000000000080c28 /system/lib64/platformsdk/libipc_single.z.so(OHOS::BinderInvoker::JoinThread(bool)+40)(c839c7c98306e78a174ea98826116809)
#06 pc 00000000000769f5 /system/lib64/platformsdk/libipc_single.z.so(OHOS::IPCWorkThread::ThreadHandler(void*)+901)(c839c7c98306e78a174ea98826116809)
#07 pc 00000000001299e7 /system/lib/ld-musl-x86_64.so.1(f34f70e0f9b0474cb3413c049af6b641)
#08 pc 0000000000090f8e /system/lib/ld-musl-x86_64.so.1(f34f70e0f9b0474cb3413c049af6b641)
Tid:1127, Name:OS_IPC_6_1127
#00 pc 0000000000125ee9 /system/lib/ld-musl-x86_64.so.1(f34f70e0f9b0474cb3413c049af6b641)
#01 pc 000000000012afb7 /system/lib/ld-musl-x86_64.so.1(f34f70e0f9b0474cb3413c049af6b641)
#02 pc 00000000000cb658 /system/lib64/chipset-sdk-sp/libc++.so(std::__h::mutex::lock()+8)(ca45f3285cb13d8a615c2dcf32305914fbc391ad)
#03 pc 0000000000066e93 /system/lib64/platformsdk/libipc_single.z.so(OHOS::IPCProcessSkeleton::UnlockForNumExecuting()+35)(c839c7c98306e78a174ea98826116809)
#04 pc 000000000007e795 /system/lib64/platformsdk/libipc_single.z.so(OHOS::BinderInvoker::StartWorkLoop()+229)(c839c7c98306e78a174ea98826116809)
#05 pc 0000000000080c28 /system/lib64/platformsdk/libipc_single.z.so(OHOS::BinderInvoker::JoinThread(bool)+40)(c839c7c98306e78a174ea98826116809)
#06 pc 00000000000769f5 /system/lib64/platformsdk/libipc_single.z.so(OHOS::IPCWorkThread::ThreadHandler(void*)+901)(c839c7c98306e78a174ea98826116809)
#07 pc 00000000001299e7 /system/lib/ld-musl-x86_64.so.1(f34f70e0f9b0474cb3413c049af6b641)
#08 pc 0000000000090f8e /system/lib/ld-musl-x86_64.so.1(f34f70e0f9b0474cb3413c049af6b641)
Tid:1169, Name:OS_IPC_7_1169
#00 pc 0000000000125ee9 /system/lib/ld-musl-x86_64.so.1(f34f70e0f9b0474cb3413c049af6b641)
#01 pc 000000000012afb7 /system/lib/ld-musl-x86_64.so.1(f34f70e0f9b0474cb3413c049af6b641)
#02 pc 00000000000cb658 /system/lib64/chipset-sdk-sp/libc++.so(std::__h::mutex::lock()+8)(ca45f3285cb13d8a615c2dcf32305914fbc391ad)
#03 pc 0000000000066e93 /system/lib64/platformsdk/libipc_single.z.so(OHOS::IPCProcessSkeleton::UnlockForNumExecuting()+35)(c839c7c98306e78a174ea98826116809)
#04 pc 000000000007e795 /system/lib64/platformsdk/libipc_single.z.so(OHOS::BinderInvoker::StartWorkLoop()+229)(c839c7c98306e78a174ea98826116809)
#05 pc 0000000000080c28 /system/lib64/platformsdk/libipc_single.z.so(OHOS::BinderInvoker::JoinThread(bool)+40)(c839c7c98306e78a174ea98826116809)
#06 pc 00000000000769f5 /system/lib64/platformsdk/libipc_single.z.so(OHOS::IPCWorkThread::ThreadHandler(void*)+901)(c839c7c98306e78a174ea98826116809)
#07 pc 00000000001299e7 /system/lib/ld-musl-x86_64.so.1(f34f70e0f9b0474cb3413c049af6b641)
#08 pc 0000000000090f8e /system/lib/ld-musl-x86_64.so.1(f34f70e0f9b0474cb3413c049af6b641)
Tid:1171, Name:OS_IPC_8_1171
#00 pc 0000000000125ee9 /system/lib/ld-musl-x86_64.so.1(f34f70e0f9b0474cb3413c049af6b641)
#01 pc 000000000012afb7 /system/lib/ld-musl-x86_64.so.1(f34f70e0f9b0474cb3413c049af6b641)
#02 pc 00000000000cb658 /system/lib64/chipset-sdk-sp/libc++.so(std::__h::mutex::lock()+8)(ca45f3285cb13d8a615c2dcf32305914fbc391ad)
#03 pc 0000000000066e93 /system/lib64/platformsdk/libipc_single.z.so(OHOS::IPCProcessSkeleton::UnlockForNumExecuting()+35)(c839c7c98306e78a174ea98826116809)
#04 pc 000000000007e795 /system/lib64/platformsdk/libipc_single.z.so(OHOS::BinderInvoker::StartWorkLoop()+229)(c839c7c98306e78a174ea98826116809)
#05 pc 0000000000080c28 /system/lib64/platformsdk/libipc_single.z.so(OHOS::BinderInvoker::JoinThread(bool)+40)(c839c7c98306e78a174ea98826116809)
#06 pc 00000000000769f5 /system/lib64/platformsdk/libipc_single.z.so(OHOS::IPCWorkThread::ThreadHandler(void*)+901)(c839c7c98306e78a174ea98826116809)
#07 pc 00000000001299e7 /system/lib/ld-musl-x86_64.so.1(f34f70e0f9b0474cb3413c049af6b641)
#08 pc 0000000000090f8e /system/lib/ld-musl-x86_64.so.1(f34f70e0f9b0474cb3413c049af6b641)
Tid:1175, Name:OS_IPC_9_1175
#00 pc 0000000000125ee9 /system/lib/ld-musl-x86_64.so.1(f34f70e0f9b0474cb3413c049af6b641)
#01 pc 000000000012afb7 /system/lib/ld-musl-x86_64.so.1(f34f70e0f9b0474cb3413c049af6b641)
#02 pc 00000000000cb658 /system/lib64/chipset-sdk-sp/libc++.so(std::__h::mutex::lock()+8)(ca45f3285cb13d8a615c2dcf32305914fbc391ad)
#03 pc 0000000000066e93 /system/lib64/platformsdk/libipc_single.z.so(OHOS::IPCProcessSkeleton::UnlockForNumExecuting()+35)(c839c7c98306e78a174ea98826116809)
#04 pc 000000000007e795 /system/lib64/platformsdk/libipc_single.z.so(OHOS::BinderInvoker::StartWorkLoop()+229)(c839c7c98306e78a174ea98826116809)
#05 pc 0000000000080c28 /system/lib64/platformsdk/libipc_single.z.so(OHOS::BinderInvoker::JoinThread(bool)+40)(c839c7c98306e78a174ea98826116809)
#06 pc 00000000000769f5 /system/lib64/platformsdk/libipc_single.z.so(OHOS::IPCWorkThread::ThreadHandler(void*)+901)(c839c7c98306e78a174ea98826116809)
#07 pc 00000000001299e7 /system/lib/ld-musl-x86_64.so.1(f34f70e0f9b0474cb3413c049af6b641)
#08 pc 0000000000090f8e /system/lib/ld-musl-x86_64.so.1(f34f70e0f9b0474cb3413c049af6b641)
Tid:1176, Name:OS_IPC_10_1176
#00 pc 0000000000125ee9 /system/lib/ld-musl-x86_64.so.1(f34f70e0f9b0474cb3413c049af6b641)
#01 pc 000000000012afb7 /system/lib/ld-musl-x86_64.so.1(f34f70e0f9b0474cb3413c049af6b641)
#02 pc 00000000000cb658 /system/lib64/chipset-sdk-sp/libc++.so(std::__h::mutex::lock()+8)(ca45f3285cb13d8a615c2dcf32305914fbc391ad)
#03 pc 0000000000066e93 /system/lib64/platformsdk/libipc_single.z.so(OHOS::IPCProcessSkeleton::UnlockForNumExecuting()+35)(c839c7c98306e78a174ea98826116809)
#04 pc 000000000007e795 /system/lib64/platformsdk/libipc_single.z.so(OHOS::BinderInvoker::StartWorkLoop()+229)(c839c7c98306e78a174ea98826116809)
#05 pc 0000000000080c28 /system/lib64/platformsdk/libipc_single.z.so(OHOS::BinderInvoker::JoinThread(bool)+40)(c839c7c98306e78a174ea98826116809)
#06 pc 00000000000769f5 /system/lib64/platformsdk/libipc_single.z.so(OHOS::IPCWorkThread::ThreadHandler(void*)+901)(c839c7c98306e78a174ea98826116809)
#07 pc 00000000001299e7 /system/lib/ld-musl-x86_64.so.1(f34f70e0f9b0474cb3413c049af6b641)
#08 pc 0000000000090f8e /system/lib/ld-musl-x86_64.so.1(f34f70e0f9b0474cb3413c049af6b641)
Tid:1177, Name:OS_IPC_11_1177
#00 pc 0000000000125ee9 /system/lib/ld-musl-x86_64.so.1(f34f70e0f9b0474cb3413c049af6b641)
#01 pc 000000000012afb7 /system/lib/ld-musl-x86_64.so.1(f34f70e0f9b0474cb3413c049af6b641)
#02 pc 00000000000cb658 /system/lib64/chipset-sdk-sp/libc++.so(std::__h::mutex::lock()+8)(ca45f3285cb13d8a615c2dcf32305914fbc391ad)
#03 pc 0000000000066e93 /system/lib64/platformsdk/libipc_single.z.so(OHOS::IPCProcessSkeleton::UnlockForNumExecuting()+35)(c839c7c98306e78a174ea98826116809)
#04 pc 000000000007e795 /system/lib64/platformsdk/libipc_single.z.so(OHOS::BinderInvoker::StartWorkLoop()+229)(c839c7c98306e78a174ea98826116809)
#05 pc 0000000000080c28 /system/lib64/platformsdk/libipc_single.z.so(OHOS::BinderInvoker::JoinThread(bool)+40)(c839c7c98306e78a174ea98826116809)
#06 pc 00000000000769f5 /system/lib64/platformsdk/libipc_single.z.so(OHOS::IPCWorkThread::ThreadHandler(void*)+901)(c839c7c98306e78a174ea98826116809)
#07 pc 00000000001299e7 /system/lib/ld-musl-x86_64.so.1(f34f70e0f9b0474cb3413c049af6b641)
#08 pc 0000000000090f8e /system/lib/ld-musl-x86_64.so.1(f34f70e0f9b0474cb3413c049af6b641)
Tid:1178, Name:OS_IPC_12_1178
#00 pc 0000000000125ee9 /system/lib/ld-musl-x86_64.so.1(f34f70e0f9b0474cb3413c049af6b641)
#01 pc 000000000012afb7 /system/lib/ld-musl-x86_64.so.1(f34f70e0f9b0474cb3413c049af6b641)
#02 pc 00000000000cb658 /system/lib64/chipset-sdk-sp/libc++.so(std::__h::mutex::lock()+8)(ca45f3285cb13d8a615c2dcf32305914fbc391ad)
#03 pc 0000000000066e93 /system/lib64/platformsdk/libipc_single.z.so(OHOS::IPCProcessSkeleton::UnlockForNumExecuting()+35)(c839c7c98306e78a174ea98826116809)
#04 pc 000000000007e795 /system/lib64/platformsdk/libipc_single.z.so(OHOS::BinderInvoker::StartWorkLoop()+229)(c839c7c98306e78a174ea98826116809)
#05 pc 0000000000080c28 /system/lib64/platformsdk/libipc_single.z.so(OHOS::BinderInvoker::JoinThread(bool)+40)(c839c7c98306e78a174ea98826116809)
#06 pc 00000000000769f5 /system/lib64/platformsdk/libipc_single.z.so(OHOS::IPCWorkThread::ThreadHandler(void*)+901)(c839c7c98306e78a174ea98826116809)
#07 pc 00000000001299e7 /system/lib/ld-musl-x86_64.so.1(f34f70e0f9b0474cb3413c049af6b641)
#08 pc 0000000000090f8e /system/lib/ld-musl-x86_64.so.1(f34f70e0f9b0474cb3413c049af6b641)
Tid:1179, Name:OS_IPC_13_1179
#00 pc 0000000000125ee9 /system/lib/ld-musl-x86_64.so.1(f34f70e0f9b0474cb3413c049af6b641)
#01 pc 000000000012afb7 /system/lib/ld-musl-x86_64.so.1(f34f70e0f9b0474cb3413c049af6b641)
#02 pc 00000000000cb658 /system/lib64/chipset-sdk-sp/libc++.so(std::__h::mutex::lock()+8)(ca45f3285cb13d8a615c2dcf32305914fbc391ad)
#03 pc 0000000000066e93 /system/lib64/platformsdk/libipc_single.z.so(OHOS::IPCProcessSkeleton::UnlockForNumExecuting()+35)(c839c7c98306e78a174ea98826116809)
#04 pc 000000000007e795 /system/lib64/platformsdk/libipc_single.z.so(OHOS::BinderInvoker::StartWorkLoop()+229)(c839c7c98306e78a174ea98826116809)
#05 pc 0000000000080c28 /system/lib64/platformsdk/libipc_single.z.so(OHOS::BinderInvoker::JoinThread(bool)+40)(c839c7c98306e78a174ea98826116809)
#06 pc 00000000000769f5 /system/lib64/platformsdk/libipc_single.z.so(OHOS::IPCWorkThread::ThreadHandler(void*)+901)(c839c7c98306e78a174ea98826116809)
#07 pc 00000000001299e7 /system/lib/ld-musl-x86_64.so.1(f34f70e0f9b0474cb3413c049af6b641)
#08 pc 0000000000090f8e /system/lib/ld-musl-x86_64.so.1(f34f70e0f9b0474cb3413c049af6b641)
Tid:1184, Name:OS_FFRT_IO
#00 pc 00000000000b837f /system/lib/ld-musl-x86_64.so.1(epoll_wait+31)(f34f70e0f9b0474cb3413c049af6b641)
#01 pc 000000000008321d /system/lib64/ndk/libffrt.so(1e2b61b67c5a45baf7ff0903fd6c3358)
#02 pc 000000000008306c /system/lib64/ndk/libffrt.so(1e2b61b67c5a45baf7ff0903fd6c3358)
#03 pc 00000000000805c6 /system/lib64/ndk/libffrt.so(1e2b61b67c5a45baf7ff0903fd6c3358)
#04 pc 00000000001299e7 /system/lib/ld-musl-x86_64.so.1(f34f70e0f9b0474cb3413c049af6b641)
#05 pc 0000000000090f8e /system/lib/ld-musl-x86_64.so.1(f34f70e0f9b0474cb3413c049af6b641)
Tid:1202, Name:OS_mmi_EventHdr
#00 pc 00000000000b837f /system/lib/ld-musl-x86_64.so.1(epoll_wait+31)(f34f70e0f9b0474cb3413c049af6b641)
#01 pc 000000000001ceee /system/lib64/chipset-sdk-sp/libeventhandler.z.so(12e80bffec915642213e7f827601ab14)
#02 pc 00000000000230bf /system/lib64/chipset-sdk-sp/libeventhandler.z.so(OHOS::AppExecFwk::EventQueue::WaitUntilLocked(std::__h::chrono::time_point<std::__h::chrono::steady_clock, std::__h::chrono::duration<long long, std::__h::ratio<1l, 1000000000l>>> const&, OHOS::AppExecFwk::UniqueLockBase&, bool)+79)(12e80bffec915642213e7f827601ab14)
#03 pc 00000000000282df /system/lib64/chipset-sdk-sp/libeventhandler.z.so(OHOS::AppExecFwk::EventQueueBase::GetEvent()+207)(12e80bffec915642213e7f827601ab14)
#04 pc 0000000000033985 /system/lib64/chipset-sdk-sp/libeventhandler.z.so(12e80bffec915642213e7f827601ab14)
#05 pc 0000000000030352 /system/lib64/chipset-sdk-sp/libeventhandler.z.so(12e80bffec915642213e7f827601ab14)
#06 pc 00000000000357c3 /system/lib64/chipset-sdk-sp/libeventhandler.z.so(12e80bffec915642213e7f827601ab14)
#07 pc 00000000001299e7 /system/lib/ld-musl-x86_64.so.1(f34f70e0f9b0474cb3413c049af6b641)
#08 pc 0000000000090f8e /system/lib/ld-musl-x86_64.so.1(f34f70e0f9b0474cb3413c049af6b641)
Tid:1223, Name:OS_IPC_14_1223
#00 pc 0000000000125ee9 /system/lib/ld-musl-x86_64.so.1(f34f70e0f9b0474cb3413c049af6b641)
#01 pc 000000000012afb7 /system/lib/ld-musl-x86_64.so.1(f34f70e0f9b0474cb3413c049af6b641)
#02 pc 00000000000cb658 /system/lib64/chipset-sdk-sp/libc++.so(std::__h::mutex::lock()+8)(ca45f3285cb13d8a615c2dcf32305914fbc391ad)
#03 pc 0000000000066e93 /system/lib64/platformsdk/libipc_single.z.so(OHOS::IPCProcessSkeleton::UnlockForNumExecuting()+35)(c839c7c98306e78a174ea98826116809)
#04 pc 000000000007e795 /system/lib64/platformsdk/libipc_single.z.so(OHOS::BinderInvoker::StartWorkLoop()+229)(c839c7c98306e78a174ea98826116809)
#05 pc 0000000000080c28 /system/lib64/platformsdk/libipc_single.z.so(OHOS::BinderInvoker::JoinThread(bool)+40)(c839c7c98306e78a174ea98826116809)
#06 pc 00000000000769f5 /system/lib64/platformsdk/libipc_single.z.so(OHOS::IPCWorkThread::ThreadHandler(void*)+901)(c839c7c98306e78a174ea98826116809)
#07 pc 00000000001299e7 /system/lib/ld-musl-x86_64.so.1(f34f70e0f9b0474cb3413c049af6b641)
#08 pc 0000000000090f8e /system/lib/ld-musl-x86_64.so.1(f34f70e0f9b0474cb3413c049af6b641)
Tid:1230, Name:SaInit3
#00 pc 0000000000125ee9 /system/lib/ld-musl-x86_64.so.1(f34f70e0f9b0474cb3413c049af6b641)
#01 pc 0000000000127883 /system/lib/ld-musl-x86_64.so.1(pthread_cond_timedwait+195)(f34f70e0f9b0474cb3413c049af6b641)
#02 pc 00000000000c7451 /system/lib64/chipset-sdk-sp/libc++.so(std::__h::condition_variable::wait(std::__h::unique_lock<std::__h::mutex>&)+17)(ca45f3285cb13d8a615c2dcf32305914fbc391ad)
#03 pc 0000000000055e2a /system/lib64/libhapverify.z.so(0c23ccdb19f13c14dff9ebe3410d7889)
#04 pc 0000000000055fe7 /system/lib64/libhapverify.z.so(0c23ccdb19f13c14dff9ebe3410d7889)
#05 pc 00000000001299e7 /system/lib/ld-musl-x86_64.so.1(f34f70e0f9b0474cb3413c049af6b641)
#06 pc 0000000000090f8e /system/lib/ld-musl-x86_64.so.1(f34f70e0f9b0474cb3413c049af6b641)
Tid:1409, Name:OS_IPC_15_1409
#00 pc 0000000000125ee9 /system/lib/ld-musl-x86_64.so.1(f34f70e0f9b0474cb3413c049af6b641)
#01 pc 000000000012afb7 /system/lib/ld-musl-x86_64.so.1(f34f70e0f9b0474cb3413c049af6b641)
#02 pc 00000000000cb658 /system/lib64/chipset-sdk-sp/libc++.so(std::__h::mutex::lock()+8)(ca45f3285cb13d8a615c2dcf32305914fbc391ad)
#03 pc 0000000000066e93 /system/lib64/platformsdk/libipc_single.z.so(OHOS::IPCProcessSkeleton::UnlockForNumExecuting()+35)(c839c7c98306e78a174ea98826116809)
#04 pc 000000000007e795 /system/lib64/platformsdk/libipc_single.z.so(OHOS::BinderInvoker::StartWorkLoop()+229)(c839c7c98306e78a174ea98826116809)
#05 pc 0000000000080c28 /system/lib64/platformsdk/libipc_single.z.so(OHOS::BinderInvoker::JoinThread(bool)+40)(c839c7c98306e78a174ea98826116809)
#06 pc 00000000000769f5 /system/lib64/platformsdk/libipc_single.z.so(OHOS::IPCWorkThread::ThreadHandler(void*)+901)(c839c7c98306e78a174ea98826116809)
#07 pc 00000000001299e7 /system/lib/ld-musl-x86_64.so.1(f34f70e0f9b0474cb3413c049af6b641)
#08 pc 0000000000090f8e /system/lib/ld-musl-x86_64.so.1(f34f70e0f9b0474cb3413c049af6b641)
Tid:2256, Name:OS_IPC_16_2256
#00 pc 0000000000125ee9 /system/lib/ld-musl-x86_64.so.1(f34f70e0f9b0474cb3413c049af6b641)
#01 pc 000000000012afb7 /system/lib/ld-musl-x86_64.so.1(f34f70e0f9b0474cb3413c049af6b641)
#02 pc 00000000000cb658 /system/lib64/chipset-sdk-sp/libc++.so(std::__h::mutex::lock()+8)(ca45f3285cb13d8a615c2dcf32305914fbc391ad)
#03 pc 0000000000066e93 /system/lib64/platformsdk/libipc_single.z.so(OHOS::IPCProcessSkeleton::UnlockForNumExecuting()+35)(c839c7c98306e78a174ea98826116809)
#04 pc 000000000007e795 /system/lib64/platformsdk/libipc_single.z.so(OHOS::BinderInvoker::StartWorkLoop()+229)(c839c7c98306e78a174ea98826116809)
#05 pc 0000000000080c28 /system/lib64/platformsdk/libipc_single.z.so(OHOS::BinderInvoker::JoinThread(bool)+40)(c839c7c98306e78a174ea98826116809)
#06 pc 00000000000769f5 /system/lib64/platformsdk/libipc_single.z.so(OHOS::IPCWorkThread::ThreadHandler(void*)+901)(c839c7c98306e78a174ea98826116809)
#07 pc 00000000001299e7 /system/lib/ld-musl-x86_64.so.1(f34f70e0f9b0474cb3413c049af6b641)
#08 pc 0000000000090f8e /system/lib/ld-musl-x86_64.so.1(f34f70e0f9b0474cb3413c049af6b641)
Tid:27240, Name:OS_FFRT_2_66
#00 pc 0000000000125ee9 /system/lib/ld-musl-x86_64.so.1(f34f70e0f9b0474cb3413c049af6b641)
#01 pc 0000000000127883 /system/lib/ld-musl-x86_64.so.1(pthread_cond_timedwait+195)(f34f70e0f9b0474cb3413c049af6b641)
#02 pc 00000000000c74e7 /system/lib64/chipset-sdk-sp/libc++.so(std::__h::condition_variable::__do_timed_wait(std::__h::unique_lock<std::__h::mutex>&, std::__h::chrono::time_point<std::__h::chrono::system_clock, std::__h::chrono::duration<long long, std::__h::ratio<1l, 1000000000l>>>)+103)(ca45f3285cb13d8a615c2dcf32305914fbc391ad)
#03 pc 000000000008bcb0 /system/lib64/ndk/libffrt.so(1e2b61b67c5a45baf7ff0903fd6c3358)
#04 pc 00000000000760ef /system/lib64/ndk/libffrt.so(1e2b61b67c5a45baf7ff0903fd6c3358)
#05 pc 0000000000075eaf /system/lib64/ndk/libffrt.so(1e2b61b67c5a45baf7ff0903fd6c3358)
#06 pc 0000000000075d79 /system/lib64/ndk/libffrt.so(1e2b61b67c5a45baf7ff0903fd6c3358)
#07 pc 00000000001299e7 /system/lib/ld-musl-x86_64.so.1(f34f70e0f9b0474cb3413c049af6b641)
#08 pc 0000000000090f8e /system/lib/ld-musl-x86_64.so.1(f34f70e0f9b0474cb3413c049af6b641)
Tid:27241, Name:OS_FFRT_2_67
#00 pc 0000000000125ee9 /system/lib/ld-musl-x86_64.so.1(f34f70e0f9b0474cb3413c049af6b641)
#01 pc 0000000000127883 /system/lib/ld-musl-x86_64.so.1(pthread_cond_timedwait+195)(f34f70e0f9b0474cb3413c049af6b641)
#02 pc 00000000000c74e7 /system/lib64/chipset-sdk-sp/libc++.so(std::__h::condition_variable::__do_timed_wait(std::__h::unique_lock<std::__h::mutex>&, std::__h::chrono::time_point<std::__h::chrono::system_clock, std::__h::chrono::duration<long long, std::__h::ratio<1l, 1000000000l>>>)+103)(ca45f3285cb13d8a615c2dcf32305914fbc391ad)
#03 pc 000000000008bcb0 /system/lib64/ndk/libffrt.so(1e2b61b67c5a45baf7ff0903fd6c3358)
#04 pc 00000000000760ef /system/lib64/ndk/libffrt.so(1e2b61b67c5a45baf7ff0903fd6c3358)
#05 pc 0000000000075eaf /system/lib64/ndk/libffrt.so(1e2b61b67c5a45baf7ff0903fd6c3358)
#06 pc 0000000000075d79 /system/lib64/ndk/libffrt.so(1e2b61b67c5a45baf7ff0903fd6c3358)
#07 pc 00000000001299e7 /system/lib/ld-musl-x86_64.so.1(f34f70e0f9b0474cb3413c049af6b641)
#08 pc 0000000000090f8e /system/lib/ld-musl-x86_64.so.1(f34f70e0f9b0474cb3413c049af6b641)
Tid:27345, Name:OS_FFRT_2_69
#00 pc 0000000000125ee9 /system/lib/ld-musl-x86_64.so.1(f34f70e0f9b0474cb3413c049af6b641)
#01 pc 0000000000127883 /system/lib/ld-musl-x86_64.so.1(pthread_cond_timedwait+195)(f34f70e0f9b0474cb3413c049af6b641)
#02 pc 00000000000c74e7 /system/lib64/chipset-sdk-sp/libc++.so(std::__h::condition_variable::__do_timed_wait(std::__h::unique_lock<std::__h::mutex>&, std::__h::chrono::time_point<std::__h::chrono::system_clock, std::__h::chrono::duration<long long, std::__h::ratio<1l, 1000000000l>>>)+103)(ca45f3285cb13d8a615c2dcf32305914fbc391ad)
#03 pc 000000000008bcb0 /system/lib64/ndk/libffrt.so(1e2b61b67c5a45baf7ff0903fd6c3358)
#04 pc 00000000000760ef /system/lib64/ndk/libffrt.so(1e2b61b67c5a45baf7ff0903fd6c3358)
#05 pc 0000000000075eaf /system/lib64/ndk/libffrt.so(1e2b61b67c5a45baf7ff0903fd6c3358)
#06 pc 0000000000075d79 /system/lib64/ndk/libffrt.so(1e2b61b67c5a45baf7ff0903fd6c3358)
#07 pc 00000000001299e7 /system/lib/ld-musl-x86_64.so.1(f34f70e0f9b0474cb3413c049af6b641)
#08 pc 0000000000090f8e /system/lib/ld-musl-x86_64.so.1(f34f70e0f9b0474cb3413c049af6b641)
Tid:27346, Name:OS_FFRT_2_68
#00 pc 0000000000125ee9 /system/lib/ld-musl-x86_64.so.1(f34f70e0f9b0474cb3413c049af6b641)
#01 pc 0000000000127883 /system/lib/ld-musl-x86_64.so.1(pthread_cond_timedwait+195)(f34f70e0f9b0474cb3413c049af6b641)
#02 pc 00000000000c74e7 /system/lib64/chipset-sdk-sp/libc++.so(std::__h::condition_variable::__do_timed_wait(std::__h::unique_lock<std::__h::mutex>&, std::__h::chrono::time_point<std::__h::chrono::system_clock, std::__h::chrono::duration<long long, std::__h::ratio<1l, 1000000000l>>>)+103)(ca45f3285cb13d8a615c2dcf32305914fbc391ad)
#03 pc 000000000008bcb0 /system/lib64/ndk/libffrt.so(1e2b61b67c5a45baf7ff0903fd6c3358)
#04 pc 00000000000760ef /system/lib64/ndk/libffrt.so(1e2b61b67c5a45baf7ff0903fd6c3358)
#05 pc 0000000000075eaf /system/lib64/ndk/libffrt.so(1e2b61b67c5a45baf7ff0903fd6c3358)
#06 pc 0000000000075d79 /system/lib64/ndk/libffrt.so(1e2b61b67c5a45baf7ff0903fd6c3358)
#07 pc 00000000001299e7 /system/lib/ld-musl-x86_64.so.1(f34f70e0f9b0474cb3413c049af6b641)
#08 pc 0000000000090f8e /system/lib/ld-musl-x86_64.so.1(f34f70e0f9b0474cb3413c049af6b641)
Tid:30959, Name:OS_FFRT_2_68
#00 pc 000000000013100d /system/lib/ld-musl-x86_64.so.1(nanosleep+13)(f34f70e0f9b0474cb3413c049af6b641)
#01 pc 00000000000d9b9a /system/lib64/chipset-sdk-sp/libc++.so(std::__h::this_thread::sleep_for(std::__h::chrono::duration<long long, std::__h::ratio<1l, 1000000000l>> const&)+90)(ca45f3285cb13d8a615c2dcf32305914fbc391ad)
#02 pc 0000000000381355 /system/lib64/libbms.z.so(8d0f7bc2445f2ef6983964936bb8cb34)
#03 pc 00000000001299e7 /system/lib/ld-musl-x86_64.so.1(f34f70e0f9b0474cb3413c049af6b641)
#04 pc 0000000000090f8e /system/lib/ld-musl-x86_64.so.1(f34f70e0f9b0474cb3413c049af6b641)
Tid:31668, Name:TaskExecutorRDB
#00 pc 0000000000125ee9 /system/lib/ld-musl-x86_64.so.1(f34f70e0f9b0474cb3413c049af6b641)
#01 pc 0000000000127883 /system/lib/ld-musl-x86_64.so.1(pthread_cond_timedwait+195)(f34f70e0f9b0474cb3413c049af6b641)
#02 pc 00000000000c74e7 /system/lib64/chipset-sdk-sp/libc++.so(std::__h::condition_variable::__do_timed_wait(std::__h::unique_lock<std::__h::mutex>&, std::__h::chrono::time_point<std::__h::chrono::system_clock, std::__h::chrono::duration<long long, std::__h::ratio<1l, 1000000000l>>>)+103)(ca45f3285cb13d8a615c2dcf32305914fbc391ad)
#03 pc 0000000000049cbf /system/lib64/platformsdk/libnative_rdb.z.so(1a78250c816f5d7c95a35c5c275dc725)
Tid:32127, Name:foundation
#00 pc 000000000013100d /system/lib/ld-musl-x86_64.so.1(nanosleep+13)(f34f70e0f9b0474cb3413c049af6b641)
#01 pc 00000000000d9b9a /system/lib64/chipset-sdk-sp/libc++.so(std::__h::this_thread::sleep_for(std::__h::chrono::duration<long long, std::__h::ratio<1l, 1000000000l>> const&)+90)(ca45f3285cb13d8a615c2dcf32305914fbc391ad)
#02 pc 0000000000381355 /system/lib64/libbms.z.so(8d0f7bc2445f2ef6983964936bb8cb34)
#03 pc 00000000001299e7 /system/lib/ld-musl-x86_64.so.1(f34f70e0f9b0474cb3413c049af6b641)
#04 pc 0000000000090f8e /system/lib/ld-musl-x86_64.so.1(f34f70e0f9b0474cb3413c049af6b641)
Tid:32308, Name:OS_IPC_2_999
#00 pc 000000000013100d /system/lib/ld-musl-x86_64.so.1(nanosleep+13)(f34f70e0f9b0474cb3413c049af6b641)
#01 pc 00000000000d9b9a /system/lib64/chipset-sdk-sp/libc++.so(std::__h::this_thread::sleep_for(std::__h::chrono::duration<long long, std::__h::ratio<1l, 1000000000l>> const&)+90)(ca45f3285cb13d8a615c2dcf32305914fbc391ad)
#02 pc 0000000000381355 /system/lib64/libbms.z.so(8d0f7bc2445f2ef6983964936bb8cb34)
#03 pc 00000000001299e7 /system/lib/ld-musl-x86_64.so.1(f34f70e0f9b0474cb3413c049af6b641)
#04 pc 0000000000090f8e /system/lib/ld-musl-x86_64.so.1(f34f70e0f9b0474cb3413c049af6b641)
Tid:32309, Name:OS_IPC_2_999
#00 pc 000000000013100d /system/lib/ld-musl-x86_64.so.1(nanosleep+13)(f34f70e0f9b0474cb3413c049af6b641)
#01 pc 00000000000d9b9a /system/lib64/chipset-sdk-sp/libc++.so(std::__h::this_thread::sleep_for(std::__h::chrono::duration<long long, std::__h::ratio<1l, 1000000000l>> const&)+90)(ca45f3285cb13d8a615c2dcf32305914fbc391ad)
#02 pc 0000000000381355 /system/lib64/libbms.z.so(8d0f7bc2445f2ef6983964936bb8cb34)
#03 pc 00000000001299e7 /system/lib/ld-musl-x86_64.so.1(f34f70e0f9b0474cb3413c049af6b641)
#04 pc 0000000000090f8e /system/lib/ld-musl-x86_64.so.1(f34f70e0f9b0474cb3413c049af6b641)
Tid:32552, Name:OS_FFRT_5_66
#00 pc 0000000000125ee9 /system/lib/ld-musl-x86_64.so.1(f34f70e0f9b0474cb3413c049af6b641)
#01 pc 0000000000127883 /system/lib/ld-musl-x86_64.so.1(pthread_cond_timedwait+195)(f34f70e0f9b0474cb3413c049af6b641)
#02 pc 00000000000c74e7 /system/lib64/chipset-sdk-sp/libc++.so(std::__h::condition_variable::__do_timed_wait(std::__h::unique_lock<std::__h::mutex>&, std::__h::chrono::time_point<std::__h::chrono::system_clock, std::__h::chrono::duration<long long, std::__h::ratio<1l, 1000000000l>>>)+103)(ca45f3285cb13d8a615c2dcf32305914fbc391ad)
#03 pc 000000000008bcb0 /system/lib64/ndk/libffrt.so(1e2b61b67c5a45baf7ff0903fd6c3358)
#04 pc 00000000000760ef /system/lib64/ndk/libffrt.so(1e2b61b67c5a45baf7ff0903fd6c3358)
#05 pc 0000000000075eaf /system/lib64/ndk/libffrt.so(1e2b61b67c5a45baf7ff0903fd6c3358)
#06 pc 0000000000075d79 /system/lib64/ndk/libffrt.so(1e2b61b67c5a45baf7ff0903fd6c3358)
#07 pc 00000000001299e7 /system/lib/ld-musl-x86_64.so.1(f34f70e0f9b0474cb3413c049af6b641)
#08 pc 0000000000090f8e /system/lib/ld-musl-x86_64.so.1(f34f70e0f9b0474cb3413c049af6b641)
Tid:32554, Name:OS_FFRT_5_69
#00 pc 0000000000125ee9 /system/lib/ld-musl-x86_64.so.1(f34f70e0f9b0474cb3413c049af6b641)
#01 pc 0000000000127883 /system/lib/ld-musl-x86_64.so.1(pthread_cond_timedwait+195)(f34f70e0f9b0474cb3413c049af6b641)
#02 pc 00000000000c74e7 /system/lib64/chipset-sdk-sp/libc++.so(std::__h::condition_variable::__do_timed_wait(std::__h::unique_lock<std::__h::mutex>&, std::__h::chrono::time_point<std::__h::chrono::system_clock, std::__h::chrono::duration<long long, std::__h::ratio<1l, 1000000000l>>>)+103)(ca45f3285cb13d8a615c2dcf32305914fbc391ad)
#03 pc 000000000008bcb0 /system/lib64/ndk/libffrt.so(1e2b61b67c5a45baf7ff0903fd6c3358)
#04 pc 00000000000760ef /system/lib64/ndk/libffrt.so(1e2b61b67c5a45baf7ff0903fd6c3358)
#05 pc 0000000000075eaf /system/lib64/ndk/libffrt.so(1e2b61b67c5a45baf7ff0903fd6c3358)
#06 pc 0000000000075d79 /system/lib64/ndk/libffrt.so(1e2b61b67c5a45baf7ff0903fd6c3358)
#07 pc 00000000001299e7 /system/lib/ld-musl-x86_64.so.1(f34f70e0f9b0474cb3413c049af6b641)
#08 pc 0000000000090f8e /system/lib/ld-musl-x86_64.so.1(f34f70e0f9b0474cb3413c049af6b641)
Tid:32555, Name:OS_FFRT_5_68
#00 pc 0000000000125ee9 /system/lib/ld-musl-x86_64.so.1(f34f70e0f9b0474cb3413c049af6b641)
#01 pc 0000000000127883 /system/lib/ld-musl-x86_64.so.1(pthread_cond_timedwait+195)(f34f70e0f9b0474cb3413c049af6b641)
#02 pc 00000000000c74e7 /system/lib64/chipset-sdk-sp/libc++.so(std::__h::condition_variable::__do_timed_wait(std::__h::unique_lock<std::__h::mutex>&, std::__h::chrono::time_point<std::__h::chrono::system_clock, std::__h::chrono::duration<long long, std::__h::ratio<1l, 1000000000l>>>)+103)(ca45f3285cb13d8a615c2dcf32305914fbc391ad)
#03 pc 000000000008bcb0 /system/lib64/ndk/libffrt.so(1e2b61b67c5a45baf7ff0903fd6c3358)
#04 pc 00000000000760ef /system/lib64/ndk/libffrt.so(1e2b61b67c5a45baf7ff0903fd6c3358)
#05 pc 0000000000075eaf /system/lib64/ndk/libffrt.so(1e2b61b67c5a45baf7ff0903fd6c3358)
#06 pc 0000000000075d79 /system/lib64/ndk/libffrt.so(1e2b61b67c5a45baf7ff0903fd6c3358)
#07 pc 00000000001299e7 /system/lib/ld-musl-x86_64.so.1(f34f70e0f9b0474cb3413c049af6b641)
#08 pc 0000000000090f8e /system/lib/ld-musl-x86_64.so.1(f34f70e0f9b0474cb3413c049af6b641)
Tid:32556, Name:OS_FFRT_5_67
#00 pc 0000000000125ee9 /system/lib/ld-musl-x86_64.so.1(f34f70e0f9b0474cb3413c049af6b641)
#01 pc 0000000000127883 /system/lib/ld-musl-x86_64.so.1(pthread_cond_timedwait+195)(f34f70e0f9b0474cb3413c049af6b641)
#02 pc 00000000000c74e7 /system/lib64/chipset-sdk-sp/libc++.so(std::__h::condition_variable::__do_timed_wait(std::__h::unique_lock<std::__h::mutex>&, std::__h::chrono::time_point<std::__h::chrono::system_clock, std::__h::chrono::duration<long long, std::__h::ratio<1l, 1000000000l>>>)+103)(ca45f3285cb13d8a615c2dcf32305914fbc391ad)
#03 pc 000000000008bcb0 /system/lib64/ndk/libffrt.so(1e2b61b67c5a45baf7ff0903fd6c3358)
#04 pc 00000000000760ef /system/lib64/ndk/libffrt.so(1e2b61b67c5a45baf7ff0903fd6c3358)
#05 pc 0000000000075eaf /system/lib64/ndk/libffrt.so(1e2b61b67c5a45baf7ff0903fd6c3358)
#06 pc 0000000000075d79 /system/lib64/ndk/libffrt.so(1e2b61b67c5a45baf7ff0903fd6c3358)
#07 pc 00000000001299e7 /system/lib/ld-musl-x86_64.so.1(f34f70e0f9b0474cb3413c049af6b641)
#08 pc 0000000000090f8e /system/lib/ld-musl-x86_64.so.1(f34f70e0f9b0474cb3413c049af6b641)
Memory near registers:
x2([anon:ld-musl-x86_64.so.1.bss]):
    00007fd481b246f0 0000000000000000
    00007fd481b246f8 0000000000007e2c
    00007fd481b24700 00007fd481b230c0
    00007fd481b24708 0000000000000000
    00007fd481b24710 00007fd480841752
    00007fd481b24718 0000000000000000
    00007fd481b24720 00007fd481975d90
    00007fd481b24728 0000000000000000
    00007fd481b24730 00007fd47f52a910
    00007fd481b24738 00007fd4811813e0
    00007fd481b24740 0000000000000000
    00007fd481b24748 00007fd47f1d4910
    00007fd481b24750 0000000000000000
    00007fd481b24758 00007fd47e398cc8
    00007fd481b24760 0000000000000000
    00007fd481b24768 0000000000000000
    00007fd481b24770 0000000000000000
    00007fd481b24778 00007fd481473a60
    00007fd481b24780 00007fd481336770
    00007fd481b24788 ffffffffffffffff
    00007fd481b24790 00007fd480824750
    00007fd481b24798 0000000000000000
    00007fd481b247a0 0000000000000000
    00007fd481b247a8 0000000000000000
    00007fd481b247b0 0000000000000000
    00007fd481b247b8 0000000000000000
    00007fd481b247c0 0000000000000000
    00007fd481b247c8 0000000000000000
    00007fd481b247d0 0000000000000000
    00007fd481b247d8 0000000000000000
    00007fd481b247e0 0000000000000000
    00007fd481b247e8 0000000000000000
x3(/system/lib64/chipset-sdk-sp/libclang_rt.ubsan_minimal.so):
    00007fd480841690 6d6e67696c61203a
    00007fd480841698 757373612d746e65
    00007fd4808416a0 75006e6f6974706d
    00007fd4808416a8 7573203a6e617362
    00007fd4808416b0 6c667265766f2d62
    00007fd4808416b8 61736275000a776f
    00007fd4808416c0 6c61766e69203a6e
    00007fd4808416c8 746c6975622d6469
    00007fd4808416d0 6e61736275006e69
    00007fd4808416d8 62616c6c756e203a
    00007fd4808416e0 65722d7974696c69
    00007fd4808416e8 736275006e727574
    00007fd4808416f0 636e7566203a6e61
    00007fd4808416f8 7079742d6e6f6974
    00007fd480841700 74616d73696d2d65
    00007fd480841708 6e61736275006863
    00007fd480841710 2d7466696873203a
    00007fd480841718 622d666f2d74756f
    00007fd480841720 62750073646e756f
    00007fd480841728 6e6f6e203a6e6173
    00007fd480841730 6772612d6c6c756e
    00007fd480841738 203a6e6173627500
    00007fd480841740 2d7265746e696f70
    00007fd480841748 776f6c667265766f
    00007fd480841750 3a6e61736275000a
    00007fd480841758 65766f2d62757320
    00007fd480841760 627500776f6c6672
    00007fd480841768 6e6f6e203a6e6173
    00007fd480841770 7465722d6c6c756e
    00007fd480841778 736275000a6e7275
    00007fd480841780 65707974203a6e61
    00007fd480841788 6374616d73696d2d
x4(/system/lib64/chipset-sdk-sp/libclang_rt.ubsan_minimal.so):
    00007fd480841740 2d7265746e696f70
    00007fd480841748 776f6c667265766f
    00007fd480841750 3a6e61736275000a
    00007fd480841758 65766f2d62757320
    00007fd480841760 627500776f6c6672
    00007fd480841768 6e6f6e203a6e6173
    00007fd480841770 7465722d6c6c756e
    00007fd480841778 736275000a6e7275
    00007fd480841780 65707974203a6e61
    00007fd480841788 6374616d73696d2d
    00007fd480841790 3a6e617362750068
    00007fd480841798 2d65746167656e20
    00007fd4808417a0 776f6c667265766f
    00007fd4808417a8 3a6e61736275000a
    00007fd4808417b0 6e692d64616f6c20
    00007fd4808417b8 61762d64696c6176
    00007fd4808417c0 617362750065756c
    00007fd4808417c8 6f2d74756f203a6e
    00007fd4808417d0 73646e756f622d66
    00007fd4808417d8 3a6e61736275000a
    00007fd4808417e0 6568632d69666320
    00007fd4808417e8 006c6961662d6b63
    00007fd4808417f0 6e203a6e61736275
    00007fd4808417f8 766f2d6574616765
    00007fd480841800 7500776f6c667265
    00007fd480841808 6f6c203a6e617362
    00007fd480841810 6c61766e692d6461
    00007fd480841818 65756c61762d6469
    00007fd480841820 3a6e61736275000a
    00007fd480841828 2d6d657276696420
    00007fd480841830 776f6c667265766f
    00007fd480841838 3a6e61736275000a
sp([stack]):
    00007ffdafcecc60 0000000000000011
    00007ffdafcecc68 00007fd480843438
    00007ffdafcecc70 00007fd48151f090
    00007ffdafcecc78 00007fd480d66fc6
    00007ffdafcecc80 0000000000000000
    00007ffdafcecc88 00007fd481441910
    00007ffdafcecc90 00007fd481441950
    00007ffdafcecc98 000000008008720f
    00007ffdafcecca0 0000000000000000
    00007ffdafcecca8 00007fd480d7e796
    00007ffdafceccb0 0000000000006301
    00007ffdafceccb8 00007fd481441910
    00007ffdafceccc0 00000000ffffffff
    00007ffdafceccc8 00007fd4810d7090
    00007ffdafceccd0 00007fd4814419d0
    00007ffdafceccd8 00007fd4808d5020
    00007ffdafcecce0 00000000ffffffff
    00007ffdafcecce8 00007fd480d80c29
    00007ffdafceccf0 0000000000000000
    00007ffdafceccf8 00000000ffffff01
    00007ffdafcecd00 0080000000000000
    00007ffdafcecd08 00007fd480b56cea
    00007ffdafcecd10 00007ffdffffffff
    00007ffdafcecd18 2d2d6b776661732c
    00007ffdafcecd20 6d61536b63656843
    00007ffdafcecd28 0079646165527267
    00007ffdafcecd30 7461646e756f6614
    00007ffdafcecd38 00000000006e6f69
    00007ffdafcecd40 0000000000000000
    00007ffdafcecd48 00007fd481b0f78e
    00007ffdafcecd50 0000000000000031
    00007ffdafcecd58 000000000000001f
x13([anon:native_heap:brk]):
    00007fd48151f080 0000000000000000
    00007fd48151f088 0008a00000000000
    00007fd48151f090 00000000ffffffff
    00007fd48151f098 8000001000000000
    00007fd48151f0a0 0000000000000011
    00007fd48151f0a8 0000000000000000
    00007fd48151f0b0 0000000000000000
    00007fd48151f0b8 0000000000000000
    00007fd48151f0c0 0000000000000000
    00007fd48151f0c8 0000000000000000
    00007fd48151f0d0 0000000000000000
    00007fd48151f0d8 0000000000000000
    00007fd48151f0e0 0000000000000000
    00007fd48151f0e8 0000000000000000
    00007fd48151f0f0 0000000000000011
    00007fd48151f0f8 000000000025558a
    00007fd48151f100 00007fd480e006e0
    00007fd48151f108 0000000000000000
    00007fd48151f110 0000000000000000
    00007fd48151f118 0000000000000000
    00007fd48151f120 0000000000000000
    00007fd48151f128 0000000000000000
    00007fd48151f130 0000000000000000
    00007fd48151f138 0000000000000000
    00007fd48151f140 0000000000000000
    00007fd48151f148 0000000000000000
    00007fd48151f150 0000000000000000
    00007fd48151f158 0000000000000000
    00007fd48151f160 0000000000000000
    00007fd48151f168 0000000000000000
    00007fd48151f170 0000000000000000
    00007fd48151f178 0000000000000000
x14([anon:native_heap:brk]):
    00007fd48151f088 0008a00000000000
    00007fd48151f090 00000000ffffffff
    00007fd48151f098 8000001000000000
    00007fd48151f0a0 0000000000000011
    00007fd48151f0a8 0000000000000000
    00007fd48151f0b0 0000000000000000
    00007fd48151f0b8 0000000000000000
    00007fd48151f0c0 0000000000000000
    00007fd48151f0c8 0000000000000000
    00007fd48151f0d0 0000000000000000
    00007fd48151f0d8 0000000000000000
    00007fd48151f0e0 0000000000000000
    00007fd48151f0e8 0000000000000000
    00007fd48151f0f0 0000000000000011
    00007fd48151f0f8 000000000025558a
    00007fd48151f100 00007fd480e006e0
    00007fd48151f108 0000000000000000
    00007fd48151f110 0000000000000000
    00007fd48151f118 0000000000000000
    00007fd48151f120 0000000000000000
    00007fd48151f128 0000000000000000
    00007fd48151f130 0000000000000000
    00007fd48151f138 0000000000000000
    00007fd48151f140 0000000000000000
    00007fd48151f148 0000000000000000
    00007fd48151f150 0000000000000000
    00007fd48151f158 0000000000000000
    00007fd48151f160 0000000000000000
    00007fd48151f168 0000000000000000
    00007fd48151f170 0000000000000000
    00007fd48151f178 0000000000000000
    00007fd48151f180 00007fd48151f180
pc(/system/lib64/chipset-sdk-sp/libclang_rt.ubsan_minimal.so):
    00007fd480843428 ffe321358d480e74
    00007fd480843430 00000a18e8ff31ff
    00007fd480843438 cccccccccccc0b0f
    00007fd480843440 75e808247c8b4853
    00007fd480843448 5b0275c084fffffd
    00007fd480843450 ffffe17c1d8d48c3
    00007fd480843458 000009d0e8df8948
    00007fd480843460 de894800000002bf
    00007fd480843468 0009cfe95bc28948
    00007fd480843470 cccccccccccccc00
    00007fd480843478 cccccccccccccccc
    00007fd480843480 ffffe14c1d8d4853
    00007fd480843488 000009a0e8df8948
    00007fd480843490 de894800000002bf
    00007fd480843498 000009a0e8c28948
    00007fd4808434a0 0000001b803d8348
    00007fd4808434a8 ffe4e6358d480e74
    00007fd4808434b0 00000998e8ff31ff
    00007fd4808434b8 cccccccccccc0b0f
    00007fd4808434c0 f5e808247c8b4853
    00007fd4808434c8 5b0275c084fffffc
    00007fd4808434d0 ffffe2ba1d8d48c3
    00007fd4808434d8 00000950e8df8948
    00007fd4808434e0 de894800000002bf
    00007fd4808434e8 00094fe95bc28948
    00007fd4808434f0 cccccccccccccc00
    00007fd4808434f8 cccccccccccccccc
    00007fd480843500 ffffe28a1d8d4853
    00007fd480843508 00000920e8df8948
    00007fd480843510 de894800000002bf
    00007fd480843518 00000920e8c28948
    00007fd480843520 0000001b003d8348
FaultStack:
    00007ffdafcecb70 e52d6f8431bbbd26
    00007ffdafcecb78 f1a44dde03a07dc4
    00007ffdafcecb80 0b0a090803020100
    00007ffdafcecb88 ffffffffffffffff
    00007ffdafcecb90 ffffffffffffffff
    00007ffdafcecb98 0b0a090803020100
    00007ffdafcecba0 0405060700010203
    00007ffdafcecba8 0c0d0e0f08090a0b
    00007ffdafcecbb0 4883baedaf03cbb3
    00007ffdafcecbb8 0000000000000000
    00007ffdafcecbc0 0000000046505845
    00007ffdafcecbc8 00007fd481441910
    00007ffdafcecbd0 0000000000000000
    00007ffdafcecbd8 00007fd48151f090
    00007ffdafcecbe0 000000002b7f248c
    00007ffdafcecbe8 00007fd48151f090
    00007ffdafcecbf0 0000000000000000
    00007ffdafcecbf8 00007fd48151f090
    00007ffdafcecc00 00007ffdafcecc58
    00007ffdafcecc08 0000000000000001
    00007ffdafcecc10 00007ffdafcecc40
    00007ffdafcecc18 00007fd481b04384
    00007ffdafcecc20 e90c82c88f2900f3
    00007ffdafcecc28 00007fd48151f090
    00007ffdafcecc30 00007fd48151f098
    00007ffdafcecc38 000000008008720f
    00007ffdafcecc40 0000000000000000
    00007ffdafcecc48 00007fd4808c9741
    00007ffdafcecc50 00007fd4808416a7
    00007ffdafcecc58 00007fd48151f098
    00007ffdafcecc60 0000000000000011
    00007ffdafcecc68 00007fd480843438
sp0:00007ffdafcecc70 00007fd48151f090
    00007ffdafcecc78 00007fd480d66fc6
sp1:00007ffdafcecc80 0000000000000000
    00007ffdafcecc88 00007fd481441910
    00007ffdafcecc90 00007fd481441950
    00007ffdafcecc98 000000008008720f
    00007ffdafcecca0 0000000000000000
    00007ffdafcecca8 00007fd480d7e796
sp2:00007ffdafceccb0 0000000000006301
    00007ffdafceccb8 00007fd481441910
    00007ffdafceccc0 00000000ffffffff
    00007ffdafceccc8 00007fd4810d7090
    00007ffdafceccd0 00007fd4814419d0
    00007ffdafceccd8 00007fd4808d5020
    00007ffdafcecce0 00000000ffffffff
    00007ffdafcecce8 00007fd480d80c29
sp3:00007ffdafceccf0 0000000000000000
    00007ffdafceccf8 00000000ffffff01
    00007ffdafcecd00 0080000000000000
    00007ffdafcecd08 00007fd480b56cea
sp4:00007ffdafcecd10 00007ffdffffffff
    00007ffdafcecd18 2d2d6b776661732c
    00007ffdafcecd20 6d61536b63656843
    00007ffdafcecd28 0079646165527267
    00007ffdafcecd30 7461646e756f6614
    00007ffdafcecd38 00000000006e6f69
    00007ffdafcecd40 0000000000000000
    00007ffdafcecd48 00007fd481b0f78e
    00007ffdafcecd50 0000000000000031
    00007ffdafcecd58 000000000000001f
    00007ffdafcecd60 00007fd480e00fa0
    00007ffdafcecd68 e90c82c88f2900f3
    00007ffdafcecd70 0000000000000001
    00007ffdafcecd78 2d2d6b776661732c
    00007ffdafcecd80 6d61536b63656843
    00007ffdafcecd88 0079646165527267
    00007ffdafcecd90 0000000000000001
    00007ffdafcecd98 00007fd481129c9b
    00007ffdafcecda0 00007fd4808d5020
    00007ffdafcecda8 00007fd480b564cc
    00007ffdafcecdb0 0000000000000378
    00007ffdafcecdb8 0074696e4961530c
    00007ffdafcecdc0 0000000000000000
    00007ffdafcecdc8 00007fd480f32a81
    00007ffdafcecdd0 e90c82c88f2900f3
    00007ffdafcecdd8 00007fd4810d7090
    00007ffdafcecde0 00007ffdafceced0
    00007ffdafcecde8 000000000000000a
    00007ffdafcecdf0 00007fd4810d7090
    00007ffdafcecdf8 0000555bb346dec6
sp5:00007ffdafcece00 e90c82c80000032c
    00007ffdafcece08 0000000000000000
    00007ffdafcece10 0000000000000002
    00007ffdafcece18 00007fd481b100a3
    00007ffdafcece20 00007ffdafcecf91
    00007ffdafcece28 00007ffdafcecf70
    00007ffdafcece30 0000000000000000
    00007ffdafcece38 0000000000000000
    00007ffdafcece40 00007fd481524000
    00007ffdafcece48 0000000000007000
    00007ffdafcece50 0000000000000021
    00007ffdafcece58 000000000000001f
    00007ffdafcece60 00007fd480b089a0
    00007ffdafcece68 0000000000000031
    00007ffdafcece70 0000000000000021
    00007ffdafcece78 000000000000001f
    00007ffdafcece80 00007fd480b089a0
    00007ffdafcece88 0000000000000000
    00007ffdafcece90 7461646e756f6614
    00007ffdafcece98 00000000006e6f69
    00007ffdafcecea0 0000000000000000
    00007ffdafcecea8 00007ffdafcecef8
    00007ffdafceceb0 00007fd4810d7090
    00007ffdafceceb8 00007fd4810d7090
    00007ffdafcecec0 00007fd4810d70f0
    00007ffdafcecec8 0000000000000000
    00007ffdafceced0 0000555bb3470018
    00007ffdafceced8 0000000000000002
    00007ffdafcecee0 00007ffdafced028
    00007ffdafcecee8 00007ffdafcecf40
    00007ffdafcecef0 00007ffdafceced0
    00007ffdafcecef8 00007ffdafcecf60
    00007ffdafcecf00 7461646e756f6614
    00007ffdafcecf08 00000000006e6f69
    00007ffdafcecf10 0000000000000000
    00007ffdafcecf18 0000000000000000
    00007ffdafcecf20 0000000000000000
    00007ffdafcecf28 0000000000000000
    00007ffdafcecf30 0000000000000000
    00007ffdafcecf38 0000000000000000
    00007ffdafcecf40 0000000000000000
    00007ffdafcecf48 0000000000000000
    00007ffdafcecf50 0000000000000000
    00007ffdafcecf58 0000000000000000
    00007ffdafcecf60 0000000000000000
    00007ffdafcecf68 0000000000000000
    00007ffdafcecf70 0000000000000000
    00007ffdafcecf78 0000000000000000
    00007ffdafcecf80 e90c82c88f2900f3
    00007ffdafcecf88 0000000000000002
    00007ffdafcecf90 00007ffdafced040
    00007ffdafcecf98 00007fd481b21a60
    00007ffdafcecfa0 0000555bb346d1f0
    00007ffdafcecfa8 00007ffdafced028
    00007ffdafcecfb0 00007ffdafcecfe0
    00007ffdafcecfb8 00007fd481a64958
sp6:00007ffdafcecfc0 00007ffdafced020
    00007ffdafcecfc8 00007fd481b20e48
    00007ffdafcecfd0 00007fd4819f11b0
    00007ffdafcecfd8 00007fd4819fc53f
    00007ffdafcecfe0 00007ffdafced010
    00007ffdafcecfe8 0000555bb346d068
sp7:00007ffdafcecff0 0000000000000000
    00007ffdafcecff8 00007ffdafced028
    00007ffdafced000 0000000200000000
    00007ffdafced008 00007ffdafced020
    00007ffdafced010 0000000000000000
    00007ffdafced018 0000555bb346d016

Maps:
555bb346b000-555bb346d000 r--p 00000000 /system/bin/sa_main
555bb346d000-555bb3470000 r-xp 00002000 /system/bin/sa_main
555bb3470000-555bb3471000 r--p 00005000 /system/bin/sa_main
555bb3471000-555bb3472000 rw-p 00005000 /system/bin/sa_main
555bb5466000-555bb5467000 ---p 00000000 [heap]
555bb5467000-555bb54d8000 rw-p 00000000 [heap]
7fd463b95000-7fd463e95000 rw-p 00000000 [anon:ffrt_coroutine_stack]
7fd464095000-7fd464995000 rw-p 00000000 [anon:ffrt_coroutine_stack]
7fd464b95000-7fd464be0000 rw-s 00000000 /dev/ashmem/com.huawei.hmsapp.samplemanagement (deleted)
7fd464be0000-7fd464c2b000 rw-s 00000000 /dev/ashmem/com.huawei.emulatormultiscreen (deleted)
7fd464fc0000-7fd464fc9000 r--p 00000000 /system/lib64/ndk/libimage_source.so
7fd464fc9000-7fd464fd5000 r-xp 00008000 /system/lib64/ndk/libimage_source.so
7fd464fd5000-7fd464fd7000 r--p 00013000 /system/lib64/ndk/libimage_source.so
7fd464fd7000-7fd464fd8000 rw-p 00014000 /system/lib64/ndk/libimage_source.so
7fd465000000-7fd465008000 r--p 00000000 /system/lib64/ndk/libpixelmap.so
7fd465008000-7fd465011000 r-xp 00007000 /system/lib64/ndk/libpixelmap.so
7fd465011000-7fd465013000 r--p 0000f000 /system/lib64/ndk/libpixelmap.so
7fd465013000-7fd465014000 rw-p 00010000 /system/lib64/ndk/libpixelmap.so
7fd465040000-7fd465041000 r--p 00000000 /system/lib64/ndk/libnative_color_space_manager.so
7fd465041000-7fd465043000 r-xp 00000000 /system/lib64/ndk/libnative_color_space_manager.so
7fd465043000-7fd465044000 r--p 00001000 /system/lib64/ndk/libnative_color_space_manager.so
7fd465044000-7fd465045000 rw-p 00001000 /system/lib64/ndk/libnative_color_space_manager.so
7fd465080000-7fd465085000 r--p 00000000 /system/lib64/ndk/libpicture.so
7fd465085000-7fd46508d000 r-xp 00004000 /system/lib64/ndk/libpicture.so
7fd46508d000-7fd46508e000 r--p 0000b000 /system/lib64/ndk/libpicture.so
7fd46508e000-7fd46508f000 rw-p 0000b000 /system/lib64/ndk/libpicture.so
7fd4650c0000-7fd4650d2000 r--p 00000000 /system/lib64/libcfwk_allconnect_client.z.so
7fd4650d2000-7fd4650dd000 r-xp 00011000 /system/lib64/libcfwk_allconnect_client.z.so
7fd4650dd000-7fd4650e0000 r--p 0001b000 /system/lib64/libcfwk_allconnect_client.z.so
7fd4650e0000-7fd4650e1000 rw-p 0001d000 /system/lib64/libcfwk_allconnect_client.z.so
7fd465100000-7fd465104000 r--p 00000000 /system/lib64/ndk/libimage_common.so
7fd465104000-7fd465108000 r-xp 00003000 /system/lib64/ndk/libimage_common.so
7fd465108000-7fd46510a000 r--p 00006000 /system/lib64/ndk/libimage_common.so
7fd46510a000-7fd46510b000 rw-p 00007000 /system/lib64/ndk/libimage_common.so
7fd465140000-7fd465177000 r--p 00000000 /system/lib64/libliveview.z.so
7fd465177000-7fd4651d0000 r-xp 00036000 /system/lib64/libliveview.z.so
7fd4651d0000-7fd4651d6000 r--p 0008e000 /system/lib64/libliveview.z.so
7fd4651d6000-7fd4651d7000 rw-p 00093000 /system/lib64/libliveview.z.so
7fd4651d7000-7fd4651d8000 rw-p 00000000 [anon:libliveview.z.so.bss]
7fd465200000-7fd465231000 r--p 00000000 /system/lib64/libcollaborationfwk_client.z.so
7fd465231000-7fd46524a000 r-xp 00030000 /system/lib64/libcollaborationfwk_client.z.so
7fd46524a000-7fd465253000 r--p 00048000 /system/lib64/libcollaborationfwk_client.z.so
7fd465253000-7fd465254000 rw-p 00050000 /system/lib64/libcollaborationfwk_client.z.so
7fd465595000-7fd465597000 ---p 00000000 [anon:guard:2256]
7fd465597000-7fd465698000 rw-p 00000000 [anon:stack:2256]
7fd46579b000-7fd46581b000 rw-p 00000000 [anon:native_heap:brk]
7fd465e00000-7fd465e14000 r--p 00000000 /system/lib64/libans_ext.z.so
7fd465e14000-7fd465e3d000 r-xp 00013000 /system/lib64/libans_ext.z.so
7fd465e3d000-7fd465e3f000 r--p 0003b000 /system/lib64/libans_ext.z.so
7fd465e3f000-7fd465e40000 rw-p 0003c000 /system/lib64/libans_ext.z.so
7fd465e40000-7fd465e41000 rw-p 00000000 [anon:libans_ext.z.so.bss]
7fd465eaa000-7fd465eac000 ---p 00000000 [anon:guard:1409]
7fd465eac000-7fd465fad000 rw-p 00000000 [anon:stack:1409]
7fd4661b6000-7fd4662b6000 rw-p 00000000 [anon:ffrt_coroutine_stack]
7fd4663b6000-7fd466ab6000 rw-p 00000000 [anon:ffrt_coroutine_stack]
7fd466c40000-7fd466c47000 r--p 00000000 /system/lib64/libcloud_auth_client.z.so
7fd466c47000-7fd466c4e000 r-xp 00006000 /system/lib64/libcloud_auth_client.z.so
7fd466c4e000-7fd466c4f000 r--p 0000c000 /system/lib64/libcloud_auth_client.z.so
7fd466c4f000-7fd466c50000 rw-p 0000c000 /system/lib64/libcloud_auth_client.z.so
7fd466dbd000-7fd466dbf000 ---p 00000000 [anon:guard:1230]
7fd466dbf000-7fd466ec0000 rw-p 00000000 [anon:stack:1230]
7fd466ec0000-7fd466f40000 rw-p 00000000 
7fd466f40000-7fd466f4d000 r--p 00000000 /system/lib64/libmigrate_cert_verify.z.so
7fd466f4d000-7fd466f5b000 r-xp 0000c000 /system/lib64/libmigrate_cert_verify.z.so
7fd466f5b000-7fd466f5d000 r--p 00019000 /system/lib64/libmigrate_cert_verify.z.so
7fd466f5d000-7fd466f5e000 rw-p 0001a000 /system/lib64/libmigrate_cert_verify.z.so
7fd466f80000-7fd466f9d000 r--p 00000000 /system/lib64/libhmos_bundle_mgr_ext.z.so
7fd466f9d000-7fd466fcd000 r-xp 0001c000 /system/lib64/libhmos_bundle_mgr_ext.z.so
7fd466fcd000-7fd466fd3000 r--p 0004b000 /system/lib64/libhmos_bundle_mgr_ext.z.so
7fd466fd3000-7fd466fd4000 rw-p 00050000 /system/lib64/libhmos_bundle_mgr_ext.z.so
7fd466fd4000-7fd466fd5000 rw-p 00000000 [anon:libhmos_bundle_mgr_ext.z.so.bss]
7fd467000000-7fd467002000 r--p 00000000 /system/lib64/libinfosec_service.z.so
7fd467002000-7fd467004000 r-xp 00001000 /system/lib64/libinfosec_service.z.so
7fd467004000-7fd467006000 r--p 00002000 /system/lib64/libinfosec_service.z.so
7fd467006000-7fd467007000 rw-p 00003000 /system/lib64/libinfosec_service.z.so
7fd467040000-7fd46704b000 r--p 00000000 /system/lib64/libfactory_proxy_1.0.z.so
7fd46704b000-7fd467053000 r-xp 0000a000 /system/lib64/libfactory_proxy_1.0.z.so
7fd467053000-7fd467055000 r--p 00011000 /system/lib64/libfactory_proxy_1.0.z.so
7fd467055000-7fd467056000 rw-p 00012000 /system/lib64/libfactory_proxy_1.0.z.so
7fd4670b4000-7fd4670b6000 ---p 00000000 [anon:guard:1223]
7fd4670b6000-7fd4671b7000 rw-p 00000000 [anon:stack:1223]
7fd467200000-7fd467206000 r--p 00000000 /system/lib64/libupdatecjson.z.so
7fd467206000-7fd46720c000 r-xp 00005000 /system/lib64/libupdatecjson.z.so
7fd46720c000-7fd46720e000 r--p 0000a000 /system/lib64/libupdatecjson.z.so
7fd46720e000-7fd46720f000 rw-p 0000b000 /system/lib64/libupdatecjson.z.so
7fd467240000-7fd467247000 r--p 00000000 /system/lib64/libabxml_converter.z.so
7fd467247000-7fd46724d000 r-xp 00006000 /system/lib64/libabxml_converter.z.so
7fd46724d000-7fd46724f000 r--p 0000b000 /system/lib64/libabxml_converter.z.so
7fd46724f000-7fd467250000 rw-p 0000c000 /system/lib64/libabxml_converter.z.so
7fd4674c0000-7fd4674d2000 r--p 00000000 /system/lib64/libtel_ext_symbol.z.so
7fd4674d2000-7fd4674eb000 r-xp 00011000 /system/lib64/libtel_ext_symbol.z.so
7fd4674eb000-7fd4674ed000 r--p 00029000 /system/lib64/libtel_ext_symbol.z.so
7fd4674ed000-7fd4674ee000 rw-p 0002a000 /system/lib64/libtel_ext_symbol.z.so
7fd467840000-7fd467875000 r--p 00000000 /system/lib64/platformsdk/libextplugin.z.so
7fd467875000-7fd4678c9000 r-xp 00034000 /system/lib64/platformsdk/libextplugin.z.so
7fd4678c9000-7fd4678cc000 r--p 00087000 /system/lib64/platformsdk/libextplugin.z.so
7fd4678cc000-7fd4678cd000 rw-p 00089000 /system/lib64/platformsdk/libextplugin.z.so
7fd4678cd000-7fd4678d0000 rw-p 00000000 [anon:libextplugin.z.so.bss]
7fd467900000-7fd467901000 r--p 00000000 /system/lib64/platformsdk/librawplugin.z.so
7fd467901000-7fd467902000 r-xp 00000000 /system/lib64/platformsdk/librawplugin.z.so
7fd467902000-7fd467904000 r--p 00000000 /system/lib64/platformsdk/librawplugin.z.so
7fd467904000-7fd467905000 rw-p 00001000 /system/lib64/platformsdk/librawplugin.z.so
7fd467940000-7fd467949000 r--p 00000000 /system/lib64/platformsdk/libtextureEncoderCL.z.so
7fd467949000-7fd46794d000 r-xp 00008000 /system/lib64/platformsdk/libtextureEncoderCL.z.so
7fd46794d000-7fd46794e000 r--p 0000b000 /system/lib64/platformsdk/libtextureEncoderCL.z.so
7fd46794e000-7fd46794f000 rw-p 0000b000 /system/lib64/platformsdk/libtextureEncoderCL.z.so
7fd467980000-7fd467984000 r--p 00000000 /system/lib64/platformsdk/libavifimpl.z.so
7fd467984000-7fd467987000 r-xp 00003000 /system/lib64/platformsdk/libavifimpl.z.so
7fd467987000-7fd467988000 r--p 00005000 /system/lib64/platformsdk/libavifimpl.z.so
7fd467988000-7fd467989000 rw-p 00005000 /system/lib64/platformsdk/libavifimpl.z.so
7fd467989000-7fd46798a000 rw-p 00000000 [anon:libavifimpl.z.so.bss]
7fd467b2e000-7fd467b30000 ---p 00000000 [anon:guard:1202]
7fd467b30000-7fd467c31000 rw-p 00000000 [anon:stack:1202]
7fd468140000-7fd46815c000 r--p 00000000 /system/lib64/libnotification_ai.z.so
7fd46815c000-7fd468177000 r-xp 0001b000 /system/lib64/libnotification_ai.z.so
7fd468177000-7fd46817b000 r--p 00035000 /system/lib64/libnotification_ai.z.so
7fd46817b000-7fd46817c000 rw-p 00038000 /system/lib64/libnotification_ai.z.so
7fd4682a0000-7fd4682a2000 ---p 00000000 [anon:guard:32309]
7fd4682a2000-7fd4683a3000 rw-p 00000000 [anon:stack:32309]
7fd4683a3000-7fd4684a3000 rw-p 00000000 [anon:ffrt_coroutine_stack]
7fd46859a000-7fd46859c000 ---p 00000000 [anon:guard:32308]
7fd46859c000-7fd46869d000 rw-p 00000000 [anon:stack:32308]
7fd4688a3000-7fd4689a3000 rw-p 00000000 [anon:ffrt_coroutine_stack]
7fd4689a3000-7fd4689a5000 ---p 00000000 [anon:guard:1179]
7fd4689a5000-7fd468aa6000 rw-p 00000000 [anon:stack:1179]
7fd468aa6000-7fd468aa8000 ---p 00000000 [anon:guard:1178]
7fd468aa8000-7fd468ba9000 rw-p 00000000 [anon:stack:1178]
7fd468ba9000-7fd468bab000 ---p 00000000 [anon:guard:1177]
7fd468bab000-7fd468cac000 rw-p 00000000 [anon:stack:1177]
7fd468cac000-7fd468cae000 ---p 00000000 [anon:guard:1176]
7fd468cae000-7fd468daf000 rw-p 00000000 [anon:stack:1176]
7fd468daf000-7fd468db1000 ---p 00000000 [anon:guard:1175]
7fd468db1000-7fd468eb2000 rw-p 00000000 [anon:stack:1175]
7fd468eb2000-7fd468eb4000 ---p 00000000 [anon:guard:1171]
7fd468eb4000-7fd468fb5000 rw-p 00000000 [anon:stack:1171]
7fd468fb5000-7fd468fb7000 ---p 00000000 [anon:guard:30959]
7fd468fb7000-7fd4690b8000 rw-p 00000000 [anon:stack:30959]
7fd4691bb000-7fd4691bd000 ---p 00000000 [anon:guard:1127]
7fd4691bd000-7fd4692be000 rw-p 00000000 [anon:stack:1127]
7fd4692be000-7fd4694be000 r--s 00000000 /dev/__parameters__/u:object_r:ohos_boot_param:s0
7fd4694be000-7fd4694c0000 ---p 00000000 [anon:guard:1123]
7fd4694c0000-7fd4695c1000 rw-p 00000000 [anon:stack:1123]
7fd4696c4000-7fd4696c6000 ---p 00000000 [anon:guard:1121]
7fd4696c6000-7fd4697c7000 rw-p 00000000 [anon:stack:1121]
7fd4697c7000-7fd469ac7000 r--s 00000000 /dev/__parameters__/u:object_r:startup_appspawn_param:s0
7fd469ac7000-7fd469ac9000 ---p 00000000 [anon:guard:1119]
7fd469ac9000-7fd469bca000 rw-p 00000000 [anon:stack:1119]
7fd469bca000-7fd469bcc000 ---p 00000000 [anon:guard:1117]
7fd469bcc000-7fd469ccd000 rw-p 00000000 [anon:stack:1117]
7fd469ccd000-7fd469ccf000 ---p 00000000 [anon:guard:1169]
7fd469ccf000-7fd469dd0000 rw-p 00000000 [anon:stack:1169]
7fd469dd0000-7fd469dd2000 ---p 00000000 [anon:guard:1184]
7fd469dd2000-7fd469ed3000 rw-p 00000000 [anon:stack:1184]
7fd469fd6000-7fd46a1d6000 rw-p 00000000 [anon:ffrt_coroutine_stack]
7fd46a2d6000-7fd46a3d6000 rw-p 00000000 [anon:ffrt_coroutine_stack]
7fd46a400000-7fd46a480000 rw-p 00000000 [anon:native_heap:brk]
7fd46a480000-7fd46a483000 r--p 00000000 /system/lib64/libbms_exception_wrapper.z.so
7fd46a483000-7fd46a487000 r-xp 00002000 /system/lib64/libbms_exception_wrapper.z.so
7fd46a487000-7fd46a489000 r--p 00005000 /system/lib64/libbms_exception_wrapper.z.so
7fd46a489000-7fd46a48a000 rw-p 00006000 /system/lib64/libbms_exception_wrapper.z.so
7fd46a4d6000-7fd46a7d6000 rw-p 00000000 [anon:ffrt_coroutine_stack]
7fd46a8fd000-7fd46a8ff000 ---p 00000000 [anon:guard:32127]
7fd46a8ff000-7fd46aa00000 rw-p 00000000 [anon:stack:32127]
7fd46aa00000-7fd46aa02000 r--p 00000000 /system/lib64/libkv_store_crypt.z.so
7fd46aa02000-7fd46aa04000 r-xp 00001000 /system/lib64/libkv_store_crypt.z.so
7fd46aa04000-7fd46aa05000 r--p 00002000 /system/lib64/libkv_store_crypt.z.so
7fd46aa05000-7fd46aa06000 rw-p 00002000 /system/lib64/libkv_store_crypt.z.so
7fd46aa14000-7fd46aa5f000 rw-s 00000000 /dev/ashmem/com.huawei.hmos.settings (deleted)
7fd46aa5f000-7fd46aadf000 rw-p 00000000 [anon:native_heap:brk]
7fd46acf5000-7fd46ad40000 rw-s 00000000 /dev/ashmem/com.example.callaite (deleted)
7fd46ad40000-7fd46ad4e000 r--p 00000000 /system/lib64/platformsdk/libheifimpl.z.so
7fd46ad4e000-7fd46ad5a000 r-xp 0000d000 /system/lib64/platformsdk/libheifimpl.z.so
7fd46ad5a000-7fd46ad5c000 r--p 00018000 /system/lib64/platformsdk/libheifimpl.z.so
7fd46ad5c000-7fd46ad5d000 rw-p 00019000 /system/lib64/platformsdk/libheifimpl.z.so
7fd46ad9d000-7fd46ad9f000 ---p 00000000 [anon:guard:27346]
7fd46ad9f000-7fd46aea0000 rw-p 00000000 [anon:stack:27346]
7fd46aea0000-7fd46aea2000 ---p 00000000 [anon:guard:27345]
7fd46aea2000-7fd46afa3000 rw-p 00000000 [anon:stack:27345]
7fd46afa3000-7fd46afa5000 ---p 00000000 [anon:guard:32556]
7fd46afa5000-7fd46b0a6000 rw-p 00000000 [anon:stack:32556]
7fd46b0a6000-7fd46b0a8000 ---p 00000000 [anon:guard:32555]
7fd46b0a8000-7fd46b1a9000 rw-p 00000000 [anon:stack:32555]
7fd46b1a9000-7fd46b1ab000 ---p 00000000 [anon:guard:31668]
7fd46b1ab000-7fd46b2ac000 rw-p 00000000 [anon:stack:31668]
7fd46b2ac000-7fd46b2f7000 rw-s 00000000 /dev/ashmem/com.huawei.hmsapp.appgallery (deleted)
7fd46b32f000-7fd46b3af000 rw-p 00000000 [anon:native_heap:brk]
7fd46b3fa000-7fd46b3fc000 ---p 00000000 [anon:guard:32554]
7fd46b3fc000-7fd46b4fd000 rw-p 00000000 [anon:stack:32554]
7fd46b4fd000-7fd46b4ff000 ---p 00000000 [anon:guard:32552]
7fd46b4ff000-7fd46b600000 rw-p 00000000 [anon:stack:32552]
7fd46b600000-7fd46b619000 r--p 00000000 /system/lib64/libtel_state_registry.z.so
7fd46b619000-7fd46b630000 r-xp 00018000 /system/lib64/libtel_state_registry.z.so
7fd46b630000-7fd46b634000 r--p 0002e000 /system/lib64/libtel_state_registry.z.so
7fd46b634000-7fd46b635000 rw-p 00031000 /system/lib64/libtel_state_registry.z.so
7fd46b635000-7fd46b636000 rw-p 00000000 [anon:libtel_state_registry.z.so.bss]
7fd46b640000-7fd46b64f000 r--p 00000000 /system/lib64/libscreenlock_server.z.so
7fd46b64f000-7fd46b66c000 r-xp 0000e000 /system/lib64/libscreenlock_server.z.so
7fd46b66c000-7fd46b670000 r--p 0002a000 /system/lib64/libscreenlock_server.z.so
7fd46b670000-7fd46b671000 rw-p 0002d000 /system/lib64/libscreenlock_server.z.so
7fd46b680000-7fd46b68f000 r--p 00000000 /system/lib64/platformsdk/libform_render_info.z.so
7fd46b68f000-7fd46b69d000 r-xp 0000e000 /system/lib64/platformsdk/libform_render_info.z.so
7fd46b69d000-7fd46b69f000 r--p 0001b000 /system/lib64/platformsdk/libform_render_info.z.so
7fd46b69f000-7fd46b6a0000 rw-p 0001c000 /system/lib64/platformsdk/libform_render_info.z.so
7fd46b6c0000-7fd46b6c5000 r--p 00000000 /system/lib64/platformsdk/libform_common.z.so
7fd46b6c5000-7fd46b6c8000 r-xp 00004000 /system/lib64/platformsdk/libform_common.z.so
7fd46b6c8000-7fd46b6ca000 r--p 00006000 /system/lib64/platformsdk/libform_common.z.so
7fd46b6ca000-7fd46b6cb000 rw-p 00007000 /system/lib64/platformsdk/libform_common.z.so
7fd46b700000-7fd46b70d000 r--p 00000000 /system/lib64/platformsdk/libform_utils.z.so
7fd46b70d000-7fd46b71d000 r-xp 0000c000 /system/lib64/platformsdk/libform_utils.z.so
7fd46b71d000-7fd46b71e000 r--p 0001b000 /system/lib64/platformsdk/libform_utils.z.so
7fd46b71e000-7fd46b71f000 rw-p 0001b000 /system/lib64/platformsdk/libform_utils.z.so
7fd46b740000-7fd46b789000 r--p 00000000 /system/lib64/platformsdk/libform_manager.z.so
7fd46b789000-7fd46b7bc000 r-xp 00048000 /system/lib64/platformsdk/libform_manager.z.so
7fd46b7bc000-7fd46b7c9000 r--p 0007a000 /system/lib64/platformsdk/libform_manager.z.so
7fd46b7c9000-7fd46b7ca000 rw-p 00086000 /system/lib64/platformsdk/libform_manager.z.so
7fd46b800000-7fd46b808000 r--p 00000000 /system/lib64/platformsdk/libform_common_info.z.so
7fd46b808000-7fd46b80e000 r-xp 00007000 /system/lib64/platformsdk/libform_common_info.z.so
7fd46b80e000-7fd46b810000 r--p 0000c000 /system/lib64/platformsdk/libform_common_info.z.so
7fd46b810000-7fd46b811000 rw-p 0000d000 /system/lib64/platformsdk/libform_common_info.z.so
7fd46b840000-7fd46b96f000 r--p 00000000 /system/lib64/libfms.z.so
7fd46b96f000-7fd46ba6a000 r-xp 0012e000 /system/lib64/libfms.z.so
7fd46ba6a000-7fd46ba8d000 r--p 00228000 /system/lib64/libfms.z.so
7fd46ba8d000-7fd46ba8e000 rw-p 0024a000 /system/lib64/libfms.z.so
7fd46ba8e000-7fd46ba90000 rw-p 00000000 [anon:libfms.z.so.bss]
7fd46bac0000-7fd46bad2000 r--p 00000000 /system/lib64/platformsdk/libhisyseventmanager.z.so
7fd46bad2000-7fd46bae1000 r-xp 00011000 /system/lib64/platformsdk/libhisyseventmanager.z.so
7fd46bae1000-7fd46bae6000 r--p 0001f000 /system/lib64/platformsdk/libhisyseventmanager.z.so
7fd46bae6000-7fd46bae7000 rw-p 00023000 /system/lib64/platformsdk/libhisyseventmanager.z.so
7fd46bb00000-7fd46bb19000 r--p 00000000 /system/lib64/libhuaweiid_sa_client.z.so
7fd46bb19000-7fd46bb49000 r-xp 00018000 /system/lib64/libhuaweiid_sa_client.z.so
7fd46bb49000-7fd46bb4c000 r--p 00047000 /system/lib64/libhuaweiid_sa_client.z.so
7fd46bb4c000-7fd46bb4d000 rw-p 00049000 /system/lib64/libhuaweiid_sa_client.z.so
7fd46bb80000-7fd46bc09000 r--p 00000000 /system/lib64/liberms.z.so
7fd46bc09000-7fd46bccb000 r-xp 00088000 /system/lib64/liberms.z.so
7fd46bccb000-7fd46bcd7000 r--p 00149000 /system/lib64/liberms.z.so
7fd46bcd7000-7fd46bcd8000 rw-p 00154000 /system/lib64/liberms.z.so
7fd46bcd8000-7fd46bcde000 rw-p 00000000 [anon:liberms.z.so.bss]
7fd46bd00000-7fd46bd1a000 r--p 00000000 /system/lib64/libhuaweiid_innerkits_ndk.z.so
7fd46bd1a000-7fd46bd49000 r-xp 00019000 /system/lib64/libhuaweiid_innerkits_ndk.z.so
7fd46bd49000-7fd46bd4c000 r--p 00047000 /system/lib64/libhuaweiid_innerkits_ndk.z.so
7fd46bd4c000-7fd46bd4d000 rw-p 00049000 /system/lib64/libhuaweiid_innerkits_ndk.z.so
7fd46bd6f000-7fd46bdba000 rw-s 00000000 /dev/ashmem/com.huawei.hms.adsservice (deleted)
7fd46be27000-7fd46be29000 ---p 00000000 [anon:guard:27241]
7fd46be29000-7fd46bf2a000 rw-p 00000000 [anon:stack:27241]
7fd46bf2a000-7fd46bf75000 rw-s 00000000 /dev/ashmem/com.huawei.hms.pushservice (deleted)
7fd46bf75000-7fd46bfc0000 rw-s 00000000 /dev/ashmem/com.ohos.sceneboard (deleted)
7fd46bfc0000-7fd46c090000 r--p 00000000 /system/lib64/libans.z.so
7fd46c090000-7fd46c1c5000 r-xp 000cf000 /system/lib64/libans.z.so
7fd46c1c5000-7fd46c1d6000 r--p 00203000 /system/lib64/libans.z.so
7fd46c1d6000-7fd46c1d7000 rw-p 00213000 /system/lib64/libans.z.so
7fd46c1d7000-7fd46c1da000 rw-p 00000000 [anon:libans.z.so.bss]
7fd46c200000-7fd46c22a000 r--p 00000000 /system/lib64/libreminder_innerkits.z.so
7fd46c22a000-7fd46c25c000 r-xp 00029000 /system/lib64/libreminder_innerkits.z.so
7fd46c25c000-7fd46c262000 r--p 0005a000 /system/lib64/libreminder_innerkits.z.so
7fd46c262000-7fd46c263000 rw-p 0005f000 /system/lib64/libreminder_innerkits.z.so
7fd46c270000-7fd46c280000 rw-p 00000000 [anon:native_heap:brk]
7fd46c280000-7fd46c296000 r--p 00000000 /system/lib64/libans_base.z.so
7fd46c296000-7fd46c2ae000 r-xp 00015000 /system/lib64/libans_base.z.so
7fd46c2ae000-7fd46c2b0000 r--p 0002c000 /system/lib64/libans_base.z.so
7fd46c2b0000-7fd46c2b1000 rw-p 0002d000 /system/lib64/libans_base.z.so
7fd46c2c0000-7fd46c4b1000 r--p 00000000 /system/lib64/libarkdata_db_core.z.so
7fd46c4b1000-7fd46c7ed000 r-xp 001f0000 /system/lib64/libarkdata_db_core.z.so
7fd46c7ed000-7fd46c7fb000 r--p 0052b000 /system/lib64/libarkdata_db_core.z.so
7fd46c7fb000-7fd46c7ff000 rw-p 00538000 /system/lib64/libarkdata_db_core.z.so
7fd46c7ff000-7fd46c804000 rw-p 00000000 [anon:libarkdata_db_core.z.so.bss]
7fd46c840000-7fd46ca40000 r--s 00000000 /dev/__parameters__/u:object_r:bootevent_param:s0
7fd46ca40000-7fd46ca7a000 r--p 00000000 /system/lib64/libcesfwk_services.z.so
7fd46ca7a000-7fd46cac2000 r-xp 00039000 /system/lib64/libcesfwk_services.z.so
7fd46cac2000-7fd46cac7000 r--p 00080000 /system/lib64/libcesfwk_services.z.so
7fd46cac7000-7fd46cac8000 rw-p 00084000 /system/lib64/libcesfwk_services.z.so
7fd46cb00000-7fd46cb06000 r--p 00000000 /system/lib64/libstatic_subscriber_ipc.z.so
7fd46cb06000-7fd46cb08000 r-xp 00005000 /system/lib64/libstatic_subscriber_ipc.z.so
7fd46cb08000-7fd46cb0a000 r--p 00006000 /system/lib64/libstatic_subscriber_ipc.z.so
7fd46cb0a000-7fd46cb0b000 rw-p 00007000 /system/lib64/libstatic_subscriber_ipc.z.so
7fd46cb32000-7fd46cb7d000 rw-s 00000000 /dev/ashmem/com.huawei.hmsapp.intelligent (deleted)
7fd46cb7d000-7fd46cb7f000 ---p 00000000 [anon:guard:999]
7fd46cb7f000-7fd46cc80000 rw-p 00000000 [anon:stack:999]
7fd46cc80000-7fd46ccf0000 r--p 00000000 /system/lib64/platformsdk/libav_codec_client.z.so
7fd46ccf0000-7fd46cd87000 r-xp 0006f000 /system/lib64/platformsdk/libav_codec_client.z.so
7fd46cd87000-7fd46cd93000 r--p 00105000 /system/lib64/platformsdk/libav_codec_client.z.so
7fd46cd93000-7fd46cd94000 rw-p 00110000 /system/lib64/platformsdk/libav_codec_client.z.so
7fd46cd94000-7fd46cd95000 rw-p 00000000 [anon:libav_codec_client.z.so.bss]
7fd46cda0000-7fd46cdc0000 rw-p 00000000 [anon:native_heap:brk]
7fd46cdc0000-7fd46cdd0000 r--p 00000000 /system/lib64/platformsdk/libvibrator_native.z.so
7fd46cdd0000-7fd46cde4000 r-xp 0000f000 /system/lib64/platformsdk/libvibrator_native.z.so
7fd46cde4000-7fd46cde7000 r--p 00022000 /system/lib64/platformsdk/libvibrator_native.z.so
7fd46cde7000-7fd46cde8000 rw-p 00024000 /system/lib64/platformsdk/libvibrator_native.z.so
7fd46cdf0000-7fd46ce00000 rw-p 00000000 [anon:native_heap:brk]
7fd46ce00000-7fd46ce05000 r--p 00000000 /system/lib64/platformsdk/libvibrator_agent.z.so
7fd46ce05000-7fd46ce09000 r-xp 00004000 /system/lib64/platformsdk/libvibrator_agent.z.so
7fd46ce09000-7fd46ce0b000 r--p 00007000 /system/lib64/platformsdk/libvibrator_agent.z.so
7fd46ce0b000-7fd46ce0c000 rw-p 00008000 /system/lib64/platformsdk/libvibrator_agent.z.so
7fd46ce40000-7fd46ce62000 r--p 00000000 /system/lib64/platformsdk/libtel_sms_mms_api.z.so
7fd46ce62000-7fd46ce8a000 r-xp 00021000 /system/lib64/platformsdk/libtel_sms_mms_api.z.so
7fd46ce8a000-7fd46ce8e000 r--p 00048000 /system/lib64/platformsdk/libtel_sms_mms_api.z.so
7fd46ce8e000-7fd46ce8f000 rw-p 0004b000 /system/lib64/platformsdk/libtel_sms_mms_api.z.so
7fd46ce90000-7fd46cea0000 rw-p 00000000 [anon:native_heap:brk]
7fd46cec0000-7fd46ced8000 r--p 00000000 /system/lib64/chipset-sdk/libbtcommon.z.so
7fd46ced8000-7fd46ceed000 r-xp 00017000 /system/lib64/chipset-sdk/libbtcommon.z.so
7fd46ceed000-7fd46cef1000 r--p 0002b000 /system/lib64/chipset-sdk/libbtcommon.z.so
7fd46cef1000-7fd46cef2000 rw-p 0002e000 /system/lib64/chipset-sdk/libbtcommon.z.so
7fd46cf00000-7fd46cfce000 r--p 00000000 /system/lib64/platformsdk/libbtframework.z.so
7fd46cfce000-7fd46d0b9000 r-xp 000cd000 /system/lib64/platformsdk/libbtframework.z.so
7fd46d0b9000-7fd46d0e7000 r--p 001b7000 /system/lib64/platformsdk/libbtframework.z.so
7fd46d0e7000-7fd46d0e8000 rw-p 001e4000 /system/lib64/platformsdk/libbtframework.z.so
7fd46d0e8000-7fd46d0ea000 rw-p 00000000 [anon:libbtframework.z.so.bss]
7fd46d100000-7fd46d158000 r--p 00000000 /system/lib64/platformsdk/libtel_core_service_api.z.so
7fd46d158000-7fd46d1bb000 r-xp 00057000 /system/lib64/platformsdk/libtel_core_service_api.z.so
7fd46d1bb000-7fd46d1c6000 r--p 000b9000 /system/lib64/platformsdk/libtel_core_service_api.z.so
7fd46d1c6000-7fd46d1c7000 rw-p 000c3000 /system/lib64/platformsdk/libtel_core_service_api.z.so
7fd46d1c7000-7fd46d1c8000 rw-p 00000000 [anon:libtel_core_service_api.z.so.bss]
7fd46d200000-7fd46d205000 r--p 00000000 /system/lib64/platformsdk/libmedia_monitor_common.z.so
7fd46d205000-7fd46d20a000 r-xp 00004000 /system/lib64/platformsdk/libmedia_monitor_common.z.so
7fd46d20a000-7fd46d20b000 r--p 00008000 /system/lib64/platformsdk/libmedia_monitor_common.z.so
7fd46d20b000-7fd46d20c000 rw-p 00008000 /system/lib64/platformsdk/libmedia_monitor_common.z.so
7fd46d240000-7fd46d3e1000 r--p 00000000 /system/lib64/platformsdk/libcamera_framework.z.so
7fd46d3e1000-7fd46d549000 r-xp 001a0000 /system/lib64/platformsdk/libcamera_framework.z.so
7fd46d549000-7fd46d58e000 r--p 00307000 /system/lib64/platformsdk/libcamera_framework.z.so
7fd46d58e000-7fd46d58f000 rw-p 0034b000 /system/lib64/platformsdk/libcamera_framework.z.so
7fd46d58f000-7fd46d598000 rw-p 00000000 [anon:libcamera_framework.z.so.bss]
7fd46d5a0000-7fd46d5c0000 rw-p 00000000 [anon:native_heap:brk]
7fd46d5c0000-7fd46d5f1000 r--p 00000000 /system/lib64/chipset-sdk/libhukssdk.z.so
7fd46d5f1000-7fd46d623000 r-xp 00030000 /system/lib64/chipset-sdk/libhukssdk.z.so
7fd46d623000-7fd46d629000 r--p 00061000 /system/lib64/chipset-sdk/libhukssdk.z.so
7fd46d629000-7fd46d62a000 rw-p 00066000 /system/lib64/chipset-sdk/libhukssdk.z.so
7fd46d62a000-7fd46d62b000 rw-p 00000000 [anon:libhukssdk.z.so.bss]
7fd46d630000-7fd46d640000 rw-p 00000000 [anon:native_heap:brk]
7fd46d640000-7fd46d64b000 r--p 00000000 /system/lib64/liblbsbase_module.z.so
7fd46d64b000-7fd46d655000 r-xp 0000a000 /system/lib64/liblbsbase_module.z.so
7fd46d655000-7fd46d658000 r--p 00013000 /system/lib64/liblbsbase_module.z.so
7fd46d658000-7fd46d659000 rw-p 00015000 /system/lib64/liblbsbase_module.z.so
7fd46d659000-7fd46d65a000 rw-p 00000000 [anon:liblbsbase_module.z.so.bss]
7fd46d660000-7fd46d680000 rw-p 00000000 [anon:native_heap:brk]
7fd46d680000-7fd46d68b000 r--p 00000000 /system/lib64/platformsdk/libmiscdevice_utils.z.so
7fd46d68b000-7fd46d692000 r-xp 0000a000 /system/lib64/platformsdk/libmiscdevice_utils.z.so
7fd46d692000-7fd46d694000 r--p 00010000 /system/lib64/platformsdk/libmiscdevice_utils.z.so
7fd46d694000-7fd46d695000 rw-p 00011000 /system/lib64/platformsdk/libmiscdevice_utils.z.so
7fd46d6a0000-7fd46d6c0000 rw-p 00000000 [anon:native_heap:brk]
7fd46d6c0000-7fd46d70a000 r--p 00000000 /system/lib64/platformsdk/libaudio_policy_client.z.so
7fd46d70a000-7fd46d74a000 r-xp 00049000 /system/lib64/platformsdk/libaudio_policy_client.z.so
7fd46d74a000-7fd46d756000 r--p 00088000 /system/lib64/platformsdk/libaudio_policy_client.z.so
7fd46d756000-7fd46d757000 rw-p 00093000 /system/lib64/platformsdk/libaudio_policy_client.z.so
7fd46d757000-7fd46d758000 rw-p 00000000 [anon:libaudio_policy_client.z.so.bss]
7fd46d760000-7fd46d780000 rw-p 00000000 [anon:native_heap:brk]
7fd46d780000-7fd46d832000 r--p 00000000 /system/lib64/libaudio_framework_interface.z.so
7fd46d832000-7fd46d907000 r-xp 000b1000 /system/lib64/libaudio_framework_interface.z.so
7fd46d907000-7fd46d931000 r--p 00185000 /system/lib64/libaudio_framework_interface.z.so
7fd46d931000-7fd46d932000 rw-p 001ae000 /system/lib64/libaudio_framework_interface.z.so
7fd46d932000-7fd46d933000 rw-p 00000000 [anon:libaudio_framework_interface.z.so.bss]
7fd46d940000-7fd46d98b000 r--p 00000000 /system/lib64/libaudio_policy_client_idl_interface.z.so
7fd46d98b000-7fd46d9ee000 r-xp 0004a000 /system/lib64/libaudio_policy_client_idl_interface.z.so
7fd46d9ee000-7fd46d9ff000 r--p 000ac000 /system/lib64/libaudio_policy_client_idl_interface.z.so
7fd46d9ff000-7fd46da00000 rw-p 000bc000 /system/lib64/libaudio_policy_client_idl_interface.z.so
7fd46da00000-7fd46da01000 rw-p 00000000 [anon:libaudio_policy_client_idl_interface.z.so.bss]
7fd46da40000-7fd46da54000 r--p 00000000 /system/lib64/platformsdk/libaudio_haptic.z.so
7fd46da54000-7fd46da69000 r-xp 00013000 /system/lib64/platformsdk/libaudio_haptic.z.so
7fd46da69000-7fd46da6c000 r--p 00027000 /system/lib64/platformsdk/libaudio_haptic.z.so
7fd46da6c000-7fd46da6d000 rw-p 00029000 /system/lib64/platformsdk/libaudio_haptic.z.so
7fd46da70000-7fd46da80000 rw-p 00000000 [anon:native_heap:brk]
7fd46da80000-7fd46da81000 r--p 00000000 /system/lib64/chipset-sdk/libcamera_vendor_tag_proxy_1.0.z.so
7fd46da81000-7fd46da83000 r-xp 00000000 /system/lib64/chipset-sdk/libcamera_vendor_tag_proxy_1.0.z.so
7fd46da83000-7fd46da84000 r--p 00001000 /system/lib64/chipset-sdk/libcamera_vendor_tag_proxy_1.0.z.so
7fd46da84000-7fd46da85000 rw-p 00001000 /system/lib64/chipset-sdk/libcamera_vendor_tag_proxy_1.0.z.so
7fd46dac0000-7fd46db34000 r--p 00000000 /system/lib64/libtel_call_manager.z.so
7fd46db34000-7fd46dc5e000 r-xp 00073000 /system/lib64/libtel_call_manager.z.so
7fd46dc5e000-7fd46dc7c000 r--p 0019c000 /system/lib64/libtel_call_manager.z.so
7fd46dc7c000-7fd46dc7d000 rw-p 001b9000 /system/lib64/libtel_call_manager.z.so
7fd46dc7d000-7fd46dc82000 rw-p 00000000 [anon:libtel_call_manager.z.so.bss]
7fd46dcc0000-7fd46dcd7000 r--p 00000000 /system/lib64/liblocator_interface_proxy.z.so
7fd46dcd7000-7fd46dcfa000 r-xp 00016000 /system/lib64/liblocator_interface_proxy.z.so
7fd46dcfa000-7fd46dcfd000 r--p 00038000 /system/lib64/liblocator_interface_proxy.z.so
7fd46dcfd000-7fd46dcfe000 rw-p 0003a000 /system/lib64/liblocator_interface_proxy.z.so
7fd46dcfe000-7fd46dcff000 rw-p 00000000 [anon:liblocator_interface_proxy.z.so.bss]
7fd46dd00000-7fd46dd26000 r--p 00000000 /system/lib64/platformsdk/libaudio_capturer.z.so
7fd46dd26000-7fd46dd4e000 r-xp 00025000 /system/lib64/platformsdk/libaudio_capturer.z.so
7fd46dd4e000-7fd46dd52000 r--p 0004c000 /system/lib64/platformsdk/libaudio_capturer.z.so
7fd46dd52000-7fd46dd53000 rw-p 0004f000 /system/lib64/platformsdk/libaudio_capturer.z.so
7fd46dd58000-7fd46dd80000 rw-p 00000000 [anon:native_heap:brk]
7fd46dd80000-7fd46dd97000 r--p 00000000 /system/lib64/platformsdk/libaudio_engine_manager.z.so
7fd46dd97000-7fd46dda8000 r-xp 00016000 /system/lib64/platformsdk/libaudio_engine_manager.z.so
7fd46dda8000-7fd46ddad000 r--p 00026000 /system/lib64/platformsdk/libaudio_engine_manager.z.so
7fd46ddad000-7fd46ddae000 rw-p 0002a000 /system/lib64/platformsdk/libaudio_engine_manager.z.so
7fd46ddb0000-7fd46ddc0000 rw-p 00000000 [anon:native_heap:brk]
7fd46ddc0000-7fd46dde4000 r--p 00000000 /system/lib64/platformsdk/libdm_lite.z.so
7fd46dde4000-7fd46de00000 r-xp 00023000 /system/lib64/platformsdk/libdm_lite.z.so
7fd46de00000-7fd46de08000 r--p 0003e000 /system/lib64/platformsdk/libdm_lite.z.so
7fd46de08000-7fd46de09000 rw-p 00045000 /system/lib64/platformsdk/libdm_lite.z.so
7fd46de40000-7fd46de4e000 r--p 00000000 /system/lib64/platformsdk/libaudio_foundation.z.so
7fd46de4e000-7fd46de5f000 r-xp 0000d000 /system/lib64/platformsdk/libaudio_foundation.z.so
7fd46de5f000-7fd46de62000 r--p 0001d000 /system/lib64/platformsdk/libaudio_foundation.z.so
7fd46de62000-7fd46de63000 rw-p 0001f000 /system/lib64/platformsdk/libaudio_foundation.z.so
7fd46de68000-7fd46de80000 rw-p 00000000 [anon:native_heap:brk]
7fd46de80000-7fd46decd000 r--p 00000000 /system/lib64/platformsdk/libaudio_common.z.so
7fd46decd000-7fd46df29000 r-xp 0004c000 /system/lib64/platformsdk/libaudio_common.z.so
7fd46df29000-7fd46df2f000 r--p 000a7000 /system/lib64/platformsdk/libaudio_common.z.so
7fd46df2f000-7fd46df30000 rw-p 000ac000 /system/lib64/platformsdk/libaudio_common.z.so
7fd46df30000-7fd46df31000 rw-p 00000000 [anon:libaudio_common.z.so.bss]
7fd46df38000-7fd46df40000 rw-p 00000000 [anon:native_heap:brk]
7fd46df40000-7fd46dfb1000 r--p 00000000 /system/lib64/libvideoprocessingengine.z.so
7fd46dfb1000-7fd46e03c000 r-xp 00070000 /system/lib64/libvideoprocessingengine.z.so
7fd46e03c000-7fd46e048000 r--p 000fa000 /system/lib64/libvideoprocessingengine.z.so
7fd46e048000-7fd46e049000 rw-p 00105000 /system/lib64/libvideoprocessingengine.z.so
7fd46e049000-7fd46e052000 rw-p 00000000 [anon:libvideoprocessingengine.z.so.bss]
7fd46e070000-7fd46e080000 rw-p 00000000 [anon:native_heap:brk]
7fd46e080000-7fd46e086000 r--p 00000000 /system/lib64/libaudio_schedule.z.so
7fd46e086000-7fd46e08c000 r-xp 00005000 /system/lib64/libaudio_schedule.z.so
7fd46e08c000-7fd46e08d000 r--p 0000a000 /system/lib64/libaudio_schedule.z.so
7fd46e08d000-7fd46e08e000 rw-p 0000a000 /system/lib64/libaudio_schedule.z.so
7fd46e0b0000-7fd46e0c0000 rw-p 00000000 [anon:native_heap:brk]
7fd46e0c0000-7fd46e0e0000 r--p 00000000 /system/lib64/platformsdk/liblocator_sdk.z.so
7fd46e0e0000-7fd46e0f6000 r-xp 0001f000 /system/lib64/platformsdk/liblocator_sdk.z.so
7fd46e0f6000-7fd46e0fd000 r--p 00034000 /system/lib64/platformsdk/liblocator_sdk.z.so
7fd46e0fd000-7fd46e0fe000 rw-p 0003a000 /system/lib64/platformsdk/liblocator_sdk.z.so
7fd46e0fe000-7fd46e0ff000 rw-p 00000000 [anon:liblocator_sdk.z.so.bss]
7fd46e100000-7fd46e10b000 r--p 00000000 /system/lib64/platformsdk/libnativetoken_shared.z.so
7fd46e10b000-7fd46e120000 r-xp 0000a000 /system/lib64/platformsdk/libnativetoken_shared.z.so
7fd46e120000-7fd46e121000 r--p 0001e000 /system/lib64/platformsdk/libnativetoken_shared.z.so
7fd46e121000-7fd46e122000 rw-p 0001e000 /system/lib64/platformsdk/libnativetoken_shared.z.so
7fd46e128000-7fd46e140000 rw-p 00000000 [anon:native_heap:brk]
7fd46e140000-7fd46e162000 r--p 00000000 /system/lib64/platformsdk/libtel_call_manager_api.z.so
7fd46e162000-7fd46e18e000 r-xp 00021000 /system/lib64/platformsdk/libtel_call_manager_api.z.so
7fd46e18e000-7fd46e195000 r--p 0004c000 /system/lib64/platformsdk/libtel_call_manager_api.z.so
7fd46e195000-7fd46e196000 rw-p 00052000 /system/lib64/platformsdk/libtel_call_manager_api.z.so
7fd46e198000-7fd46e1c0000 rw-p 00000000 [anon:native_heap:brk]
7fd46e1c0000-7fd46e1c5000 r--p 00000000 /system/lib64/platformsdk/libopencl_wrapper.so
7fd46e1c5000-7fd46e1c9000 r-xp 00004000 /system/lib64/platformsdk/libopencl_wrapper.so
7fd46e1c9000-7fd46e1ca000 r--p 00007000 /system/lib64/platformsdk/libopencl_wrapper.so
7fd46e1ca000-7fd46e1cb000 rw-p 00007000 /system/lib64/platformsdk/libopencl_wrapper.so
7fd46e200000-7fd46e270000 r--p 00000000 /system/lib64/platformsdk/libmedia_client.z.so
7fd46e270000-7fd46e341000 r-xp 0006f000 /system/lib64/platformsdk/libmedia_client.z.so
7fd46e341000-7fd46e351000 r--p 0013f000 /system/lib64/platformsdk/libmedia_client.z.so
7fd46e351000-7fd46e352000 rw-p 0014e000 /system/lib64/platformsdk/libmedia_client.z.so
7fd46e352000-7fd46e354000 rw-p 00000000 [anon:libmedia_client.z.so.bss]
7fd46e358000-7fd46e380000 rw-p 00000000 [anon:native_heap:brk]
7fd46e380000-7fd46e38c000 r--p 00000000 /system/lib64/libav_codec_service_dfx.z.so
7fd46e38c000-7fd46e3a1000 r-xp 0000b000 /system/lib64/libav_codec_service_dfx.z.so
7fd46e3a1000-7fd46e3a3000 r--p 0001f000 /system/lib64/libav_codec_service_dfx.z.so
7fd46e3a3000-7fd46e3a4000 rw-p 00020000 /system/lib64/libav_codec_service_dfx.z.so
7fd46e3a8000-7fd46e3c0000 rw-p 00000000 [anon:native_heap:brk]
7fd46e3c0000-7fd46e3df000 r--p 00000000 /system/lib64/platformsdk/libdrm_framework.z.so
7fd46e3df000-7fd46e3f9000 r-xp 0001e000 /system/lib64/platformsdk/libdrm_framework.z.so
7fd46e3f9000-7fd46e400000 r--p 00037000 /system/lib64/platformsdk/libdrm_framework.z.so
7fd46e400000-7fd46e401000 rw-p 0003d000 /system/lib64/platformsdk/libdrm_framework.z.so
7fd46e405000-7fd46e40d000 rw-p 00000000 [anon:native_heap:brk]
7fd46e440000-7fd46e44c000 r--p 00000000 /system/lib64/libringtone_data_helper.z.so
7fd46e44c000-7fd46e45e000 r-xp 0000b000 /system/lib64/libringtone_data_helper.z.so
7fd46e45e000-7fd46e45f000 r--p 0001c000 /system/lib64/libringtone_data_helper.z.so
7fd46e45f000-7fd46e460000 rw-p 0001c000 /system/lib64/libringtone_data_helper.z.so
7fd46e460000-7fd46e464000 rw-p 00000000 [anon:libringtone_data_helper.z.so.bss]
7fd46e468000-7fd46e480000 rw-p 00000000 [anon:native_heap:brk]
7fd46e480000-7fd46e4a8000 r--p 00000000 /system/lib64/platformsdk/libaudio_utils.z.so
7fd46e4a8000-7fd46e4dc000 r-xp 00027000 /system/lib64/platformsdk/libaudio_utils.z.so
7fd46e4dc000-7fd46e4de000 r--p 0005a000 /system/lib64/platformsdk/libaudio_utils.z.so
7fd46e4de000-7fd46e4df000 rw-p 0005b000 /system/lib64/platformsdk/libaudio_utils.z.so
7fd46e4df000-7fd46e4e0000 rw-p 00000000 [anon:libaudio_utils.z.so.bss]
7fd46e500000-7fd46e530000 r--p 00000000 /system/lib64/platformsdk/libaudio_client.z.so
7fd46e530000-7fd46e540000 r-xp 0002f000 /system/lib64/platformsdk/libaudio_client.z.so
7fd46e540000-7fd46e543000 r--p 0003e000 /system/lib64/platformsdk/libaudio_client.z.so
7fd46e543000-7fd46e544000 rw-p 00040000 /system/lib64/platformsdk/libaudio_client.z.so
7fd46e544000-7fd46e545000 rw-p 00000000 [anon:libaudio_client.z.so.bss]
7fd46e580000-7fd46e582000 r--p 00000000 /system/lib64/platformsdk/libsonic.z.so
7fd46e582000-7fd46e585000 r-xp 00001000 /system/lib64/platformsdk/libsonic.z.so
7fd46e585000-7fd46e586000 r--p 00003000 /system/lib64/platformsdk/libsonic.z.so
7fd46e586000-7fd46e587000 rw-p 00003000 /system/lib64/platformsdk/libsonic.z.so
7fd46e587000-7fd46e588000 rw-p 00000000 [anon:libsonic.z.so.bss]
7fd46e5c0000-7fd46e5cb000 r--p 00000000 /system/lib64/platformsdk/libtel_cellular_data_api.z.so
7fd46e5cb000-7fd46e5da000 r-xp 0000a000 /system/lib64/platformsdk/libtel_cellular_data_api.z.so
7fd46e5da000-7fd46e5dc000 r--p 00018000 /system/lib64/platformsdk/libtel_cellular_data_api.z.so
7fd46e5dc000-7fd46e5dd000 rw-p 00019000 /system/lib64/platformsdk/libtel_cellular_data_api.z.so
7fd46e600000-7fd46e60b000 r--p 00000000 /system/lib64/platformsdk/libaudio_debug_manager.z.so
7fd46e60b000-7fd46e619000 r-xp 0000a000 /system/lib64/platformsdk/libaudio_debug_manager.z.so
7fd46e619000-7fd46e61a000 r--p 00017000 /system/lib64/platformsdk/libaudio_debug_manager.z.so
7fd46e61a000-7fd46e61b000 rw-p 00017000 /system/lib64/platformsdk/libaudio_debug_manager.z.so
7fd46e61b000-7fd46e61c000 rw-p 00000000 [anon:libaudio_debug_manager.z.so.bss]
7fd46e620000-7fd46e640000 rw-p 00000000 [anon:native_heap:brk]
7fd46e640000-7fd46e69a000 r--p 00000000 /system/lib64/platformsdk/libmedia_foundation.z.so
7fd46e69a000-7fd46e700000 r-xp 00059000 /system/lib64/platformsdk/libmedia_foundation.z.so
7fd46e700000-7fd46e708000 r--p 000be000 /system/lib64/platformsdk/libmedia_foundation.z.so
7fd46e708000-7fd46e709000 rw-p 000c5000 /system/lib64/platformsdk/libmedia_foundation.z.so
7fd46e709000-7fd46e70a000 rw-p 00000000 [anon:libmedia_foundation.z.so.bss]
7fd46e740000-7fd46e75b000 r--p 00000000 /system/lib64/platformsdk/libmedia_service_utils.z.so
7fd46e75b000-7fd46e78d000 r-xp 0001a000 /system/lib64/platformsdk/libmedia_service_utils.z.so
7fd46e78d000-7fd46e790000 r--p 0004b000 /system/lib64/platformsdk/libmedia_service_utils.z.so
7fd46e790000-7fd46e791000 rw-p 0004d000 /system/lib64/platformsdk/libmedia_service_utils.z.so
7fd46e798000-7fd46e7a0000 rw-s 00000000 /data/service/el1/public/database/insight_intent/insight_intent.db-shm
7fd46e7c0000-7fd46e7c2000 r--p 00000000 /system/lib64/librtg_interface.z.so
7fd46e7c2000-7fd46e7c4000 r-xp 00001000 /system/lib64/librtg_interface.z.so
7fd46e7c4000-7fd46e7c5000 r--p 00002000 /system/lib64/librtg_interface.z.so
7fd46e7c5000-7fd46e7c6000 rw-p 00002000 /system/lib64/librtg_interface.z.so
7fd46e800000-7fd46e8d3000 r--p 00000000 /system/lib64/libans_innerkits.z.so
7fd46e8d3000-7fd46e9c1000 r-xp 000d2000 /system/lib64/libans_innerkits.z.so
7fd46e9c1000-7fd46e9d9000 r--p 001bf000 /system/lib64/libans_innerkits.z.so
7fd46e9d9000-7fd46e9db000 rw-p 001d6000 /system/lib64/libans_innerkits.z.so
7fd46e9e0000-7fd46ea00000 rw-p 00000000 [anon:native_heap:brk]
7fd46ea00000-7fd46ea02000 r--p 00000000 /system/lib64/platformsdk/libpermsetproc_shared.z.so
7fd46ea02000-7fd46ea04000 r-xp 00001000 /system/lib64/platformsdk/libpermsetproc_shared.z.so
7fd46ea04000-7fd46ea05000 r--p 00002000 /system/lib64/platformsdk/libpermsetproc_shared.z.so
7fd46ea05000-7fd46ea06000 rw-p 00002000 /system/lib64/platformsdk/libpermsetproc_shared.z.so
7fd46ea40000-7fd46ea50000 r--p 00000000 /system/lib64/platformsdk/libaudio_definitions.z.so
7fd46ea50000-7fd46ea67000 r-xp 0000f000 /system/lib64/platformsdk/libaudio_definitions.z.so
7fd46ea67000-7fd46ea6a000 r--p 00025000 /system/lib64/platformsdk/libaudio_definitions.z.so
7fd46ea6a000-7fd46ea6b000 rw-p 00027000 /system/lib64/platformsdk/libaudio_definitions.z.so
7fd46ea80000-7fd46ea93000 r--p 00000000 /system/lib64/platformsdk/libtel_common.z.so
7fd46ea93000-7fd46eaaf000 r-xp 00012000 /system/lib64/platformsdk/libtel_common.z.so
7fd46eaaf000-7fd46eab1000 r--p 0002d000 /system/lib64/platformsdk/libtel_common.z.so
7fd46eab1000-7fd46eab2000 rw-p 0002e000 /system/lib64/platformsdk/libtel_common.z.so
7fd46eab2000-7fd46eab3000 rw-p 00000000 [anon:libtel_common.z.so.bss]
7fd46eab8000-7fd46eac0000 rw-p 00000000 [anon:native_heap:brk]
7fd46eac0000-7fd46eac9000 r--p 00000000 /system/lib64/platformsdk/libaudio_toneplayer.z.so
7fd46eac9000-7fd46ead0000 r-xp 00008000 /system/lib64/platformsdk/libaudio_toneplayer.z.so
7fd46ead0000-7fd46ead1000 r--p 0000e000 /system/lib64/platformsdk/libaudio_toneplayer.z.so
7fd46ead1000-7fd46ead2000 rw-p 0000e000 /system/lib64/platformsdk/libaudio_toneplayer.z.so
7fd46ead2000-7fd46ead3000 rw-p 00000000 [anon:libaudio_toneplayer.z.so.bss]
7fd46ead3000-7fd46eadb000 rw-p 00000000 [anon:native_heap:brk]
7fd46eb00000-7fd46eb2a000 r--p 00000000 /system/lib64/platformsdk/libaudio_renderer.z.so
7fd46eb2a000-7fd46eb54000 r-xp 00029000 /system/lib64/platformsdk/libaudio_renderer.z.so
7fd46eb54000-7fd46eb58000 r--p 00052000 /system/lib64/platformsdk/libaudio_renderer.z.so
7fd46eb58000-7fd46eb59000 rw-p 00055000 /system/lib64/platformsdk/libaudio_renderer.z.so
7fd46eb59000-7fd46eb5a000 rw-p 00000000 [anon:libaudio_renderer.z.so.bss]
7fd46eb80000-7fd46ebc8000 r--p 00000000 /system/lib64/libcamera_utils.z.so
7fd46ebc8000-7fd46ec17000 r-xp 00047000 /system/lib64/libcamera_utils.z.so
7fd46ec17000-7fd46ec1e000 r--p 00095000 /system/lib64/libcamera_utils.z.so
7fd46ec1e000-7fd46ec1f000 rw-p 0009b000 /system/lib64/libcamera_utils.z.so
7fd46ec1f000-7fd46ec21000 rw-p 00000000 [anon:libcamera_utils.z.so.bss]
7fd46ec40000-7fd46ec78000 r--p 00000000 /system/lib64/platformsdk/libaudio_stream_client.z.so
7fd46ec78000-7fd46ecab000 r-xp 00037000 /system/lib64/platformsdk/libaudio_stream_client.z.so
7fd46ecab000-7fd46ecb0000 r--p 00069000 /system/lib64/platformsdk/libaudio_stream_client.z.so
7fd46ecb0000-7fd46ecb1000 rw-p 0006d000 /system/lib64/platformsdk/libaudio_stream_client.z.so
7fd46ecb1000-7fd46ecb5000 rw-p 00000000 [anon:libaudio_stream_client.z.so.bss]
7fd46ecc0000-7fd46ed3e000 r--p 00000000 /system/lib64/libav_codec_media_engine_modules.z.so
7fd46ed3e000-7fd46ee09000 r-xp 0007d000 /system/lib64/libav_codec_media_engine_modules.z.so
7fd46ee09000-7fd46ee11000 r--p 00147000 /system/lib64/libav_codec_media_engine_modules.z.so
7fd46ee11000-7fd46ee12000 rw-p 0014e000 /system/lib64/libav_codec_media_engine_modules.z.so
7fd46ee12000-7fd46ee13000 rw-p 00000000 [anon:libav_codec_media_engine_modules.z.so.bss]
7fd46ee40000-7fd46ee64000 r--p 00000000 /system/lib64/platformsdk/libsoundpool_client.z.so
7fd46ee64000-7fd46ee99000 r-xp 00023000 /system/lib64/platformsdk/libsoundpool_client.z.so
7fd46ee99000-7fd46ee9c000 r--p 00057000 /system/lib64/platformsdk/libsoundpool_client.z.so
7fd46ee9c000-7fd46ee9d000 rw-p 00059000 /system/lib64/platformsdk/libsoundpool_client.z.so
7fd46ee9d000-7fd46ee9e000 rw-p 00000000 [anon:libsoundpool_client.z.so.bss]
7fd46eeb0000-7fd46eec0000 rw-p 00000000 [anon:native_heap:brk]
7fd46eec0000-7fd46eef3000 r--p 00000000 /system/lib64/platformsdk/libaudio_policy_manager.z.so
7fd46eef3000-7fd46ef14000 r-xp 00032000 /system/lib64/platformsdk/libaudio_policy_manager.z.so
7fd46ef14000-7fd46ef17000 r--p 00052000 /system/lib64/platformsdk/libaudio_policy_manager.z.so
7fd46ef17000-7fd46ef19000 rw-p 00054000 /system/lib64/platformsdk/libaudio_policy_manager.z.so
7fd46ef40000-7fd46ef43000 r--p 00000000 /system/lib64/libav_codec_service_utils.z.so
7fd46ef43000-7fd46ef46000 r-xp 00002000 /system/lib64/libav_codec_service_utils.z.so
7fd46ef46000-7fd46ef47000 r--p 00004000 /system/lib64/libav_codec_service_utils.z.so
7fd46ef47000-7fd46ef48000 rw-p 00004000 /system/lib64/libav_codec_service_utils.z.so
7fd46ef80000-7fd46ef87000 r--p 00000000 /system/lib64/libaudio_engine_plugins.z.so
7fd46ef87000-7fd46ef95000 r-xp 00006000 /system/lib64/libaudio_engine_plugins.z.so
7fd46ef95000-7fd46ef96000 r--p 00013000 /system/lib64/libaudio_engine_plugins.z.so
7fd46ef96000-7fd46ef97000 rw-p 00013000 /system/lib64/libaudio_engine_plugins.z.so
7fd46efc0000-7fd46efd9000 r--p 00000000 /system/lib64/platformsdk/libsystem_sound_client.z.so
7fd46efd9000-7fd46f01a000 r-xp 00018000 /system/lib64/platformsdk/libsystem_sound_client.z.so
7fd46f01a000-7fd46f01c000 r--p 00058000 /system/lib64/platformsdk/libsystem_sound_client.z.so
7fd46f01c000-7fd46f01d000 rw-p 00059000 /system/lib64/platformsdk/libsystem_sound_client.z.so
7fd46f01d000-7fd46f022000 rw-p 00000000 [anon:libsystem_sound_client.z.so.bss]
7fd46f028000-7fd46f040000 rw-p 00000000 [anon:native_heap:brk]
7fd46f040000-7fd46f049000 r--p 00000000 /system/lib64/platformsdk/libmedia_monitor_client.z.so
7fd46f049000-7fd46f055000 r-xp 00008000 /system/lib64/platformsdk/libmedia_monitor_client.z.so
7fd46f055000-7fd46f057000 r--p 00013000 /system/lib64/platformsdk/libmedia_monitor_client.z.so
7fd46f057000-7fd46f058000 rw-p 00014000 /system/lib64/platformsdk/libmedia_monitor_client.z.so
7fd46f080000-7fd46f08f000 r--p 00000000 /system/lib64/chipset-sdk/libmetadata.z.so
7fd46f08f000-7fd46f09c000 r-xp 0000e000 /system/lib64/chipset-sdk/libmetadata.z.so
7fd46f09c000-7fd46f09d000 r--p 0001a000 /system/lib64/chipset-sdk/libmetadata.z.so
7fd46f09d000-7fd46f0a0000 rw-p 0001a000 /system/lib64/chipset-sdk/libmetadata.z.so
7fd46f0a0000-7fd46f0b0000 rw-p 00000000 [anon:native_heap:brk]
7fd46f0c0000-7fd46f0ea000 r--p 00000000 /system/lib64/platformsdk/liblbsservice_common.z.so
7fd46f0ea000-7fd46f119000 r-xp 00029000 /system/lib64/platformsdk/liblbsservice_common.z.so
7fd46f119000-7fd46f11e000 r--p 00057000 /system/lib64/platformsdk/liblbsservice_common.z.so
7fd46f11e000-7fd46f11f000 rw-p 0005b000 /system/lib64/platformsdk/liblbsservice_common.z.so
7fd46f11f000-7fd46f120000 rw-p 00000000 [anon:liblbsservice_common.z.so.bss]
7fd46f140000-7fd46f178000 r--p 00000000 /system/lib64/libaudio_client_idl_interface.z.so
7fd46f178000-7fd46f1bf000 r-xp 00037000 /system/lib64/libaudio_client_idl_interface.z.so
7fd46f1bf000-7fd46f1c9000 r--p 0007d000 /system/lib64/libaudio_client_idl_interface.z.so
7fd46f1c9000-7fd46f1ca000 rw-p 00086000 /system/lib64/libaudio_client_idl_interface.z.so
7fd46f1ca000-7fd46f1cb000 rw-p 00000000 [anon:libaudio_client_idl_interface.z.so.bss]
7fd46f200000-7fd46f212000 r--p 00000000 /system/lib64/chipset-sdk/libnghttp2_shared.z.so
7fd46f212000-7fd46f227000 r-xp 00011000 /system/lib64/chipset-sdk/libnghttp2_shared.z.so
7fd46f227000-7fd46f22a000 r--p 00025000 /system/lib64/chipset-sdk/libnghttp2_shared.z.so
7fd46f22a000-7fd46f22b000 rw-p 00027000 /system/lib64/chipset-sdk/libnghttp2_shared.z.so
7fd46f230000-7fd46f240000 rw-p 00000000 [anon:native_heap:brk]
7fd46f240000-7fd46f274000 r--p 00000000 /system/lib64/chipset-sdk/libcurl_shared.z.so
7fd46f274000-7fd46f2f6000 r-xp 00033000 /system/lib64/chipset-sdk/libcurl_shared.z.so
7fd46f2f6000-7fd46f2fa000 r--p 000b4000 /system/lib64/chipset-sdk/libcurl_shared.z.so
7fd46f2fa000-7fd46f2fd000 rw-p 000b7000 /system/lib64/chipset-sdk/libcurl_shared.z.so
7fd46f300000-7fd46f305000 r--p 00000000 /system/lib64/platformsdk/libhttp_interceptor_http.z.so
7fd46f305000-7fd46f30a000 r-xp 00004000 /system/lib64/platformsdk/libhttp_interceptor_http.z.so
7fd46f30a000-7fd46f30b000 r--p 00008000 /system/lib64/platformsdk/libhttp_interceptor_http.z.so
7fd46f30b000-7fd46f30c000 rw-p 00008000 /system/lib64/platformsdk/libhttp_interceptor_http.z.so
7fd46f340000-7fd46f363000 r--p 00000000 /system/lib64/platformsdk/libhttp_client.z.so
7fd46f363000-7fd46f393000 r-xp 00022000 /system/lib64/platformsdk/libhttp_client.z.so
7fd46f393000-7fd46f396000 r--p 00051000 /system/lib64/platformsdk/libhttp_client.z.so
7fd46f396000-7fd46f397000 rw-p 00053000 /system/lib64/platformsdk/libhttp_client.z.so
7fd46f3c0000-7fd46f3e4000 r--p 00000000 /system/lib64/libapp_domain_verify_mgr_service.z.so
7fd46f3e4000-7fd46f418000 r-xp 00023000 /system/lib64/libapp_domain_verify_mgr_service.z.so
7fd46f418000-7fd46f41b000 r--p 00056000 /system/lib64/libapp_domain_verify_mgr_service.z.so
7fd46f41b000-7fd46f41c000 rw-p 00058000 /system/lib64/libapp_domain_verify_mgr_service.z.so
7fd46f41c000-7fd46f41d000 rw-p 00000000 [anon:libapp_domain_verify_mgr_service.z.so.bss]
7fd46f440000-7fd46f461000 r--p 00000000 /system/lib64/chipset-sdk/libopenhitls_tls.z.so
7fd46f461000-7fd46f487000 r-xp 00020000 /system/lib64/chipset-sdk/libopenhitls_tls.z.so
7fd46f487000-7fd46f48a000 r--p 00045000 /system/lib64/chipset-sdk/libopenhitls_tls.z.so
7fd46f48a000-7fd46f48b000 rw-p 00047000 /system/lib64/chipset-sdk/libopenhitls_tls.z.so
7fd46f48b000-7fd46f48c000 rw-p 00000000 [anon:libopenhitls_tls.z.so.bss]
7fd46f4c0000-7fd46f4cf000 r--p 00000000 /system/lib64/libapp_domain_verify_frameworks_common.z.so
7fd46f4cf000-7fd46f4e2000 r-xp 0000e000 /system/lib64/libapp_domain_verify_frameworks_common.z.so
7fd46f4e2000-7fd46f4e3000 r--p 00020000 /system/lib64/libapp_domain_verify_frameworks_common.z.so
7fd46f4e3000-7fd46f4e4000 rw-p 00020000 /system/lib64/libapp_domain_verify_frameworks_common.z.so
7fd46f4e4000-7fd46f4e5000 rw-p 00000000 [anon:libapp_domain_verify_frameworks_common.z.so.bss]
7fd46f500000-7fd46f506000 r--p 00000000 /system/lib64/libapp_domain_verify_agent_client.z.so
7fd46f506000-7fd46f50a000 r-xp 00005000 /system/lib64/libapp_domain_verify_agent_client.z.so
7fd46f50a000-7fd46f50c000 r--p 00008000 /system/lib64/libapp_domain_verify_agent_client.z.so
7fd46f50c000-7fd46f50d000 rw-p 00009000 /system/lib64/libapp_domain_verify_agent_client.z.so
7fd46f540000-7fd46f552000 r--p 00000000 /system/lib64/chipset-sdk/libopenhitls_bsl.z.so
7fd46f552000-7fd46f563000 r-xp 00011000 /system/lib64/chipset-sdk/libopenhitls_bsl.z.so
7fd46f563000-7fd46f565000 r--p 00021000 /system/lib64/chipset-sdk/libopenhitls_bsl.z.so
7fd46f565000-7fd46f568000 rw-p 00022000 /system/lib64/chipset-sdk/libopenhitls_bsl.z.so
7fd46f568000-7fd46f580000 rw-p 00000000 [anon:native_heap:brk]
7fd46f580000-7fd46f5ec000 r--p 00000000 /system/lib64/chipset-sdk/libopenhitls_crypto.z.so
7fd46f5ec000-7fd46f6ab000 r-xp 0006b000 /system/lib64/chipset-sdk/libopenhitls_crypto.z.so
7fd46f6ab000-7fd46f6af000 r--p 00129000 /system/lib64/chipset-sdk/libopenhitls_crypto.z.so
7fd46f6af000-7fd46f6b1000 rw-p 0012c000 /system/lib64/chipset-sdk/libopenhitls_crypto.z.so
7fd46f6c0000-7fd46f6c7000 r--p 00000000 /system/lib64/libapp_domain_verify_app_details_rdb.z.so
7fd46f6c7000-7fd46f6ce000 r-xp 00006000 /system/lib64/libapp_domain_verify_app_details_rdb.z.so
7fd46f6ce000-7fd46f6d0000 r--p 0000c000 /system/lib64/libapp_domain_verify_app_details_rdb.z.so
7fd46f6d0000-7fd46f6d1000 rw-p 0000d000 /system/lib64/libapp_domain_verify_app_details_rdb.z.so
7fd46f700000-7fd46f70a000 r--p 00000000 /system/lib64/platformsdk/libnet_security_config_if.z.so
7fd46f70a000-7fd46f713000 r-xp 00009000 /system/lib64/platformsdk/libnet_security_config_if.z.so
7fd46f713000-7fd46f715000 r--p 00011000 /system/lib64/platformsdk/libnet_security_config_if.z.so
7fd46f715000-7fd46f716000 rw-p 00012000 /system/lib64/platformsdk/libnet_security_config_if.z.so
7fd46f740000-7fd46f750000 r--p 00000000 /system/lib64/platformsdk/libstack_utils_common.z.so
7fd46f750000-7fd46f76e000 r-xp 0000f000 /system/lib64/platformsdk/libstack_utils_common.z.so
7fd46f76e000-7fd46f770000 r--p 0002c000 /system/lib64/platformsdk/libstack_utils_common.z.so
7fd46f770000-7fd46f771000 rw-p 0002d000 /system/lib64/platformsdk/libstack_utils_common.z.so
7fd46f778000-7fd46f780000 rw-p 00000000 [anon:native_heap:brk]
7fd46f780000-7fd46f783000 r--p 00000000 /system/lib64/platformsdk/libnetsys_client.z.so
7fd46f783000-7fd46f787000 r-xp 00002000 /system/lib64/platformsdk/libnetsys_client.z.so
7fd46f787000-7fd46f788000 r--p 00005000 /system/lib64/platformsdk/libnetsys_client.z.so
7fd46f788000-7fd46f789000 rw-p 00005000 /system/lib64/platformsdk/libnetsys_client.z.so
7fd46f789000-7fd46f807000 rw-p 00000000 [anon:libnetsys_client.z.so.bss]
7fd46f840000-7fd46f889000 r--p 00000000 /system/lib64/chipset-sdk/libssl_openssl.z.so
7fd46f889000-7fd46f8df000 r-xp 00048000 /system/lib64/chipset-sdk/libssl_openssl.z.so
7fd46f8df000-7fd46f8ea000 r--p 0009d000 /system/lib64/chipset-sdk/libssl_openssl.z.so
7fd46f8ea000-7fd46f8ef000 rw-p 000a7000 /system/lib64/chipset-sdk/libssl_openssl.z.so
7fd46f8f0000-7fd46f900000 rw-p 00000000 [anon:native_heap:brk]
7fd46f900000-7fd46f908000 r--p 00000000 /system/lib64/libnetwork_profiler.z.so
7fd46f908000-7fd46f918000 r-xp 00007000 /system/lib64/libnetwork_profiler.z.so
7fd46f918000-7fd46f919000 r--p 00016000 /system/lib64/libnetwork_profiler.z.so
7fd46f919000-7fd46f91a000 rw-p 00016000 /system/lib64/libnetwork_profiler.z.so
7fd46f91a000-7fd46f91b000 rw-p 00000000 [anon:libnetwork_profiler.z.so.bss]
7fd46f940000-7fd46f94e000 r--p 00000000 /system/lib64/chipset-sdk/libopenhitls_pki.z.so
7fd46f94e000-7fd46f96e000 r-xp 0000d000 /system/lib64/chipset-sdk/libopenhitls_pki.z.so
7fd46f96e000-7fd46f970000 r--p 0002c000 /system/lib64/chipset-sdk/libopenhitls_pki.z.so
7fd46f970000-7fd46f971000 rw-p 0002d000 /system/lib64/chipset-sdk/libopenhitls_pki.z.so
7fd46f980000-7fd46f98e000 r--p 00000000 /system/lib64/libmetricservice.z.so
7fd46f98e000-7fd46f9a4000 r-xp 0000d000 /system/lib64/libmetricservice.z.so
7fd46f9a4000-7fd46f9a7000 r--p 00022000 /system/lib64/libmetricservice.z.so
7fd46f9a7000-7fd46f9a8000 rw-p 00024000 /system/lib64/libmetricservice.z.so
7fd46f9b0000-7fd46f9c0000 rw-p 00000000 [anon:native_heap:brk]
7fd46f9c0000-7fd46f9c9000 r--p 00000000 /system/lib64/libha_client_lite.z.so
7fd46f9c9000-7fd46f9de000 r-xp 00008000 /system/lib64/libha_client_lite.z.so
7fd46f9de000-7fd46f9e0000 r--p 0001c000 /system/lib64/libha_client_lite.z.so
7fd46f9e0000-7fd46f9e1000 rw-p 0001d000 /system/lib64/libha_client_lite.z.so
7fd46f9e1000-7fd46f9e2000 rw-p 00000000 [anon:libha_client_lite.z.so.bss]
7fd46f9e8000-7fd46f9f0000 rw-p 00000000 [anon:native_heap:brk]
7fd46fa00000-7fd46fa05000 r--p 00000000 /system/lib64/libmemorytracker_proxy_1.0.z.so
7fd46fa05000-7fd46fa08000 r-xp 00004000 /system/lib64/libmemorytracker_proxy_1.0.z.so
7fd46fa08000-7fd46fa0a000 r--p 00006000 /system/lib64/libmemorytracker_proxy_1.0.z.so
7fd46fa0a000-7fd46fa0b000 rw-p 00007000 /system/lib64/libmemorytracker_proxy_1.0.z.so
7fd46fa40000-7fd46fa44000 r--p 00000000 /system/lib64/libmeminfo.z.so
7fd46fa44000-7fd46fa49000 r-xp 00003000 /system/lib64/libmeminfo.z.so
7fd46fa49000-7fd46fa4b000 r--p 00007000 /system/lib64/libmeminfo.z.so
7fd46fa4b000-7fd46fa4c000 rw-p 00008000 /system/lib64/libmeminfo.z.so
7fd46fa80000-7fd46faac000 r--p 00000000 /system/lib64/platformsdk/libnet_conn_manager_if.z.so
7fd46faac000-7fd46face000 r-xp 0002b000 /system/lib64/platformsdk/libnet_conn_manager_if.z.so
7fd46face000-7fd46fad7000 r--p 0004c000 /system/lib64/platformsdk/libnet_conn_manager_if.z.so
7fd46fad7000-7fd46fad8000 rw-p 00054000 /system/lib64/platformsdk/libnet_conn_manager_if.z.so
7fd46fad8000-7fd46fae0000 rw-p 00000000 [anon:native_heap:brk]
7fd46fb00000-7fd46fc02000 r--p 00000000 /system/lib64/libappms.z.so
7fd46fc02000-7fd46fcfa000 r-xp 00101000 /system/lib64/libappms.z.so
7fd46fcfa000-7fd46fd09000 r--p 001f8000 /system/lib64/libappms.z.so
7fd46fd09000-7fd46fd0a000 rw-p 00206000 /system/lib64/libappms.z.so
7fd46fd0a000-7fd46fd0b000 rw-p 00000000 [anon:libappms.z.so.bss]
7fd46fd40000-7fd46fd58000 r--p 00000000 /system/lib64/platformsdk/libnet_manager_common.z.so
7fd46fd58000-7fd46fd6f000 r-xp 00017000 /system/lib64/platformsdk/libnet_manager_common.z.so
7fd46fd6f000-7fd46fd72000 r--p 0002d000 /system/lib64/platformsdk/libnet_manager_common.z.so
7fd46fd72000-7fd46fd73000 rw-p 0002f000 /system/lib64/platformsdk/libnet_manager_common.z.so
7fd46fd80000-7fd46fd8d000 r--p 00000000 /system/lib64/platformsdk/libi18n_sa_client.z.so
7fd46fd8d000-7fd46fd98000 r-xp 0000c000 /system/lib64/platformsdk/libi18n_sa_client.z.so
7fd46fd98000-7fd46fd9b000 r--p 00016000 /system/lib64/platformsdk/libi18n_sa_client.z.so
7fd46fd9b000-7fd46fd9c000 rw-p 00018000 /system/lib64/platformsdk/libi18n_sa_client.z.so
7fd46fd9c000-7fd46fdac000 rw-p 00000000 [anon:native_heap:brk]
7fd46fdc0000-7fd46fdea000 r--p 00000000 /system/lib64/platformsdk/libagentmgr.z.so
7fd46fdea000-7fd46fe2a000 r-xp 00029000 /system/lib64/platformsdk/libagentmgr.z.so
7fd46fe2a000-7fd46fe30000 r--p 00068000 /system/lib64/platformsdk/libagentmgr.z.so
7fd46fe30000-7fd46fe31000 rw-p 0006d000 /system/lib64/platformsdk/libagentmgr.z.so
7fd46fe40000-7fd46fe57000 r--p 00000000 /system/lib64/libdataobsms.z.so
7fd46fe57000-7fd46fe6e000 r-xp 00016000 /system/lib64/libdataobsms.z.so
7fd46fe6e000-7fd46fe71000 r--p 0002c000 /system/lib64/libdataobsms.z.so
7fd46fe71000-7fd46fe72000 rw-p 0002e000 /system/lib64/libdataobsms.z.so
7fd46fe80000-7fd46fe8e000 r--p 00000000 /system/lib64/platformsdk/libdatashare_permission.z.so
7fd46fe8e000-7fd46feb0000 r-xp 0000d000 /system/lib64/platformsdk/libdatashare_permission.z.so
7fd46feb0000-7fd46feb2000 r--p 0002e000 /system/lib64/platformsdk/libdatashare_permission.z.so
7fd46feb2000-7fd46feb3000 rw-p 0002f000 /system/lib64/platformsdk/libdatashare_permission.z.so
7fd46fec0000-7fd46fede000 r--p 00000000 /system/lib64/libwm_lite.z.so
7fd46fede000-7fd46feff000 r-xp 0001d000 /system/lib64/libwm_lite.z.so
7fd46feff000-7fd46ff03000 r--p 0003d000 /system/lib64/libwm_lite.z.so
7fd46ff03000-7fd46ff04000 rw-p 00040000 /system/lib64/libwm_lite.z.so
7fd46ff10000-7fd46ff30000 rw-p 00000000 [anon:native_heap:brk]
7fd46ff40000-7fd46ff44000 r--p 00000000 /system/lib64/platformsdk/libmotion_client.z.so
7fd46ff44000-7fd46ff4a000 r-xp 00003000 /system/lib64/platformsdk/libmotion_client.z.so
7fd46ff4a000-7fd46ff4c000 r--p 00008000 /system/lib64/platformsdk/libmotion_client.z.so
7fd46ff4c000-7fd46ff4d000 rw-p 00009000 /system/lib64/platformsdk/libmotion_client.z.so
7fd46ff80000-7fd46ff89000 r--p 00000000 /system/lib64/platformsdk/libmotion_agent.z.so
7fd46ff89000-7fd46ff8d000 r-xp 00008000 /system/lib64/platformsdk/libmotion_agent.z.so
7fd46ff8d000-7fd46ff91000 r--p 0000b000 /system/lib64/platformsdk/libmotion_agent.z.so
7fd46ff91000-7fd46ff92000 rw-p 0000e000 /system/lib64/platformsdk/libmotion_agent.z.so
7fd46ffa0000-7fd46ffb0000 rw-p 00000000 [anon:native_heap:brk]
7fd46ffc0000-7fd46ffe1000 r--p 00000000 /system/lib64/platformsdk/libwantagent_innerkits.z.so
7fd46ffe1000-7fd46fffa000 r-xp 00020000 /system/lib64/platformsdk/libwantagent_innerkits.z.so
7fd46fffa000-7fd46fffe000 r--p 00038000 /system/lib64/platformsdk/libwantagent_innerkits.z.so
7fd46fffe000-7fd46ffff000 rw-p 0003b000 /system/lib64/platformsdk/libwantagent_innerkits.z.so
7fd470000000-7fd470010000 r--p 00000000 /system/lib64/platformsdk/libagent_manager.z.so
7fd470010000-7fd470018000 r-xp 0000f000 /system/lib64/platformsdk/libagent_manager.z.so
7fd470018000-7fd47001c000 r--p 00016000 /system/lib64/platformsdk/libagent_manager.z.so
7fd47001c000-7fd47001d000 rw-p 00019000 /system/lib64/platformsdk/libagent_manager.z.so
7fd470040000-7fd470053000 r--p 00000000 /system/lib64/platformsdk/liburi_permission_mgr.z.so
7fd470053000-7fd47005e000 r-xp 00012000 /system/lib64/platformsdk/liburi_permission_mgr.z.so
7fd47005e000-7fd470062000 r--p 0001c000 /system/lib64/platformsdk/liburi_permission_mgr.z.so
7fd470062000-7fd470063000 rw-p 0001f000 /system/lib64/platformsdk/liburi_permission_mgr.z.so
7fd470063000-7fd470064000 rw-p 00000000 [anon:liburi_permission_mgr.z.so.bss]
7fd470080000-7fd470087000 r--p 00000000 /system/lib64/libtask_handler_wrap.z.so
7fd470087000-7fd47008d000 r-xp 00006000 /system/lib64/libtask_handler_wrap.z.so
7fd47008d000-7fd47008f000 r--p 0000b000 /system/lib64/libtask_handler_wrap.z.so
7fd47008f000-7fd470090000 rw-p 0000c000 /system/lib64/libtask_handler_wrap.z.so
7fd4700c0000-7fd4700c3000 r--p 00000000 /system/lib64/platformsdk/libwindow_animation_utils.z.so
7fd4700c3000-7fd4700c7000 r-xp 00002000 /system/lib64/platformsdk/libwindow_animation_utils.z.so
7fd4700c7000-7fd4700c8000 r--p 00005000 /system/lib64/platformsdk/libwindow_animation_utils.z.so
7fd4700c8000-7fd4700c9000 rw-p 00005000 /system/lib64/platformsdk/libwindow_animation_utils.z.so
7fd470100000-7fd470107000 r--p 00000000 /system/lib64/platformsdk/libauto_startup_callback.z.so
7fd470107000-7fd47010b000 r-xp 00006000 /system/lib64/platformsdk/libauto_startup_callback.z.so
7fd47010b000-7fd47010d000 r--p 00009000 /system/lib64/platformsdk/libauto_startup_callback.z.so
7fd47010d000-7fd47010e000 rw-p 0000a000 /system/lib64/platformsdk/libauto_startup_callback.z.so
7fd470140000-7fd470351000 r--p 00000000 /system/lib64/platformsdk/libabilityms.z.so
7fd470351000-7fd470660000 r-xp 00210000 /system/lib64/platformsdk/libabilityms.z.so
7fd470660000-7fd470684000 r--p 0051e000 /system/lib64/platformsdk/libabilityms.z.so
7fd470684000-7fd470685000 rw-p 00541000 /system/lib64/platformsdk/libabilityms.z.so
7fd470685000-7fd47068b000 rw-p 00000000 [anon:libabilityms.z.so.bss]
7fd4706c0000-7fd4706c4000 r--p 00000000 /system/lib64/platformsdk/libuser_controller.z.so
7fd4706c4000-7fd4706ca000 r-xp 00003000 /system/lib64/platformsdk/libuser_controller.z.so
7fd4706ca000-7fd4706cb000 r--p 00008000 /system/lib64/platformsdk/libuser_controller.z.so
7fd4706cb000-7fd4706cc000 rw-p 00008000 /system/lib64/platformsdk/libuser_controller.z.so
7fd470700000-7fd470706000 r--p 00000000 /system/lib64/platformsdk/libdialog_request_callback.z.so
7fd470706000-7fd470708000 r-xp 00005000 /system/lib64/platformsdk/libdialog_request_callback.z.so
7fd470708000-7fd47070b000 r--p 00006000 /system/lib64/platformsdk/libdialog_request_callback.z.so
7fd47070b000-7fd47070c000 rw-p 00008000 /system/lib64/platformsdk/libdialog_request_callback.z.so
7fd470740000-7fd4707c7000 r--p 00000000 /system/lib64/platformsdk/libdistributeddb.z.so
7fd4707c7000-7fd470a48000 r-xp 00086000 /system/lib64/platformsdk/libdistributeddb.z.so
7fd470a48000-7fd470a5a000 r--p 00306000 /system/lib64/platformsdk/libdistributeddb.z.so
7fd470a5a000-7fd470a5b000 rw-p 00317000 /system/lib64/platformsdk/libdistributeddb.z.so
7fd470a5b000-7fd470a5d000 rw-p 00000000 [anon:libdistributeddb.z.so.bss]
7fd470a80000-7fd470aab000 r--p 00000000 /system/lib64/platformsdk/libbgtaskmgr_innerkits.z.so
7fd470aab000-7fd470ac3000 r-xp 0002a000 /system/lib64/platformsdk/libbgtaskmgr_innerkits.z.so
7fd470ac3000-7fd470aca000 r--p 00041000 /system/lib64/platformsdk/libbgtaskmgr_innerkits.z.so
7fd470aca000-7fd470acb000 rw-p 00047000 /system/lib64/platformsdk/libbgtaskmgr_innerkits.z.so
7fd470acb000-7fd470acc000 rw-p 00000000 [anon:libbgtaskmgr_innerkits.z.so.bss]
7fd470b00000-7fd470b02000 r--p 00000000 /system/lib64/platformsdk/libability_runtime_error_util.z.so
7fd470b02000-7fd470b06000 r-xp 00001000 /system/lib64/platformsdk/libability_runtime_error_util.z.so
7fd470b06000-7fd470b07000 r--p 00004000 /system/lib64/platformsdk/libability_runtime_error_util.z.so
7fd470b07000-7fd470b08000 rw-p 00004000 /system/lib64/platformsdk/libability_runtime_error_util.z.so
7fd470b40000-7fd470b50000 r--p 00000000 /system/lib64/platformsdk/libappkit_manager_helper.z.so
7fd470b50000-7fd470b61000 r-xp 0000f000 /system/lib64/platformsdk/libappkit_manager_helper.z.so
7fd470b61000-7fd470b63000 r--p 0001f000 /system/lib64/platformsdk/libappkit_manager_helper.z.so
7fd470b63000-7fd470b64000 rw-p 00020000 /system/lib64/platformsdk/libappkit_manager_helper.z.so
7fd470b80000-7fd470b98000 r--p 00000000 /system/lib64/platformsdk/libnapi_common.z.so
7fd470b98000-7fd470bb3000 r-xp 00017000 /system/lib64/platformsdk/libnapi_common.z.so
7fd470bb3000-7fd470bb5000 r--p 00031000 /system/lib64/platformsdk/libnapi_common.z.so
7fd470bb5000-7fd470bb6000 rw-p 00032000 /system/lib64/platformsdk/libnapi_common.z.so
7fd470bc0000-7fd470be5000 r--p 00000000 /system/lib64/platformsdk/libcli_tool_client.z.so
7fd470be5000-7fd470c12000 r-xp 00024000 /system/lib64/platformsdk/libcli_tool_client.z.so
7fd470c12000-7fd470c19000 r--p 00050000 /system/lib64/platformsdk/libcli_tool_client.z.so
7fd470c19000-7fd470c1a000 rw-p 00056000 /system/lib64/platformsdk/libcli_tool_client.z.so
7fd470c40000-7fd470c8d000 r--p 00000000 /system/lib64/platformsdk/libudmf_client.z.so
7fd470c8d000-7fd470d2f000 r-xp 0004c000 /system/lib64/platformsdk/libudmf_client.z.so
7fd470d2f000-7fd470d38000 r--p 000ed000 /system/lib64/platformsdk/libudmf_client.z.so
7fd470d38000-7fd470d39000 rw-p 000f5000 /system/lib64/platformsdk/libudmf_client.z.so
7fd470d39000-7fd470d3b000 rw-p 00000000 [anon:libudmf_client.z.so.bss]
7fd470d40000-7fd470d50000 r--p 00000000 /system/lib64/libwindow_animation.z.so
7fd470d50000-7fd470d5a000 r-xp 0000f000 /system/lib64/libwindow_animation.z.so
7fd470d5a000-7fd470d5f000 r--p 00018000 /system/lib64/libwindow_animation.z.so
7fd470d5f000-7fd470d60000 rw-p 0001c000 /system/lib64/libwindow_animation.z.so
7fd470d70000-7fd470d80000 rw-p 00000000 [anon:native_heap:brk]
7fd470d80000-7fd470d86000 r--p 00000000 /system/lib64/platformsdk/libdistributeddata_client_sync.z.so
7fd470d86000-7fd470d92000 r-xp 00005000 /system/lib64/platformsdk/libdistributeddata_client_sync.z.so
7fd470d92000-7fd470d94000 r--p 00010000 /system/lib64/platformsdk/libdistributeddata_client_sync.z.so
7fd470d94000-7fd470d95000 rw-p 00011000 /system/lib64/platformsdk/libdistributeddata_client_sync.z.so
7fd470dc0000-7fd470dd1000 r--p 00000000 /system/lib64/platformsdk/libagent_fwk.z.so
7fd470dd1000-7fd470de3000 r-xp 00010000 /system/lib64/platformsdk/libagent_fwk.z.so
7fd470de3000-7fd470de5000 r--p 00021000 /system/lib64/platformsdk/libagent_fwk.z.so
7fd470de5000-7fd470de6000 rw-p 00022000 /system/lib64/platformsdk/libagent_fwk.z.so
7fd470e00000-7fd470f34000 r--p 00000000 /system/lib64/platformsdk/libscene_session.z.so
7fd470f34000-7fd4710cb000 r-xp 00133000 /system/lib64/platformsdk/libscene_session.z.so
7fd4710cb000-7fd471102000 r--p 002c9000 /system/lib64/platformsdk/libscene_session.z.so
7fd471102000-7fd471103000 rw-p 002ff000 /system/lib64/platformsdk/libscene_session.z.so
7fd471103000-7fd471105000 rw-p 00000000 [anon:libscene_session.z.so.bss]
7fd471140000-7fd47115d000 r--p 00000000 /system/lib64/platformsdk/libresmgr_napi_core.z.so
7fd47115d000-7fd471181000 r-xp 0001c000 /system/lib64/platformsdk/libresmgr_napi_core.z.so
7fd471181000-7fd471184000 r--p 0003f000 /system/lib64/platformsdk/libresmgr_napi_core.z.so
7fd471184000-7fd471187000 rw-p 00041000 /system/lib64/platformsdk/libresmgr_napi_core.z.so
7fd4711c0000-7fd4711cd000 r--p 00000000 /system/lib64/platformsdk/libforeground_app_obs_manager.z.so
7fd4711cd000-7fd4711d3000 r-xp 0000c000 /system/lib64/platformsdk/libforeground_app_obs_manager.z.so
7fd4711d3000-7fd4711d7000 r--p 00011000 /system/lib64/platformsdk/libforeground_app_obs_manager.z.so
7fd4711d7000-7fd4711d8000 rw-p 00014000 /system/lib64/platformsdk/libforeground_app_obs_manager.z.so
7fd471200000-7fd47120a000 r--p 00000000 /system/lib64/libagent_extension_connection.z.so
7fd47120a000-7fd47120e000 r-xp 00009000 /system/lib64/libagent_extension_connection.z.so
7fd47120e000-7fd471212000 r--p 0000c000 /system/lib64/libagent_extension_connection.z.so
7fd471212000-7fd471213000 rw-p 0000f000 /system/lib64/libagent_extension_connection.z.so
7fd471240000-7fd471276000 r--p 00000000 /system/lib64/platformsdk/libdistributeddata_inner.z.so
7fd471276000-7fd4712c5000 r-xp 00035000 /system/lib64/platformsdk/libdistributeddata_inner.z.so
7fd4712c5000-7fd4712cd000 r--p 00083000 /system/lib64/platformsdk/libdistributeddata_inner.z.so
7fd4712cd000-7fd4712ce000 rw-p 0008a000 /system/lib64/platformsdk/libdistributeddata_inner.z.so
7fd4712ce000-7fd4712cf000 rw-p 00000000 [anon:libdistributeddata_inner.z.so.bss]
7fd471300000-7fd471317000 r--p 00000000 /system/lib64/platformsdk/libsession_manager.z.so
7fd471317000-7fd471351000 r-xp 00016000 /system/lib64/platformsdk/libsession_manager.z.so
7fd471351000-7fd471355000 r--p 0004f000 /system/lib64/platformsdk/libsession_manager.z.so
7fd471355000-7fd471356000 rw-p 00052000 /system/lib64/platformsdk/libsession_manager.z.so
7fd471356000-7fd471357000 rw-p 00000000 [anon:libsession_manager.z.so.bss]
7fd471357000-7fd47135f000 rw-p 00000000 [anon:native_heap:brk]
7fd471380000-7fd471382000 r--p 00000000 /system/lib64/libapplication_context_manager.z.so
7fd471382000-7fd471384000 r-xp 00001000 /system/lib64/libapplication_context_manager.z.so
7fd471384000-7fd471385000 r--p 00002000 /system/lib64/libapplication_context_manager.z.so
7fd471385000-7fd471386000 rw-p 00002000 /system/lib64/libapplication_context_manager.z.so
7fd4713c0000-7fd4713d2000 r--p 00000000 /system/lib64/platformsdk/libmodular_object.z.so
7fd4713d2000-7fd4713e4000 r-xp 00011000 /system/lib64/platformsdk/libmodular_object.z.so
7fd4713e4000-7fd4713e6000 r--p 00022000 /system/lib64/platformsdk/libmodular_object.z.so
7fd4713e6000-7fd4713e7000 rw-p 00023000 /system/lib64/platformsdk/libmodular_object.z.so
7fd471400000-7fd47140d000 r--p 00000000 /system/lib64/platformsdk/libability_observer_ipc.z.so
7fd47140d000-7fd471415000 r-xp 0000c000 /system/lib64/platformsdk/libability_observer_ipc.z.so
7fd471415000-7fd471418000 r--p 00013000 /system/lib64/platformsdk/libability_observer_ipc.z.so
7fd471418000-7fd471419000 rw-p 00015000 /system/lib64/platformsdk/libability_observer_ipc.z.so
7fd471440000-7fd471472000 r--p 00000000 /system/lib64/libdistributed_file_daemon_kit_inner.z.so
7fd471472000-7fd47148f000 r-xp 00031000 /system/lib64/libdistributed_file_daemon_kit_inner.z.so
7fd47148f000-7fd471497000 r--p 0004d000 /system/lib64/libdistributed_file_daemon_kit_inner.z.so
7fd471497000-7fd471498000 rw-p 00054000 /system/lib64/libdistributed_file_daemon_kit_inner.z.so
7fd471498000-7fd471499000 rw-p 00000000 [anon:libdistributed_file_daemon_kit_inner.z.so.bss]
7fd47149c000-7fd4714ac000 rw-p 00000000 [anon:native_heap:brk]
7fd4714c0000-7fd4714d4000 r--p 00000000 /system/lib64/platformsdk/libapp_context_utils.z.so
7fd4714d4000-7fd4714ea000 r-xp 00013000 /system/lib64/platformsdk/libapp_context_utils.z.so
7fd4714ea000-7fd4714ec000 r--p 00028000 /system/lib64/platformsdk/libapp_context_utils.z.so
7fd4714ec000-7fd4714ed000 rw-p 00029000 /system/lib64/platformsdk/libapp_context_utils.z.so
7fd471500000-7fd47150f000 r--p 00000000 /system/lib64/platformsdk/libconnection_obs_manager.z.so
7fd47150f000-7fd471518000 r-xp 0000e000 /system/lib64/platformsdk/libconnection_obs_manager.z.so
7fd471518000-7fd47151b000 r--p 00016000 /system/lib64/platformsdk/libconnection_obs_manager.z.so
7fd47151b000-7fd47151c000 rw-p 00018000 /system/lib64/platformsdk/libconnection_obs_manager.z.so
7fd471540000-7fd471542000 r--p 00000000 /system/lib64/platformsdk/libtoken_callback_sdk.z.so
7fd471542000-7fd471544000 r-xp 00001000 /system/lib64/platformsdk/libtoken_callback_sdk.z.so
7fd471544000-7fd471545000 r--p 00002000 /system/lib64/platformsdk/libtoken_callback_sdk.z.so
7fd471545000-7fd471546000 rw-p 00002000 /system/lib64/platformsdk/libtoken_callback_sdk.z.so
7fd471580000-7fd471586000 r--p 00000000 /system/lib64/platformsdk/libsession_handler.z.so
7fd471586000-7fd471588000 r-xp 00005000 /system/lib64/platformsdk/libsession_handler.z.so
7fd471588000-7fd47158b000 r--p 00006000 /system/lib64/platformsdk/libsession_handler.z.so
7fd47158b000-7fd47158c000 rw-p 00008000 /system/lib64/platformsdk/libsession_handler.z.so
7fd4715c0000-7fd4715f5000 r--p 00000000 /system/lib64/platformsdk/libscreen_session_manager_client.z.so
7fd4715f5000-7fd471642000 r-xp 00034000 /system/lib64/platformsdk/libscreen_session_manager_client.z.so
7fd471642000-7fd471649000 r--p 00080000 /system/lib64/platformsdk/libscreen_session_manager_client.z.so
7fd471649000-7fd47164a000 rw-p 00086000 /system/lib64/platformsdk/libscreen_session_manager_client.z.so
7fd471680000-7fd471686000 r--p 00000000 /system/lib64/platformsdk/libview_data.z.so
7fd471686000-7fd471698000 r-xp 00005000 /system/lib64/platformsdk/libview_data.z.so
7fd471698000-7fd471699000 r--p 00016000 /system/lib64/platformsdk/libview_data.z.so
7fd471699000-7fd47169a000 rw-p 00016000 /system/lib64/platformsdk/libview_data.z.so
7fd4716c0000-7fd4717c2000 r--p 00000000 /system/lib64/libwm.z.so
7fd4717c2000-7fd47193f000 r-xp 00101000 /system/lib64/libwm.z.so
7fd47193f000-7fd471967000 r--p 0027d000 /system/lib64/libwm.z.so
7fd471967000-7fd471968000 rw-p 002a4000 /system/lib64/libwm.z.so
7fd471968000-7fd47196c000 rw-p 00000000 [anon:libwm.z.so.bss]
7fd471980000-7fd471986000 r--p 00000000 /system/lib64/platformsdk/libperm_verification.z.so
7fd471986000-7fd47198c000 r-xp 00005000 /system/lib64/platformsdk/libperm_verification.z.so
7fd47198c000-7fd47198d000 r--p 0000a000 /system/lib64/platformsdk/libperm_verification.z.so
7fd47198d000-7fd47198e000 rw-p 0000a000 /system/lib64/platformsdk/libperm_verification.z.so
7fd4719c0000-7fd4719f1000 r--p 00000000 /system/lib64/platformsdk/libability_context_native.z.so
7fd4719f1000-7fd471a11000 r-xp 00030000 /system/lib64/platformsdk/libability_context_native.z.so
7fd471a11000-7fd471a17000 r--p 0004f000 /system/lib64/platformsdk/libability_context_native.z.so
7fd471a17000-7fd471a18000 rw-p 00054000 /system/lib64/platformsdk/libability_context_native.z.so
7fd471a18000-7fd471a19000 rw-p 00000000 [anon:libability_context_native.z.so.bss]
7fd471a1b000-7fd471a77000 rw-p 00000000 [anon:native_heap:mmap]
7fd471a77000-7fd471a79000 ---p 00000000 [anon:guard:880]
7fd471a79000-7fd471b7a000 rw-p 00000000 [anon:stack:880]
7fd471b7a000-7fd471b7c000 ---p 00000000 [anon:guard:879]
7fd471b7c000-7fd471c7d000 rw-p 00000000 [anon:stack:879]
7fd471c7d000-7fd471c7f000 ---p 00000000 [anon:guard:878]
7fd471c7f000-7fd471d80000 rw-p 00000000 [anon:stack:878]
7fd471d80000-7fd471da3000 r--p 00000000 /system/lib64/libdm_extension.z.so
7fd471da3000-7fd471dab000 r-xp 00022000 /system/lib64/libdm_extension.z.so
7fd471dab000-7fd471db2000 r--p 00029000 /system/lib64/libdm_extension.z.so
7fd471db2000-7fd471db3000 rw-p 0002f000 /system/lib64/libdm_extension.z.so
7fd471db3000-7fd471db4000 rw-p 00000000 [anon:libdm_extension.z.so.bss]
7fd471dc0000-7fd471df2000 r--p 00000000 /system/lib64/platformsdk/libdatashare_consumer.z.so
7fd471df2000-7fd471e43000 r-xp 00031000 /system/lib64/platformsdk/libdatashare_consumer.z.so
7fd471e43000-7fd471e4d000 r--p 00081000 /system/lib64/platformsdk/libdatashare_consumer.z.so
7fd471e4d000-7fd471e4e000 rw-p 0008a000 /system/lib64/platformsdk/libdatashare_consumer.z.so
7fd471e50000-7fd471e58000 rw-p 00000000 [anon:native_heap:brk]
7fd471e80000-7fd471e86000 r--p 00000000 /system/lib64/platformsdk/libability_business_error.z.so
7fd471e86000-7fd471e88000 r-xp 00005000 /system/lib64/platformsdk/libability_business_error.z.so
7fd471e88000-7fd471e8a000 r--p 00006000 /system/lib64/platformsdk/libability_business_error.z.so
7fd471e8a000-7fd471e8b000 rw-p 00007000 /system/lib64/platformsdk/libability_business_error.z.so
7fd471ec0000-7fd471ec8000 r--p 00000000 /system/lib64/platformsdk/libconsole.z.so
7fd471ec8000-7fd471ed3000 r-xp 00007000 /system/lib64/platformsdk/libconsole.z.so
7fd471ed3000-7fd471ed4000 r--p 00011000 /system/lib64/platformsdk/libconsole.z.so
7fd471ed4000-7fd471ed5000 rw-p 00011000 /system/lib64/platformsdk/libconsole.z.so
7fd471ef0000-7fd471f00000 rw-p 00000000 [anon:native_heap:brk]
7fd471f00000-7fd471f0c000 r--p 00000000 /system/lib64/platformsdk/libtime_client.z.so
7fd471f0c000-7fd471f17000 r-xp 0000b000 /system/lib64/platformsdk/libtime_client.z.so
7fd471f17000-7fd471f1a000 r--p 00015000 /system/lib64/platformsdk/libtime_client.z.so
7fd471f1a000-7fd471f1b000 rw-p 00017000 /system/lib64/platformsdk/libtime_client.z.so
7fd471f1b000-7fd471f1c000 rw-p 00000000 [anon:libtime_client.z.so.bss]
7fd471f40000-7fd471f4b000 r--p 00000000 /system/lib64/platformsdk/libscreenlock_client.z.so
7fd471f4b000-7fd471f56000 r-xp 0000a000 /system/lib64/platformsdk/libscreenlock_client.z.so
7fd471f56000-7fd471f5a000 r--p 00014000 /system/lib64/platformsdk/libscreenlock_client.z.so
7fd471f5a000-7fd471f5b000 rw-p 00017000 /system/lib64/platformsdk/libscreenlock_client.z.so
7fd471f5b000-7fd471f6b000 rw-p 00000000 [anon:native_heap:brk]
7fd471f80000-7fd471f83000 r--p 00000000 /system/lib64/platformsdk/libace_container_scope.z.so
7fd471f83000-7fd471f85000 r-xp 00002000 /system/lib64/platformsdk/libace_container_scope.z.so
7fd471f85000-7fd471f86000 r--p 00003000 /system/lib64/platformsdk/libace_container_scope.z.so
7fd471f86000-7fd471f87000 rw-p 00003000 /system/lib64/platformsdk/libace_container_scope.z.so
7fd471fc0000-7fd471fd3000 r--p 00000000 /system/lib64/libimf_hisysevent.z.so
7fd471fd3000-7fd471fe6000 r-xp 00012000 /system/lib64/libimf_hisysevent.z.so
7fd471fe6000-7fd471fea000 r--p 00024000 /system/lib64/libimf_hisysevent.z.so
7fd471fea000-7fd471feb000 rw-p 00027000 /system/lib64/libimf_hisysevent.z.so
7fd471ff0000-7fd472000000 rw-p 00000000 [anon:native_heap:brk]
7fd472000000-7fd47202d000 r--p 00000000 /system/lib64/platformsdk/libinputmethod_client.z.so
7fd47202d000-7fd472073000 r-xp 0002c000 /system/lib64/platformsdk/libinputmethod_client.z.so
7fd472073000-7fd47207b000 r--p 00071000 /system/lib64/platformsdk/libinputmethod_client.z.so
7fd47207b000-7fd47207c000 rw-p 00078000 /system/lib64/platformsdk/libinputmethod_client.z.so
7fd472080000-7fd472087000 r--p 00000000 /system/lib64/platformsdk/libextension_manager.z.so
7fd472087000-7fd47208c000 r-xp 00006000 /system/lib64/platformsdk/libextension_manager.z.so
7fd47208c000-7fd47208e000 r--p 0000a000 /system/lib64/platformsdk/libextension_manager.z.so
7fd47208e000-7fd47208f000 rw-p 0000b000 /system/lib64/platformsdk/libextension_manager.z.so
7fd4720c0000-7fd4720e6000 r--p 00000000 /system/lib64/platformsdk/libwindow_scene_common.z.so
7fd4720e6000-7fd472118000 r-xp 00025000 /system/lib64/platformsdk/libwindow_scene_common.z.so
7fd472118000-7fd47211c000 r--p 00056000 /system/lib64/platformsdk/libwindow_scene_common.z.so
7fd47211c000-7fd47211d000 rw-p 00059000 /system/lib64/platformsdk/libwindow_scene_common.z.so
7fd472140000-7fd472198000 r--p 00000000 /system/lib64/libdm.z.so
7fd472198000-7fd472208000 r-xp 00057000 /system/lib64/libdm.z.so
7fd472208000-7fd472215000 r--p 000c6000 /system/lib64/libdm.z.so
7fd472215000-7fd472216000 rw-p 000d2000 /system/lib64/libdm.z.so
7fd472220000-7fd472230000 rw-p 00000000 [anon:native_heap:brk]
7fd472240000-7fd47224e000 r--p 00000000 /system/lib64/platformsdk/libjs_environment.z.so
7fd47224e000-7fd472259000 r-xp 0000d000 /system/lib64/platformsdk/libjs_environment.z.so
7fd472259000-7fd47225b000 r--p 00017000 /system/lib64/platformsdk/libjs_environment.z.so
7fd47225b000-7fd47225c000 rw-p 00018000 /system/lib64/platformsdk/libjs_environment.z.so
7fd472280000-7fd472293000 r--p 00000000 /system/lib64/platformsdk/libbundle_napi_common.z.so
7fd472293000-7fd4722ae000 r-xp 00012000 /system/lib64/platformsdk/libbundle_napi_common.z.so
7fd4722ae000-7fd4722b0000 r--p 0002c000 /system/lib64/platformsdk/libbundle_napi_common.z.so
7fd4722b0000-7fd4722b1000 rw-p 0002d000 /system/lib64/platformsdk/libbundle_napi_common.z.so
7fd4722c0000-7fd4722c3000 r--p 00000000 /system/lib64/platformsdk/libace_forward_compatibility.z.so
7fd4722c3000-7fd4722c6000 r-xp 00002000 /system/lib64/platformsdk/libace_forward_compatibility.z.so
7fd4722c6000-7fd4722c7000 r--p 00004000 /system/lib64/platformsdk/libace_forward_compatibility.z.so
7fd4722c7000-7fd4722c8000 rw-p 00004000 /system/lib64/platformsdk/libace_forward_compatibility.z.so
7fd472300000-7fd472301000 r--p 00000000 /system/lib64/platformsdk/libextractresourcemanager.z.so
7fd472301000-7fd472302000 r-xp 00000000 /system/lib64/platformsdk/libextractresourcemanager.z.so
7fd472302000-7fd472304000 r--p 00000000 /system/lib64/platformsdk/libextractresourcemanager.z.so
7fd472304000-7fd472305000 rw-p 00001000 /system/lib64/platformsdk/libextractresourcemanager.z.so
7fd472340000-7fd472362000 r--p 00000000 /system/lib64/platformsdk/libsms.z.so
7fd472362000-7fd4723ac000 r-xp 00021000 /system/lib64/platformsdk/libsms.z.so
7fd4723ac000-7fd4723b3000 r--p 0006a000 /system/lib64/platformsdk/libsms.z.so
7fd4723b3000-7fd4723b4000 rw-p 00070000 /system/lib64/platformsdk/libsms.z.so
7fd4723b8000-7fd4723c0000 rw-p 00000000 [anon:native_heap:brk]
7fd4723c0000-7fd4723dc000 r--p 00000000 /system/lib64/platformsdk/libscreen_session.z.so
7fd4723dc000-7fd4723fe000 r-xp 0001b000 /system/lib64/platformsdk/libscreen_session.z.so
7fd4723fe000-7fd472400000 r--p 0003c000 /system/lib64/platformsdk/libscreen_session.z.so
7fd472400000-7fd472401000 rw-p 0003d000 /system/lib64/platformsdk/libscreen_session.z.so
7fd472440000-7fd472446000 r--p 00000000 /system/lib64/platformsdk/libsensor_ipc.z.so
7fd472446000-7fd472449000 r-xp 00005000 /system/lib64/platformsdk/libsensor_ipc.z.so
7fd472449000-7fd47244a000 r--p 00007000 /system/lib64/platformsdk/libsensor_ipc.z.so
7fd47244a000-7fd47244b000 rw-p 00007000 /system/lib64/platformsdk/libsensor_ipc.z.so
7fd472480000-7fd4724aa000 r--p 00000000 /system/lib64/platformsdk/libhiappevent_base.z.so
7fd4724aa000-7fd472507000 r-xp 00029000 /system/lib64/platformsdk/libhiappevent_base.z.so
7fd472507000-7fd47250b000 r--p 00085000 /system/lib64/platformsdk/libhiappevent_base.z.so
7fd47250b000-7fd47250c000 rw-p 00088000 /system/lib64/platformsdk/libhiappevent_base.z.so
7fd47250c000-7fd47250f000 rw-p 00000000 [anon:libhiappevent_base.z.so.bss]
7fd472540000-7fd472564000 r--p 00000000 /system/lib64/platformsdk/libdatashare_common.z.so
7fd472564000-7fd472597000 r-xp 00023000 /system/lib64/platformsdk/libdatashare_common.z.so
7fd472597000-7fd47259c000 r--p 00055000 /system/lib64/platformsdk/libdatashare_common.z.so
7fd47259c000-7fd47259d000 rw-p 00059000 /system/lib64/platformsdk/libdatashare_common.z.so
7fd4725c0000-7fd4725c1000 r--p 00000000 /system/lib64/platformsdk/libintl_register.z.so
7fd4725c1000-7fd4725c2000 r-xp 00000000 /system/lib64/platformsdk/libintl_register.z.so
7fd4725c2000-7fd4725c3000 r--p 00000000 /system/lib64/platformsdk/libintl_register.z.so
7fd4725c3000-7fd4725c4000 rw-p 00000000 /system/lib64/platformsdk/libintl_register.z.so
7fd472600000-7fd472606000 r--p 00000000 /system/lib64/platformsdk/libsensor_agent.z.so
7fd472606000-7fd47260c000 r-xp 00005000 /system/lib64/platformsdk/libsensor_agent.z.so
7fd47260c000-7fd47260d000 r--p 0000a000 /system/lib64/platformsdk/libsensor_agent.z.so
7fd47260d000-7fd47260e000 rw-p 0000a000 /system/lib64/platformsdk/libsensor_agent.z.so
7fd472640000-7fd472645000 r--p 00000000 /system/lib64/platformsdk/libconnect_server_manager.z.so
7fd472645000-7fd47264a000 r-xp 00004000 /system/lib64/platformsdk/libconnect_server_manager.z.so
7fd47264a000-7fd47264b000 r--p 00008000 /system/lib64/platformsdk/libconnect_server_manager.z.so
7fd47264b000-7fd47264c000 rw-p 00008000 /system/lib64/platformsdk/libconnect_server_manager.z.so
7fd472680000-7fd472696000 r--p 00000000 /system/lib64/libinputmethod_common.z.so
7fd472696000-7fd4726a2000 r-xp 00015000 /system/lib64/libinputmethod_common.z.so
7fd4726a2000-7fd4726a7000 r--p 00020000 /system/lib64/libinputmethod_common.z.so
7fd4726a7000-7fd4726a8000 rw-p 00024000 /system/lib64/libinputmethod_common.z.so
7fd4726b0000-7fd4726c0000 rw-p 00000000 [anon:native_heap:brk]
7fd4726c0000-7fd472701000 r--p 00000000 /system/lib64/platformsdk/libapp_context.z.so
7fd472701000-7fd472742000 r-xp 00040000 /system/lib64/platformsdk/libapp_context.z.so
7fd472742000-7fd472746000 r--p 00080000 /system/lib64/platformsdk/libapp_context.z.so
7fd472746000-7fd472747000 rw-p 00083000 /system/lib64/platformsdk/libapp_context.z.so
7fd472780000-7fd472784000 r--p 00000000 /system/lib64/platformsdk/libace_uicontent.z.so
7fd472784000-7fd472786000 r-xp 00003000 /system/lib64/platformsdk/libace_uicontent.z.so
7fd472786000-7fd472787000 r--p 00004000 /system/lib64/platformsdk/libace_uicontent.z.so
7fd472787000-7fd472788000 rw-p 00004000 /system/lib64/platformsdk/libace_uicontent.z.so
7fd4727c0000-7fd4727c2000 r--p 00000000 /system/lib64/platformsdk/libxpower_event.z.so
7fd4727c2000-7fd4727c4000 r-xp 00001000 /system/lib64/platformsdk/libxpower_event.z.so
7fd4727c4000-7fd4727c6000 r--p 00002000 /system/lib64/platformsdk/libxpower_event.z.so
7fd4727c6000-7fd4727c7000 rw-p 00003000 /system/lib64/platformsdk/libxpower_event.z.so
7fd472800000-7fd472803000 r--p 00000000 /system/lib64/platformsdk/libability_deps_wrapper.z.so
7fd472803000-7fd472805000 r-xp 00002000 /system/lib64/platformsdk/libability_deps_wrapper.z.so
7fd472805000-7fd472807000 r--p 00003000 /system/lib64/platformsdk/libability_deps_wrapper.z.so
7fd472807000-7fd472808000 rw-p 00004000 /system/lib64/platformsdk/libability_deps_wrapper.z.so
7fd472840000-7fd47294d000 r--p 00000000 /system/lib64/platformsdk/libscreen_session_manager.z.so
7fd47294d000-7fd472afc000 r-xp 0010c000 /system/lib64/platformsdk/libscreen_session_manager.z.so
7fd472afc000-7fd472b0f000 r--p 002ba000 /system/lib64/platformsdk/libscreen_session_manager.z.so
7fd472b0f000-7fd472b10000 rw-p 002cc000 /system/lib64/platformsdk/libscreen_session_manager.z.so
7fd472b10000-7fd472b15000 rw-p 00000000 [anon:libscreen_session_manager.z.so.bss]
7fd472b40000-7fd472b46000 r--p 00000000 /system/lib64/platformsdk/libtimer.z.so
7fd472b46000-7fd472b4a000 r-xp 00005000 /system/lib64/platformsdk/libtimer.z.so
7fd472b4a000-7fd472b4b000 r--p 00008000 /system/lib64/platformsdk/libtimer.z.so
7fd472b4b000-7fd472b4c000 rw-p 00008000 /system/lib64/platformsdk/libtimer.z.so
7fd472b80000-7fd472b85000 r--p 00000000 /system/lib64/platformsdk/libdevicestatus_ipc.z.so
7fd472b85000-7fd472b89000 r-xp 00004000 /system/lib64/platformsdk/libdevicestatus_ipc.z.so
7fd472b89000-7fd472b8a000 r--p 00007000 /system/lib64/platformsdk/libdevicestatus_ipc.z.so
7fd472b8a000-7fd472b8b000 rw-p 00007000 /system/lib64/platformsdk/libdevicestatus_ipc.z.so
7fd472bc0000-7fd472bc4000 r--p 00000000 /system/lib64/platformsdk/libhiappevent_innerapi.z.so
7fd472bc4000-7fd472bc9000 r-xp 00003000 /system/lib64/platformsdk/libhiappevent_innerapi.z.so
7fd472bc9000-7fd472bca000 r--p 00007000 /system/lib64/platformsdk/libhiappevent_innerapi.z.so
7fd472bca000-7fd472bcb000 rw-p 00007000 /system/lib64/platformsdk/libhiappevent_innerapi.z.so
7fd472c00000-7fd472c0c000 r--p 00000000 /system/lib64/platformsdk/libdevicestatus_util.z.so
7fd472c0c000-7fd472c23000 r-xp 0000b000 /system/lib64/platformsdk/libdevicestatus_util.z.so
7fd472c23000-7fd472c25000 r--p 00021000 /system/lib64/platformsdk/libdevicestatus_util.z.so
7fd472c25000-7fd472c26000 rw-p 00022000 /system/lib64/platformsdk/libdevicestatus_util.z.so
7fd472c40000-7fd472c8e000 r--p 00000000 /system/lib64/platformsdk/libruntime.z.so
7fd472c8e000-7fd472cdb000 r-xp 0004d000 /system/lib64/platformsdk/libruntime.z.so
7fd472cdb000-7fd472cdf000 r--p 00099000 /system/lib64/platformsdk/libruntime.z.so
7fd472cdf000-7fd472ce0000 rw-p 0009c000 /system/lib64/platformsdk/libruntime.z.so
7fd472ce0000-7fd472ce1000 rw-p 00000000 [anon:libruntime.z.so.bss]
7fd472d00000-7fd472d2b000 r--p 00000000 /system/lib64/platformsdk/libwmutil.z.so
7fd472d2b000-7fd472d71000 r-xp 0002a000 /system/lib64/platformsdk/libwmutil.z.so
7fd472d71000-7fd472d74000 r--p 0006f000 /system/lib64/platformsdk/libwmutil.z.so
7fd472d74000-7fd472d76000 rw-p 00071000 /system/lib64/platformsdk/libwmutil.z.so
7fd472d80000-7fd472dac000 r--p 00000000 /system/lib64/platformsdk/libdevicestatus_client.z.so
7fd472dac000-7fd472e17000 r-xp 0002b000 /system/lib64/platformsdk/libdevicestatus_client.z.so
7fd472e17000-7fd472e1e000 r--p 00095000 /system/lib64/platformsdk/libdevicestatus_client.z.so
7fd472e1e000-7fd472e1f000 rw-p 0009b000 /system/lib64/platformsdk/libdevicestatus_client.z.so
7fd472e1f000-7fd472e21000 rw-p 00000000 [anon:libdevicestatus_client.z.so.bss]
7fd472e28000-7fd472e40000 rw-p 00000000 [anon:native_heap:brk]
7fd472e40000-7fd472e7a000 r--p 00000000 /system/lib64/platformsdk/libpowermgr_client.z.so
7fd472e7a000-7fd472e9e000 r-xp 00039000 /system/lib64/platformsdk/libpowermgr_client.z.so
7fd472e9e000-7fd472eae000 r--p 0005c000 /system/lib64/platformsdk/libpowermgr_client.z.so
7fd472eae000-7fd472eaf000 rw-p 0006b000 /system/lib64/platformsdk/libpowermgr_client.z.so
7fd472eaf000-7fd472eb0000 rw-p 00000000 [anon:libpowermgr_client.z.so.bss]
7fd472efa000-7fd4730fa000 r--s 00000000 /dev/__parameters__/u:object_r:persist_param:s0
7fd4730fa000-7fd474f7a000 r--s 00000000 /system/usr/icu/icudt74l.dat
7fd474f7a000-7fd47517a000 r--s 00000000 /dev/__parameters__/u:object_r:persist_sys_param:s0
7fd47517a000-7fd47517c000 ---p 00000000 [anon:guard:859]
7fd47517c000-7fd47527d000 rw-p 00000000 [anon:stack:859]
7fd47527d000-7fd47527f000 ---p 00000000 [anon:guard:858]
7fd47527f000-7fd475380000 rw-p 00000000 [anon:stack:858]
7fd475380000-7fd475382000 r--p 00000000 /system/lib64/platformsdk/libtokensetproc_shared.z.so
7fd475382000-7fd475384000 r-xp 00001000 /system/lib64/platformsdk/libtokensetproc_shared.z.so
7fd475384000-7fd475385000 r--p 00002000 /system/lib64/platformsdk/libtokensetproc_shared.z.so
7fd475385000-7fd475386000 rw-p 00002000 /system/lib64/platformsdk/libtokensetproc_shared.z.so
7fd4753c0000-7fd4753c2000 r--p 00000000 /system/lib64/platformsdk/libruntime_utils.z.so
7fd4753c2000-7fd4753c4000 r-xp 00001000 /system/lib64/platformsdk/libruntime_utils.z.so
7fd4753c4000-7fd4753c5000 r--p 00002000 /system/lib64/platformsdk/libruntime_utils.z.so
7fd4753c5000-7fd4753c6000 rw-p 00002000 /system/lib64/platformsdk/libruntime_utils.z.so
7fd4753c9000-7fd4753cd000 rw-p 00000000 [anon:native_heap:brk]
7fd475400000-7fd475414000 r--p 00000000 /system/lib64/platformsdk/libsg_collect_sdk.z.so
7fd475414000-7fd475424000 r-xp 00013000 /system/lib64/platformsdk/libsg_collect_sdk.z.so
7fd475424000-7fd475429000 r--p 00022000 /system/lib64/platformsdk/libsg_collect_sdk.z.so
7fd475429000-7fd47542a000 rw-p 00026000 /system/lib64/platformsdk/libsg_collect_sdk.z.so
7fd475430000-7fd475440000 rw-p 00000000 [anon:native_heap:brk]
7fd475440000-7fd475464000 r--p 00000000 /system/lib64/chipset-sdk/libturbojpeg.z.so
7fd475464000-7fd4754bb000 r-xp 00023000 /system/lib64/chipset-sdk/libturbojpeg.z.so
7fd4754bb000-7fd4754bc000 r--p 00079000 /system/lib64/chipset-sdk/libturbojpeg.z.so
7fd4754bc000-7fd4754be000 rw-p 00079000 /system/lib64/chipset-sdk/libturbojpeg.z.so
7fd4754c0000-7fd4754c7000 r--p 00000000 /system/lib64/chipset-sdk-sp/libdisplay_buffer_proxy_1.3.z.so
7fd4754c7000-7fd4754cc000 r-xp 00006000 /system/lib64/chipset-sdk-sp/libdisplay_buffer_proxy_1.3.z.so
7fd4754cc000-7fd4754ce000 r--p 0000a000 /system/lib64/chipset-sdk-sp/libdisplay_buffer_proxy_1.3.z.so
7fd4754ce000-7fd4754cf000 rw-p 0000b000 /system/lib64/chipset-sdk-sp/libdisplay_buffer_proxy_1.3.z.so
7fd475500000-7fd475503000 r--p 00000000 /system/lib64/platformsdk/libfreeze_util.z.so
7fd475503000-7fd475508000 r-xp 00002000 /system/lib64/platformsdk/libfreeze_util.z.so
7fd475508000-7fd475509000 r--p 00006000 /system/lib64/platformsdk/libfreeze_util.z.so
7fd475509000-7fd47550a000 rw-p 00006000 /system/lib64/platformsdk/libfreeze_util.z.so
7fd475540000-7fd475552000 r--p 00000000 /system/lib64/platformsdk/libsoftbus_adapter.z.so
7fd475552000-7fd47556e000 r-xp 00011000 /system/lib64/platformsdk/libsoftbus_adapter.z.so
7fd47556e000-7fd475570000 r--p 0002c000 /system/lib64/platformsdk/libsoftbus_adapter.z.so
7fd475570000-7fd475571000 rw-p 0002d000 /system/lib64/platformsdk/libsoftbus_adapter.z.so
7fd475580000-7fd475586000 r--p 00000000 /system/lib64/platformsdk/libbatterysrv_client.z.so
7fd475586000-7fd47558c000 r-xp 00005000 /system/lib64/platformsdk/libbatterysrv_client.z.so
7fd47558c000-7fd47558e000 r--p 0000a000 /system/lib64/platformsdk/libbatterysrv_client.z.so
7fd47558e000-7fd47558f000 rw-p 0000b000 /system/lib64/platformsdk/libbatterysrv_client.z.so
7fd4755c0000-7fd4755c9000 r--p 00000000 /system/lib64/libabsl_time_zone.z.so
7fd4755c9000-7fd4755da000 r-xp 00008000 /system/lib64/libabsl_time_zone.z.so
7fd4755da000-7fd4755dc000 r--p 00018000 /system/lib64/libabsl_time_zone.z.so
7fd4755dc000-7fd4755dd000 rw-p 00019000 /system/lib64/libabsl_time_zone.z.so
7fd475600000-7fd47560d000 r--p 00000000 /system/lib64/libexpat.z.so
7fd47560d000-7fd47562e000 r-xp 0000c000 /system/lib64/libexpat.z.so
7fd47562e000-7fd475631000 r--p 0002c000 /system/lib64/libexpat.z.so
7fd475631000-7fd475632000 rw-p 0002e000 /system/lib64/libexpat.z.so
7fd475640000-7fd475656000 r--p 00000000 /system/lib64/platformsdk/libusagestatsinner.z.so
7fd475656000-7fd47566c000 r-xp 00015000 /system/lib64/platformsdk/libusagestatsinner.z.so
7fd47566c000-7fd475670000 r--p 0002a000 /system/lib64/platformsdk/libusagestatsinner.z.so
7fd475670000-7fd475671000 rw-p 0002d000 /system/lib64/platformsdk/libusagestatsinner.z.so
7fd475680000-7fd4756b6000 r--p 00000000 /system/lib64/platformsdk/libuserauth_client.z.so
7fd4756b6000-7fd4756f3000 r-xp 00035000 /system/lib64/platformsdk/libuserauth_client.z.so
7fd4756f3000-7fd4756fe000 r--p 00071000 /system/lib64/platformsdk/libuserauth_client.z.so
7fd4756fe000-7fd4756ff000 rw-p 0007b000 /system/lib64/platformsdk/libuserauth_client.z.so
7fd475700000-7fd475724000 r--p 00000000 /system/lib64/libnstackx_util.z.so
7fd475724000-7fd475752000 r-xp 00023000 /system/lib64/libnstackx_util.z.so
7fd475752000-7fd475755000 r--p 00050000 /system/lib64/libnstackx_util.z.so
7fd475755000-7fd475756000 rw-p 00052000 /system/lib64/libnstackx_util.z.so
7fd47575b000-7fd47576b000 rw-p 00000000 [anon:native_heap:brk]
7fd475780000-7fd475785000 r--p 00000000 /system/lib64/libabsl_base.z.so
7fd475785000-7fd475789000 r-xp 00004000 /system/lib64/libabsl_base.z.so
7fd475789000-7fd47578a000 r--p 00007000 /system/lib64/libabsl_base.z.so
7fd47578a000-7fd47578b000 rw-p 00007000 /system/lib64/libabsl_base.z.so
7fd4757c0000-7fd47587e000 r--p 00000000 /system/lib64/platformsdk/libability_manager.z.so
7fd47587e000-7fd475915000 r-xp 000bd000 /system/lib64/platformsdk/libability_manager.z.so
7fd475915000-7fd47592e000 r--p 00153000 /system/lib64/platformsdk/libability_manager.z.so
7fd47592e000-7fd47592f000 rw-p 0016b000 /system/lib64/platformsdk/libability_manager.z.so
7fd47592f000-7fd475930000 rw-p 00000000 [anon:libability_manager.z.so.bss]
7fd475930000-7fd475940000 rw-p 00000000 [anon:native_heap:brk]
7fd475940000-7fd475941000 r--p 00000000 /system/lib64/libabsl_spinlock_wait.z.so
7fd475941000-7fd475942000 r-xp 00000000 /system/lib64/libabsl_spinlock_wait.z.so
7fd475942000-7fd475943000 r--p 00000000 /system/lib64/libabsl_spinlock_wait.z.so
7fd475943000-7fd475944000 rw-p 00000000 /system/lib64/libabsl_spinlock_wait.z.so
7fd475980000-7fd475982000 r--p 00000000 /system/lib64/platformsdk/libpixelconvertadapter.z.so
7fd475982000-7fd475985000 r-xp 00001000 /system/lib64/platformsdk/libpixelconvertadapter.z.so
7fd475985000-7fd475986000 r--p 00003000 /system/lib64/platformsdk/libpixelconvertadapter.z.so
7fd475986000-7fd475987000 rw-p 00003000 /system/lib64/platformsdk/libpixelconvertadapter.z.so
7fd475989000-7fd47598d000 rw-p 00000000 [anon:native_heap:brk]
7fd4759c0000-7fd4759cd000 r--p 00000000 /system/lib64/libapp_domain_verify_mgr_client.z.so
7fd4759cd000-7fd4759dd000 r-xp 0000c000 /system/lib64/libapp_domain_verify_mgr_client.z.so
7fd4759dd000-7fd4759de000 r--p 0001b000 /system/lib64/libapp_domain_verify_mgr_client.z.so
7fd4759de000-7fd4759df000 rw-p 0001b000 /system/lib64/libapp_domain_verify_mgr_client.z.so
7fd4759df000-7fd4759e0000 rw-p 00000000 [anon:libapp_domain_verify_mgr_client.z.so.bss]
7fd475a00000-7fd475a07000 r--p 00000000 /system/lib64/chipset-sdk-sp/libdfx_dumpcatcher.z.so
7fd475a07000-7fd475a13000 r-xp 00006000 /system/lib64/chipset-sdk-sp/libdfx_dumpcatcher.z.so
7fd475a13000-7fd475a15000 r--p 00011000 /system/lib64/chipset-sdk-sp/libdfx_dumpcatcher.z.so
7fd475a15000-7fd475a16000 rw-p 00012000 /system/lib64/chipset-sdk-sp/libdfx_dumpcatcher.z.so
7fd475a1f000-7fd475a2f000 rw-p 00000000 [anon:native_heap:brk]
7fd475a40000-7fd475a68000 r--p 00000000 /system/lib64/libdlp_permission_sdk.z.so
7fd475a68000-7fd475a8a000 r-xp 00027000 /system/lib64/libdlp_permission_sdk.z.so
7fd475a8a000-7fd475a92000 r--p 00048000 /system/lib64/libdlp_permission_sdk.z.so
7fd475a92000-7fd475a93000 rw-p 0004f000 /system/lib64/libdlp_permission_sdk.z.so
7fd475ac0000-7fd475ac2000 r--p 00000000 /system/lib64/libqos.z.so
7fd475ac2000-7fd475ac4000 r-xp 00001000 /system/lib64/libqos.z.so
7fd475ac4000-7fd475ac5000 r--p 00002000 /system/lib64/libqos.z.so
7fd475ac5000-7fd475ac6000 rw-p 00002000 /system/lib64/libqos.z.so
7fd475b00000-7fd475b04000 r--p 00000000 /system/lib64/platformsdk/libmission_info.z.so
7fd475b04000-7fd475b06000 r-xp 00003000 /system/lib64/platformsdk/libmission_info.z.so
7fd475b06000-7fd475b08000 r--p 00004000 /system/lib64/platformsdk/libmission_info.z.so
7fd475b08000-7fd475b09000 rw-p 00005000 /system/lib64/platformsdk/libmission_info.z.so
7fd475b09000-7fd475b0d000 rw-p 00000000 [anon:native_heap:brk]
7fd475b40000-7fd475b42000 r--p 00000000 /system/lib64/chipset-sdk-sp/libbuffer_handle.z.so
7fd475b42000-7fd475b43000 r-xp 00001000 /system/lib64/chipset-sdk-sp/libbuffer_handle.z.so
7fd475b43000-7fd475b45000 r--p 00001000 /system/lib64/chipset-sdk-sp/libbuffer_handle.z.so
7fd475b45000-7fd475b46000 rw-p 00002000 /system/lib64/chipset-sdk-sp/libbuffer_handle.z.so
7fd475b80000-7fd4760a0000 r--p 00000000 /system/lib64/librender_service_base.z.so
7fd4760a0000-7fd476644000 r-xp 0051f000 /system/lib64/librender_service_base.z.so
7fd476644000-7fd4766c7000 r--p 00ac2000 /system/lib64/librender_service_base.z.so
7fd4766c7000-7fd4766c9000 rw-p 00b44000 /system/lib64/librender_service_base.z.so
7fd4766c9000-7fd4766d6000 rw-p 00000000 [anon:librender_service_base.z.so.bss]
7fd4766e0000-7fd476700000 rw-p 00000000 [anon:native_heap:brk]
7fd476700000-7fd476702000 r--p 00000000 /system/lib64/platformsdk/libapplication_image_observer_manager.z.so
7fd476702000-7fd476704000 r-xp 00001000 /system/lib64/platformsdk/libapplication_image_observer_manager.z.so
7fd476704000-7fd476705000 r--p 00002000 /system/lib64/platformsdk/libapplication_image_observer_manager.z.so
7fd476705000-7fd476706000 rw-p 00002000 /system/lib64/platformsdk/libapplication_image_observer_manager.z.so
7fd476740000-7fd476759000 r--p 00000000 /system/lib64/platformsdk/libaccessibility_common.z.so
7fd476759000-7fd47676a000 r-xp 00018000 /system/lib64/platformsdk/libaccessibility_common.z.so
7fd47676a000-7fd47676b000 r--p 00028000 /system/lib64/platformsdk/libaccessibility_common.z.so
7fd47676b000-7fd47676c000 rw-p 00028000 /system/lib64/platformsdk/libaccessibility_common.z.so
7fd47676c000-7fd47676d000 rw-p 00000000 [anon:libaccessibility_common.z.so.bss]
7fd476780000-7fd47678d000 r--p 00000000 /system/lib64/platformsdk/libabsl_strings.z.so
7fd47678d000-7fd476799000 r-xp 0000c000 /system/lib64/platformsdk/libabsl_strings.z.so
7fd476799000-7fd47679a000 r--p 00017000 /system/lib64/platformsdk/libabsl_strings.z.so
7fd47679a000-7fd47679b000 rw-p 00017000 /system/lib64/platformsdk/libabsl_strings.z.so
7fd47679c000-7fd4767b0000 rw-p 00000000 [anon:native_heap:brk]
7fd4767c0000-7fd4767c5000 r--p 00000000 /system/lib64/chipset-sdk-sp/libdisplay_buffer_hdi_impl_v1_4.z.so
7fd4767c5000-7fd4767cc000 r-xp 00004000 /system/lib64/chipset-sdk-sp/libdisplay_buffer_hdi_impl_v1_4.z.so
7fd4767cc000-7fd4767ce000 r--p 0000a000 /system/lib64/chipset-sdk-sp/libdisplay_buffer_hdi_impl_v1_4.z.so
7fd4767ce000-7fd4767cf000 rw-p 0000b000 /system/lib64/chipset-sdk-sp/libdisplay_buffer_hdi_impl_v1_4.z.so
7fd4767d0000-7fd4767d8000 rw-p 00000000 [anon:native_heap:brk]
7fd476800000-7fd476863000 r--p 00000000 /system/lib64/libFillpSo.z.so
7fd476863000-7fd4768fe000 r-xp 00062000 /system/lib64/libFillpSo.z.so
7fd4768fe000-7fd476901000 r--p 000fc000 /system/lib64/libFillpSo.z.so
7fd476901000-7fd476903000 rw-p 000fe000 /system/lib64/libFillpSo.z.so
7fd476905000-7fd47690d000 rw-s 00000000 /data/service/el1/public/database/ability_manager_service/kvdb/470480a3269b94c14cb598d4bdcbf8d047ac7d7b66f0e2d734f537e594ea3611/single_ver/main/gen_natural_store.db-shm
7fd476940000-7fd47694b000 r--p 00000000 /system/lib64/chipset-sdk-sp/libshared_libz.z.so
7fd47694b000-7fd476962000 r-xp 0000a000 /system/lib64/chipset-sdk-sp/libshared_libz.z.so
7fd476962000-7fd476963000 r--p 00020000 /system/lib64/chipset-sdk-sp/libshared_libz.z.so
7fd476963000-7fd476964000 rw-p 00020000 /system/lib64/chipset-sdk-sp/libshared_libz.z.so
7fd476980000-7fd47698a000 r--p 00000000 /system/lib64/platformsdk/libsandbox_manager_sdk.z.so
7fd47698a000-7fd476999000 r-xp 00009000 /system/lib64/platformsdk/libsandbox_manager_sdk.z.so
7fd476999000-7fd47699b000 r--p 00017000 /system/lib64/platformsdk/libsandbox_manager_sdk.z.so
7fd47699b000-7fd47699c000 rw-p 00018000 /system/lib64/platformsdk/libsandbox_manager_sdk.z.so
7fd47699c000-7fd47699d000 rw-p 00000000 [anon:libsandbox_manager_sdk.z.so.bss]
7fd4769c0000-7fd476a0f000 r--p 00000000 /system/lib64/platformsdk/libimage_napi.z.so
7fd476a0f000-7fd476aa1000 r-xp 0004e000 /system/lib64/platformsdk/libimage_napi.z.so
7fd476aa1000-7fd476aaa000 r--p 000df000 /system/lib64/platformsdk/libimage_napi.z.so
7fd476aaa000-7fd476aab000 rw-p 000e7000 /system/lib64/platformsdk/libimage_napi.z.so
7fd476aab000-7fd476aad000 rw-p 00000000 [anon:libimage_napi.z.so.bss]
7fd476aae000-7fd476ab0000 rw-p 00000000 [anon:native_heap:brk]
7fd476ac0000-7fd476ac4000 r--p 00000000 /system/lib64/platformsdk/libstartup_util.z.so
7fd476ac4000-7fd476aca000 r-xp 00003000 /system/lib64/platformsdk/libstartup_util.z.so
7fd476aca000-7fd476acc000 r--p 00008000 /system/lib64/platformsdk/libstartup_util.z.so
7fd476acc000-7fd476acd000 rw-p 00009000 /system/lib64/platformsdk/libstartup_util.z.so
7fd476b00000-7fd476cd6000 r--p 00000000 /system/lib64/chipset-sdk-sp/libcrypto_openssl.z.so
7fd476cd6000-7fd476f2f000 r-xp 001d5000 /system/lib64/chipset-sdk-sp/libcrypto_openssl.z.so
7fd476f2f000-7fd476f99000 r--p 0042d000 /system/lib64/chipset-sdk-sp/libcrypto_openssl.z.so
7fd476f99000-7fd476f9c000 rw-p 00496000 /system/lib64/chipset-sdk-sp/libcrypto_openssl.z.so
7fd476f9c000-7fd476f9f000 rw-p 00000000 [anon:libcrypto_openssl.z.so.bss]
7fd476f9f000-7fd476fa0000 rw-s 00000000 /data/service/el1/public/database/insight_intent/insight_intent.db-dwr
7fd476fa0000-7fd476fa4000 rw-p 00000000 [anon:native_heap:brk]
7fd476fc0000-7fd476fc7000 r--p 00000000 /system/lib64/libabsl_time.z.so
7fd476fc7000-7fd476fd0000 r-xp 00006000 /system/lib64/libabsl_time.z.so
7fd476fd0000-7fd476fd2000 r--p 0000e000 /system/lib64/libabsl_time.z.so
7fd476fd2000-7fd476fd3000 rw-p 0000f000 /system/lib64/libabsl_time.z.so
7fd476fd3000-7fd476fd8000 rw-p 00000000 [anon:native_heap:brk]
7fd477000000-7fd477050000 r--p 00000000 /system/lib64/libdistributed_device_profile_common.z.so
7fd477050000-7fd4770a7000 r-xp 0004f000 /system/lib64/libdistributed_device_profile_common.z.so
7fd4770a7000-7fd4770b1000 r--p 000a5000 /system/lib64/libdistributed_device_profile_common.z.so
7fd4770b1000-7fd4770b2000 rw-p 000ae000 /system/lib64/libdistributed_device_profile_common.z.so
7fd4770b2000-7fd4770b5000 rw-p 00000000 [anon:libdistributed_device_profile_common.z.so.bss]
7fd4770b5000-7fd4770b6000 rw-s 00000000 /data/service/el1/public/database/insight_intent/insight_intent.db-dwr
7fd4770c0000-7fd4770cb000 r--p 00000000 /system/lib64/libapp_domain_verify_common.z.so
7fd4770cb000-7fd4770d3000 r-xp 0000a000 /system/lib64/libapp_domain_verify_common.z.so
7fd4770d3000-7fd4770d6000 r--p 00011000 /system/lib64/libapp_domain_verify_common.z.so
7fd4770d6000-7fd4770d7000 rw-p 00013000 /system/lib64/libapp_domain_verify_common.z.so
7fd4770d7000-7fd4770d8000 rw-p 00000000 [anon:native_heap:brk]
7fd477100000-7fd477103000 r--p 00000000 /system/lib64/platformsdk/libwsutils.z.so
7fd477103000-7fd477105000 r-xp 00002000 /system/lib64/platformsdk/libwsutils.z.so
7fd477105000-7fd477106000 r--p 00003000 /system/lib64/platformsdk/libwsutils.z.so
7fd477106000-7fd477107000 rw-p 00003000 /system/lib64/platformsdk/libwsutils.z.so
7fd477140000-7fd47715f000 r--p 00000000 /system/lib64/libnstackx_congestion.z.so
7fd47715f000-7fd477186000 r-xp 0001e000 /system/lib64/libnstackx_congestion.z.so
7fd477186000-7fd477189000 r--p 00044000 /system/lib64/libnstackx_congestion.z.so
7fd477189000-7fd47718a000 rw-p 00046000 /system/lib64/libnstackx_congestion.z.so
7fd47718a000-7fd47718b000 rw-s 00000000 /data/service/el1/public/database/insight_intent/insight_intent.db-dwr
7fd47718b000-7fd47718c000 rw-s 00000000 /data/service/el1/public/database/insight_intent/insight_intent.db-dwr
7fd47718c000-7fd47718d000 rw-s 00000000 /data/service/el1/public/database/notification_service/notificationdb_ext.db-dwr
7fd4771c0000-7fd4771c8000 r--p 00000000 /system/lib64/chipset-sdk-sp/libhdi_base.z.so
7fd4771c8000-7fd4771da000 r-xp 00007000 /system/lib64/chipset-sdk-sp/libhdi_base.z.so
7fd4771da000-7fd4771db000 r--p 00018000 /system/lib64/chipset-sdk-sp/libhdi_base.z.so
7fd4771db000-7fd4771dc000 rw-p 00018000 /system/lib64/chipset-sdk-sp/libhdi_base.z.so
7fd477200000-7fd477215000 r--p 00000000 /system/lib64/libsecurity_component_sdk.z.so
7fd477215000-7fd477229000 r-xp 00014000 /system/lib64/libsecurity_component_sdk.z.so
7fd477229000-7fd47722d000 r--p 00027000 /system/lib64/libsecurity_component_sdk.z.so
7fd47722d000-7fd47722e000 rw-p 0002a000 /system/lib64/libsecurity_component_sdk.z.so
7fd47722e000-7fd47722f000 rw-p 00000000 [anon:libsecurity_component_sdk.z.so.bss]
7fd47722f000-7fd477230000 rw-p 00000000 [anon:native_heap:brk]
7fd477240000-7fd47728a000 r--p 00000000 /system/lib64/platformsdk/libsoftbus_client.z.so
7fd47728a000-7fd477314000 r-xp 00049000 /system/lib64/platformsdk/libsoftbus_client.z.so
7fd477314000-7fd47731a000 r--p 000d2000 /system/lib64/platformsdk/libsoftbus_client.z.so
7fd47731a000-7fd47731b000 rw-p 000d7000 /system/lib64/platformsdk/libsoftbus_client.z.so
7fd47731b000-7fd47731c000 rw-p 00000000 [anon:libsoftbus_client.z.so.bss]
7fd477338000-7fd477340000 rw-p 00000000 [anon:native_heap:brk]
7fd477340000-7fd47734d000 r--p 00000000 /system/lib64/libfileuri_native.z.so
7fd47734d000-7fd47736a000 r-xp 0000c000 /system/lib64/libfileuri_native.z.so
7fd47736a000-7fd47736c000 r--p 00028000 /system/lib64/libfileuri_native.z.so
7fd47736c000-7fd47736d000 rw-p 00029000 /system/lib64/libfileuri_native.z.so
7fd47736d000-7fd477380000 rw-p 00000000 [anon:native_heap:brk]
7fd477380000-7fd47738c000 r--p 00000000 /system/lib64/libbundlemgr_extension.z.so
7fd47738c000-7fd47739d000 r-xp 0000b000 /system/lib64/libbundlemgr_extension.z.so
7fd47739d000-7fd47739f000 r--p 0001b000 /system/lib64/libbundlemgr_extension.z.so
7fd47739f000-7fd4773a0000 rw-p 0001c000 /system/lib64/libbundlemgr_extension.z.so
7fd4773a0000-7fd4773ac000 rw-p 00000000 [anon:native_heap:brk]
7fd4773c0000-7fd477459000 r--p 00000000 /system/lib64/libgraphics_effect.z.so
7fd477459000-7fd477521000 r-xp 00098000 /system/lib64/libgraphics_effect.z.so
7fd477521000-7fd477528000 r--p 0015f000 /system/lib64/libgraphics_effect.z.so
7fd477528000-7fd47752a000 rw-p 00165000 /system/lib64/libgraphics_effect.z.so
7fd47752a000-7fd47752d000 rw-p 00000000 [anon:libgraphics_effect.z.so.bss]
7fd47752d000-7fd477540000 rw-p 00000000 [anon:native_heap:brk]
7fd477540000-7fd477541000 r--p 00000000 /system/lib64/platformsdk/libabsl_strings_internal.z.so
7fd477541000-7fd477543000 r-xp 00000000 /system/lib64/platformsdk/libabsl_strings_internal.z.so
7fd477543000-7fd477544000 r--p 00001000 /system/lib64/platformsdk/libabsl_strings_internal.z.so
7fd477544000-7fd477545000 rw-p 00001000 /system/lib64/platformsdk/libabsl_strings_internal.z.so
7fd477580000-7fd477582000 r--p 00000000 /system/lib64/chipset-sdk-sp/libasync_stack.z.so
7fd477582000-7fd477585000 r-xp 00001000 /system/lib64/chipset-sdk-sp/libasync_stack.z.so
7fd477585000-7fd477586000 r--p 00003000 /system/lib64/chipset-sdk-sp/libasync_stack.z.so
7fd477586000-7fd477587000 rw-p 00003000 /system/lib64/chipset-sdk-sp/libasync_stack.z.so
7fd4775c0000-7fd4775c9000 r--p 00000000 /system/lib64/libappspawn_client.z.so
7fd4775c9000-7fd4775d5000 r-xp 00008000 /system/lib64/libappspawn_client.z.so
7fd4775d5000-7fd4775d6000 r--p 00013000 /system/lib64/libappspawn_client.z.so
7fd4775d6000-7fd4775d7000 rw-p 00013000 /system/lib64/libappspawn_client.z.so
7fd4775d7000-7fd4775d8000 rw-p 00000000 [anon:libappspawn_client.z.so.bss]
7fd4775e0000-7fd4775e8000 rw-p 00000000 [anon:native_heap:brk]
7fd477600000-7fd4776f9000 r--p 00000000 /system/lib64/platformsdk/libhmicuuc.z.so
7fd4776f9000-7fd477811000 r-xp 000f8000 /system/lib64/platformsdk/libhmicuuc.z.so
7fd477811000-7fd477827000 r--p 0020f000 /system/lib64/platformsdk/libhmicuuc.z.so
7fd477827000-7fd477828000 rw-p 00224000 /system/lib64/platformsdk/libhmicuuc.z.so
7fd477828000-7fd47782a000 rw-p 00000000 [anon:libhmicuuc.z.so.bss]
7fd477830000-7fd477840000 rw-p 00000000 [anon:native_heap:brk]
7fd477840000-7fd4778bc000 r--p 00000000 /system/lib64/platformsdk/libimage_native.z.so
7fd4778bc000-7fd477979000 r-xp 0007b000 /system/lib64/platformsdk/libimage_native.z.so
7fd477979000-7fd477982000 r--p 00137000 /system/lib64/platformsdk/libimage_native.z.so
7fd477982000-7fd477983000 rw-p 0013f000 /system/lib64/platformsdk/libimage_native.z.so
7fd477983000-7fd477986000 rw-p 00000000 [anon:libimage_native.z.so.bss]
7fd477986000-7fd477987000 rw-s 00000000 /data/service/el1/public/database/insight_intent/insight_intent.db-dwr
7fd4779c0000-7fd4779d2000 r--p 00000000 /system/lib64/platformsdk/libdataobs_manager.z.so
7fd4779d2000-7fd4779dc000 r-xp 00011000 /system/lib64/platformsdk/libdataobs_manager.z.so
7fd4779dc000-7fd4779e0000 r--p 0001a000 /system/lib64/platformsdk/libdataobs_manager.z.so
7fd4779e0000-7fd4779e1000 rw-p 0001d000 /system/lib64/platformsdk/libdataobs_manager.z.so
7fd4779f0000-7fd4779f8000 rw-p 00000000 [anon:native_heap:brk]
7fd477a00000-7fd477a07000 r--p 00000000 /system/lib64/platformsdk/libdbms_fwk.z.so
7fd477a07000-7fd477a0e000 r-xp 00006000 /system/lib64/platformsdk/libdbms_fwk.z.so
7fd477a0e000-7fd477a10000 r--p 0000c000 /system/lib64/platformsdk/libdbms_fwk.z.so
7fd477a10000-7fd477a11000 rw-p 0000d000 /system/lib64/platformsdk/libdbms_fwk.z.so
7fd477a11000-7fd477a12000 rw-p 00000000 [anon:native_heap:brk]
7fd477a18000-7fd477a20000 rw-p 00000000 [anon:native_heap:brk]
7fd477a40000-7fd477a51000 r--p 00000000 /system/lib64/chipset-sdk/libxperfservice_client.z.so
7fd477a51000-7fd477a5a000 r-xp 00010000 /system/lib64/chipset-sdk/libxperfservice_client.z.so
7fd477a5a000-7fd477a60000 r--p 00018000 /system/lib64/chipset-sdk/libxperfservice_client.z.so
7fd477a60000-7fd477a61000 rw-p 0001d000 /system/lib64/chipset-sdk/libxperfservice_client.z.so
7fd477a70000-7fd477a80000 rw-p 00000000 [anon:native_heap:brk]
7fd477a80000-7fd477aa3000 r--p 00000000 /system/lib64/platformsdk/libaccessibilityconfig.z.so
7fd477aa3000-7fd477ab6000 r-xp 00022000 /system/lib64/platformsdk/libaccessibilityconfig.z.so
7fd477ab6000-7fd477abd000 r--p 00034000 /system/lib64/platformsdk/libaccessibilityconfig.z.so
7fd477abd000-7fd477abe000 rw-p 0003a000 /system/lib64/platformsdk/libaccessibilityconfig.z.so
7fd477abe000-7fd477ac0000 rw-p 00000000 [anon:native_heap:brk]
7fd477ac0000-7fd477b0d000 r--p 00000000 /system/lib64/platformsdk/libace_napi.z.so
7fd477b0d000-7fd477b6c000 r-xp 0004c000 /system/lib64/platformsdk/libace_napi.z.so
7fd477b6c000-7fd477b71000 r--p 000aa000 /system/lib64/platformsdk/libace_napi.z.so
7fd477b71000-7fd477b72000 rw-p 000ae000 /system/lib64/platformsdk/libace_napi.z.so
7fd477b72000-7fd477b73000 rw-p 00000000 [anon:libace_napi.z.so.bss]
7fd477b78000-7fd477b7c000 rw-p 00000000 [anon:native_heap:brk]
7fd477b80000-7fd477bb5000 r--p 00000000 /system/lib64/platformsdk/libmmi-util.z.so
7fd477bb5000-7fd477bf3000 r-xp 00034000 /system/lib64/platformsdk/libmmi-util.z.so
7fd477bf3000-7fd477bf6000 r--p 00071000 /system/lib64/platformsdk/libmmi-util.z.so
7fd477bf6000-7fd477bf7000 rw-p 00073000 /system/lib64/platformsdk/libmmi-util.z.so
7fd477bf8000-7fd477c00000 rw-p 00000000 [anon:native_heap:brk]
7fd477c00000-7fd477c0c000 r--p 00000000 /system/lib64/libdevicemanagerjson.z.so
7fd477c0c000-7fd477c18000 r-xp 0000b000 /system/lib64/libdevicemanagerjson.z.so
7fd477c18000-7fd477c1a000 r--p 00016000 /system/lib64/libdevicemanagerjson.z.so
7fd477c1a000-7fd477c1b000 rw-p 00017000 /system/lib64/libdevicemanagerjson.z.so
7fd477c1b000-7fd477c1e000 rw-p 00000000 [anon:native_heap:brk]
7fd477c1e000-7fd477c40000 rw-p 00000000 [anon:native_heap:brk]
7fd477c40000-7fd477c5b000 r--p 00000000 /system/lib64/libdistributed_device_profile_sdk.z.so
7fd477c5b000-7fd477c79000 r-xp 0001a000 /system/lib64/libdistributed_device_profile_sdk.z.so
7fd477c79000-7fd477c7f000 r--p 00037000 /system/lib64/libdistributed_device_profile_sdk.z.so
7fd477c7f000-7fd477c80000 rw-p 0003c000 /system/lib64/libdistributed_device_profile_sdk.z.so
7fd477c80000-7fd477cd7000 r--p 00000000 /system/lib64/platformsdk/libdevicemanagersdk.z.so
7fd477cd7000-7fd477d52000 r-xp 00056000 /system/lib64/platformsdk/libdevicemanagersdk.z.so
7fd477d52000-7fd477d5a000 r--p 000d0000 /system/lib64/platformsdk/libdevicemanagersdk.z.so
7fd477d5a000-7fd477d5b000 rw-p 000d7000 /system/lib64/platformsdk/libdevicemanagersdk.z.so
7fd477d5b000-7fd477d70000 rw-p 00000000 [anon:native_heap:brk]
7fd477d78000-7fd477d80000 rw-p 00000000 [anon:native_heap:brk]
7fd477d80000-7fd477d82000 r--p 00000000 /system/lib64/platformsdk/librestorecon.z.so
7fd477d82000-7fd477d86000 r-xp 00001000 /system/lib64/platformsdk/librestorecon.z.so
7fd477d86000-7fd477d87000 r--p 00004000 /system/lib64/platformsdk/librestorecon.z.so
7fd477d87000-7fd477d88000 rw-p 00004000 /system/lib64/platformsdk/librestorecon.z.so
7fd477d89000-7fd477d8d000 rw-p 00000000 [anon:native_heap:brk]
7fd477da0000-7fd477dc0000 rw-p 00000000 [anon:native_heap:brk]
7fd477dc0000-7fd477dc1000 r--p 00000000 /system/lib64/libmmi_rust_key_config.z.so
7fd477dc1000-7fd477dc3000 r-xp 00000000 /system/lib64/libmmi_rust_key_config.z.so
7fd477dc3000-7fd477dc5000 r--p 00001000 /system/lib64/libmmi_rust_key_config.z.so
7fd477dc5000-7fd477dc6000 rw-p 00002000 /system/lib64/libmmi_rust_key_config.z.so
7fd477dc6000-7fd477dc7000 rw-p 00000000 [anon:native_heap:brk]
7fd477e00000-7fd477e02000 r--p 00000000 /system/lib64/platformsdk/libimage_error_convert.z.so
7fd477e02000-7fd477e03000 r-xp 00001000 /system/lib64/platformsdk/libimage_error_convert.z.so
7fd477e03000-7fd477e04000 r--p 00001000 /system/lib64/platformsdk/libimage_error_convert.z.so
7fd477e04000-7fd477e05000 rw-p 00001000 /system/lib64/platformsdk/libimage_error_convert.z.so
7fd477e40000-7fd477e62000 r--p 00000000 /system/lib64/platformsdk/libsoftbus_utils.z.so
7fd477e62000-7fd477e93000 r-xp 00021000 /system/lib64/platformsdk/libsoftbus_utils.z.so
7fd477e93000-7fd477e95000 r--p 00051000 /system/lib64/platformsdk/libsoftbus_utils.z.so
7fd477e95000-7fd477e98000 rw-p 00052000 /system/lib64/platformsdk/libsoftbus_utils.z.so
7fd477e98000-7fd477e9a000 rw-p 00000000 [anon:libsoftbus_utils.z.so.bss]
7fd477e9a000-7fd477e9e000 rw-p 00000000 [anon:native_heap:brk]
7fd477e9e000-7fd477ea0000 ---p 00000000 
7fd477ea0000-7fd477ea7000 rw-p 00000000 [anon:signal_stack:1409]
7fd477eb0000-7fd477ec0000 rw-p 00000000 [anon:native_heap:brk]
7fd477ec0000-7fd477ecd000 r--p 00000000 /system/lib64/chipset-sdk-sp/libhdf_ipc_adapter.z.so
7fd477ecd000-7fd477ede000 r-xp 0000c000 /system/lib64/chipset-sdk-sp/libhdf_ipc_adapter.z.so
7fd477ede000-7fd477ee0000 r--p 0001c000 /system/lib64/chipset-sdk-sp/libhdf_ipc_adapter.z.so
7fd477ee0000-7fd477ee1000 rw-p 0001d000 /system/lib64/chipset-sdk-sp/libhdf_ipc_adapter.z.so
7fd477ee8000-7fd477f00000 rw-p 00000000 [anon:native_heap:brk]
7fd477f00000-7fd477f1a000 r--p 00000000 /system/lib64/platformsdk/libos_account_innerkits.z.so
7fd477f1a000-7fd477f3a000 r-xp 00019000 /system/lib64/platformsdk/libos_account_innerkits.z.so
7fd477f3a000-7fd477f3f000 r--p 00038000 /system/lib64/platformsdk/libos_account_innerkits.z.so
7fd477f3f000-7fd477f40000 rw-p 0003c000 /system/lib64/platformsdk/libos_account_innerkits.z.so
7fd477f40000-7fd477f41000 rw-p 00000000 [anon:libos_account_innerkits.z.so.bss]
7fd477f41000-7fd477f4d000 rw-p 00000000 [anon:native_heap:brk]
7fd477f80000-7fd477f82000 r--p 00000000 /system/lib64/platformsdk/libusagestatsutils.z.so
7fd477f82000-7fd477f84000 r-xp 00001000 /system/lib64/platformsdk/libusagestatsutils.z.so
7fd477f84000-7fd477f85000 r--p 00002000 /system/lib64/platformsdk/libusagestatsutils.z.so
7fd477f85000-7fd477f86000 rw-p 00002000 /system/lib64/platformsdk/libusagestatsutils.z.so
7fd477f86000-7fd477f87000 rw-p 00000000 [anon:libusagestatsutils.z.so.bss]
7fd477f8d000-7fd477fc0000 rw-p 00000000 [anon:native_heap:mmap]
7fd477fc0000-7fd477fd0000 r--p 00000000 /system/lib64/platformsdk/libdistributeddb_client.z.so
7fd477fd0000-7fd478015000 r-xp 0000f000 /system/lib64/platformsdk/libdistributeddb_client.z.so
7fd478015000-7fd478018000 r--p 00053000 /system/lib64/platformsdk/libdistributeddb_client.z.so
7fd478018000-7fd478019000 rw-p 00055000 /system/lib64/platformsdk/libdistributeddb_client.z.so
7fd478019000-7fd47801a000 rw-p 00000000 [anon:native_heap:brk]
7fd478020000-7fd47802c000 rw-p 00000000 [anon:native_heap:brk]
7fd478038000-7fd478040000 rw-p 00000000 [anon:native_heap:brk]
7fd478040000-7fd478043000 r--p 00000000 /system/lib64/libdecompress.z.so
7fd478043000-7fd478046000 r-xp 00002000 /system/lib64/libdecompress.z.so
7fd478046000-7fd478047000 r--p 00004000 /system/lib64/libdecompress.z.so
7fd478047000-7fd478048000 rw-p 00004000 /system/lib64/libdecompress.z.so
7fd478048000-7fd478066000 rw-p 00000000 [anon:native_heap:brk]
7fd478080000-7fd4780c3000 r--p 00000000 /system/lib64/platformsdk/libsqlite.z.so
7fd4780c3000-7fd478231000 r-xp 00042000 /system/lib64/platformsdk/libsqlite.z.so
7fd478231000-7fd478235000 r--p 001af000 /system/lib64/platformsdk/libsqlite.z.so
7fd478235000-7fd478239000 rw-p 001b2000 /system/lib64/platformsdk/libsqlite.z.so
7fd47823a000-7fd478240000 rw-p 00000000 [anon:native_heap:brk]
7fd478240000-7fd478269000 r--p 00000000 /system/lib64/libvsync.z.so
7fd478269000-7fd478291000 r-xp 00028000 /system/lib64/libvsync.z.so
7fd478291000-7fd478297000 r--p 0004f000 /system/lib64/libvsync.z.so
7fd478297000-7fd478298000 rw-p 00054000 /system/lib64/libvsync.z.so
7fd478298000-7fd4782a6000 rw-p 00000000 [anon:native_heap:brk]
7fd4782c0000-7fd4782c4000 r--p 00000000 /system/lib64/platformsdk/libzuri.z.so
7fd4782c4000-7fd4782c9000 r-xp 00003000 /system/lib64/platformsdk/libzuri.z.so
7fd4782c9000-7fd4782ca000 r--p 00007000 /system/lib64/platformsdk/libzuri.z.so
7fd4782ca000-7fd4782cb000 rw-p 00007000 /system/lib64/platformsdk/libzuri.z.so
7fd4782cb000-7fd4782d3000 rw-p 00000000 [anon:native_heap:brk]
7fd4782e9000-7fd4782f1000 rw-p 00000000 [anon:native_heap:brk]
7fd4782f8000-7fd478300000 rw-p 00000000 [anon:native_heap:brk]
7fd478300000-7fd47831b000 r--p 00000000 /system/lib64/chipset-sdk/libpng.z.so
7fd47831b000-7fd478355000 r-xp 0001a000 /system/lib64/chipset-sdk/libpng.z.so
7fd478355000-7fd478357000 r--p 00053000 /system/lib64/chipset-sdk/libpng.z.so
7fd478357000-7fd478358000 rw-p 00054000 /system/lib64/chipset-sdk/libpng.z.so
7fd478358000-7fd47835b000 rw-p 00000000 [anon:native_heap:brk]
7fd478362000-7fd47836b000 rw-p 00000000 [anon:native_heap:brk]
7fd478378000-7fd478380000 rw-p 00000000 [anon:native_heap:brk]
7fd478380000-7fd478391000 r--p 00000000 /system/lib64/platformsdk/libbase.z.so
7fd478391000-7fd478399000 r-xp 00010000 /system/lib64/platformsdk/libbase.z.so
7fd478399000-7fd47839c000 r--p 00017000 /system/lib64/platformsdk/libbase.z.so
7fd47839c000-7fd47839d000 rw-p 00019000 /system/lib64/platformsdk/libbase.z.so
7fd47839d000-7fd47839e000 rw-p 00000000 [anon:native_heap:brk]
7fd4783c0000-7fd4783c7000 r--p 00000000 /system/lib64/platformsdk/libframe_ui_intf.z.so
7fd4783c7000-7fd4783cc000 r-xp 00006000 /system/lib64/platformsdk/libframe_ui_intf.z.so
7fd4783cc000-7fd4783cd000 r--p 0000a000 /system/lib64/platformsdk/libframe_ui_intf.z.so
7fd4783cd000-7fd4783ce000 rw-p 0000a000 /system/lib64/platformsdk/libframe_ui_intf.z.so
7fd4783ce000-7fd478400000 rw-p 00000000 [anon:native_heap:brk]
7fd478400000-7fd478406000 r--p 00000000 /system/lib64/libframe_analyzer.z.so
7fd478406000-7fd47840d000 r-xp 00005000 /system/lib64/libframe_analyzer.z.so
7fd47840d000-7fd47840e000 r--p 0000b000 /system/lib64/libframe_analyzer.z.so
7fd47840e000-7fd47840f000 rw-p 0000b000 /system/lib64/libframe_analyzer.z.so
7fd47840f000-7fd478412000 rw-p 00000000 [anon:libframe_analyzer.z.so.bss]
7fd478412000-7fd47841f000 rw-p 00000000 [anon:native_heap:brk]
7fd478440000-7fd478465000 r--p 00000000 /system/lib64/libGLESv3.so
7fd478465000-7fd47848d000 r-xp 00024000 /system/lib64/libGLESv3.so
7fd47848d000-7fd47848f000 r--p 0004b000 /system/lib64/libGLESv3.so
7fd47848f000-7fd478490000 rw-p 0004c000 /system/lib64/libGLESv3.so
7fd4784a0000-7fd4784c0000 rw-p 00000000 [anon:native_heap:brk]
7fd4784c0000-7fd47854c000 r--p 00000000 /system/lib64/libstd.dylib.so
7fd47854c000-7fd4785db000 r-xp 0008b000 /system/lib64/libstd.dylib.so
7fd4785db000-7fd4785e3000 r--p 00119000 /system/lib64/libstd.dylib.so
7fd4785e3000-7fd4785e4000 rw-p 00120000 /system/lib64/libstd.dylib.so
7fd4785e4000-7fd4785e5000 rw-p 00000000 [anon:libstd.dylib.so.bss]
7fd4785e5000-7fd4785e6000 rw-p 00000000 [anon:native_heap:brk]
7fd478600000-7fd47864a000 r--p 00000000 /system/lib64/platformsdk/libwant.z.so
7fd47864a000-7fd4786ba000 r-xp 00049000 /system/lib64/platformsdk/libwant.z.so
7fd4786ba000-7fd4786bf000 r--p 000b8000 /system/lib64/platformsdk/libwant.z.so
7fd4786bf000-7fd4786c0000 rw-p 000bc000 /system/lib64/platformsdk/libwant.z.so
7fd4786c0000-7fd4786c1000 rw-p 00000000 [anon:libwant.z.so.bss]
7fd4786c1000-7fd4786c6000 rw-p 00000000 [anon:native_heap:brk]
7fd4786e0000-7fd478700000 rw-p 00000000 [anon:native_heap:brk]
7fd478700000-7fd47872e000 r--p 00000000 /system/lib64/libsyscap_interface_shared.z.so
7fd47872e000-7fd478731000 r-xp 0002d000 /system/lib64/libsyscap_interface_shared.z.so
7fd478731000-7fd478732000 r--p 0002f000 /system/lib64/libsyscap_interface_shared.z.so
7fd478732000-7fd478733000 rw-p 0002f000 /system/lib64/libsyscap_interface_shared.z.so
7fd47873e000-7fd47873f000 rw-p 00000000 [anon:native_heap:brk]
7fd478740000-7fd478785000 r--p 00000000 /system/lib64/platformsdk/libglobal_resmgr.z.so
7fd478785000-7fd4787e2000 r-xp 00044000 /system/lib64/platformsdk/libglobal_resmgr.z.so
7fd4787e2000-7fd4787e6000 r--p 000a0000 /system/lib64/platformsdk/libglobal_resmgr.z.so
7fd4787e6000-7fd4787e7000 rw-p 000a3000 /system/lib64/platformsdk/libglobal_resmgr.z.so
7fd4787e7000-7fd4787e8000 rw-p 00000000 [anon:libglobal_resmgr.z.so.bss]
7fd478800000-7fd478812000 r--p 00000000 /system/lib64/libcodec_proxy_4.0.z.so
7fd478812000-7fd478822000 r-xp 00011000 /system/lib64/libcodec_proxy_4.0.z.so
7fd478822000-7fd478825000 r--p 00020000 /system/lib64/libcodec_proxy_4.0.z.so
7fd478825000-7fd478826000 rw-p 00022000 /system/lib64/libcodec_proxy_4.0.z.so
7fd478840000-7fd4788ab000 r--p 00000000 /system/lib64/chipset-sdk/libxml2.z.so
7fd4788ab000-7fd478981000 r-xp 0006a000 /system/lib64/chipset-sdk/libxml2.z.so
7fd478981000-7fd47898a000 r--p 0013f000 /system/lib64/chipset-sdk/libxml2.z.so
7fd47898a000-7fd47898b000 rw-p 00147000 /system/lib64/chipset-sdk/libxml2.z.so
7fd47898b000-7fd47898c000 rw-p 00000000 [anon:libxml2.z.so.bss]
7fd47898c000-7fd47898f000 rw-p 00000000 [anon:native_heap:brk]
7fd4789a0000-7fd4789c0000 rw-p 00000000 [anon:native_heap:brk]
7fd4789c0000-7fd4789e1000 r--p 00000000 /system/lib64/platformsdk/libipc_napi.z.so
7fd4789e1000-7fd478a12000 r-xp 00020000 /system/lib64/platformsdk/libipc_napi.z.so
7fd478a12000-7fd478a17000 r--p 00050000 /system/lib64/platformsdk/libipc_napi.z.so
7fd478a17000-7fd478a18000 rw-p 00054000 /system/lib64/platformsdk/libipc_napi.z.so
7fd478a40000-7fd478a43000 r--p 00000000 /system/lib64/platformsdk/libability_start_setting.z.so
7fd478a43000-7fd478a46000 r-xp 00002000 /system/lib64/platformsdk/libability_start_setting.z.so
7fd478a46000-7fd478a47000 r--p 00004000 /system/lib64/platformsdk/libability_start_setting.z.so
7fd478a47000-7fd478a48000 rw-p 00004000 /system/lib64/platformsdk/libability_start_setting.z.so
7fd478a48000-7fd478a4d000 rw-p 00000000 [anon:native_heap:brk]
7fd478a4d000-7fd478a70000 rw-p 00000000 [anon:native_heap:mmap]
7fd478a70000-7fd478a80000 rw-p 00000000 [anon:native_heap:brk]
7fd478a80000-7fd478a8b000 r--p 00000000 /system/lib64/libconcurrent_task_client.z.so
7fd478a8b000-7fd478a95000 r-xp 0000a000 /system/lib64/libconcurrent_task_client.z.so
7fd478a95000-7fd478a98000 r--p 00013000 /system/lib64/libconcurrent_task_client.z.so
7fd478a98000-7fd478a99000 rw-p 00015000 /system/lib64/libconcurrent_task_client.z.so
7fd478aa8000-7fd478ac0000 rw-p 00000000 [anon:native_heap:brk]
7fd478ac0000-7fd478e89000 r--p 00000000 /system/lib64/libskia_canvaskit.z.so
7fd478e89000-7fd479610000 r-xp 003c8000 /system/lib64/libskia_canvaskit.z.so
7fd479610000-7fd47964f000 r--p 00b4e000 /system/lib64/libskia_canvaskit.z.so
7fd47964f000-7fd479652000 rw-p 00b8c000 /system/lib64/libskia_canvaskit.z.so
7fd479652000-7fd479658000 rw-p 00000000 [anon:libskia_canvaskit.z.so.bss]
7fd479658000-7fd479675000 rw-p 00000000 [anon:native_heap:brk]
7fd479675000-7fd479677000 rw-p 00000000 [anon:native_heap:brk]
7fd479680000-7fd479687000 r--p 00000000 /system/lib64/chipset-sdk-sp/libdisplay_buffer_proxy_1.0.z.so
7fd479687000-7fd47968d000 r-xp 00006000 /system/lib64/chipset-sdk-sp/libdisplay_buffer_proxy_1.0.z.so
7fd47968d000-7fd47968f000 r--p 0000b000 /system/lib64/chipset-sdk-sp/libdisplay_buffer_proxy_1.0.z.so
7fd47968f000-7fd479690000 rw-p 0000c000 /system/lib64/chipset-sdk-sp/libdisplay_buffer_proxy_1.0.z.so
7fd479693000-7fd4796a1000 rw-p 00000000 [anon:native_heap:brk]
7fd4796aa000-7fd4796ae000 rw-p 00000000 [anon:native_heap:brk]
7fd4796ae000-7fd4796b0000 ---p 00000000 
7fd4796b0000-7fd4796b7000 rw-p 00000000 [anon:signal_stack:1179]
7fd4796b7000-7fd4796b9000 ---p 00000000 
7fd4796b9000-7fd4796c0000 rw-p 00000000 [anon:signal_stack:1178]
7fd4796c0000-7fd4796eb000 r--p 00000000 /system/lib64/libhapverify.z.so
7fd4796eb000-7fd47972b000 r-xp 0002a000 /system/lib64/libhapverify.z.so
7fd47972b000-7fd47972e000 r--p 00069000 /system/lib64/libhapverify.z.so
7fd47972e000-7fd47972f000 rw-p 0006b000 /system/lib64/libhapverify.z.so
7fd47972f000-7fd479730000 rw-p 00000000 [anon:libhapverify.z.so.bss]
7fd479730000-7fd479740000 rw-p 00000000 [anon:native_heap:brk]
7fd479740000-7fd47975a000 r--p 00000000 /system/lib64/platformsdk/libsession_manager_lite.z.so
7fd47975a000-7fd479780000 r-xp 00019000 /system/lib64/platformsdk/libsession_manager_lite.z.so
7fd479780000-7fd479785000 r--p 0003e000 /system/lib64/platformsdk/libsession_manager_lite.z.so
7fd479785000-7fd479786000 rw-p 00042000 /system/lib64/platformsdk/libsession_manager_lite.z.so
7fd479787000-7fd479789000 ---p 00000000 
7fd479789000-7fd479790000 rw-p 00000000 [anon:signal_stack:1175]
7fd479790000-7fd4797c0000 rw-p 00000000 [anon:native_heap:brk]
7fd4797c0000-7fd4798e5000 r--p 00000000 /system/lib64/librender_service_client.z.so
7fd4798e5000-7fd479b70000 r-xp 00124000 /system/lib64/librender_service_client.z.so
7fd479b70000-7fd479b88000 r--p 003ae000 /system/lib64/librender_service_client.z.so
7fd479b88000-7fd479b89000 rw-p 003c5000 /system/lib64/librender_service_client.z.so
7fd479b89000-7fd479b8c000 rw-p 00000000 [anon:librender_service_client.z.so.bss]
7fd479b8c000-7fd479bc0000 rw-p 00000000 [anon:native_heap:brk]
7fd479bc0000-7fd479bcf000 r--p 00000000 /system/lib64/libapp_fwk_update_service.z.so
7fd479bcf000-7fd479bd7000 r-xp 0000e000 /system/lib64/libapp_fwk_update_service.z.so
7fd479bd7000-7fd479bdb000 r--p 00015000 /system/lib64/libapp_fwk_update_service.z.so
7fd479bdb000-7fd479bdc000 rw-p 00018000 /system/lib64/libapp_fwk_update_service.z.so
7fd479bdd000-7fd479bdf000 rw-p 00000000 [anon:native_heap:brk]
7fd479be7000-7fd479c00000 rw-p 00000000 [anon:native_heap:brk]
7fd479c00000-7fd479c0f000 r--p 00000000 /system/lib64/chipset-sdk-sp/libhdi.z.so
7fd479c0f000-7fd479c1b000 r-xp 0000e000 /system/lib64/chipset-sdk-sp/libhdi.z.so
7fd479c1b000-7fd479c1f000 r--p 00019000 /system/lib64/chipset-sdk-sp/libhdi.z.so
7fd479c1f000-7fd479c20000 rw-p 0001c000 /system/lib64/chipset-sdk-sp/libhdi.z.so
7fd479c21000-7fd479c23000 rw-p 00000000 [anon:native_heap:brk]
7fd479c23000-7fd479c25000 ---p 00000000 
7fd479c25000-7fd479c2c000 rw-p 00000000 [anon:signal_stack:1171]
7fd479c2c000-7fd479c34000 rw-p 00000000 [anon:native_heap:brk]
7fd479c35000-7fd479c3b000 rw-p 00000000 [anon:native_heap:brk]
7fd479c3b000-7fd479c40000 r--s 00000000 /dev/__parameters__/u:object_r:bms_param:s0
7fd479c40000-7fd479c59000 r--p 00000000 /system/lib64/libapp_util.z.so
7fd479c59000-7fd479c75000 r-xp 00018000 /system/lib64/libapp_util.z.so
7fd479c75000-7fd479c77000 r--p 00033000 /system/lib64/libapp_util.z.so
7fd479c77000-7fd479c78000 rw-p 00034000 /system/lib64/libapp_util.z.so
7fd479c78000-7fd479c80000 rw-p 00000000 [anon:native_heap:brk]
7fd479c80000-7fd479c8a000 r--p 00000000 /system/lib64/libimage_proxy_2.1.z.so
7fd479c8a000-7fd479c94000 r-xp 00009000 /system/lib64/libimage_proxy_2.1.z.so
7fd479c94000-7fd479c95000 r--p 00012000 /system/lib64/libimage_proxy_2.1.z.so
7fd479c95000-7fd479c96000 rw-p 00012000 /system/lib64/libimage_proxy_2.1.z.so
7fd479c96000-7fd479c97000 rw-p 00000000 [anon:libimage_proxy_2.1.z.so.bss]
7fd479c97000-7fd479cac000 rw-p 00000000 [anon:native_heap:brk]
7fd479cac000-7fd479cc0000 rw-p 00000000 [anon:native_heap:brk]
7fd479cc0000-7fd479cc5000 r--p 00000000 /system/lib64/chipset-sdk-sp/libdisplay_buffer_proxy_1.4.z.so
7fd479cc5000-7fd479cc9000 r-xp 00004000 /system/lib64/chipset-sdk-sp/libdisplay_buffer_proxy_1.4.z.so
7fd479cc9000-7fd479ccb000 r--p 00007000 /system/lib64/chipset-sdk-sp/libdisplay_buffer_proxy_1.4.z.so
7fd479ccb000-7fd479ccc000 rw-p 00008000 /system/lib64/chipset-sdk-sp/libdisplay_buffer_proxy_1.4.z.so
7fd479ccc000-7fd479cdf000 rw-p 00000000 [anon:native_heap:brk]
7fd479cf0000-7fd479cf8000 rw-p 00000000 [anon:native_heap:brk]
7fd479d00000-7fd479d12000 r--p 00000000 /system/lib64/platformsdk/libwmutil_base.z.so
7fd479d12000-7fd479d25000 r-xp 00011000 /system/lib64/platformsdk/libwmutil_base.z.so
7fd479d25000-7fd479d28000 r--p 00023000 /system/lib64/platformsdk/libwmutil_base.z.so
7fd479d28000-7fd479d29000 rw-p 00025000 /system/lib64/platformsdk/libwmutil_base.z.so
7fd479d29000-7fd479d2a000 rw-p 00000000 [anon:libwmutil_base.z.so.bss]
7fd479d2a000-7fd479d3a000 rw-p 00000000 [anon:native_heap:brk]
7fd479d3a000-7fd479d40000 rw-p 00000000 [anon:native_heap:brk]
7fd479d40000-7fd479d4f000 r--p 00000000 /system/lib64/chipset-sdk-sp/libbeget_proxy.z.so
7fd479d4f000-7fd479d5f000 r-xp 0000e000 /system/lib64/chipset-sdk-sp/libbeget_proxy.z.so
7fd479d5f000-7fd479d63000 r--p 0001d000 /system/lib64/chipset-sdk-sp/libbeget_proxy.z.so
7fd479d63000-7fd479d64000 rw-p 00020000 /system/lib64/chipset-sdk-sp/libbeget_proxy.z.so
7fd479d64000-7fd479d65000 rw-p 00000000 [anon:libbeget_proxy.z.so.bss]
7fd479d65000-7fd479d6a000 rw-p 00000000 [anon:native_heap:brk]
7fd479d6a000-7fd479d6e000 rw-p 00000000 [anon:native_heap:brk]
7fd479d6e000-7fd479d70000 ---p 00000000 
7fd479d70000-7fd479d77000 rw-p 00000000 [anon:signal_stack:1177]
7fd479d77000-7fd479d79000 ---p 00000000 
7fd479d79000-7fd479d80000 rw-p 00000000 [anon:signal_stack:1176]
7fd479d80000-7fd479d82000 r--p 00000000 /system/lib64/platformsdk/libstart_window_option.z.so
7fd479d82000-7fd479d84000 r-xp 00001000 /system/lib64/platformsdk/libstart_window_option.z.so
7fd479d84000-7fd479d85000 r--p 00002000 /system/lib64/platformsdk/libstart_window_option.z.so
7fd479d85000-7fd479d86000 rw-p 00002000 /system/lib64/platformsdk/libstart_window_option.z.so
7fd479d86000-7fd479da1000 rw-p 00000000 [anon:native_heap:brk]
7fd479da1000-7fd479da7000 rw-p 00000000 [anon:native_heap:brk]
7fd479da7000-7fd479da9000 ---p 00000000 
7fd479da9000-7fd479db0000 rw-p 00000000 [anon:signal_stack:1184]
7fd479db0000-7fd479dc0000 rw-p 00000000 [anon:native_heap:brk]
7fd479dc0000-7fd479dc4000 r--p 00000000 /system/lib64/chipset-sdk-sp/libpub_utils.z.so
7fd479dc4000-7fd479dc9000 r-xp 00003000 /system/lib64/chipset-sdk-sp/libpub_utils.z.so
7fd479dc9000-7fd479dca000 r--p 00007000 /system/lib64/chipset-sdk-sp/libpub_utils.z.so
7fd479dca000-7fd479dcb000 rw-p 00007000 /system/lib64/chipset-sdk-sp/libpub_utils.z.so
7fd479dcb000-7fd479dce000 rw-p 00000000 [anon:native_heap:brk]
7fd479dce000-7fd479dd0000 ---p 00000000 
7fd479dd0000-7fd479dd7000 rw-p 00000000 [anon:signal_stack:1169]
7fd479dd7000-7fd479dd9000 ---p 00000000 
7fd479dd9000-7fd479de0000 rw-p 00000000 [anon:signal_stack:1123]
7fd479de0000-7fd479e00000 rw-p 00000000 [anon:native_heap:brk]
7fd479e00000-7fd479fbf000 r--p 00000000 /system/lib64/chipset-sdk/libohosffmpeg.z.so
7fd479fbf000-7fd47a4c0000 r-xp 001be000 /system/lib64/chipset-sdk/libohosffmpeg.z.so
7fd47a4c0000-7fd47a4fb000 r--p 006be000 /system/lib64/chipset-sdk/libohosffmpeg.z.so
7fd47a4fb000-7fd47a4fc000 rw-p 006f8000 /system/lib64/chipset-sdk/libohosffmpeg.z.so
7fd47a4fc000-7fd47b794000 rw-p 00000000 [anon:libohosffmpeg.z.so.bss]
7fd47b794000-7fd47b797000 rw-p 00000000 [anon:native_heap:brk]
7fd47b7a0000-7fd47b7ad000 rw-p 00000000 [anon:native_heap:brk]
7fd47b7ad000-7fd47b7b7000 r--s 00000000 /dev/__parameters__/u:object_r:hiviewdfx_hiview_param:s0
7fd47b7c0000-7fd47b7cd000 r--p 00000000 /system/lib64/platformsdk/libthermalsrv_client.z.so
7fd47b7cd000-7fd47b7d6000 r-xp 0000c000 /system/lib64/platformsdk/libthermalsrv_client.z.so
7fd47b7d6000-7fd47b7da000 r--p 00014000 /system/lib64/platformsdk/libthermalsrv_client.z.so
7fd47b7da000-7fd47b7db000 rw-p 00017000 /system/lib64/platformsdk/libthermalsrv_client.z.so
7fd47b7db000-7fd47b800000 r--s 00000000 /system/etc/icu_tzdata/zoneinfo64.res
7fd47b800000-7fd47b803000 r--p 00000000 /system/lib64/libhisysevent_report.z.so
7fd47b803000-7fd47b806000 r-xp 00002000 /system/lib64/libhisysevent_report.z.so
7fd47b806000-7fd47b807000 r--p 00004000 /system/lib64/libhisysevent_report.z.so
7fd47b807000-7fd47b808000 rw-p 00004000 /system/lib64/libhisysevent_report.z.so
7fd47b808000-7fd47b820000 rw-p 00000000 [anon:native_heap:brk]
7fd47b820000-7fd47b828000 rw-s 00000000 /data/service/el1/public/database/ability_manager_service/ability_manager_service.db-shm
7fd47b828000-7fd47b840000 rw-p 00000000 [anon:native_heap:brk]
7fd47b840000-7fd47b845000 r--p 00000000 /system/lib64/platformsdk/libability_start_options.z.so
7fd47b845000-7fd47b849000 r-xp 00004000 /system/lib64/platformsdk/libability_start_options.z.so
7fd47b849000-7fd47b84b000 r--p 00007000 /system/lib64/platformsdk/libability_start_options.z.so
7fd47b84b000-7fd47b84c000 rw-p 00008000 /system/lib64/platformsdk/libability_start_options.z.so
7fd47b84c000-7fd47b84f000 rw-p 00000000 [anon:native_heap:brk]
7fd47b84f000-7fd47b851000 ---p 00000000 
7fd47b851000-7fd47b858000 rw-p 00000000 [anon:signal_stack:1121]
7fd47b858000-7fd47b880000 rw-p 00000000 [anon:native_heap:brk]
7fd47b880000-7fd47b883000 r--p 00000000 /system/lib64/platformsdk/libprocess_options.z.so
7fd47b883000-7fd47b884000 r-xp 00002000 /system/lib64/platformsdk/libprocess_options.z.so
7fd47b884000-7fd47b886000 r--p 00002000 /system/lib64/platformsdk/libprocess_options.z.so
7fd47b886000-7fd47b887000 rw-p 00003000 /system/lib64/platformsdk/libprocess_options.z.so
7fd47b887000-7fd47b8c0000 rw-p 00000000 [anon:native_heap:brk]
7fd47b8c0000-7fd47b9b7000 r--p 00000000 /system/lib64/platformsdk/libappexecfwk_core.z.so
7fd47b9b7000-7fd47ba88000 r-xp 000f6000 /system/lib64/platformsdk/libappexecfwk_core.z.so
7fd47ba88000-7fd47baa7000 r--p 001c6000 /system/lib64/platformsdk/libappexecfwk_core.z.so
7fd47baa7000-7fd47baa8000 rw-p 001e4000 /system/lib64/platformsdk/libappexecfwk_core.z.so
7fd47baa8000-7fd47baa9000 rw-p 00000000 [anon:libappexecfwk_core.z.so.bss]
7fd47baa9000-7fd47bac0000 rw-p 00000000 [anon:native_heap:brk]
7fd47bac0000-7fd47bb18000 r--p 00000000 /system/lib64/libnstackx_dfile.z.so
7fd47bb18000-7fd47bbb1000 r-xp 00057000 /system/lib64/libnstackx_dfile.z.so
7fd47bbb1000-7fd47bbb5000 r--p 000ef000 /system/lib64/libnstackx_dfile.z.so
7fd47bbb5000-7fd47bbb6000 rw-p 000f2000 /system/lib64/libnstackx_dfile.z.so
7fd47bbb6000-7fd47bbba000 rw-p 00000000 [anon:libnstackx_dfile.z.so.bss]
7fd47bbba000-7fd47bbc0000 rw-p 00000000 [anon:native_heap:brk]
7fd47bbc0000-7fd47bc3c000 r--p 00000000 /system/lib64/chipset-sdk-sp/libprotobuf_lite.z.so
7fd47bc3c000-7fd47bcea000 r-xp 0007b000 /system/lib64/chipset-sdk-sp/libprotobuf_lite.z.so
7fd47bcea000-7fd47bcef000 r--p 00128000 /system/lib64/chipset-sdk-sp/libprotobuf_lite.z.so
7fd47bcef000-7fd47bcf1000 rw-p 0012c000 /system/lib64/chipset-sdk-sp/libprotobuf_lite.z.so
7fd47bcf1000-7fd47bcf3000 rw-p 00000000 [anon:libprotobuf_lite.z.so.bss]
7fd47bcf3000-7fd47bd00000 rw-p 00000000 [anon:native_heap:brk]
7fd47bd00000-7fd47bd6a000 r--p 00000000 /system/lib64/platformsdk/libmmi-client.z.so
7fd47bd6a000-7fd47be0e000 r-xp 00069000 /system/lib64/platformsdk/libmmi-client.z.so
7fd47be0e000-7fd47be15000 r--p 0010c000 /system/lib64/platformsdk/libmmi-client.z.so
7fd47be15000-7fd47be16000 rw-p 00112000 /system/lib64/platformsdk/libmmi-client.z.so
7fd47be16000-7fd47be17000 rw-p 00000000 [anon:libmmi-client.z.so.bss]
7fd47be17000-7fd47be40000 rw-p 00000000 [anon:native_heap:brk]
7fd47be40000-7fd47be4b000 r--p 00000000 /system/lib64/platformsdk/libsoftbus_dfx.z.so
7fd47be4b000-7fd47be59000 r-xp 0000a000 /system/lib64/platformsdk/libsoftbus_dfx.z.so
7fd47be59000-7fd47be62000 r--p 00017000 /system/lib64/platformsdk/libsoftbus_dfx.z.so
7fd47be62000-7fd47be63000 rw-p 0001f000 /system/lib64/platformsdk/libsoftbus_dfx.z.so
7fd47be64000-7fd47be80000 rw-p 00000000 [anon:native_heap:brk]
7fd47be80000-7fd47be84000 r--p 00000000 /system/lib64/librelational_common_base.z.so
7fd47be84000-7fd47be91000 r-xp 00003000 /system/lib64/librelational_common_base.z.so
7fd47be91000-7fd47be93000 r--p 0000f000 /system/lib64/librelational_common_base.z.so
7fd47be93000-7fd47be94000 rw-p 00010000 /system/lib64/librelational_common_base.z.so
7fd47be94000-7fd47be97000 rw-p 00000000 [anon:native_heap:brk]
7fd47be97000-7fd47be99000 ---p 00000000 
7fd47be99000-7fd47bea0000 rw-p 00000000 [anon:signal_stack:1119]
7fd47bea0000-7fd47bec0000 rw-p 00000000 [anon:native_heap:brk]
7fd47bec0000-7fd47bec4000 r--p 00000000 /system/lib64/platformsdk/liblz4_shared.z.so
7fd47bec4000-7fd47bee5000 r-xp 00003000 /system/lib64/platformsdk/liblz4_shared.z.so
7fd47bee5000-7fd47bee6000 r--p 00023000 /system/lib64/platformsdk/liblz4_shared.z.so
7fd47bee6000-7fd47bee7000 rw-p 00023000 /system/lib64/platformsdk/liblz4_shared.z.so
7fd47bee7000-7fd47bf00000 rw-p 00000000 [anon:native_heap:brk]
7fd47bf00000-7fd47bf08000 r--p 00000000 /system/lib64/platformsdk/libsandbox_manager_communication_adapter_cxx.z.so
7fd47bf08000-7fd47bf14000 r-xp 00007000 /system/lib64/platformsdk/libsandbox_manager_communication_adapter_cxx.z.so
7fd47bf14000-7fd47bf16000 r--p 00012000 /system/lib64/platformsdk/libsandbox_manager_communication_adapter_cxx.z.so
7fd47bf16000-7fd47bf17000 rw-p 00013000 /system/lib64/platformsdk/libsandbox_manager_communication_adapter_cxx.z.so
7fd47bf17000-7fd47bf40000 rw-p 00000000 [anon:native_heap:brk]
7fd47bf40000-7fd47bf44000 r--p 00000000 /system/lib64/platformsdk/libegl_image.z.so
7fd47bf44000-7fd47bf47000 r-xp 00003000 /system/lib64/platformsdk/libegl_image.z.so
7fd47bf47000-7fd47bf48000 r--p 00005000 /system/lib64/platformsdk/libegl_image.z.so
7fd47bf48000-7fd47bf49000 rw-p 00005000 /system/lib64/platformsdk/libegl_image.z.so
7fd47bf49000-7fd47bf80000 rw-p 00000000 [anon:native_heap:brk]
7fd47bf80000-7fd47bfab000 r--p 00000000 /system/lib64/chipset-sdk/libexif.z.so
7fd47bfab000-7fd47bfc2000 r-xp 0002a000 /system/lib64/chipset-sdk/libexif.z.so
7fd47bfc2000-7fd47bfd9000 r--p 00040000 /system/lib64/chipset-sdk/libexif.z.so
7fd47bfd9000-7fd47bfda000 rw-p 00056000 /system/lib64/chipset-sdk/libexif.z.so
7fd47bfda000-7fd47bfe8000 rw-p 00000000 [anon:native_heap:brk]
7fd47bfe8000-7fd47bff0000 rw-p 00000000 [anon:native_heap:brk]
7fd47bff5000-7fd47bff6000 rw-p 00000000 [anon:native_heap:brk]
7fd47bff8000-7fd47c000000 rw-p 00000000 [anon:native_heap:brk]
7fd47c000000-7fd47c003000 r--p 00000000 /system/lib64/libcolor_manager.z.so
7fd47c003000-7fd47c007000 r-xp 00002000 /system/lib64/libcolor_manager.z.so
7fd47c007000-7fd47c009000 r--p 00005000 /system/lib64/libcolor_manager.z.so
7fd47c009000-7fd47c00a000 rw-p 00006000 /system/lib64/libcolor_manager.z.so
7fd47c00a000-7fd47c040000 rw-p 00000000 [anon:native_heap:brk]
7fd47c040000-7fd47c0ca000 r--p 00000000 /system/lib64/platformsdk/libhmicui18n.z.so
7fd47c0ca000-7fd47c217000 r-xp 00089000 /system/lib64/platformsdk/libhmicui18n.z.so
7fd47c217000-7fd47c228000 r--p 001d5000 /system/lib64/platformsdk/libhmicui18n.z.so
7fd47c228000-7fd47c229000 rw-p 001e5000 /system/lib64/platformsdk/libhmicui18n.z.so
7fd47c229000-7fd47c22a000 rw-p 00000000 [anon:libhmicui18n.z.so.bss]
7fd47c22a000-7fd47c240000 rw-p 00000000 [anon:native_heap:brk]
7fd47c240000-7fd47c244000 r--p 00000000 /system/lib64/libcolor_space_object_convertor.z.so
7fd47c244000-7fd47c24a000 r-xp 00003000 /system/lib64/libcolor_space_object_convertor.z.so
7fd47c24a000-7fd47c24b000 r--p 00008000 /system/lib64/libcolor_space_object_convertor.z.so
7fd47c24b000-7fd47c24c000 rw-p 00008000 /system/lib64/libcolor_space_object_convertor.z.so
7fd47c24c000-7fd47c25e000 rw-p 00000000 [anon:native_heap:brk]
7fd47c25e000-7fd47c280000 rw-p 00000000 [anon:native_heap:brk]
7fd47c280000-7fd47c2bc000 r--p 00000000 /system/lib64/libxmpsdk.so
7fd47c2bc000-7fd47c347000 r-xp 0003b000 /system/lib64/libxmpsdk.so
7fd47c347000-7fd47c34d000 r--p 000c5000 /system/lib64/libxmpsdk.so
7fd47c34d000-7fd47c34f000 rw-p 000ca000 /system/lib64/libxmpsdk.so
7fd47c34f000-7fd47c360000 rw-p 00000000 [anon:libxmpsdk.so.bss]
7fd47c360000-7fd47c374000 rw-p 00000000 [anon:native_heap:brk]
7fd47c378000-7fd47c380000 rw-p 00000000 [anon:native_heap:brk]
7fd47c380000-7fd47c3c3000 r--p 00000000 /system/lib64/platformsdk/libnative_rdb.z.so
7fd47c3c3000-7fd47c488000 r-xp 00042000 /system/lib64/platformsdk/libnative_rdb.z.so
7fd47c488000-7fd47c493000 r--p 00106000 /system/lib64/platformsdk/libnative_rdb.z.so
7fd47c493000-7fd47c494000 rw-p 00110000 /system/lib64/platformsdk/libnative_rdb.z.so
7fd47c494000-7fd47c495000 rw-p 00000000 [anon:libnative_rdb.z.so.bss]
7fd47c495000-7fd47c49a000 rw-p 00000000 [anon:native_heap:brk]
7fd47c4a0000-7fd47c4a8000 rw-p 00000000 [anon:native_heap:brk]
7fd47c4b8000-7fd47c4c0000 rw-p 00000000 [anon:native_heap:brk]
7fd47c4c0000-7fd47c4df000 r--p 00000000 /system/lib64/platformsdk/libimage_utils.z.so
7fd47c4df000-7fd47c504000 r-xp 0001e000 /system/lib64/platformsdk/libimage_utils.z.so
7fd47c504000-7fd47c507000 r--p 00042000 /system/lib64/platformsdk/libimage_utils.z.so
7fd47c507000-7fd47c508000 rw-p 00044000 /system/lib64/platformsdk/libimage_utils.z.so
7fd47c508000-7fd47c51d000 rw-p 00000000 [anon:native_heap:brk]
7fd47c51e000-7fd47c540000 rw-p 00000000 [anon:native_heap:brk]
7fd47c540000-7fd47c543000 r--p 00000000 /system/lib64/platformsdk/libnative_appdatafwk.z.so
7fd47c543000-7fd47c546000 r-xp 00002000 /system/lib64/platformsdk/libnative_appdatafwk.z.so
7fd47c546000-7fd47c548000 r--p 00004000 /system/lib64/platformsdk/libnative_appdatafwk.z.so
7fd47c548000-7fd47c549000 rw-p 00005000 /system/lib64/platformsdk/libnative_appdatafwk.z.so
7fd47c549000-7fd47c560000 rw-p 00000000 [anon:native_heap:brk]
7fd47c56c000-7fd47c56d000 rw-p 00000000 [anon:native_heap:brk]
7fd47c578000-7fd47c580000 rw-p 00000000 [anon:native_heap:brk]
7fd47c580000-7fd47c584000 r--p 00000000 /system/lib64/chipset-sdk-sp/libstack_printer.z.so
7fd47c584000-7fd47c58b000 r-xp 00003000 /system/lib64/chipset-sdk-sp/libstack_printer.z.so
7fd47c58b000-7fd47c58d000 r--p 00009000 /system/lib64/chipset-sdk-sp/libstack_printer.z.so
7fd47c58d000-7fd47c58e000 rw-p 0000a000 /system/lib64/chipset-sdk-sp/libstack_printer.z.so
7fd47c58e000-7fd47c5c0000 rw-p 00000000 [anon:native_heap:brk]
7fd47c5c0000-7fd47c5c2000 r--p 00000000 /system/lib64/platformsdk/libdatabase_utils.z.so
7fd47c5c2000-7fd47c5c4000 r-xp 00001000 /system/lib64/platformsdk/libdatabase_utils.z.so
7fd47c5c4000-7fd47c5c6000 r--p 00002000 /system/lib64/platformsdk/libdatabase_utils.z.so
7fd47c5c6000-7fd47c5c7000 rw-p 00003000 /system/lib64/platformsdk/libdatabase_utils.z.so
7fd47c5c7000-7fd47c5d4000 rw-p 00000000 [anon:native_heap:brk]
7fd47c5d8000-7fd47c600000 rw-p 00000000 [anon:native_heap:brk]
7fd47c600000-7fd47c64d000 r--p 00000000 /system/lib64/platformsdk/libaccessibility_interface.z.so
7fd47c64d000-7fd47c6a2000 r-xp 0004c000 /system/lib64/platformsdk/libaccessibility_interface.z.so
7fd47c6a2000-7fd47c6b1000 r--p 000a0000 /system/lib64/platformsdk/libaccessibility_interface.z.so
7fd47c6b1000-7fd47c6b2000 rw-p 000ae000 /system/lib64/platformsdk/libaccessibility_interface.z.so
7fd47c6b2000-7fd47c6b3000 rw-p 00000000 [anon:libaccessibility_interface.z.so.bss]
7fd47c6b3000-7fd47c6c0000 rw-p 00000000 [anon:native_heap:brk]
7fd47c6c0000-7fd47c6da000 r--p 00000000 /system/lib64/platformsdk/libstorage_manager_sa_proxy.z.so
7fd47c6da000-7fd47c6fc000 r-xp 00019000 /system/lib64/platformsdk/libstorage_manager_sa_proxy.z.so
7fd47c6fc000-7fd47c702000 r--p 0003a000 /system/lib64/platformsdk/libstorage_manager_sa_proxy.z.so
7fd47c702000-7fd47c703000 rw-p 0003f000 /system/lib64/platformsdk/libstorage_manager_sa_proxy.z.so
7fd47c703000-7fd47c70a000 rw-p 00000000 [anon:native_heap:brk]
7fd47c720000-7fd47c740000 rw-p 00000000 [anon:native_heap:brk]
7fd47c740000-7fd47c74c000 r--p 00000000 /system/lib64/platformsdk/libwantagent_manager.z.so
7fd47c74c000-7fd47c751000 r-xp 0000b000 /system/lib64/platformsdk/libwantagent_manager.z.so
7fd47c751000-7fd47c754000 r--p 0000f000 /system/lib64/platformsdk/libwantagent_manager.z.so
7fd47c754000-7fd47c755000 rw-p 00011000 /system/lib64/platformsdk/libwantagent_manager.z.so
7fd47c756000-7fd47c770000 rw-p 00000000 [anon:native_heap:brk]
7fd47c770000-7fd47c780000 rw-p 00000000 [anon:native_heap:brk]
7fd47c780000-7fd47c960000 r--p 00000000 /system/lib64/libbms.z.so
7fd47c960000-7fd47cde3000 r-xp 001df000 /system/lib64/libbms.z.so
7fd47cde3000-7fd47ce06000 r--p 00661000 /system/lib64/libbms.z.so
7fd47ce06000-7fd47ce07000 rw-p 00683000 /system/lib64/libbms.z.so
7fd47ce07000-7fd47ce12000 rw-p 00000000 [anon:libbms.z.so.bss]
7fd47ce12000-7fd47ce20000 rw-p 00000000 [anon:native_heap:brk]
7fd47ce28000-7fd47ce40000 rw-p 00000000 [anon:native_heap:brk]
7fd47ce40000-7fd47ce41000 r--p 00000000 /system/lib64/platformsdk/libtokenid_sdk.z.so
7fd47ce41000-7fd47ce42000 r-xp 00000000 /system/lib64/platformsdk/libtokenid_sdk.z.so
7fd47ce42000-7fd47ce43000 r--p 00000000 /system/lib64/platformsdk/libtokenid_sdk.z.so
7fd47ce43000-7fd47ce44000 rw-p 00000000 /system/lib64/platformsdk/libtokenid_sdk.z.so
7fd47ce48000-7fd47ce60000 rw-p 00000000 [anon:native_heap:brk]
7fd47ce70000-7fd47ce80000 rw-p 00000000 [anon:native_heap:brk]
7fd47ce80000-7fd47cea0000 r--p 00000000 /system/lib64/libdlpparse.z.so
7fd47cea0000-7fd47cedc000 r-xp 0001f000 /system/lib64/libdlpparse.z.so
7fd47cedc000-7fd47cee1000 r--p 0005a000 /system/lib64/libdlpparse.z.so
7fd47cee1000-7fd47cee2000 rw-p 0005e000 /system/lib64/libdlpparse.z.so
7fd47cee2000-7fd47cee4000 rw-p 00000000 [anon:native_heap:brk]
7fd47cee8000-7fd47cf00000 rw-p 00000000 [anon:native_heap:brk]
7fd47cf00000-7fd47d13a000 r--p 00000000 /system/lib64/platformsdk/libark_jsruntime.so
7fd47d13a000-7fd47da68000 r-xp 00239000 /system/lib64/platformsdk/libark_jsruntime.so
7fd47da68000-7fd47da83000 r--p 00b66000 /system/lib64/platformsdk/libark_jsruntime.so
7fd47da83000-7fd47da88000 rw-p 00b80000 /system/lib64/platformsdk/libark_jsruntime.so
7fd47da88000-7fd47dabc000 rw-p 00000000 [anon:libark_jsruntime.so.bss]
7fd47dabc000-7fd47dabd000 rw-p 00000000 [anon:native_heap:brk]
7fd47dac0000-7fd47dacb000 r--p 00000000 /system/lib64/platformsdk/libaccountkits.z.so
7fd47dacb000-7fd47dad9000 r-xp 0000a000 /system/lib64/platformsdk/libaccountkits.z.so
7fd47dad9000-7fd47dadd000 r--p 00017000 /system/lib64/platformsdk/libaccountkits.z.so
7fd47dadd000-7fd47dade000 rw-p 0001a000 /system/lib64/platformsdk/libaccountkits.z.so
7fd47dade000-7fd47db00000 rw-p 00000000 [anon:native_heap:brk]
7fd47db00000-7fd47db27000 r--p 00000000 /system/lib64/platformsdk/libheifparser.z.so
7fd47db27000-7fd47db4d000 r-xp 00026000 /system/lib64/platformsdk/libheifparser.z.so
7fd47db4d000-7fd47db51000 r--p 0004b000 /system/lib64/platformsdk/libheifparser.z.so
7fd47db51000-7fd47db52000 rw-p 0004e000 /system/lib64/platformsdk/libheifparser.z.so
7fd47db52000-7fd47db57000 rw-p 00000000 [anon:libheifparser.z.so.bss]
7fd47db57000-7fd47db58000 r--s 00000000 /dev/__parameters__/u:object_r:input_pointer_device_param:s0
7fd47db58000-7fd47db80000 rw-p 00000000 [anon:native_heap:brk]
7fd47db80000-7fd47db90000 r--p 00000000 /system/lib64/platformsdk/libastc_encoder_shared.z.so
7fd47db90000-7fd47dbb1000 r-xp 0000f000 /system/lib64/platformsdk/libastc_encoder_shared.z.so
7fd47dbb1000-7fd47dbb3000 r--p 0002f000 /system/lib64/platformsdk/libastc_encoder_shared.z.so
7fd47dbb3000-7fd47dbb4000 rw-p 00030000 /system/lib64/platformsdk/libastc_encoder_shared.z.so
7fd47dbb4000-7fd47dbb8000 rw-p 00000000 [anon:libastc_encoder_shared.z.so.bss]
7fd47dbb8000-7fd47dbc0000 rw-p 00000000 [anon:native_heap:brk]
7fd47dbc0000-7fd47dbc1000 r--p 00000000 /system/lib64/platformsdk/libframe_trace_intf.z.so
7fd47dbc1000-7fd47dbc2000 r-xp 00000000 /system/lib64/platformsdk/libframe_trace_intf.z.so
7fd47dbc2000-7fd47dbc3000 r--p 00000000 /system/lib64/platformsdk/libframe_trace_intf.z.so
7fd47dbc3000-7fd47dbc4000 rw-p 00000000 /system/lib64/platformsdk/libframe_trace_intf.z.so
7fd47dbc4000-7fd47dbf8000 rw-p 00000000 [anon:native_heap:brk]
7fd47dbf8000-7fd47dc00000 rw-p 00000000 [anon:native_heap:brk]
7fd47dc00000-7fd47dc03000 r--p 00000000 /system/lib64/libhistogrammanager.z.so
7fd47dc03000-7fd47dc06000 r-xp 00002000 /system/lib64/libhistogrammanager.z.so
7fd47dc06000-7fd47dc07000 r--p 00004000 /system/lib64/libhistogrammanager.z.so
7fd47dc07000-7fd47dc08000 rw-p 00004000 /system/lib64/libhistogrammanager.z.so
7fd47dc08000-7fd47dc0a000 rw-p 00000000 [anon:native_heap:brk]
7fd47dc10000-7fd47dc40000 rw-p 00000000 [anon:native_heap:brk]
7fd47dc40000-7fd47dc60000 r--p 00000000 /system/lib64/platformsdk/libcesfwk_core.z.so
7fd47dc60000-7fd47dc71000 r-xp 0001f000 /system/lib64/platformsdk/libcesfwk_core.z.so
7fd47dc71000-7fd47dc77000 r--p 0002f000 /system/lib64/platformsdk/libcesfwk_core.z.so
7fd47dc77000-7fd47dc78000 rw-p 00034000 /system/lib64/platformsdk/libcesfwk_core.z.so
7fd47dc78000-7fd47dc80000 rw-p 00000000 [anon:native_heap:brk]
7fd47dc80000-7fd47dc88000 r--p 00000000 /system/lib64/platformsdk/libdrawable_descriptor.z.so
7fd47dc88000-7fd47dc95000 r-xp 00007000 /system/lib64/platformsdk/libdrawable_descriptor.z.so
7fd47dc95000-7fd47dc97000 r--p 00013000 /system/lib64/platformsdk/libdrawable_descriptor.z.so
7fd47dc97000-7fd47dc98000 rw-p 00014000 /system/lib64/platformsdk/libdrawable_descriptor.z.so
7fd47dc98000-7fd47dc9d000 rw-p 00000000 [anon:native_heap:brk]
7fd47dca6000-7fd47dca8000 rw-p 00000000 [anon:native_heap:brk]
7fd47dcae000-7fd47dcb6000 rw-p 00000000 [anon:native_heap:brk]
7fd47dcc0000-7fd47dcd6000 r--p 00000000 /system/lib64/platformsdk/libpluginmanager.z.so
7fd47dcd6000-7fd47dcef000 r-xp 00015000 /system/lib64/platformsdk/libpluginmanager.z.so
7fd47dcef000-7fd47dcf1000 r--p 0002d000 /system/lib64/platformsdk/libpluginmanager.z.so
7fd47dcf1000-7fd47dcf2000 rw-p 0002e000 /system/lib64/platformsdk/libpluginmanager.z.so
7fd47dcf2000-7fd47dcf8000 rw-p 00000000 [anon:native_heap:brk]
7fd47dcf8000-7fd47dcf9000 r--s 00000000 /dev/__parameters__/u:object_r:bootanimiation_optimizing_param:s0
7fd47dcf9000-7fd47dcfa000 rw-p 00000000 [anon:native_heap:brk]
7fd47dd00000-7fd47dd15000 r--p 00000000 /system/lib64/chipset-sdk/libextractortool.z.so
7fd47dd15000-7fd47dd38000 r-xp 00014000 /system/lib64/chipset-sdk/libextractortool.z.so
7fd47dd38000-7fd47dd39000 r--p 00036000 /system/lib64/chipset-sdk/libextractortool.z.so
7fd47dd39000-7fd47dd3a000 rw-p 00036000 /system/lib64/chipset-sdk/libextractortool.z.so
7fd47dd3a000-7fd47dd40000 rw-p 00000000 [anon:native_heap:brk]
7fd47dd40000-7fd47dd9d000 r--p 00000000 /system/lib64/platformsdk/libimage_accessor.z.so
7fd47dd9d000-7fd47de84000 r-xp 0005c000 /system/lib64/platformsdk/libimage_accessor.z.so
7fd47de84000-7fd47de8c000 r--p 00142000 /system/lib64/platformsdk/libimage_accessor.z.so
7fd47de8c000-7fd47de8d000 rw-p 00149000 /system/lib64/platformsdk/libimage_accessor.z.so
7fd47de8d000-7fd47de8f000 rw-p 00000000 [anon:libimage_accessor.z.so.bss]
7fd47de8f000-7fd47de95000 rw-p 00000000 [anon:native_heap:brk]
7fd47de96000-7fd47dec0000 rw-p 00000000 [anon:native_heap:brk]
7fd47dec0000-7fd47df9b000 r--p 00000000 /system/lib64/lib2d_graphics.z.so
7fd47df9b000-7fd47e08a000 r-xp 000da000 /system/lib64/lib2d_graphics.z.so
7fd47e08a000-7fd47e098000 r--p 001c8000 /system/lib64/lib2d_graphics.z.so
7fd47e098000-7fd47e099000 rw-p 001d5000 /system/lib64/lib2d_graphics.z.so
7fd47e099000-7fd47e0a0000 rw-p 00000000 [anon:lib2d_graphics.z.so.bss]
7fd47e0a0000-7fd47e0c0000 rw-p 00000000 [anon:native_heap:brk]
7fd47e0c0000-7fd47e110000 r--p 00000000 /system/lib64/libarkverifier.so
7fd47e110000-7fd47e18f000 r-xp 0004f000 /system/lib64/libarkverifier.so
7fd47e18f000-7fd47e194000 r--p 000cd000 /system/lib64/libarkverifier.so
7fd47e194000-7fd47e195000 rw-p 000d1000 /system/lib64/libarkverifier.so
7fd47e195000-7fd47e196000 rw-p 00000000 [anon:libarkverifier.so.bss]
7fd47e196000-7fd47e19a000 rw-p 00000000 [anon:native_heap:brk]
7fd47e1a1000-7fd47e1a2000 rw-p 00000000 [anon:native_heap:brk]
7fd47e1a4000-7fd47e1c0000 rw-p 00000000 [anon:native_heap:brk]
7fd47e1c0000-7fd47e1c1000 r--p 00000000 /system/lib64/platformsdk/libabsl_raw_logging_internal.z.so
7fd47e1c1000-7fd47e1c3000 r-xp 00000000 /system/lib64/platformsdk/libabsl_raw_logging_internal.z.so
7fd47e1c3000-7fd47e1c4000 r--p 00001000 /system/lib64/platformsdk/libabsl_raw_logging_internal.z.so
7fd47e1c4000-7fd47e1c5000 rw-p 00001000 /system/lib64/platformsdk/libabsl_raw_logging_internal.z.so
7fd47e1c5000-7fd47e1c6000 rw-p 00000000 [anon:native_heap:brk]
7fd47e1c6000-7fd47e1c7000 rw-s 00000000 /data/service/el1/public/database/ability_manager_service/ability_manager_service.db-dwr
7fd47e1c8000-7fd47e1d9000 rw-p 00000000 [anon:native_heap:brk]
7fd47e1f8000-7fd47e200000 rw-p 00000000 [anon:native_heap:brk]
7fd47e200000-7fd47e207000 r--p 00000000 /system/lib64/platformsdk/libability_connect_callback_stub.z.so
7fd47e207000-7fd47e20a000 r-xp 00006000 /system/lib64/platformsdk/libability_connect_callback_stub.z.so
7fd47e20a000-7fd47e20c000 r--p 00008000 /system/lib64/platformsdk/libability_connect_callback_stub.z.so
7fd47e20c000-7fd47e20d000 rw-p 00009000 /system/lib64/platformsdk/libability_connect_callback_stub.z.so
7fd47e20d000-7fd47e210000 rw-p 00000000 [anon:native_heap:brk]
7fd47e214000-7fd47e240000 rw-p 00000000 [anon:native_heap:brk]
7fd47e240000-7fd47e252000 r--p 00000000 /system/lib64/platformsdk/libuv.so
7fd47e252000-7fd47e272000 r-xp 00011000 /system/lib64/platformsdk/libuv.so
7fd47e272000-7fd47e274000 r--p 00030000 /system/lib64/platformsdk/libuv.so
7fd47e274000-7fd47e275000 rw-p 00031000 /system/lib64/platformsdk/libuv.so
7fd47e275000-7fd47e276000 rw-p 00000000 [anon:native_heap:brk]
7fd47e280000-7fd47e299000 r--p 00000000 /system/lib64/platformsdk/libdomain_account_innerkits.z.so
7fd47e299000-7fd47e2aa000 r-xp 00018000 /system/lib64/platformsdk/libdomain_account_innerkits.z.so
7fd47e2aa000-7fd47e2b1000 r--p 00028000 /system/lib64/platformsdk/libdomain_account_innerkits.z.so
7fd47e2b1000-7fd47e2b2000 rw-p 0002e000 /system/lib64/platformsdk/libdomain_account_innerkits.z.so
7fd47e2b2000-7fd47e2b5000 rw-p 00000000 [anon:native_heap:brk]
7fd47e2b5000-7fd47e2b6000 rw-s 00000000 /data/service/el1/public/database/ability_manager_service/ability_manager_service.db-dwr
7fd47e2b6000-7fd47e2b7000 rw-s 00000000 /data/service/el1/public/database/ability_manager_service/ability_manager_service.db-dwr
7fd47e2b8000-7fd47e2c0000 rw-s 00000000 /data/service/el1/public/database/auto_startup_service/kvdb/1954a73ebe7a35acfaec12991b672b7a85e95e738205f38d5c10f48a17e61199/single_ver/main/gen_natural_store.db-shm
7fd47e2c0000-7fd47e2c6000 r--p 00000000 /system/lib64/platformsdk/libsession_info.z.so
7fd47e2c6000-7fd47e2ca000 r-xp 00005000 /system/lib64/platformsdk/libsession_info.z.so
7fd47e2ca000-7fd47e2cc000 r--p 00008000 /system/lib64/platformsdk/libsession_info.z.so
7fd47e2cc000-7fd47e2cd000 rw-p 00009000 /system/lib64/platformsdk/libsession_info.z.so
7fd47e2cd000-7fd47e2ce000 rw-s 00000000 /data/service/el1/public/database/ability_manager_service/ability_manager_service.db-dwr
7fd47e2ce000-7fd47e2d6000 rw-p 00000000 [anon:native_heap:brk]
7fd47e2d6000-7fd47e2e1000 rw-p 00000000 [anon:native_heap:brk]
7fd47e2e1000-7fd47e2e7000 rw-p 00000000 [anon:native_heap:brk]
7fd47e2e7000-7fd47e2e9000 ---p 00000000 
7fd47e2e9000-7fd47e2f0000 rw-p 00000000 [anon:signal_stack:1127]
7fd47e2f0000-7fd47e2f2000 rw-p 00000000 [anon:native_heap:brk]
7fd47e2f2000-7fd47e2f8000 r--s 00000000 /system/etc/icu_tzdata/timezoneTypes.res
7fd47e2f8000-7fd47e300000 rw-p 00000000 [anon:native_heap:brk]
7fd47e300000-7fd47e305000 r--p 00000000 /system/lib64/chipset-sdk-sp/libdisplay_buffer_proxy_1.1.z.so
7fd47e305000-7fd47e30a000 r-xp 00004000 /system/lib64/chipset-sdk-sp/libdisplay_buffer_proxy_1.1.z.so
7fd47e30a000-7fd47e30c000 r--p 00008000 /system/lib64/chipset-sdk-sp/libdisplay_buffer_proxy_1.1.z.so
7fd47e30c000-7fd47e30d000 rw-p 00009000 /system/lib64/chipset-sdk-sp/libdisplay_buffer_proxy_1.1.z.so
7fd47e30d000-7fd47e316000 rw-p 00000000 [anon:native_heap:brk]
7fd47e316000-7fd47e330000 rw-p 00000000 [anon:native_heap:brk]
7fd47e330000-7fd47e338000 rw-s 00000000 /data/service/el1/public/database/app_config_data/kvdb/241e8a11006b9fed4ea2234b94f8c5a88cb1adfdfe7306e4841250c7134bc46a/single_ver/main/gen_natural_store.db-shm
7fd47e338000-7fd47e340000 rw-p 00000000 [anon:native_heap:brk]
7fd47e340000-7fd47e369000 r--p 00000000 /system/lib64/libEGL.so
7fd47e369000-7fd47e38c000 r-xp 00028000 /system/lib64/libEGL.so
7fd47e38c000-7fd47e394000 r--p 0004a000 /system/lib64/libEGL.so
7fd47e394000-7fd47e395000 rw-p 00051000 /system/lib64/libEGL.so
7fd47e395000-7fd47e3a5000 rw-p 00000000 [anon:libEGL.so.bss]
7fd47e3a5000-7fd47e3a7000 rw-p 00000000 [anon:native_heap:brk]
7fd47e3ab000-7fd47e3c0000 rw-p 00000000 [anon:native_heap:brk]
7fd47e3c0000-7fd47e44a000 r--p 00000000 /system/lib64/platformsdk/libintl_util.z.so
7fd47e44a000-7fd47e583000 r-xp 00089000 /system/lib64/platformsdk/libintl_util.z.so
7fd47e583000-7fd47e588000 r--p 001c1000 /system/lib64/platformsdk/libintl_util.z.so
7fd47e588000-7fd47e589000 rw-p 001c5000 /system/lib64/platformsdk/libintl_util.z.so
7fd47e589000-7fd47e58c000 rw-p 00000000 [anon:libintl_util.z.so.bss]
7fd47e58c000-7fd47e58d000 rw-p 00000000 [anon:native_heap:brk]
7fd47e58d000-7fd47e58e000 r--s 00000000 /dev/__parameters__/u:object_r:resourceschedule_writeable_param:s0
7fd47e58e000-7fd47e596000 rw-p 00000000 [anon:native_heap:brk]
7fd47e596000-7fd47e5c0000 rw-p 00000000 [anon:native_heap:brk]
7fd47e5c0000-7fd47e692000 r--p 00000000 /system/lib64/platformsdk/libapp_manager.z.so
7fd47e692000-7fd47e715000 r-xp 000d1000 /system/lib64/platformsdk/libapp_manager.z.so
7fd47e715000-7fd47e737000 r--p 00153000 /system/lib64/platformsdk/libapp_manager.z.so
7fd47e737000-7fd47e738000 rw-p 00174000 /system/lib64/platformsdk/libapp_manager.z.so
7fd47e738000-7fd47e739000 rw-p 00000000 [anon:libapp_manager.z.so.bss]
7fd47e739000-7fd47e740000 rw-p 00000000 [anon:native_heap:brk]
7fd47e740000-7fd47e742000 r--p 00000000 /system/lib64/platformsdk/libapi_cache_manager.z.so
7fd47e742000-7fd47e747000 r-xp 00001000 /system/lib64/platformsdk/libapi_cache_manager.z.so
7fd47e747000-7fd47e748000 r--p 00005000 /system/lib64/platformsdk/libapi_cache_manager.z.so
7fd47e748000-7fd47e749000 rw-p 00005000 /system/lib64/platformsdk/libapi_cache_manager.z.so
7fd47e749000-7fd47e74c000 rw-p 00000000 [anon:native_heap:brk]
7fd47e74d000-7fd47e755000 rw-s 00000000 /data/service/el1/public/database/notification_service/notificationdb_ext.db-shm
7fd47e755000-7fd47e756000 rw-p 00000000 [anon:native_heap:brk]
7fd47e756000-7fd47e757000 rw-p 00000000 [anon:native_heap:brk]
7fd47e757000-7fd47e759000 ---p 00000000 
7fd47e759000-7fd47e760000 rw-p 00000000 [anon:signal_stack:1117]
7fd47e760000-7fd47e780000 rw-p 00000000 [anon:native_heap:brk]
7fd47e780000-7fd47e783000 r--p 00000000 /system/lib64/platformsdk/libhichecker.so
7fd47e783000-7fd47e786000 r-xp 00002000 /system/lib64/platformsdk/libhichecker.so
7fd47e786000-7fd47e787000 r--p 00004000 /system/lib64/platformsdk/libhichecker.so
7fd47e787000-7fd47e788000 rw-p 00004000 /system/lib64/platformsdk/libhichecker.so
7fd47e788000-7fd47e789000 rw-p 00000000 [anon:libhichecker.so.bss]
7fd47e789000-7fd47e78c000 rw-p 00000000 [anon:native_heap:brk]
7fd47e795000-7fd47e796000 rw-p 00000000 [anon:native_heap:brk]
7fd47e796000-7fd47e7a1000 rw-p 00000000 [anon:native_heap:brk]
7fd47e7a1000-7fd47e7a3000 rw-p 00000000 [anon:native_heap:brk]
7fd47e7a3000-7fd47e7a4000 rw-s 00000000 /data/service/el1/public/database/form_storage/formdb.db-dwr
7fd47e7a4000-7fd47e7a6000 ---p 00000000 
7fd47e7a6000-7fd47e7ad000 rw-p 00000000 [anon:signal_stack:1230]
7fd47e7ad000-7fd47e7b3000 rw-p 00000000 [anon:native_heap:brk]
7fd47e7b3000-7fd47e7b4000 rw-s 00000000 /data/service/el1/public/database/form_storage/formdb.db-dwr
7fd47e7b4000-7fd47e7b5000 rw-s 00000000 /data/service/el1/public/database/form_storage/formdb.db-dwr
7fd47e7b5000-7fd47e7c0000 rw-p 00000000 [anon:native_heap:brk]
7fd47e7c0000-7fd47e7c8000 r--p 00000000 /system/lib64/chipset-sdk/libstring_utils.z.so
7fd47e7c8000-7fd47e7db000 r-xp 00007000 /system/lib64/chipset-sdk/libstring_utils.z.so
7fd47e7db000-7fd47e7dd000 r--p 00019000 /system/lib64/chipset-sdk/libstring_utils.z.so
7fd47e7dd000-7fd47e7de000 rw-p 0001a000 /system/lib64/chipset-sdk/libstring_utils.z.so
7fd47e7de000-7fd47e800000 rw-p 00000000 [anon:native_heap:brk]
7fd47e800000-7fd47e801000 r--p 00000000 /system/lib64/libudx_dss.z.so
7fd47e801000-7fd47e802000 r-xp 00000000 /system/lib64/libudx_dss.z.so
7fd47e802000-7fd47e803000 r--p 00000000 /system/lib64/libudx_dss.z.so
7fd47e803000-7fd47e804000 rw-p 00000000 /system/lib64/libudx_dss.z.so
7fd47e804000-7fd47e816000 rw-p 00000000 [anon:native_heap:brk]
7fd47e816000-7fd47e822000 rw-p 00000000 [anon:native_heap:brk]
7fd47e822000-7fd47e829000 rw-p 00000000 [anon:native_heap:brk]
7fd47e829000-7fd47e82a000 rw-s 00000000 /data/service/el1/public/database/form_storage/formdb.db-dwr
7fd47e82a000-7fd47e832000 rw-p 00000000 [anon:native_heap:brk]
7fd47e832000-7fd47e833000 r--s 00000000 /dev/__parameters__/u:object_r:is_enterprise_device_param:s0
7fd47e833000-7fd47e834000 r--s 00000000 /dev/__parameters__/u:object_r:security_writable_param:s0
7fd47e834000-7fd47e840000 rw-p 00000000 [anon:native_heap:brk]
7fd47e840000-7fd47e843000 r--p 00000000 /system/lib64/libsocketpair.z.so
7fd47e843000-7fd47e845000 r-xp 00002000 /system/lib64/libsocketpair.z.so
7fd47e845000-7fd47e846000 r--p 00003000 /system/lib64/libsocketpair.z.so
7fd47e846000-7fd47e847000 rw-p 00003000 /system/lib64/libsocketpair.z.so
7fd47e847000-7fd47e84b000 rw-p 00000000 [anon:native_heap:brk]
7fd47e84b000-7fd47e85c000 rw-p 00000000 [anon:native_heap:brk]
7fd47e865000-7fd47e867000 rw-p 00000000 [anon:native_heap:brk]
7fd47e867000-7fd47e86b000 rw-p 00000000 [anon:native_heap:brk]
7fd47e86c000-7fd47e86d000 rw-p 00000000 [anon:native_heap:brk]
7fd47e86d000-7fd47e880000 rw-p 00000000 [anon:native_heap:brk]
7fd47e880000-7fd47e899000 r--p 00000000 /system/lib64/platformsdk/libcesfwk_innerkits.z.so
7fd47e899000-7fd47e8a3000 r-xp 00018000 /system/lib64/platformsdk/libcesfwk_innerkits.z.so
7fd47e8a3000-7fd47e8a6000 r--p 00021000 /system/lib64/platformsdk/libcesfwk_innerkits.z.so
7fd47e8a6000-7fd47e8a7000 rw-p 00023000 /system/lib64/platformsdk/libcesfwk_innerkits.z.so
7fd47e8a7000-7fd47e8a8000 rw-p 00000000 [anon:libcesfwk_innerkits.z.so.bss]
7fd47e8a8000-7fd47e8ae000 rw-p 00000000 [anon:native_heap:brk]
7fd47e8ae000-7fd47e8af000 rw-p 00000000 [anon:native_heap:brk]
7fd47e8af000-7fd47e8b7000 rw-s 00000000 /data/service/el1/public/database/notification_service/notificationdb_slave.db-shm
7fd47e8b8000-7fd47e8b9000 rw-p 00000000 [anon:native_heap:brk]
7fd47e8b9000-7fd47e8c0000 rw-p 00000000 [anon:native_heap:brk]
7fd47e8c0000-7fd47e8c6000 r--p 00000000 /system/lib64/chipset-sdk-sp/libdisplay_buffer_proxy_1.2.z.so
7fd47e8c6000-7fd47e8cb000 r-xp 00005000 /system/lib64/chipset-sdk-sp/libdisplay_buffer_proxy_1.2.z.so
7fd47e8cb000-7fd47e8cc000 r--p 00009000 /system/lib64/chipset-sdk-sp/libdisplay_buffer_proxy_1.2.z.so
7fd47e8cc000-7fd47e8cd000 rw-p 00009000 /system/lib64/chipset-sdk-sp/libdisplay_buffer_proxy_1.2.z.so
7fd47e8cd000-7fd47e8d3000 rw-p 00000000 [anon:native_heap:brk]
7fd47e8d9000-7fd47e8da000 rw-p 00000000 [anon:native_heap:brk]
7fd47e8da000-7fd47e8dd000 rw-p 00000000 [anon:native_heap:brk]
7fd47e8de000-7fd47e8ee000 rw-p 00000000 [anon:native_heap:brk]
7fd47e900000-7fd47e99a000 r--p 00000000 /system/lib64/platformsdk/libappexecfwk_base.z.so
7fd47e99a000-7fd47eae4000 r-xp 00099000 /system/lib64/platformsdk/libappexecfwk_base.z.so
7fd47eae4000-7fd47eaf1000 r--p 001e2000 /system/lib64/platformsdk/libappexecfwk_base.z.so
7fd47eaf1000-7fd47eaf3000 rw-p 001ee000 /system/lib64/platformsdk/libappexecfwk_base.z.so
7fd47eaf3000-7fd47eaf5000 rw-p 00000000 [anon:native_heap:brk]
7fd47eaf5000-7fd47eaf7000 rw-p 00000000 [anon:native_heap:brk]
7fd47eaf8000-7fd47eaf9000 rw-p 00000000 [anon:native_heap:brk]
7fd47eaf9000-7fd47eafc000 rw-p 00000000 [anon:native_heap:brk]
7fd47eafd000-7fd47eb00000 rw-p 00000000 [anon:native_heap:brk]
7fd47eb00000-7fd47eb03000 r--p 00000000 /system/lib64/platformsdk/libdistributeddata_mgr.z.so
7fd47eb03000-7fd47eb06000 r-xp 00002000 /system/lib64/platformsdk/libdistributeddata_mgr.z.so
7fd47eb06000-7fd47eb07000 r--p 00004000 /system/lib64/platformsdk/libdistributeddata_mgr.z.so
7fd47eb07000-7fd47eb08000 rw-p 00004000 /system/lib64/platformsdk/libdistributeddata_mgr.z.so
7fd47eb08000-7fd47eb0c000 rw-p 00000000 [anon:native_heap:brk]
7fd47eb0d000-7fd47eb16000 rw-p 00000000 [anon:native_heap:brk]
7fd47eb16000-7fd47eb17000 rw-s 00000000 /data/service/el1/public/database/notification_service/notificationdb.db-dwr
7fd47eb20000-7fd47eb40000 rw-p 00000000 [anon:native_heap:brk]
7fd47eb40000-7fd47eb4d000 r--p 00000000 /system/lib64/platformsdk/libnative_dataability.z.so
7fd47eb4d000-7fd47eb53000 r-xp 0000c000 /system/lib64/platformsdk/libnative_dataability.z.so
7fd47eb53000-7fd47eb57000 r--p 00011000 /system/lib64/platformsdk/libnative_dataability.z.so
7fd47eb57000-7fd47eb58000 rw-p 00014000 /system/lib64/platformsdk/libnative_dataability.z.so
7fd47eb58000-7fd47eb59000 rw-p 00000000 [anon:native_heap:brk]
7fd47eb59000-7fd47eb5a000 rw-s 00000000 /data/service/el1/public/database/notification_service/notificationdb.db-dwr
7fd47eb5a000-7fd47eb68000 rw-p 00000000 [anon:native_heap:brk]
7fd47eb68000-7fd47eb70000 rw-s 00000000 /data/service/el1/public/database/notification_service/notificationdb.db-shm
7fd47eb70000-7fd47eb72000 rw-p 00000000 [anon:native_heap:brk]
7fd47eb72000-7fd47eb74000 r--s 00000000 /dev/__parameters__/u:object_r:const_telephony_param:s0
7fd47eb74000-7fd47eb80000 rw-p 00000000 [anon:native_heap:brk]
7fd47eb80000-7fd47eb96000 r--p 00000000 /system/lib64/platformsdk/libaccount_common.z.so
7fd47eb96000-7fd47ebb0000 r-xp 00015000 /system/lib64/platformsdk/libaccount_common.z.so
7fd47ebb0000-7fd47ebb3000 r--p 0002e000 /system/lib64/platformsdk/libaccount_common.z.so
7fd47ebb3000-7fd47ebb4000 rw-p 00030000 /system/lib64/platformsdk/libaccount_common.z.so
7fd47ebb4000-7fd47ebc0000 rw-p 00000000 [anon:native_heap:brk]
7fd47ebc0000-7fd47ebc8000 r--p 00000000 /system/lib64/platformsdk/libconfiguration.z.so
7fd47ebc8000-7fd47ebd6000 r-xp 00007000 /system/lib64/platformsdk/libconfiguration.z.so
7fd47ebd6000-7fd47ebd7000 r--p 00014000 /system/lib64/platformsdk/libconfiguration.z.so
7fd47ebd7000-7fd47ebd8000 rw-p 00014000 /system/lib64/platformsdk/libconfiguration.z.so
7fd47ebd8000-7fd47ebda000 rw-p 00000000 [anon:native_heap:brk]
7fd47ebda000-7fd47ebdb000 rw-s 00000000 /data/service/el1/public/database/notification_service/notificationdb.db-dwr
7fd47ebdb000-7fd47ebdc000 r--s 00000000 /dev/__parameters__/u:object_r:useriam_fwkready_param:s0
7fd47ebdc000-7fd47ebdd000 rw-s 00000000 /data/service/el1/public/database/notification_service/notificationdb.db-dwr
7fd47ebdd000-7fd47ebe0000 rw-p 00000000 [anon:native_heap:brk]
7fd47ebe0000-7fd47ebe8000 rw-s 00000000 /data/service/el1/public/database/form_storage/formdb_slave.db-shm
7fd47ebe8000-7fd47ebf4000 rw-p 00000000 [anon:native_heap:brk]
7fd47ec00000-7fd47ec03000 r--p 00000000 /system/lib64/platformsdk/libappexecfwk_common.z.so
7fd47ec03000-7fd47ec06000 r-xp 00002000 /system/lib64/platformsdk/libappexecfwk_common.z.so
7fd47ec06000-7fd47ec07000 r--p 00004000 /system/lib64/platformsdk/libappexecfwk_common.z.so
7fd47ec07000-7fd47ec08000 rw-p 00004000 /system/lib64/platformsdk/libappexecfwk_common.z.so
7fd47ec08000-7fd47ec0b000 rw-p 00000000 [anon:native_heap:brk]
7fd47ec0b000-7fd47ec0d000 ---p 00000000 
7fd47ec0d000-7fd47ec14000 rw-p 00000000 [anon:signal_stack:1202]
7fd47ec20000-7fd47ec21000 rw-p 00000000 [anon:native_heap:brk]
7fd47ec21000-7fd47ec22000 rw-s 00000000 /data/service/el1/public/database/form_storage/formdb_slave.db-dwr
7fd47ec22000-7fd47ec29000 rw-p 00000000 [anon:native_heap:brk]
7fd47ec29000-7fd47ec34000 rw-p 00000000 [anon:native_heap:brk]
7fd47ec40000-7fd47ec4f000 r--p 00000000 /system/lib64/platformsdk/libdisplaymgr.z.so
7fd47ec4f000-7fd47ec5c000 r-xp 0000e000 /system/lib64/platformsdk/libdisplaymgr.z.so
7fd47ec5c000-7fd47ec60000 r--p 0001a000 /system/lib64/platformsdk/libdisplaymgr.z.so
7fd47ec60000-7fd47ec61000 rw-p 0001d000 /system/lib64/platformsdk/libdisplaymgr.z.so
7fd47ec61000-7fd47ec64000 rw-p 00000000 [anon:native_heap:brk]
7fd47ec70000-7fd47ec78000 rw-s 00000000 /data/service/el1/public/database/form_storage/formdb.db-shm
7fd47ec78000-7fd47ec80000 rw-p 00000000 [anon:native_heap:brk]
7fd47ec80000-7fd47ec88000 r--p 00000000 /system/lib64/platformsdk/libpost_proc_gl.z.so
7fd47ec88000-7fd47ec91000 r-xp 00007000 /system/lib64/platformsdk/libpost_proc_gl.z.so
7fd47ec91000-7fd47ec92000 r--p 0000f000 /system/lib64/platformsdk/libpost_proc_gl.z.so
7fd47ec92000-7fd47ec93000 rw-p 0000f000 /system/lib64/platformsdk/libpost_proc_gl.z.so
7fd47ec93000-7fd47ec94000 rw-p 00000000 [anon:libpost_proc_gl.z.so.bss]
7fd47ec94000-7fd47eca1000 rw-p 00000000 [anon:native_heap:brk]
7fd47eca1000-7fd47eca4000 rw-p 00000000 [anon:native_heap:brk]
7fd47eca4000-7fd47ecaf000 rw-p 00000000 [anon:native_heap:brk]
7fd47ecaf000-7fd47ecb1000 ---p 00000000 
7fd47ecb1000-7fd47ecb8000 rw-p 00000000 [anon:signal_stack:1223]
7fd47ecb8000-7fd47ecc0000 rw-p 00000000 [anon:native_heap:brk]
7fd47ecc0000-7fd47ecdd000 r--p 00000000 /system/lib64/platformsdk/libutd_client.z.so
7fd47ecdd000-7fd47ed1f000 r-xp 0001c000 /system/lib64/platformsdk/libutd_client.z.so
7fd47ed1f000-7fd47ed23000 r--p 0005d000 /system/lib64/platformsdk/libutd_client.z.so
7fd47ed23000-7fd47ed24000 rw-p 00060000 /system/lib64/platformsdk/libutd_client.z.so
7fd47ed24000-7fd47ed31000 rw-p 00000000 [anon:native_heap:brk]
7fd47ed31000-7fd47ed33000 rw-p 00000000 [anon:native_heap:brk]
7fd47ed33000-7fd47ed34000 rw-s 00000000 /data/service/el1/public/database/form_storage/formdb.db-dwr
7fd47ed34000-7fd47ed40000 rw-p 00000000 [anon:native_heap:brk]
7fd47ed40000-7fd47ed55000 r--p 00000000 /system/lib64/libmemmgrclient.z.so
7fd47ed55000-7fd47ed6b000 r-xp 00014000 /system/lib64/libmemmgrclient.z.so
7fd47ed6b000-7fd47ed6f000 r--p 00029000 /system/lib64/libmemmgrclient.z.so
7fd47ed6f000-7fd47ed70000 rw-p 0002c000 /system/lib64/libmemmgrclient.z.so
7fd47ed70000-7fd47ed78000 rw-p 00000000 [anon:native_heap:brk]
7fd47ed78000-7fd47ed80000 rw-p 00000000 [anon:native_heap:brk]
7fd47ed80000-7fd47ed86000 r--p 00000000 /system/lib64/platformsdk/libdlp_permission_common_interface.z.so
7fd47ed86000-7fd47ed96000 r-xp 00005000 /system/lib64/platformsdk/libdlp_permission_common_interface.z.so
7fd47ed96000-7fd47ed98000 r--p 00014000 /system/lib64/platformsdk/libdlp_permission_common_interface.z.so
7fd47ed98000-7fd47ed99000 rw-p 00015000 /system/lib64/platformsdk/libdlp_permission_common_interface.z.so
7fd47ed99000-7fd47ed9e000 rw-p 00000000 [anon:native_heap:brk]
7fd47eda9000-7fd47edae000 r--s 00000000 /dev/__parameters__/u:object_r:edm_writable_param:s0
7fd47edae000-7fd47edb0000 ---p 00000000 
7fd47edb0000-7fd47edb7000 rw-p 00000000 [anon:signal_stack:2256]
7fd47edc0000-7fd47edc7000 r--p 00000000 /system/lib64/platformsdk/libmodal_system_ui_extension_client.z.so
7fd47edc7000-7fd47edca000 r-xp 00006000 /system/lib64/platformsdk/libmodal_system_ui_extension_client.z.so
7fd47edca000-7fd47edcc000 r--p 00008000 /system/lib64/platformsdk/libmodal_system_ui_extension_client.z.so
7fd47edcc000-7fd47edcd000 rw-p 00009000 /system/lib64/platformsdk/libmodal_system_ui_extension_client.z.so
7fd47edcd000-7fd47edd0000 rw-p 00000000 [anon:native_heap:brk]
7fd47edd8000-7fd47edde000 rw-p 00000000 [anon:native_heap:brk]
7fd47edde000-7fd47ede9000 rw-p 00000000 [anon:native_heap:brk]
7fd47edf0000-7fd47edf8000 rw-p 00000000 [anon:native_heap:brk]
7fd47ee00000-7fd47ee51000 r--p 00000000 /system/lib64/chipset-sdk-sp/libsurface.z.so
7fd47ee51000-7fd47eeb1000 r-xp 00050000 /system/lib64/chipset-sdk-sp/libsurface.z.so
7fd47eeb1000-7fd47eebb000 r--p 000af000 /system/lib64/chipset-sdk-sp/libsurface.z.so
7fd47eebb000-7fd47eebc000 rw-p 000b8000 /system/lib64/chipset-sdk-sp/libsurface.z.so
7fd47eebc000-7fd47eebe000 rw-p 00000000 [anon:libsurface.z.so.bss]
7fd47eebe000-7fd47eec0000 rw-p 00000000 [anon:native_heap:brk]
7fd47eec0000-7fd47ef00000 r--p 00000000 /system/lib64/platformsdk/libtiff.so
7fd47ef00000-7fd47ef5b000 r-xp 0003f000 /system/lib64/platformsdk/libtiff.so
7fd47ef5b000-7fd47ef60000 r--p 00099000 /system/lib64/platformsdk/libtiff.so
7fd47ef60000-7fd47ef61000 rw-p 0009d000 /system/lib64/platformsdk/libtiff.so
7fd47ef61000-7fd47ef65000 rw-p 00000000 [anon:native_heap:brk]
7fd47ef71000-7fd47ef72000 rw-p 00000000 [anon:native_heap:brk]
7fd47ef72000-7fd47ef76000 rw-p 00000000 [anon:native_heap:brk]
7fd47ef7a000-7fd47ef8a000 rw-p 00000000 [anon:native_heap:brk]
7fd47ef93000-7fd47efa3000 rw-p 00000000 [anon:native_heap:brk]
7fd47efa3000-7fd47efa4000 rw-s 00000000 /data/service/el1/public/database/notification_service/notificationdb_slave.db-dwr
7fd47efa4000-7fd47efa6000 rw-p 00000000 [anon:native_heap:brk]
7fd47efa6000-7fd47efa7000 rw-s 00000000 /data/service/el1/public/database/notification_service/notificationdb.db-dwr
7fd47efb3000-7fd47efb9000 rw-p 00000000 [anon:native_heap:brk]
7fd47efb9000-7fd47efba000 rw-p 00000000 [anon:native_heap:brk]
7fd47efc3000-7fd47efc4000 rw-p 00000000 [anon:native_heap:brk]
7fd47efd5000-7fd47efe1000 rw-p 00000000 [anon:native_heap:brk]
7fd47efe1000-7fd47efe8000 rw-p 00000000 [anon:native_heap:brk]
7fd47eff0000-7fd47efff000 rw-p 00000000 [anon:native_heap:brk]
7fd47efff000-7fd47f008000 rw-p 00000000 [anon:native_heap:brk]
7fd47f008000-7fd47f00c000 rw-p 00000000 [anon:native_heap:brk]
7fd47f01f000-7fd47f02e000 rw-p 00000000 [anon:native_heap:brk]
7fd47f037000-7fd47f049000 rw-p 00000000 [anon:native_heap:brk]
7fd47f053000-7fd47f060000 rw-p 00000000 [anon:native_heap:brk]
7fd47f067000-7fd47f070000 rw-p 00000000 [anon:native_heap:brk]
7fd47f070000-7fd47f072000 rw-p 00000000 [anon:native_heap:brk]
7fd47f07a000-7fd47f0c0000 r--s 00000000 /system/etc/zoneinfo/tzdata
7fd47f0c0000-7fd47f0d4000 r--p 00000000 /system/lib64/platformsdk/libsensor_client.z.so
7fd47f0d4000-7fd47f0ed000 r-xp 00013000 /system/lib64/platformsdk/libsensor_client.z.so
7fd47f0ed000-7fd47f0f0000 r--p 0002b000 /system/lib64/platformsdk/libsensor_client.z.so
7fd47f0f0000-7fd47f0f1000 rw-p 0002d000 /system/lib64/platformsdk/libsensor_client.z.so
7fd47f0f1000-7fd47f0f9000 rw-p 00000000 [anon:native_heap:brk]
7fd47f0f9000-7fd47f0fb000 ---p 00000000 
7fd47f0fb000-7fd47f102000 rw-p 00000000 [anon:signal_stack:32309]
7fd47f102000-7fd47f11b000 rw-p 00000000 [anon:native_heap:brk]
7fd47f11b000-7fd47f11f000 rw-p 00000000 [anon:native_heap:brk]
7fd47f126000-7fd47f12a000 rw-p 00000000 [anon:native_heap:brk]
7fd47f12e000-7fd47f130000 ---p 00000000 
7fd47f130000-7fd47f137000 rw-p 00000000 [anon:signal_stack:27345]
7fd47f180000-7fd47f18d000 r--p 00000000 /system/lib64/platformsdk/libsensor_utils.z.so
7fd47f18d000-7fd47f195000 r-xp 0000c000 /system/lib64/platformsdk/libsensor_utils.z.so
7fd47f195000-7fd47f197000 r--p 00013000 /system/lib64/platformsdk/libsensor_utils.z.so
7fd47f197000-7fd47f198000 rw-p 00014000 /system/lib64/platformsdk/libsensor_utils.z.so
7fd47f198000-7fd47f1a7000 rw-p 00000000 [anon:native_heap:brk]
7fd47f1a7000-7fd47f1a8000 rw-s 00000000 /data/service/el1/public/database/ability_manager_service/ability_manager_service.db-dwr
7fd47f1a8000-7fd47f1c0000 rw-p 00000000 [anon:native_heap:brk]
7fd47f1c0000-7fd47f1c5000 r--p 00000000 /system/lib64/platformsdk/libimageformatagent.z.so
7fd47f1c5000-7fd47f1ca000 r-xp 00004000 /system/lib64/platformsdk/libimageformatagent.z.so
7fd47f1ca000-7fd47f1cb000 r--p 00008000 /system/lib64/platformsdk/libimageformatagent.z.so
7fd47f1cb000-7fd47f1cc000 rw-p 00008000 /system/lib64/platformsdk/libimageformatagent.z.so
7fd47f1cc000-7fd47f1cd000 rw-p 00000000 [anon:libimageformatagent.z.so.bss]
7fd47f1cd000-7fd47f1d3000 rw-p 00000000 [anon:native_heap:brk]
7fd47f1d4000-7fd47f1d5000 rw-p 00000000 [anon:native_heap:brk]
7fd47f1d5000-7fd47f1da000 r--s 00000000 /dev/__parameters__/u:object_r:const_telephony_slotCount_param:s0
7fd47f1db000-7fd47f1dc000 rw-p 00000000 [anon:native_heap:brk]
7fd47f1e4000-7fd47f1ec000 rw-p 00000000 [anon:native_heap:brk]
7fd47f200000-7fd47f205000 r--p 00000000 /system/lib64/platformsdk/libprivacy_communication_adapter_cxx.z.so
7fd47f205000-7fd47f20a000 r-xp 00004000 /system/lib64/platformsdk/libprivacy_communication_adapter_cxx.z.so
7fd47f20a000-7fd47f20c000 r--p 00008000 /system/lib64/platformsdk/libprivacy_communication_adapter_cxx.z.so
7fd47f20c000-7fd47f20d000 rw-p 00009000 /system/lib64/platformsdk/libprivacy_communication_adapter_cxx.z.so
7fd47f20d000-7fd47f240000 rw-p 00000000 [anon:native_heap:brk]
7fd47f240000-7fd47f24a000 r--p 00000000 /system/lib64/libdevice_profile_radar.z.so
7fd47f24a000-7fd47f265000 r-xp 00009000 /system/lib64/libdevice_profile_radar.z.so
7fd47f265000-7fd47f266000 r--p 00023000 /system/lib64/libdevice_profile_radar.z.so
7fd47f266000-7fd47f267000 rw-p 00023000 /system/lib64/libdevice_profile_radar.z.so
7fd47f267000-7fd47f280000 rw-p 00000000 [anon:native_heap:brk]
7fd47f280000-7fd47f296000 r--p 00000000 /system/lib64/chipset-sdk-sp/libjsoncpp.z.so
7fd47f296000-7fd47f2b9000 r-xp 00015000 /system/lib64/chipset-sdk-sp/libjsoncpp.z.so
7fd47f2b9000-7fd47f2bb000 r--p 00037000 /system/lib64/chipset-sdk-sp/libjsoncpp.z.so
7fd47f2bb000-7fd47f2bc000 rw-p 00038000 /system/lib64/chipset-sdk-sp/libjsoncpp.z.so
7fd47f2bc000-7fd47f2c0000 rw-p 00000000 [anon:native_heap:brk]
7fd47f2c0000-7fd47f2c8000 r--p 00000000 /system/lib64/libel5_filekey_manager_sdk.z.so
7fd47f2c8000-7fd47f2cd000 r-xp 00007000 /system/lib64/libel5_filekey_manager_sdk.z.so
7fd47f2cd000-7fd47f2d0000 r--p 0000b000 /system/lib64/libel5_filekey_manager_sdk.z.so
7fd47f2d0000-7fd47f2d1000 rw-p 0000d000 /system/lib64/libel5_filekey_manager_sdk.z.so
7fd47f2d1000-7fd47f2d2000 rw-p 00000000 [anon:native_heap:brk]
7fd47f2d3000-7fd47f300000 rw-p 00000000 [anon:native_heap:brk]
7fd47f300000-7fd47f318000 r--p 00000000 /system/lib64/platformsdk/libnative_preferences.z.so
7fd47f318000-7fd47f347000 r-xp 00017000 /system/lib64/platformsdk/libnative_preferences.z.so
7fd47f347000-7fd47f34a000 r--p 00045000 /system/lib64/platformsdk/libnative_preferences.z.so
7fd47f34a000-7fd47f34b000 rw-p 00047000 /system/lib64/platformsdk/libnative_preferences.z.so
7fd47f34b000-7fd47f34c000 rw-p 00000000 [anon:libnative_preferences.z.so.bss]
7fd47f34c000-7fd47f380000 rw-p 00000000 [anon:native_heap:brk]
7fd47f380000-7fd47f3e9000 r--p 00000000 /system/lib64/platformsdk/libphonenumber_standard.z.so
7fd47f3e9000-7fd47f41c000 r-xp 00068000 /system/lib64/platformsdk/libphonenumber_standard.z.so
7fd47f41c000-7fd47f41f000 r--p 0009a000 /system/lib64/platformsdk/libphonenumber_standard.z.so
7fd47f41f000-7fd47f421000 rw-p 0009c000 /system/lib64/platformsdk/libphonenumber_standard.z.so
7fd47f421000-7fd47f422000 rw-p 00000000 [anon:native_heap:brk]
7fd47f423000-7fd47f440000 rw-p 00000000 [anon:native_heap:brk]
7fd47f440000-7fd47f450000 r--p 00000000 /system/lib64/platformsdk/libprivacy_sdk.z.so
7fd47f450000-7fd47f465000 r-xp 0000f000 /system/lib64/platformsdk/libprivacy_sdk.z.so
7fd47f465000-7fd47f46a000 r--p 00023000 /system/lib64/platformsdk/libprivacy_sdk.z.so
7fd47f46a000-7fd47f46b000 rw-p 00027000 /system/lib64/platformsdk/libprivacy_sdk.z.so
7fd47f46b000-7fd47f476000 rw-p 00000000 [anon:native_heap:brk]
7fd47f476000-7fd47f479000 rw-p 00000000 [anon:native_heap:brk]
7fd47f479000-7fd47f488000 rw-p 00000000 [anon:native_heap:brk]
7fd47f488000-7fd47f4b1000 rw-p 00000000 [anon:native_heap:brk]
7fd47f4b5000-7fd47f4ba000 rw-p 00000000 [anon:native_heap:brk]
7fd47f4ba000-7fd47f4bb000 rw-p 00000000 [anon:native_heap:brk]
7fd47f4bf000-7fd47f4d7000 rw-p 00000000 [anon:native_heap:brk]
7fd47f4e9000-7fd47f4eb000 rw-p 00000000 [anon:native_heap:brk]
7fd47f4f4000-7fd47f511000 rw-p 00000000 [anon:native_heap:brk]
7fd47f51a000-7fd47f51b000 rw-p 00000000 [anon:native_heap:brk]
7fd47f51b000-7fd47f51c000 rw-s 00000000 /data/service/el1/public/database/notification_service/notificationdb_ext.db-dwr
7fd47f51c000-7fd47f51d000 rw-s 00000000 /data/service/el1/public/database/notification_service/notificationdb_ext.db-dwr
7fd47f51d000-7fd47f51e000 rw-s 00000000 /data/service/el1/public/database/notification_service/notificationdb_ext.db-dwr
7fd47f51e000-7fd47f51f000 rw-s 00000000 /data/service/el1/public/database/notification_service/notificationdb_ext.db-dwr
7fd47f51f000-7fd47f521000 rw-p 00000000 [anon:native_heap:brk]
7fd47f521000-7fd47f529000 rw-s 00000000 /data/service/el1/public/database/app_exit_reason/kvdb/f153eea74944690feb958e6a16f6c7518753eb4573352b393c5a37837dc2d9de/single_ver/main/gen_natural_store.db-shm
7fd47f529000-7fd47f52f000 rw-p 00000000 [anon:native_heap:brk]
7fd47f52f000-7fd47f535000 rw-p 00000000 [anon:native_heap:brk]
7fd47f53e000-7fd47f541000 rw-p 00000000 [anon:native_heap:brk]
7fd47f541000-7fd47f544000 rw-p 00000000 [anon:native_heap:brk]
7fd47f544000-7fd47f548000 rw-p 00000000 [anon:native_heap:brk]
7fd47f551000-7fd47f55a000 rw-p 00000000 [anon:native_heap:brk]
7fd47f563000-7fd47f565000 rw-p 00000000 [anon:native_heap:brk]
7fd47f580000-7fd47f5ac000 r--p 00000000 /system/lib64/libreminder.z.so
7fd47f5ac000-7fd47f60a000 r-xp 0002b000 /system/lib64/libreminder.z.so
7fd47f60a000-7fd47f610000 r--p 00088000 /system/lib64/libreminder.z.so
7fd47f610000-7fd47f611000 rw-p 0008d000 /system/lib64/libreminder.z.so
7fd47f611000-7fd47f612000 rw-p 00000000 [anon:libreminder.z.so.bss]
7fd47f618000-7fd47f61b000 rw-p 00000000 [anon:native_heap:brk]
7fd47f624000-7fd47f625000 r--s 00000000 /dev/__parameters__/u:object_r:hiviewdfx_profiler_param:s0
7fd47f625000-7fd47f628000 rw-p 00000000 [anon:native_heap:brk]
7fd47f62a000-7fd47f634000 rw-p 00000000 [anon:native_heap:brk]
7fd47f63a000-7fd47f63b000 rw-p 00000000 [anon:native_heap:brk]
7fd47f659000-7fd47f65a000 rw-p 00000000 [anon:native_heap:brk]
7fd47f662000-7fd47f663000 rw-s 00000000 /data/service/el1/public/notification/notification.db-dwr
7fd47f663000-7fd47f664000 rw-s 00000000 /data/service/el1/public/notification/notification.db-dwr
7fd47f664000-7fd47f665000 rw-s 00000000 /data/service/el1/public/notification/notification.db-dwr
7fd47f665000-7fd47f666000 rw-s 00000000 /data/service/el1/public/notification/notification.db-dwr
7fd47f678000-7fd47f67a000 ---p 00000000 
7fd47f67a000-7fd47f681000 rw-p 00000000 [anon:signal_stack:30959]
7fd47f68f000-7fd47f69f000 rw-p 00000000 [anon:native_heap:brk]
7fd47f6b2000-7fd47f6b4000 ---p 00000000 
7fd47f6b4000-7fd47f6bb000 rw-p 00000000 [anon:signal_stack:32308]
7fd47f6bb000-7fd47f6c3000 rw-s 00000000 /data/service/el1/public/bms/bundle_resources/bundleResource_slave.db-shm
7fd47f6c3000-7fd47f6cb000 rw-s 00000000 /data/service/el1/public/bms/bundle_resources/bundleResource.db-shm
7fd47f6dd000-7fd47f728000 rw-s 00000000 /dev/ashmem/com.huawei.hmos.inputmethod (deleted)
7fd47f72a000-7fd47f732000 rw-s 00000000 /data/service/el1/public/bms/bundle_manager_service/bmsdb_slave.db-shm
7fd47f732000-7fd47f73a000 rw-s 00000000 /data/service/el1/public/bms/bundle_manager_service/bmsdb.db-shm
7fd47f73a000-7fd47f73c000 ---p 00000000 
7fd47f73c000-7fd47f743000 rw-p 00000000 [anon:signal_stack:27346]
7fd47f753000-7fd47f755000 ---p 00000000 
7fd47f755000-7fd47f75c000 rw-p 00000000 [anon:signal_stack:32554]
7fd47f75c000-7fd47f75e000 ---p 00000000 
7fd47f75e000-7fd47f765000 rw-p 00000000 [anon:signal_stack:32127]
7fd47f765000-7fd47f767000 ---p 00000000 
7fd47f767000-7fd47f76e000 rw-p 00000000 [anon:signal_stack:31668]
7fd47f775000-7fd47f777000 ---p 00000000 
7fd47f777000-7fd47f77e000 rw-p 00000000 [anon:signal_stack:32555]
7fd47f77e000-7fd47f780000 ---p 00000000 
7fd47f780000-7fd47f787000 rw-p 00000000 [anon:signal_stack:32556]
7fd47f787000-7fd47f789000 ---p 00000000 
7fd47f789000-7fd47f790000 rw-p 00000000 [anon:signal_stack:32552]
7fd47f790000-7fd47f792000 ---p 00000000 
7fd47f792000-7fd47f799000 rw-p 00000000 [anon:signal_stack:27241]
7fd47f799000-7fd47f79b000 ---p 00000000 [anon:guard:27240]
7fd47f79b000-7fd47f89c000 rw-p 00000000 [anon:stack:27240]
7fd47f89c000-7fd47f8bc000 rw-p 00000000 [anon:native_heap:brk]
7fd47f8bc000-7fd47f8be000 ---p 00000000 [anon:guard:817]
7fd47f8be000-7fd47f9bf000 rw-p 00000000 [anon:stack:817]
7fd47f9bf000-7fd47f9c1000 ---p 00000000 [anon:guard:816]
7fd47f9c1000-7fd47fac2000 rw-p 00000000 [anon:stack:816]
7fd47fac2000-7fd47fbc0000 r--p 00000000 /dev/binder
7fd47fbc0000-7fd4805c0000 r--s 00000000 /dev/__parameters__/u:object_r:default_param:s0
7fd4805c0000-7fd4807c0000 r--s 00000000 /dev/__parameters__/u:object_r:startup_init_param:s0
7fd4807c0000-7fd4807c4000 r--p 00000000 /system/lib64/chipset-sdk-sp/libsec_shared.z.so
7fd4807c4000-7fd4807d0000 r-xp 00003000 /system/lib64/chipset-sdk-sp/libsec_shared.z.so
7fd4807d0000-7fd4807d1000 r--p 0000e000 /system/lib64/chipset-sdk-sp/libsec_shared.z.so
7fd4807d1000-7fd4807d2000 rw-p 0000e000 /system/lib64/chipset-sdk-sp/libsec_shared.z.so
7fd4807d2000-7fd4807d6000 rw-p 00000000 [anon:native_heap:brk]
7fd4807d6000-7fd4807df000 rw-p 00000000 [anon:native_heap:brk]
7fd4807df000-7fd4807e1000 ---p 00000000 
7fd4807e1000-7fd4807e8000 rw-p 00000000 [anon:signal_stack:999]
7fd4807e8000-7fd480800000 rw-p 00000000 [anon:native_heap:brk]
7fd480800000-7fd480804000 r--p 00000000 /system/lib64/chipset-sdk-sp/libdfx_procinfo.z.so
7fd480804000-7fd48080a000 r-xp 00003000 /system/lib64/chipset-sdk-sp/libdfx_procinfo.z.so
7fd48080a000-7fd48080c000 r--p 00008000 /system/lib64/chipset-sdk-sp/libdfx_procinfo.z.so
7fd48080c000-7fd48080d000 rw-p 00009000 /system/lib64/chipset-sdk-sp/libdfx_procinfo.z.so
7fd48080d000-7fd480840000 rw-p 00000000 [anon:native_heap:brk]
7fd480840000-7fd480843000 r--p 00000000 /system/lib64/chipset-sdk-sp/libclang_rt.ubsan_minimal.so
7fd480843000-7fd480844000 r-xp 00002000 /system/lib64/chipset-sdk-sp/libclang_rt.ubsan_minimal.so
7fd480844000-7fd480846000 r--p 00002000 /system/lib64/chipset-sdk-sp/libclang_rt.ubsan_minimal.so
7fd480846000-7fd480847000 rw-p 00003000 /system/lib64/chipset-sdk-sp/libclang_rt.ubsan_minimal.so
7fd480847000-7fd480848000 rw-p 00000000 [anon:native_heap:brk]
7fd480849000-7fd480850000 rw-p 00000000 [anon:native_heap:brk]
7fd480850000-7fd480859000 rw-p 00000000 [anon:native_heap:brk]
7fd480859000-7fd48085a000 r--s 00000000 /dev/__parameters__/u:object_r:i18n_param:s0
7fd48085a000-7fd480860000 rw-p 00000000 [anon:native_heap:brk]
7fd480860000-7fd480880000 rw-p 00000000 [anon:native_heap:brk]
7fd480880000-7fd480885000 r--p 00000000 /system/lib64/chipset-sdk-sp/libhitracechain.so
7fd480885000-7fd48088d000 r-xp 00004000 /system/lib64/chipset-sdk-sp/libhitracechain.so
7fd48088d000-7fd48088f000 r--p 0000b000 /system/lib64/chipset-sdk-sp/libhitracechain.so
7fd48088f000-7fd480890000 rw-p 0000c000 /system/lib64/chipset-sdk-sp/libhitracechain.so
7fd480890000-7fd4808a7000 rw-p 00000000 [anon:native_heap:brk]
7fd4808a7000-7fd4808a8000 rw-s 00000000 /data/service/el1/public/bms/bundle_resources/bundleResource.db-dwr
7fd4808a8000-7fd4808c0000 rw-p 00000000 [anon:native_heap:brk]
7fd4808c0000-7fd4808c7000 r--p 00000000 /system/lib64/platformsdk/libdfx_signalhandler.z.so
7fd4808c7000-7fd4808d3000 r-xp 00006000 /system/lib64/platformsdk/libdfx_signalhandler.z.so
7fd4808d3000-7fd4808d5000 r--p 00011000 /system/lib64/platformsdk/libdfx_signalhandler.z.so
7fd4808d5000-7fd4808d6000 rw-p 00012000 /system/lib64/platformsdk/libdfx_signalhandler.z.so
7fd4808d6000-7fd4808d9000 rw-p 00000000 [anon:libdfx_signalhandler.z.so.bss]
7fd4808d9000-7fd4808db000 rw-p 00000000 [anon:native_heap:brk]
7fd4808db000-7fd4808de000 rw-p 00000000 [anon:native_heap:brk]
7fd4808de000-7fd4808e7000 rw-p 00000000 [anon:native_heap:brk]
7fd4808e7000-7fd4808e8000 rw-s 00000000 /data/service/el1/public/bms/bundle_resources/bundleResource.db-dwr
7fd4808e8000-7fd480900000 rw-p 00000000 [anon:native_heap:brk]
7fd480900000-7fd48090e000 r--p 00000000 /system/lib64/platformsdk/libsamgr_common.z.so
7fd48090e000-7fd48092e000 r-xp 0000d000 /system/lib64/platformsdk/libsamgr_common.z.so
7fd48092e000-7fd48092f000 r--p 0002c000 /system/lib64/platformsdk/libsamgr_common.z.so
7fd48092f000-7fd480930000 rw-p 0002c000 /system/lib64/platformsdk/libsamgr_common.z.so
7fd480930000-7fd480940000 rw-p 00000000 [anon:native_heap:brk]
7fd480940000-7fd480992000 r--p 00000000 /system/lib64/ndk/libffrt.so
7fd480992000-7fd480a17000 r-xp 00051000 /system/lib64/ndk/libffrt.so
7fd480a17000-7fd480a1c000 r--p 000d5000 /system/lib64/ndk/libffrt.so
7fd480a1c000-7fd480a1d000 rw-p 000d9000 /system/lib64/ndk/libffrt.so
7fd480a1d000-7fd480a31000 rw-p 00000000 [anon:libffrt.so.bss]
7fd480a31000-7fd480a32000 rw-s 00000000 /data/service/el1/public/bms/bundle_resources/bundleResource.db-dwr
7fd480a32000-7fd480a33000 rw-s 00000000 /data/service/el1/public/bms/bundle_manager_service/bmsdb.db-dwr
7fd480a33000-7fd480a34000 rw-s 00000000 /data/service/el1/public/bms/bundle_resources/bundleResource.db-dwr
7fd480a34000-7fd480a35000 rw-s 00000000 /data/service/el1/public/bms/bundle_resources/bundleResource_slave.db-dwr
7fd480a35000-7fd480a36000 rw-s 00000000 /data/service/el1/public/bms/bundle_resources/bundleResource.db-dwr
7fd480a36000-7fd480a40000 rw-p 00000000 [anon:native_heap:brk]
7fd480a40000-7fd480a4b000 r--p 00000000 /system/lib64/chipset-sdk-sp/libucollection_client.z.so
7fd480a4b000-7fd480a56000 r-xp 0000a000 /system/lib64/chipset-sdk-sp/libucollection_client.z.so
7fd480a56000-7fd480a5a000 r--p 00014000 /system/lib64/chipset-sdk-sp/libucollection_client.z.so
7fd480a5a000-7fd480a5b000 rw-p 00017000 /system/lib64/chipset-sdk-sp/libucollection_client.z.so
7fd480a5b000-7fd480a5c000 rw-p 00000000 [anon:native_heap:brk]
7fd480a5c000-7fd480a5e000 ---p 00000000 
7fd480a5e000-7fd480a65000 rw-p 00000000 [anon:signal_stack:878]
7fd480a65000-7fd480a67000 ---p 00000000 
7fd480a67000-7fd480a6e000 rw-p 00000000 [anon:signal_stack:879]
7fd480a6e000-7fd480a70000 ---p 00000000 
7fd480a70000-7fd480a77000 rw-p 00000000 [anon:signal_stack:880]
7fd480a77000-7fd480a80000 rw-p 00000000 [anon:native_heap:brk]
7fd480a80000-7fd480a82000 r--p 00000000 /system/lib64/chipset-sdk-sp/libfaultloggerd.z.so
7fd480a82000-7fd480a86000 r-xp 00001000 /system/lib64/chipset-sdk-sp/libfaultloggerd.z.so
7fd480a86000-7fd480a87000 r--p 00004000 /system/lib64/chipset-sdk-sp/libfaultloggerd.z.so
7fd480a87000-7fd480a88000 rw-p 00004000 /system/lib64/chipset-sdk-sp/libfaultloggerd.z.so
7fd480a88000-7fd480ac0000 rw-p 00000000 [anon:native_heap:brk]
7fd480ac0000-7fd480ad5000 r--p 00000000 /system/lib64/chipset-sdk-sp/libunwinder.z.so
7fd480ad5000-7fd480b04000 r-xp 00014000 /system/lib64/chipset-sdk-sp/libunwinder.z.so
7fd480b04000-7fd480b06000 r--p 00042000 /system/lib64/chipset-sdk-sp/libunwinder.z.so
7fd480b06000-7fd480b07000 rw-p 00043000 /system/lib64/chipset-sdk-sp/libunwinder.z.so
7fd480b07000-7fd480b09000 rw-p 00000000 [anon:libunwinder.z.so.bss]
7fd480b09000-7fd480b0a000 rw-s 00000000 /data/service/el1/public/bms/bundle_manager_service/bmsdb.db-dwr
7fd480b0a000-7fd480b40000 rw-p 00000000 [anon:native_heap:brk]
7fd480b40000-7fd480b55000 r--p 00000000 /system/lib64/platformsdk/libsystem_ability_fwk.z.so
7fd480b55000-7fd480b6a000 r-xp 00014000 /system/lib64/platformsdk/libsystem_ability_fwk.z.so
7fd480b6a000-7fd480b6d000 r--p 00028000 /system/lib64/platformsdk/libsystem_ability_fwk.z.so
7fd480b6d000-7fd480b6e000 rw-p 0002a000 /system/lib64/platformsdk/libsystem_ability_fwk.z.so
7fd480b6e000-7fd480b80000 rw-p 00000000 [anon:native_heap:brk]
7fd480b80000-7fd480b9b000 r--p 00000000 /system/lib64/chipset-sdk-sp/libressched_client.z.so
7fd480b9b000-7fd480bc0000 r-xp 0001a000 /system/lib64/chipset-sdk-sp/libressched_client.z.so
7fd480bc0000-7fd480bc7000 r--p 0003e000 /system/lib64/chipset-sdk-sp/libressched_client.z.so
7fd480bc7000-7fd480bc8000 rw-p 00044000 /system/lib64/chipset-sdk-sp/libressched_client.z.so
7fd480bc8000-7fd480c00000 rw-p 00000000 [anon:native_heap:brk]
7fd480c00000-7fd480c01000 r--p 00000000 /system/lib64/chipset-sdk-sp/libconfigpolicy_util.z.so
7fd480c01000-7fd480c04000 r-xp 00000000 /system/lib64/chipset-sdk-sp/libconfigpolicy_util.z.so
7fd480c04000-7fd480c05000 r--p 00002000 /system/lib64/chipset-sdk-sp/libconfigpolicy_util.z.so
7fd480c05000-7fd480c06000 rw-p 00002000 /system/lib64/chipset-sdk-sp/libconfigpolicy_util.z.so
7fd480c06000-7fd480c40000 rw-p 00000000 [anon:native_heap:brk]
7fd480c40000-7fd480c46000 r--p 00000000 /system/lib64/chipset-sdk-sp/libhitrace_meter.so
7fd480c46000-7fd480c52000 r-xp 00005000 /system/lib64/chipset-sdk-sp/libhitrace_meter.so
7fd480c52000-7fd480c53000 r--p 00010000 /system/lib64/chipset-sdk-sp/libhitrace_meter.so
7fd480c53000-7fd480c54000 rw-p 00010000 /system/lib64/chipset-sdk-sp/libhitrace_meter.so
7fd480c54000-7fd480c80000 rw-p 00000000 [anon:native_heap:brk]
7fd480c80000-7fd480c87000 r--p 00000000 /system/lib64/platformsdk/libipc_common.z.so
7fd480c87000-7fd480c92000 r-xp 00006000 /system/lib64/platformsdk/libipc_common.z.so
7fd480c92000-7fd480c93000 r--p 00010000 /system/lib64/platformsdk/libipc_common.z.so
7fd480c93000-7fd480c94000 rw-p 00010000 /system/lib64/platformsdk/libipc_common.z.so
7fd480c94000-7fd480cc0000 rw-p 00000000 [anon:native_heap:brk]
7fd480cc0000-7fd480cd0000 r--p 00000000 /system/lib64/chipset-sdk-sp/libselinux.z.so
7fd480cd0000-7fd480cee000 r-xp 0000f000 /system/lib64/chipset-sdk-sp/libselinux.z.so
7fd480cee000-7fd480cf0000 r--p 0002c000 /system/lib64/chipset-sdk-sp/libselinux.z.so
7fd480cf0000-7fd480cf1000 rw-p 0002d000 /system/lib64/chipset-sdk-sp/libselinux.z.so
7fd480cf1000-7fd480cf3000 rw-p 00000000 [anon:libselinux.z.so.bss]
7fd480cf3000-7fd480d00000 rw-p 00000000 [anon:native_heap:brk]
7fd480d00000-7fd480d39000 r--p 00000000 /system/lib64/platformsdk/libipc_single.z.so
7fd480d39000-7fd480d87000 r-xp 00038000 /system/lib64/platformsdk/libipc_single.z.so
7fd480d87000-7fd480d8b000 r--p 00086000 /system/lib64/platformsdk/libipc_single.z.so
7fd480d8b000-7fd480d8c000 rw-p 00089000 /system/lib64/platformsdk/libipc_single.z.so
7fd480d8c000-7fd480db5000 rw-p 00000000 [anon:native_heap:brk]
7fd480db5000-7fd480dc0000 rw-p 00000000 [anon:native_heap:brk]
7fd480dc0000-7fd480dd3000 r--p 00000000 /system/lib64/chipset-sdk/libaccesstoken_sdk.z.so
7fd480dd3000-7fd480dfc000 r-xp 00012000 /system/lib64/chipset-sdk/libaccesstoken_sdk.z.so
7fd480dfc000-7fd480e00000 r--p 0003a000 /system/lib64/chipset-sdk/libaccesstoken_sdk.z.so
7fd480e00000-7fd480e01000 rw-p 0003d000 /system/lib64/chipset-sdk/libaccesstoken_sdk.z.so
7fd480e01000-7fd480e30000 rw-p 00000000 [anon:native_heap:brk]
7fd480e30000-7fd480e40000 rw-p 00000000 [anon:native_heap:brk]
7fd480e40000-7fd480e46000 r--p 00000000 /system/lib64/chipset-sdk-sp/libsystemparam.z.so
7fd480e46000-7fd480e4f000 r-xp 00005000 /system/lib64/chipset-sdk-sp/libsystemparam.z.so
7fd480e4f000-7fd480e50000 r--p 0000d000 /system/lib64/chipset-sdk-sp/libsystemparam.z.so
7fd480e50000-7fd480e51000 rw-p 0000d000 /system/lib64/chipset-sdk-sp/libsystemparam.z.so
7fd480e51000-7fd480e55000 rw-p 00000000 [anon:native_heap:brk]
7fd480e55000-7fd480e58000 r--s 00000000 /dev/__parameters__/u:object_r:samgr_writable_param:s0
7fd480e58000-7fd480e80000 rw-p 00000000 [anon:native_heap:brk]
7fd480e80000-7fd480f15000 r--p 00000000 /system/lib64/chipset-sdk-sp/libc++.so
7fd480f15000-7fd480fb6000 r-xp 00094000 /system/lib64/chipset-sdk-sp/libc++.so
7fd480fb6000-7fd480fc1000 r--p 00134000 /system/lib64/chipset-sdk-sp/libc++.so
7fd480fc1000-7fd480fc2000 rw-p 0013e000 /system/lib64/chipset-sdk-sp/libc++.so
7fd480fc2000-7fd480fc9000 rw-p 00000000 [anon:libc++.so.bss]
7fd480fc9000-7fd480ff0000 rw-p 00000000 [anon:native_heap:brk]
7fd480ff0000-7fd481000000 rw-p 00000000 [anon:native_heap:brk]
7fd481000000-7fd481007000 r--p 00000000 /system/lib64/platformsdk/libsandboxlog.so
7fd481007000-7fd48101c000 r-xp 00006000 /system/lib64/platformsdk/libsandboxlog.so
7fd48101c000-7fd48101d000 r--p 0001a000 /system/lib64/platformsdk/libsandboxlog.so
7fd48101d000-7fd48101e000 rw-p 0001a000 /system/lib64/platformsdk/libsandboxlog.so
7fd48101e000-7fd48101f000 rw-p 00000000 [anon:libsandboxlog.so.bss]
7fd48101f000-7fd481040000 rw-p 00000000 [anon:native_heap:brk]
7fd481040000-7fd48104f000 r--p 00000000 /system/lib64/libhilog.so
7fd48104f000-7fd48106e000 r-xp 0000e000 /system/lib64/libhilog.so
7fd48106e000-7fd481070000 r--p 0002c000 /system/lib64/libhilog.so
7fd481070000-7fd481071000 rw-p 0002d000 /system/lib64/libhilog.so
7fd481071000-7fd481072000 rw-p 00000000 [anon:libhilog.so.bss]
7fd481072000-7fd481080000 rw-p 00000000 [anon:native_heap:brk]
7fd481080000-7fd481096000 r--p 00000000 /system/lib64/chipset-sdk/libaccesstoken_common_cxx.z.so
7fd481096000-7fd48109c000 r-xp 00015000 /system/lib64/chipset-sdk/libaccesstoken_common_cxx.z.so
7fd48109c000-7fd48109d000 r--p 0001a000 /system/lib64/chipset-sdk/libaccesstoken_common_cxx.z.so
7fd48109d000-7fd4810a5000 rw-p 0001a000 /system/lib64/chipset-sdk/libaccesstoken_common_cxx.z.so
7fd4810a5000-7fd4810af000 rw-p 00000000 [anon:native_heap:brk]
7fd4810af000-7fd4810b1000 ---p 00000000 
7fd4810b1000-7fd4810b8000 rw-p 00000000 [anon:signal_stack:817]
7fd4810b8000-7fd4810c0000 rw-p 00000000 [anon:native_heap:brk]
7fd4810c0000-7fd4810ca000 r--p 00000000 /system/lib64/chipset-sdk-sp/libhisysevent.z.so
7fd4810ca000-7fd4810d5000 r-xp 00009000 /system/lib64/chipset-sdk-sp/libhisysevent.z.so
7fd4810d5000-7fd4810d7000 r--p 00013000 /system/lib64/chipset-sdk-sp/libhisysevent.z.so
7fd4810d7000-7fd4810d8000 rw-p 00014000 /system/lib64/chipset-sdk-sp/libhisysevent.z.so
7fd4810d8000-7fd4810d9000 rw-p 00000000 [anon:libhisysevent.z.so.bss]
7fd4810d9000-7fd481100000 rw-p 00000000 [anon:native_heap:brk]
7fd481100000-7fd48111b000 r--p 00000000 /system/lib64/chipset-sdk-sp/libutils.z.so
7fd48111b000-7fd481139000 r-xp 0001a000 /system/lib64/chipset-sdk-sp/libutils.z.so
7fd481139000-7fd48113b000 r--p 00037000 /system/lib64/chipset-sdk-sp/libutils.z.so
7fd48113b000-7fd48113c000 rw-p 00038000 /system/lib64/chipset-sdk-sp/libutils.z.so
7fd48113c000-7fd481140000 rw-p 00000000 [anon:native_heap:brk]
7fd481140000-7fd481159000 r--p 00000000 /system/lib64/chipset-sdk-sp/libeventhandler.z.so
7fd481159000-7fd48117e000 r-xp 00018000 /system/lib64/chipset-sdk-sp/libeventhandler.z.so
7fd48117e000-7fd481181000 r--p 0003c000 /system/lib64/chipset-sdk-sp/libeventhandler.z.so
7fd481181000-7fd481182000 rw-p 0003e000 /system/lib64/chipset-sdk-sp/libeventhandler.z.so
7fd481182000-7fd481186000 rw-p 00000000 [anon:native_heap:brk]
7fd481186000-7fd4811c0000 rw-p 00000000 [anon:native_heap:brk]
7fd4811c0000-7fd4811c3000 r--p 00000000 /system/lib64/chipset-sdk-sp/libstorage_manager_acl.z.so
7fd4811c3000-7fd4811c7000 r-xp 00002000 /system/lib64/chipset-sdk-sp/libstorage_manager_acl.z.so
7fd4811c7000-7fd4811c9000 r--p 00005000 /system/lib64/chipset-sdk-sp/libstorage_manager_acl.z.so
7fd4811c9000-7fd4811ca000 rw-p 00006000 /system/lib64/chipset-sdk-sp/libstorage_manager_acl.z.so
7fd4811ca000-7fd481200000 rw-p 00000000 [anon:native_heap:brk]
7fd481200000-7fd48121d000 r--p 00000000 /system/lib64/chipset-sdk-sp/libsamgr_proxy.z.so
7fd48121d000-7fd481235000 r-xp 0001c000 /system/lib64/chipset-sdk-sp/libsamgr_proxy.z.so
7fd481235000-7fd48123c000 r--p 00033000 /system/lib64/chipset-sdk-sp/libsamgr_proxy.z.so
7fd48123c000-7fd48123d000 rw-p 00039000 /system/lib64/chipset-sdk-sp/libsamgr_proxy.z.so
7fd48123d000-7fd481240000 rw-p 00000000 [anon:native_heap:brk]
7fd481240000-7fd481246000 r--p 00000000 /system/lib64/chipset-sdk-sp/libbacktrace_local.so
7fd481246000-7fd48124e000 r-xp 00005000 /system/lib64/chipset-sdk-sp/libbacktrace_local.so
7fd48124e000-7fd48124f000 r--p 0000c000 /system/lib64/chipset-sdk-sp/libbacktrace_local.so
7fd48124f000-7fd481250000 rw-p 0000c000 /system/lib64/chipset-sdk-sp/libbacktrace_local.so
7fd481250000-7fd481251000 rw-p 00000000 [anon:libbacktrace_local.so.bss]
7fd481251000-7fd481280000 rw-p 00000000 [anon:native_heap:brk]
7fd481280000-7fd48129a000 r--p 00000000 /system/lib64/chipset-sdk-sp/libhicollie.z.so
7fd48129a000-7fd4812bf000 r-xp 00019000 /system/lib64/chipset-sdk-sp/libhicollie.z.so
7fd4812bf000-7fd4812c1000 r--p 0003d000 /system/lib64/chipset-sdk-sp/libhicollie.z.so
7fd4812c1000-7fd4812c2000 rw-p 0003e000 /system/lib64/chipset-sdk-sp/libhicollie.z.so
7fd4812c2000-7fd4812d4000 rw-p 00000000 [anon:native_heap:brk]
7fd4812d4000-7fd4812d6000 ---p 00000000 
7fd4812d6000-7fd4812dd000 rw-p 00000000 [anon:signal_stack:27240]
7fd4812dd000-7fd481300000 rw-p 00000000 [anon:native_heap:brk]
7fd481300000-7fd48130c000 r--p 00000000 /system/lib64/chipset-sdk-sp/libpcre2.z.so
7fd48130c000-7fd481330000 r-xp 0000b000 /system/lib64/chipset-sdk-sp/libpcre2.z.so
7fd481330000-7fd481331000 r--p 0002e000 /system/lib64/chipset-sdk-sp/libpcre2.z.so
7fd481331000-7fd481332000 rw-p 0002e000 /system/lib64/chipset-sdk-sp/libpcre2.z.so
7fd481332000-7fd481333000 rw-p 00000000 [anon:native_heap:brk]
7fd481333000-7fd481335000 r--s 00000000 /dev/__parameters__/u:object_r:debug_param:s0
7fd481335000-7fd48133a000 rw-p 00000000 [anon:native_heap:brk]
7fd48133a000-7fd481340000 rw-p 00000000 [anon:native_heap:brk]
7fd481340000-7fd481346000 r--p 00000000 /system/lib64/chipset-sdk/libaccesstoken_communication_adapter_cxx.z.so
7fd481346000-7fd48134c000 r-xp 00005000 /system/lib64/chipset-sdk/libaccesstoken_communication_adapter_cxx.z.so
7fd48134c000-7fd48134f000 r--p 0000a000 /system/lib64/chipset-sdk/libaccesstoken_communication_adapter_cxx.z.so
7fd48134f000-7fd481350000 rw-p 0000c000 /system/lib64/chipset-sdk/libaccesstoken_communication_adapter_cxx.z.so
7fd481350000-7fd481351000 rw-p 00000000 [anon:native_heap:brk]
7fd481351000-7fd481380000 rw-p 00000000 [anon:native_heap:mmap]
7fd481380000-7fd48138f000 r--p 00000000 /system/lib64/chipset-sdk-sp/libbegetutil.z.so
7fd48138f000-7fd4813a7000 r-xp 0000e000 /system/lib64/chipset-sdk-sp/libbegetutil.z.so
7fd4813a7000-7fd4813a9000 r--p 00025000 /system/lib64/chipset-sdk-sp/libbegetutil.z.so
7fd4813a9000-7fd4813aa000 rw-p 00026000 /system/lib64/chipset-sdk-sp/libbegetutil.z.so
7fd4813aa000-7fd4813ab000 r--s 00000000 /dev/__parameters__/u:object_r:arkcompiler_param:s0
7fd4813ab000-7fd4813c0000 rw-p 00000000 [anon:native_heap:brk]
7fd4813c0000-7fd4813c4000 r--p 00000000 /system/lib64/chipset-sdk-sp/libcjson.z.so
7fd4813c4000-7fd4813c9000 r-xp 00003000 /system/lib64/chipset-sdk-sp/libcjson.z.so
7fd4813c9000-7fd4813ca000 r--p 00007000 /system/lib64/chipset-sdk-sp/libcjson.z.so
7fd4813ca000-7fd4813cb000 rw-p 00007000 /system/lib64/chipset-sdk-sp/libcjson.z.so
7fd4813cb000-7fd4813e9000 rw-p 00000000 [anon:native_heap:brk]
7fd4813e9000-7fd4813ea000 r--s 00000000 /dev/__parameters__/u:object_r:devinfo_type_param:s0
7fd4813ea000-7fd481407000 rw-p 00000000 [anon:native_heap:brk]
7fd481407000-7fd48140f000 rw-s 00000000 /data/service/el1/public/notification/notification.db-shm
7fd48140f000-7fd481410000 rw-s 00000000 /data/service/el1/public/notification/notification.db-dwr
7fd481410000-7fd481444000 rw-p 00000000 [anon:native_heap:brk]
7fd481444000-7fd48144c000 rw-p 00000000 [anon:native_heap:brk]
7fd48144c000-7fd481462000 rw-p 00000000 [anon:native_heap:brk]
7fd481462000-7fd481474000 rw-p 00000000 [anon:native_heap:brk]
7fd481474000-7fd481475000 rw-p 00000000 [anon:native_heap:brk]
7fd481475000-7fd481476000 r--s 00000000 /dev/__parameters__/u:object_r:const_i18n_param:s0
7fd481476000-7fd481488000 rw-p 00000000 [anon:native_heap:brk]
7fd481488000-7fd4814af000 rw-p 00000000 [anon:native_heap:brk]
7fd4814af000-7fd4814c0000 rw-p 00000000 [anon:native_heap:brk]
7fd4814c0000-7fd4814c2000 r--p 00000000 /system/lib64/platformsdk/libfwmark_client.z.so
7fd4814c2000-7fd4814c4000 r-xp 00001000 /system/lib64/platformsdk/libfwmark_client.z.so
7fd4814c4000-7fd4814c5000 r--p 00002000 /system/lib64/platformsdk/libfwmark_client.z.so
7fd4814c5000-7fd4814c6000 rw-p 00002000 /system/lib64/platformsdk/libfwmark_client.z.so
7fd4814c6000-7fd4814db000 rw-p 00000000 [anon:native_heap:brk]
7fd4814db000-7fd4814e3000 rw-p 00000000 [anon:native_heap:brk]
7fd4814e3000-7fd4814e5000 ---p 00000000 
7fd4814e5000-7fd4814ec000 rw-p 00000000 [anon:signal_stack:859]
7fd4814ec000-7fd4814ee000 ---p 00000000 
7fd4814ee000-7fd4814f5000 rw-p 00000000 [anon:signal_stack:858]
7fd4814f5000-7fd4814f7000 ---p 00000000 
7fd4814f7000-7fd4814fe000 rw-p 00000000 [anon:signal_stack:816]
7fd4814fe000-7fd481514000 rw-p 00000000 [anon:native_heap:brk]
7fd481514000-7fd481515000 r--s 00000000 /dev/__parameters__/u:object_r:update_updater_param:s0
7fd481515000-7fd481519000 rw-p 00000000 [anon:native_heap:brk]
7fd481519000-7fd48151a000 rw-s 00000000 /data/service/el1/public/bms/bundle_manager_service/bmsdb.db-dwr
7fd48151a000-7fd48151b000 rw-s 00000000 /data/service/el1/public/bms/bundle_manager_service/bmsdb.db-dwr
7fd48151b000-7fd48151c000 rw-s 00000000 /data/service/el1/public/bms/bundle_manager_service/bmsdb_slave.db-dwr
7fd48151c000-7fd48151d000 rw-s 00000000 /data/service/el1/public/bms/bundle_manager_service/bmsdb.db-dwr
7fd48151d000-7fd481521000 rw-p 00000000 [anon:native_heap:brk]
7fd481521000-7fd481522000 r--s 00000000 /dev/__parameters__/u:object_r:hilog_private_param:s0
7fd481522000-7fd481524000 ---p 00000000 
7fd481524000-7fd48152b000 rw-p 00000000 [anon:signal_stack:812]
7fd48152b000-7fd48152f000 rw-p 00000000 [anon:native_heap:brk]
7fd48152f000-7fd481539000 r--s 00000000 /dev/__parameters__/u:object_r:hilog_param:s0
7fd481539000-7fd48153d000 rw-p 00000000 [anon:native_heap:brk]
7fd48153d000-7fd48155d000 r--s 00000000 /dev/__parameters__/u:object_r:develop_private_param:s0
7fd48155d000-7fd481564000 rw-p 00000000 [anon:native_heap:brk]
7fd481564000-7fd481565000 r--s 00000000 /dev/__parameters__/u:object_r:versiontype_param:s0
7fd481565000-7fd481566000 r--s 00000000 /dev/__parameters__/u:object_r:hook_param:s0
7fd481566000-7fd481567000 r--s 00000000 /dev/__parameters__/u:object_r:hitrace_param:s0
7fd481567000-7fd481767000 r--s 00000000 /dev/__parameters__/u:object_r:devinfo_public_param:s0
7fd481767000-7fd481768000 r--s 00000000 /dev/__parameters__/u:object_r:time_param:s0
7fd481768000-7fd481769000 r--s 00000000 /dev/__parameters__/u:object_r:i18n_param_tz_override:s0
7fd481769000-7fd481770000 rw-p 00000000 [anon:native_heap:brk]
7fd481770000-7fd481771000 r--s 00000000 /dev/__parameters__/u:object_r:musl_param:s0
7fd481771000-7fd481971000 r--s 00000000 /dev/__parameters__/param_sec_dac
7fd481971000-7fd4819bf000 rw-p 00000000 [anon:native_heap:brk]
7fd4819bf000-7fd4819d3000 r--s 00000000 /dev/__parameters__/param_selinux
7fd4819d3000-7fd4819d4000 rw-p 00000000 [anon:native_heap:brk]
7fd4819d4000-7fd481a4d000 r--p 00000000 /system/lib/ld-musl-x86_64.so.1
7fd481a4d000-7fd481b1d000 r-xp 00078000 /system/lib/ld-musl-x86_64.so.1
7fd481b1d000-7fd481b1f000 r--p 00147000 /system/lib/ld-musl-x86_64.so.1
7fd481b1f000-7fd481b21000 rw-p 00148000 /system/lib/ld-musl-x86_64.so.1
7fd481b21000-7fd481b32000 rw-p 00000000 [anon:ld-musl-x86_64.so.1.bss]
7ffdafbae000-7ffdafcef000 rw-p 00000000 [stack]
7ffdafdc0000-7ffdafdc4000 r--p 00000000 [vvar]
7ffdafdc4000-7ffdafdc6000 r-xp 00000000 [vdso]
ffffffffff600000-ffffffffff601000 --xp 00000000 [vsyscall]
OpenFiles:
0->/dev/null native object of unknown type 0
1->/dev/null native object of unknown type 0
2->/dev/null native object of unknown type 0
3->socket:[12944] native object of unknown type 0
4->/dev/kmsg native object of unknown type 0
5->/sys/kernel/debug/tracing/trace_marker FILE* 218115379
6->/dev/binder FILE* 218126272
7->/dev/kmsg native object of unknown type 0
8->socket:[13592] native object of unknown type 0
9->anon_inode:[eventpoll] FILE* 9
10->anon_inode:[eventfd] FILE* 10
11->anon_inode:[eventpoll] native object of unknown type 0
12->anon_inode:[timerfd] native object of unknown type 0
13->socket:[13603] native object of unknown type 0
14->/dev/urandom native object of unknown type 0
15->/data/service/el1/public/bms/bundle_manager_service/bmsdb.db FILE* 5351
16->/data/service/el1/public/bms/bundle_manager_service/bmsdb.db FILE* 5351
17->/data/service/el1/public/bms/bundle_manager_service/bmsdb.db-dwr FILE* 5351
18->socket:[142938] native object of unknown type 218108672
19->/dev/ashmem native object of unknown type 218108672
20->socket:[142939] native object of unknown type 218108672
21->socket:[121164] native object of unknown type 0
22->/data/service/el1/public/bms/bundle_resources/bundleResource.db FILE* 5351
23->/data/service/el1/public/bms/bundle_resources/bundleResource.db-dwr FILE* 5351
24->/data/service/el1/public/bms/bundle_resources/bundleResource.db-wal FILE* 5351
25->/data/service/el1/public/bms/bundle_manager_service/bmsdb.db-wal FILE* 5351
26->/data/service/el1/public/bms/bundle_manager_service/bmsdb.db-shm FILE* 5351
27->/data/service/el1/public/bms/bundle_manager_service/bmsdb_slave.db FILE* 5351
28->/data/service/el1/public/bms/bundle_manager_service/bmsdb_slave.db-dwr FILE* 5351
29->/data/service/el1/public/bms/bundle_manager_service/bmsdb_slave.db-wal FILE* 5351
30->/data/service/el1/public/bms/bundle_manager_service/bmsdb_slave.db-shm FILE* 5351
31->/data/service/el1/public/bms/bundle_manager_service/bmsdb.db FILE* 5351
32->/data/service/el1/public/database/notification_service/notificationdb_ext.db-wal FILE* 5351
33->/data/service/el1/public/bms/bundle_manager_service/bmsdb.db-dwr FILE* 5351
34->/data/service/el1/public/bms/bundle_manager_service/bmsdb.db FILE* 5351
35->/data/service/el1/public/bms/bundle_manager_service/bmsdb.db-dwr FILE* 5351
36->/data/service/el1/public/database/notification_service/notificationdb_ext.db-wal FILE* 5351
37->/data/service/el1/public/bms/bundle_manager_service/bmsdb.db FILE* 5351
38->/data/service/el1/public/bms/bundle_manager_service/bmsdb.db-dwr FILE* 5351
39->/data/service/el1/public/database/notification_service/notificationdb_ext.db-wal FILE* 5351
40->/data/service/el1/public/bms/bundle_manager_service/bmsdb.db FILE* 5351
41->/data/service/el1/public/bms/bundle_manager_service/bmsdb.db-dwr FILE* 5351
42->/data/service/el1/public/bms/bundle_manager_service/bmsdb.db-wal FILE* 5351
43->/data/service/el1/public/database/auto_startup_service/kvdb/1954a73ebe7a35acfaec12991b672b7a85e95e738205f38d5c10f48a17e61199/single_ver/main/gen_natural_store.db FILE* 5351
44->/data/service/el1/public/bms/bundle_manager_service/bmsdb.db-wal FILE* 5351
45->/data/service/el1/public/database/auto_startup_service/kvdb/1954a73ebe7a35acfaec12991b672b7a85e95e738205f38d5c10f48a17e61199/single_ver/main/gen_natural_store.db-wal FILE* 5351
46->/data/service/el1/public/database/auto_startup_service/kvdb/1954a73ebe7a35acfaec12991b672b7a85e95e738205f38d5c10f48a17e61199/single_ver/main/gen_natural_store.db-shm FILE* 5351
47->/data/service/el1/public/database/auto_startup_service/kvdb/1954a73ebe7a35acfaec12991b672b7a85e95e738205f38d5c10f48a17e61199/single_ver/main/gen_natural_store.db FILE* 5351
48->/data/service/el1/public/database/auto_startup_service/kvdb/1954a73ebe7a35acfaec12991b672b7a85e95e738205f38d5c10f48a17e61199/single_ver/main/gen_natural_store.db-wal FILE* 5351
49->/data/service/el1/public/database/insight_intent/insight_intent.db-wal FILE* 5351
50->/data/service/el1/public/database/insight_intent/insight_intent.db-wal FILE* 5351
51->/data/service/el1/public/database/notification_service/notificationdb_ext.db-wal FILE* 5351
52->/data/service/el1/public/bms/bundle_manager_service/bmsdb_slave.db FILE* 5351
53->/data/service/el1/public/bms/bundle_manager_service/bmsdb.db-wal FILE* 5351
54->/dev/ashmem native object of unknown type 0
55->/data/service/el1/public/bms/bundle_manager_service/bmsdb.db-wal FILE* 5351
56->socket:[12156] native object of unknown type 0
57->/data/service/el1/public/bms/bundle_resources/bundleResource.db-shm FILE* 5351
58->/sys/kernel/debug/tracing/trace_marker FILE* 218115379
59->socket:[2030] native object of unknown type 0
60->/data/service/el1/public/bms/bundle_manager_service/bmsdb.db FILE* 5351
61->/dev/ashmem native object of unknown type 0
62->pipe:[12163] native object of unknown type 218108726
63->/data/service/el1/public/bms/bundle_resources/bundleResource_slave.db FILE* 5351
64->pipe:[12163] native object of unknown type 218108726
65->/data/service/el1/public/notification/notification.db FILE* 5351
66->/data/service/el1/public/bms/bundle_resources/bundleResource_slave.db-dwr FILE* 5351
67->pipe:[13723] native object of unknown type 218108689
68->pipe:[13723] native object of unknown type 218108689
69->pipe:[13724] native object of unknown type 218108689
70->pipe:[13724] native object of unknown type 218108689
71->/data/service/el1/public/notification/notification.db-dwr FILE* 5351
72->/data/service/el1/public/notification/notification.db-wal FILE* 5351
73->/data/service/el1/public/notification/notification.db-shm FILE* 5351
74->/data/service/el1/public/notification/notification.db FILE* 5351
75->/data/service/el1/public/notification/notification.db-dwr FILE* 5351
76->/data/service/el1/public/notification/notification.db FILE* 5351
77->/data/service/el1/public/notification/notification.db-dwr FILE* 5351
78->/data/service/el1/public/notification/notification.db FILE* 5351
79->/data/service/el1/public/notification/notification.db-dwr FILE* 5351
80->/data/service/el1/public/notification/notification.db FILE* 5351
81->/data/service/el1/public/notification/notification.db-dwr FILE* 5351
82->/dev/kmsg native object of unknown type 218114048
83->anon_inode:[eventpoll] native object of unknown type 218108417
84->socket:[12208] native object of unknown type 218114048
85->anon_inode:[eventfd] native object of unknown type 218108417
86->/data/service/el1/public/notification/notification.db-wal FILE* 5351
87->/data/service/el1/public/database/notification_service/notificationdb_slave.db FILE* 5351
88->/data/service/el1/public/database/notification_service/notificationdb.db FILE* 5351
89->/data/service/el1/public/database/notification_service/notificationdb.db-dwr FILE* 5351
90->/data/service/el1/public/notification/notification.db-wal FILE* 5351
91->/data/service/el1/public/bms/bundle_manager_service/bmsdb.db_binlog/binlog_default.00003 FILE* 218109488
92->/data/service/el1/public/database/notification_service/notificationdb.db-wal FILE* 5351
93->/data/service/el1/public/database/notification_service/notificationdb.db-shm FILE* 5351
94->/data/service/el1/public/database/notification_service/notificationdb_slave.db-dwr FILE* 5351
95->/data/service/el1/public/database/notification_service/notificationdb_slave.db-wal FILE* 5351
96->/data/service/el1/public/database/notification_service/notificationdb.db FILE* 5351
97->/data/service/el1/public/database/notification_service/notificationdb_slave.db-shm FILE* 5351
98->/data/service/el1/public/database/notification_service/notificationdb.db FILE* 5351
99->/data/service/el1/public/database/notification_service/notificationdb.db-dwr FILE* 5351
100->/data/service/el1/public/database/notification_service/notificationdb.db-dwr FILE* 5351
101->/data/service/el1/public/database/notification_service/notificationdb.db FILE* 5351
102->/data/service/el1/public/database/notification_service/notificationdb.db-dwr FILE* 5351
103->/data/service/el1/public/database/notification_service/notificationdb.db FILE* 5351
104->/data/service/el1/public/database/notification_service/notificationdb.db-dwr FILE* 5351
105->/data/service/el1/public/database/notification_service/notificationdb.db-wal FILE* 5351
106->/data/service/el1/public/database/notification_service/notificationdb.db-wal FILE* 5351
107->/data/service/el1/public/database/notification_service/notificationdb.db-wal FILE* 5351
108->/data/service/el1/public/database/notification_service/notificationdb.db-wal FILE* 5351
109->/data/service/el1/public/database/form_storage/formdb_slave.db-wal FILE* 5351
110->/data/service/el1/public/database/notification_service/notificationdb.db FILE* 5351
111->/data/service/el1/public/database/form_storage/formdb.db FILE* 5351
112->/data/service/el1/public/database/ability_manager_service/ability_manager_service.db FILE* 5351
113->/data/service/el1/public/database/form_storage/formdb.db FILE* 5351
114->/data/service/el1/public/database/notification_service/notificationdb_slave.db FILE* 5351
115->/data/service/el1/public/database/ability_manager_service/ability_manager_service.db-dwr FILE* 5351
116->/data/service/el1/public/bms/bundle_resources/bundleResource_slave.db-wal FILE* 5351
117->/data/service/el1/public/database/notification_service/notificationdb.db FILE* 5351
118->/data/service/el1/public/database/form_storage/formdb_slave.db FILE* 5351
119->/data/service/el1/public/database/ability_manager_service/ability_manager_service.db-wal FILE* 5351
120->/data/service/el1/public/database/notification_service/notificationdb.db_binlog/binlog_default.00000 FILE* 218109488
121->/data/service/el1/public/database/form_storage/formdb.db-dwr FILE* 5351
122->/data/service/el1/public/database/form_storage/formdb.db-wal FILE* 5351
123->/data/service/el1/public/database/form_storage/formdb.db-shm FILE* 5351
124->/data/service/el1/public/database/form_storage/formdb_slave.db FILE* 5351
125->/data/service/el1/public/database/form_storage/formdb_slave.db-dwr FILE* 5351
126->/data/service/el1/public/database/form_storage/formdb_slave.db-shm FILE* 5351
127->/data/service/el1/public/database/ability_manager_service/ability_manager_service.db-shm FILE* 5351
128->/data/service/el1/public/database/form_storage/formdb.db FILE* 5351
129->/data/service/el1/public/database/form_storage/formdb.db-dwr FILE* 5351
130->/data/service/el1/public/database/form_storage/formdb.db FILE* 5351
131->/data/service/el1/public/database/form_storage/formdb.db-dwr FILE* 5351
132->/data/service/el1/public/database/form_storage/formdb.db FILE* 5351
133->/data/service/el1/public/database/form_storage/formdb.db-dwr FILE* 5351
134->/data/service/el1/public/database/form_storage/formdb.db FILE* 5351
135->/data/service/el1/public/database/form_storage/formdb.db-wal FILE* 5351
136->/data/service/el1/public/database/form_storage/formdb.db-dwr FILE* 5351
137->/data/service/el1/public/database/form_storage/formdb.db_binlog/binlog_default.00000 FILE* 218109488
138->/data/service/el1/public/database/form_storage/formdb.db-wal FILE* 5351
139->/data/service/el1/public/database/form_storage/formdb.db-wal FILE* 5351
140->/data/service/el1/public/database/form_storage/formdb.db-wal FILE* 5351
141->/data/service/el1/public/database/ability_manager_service/ability_manager_service.db FILE* 5351
142->/data/service/el1/public/database/form_storage/formdb.db FILE* 5351
143->/data/service/el1/public/database/ability_manager_service/ability_manager_service.db-dwr FILE* 5351
144->/data/service/el1/public/database/ability_manager_service/ability_manager_service.db-dwr FILE* 5351
145->/data/service/el1/public/database/form_storage/formdb.db_binlog/binlog_default.00000 FILE* 218109488
146->/data/service/el1/public/bms/bundle_resources/bundleResource_slave.db-shm FILE* 5351
147->/data/service/el1/public/database/ability_manager_service/ability_manager_service.db FILE* 5351
148->/data/service/el1/public/database/ability_manager_service/ability_manager_service.db FILE* 5351
149->/data/service/el1/public/database/ability_manager_service/ability_manager_service.db-dwr FILE* 5351
150->/data/service/el1/public/database/ability_manager_service/ability_manager_service.db FILE* 5351
151->/data/service/el1/public/database/ability_manager_service/ability_manager_service.db-dwr FILE* 5351
152->/data/service/el1/public/database/ability_manager_service/ability_manager_service.db-wal FILE* 5351
153->/data/service/el1/public/database/insight_intent/insight_intent.db FILE* 5351
154->/data/service/el1/public/database/ability_manager_service/ability_manager_service.db-wal FILE* 5351
155->/data/service/el1/public/database/ability_manager_service/ability_manager_service.db-wal FILE* 5351
156->/data/service/el1/public/database/insight_intent/insight_intent.db-dwr FILE* 5351
157->/data/service/el1/public/database/ability_manager_service/ability_manager_service.db-wal FILE* 5351
158->/data/service/el1/public/database/notification_service/notificationdb_ext.db FILE* 5351
159->/data/service/el1/public/database/insight_intent/insight_intent.db-wal FILE* 5351
160->socket:[15696] native object of unknown type 0
161->/data/service/el1/public/database/insight_intent/insight_intent.db-shm FILE* 5351
162->/data/service/el1/public/database/notification_service/notificationdb_ext.db-dwr FILE* 5351
163->/data/service/el1/public/database/ability_manager_service/kvdb/470480a3269b94c14cb598d4bdcbf8d047ac7d7b66f0e2d734f537e594ea3611/single_ver/main/gen_natural_store.db FILE* 5351
164->/data/service/el1/public/database/ability_manager_service/kvdb/470480a3269b94c14cb598d4bdcbf8d047ac7d7b66f0e2d734f537e594ea3611/single_ver/main/gen_natural_store.db-wal FILE* 5351
165->/data/service/el1/public/database/ability_manager_service/kvdb/470480a3269b94c14cb598d4bdcbf8d047ac7d7b66f0e2d734f537e594ea3611/single_ver/main/gen_natural_store.db-shm FILE* 5351
166->/data/service/el1/public/database/ability_manager_service/kvdb/470480a3269b94c14cb598d4bdcbf8d047ac7d7b66f0e2d734f537e594ea3611/single_ver/main/gen_natural_store.db FILE* 5351
167->/data/service/el1/public/database/ability_manager_service/kvdb/470480a3269b94c14cb598d4bdcbf8d047ac7d7b66f0e2d734f537e594ea3611/single_ver/main/gen_natural_store.db-wal FILE* 5351
168->/data/service/el1/public/database/insight_intent/insight_intent.db FILE* 5351
169->/data/service/el1/public/database/insight_intent/insight_intent.db-dwr FILE* 5351
170->/data/service/el1/public/database/insight_intent/insight_intent.db FILE* 5351
171->/data/service/el1/public/database/insight_intent/insight_intent.db-dwr FILE* 5351
172->/data/service/el1/public/database/notification_service/notificationdb_ext.db FILE* 5351
173->/data/service/el1/public/database/insight_intent/insight_intent.db FILE* 5351
174->/data/service/el1/public/database/insight_intent/insight_intent.db-dwr FILE* 5351
175->/data/service/el1/public/database/insight_intent/insight_intent.db-wal FILE* 5351
176->/data/service/el1/public/database/insight_intent/insight_intent.db FILE* 5351
177->/data/service/el1/public/database/insight_intent/insight_intent.db-dwr FILE* 5351
178->/data/service/el1/public/database/notification_service/notificationdb_ext.db-dwr FILE* 5351
179->/data/service/el1/public/database/notification_service/notificationdb_ext.db FILE* 5351
180->/data/service/el1/public/database/insight_intent/insight_intent.db-wal FILE* 5351
181->/data/service/el1/public/database/notification_service/notificationdb_ext.db-wal FILE* 5351
182->/data/service/el1/public/database/notification_service/notificationdb_ext.db-shm FILE* 5351
183->/data/service/el1/public/database/notification_service/notificationdb_ext.db-dwr FILE* 5351
184->/data/service/el1/public/database/notification_service/notificationdb_ext.db FILE* 5351
185->/data/service/el1/public/database/notification_service/notificationdb_ext.db-dwr FILE* 5351
186->/data/service/el1/public/database/notification_service/notificationdb_ext.db FILE* 5351
187->/data/service/el1/public/database/notification_service/notificationdb_ext.db-dwr FILE* 5351
188->/data/service/el1/public/database/insight_intent/insight_intent.db FILE* 5351
189->/dev/ashmem native object of unknown type 0
190->/dev/ashmem native object of unknown type 0
191->/dev/ashmem native object of unknown type 0
192->/data/service/el1/public/bms/bundle_resources/bundleResource.db FILE* 5351
193->/dev/ashmem native object of unknown type 0
194->/data/service/el1/public/bms/bundle_resources/bundleResource.db-dwr FILE* 5351
195->/dev/ashmem native object of unknown type 0
196->/data/service/el1/public/bms/bundle_resources/bundleResource.db FILE* 5351
197->/data/service/el1/public/database/notification_service/notificationdb.db_binlog/binlog_default.00000 FILE* 218109488
198->/data/service/el1/public/bms/bundle_resources/bundleResource.db-dwr FILE* 5351
199->/data/service/el1/public/database/app_exit_reason/kvdb/f153eea74944690feb958e6a16f6c7518753eb4573352b393c5a37837dc2d9de/single_ver/main/gen_natural_store.db FILE* 5351
200->/data/service/el1/public/database/app_exit_reason/kvdb/f153eea74944690feb958e6a16f6c7518753eb4573352b393c5a37837dc2d9de/single_ver/main/gen_natural_store.db-wal FILE* 5351
201->/data/service/el1/public/database/app_exit_reason/kvdb/f153eea74944690feb958e6a16f6c7518753eb4573352b393c5a37837dc2d9de/single_ver/main/gen_natural_store.db-shm FILE* 5351
202->/data/service/el1/public/database/app_exit_reason/kvdb/f153eea74944690feb958e6a16f6c7518753eb4573352b393c5a37837dc2d9de/single_ver/main/gen_natural_store.db FILE* 5351
203->/data/service/el1/public/database/app_exit_reason/kvdb/f153eea74944690feb958e6a16f6c7518753eb4573352b393c5a37837dc2d9de/single_ver/main/gen_natural_store.db-wal FILE* 5351
204->/dev/ashmem native object of unknown type 0
205->/dev/ashmem native object of unknown type 0
206->/data/service/el1/public/bms/bundle_resources/bundleResource.db FILE* 5351
207->/data/service/el1/public/bms/bundle_resources/bundleResource.db-dwr FILE* 5351
208->/data/service/el1/public/bms/bundle_resources/bundleResource.db FILE* 5351
209->/data/service/el1/public/notification/notification.db-wal FILE* 5351
210->/data/service/el1/public/bms/bundle_resources/bundleResource.db-dwr FILE* 5351
211->/data/service/el1/public/notification/notification.db-wal FILE* 5351
212->/data/service/el1/public/bms/bundle_resources/bundleResource.db-wal FILE* 5351
213->/data/service/el1/public/bms/bundle_resources/bundleResource.db FILE* 5351
214->/data/service/el1/public/database/app_config_data/kvdb/241e8a11006b9fed4ea2234b94f8c5a88cb1adfdfe7306e4841250c7134bc46a/single_ver/main/gen_natural_store.db FILE* 5351
215->/data/service/el1/public/bms/bundle_resources/bundleResource.db-wal FILE* 5351
216->/data/service/el1/public/database/app_config_data/kvdb/241e8a11006b9fed4ea2234b94f8c5a88cb1adfdfe7306e4841250c7134bc46a/single_ver/main/gen_natural_store.db-wal FILE* 5351
217->/data/service/el1/public/database/app_config_data/kvdb/241e8a11006b9fed4ea2234b94f8c5a88cb1adfdfe7306e4841250c7134bc46a/single_ver/main/gen_natural_store.db-shm FILE* 5351
219->/data/service/el1/public/database/app_config_data/kvdb/241e8a11006b9fed4ea2234b94f8c5a88cb1adfdfe7306e4841250c7134bc46a/single_ver/main/gen_natural_store.db FILE* 5351
220->/data/service/el1/public/database/app_config_data/kvdb/241e8a11006b9fed4ea2234b94f8c5a88cb1adfdfe7306e4841250c7134bc46a/single_ver/main/gen_natural_store.db-wal FILE* 5351
221->/dev/ashmem native object of unknown type 0
222->/data/service/el1/public/bms/bundle_resources/bundleResource_slave.db FILE* 5351
223->/data/log/faultlog/temp/ffrtlog-812-1790307201083 native object of unknown type 0
225->/data/service/el1/public/bms/bundle_resources/bundleResource.db FILE* 5351
228->/data/service/el1/public/bms/bundle_resources/bundleResource.db_binlog/binlog_default.00009 FILE* 218109488

HiLog:
09-25 11:33:11.139   812  1169 I C057c2/IPCObjectProxy: hd:914 ct:1 D:
09-25 11:33:11.597   812  1169 W C01123/BMSCommon: bundle not exist -n com.huawei.hmsapp.totemweather -u 100 -i 0 -f 32
09-25 11:33:11.597   812  1169 W C01121/BMSQuery: GetBundleInfo failed -n com.huawei.hmsapp.totemweather -u 100
09-25 11:33:11.597   812  1169 I C01120/BMS: EXT GetBundleInfo
09-25 11:33:11.597   812  1169 E C01121/BMSQuery: query bundle_ext code 8521480
09-25 11:33:12.609   812  1169 W C01123/BMSCommon: bundle not exist -n com.huawei.hmsapp.totemweather -u 100 -i 0 -f 32
09-25 11:33:12.609   812  1169 W C01121/BMSQuery: GetBundleInfo failed -n com.huawei.hmsapp.totemweather -u 100
09-25 11:33:12.609   812  1169 I C01120/BMS: EXT GetBundleInfo
09-25 11:33:12.609   812  1169 E C01121/BMSQuery: query bundle_ext code 8521480
09-25 11:33:13.626   812  1169 W C01123/BMSCommon: bundle not exist -n com.huawei.hmsapp.totemweather -u 100 -i 0 -f 32
09-25 11:33:13.626   812  1169 W C01121/BMSQuery: GetBundleInfo failed -n com.huawei.hmsapp.totemweather -u 100
09-25 11:33:13.626   812  1169 I C01120/BMS: EXT GetBundleInfo
09-25 11:33:13.626   812  1169 E C01121/BMSQuery: query bundle_ext code 8521480
09-25 11:33:14.647   812  1169 W C01123/BMSCommon: bundle not exist -n com.huawei.hmsapp.totemweather -u 100 -i 0 -f 32
09-25 11:33:14.647   812  1169 W C01121/BMSQuery: GetBundleInfo failed -n com.huawei.hmsapp.totemweather -u 100
09-25 11:33:14.647   812  1169 I C01120/BMS: EXT GetBundleInfo
09-25 11:33:14.647   812  1169 E C01121/BMSQuery: query bundle_ext code 8521480
09-25 11:33:14.913   812  1169 E C04200/WMS: UpdateBundleInfo: Failed
09-25 11:33:14.915   812  1169 I C04201/DMS: screen_session.cpp: pid:0, bundle:, api:0
09-25 11:33:14.926   812  1169 I C0420f/WMSRecover: mock_session_manager_service.cpp RegisterSMSRecoverListener: clientUserId: 0, wmsUserId: 100, instanceUserId: -1, pid: 32461, isLite: 1
09-25 11:33:14.926   812  1169 I C0420f/WMSRecover: mock_session_manager_service.cpp AddClientDeathRecipient: AddClientDeathRecipient success, clientUserId: 0, pid: 32461, instanceUserId: -1, isLite: 1
09-25 11:33:14.926   812  1169 I C0420f/WMSRecover: mock_session_manager_service.cpp AddSMSRecoverListener: AddSMSRecoverListener success, clientUserId: 0, pid: 32461, instanceUserId: -1, isLite: 1
09-25 11:33:14.926   812  1169 I C04210/WMSMultiUser: mock_session_manager_service.cpp GetSessionManagerServiceInner: Get session manager service success with userId=100
09-25 11:33:14.926   812  1169 I C04210/WMSMultiUser: mock_session_manager_service.cpp NotifyWMSConnectionStatus: wms is already connected, notify client
09-25 11:33:14.926   812  1169 I C04210/WMSMultiUser: mock_session_manager_service.cpp NotifyWMSConnectionStatus: OnWMSConnectionChanged userId: 100, wmsPid: 1666
09-25 11:33:14.925   812  1169 I C04210/WMSMultiUser: mock_session_manager_service.cpp GetSessionManagerServiceInner: Get session manager service success with userId=100
09-25 11:33:14.954   812   999 I C057c2/IPCObjectProxy: hd:984 ct:1 D:*.ISessionManagerServiceRecoverListener
09-25 11:33:14.954   812   999 W C0420f/WMSRecover: mock_session_manager_service.cpp OnRemoteDied: Client died, pid = 32461, isLite = 1
09-25 11:33:14.954   812   999 I C0420f/WMSRecover: mock_session_manager_service.cpp OnRemoteDied: clientUserId: 0, instanceUserId: -1, pid: 32461, isLite: 1
09-25 11:33:14.954   812   999 I C0420f/WMSRecover: mock_session_manager_service.cpp RemoveSMSRecoverListener: RemoveSMSRecoverListener success, clientUserId: 0, pid: 32461, instanceUserId: -1, isLite: 1
09-25 11:33:14.954   812  1169 I C057c2/IPCObjectProxy: hd:914 ct:1 D:
09-25 11:33:15.294   812  1119 E C04200/WMS: UpdateBundleInfo: Failed
09-25 11:33:15.295   812  1119 I C04201/DMS: screen_session.cpp: pid:0, bundle:, api:0
09-25 11:33:15.407   812  1119 I C057c2/IPCObjectProxy: hd:914 ct:1 D:
09-25 11:33:15.681   812  1119 W C01123/BMSCommon: bundle not exist -n com.huawei.hmsapp.totemweather -u 100 -i 0 -f 32
09-25 11:33:15.681   812  1119 W C01121/BMSQuery: GetBundleInfo failed -n com.huawei.hmsapp.totemweather -u 100
09-25 11:33:15.681   812  1119 I C01120/BMS: EXT GetBundleInfo
09-25 11:33:15.681   812  1119 E C01121/BMSQuery: query bundle_ext code 8521480
09-25 11:33:16.394   812 32158 W C01120/BMS: single_delayed_task_mgr.cpp:operator():44 SingleDelayedTaskMgr null
09-25 11:33:16.394   812 32157 W C01120/BMS: single_delayed_task_mgr.cpp:operator():44 SingleDelayedTaskMgr null
09-25 11:33:16.519   812 32165 W C01120/BMS: single_delayed_task_mgr.cpp:operator():44 SingleDelayedTaskMgr null
09-25 11:33:16.519   812 32164 W C01120/BMS: single_delayed_task_mgr.cpp:operator():44 SingleDelayedTaskMgr null
09-25 11:33:16.697   812  1119 W C01123/BMSCommon: bundle not exist -n com.huawei.hmsapp.totemweather -u 100 -i 0 -f 32
09-25 11:33:16.697   812  1119 W C01121/BMSQuery: GetBundleInfo failed -n com.huawei.hmsapp.totemweather -u 100
09-25 11:33:16.697   812  1119 I C01120/BMS: EXT GetBundleInfo
09-25 11:33:16.697   812  1119 E C01121/BMSQuery: query bundle_ext code 8521480
09-25 11:33:16.857   812 32146 I C01120/BMS: execute begin router_map_V2
09-25 11:33:16.995   812  1119 I C01342/ServiceExt: [a92ab5eb7cf2fe8, 20cfe10, 0] [ABMS5903]element: com.huawei.hmos.location/SAFeatureServiceExtensionAbility
09-25 11:33:16.996   812  1119 I C01121/BMSQuery: [a92ab5eb7cf2fe8, 20cfe10, 0] ExplicitQueryAbility no match -n com.huawei.hmos.location -m  -a SAFeatureServiceExtensionAbility -u 100 -i 0
09-25 11:33:16.996   812  1119 W C01121/BMSQuery: [a92ab5eb7cf2fe8, 20cfe10, 0] bundle_data_mgr.cpp:ExplicitQueryExtensionInfo:7634 extensionAbility not found or disabled
09-25 11:33:16.996   812  1119 I C01121/BMSQuery: [a92ab5eb7cf2fe8, 20cfe10, 0] ExplicitQueryExtension size:0 -n com.huawei.hmos.location -m  -e SAFeatureServiceExtensionAbility -u 100 -i 0
09-25 11:33:16.996   812  1119 W C01121/BMSQuery: [a92ab5eb7cf2fe8, 20cfe10, 0] bundle_mgr_host_impl.cpp:QueryExtensionAbilityInfos:3862 no valid extension info can be inquired
09-25 11:33:16.996   812  1119 E C01336/AMS: [a92ab5eb7cf2fe8, 20cfe10, 0] [SAU314]extensionInfo empty
09-25 11:33:16.996   812  1119 E C01342/ServiceExt: [a92ab5eb7cf2fe8, 20cfe10, 0] [ABMS6278]generate request error
09-25 11:33:16.997   812  1119 I C01342/ServiceExt: [a92ab6eb7cf3705, 3ef11c9, 0] [ABMS5903]element: com.huawei.hmos.location/SAFeatureServiceExtensionAbility
09-25 11:33:16.997   812  1119 I C01121/BMSQuery: [a92ab6eb7cf3705, 3ef11c9, 0] ExplicitQueryAbility no match -n com.huawei.hmos.location -m  -a SAFeatureServiceExtensionAbility -u 100 -i 0
09-25 11:33:16.998   812  1119 W C01121/BMSQuery: [a92ab6eb7cf3705, 3ef11c9, 0] bundle_data_mgr.cpp:ExplicitQueryExtensionInfo:7634 extensionAbility not found or disabled
09-25 11:33:16.998   812  1119 I C01121/BMSQuery: [a92ab6eb7cf3705, 3ef11c9, 0] ExplicitQueryExtension size:0 -n com.huawei.hmos.location -m  -e SAFeatureServiceExtensionAbility -u 100 -i 0
09-25 11:33:16.998   812  1119 W C01121/BMSQuery: [a92ab6eb7cf3705, 3ef11c9, 0] bundle_mgr_host_impl.cpp:QueryExtensionAbilityInfos:3862 no valid extension info can be inquired
09-25 11:33:16.998   812  1119 E C01336/AMS: [a92ab6eb7cf3705, 3ef11c9, 0] [SAU314]extensionInfo empty
09-25 11:33:16.998   812  1119 E C01342/ServiceExt: [a92ab6eb7cf3705, 3ef11c9, 0] [ABMS6278]generate request error
09-25 11:33:17.600   812  1119 E C04200/WMS: UpdateBundleInfo: Failed
09-25 11:33:17.601   812  1119 I C04201/DMS: screen_session.cpp: pid:0, bundle:, api:0
09-25 11:33:17.713   812  1119 W C01123/BMSCommon: bundle not exist -n com.huawei.hmsapp.totemweather -u 100 -i 0 -f 32
09-25 11:33:17.713   812  1119 W C01121/BMSQuery: GetBundleInfo failed -n com.huawei.hmsapp.totemweather -u 100
09-25 11:33:17.713   812  1119 I C01120/BMS: EXT GetBundleInfo
09-25 11:33:17.713   812  1119 E C01121/BMSQuery: query bundle_ext code 8521480
09-25 11:33:17.723   812  1119 I C057c2/IPCObjectProxy: hd:914 ct:1 D:
09-25 11:33:18.722   812  1119 W C01123/BMSCommon: bundle not exist -n com.huawei.hmsapp.totemweather -u 100 -i 0 -f 32
09-25 11:33:18.722   812  1119 W C01121/BMSQuery: GetBundleInfo failed -n com.huawei.hmsapp.totemweather -u 100
09-25 11:33:18.722   812  1119 I C01120/BMS: EXT GetBundleInfo
09-25 11:33:18.722   812  1119 E C01121/BMSQuery: query bundle_ext code 8521480
09-25 11:33:19.739   812  1119 W C01123/BMSCommon: bundle not exist -n com.huawei.hmsapp.totemweather -u 100 -i 0 -f 32
09-25 11:33:19.739   812  1119 W C01121/BMSQuery: GetBundleInfo failed -n com.huawei.hmsapp.totemweather -u 100
09-25 11:33:19.739   812  1119 I C01120/BMS: EXT GetBundleInfo
09-25 11:33:19.739   812  1119 E C01121/BMSQuery: query bundle_ext code 8521480
09-25 11:33:19.904   812  1119 E C04200/WMS: UpdateBundleInfo: Failed
09-25 11:33:19.904   812  1119 I C04201/DMS: screen_session.cpp: pid:0, bundle:, api:0
09-25 11:33:20.502   812  1119 I C057c2/IPCObjectProxy: hd:914 ct:1 D:
09-25 11:33:20.742   812  1119 W C01123/BMSCommon: bundle not exist -n com.huawei.hmsapp.totemweather -u 100 -i 0 -f 32
09-25 11:33:20.742   812  1119 W C01121/BMSQuery: GetBundleInfo failed -n com.huawei.hmsapp.totemweather -u 100
09-25 11:33:20.742   812  1119 I C01120/BMS: EXT GetBundleInfo
09-25 11:33:20.742   812  1119 E C01121/BMSQuery: query bundle_ext code 8521480
09-25 11:33:20.950   812  1119 I C01340/Ext: [ABCM3006]MoveToTerminatingMap: recordId=156 bundle=com.huawei.hmos.inputmethod ability=InputService
09-25 11:33:20.950   812  1119 I C01340/Ext: [ABCM246]target service connected
09-25 11:33:20.950   812  1119 W C01340/Ext: [ABCM1760]record complete disconnect. recordId:142
09-25 11:33:20.953   812 27346 I C01202/Subscriber: Unsubscribe 31686_20020013_-1_1396_100
09-25 11:33:20.964   812  1119 I C01312/DbObsMgr: [dataobs_mgr_inner.cpp95]uri:datash***ioned p:0 Id:480
09-25 11:33:20.972   812  1119 I C01312/DbObsMgr: [dataobs_mgr_inner.cpp95]uri:datash***plete p:0 Id:481
09-25 11:33:20.979   812  1119 I C01312/DbObsMgr: [dataobs_mgr_inner.cpp95]uri:datash***ished p:0 Id:482
09-25 11:33:20.981   812 27240 I C01202/Subscriber: Unsubscribe 31686_20020013_-1_1392_100
09-25 11:33:20.987   812  1119 I C01312/DbObsMgr: [dataobs_mgr_inner.cpp95]uri:datash***NABLE p:0 Id:483
09-25 11:33:20.995   812  1119 I C01312/DbObsMgr: [dataobs_mgr_inner.cpp95]uri:datash***INPUT p:0 Id:484
09-25 11:33:21.002   812  1119 I C01312/DbObsMgr: [dataobs_mgr_inner.cpp95]uri:datash***NABLE p:0 Id:485
09-25 11:33:21.009   812  1119 I C01336/AMS: [ABMS8384]Done:com.huawei.hmos.inputmethod/InputService, s:0, c:31686
09-25 11:33:21.010   812  1119 I C01336/AMS: [ABMS8390]Lifecycle: ability:/com.huawei.hmos.inputmethod/default/InputService
09-25 11:33:21.010   812  1119 I C01340/Ext: [ABCM845]com.huawei.hmos.inputmethod/InputService, INITIAL
09-25 11:33:21.017   812 32552 I C01357/ProcessMgr: [ARR1156]terminate InputService
09-25 11:33:21.017   812 32552 I C01357/ProcessMgr: [ARM1025]term isLast:1,0 alive:0
09-25 11:33:21.017   812 32552 I C01357/ProcessMgr: [ARM1040]Terminate last:com.huawei.hmos.inputmethod.
09-25 11:33:21.021   812  1119 I C01120/BMS: [bundle_data_mgr.cpp(UnregisterPluginEventCallback:13561)]success
09-25 11:33:21.028   812  1119 I C01120/BMS: [bundle_data_mgr.cpp(UnregisterPluginEventCallback:13561)]success
09-25 11:33:21.032   812  1119 I C01120/BMS: [bundle_data_mgr.cpp(UnregisterPluginEventCallback:13561)]success
09-25 11:33:21.038   812  1119 I C04201/DMS:  GetDensityInCurResolution: get defaultDensity from map, userId: 100, defaultDensity: 2.000000
09-25 11:33:21.039   812  1119 I C04201/DMS:  GetDensityInCurResolution: get defaultDensity from map, userId: 100, defaultDensity: 2.000000
09-25 11:33:21.040   812   999 I C04201/DMS:  UnregisterDisplayManagerAgent: type: 3, pid: 31686
09-25 11:33:21.040   812   999 I C04201/DMS:  UnregisterDisplayManagerAgent: type: 11, pid: 31686
09-25 11:33:21.068   812 32554 I C01311/AppMS: [app_native_spawn_manager.cpp199]remove native child callback, pid:31686
09-25 11:33:21.071   812 32556 W C01335/Connection: [connection_state_manager.cpp421]callerPid:31686
09-25 11:33:21.078   812  1123 I C057c2/IPCObjectProxy: hd:981 ct:1 D:
09-25 11:33:21.079   812  1127 I C057c2/IPCObjectProxy: hd:982 ct:1 D:
09-25 11:33:21.078   812  2256 I C057c2/IPCObjectProxy: hd:978 ct:1 D:
09-25 11:33:21.078   812  1223 I C057c2/IPCObjectProxy: hd:979 ct:1 D:
09-25 11:33:21.078   812  1117 I C057c2/IPCObjectProxy: hd:955 ct:1 D:
09-25 11:33:21.079   812  1127 I C01120/BMS: [bundle_data_mgr.cpp(UnregisterPluginEventCallback:13561)]success
09-25 11:33:21.080   812  1123 I C01120/BMS: [bundle_data_mgr.cpp(UnregisterPluginEventCallback:13561)]success
09-25 11:33:21.080   812  1223 I C01202/Subscriber: Unsubscribe 31686_20020013_-1_1398_100
09-25 11:33:21.080   812  1171 I C057c2/IPCObjectProxy: hd:983 ct:1 D:
09-25 11:33:21.080   812  1171 I C01120/BMS: [bundle_data_mgr.cpp(UnregisterPluginEventCallback:13561)]success
09-25 11:33:21.080   812  1117 I C01202/Subscriber: Unsubscribe 31686_20020013_-1_1395_100
09-25 11:33:21.080   812  1127 I C057c2/IPCObjectProxy: hd:938 ct:1 D:
09-25 11:33:21.080   812  1127 W C0420f/WMSRecover: mock_session_manager_service.cpp OnRemoteDied: Client died, pid = 31686, isLite = 1
09-25 11:33:21.080   812  1127 I C0420f/WMSRecover: mock_session_manager_service.cpp OnRemoteDied: clientUserId: 100, instanceUserId: -1, pid: 31686, isLite: 1
09-25 11:33:21.080   812  1127 I C0420f/WMSRecover: mock_session_manager_service.cpp RemoveSMSRecoverListener: RemoveSMSRecoverListener success, clientUserId: 100, pid: 31686, instanceUserId: -1, isLite: 1
09-25 11:33:21.080   812   859 I C057c2/IPCObjectProxy: hd:954 ct:1 D:
09-25 11:33:21.080   812   859 I C01202/Subscriber: Unsubscribe 31686_20020013_-1_1394_100
09-25 11:33:21.080   812  1127 I C057c2/IPCObjectProxy: hd:927 ct:1 D:
09-25 11:33:21.080   812   812 I C057c2/IPCObjectProxy: hd:925 ct:1 D:
09-25 11:33:21.080   812   812 I C01202/Subscriber: Unsubscribe 31686_20020013_-1_1388_100
09-25 11:33:21.081   812  1175 I C057c2/IPCObjectProxy: hd:953 ct:1 D:
09-25 11:33:21.081   812  1175 I C01202/Subscriber: Unsubscribe 31686_20020013_-1_1393_100
09-25 11:33:21.081   812   999 I C057c2/IPCObjectProxy: hd:943 ct:1 D:
09-25 11:33:21.081   812  1127 I C01202/Subscriber: Unsubscribe 31686_20020013_-1_1389_100
09-25 11:33:21.081   812  1176 I C057c2/IPCObjectProxy: hd:977 ct:1 D:
09-25 11:33:21.081   812  1169 I C057c2/IPCObjectProxy: hd:357 ct:1 D:
09-25 11:33:21.081   812  1409 I C057c2/IPCObjectProxy: hd:964 ct:1 D:
09-25 11:33:21.081   812  1179 I C057c2/IPCObjectProxy: hd:968 ct:1 D:
09-25 11:33:21.081   812  1409 I C01202/Subscriber: Unsubscribe 31686_20020013_-1_1397_100
09-25 11:33:21.081   812  1179 I C01120/BMS: [bundle_data_mgr.cpp(UnregisterPluginEventCallback:13561)]success
09-25 11:33:21.081   812  1178 I C057c2/IPCObjectProxy: hd:976 ct:1 D:
09-25 11:33:21.081   812  1119 I C057c2/IPCObjectProxy: hd:941 ct:1 D:
09-25 11:33:21.081   812  1119 I C01202/Subscriber: Unsubscribe 31686_20020013_-1_1391_100
09-25 11:33:21.081   812   816 I C057c2/IPCObjectProxy: hd:937 ct:1 D:
09-25 11:33:21.081   812   816 W C0420f/WMSRecover: mock_session_manager_service.cpp OnRemoteDied: Client died, pid = 31686, isLite = 0
09-25 11:33:21.081   812   816 I C0420f/WMSRecover: mock_session_manager_service.cpp OnRemoteDied: clientUserId: 100, instanceUserId: -1, pid: 31686, isLite: 0
09-25 11:33:21.081   812   816 I C0420f/WMSRecover: mock_session_manager_service.cpp RemoveSMSRecoverListener: RemoveSMSRecoverListener success, clientUserId: 100, pid: 31686, instanceUserId: -1, isLite: 0
09-25 11:33:21.081   812   816 I C04207/WMSFocus: mock_session_manager_service.cpp ResetSpecificWindowZIndex: clientUserId: 100, pid: 31686
09-25 11:33:21.081   812  1177 I C057c2/IPCObjectProxy: hd:939 ct:1 D:
09-25 11:33:21.081   812  1177 I C01312/DbObsMgr: [dataobs_mgr_inner.cpp226]rm p:31686
