API名称,语言,SDK变更版本,影响版本,标题,代码位置,修复状态,变更类型
"declare function postCardAction(component: Object, action: Object): void",ArkTS,5.0.1(13) Release,ALL,"=HYPERLINK(""https://developer.huawei.com/consumer/cn/doc/harmonyos-releases/changelogs-for-all-apps-b112#postcardaction%E7%9A%84router%E4%BA%8B%E4%BB%B6%E5%85%81%E8%AE%B8%E6%8B%89%E8%B5%B7ability%E7%B1%BB%E5%9E%8B%E8%8C%83%E5%9B%B4%E5%8F%98%E6%9B%B4"",""PostCardAction的router事件允许拉起Ability类型范围变更"")",entry\src\main\ets\widget\pages\WidgetCard.ets:134,未修复,接口行为变更
declare interface AnimateParam,ArkTS,5.0.1(13) Beta3,ALL,"=HYPERLINK(""https://developer.huawei.com/consumer/cn/doc/harmonyos-releases/changelogs-ux-b106#%E5%B1%9E%E6%80%A7%E5%8A%A8%E7%94%BBonfinish%E7%BB%93%E6%9D%9F%E5%9B%9E%E8%B0%83%E5%9C%A8uiability%E9%80%80%E5%90%8E%E5%8F%B0%E6%97%B6%E5%9B%A0%E6%9C%89%E9%99%90%E5%BE%AA%E7%8E%AF%E5%8A%A8%E7%94%BB%E8%A2%AB%E7%BB%88%E6%AD%A2%E8%80%8C%E6%8F%90%E5%89%8D%E8%A7%A6%E5%8F%91"",""属性动画onFinish结束回调在UIAbility退后台时因有限循环动画被终止而提前触发"")",entry\src\main\ets\components\common\FloatingPanel.ets:50,未修复,UX交互行为变更
declare interface AnimateParam,ArkTS,5.0.1(13) Beta3,ALL,"=HYPERLINK(""https://developer.huawei.com/consumer/cn/doc/harmonyos-releases/changelogs-ux-b106#%E5%B1%9E%E6%80%A7%E5%8A%A8%E7%94%BBonfinish%E7%BB%93%E6%9D%9F%E5%9B%9E%E8%B0%83%E5%9C%A8uiability%E9%80%80%E5%90%8E%E5%8F%B0%E6%97%B6%E5%9B%A0%E6%9C%89%E9%99%90%E5%BE%AA%E7%8E%AF%E5%8A%A8%E7%94%BB%E8%A2%AB%E7%BB%88%E6%AD%A2%E8%80%8C%E6%8F%90%E5%89%8D%E8%A7%A6%E5%8F%91"",""属性动画onFinish结束回调在UIAbility退后台时因有限循环动画被终止而提前触发"")",entry\src\main\ets\components\common\FloatingPanel.ets:93,未修复,UX交互行为变更
declare interface AnimateParam,ArkTS,5.0.1(13) Beta3,ALL,"=HYPERLINK(""https://developer.huawei.com/consumer/cn/doc/harmonyos-releases/changelogs-ux-b106#%E5%B1%9E%E6%80%A7%E5%8A%A8%E7%94%BBonfinish%E7%BB%93%E6%9D%9F%E5%9B%9E%E8%B0%83%E5%9C%A8uiability%E9%80%80%E5%90%8E%E5%8F%B0%E6%97%B6%E5%9B%A0%E6%9C%89%E9%99%90%E5%BE%AA%E7%8E%AF%E5%8A%A8%E7%94%BB%E8%A2%AB%E7%BB%88%E6%AD%A2%E8%80%8C%E6%8F%90%E5%89%8D%E8%A7%A6%E5%8F%91"",""属性动画onFinish结束回调在UIAbility退后台时因有限循环动画被终止而提前触发"")",entry\src\main\ets\components\common\FloatingPanel.ets:95,未修复,UX交互行为变更
declare interface AnimateParam,ArkTS,5.0.1(13) Beta3,ALL,"=HYPERLINK(""https://developer.huawei.com/consumer/cn/doc/harmonyos-releases/changelogs-ux-b106#%E5%B1%9E%E6%80%A7%E5%8A%A8%E7%94%BBonfinish%E7%BB%93%E6%9D%9F%E5%9B%9E%E8%B0%83%E5%9C%A8uiability%E9%80%80%E5%90%8E%E5%8F%B0%E6%97%B6%E5%9B%A0%E6%9C%89%E9%99%90%E5%BE%AA%E7%8E%AF%E5%8A%A8%E7%94%BB%E8%A2%AB%E7%BB%88%E6%AD%A2%E8%80%8C%E6%8F%90%E5%89%8D%E8%A7%A6%E5%8F%91"",""属性动画onFinish结束回调在UIAbility退后台时因有限循环动画被终止而提前触发"")",entry\src\main\ets\components\layout\MainContainer.ets:287,未修复,UX交互行为变更
declare interface AnimateParam,ArkTS,5.0.1(13) Beta3,ALL,"=HYPERLINK(""https://developer.huawei.com/consumer/cn/doc/harmonyos-releases/changelogs-ux-b106#%E5%B1%9E%E6%80%A7%E5%8A%A8%E7%94%BBonfinish%E7%BB%93%E6%9D%9F%E5%9B%9E%E8%B0%83%E5%9C%A8uiability%E9%80%80%E5%90%8E%E5%8F%B0%E6%97%B6%E5%9B%A0%E6%9C%89%E9%99%90%E5%BE%AA%E7%8E%AF%E5%8A%A8%E7%94%BB%E8%A2%AB%E7%BB%88%E6%AD%A2%E8%80%8C%E6%8F%90%E5%89%8D%E8%A7%A6%E5%8F%91"",""属性动画onFinish结束回调在UIAbility退后台时因有限循环动画被终止而提前触发"")",entry\src\main\ets\components\layout\MainContainer.ets:289,未修复,UX交互行为变更
declare interface AnimateParam,ArkTS,5.0.1(13) Beta3,ALL,"=HYPERLINK(""https://developer.huawei.com/consumer/cn/doc/harmonyos-releases/changelogs-ux-b106#%E5%B1%9E%E6%80%A7%E5%8A%A8%E7%94%BBonfinish%E7%BB%93%E6%9D%9F%E5%9B%9E%E8%B0%83%E5%9C%A8uiability%E9%80%80%E5%90%8E%E5%8F%B0%E6%97%B6%E5%9B%A0%E6%9C%89%E9%99%90%E5%BE%AA%E7%8E%AF%E5%8A%A8%E7%94%BB%E8%A2%AB%E7%BB%88%E6%AD%A2%E8%80%8C%E6%8F%90%E5%89%8D%E8%A7%A6%E5%8F%91"",""属性动画onFinish结束回调在UIAbility退后台时因有限循环动画被终止而提前触发"")",entry\src\main\ets\components\layout\MainContainer.ets:309,未修复,UX交互行为变更
declare interface AnimateParam,ArkTS,5.0.1(13) Beta3,ALL,"=HYPERLINK(""https://developer.huawei.com/consumer/cn/doc/harmonyos-releases/changelogs-ux-b106#%E5%B1%9E%E6%80%A7%E5%8A%A8%E7%94%BBonfinish%E7%BB%93%E6%9D%9F%E5%9B%9E%E8%B0%83%E5%9C%A8uiability%E9%80%80%E5%90%8E%E5%8F%B0%E6%97%B6%E5%9B%A0%E6%9C%89%E9%99%90%E5%BE%AA%E7%8E%AF%E5%8A%A8%E7%94%BB%E8%A2%AB%E7%BB%88%E6%AD%A2%E8%80%8C%E6%8F%90%E5%89%8D%E8%A7%A6%E5%8F%91"",""属性动画onFinish结束回调在UIAbility退后台时因有限循环动画被终止而提前触发"")",entry\src\main\ets\components\layout\MainContainer.ets:311,未修复,UX交互行为变更
declare interface AnimateParam,ArkTS,5.0.1(13) Beta3,ALL,"=HYPERLINK(""https://developer.huawei.com/consumer/cn/doc/harmonyos-releases/changelogs-ux-b106#%E5%B1%9E%E6%80%A7%E5%8A%A8%E7%94%BBonfinish%E7%BB%93%E6%9D%9F%E5%9B%9E%E8%B0%83%E5%9C%A8uiability%E9%80%80%E5%90%8E%E5%8F%B0%E6%97%B6%E5%9B%A0%E6%9C%89%E9%99%90%E5%BE%AA%E7%8E%AF%E5%8A%A8%E7%94%BB%E8%A2%AB%E7%BB%88%E6%AD%A2%E8%80%8C%E6%8F%90%E5%89%8D%E8%A7%A6%E5%8F%91"",""属性动画onFinish结束回调在UIAbility退后台时因有限循环动画被终止而提前触发"")",entry\src\main\ets\components\layout\MobileBottomBar.ets:45,未修复,UX交互行为变更
declare interface AnimateParam,ArkTS,5.0.1(13) Beta3,ALL,"=HYPERLINK(""https://developer.huawei.com/consumer/cn/doc/harmonyos-releases/changelogs-ux-b106#%E5%B1%9E%E6%80%A7%E5%8A%A8%E7%94%BBonfinish%E7%BB%93%E6%9D%9F%E5%9B%9E%E8%B0%83%E5%9C%A8uiability%E9%80%80%E5%90%8E%E5%8F%B0%E6%97%B6%E5%9B%A0%E6%9C%89%E9%99%90%E5%BE%AA%E7%8E%AF%E5%8A%A8%E7%94%BB%E8%A2%AB%E7%BB%88%E6%AD%A2%E8%80%8C%E6%8F%90%E5%89%8D%E8%A7%A6%E5%8F%91"",""属性动画onFinish结束回调在UIAbility退后台时因有限循环动画被终止而提前触发"")",entry\src\main\ets\components\layout\MobileBottomBar.ets:76,未修复,UX交互行为变更
declare interface AnimateParam,ArkTS,5.0.1(13) Beta3,ALL,"=HYPERLINK(""https://developer.huawei.com/consumer/cn/doc/harmonyos-releases/changelogs-ux-b106#%E5%B1%9E%E6%80%A7%E5%8A%A8%E7%94%BBonfinish%E7%BB%93%E6%9D%9F%E5%9B%9E%E8%B0%83%E5%9C%A8uiability%E9%80%80%E5%90%8E%E5%8F%B0%E6%97%B6%E5%9B%A0%E6%9C%89%E9%99%90%E5%BE%AA%E7%8E%AF%E5%8A%A8%E7%94%BB%E8%A2%AB%E7%BB%88%E6%AD%A2%E8%80%8C%E6%8F%90%E5%89%8D%E8%A7%A6%E5%8F%91"",""属性动画onFinish结束回调在UIAbility退后台时因有限循环动画被终止而提前触发"")",entry\src\main\ets\components\layout\MobileHeader.ets:52,未修复,UX交互行为变更
declare interface AnimateParam,ArkTS,5.0.1(13) Beta3,ALL,"=HYPERLINK(""https://developer.huawei.com/consumer/cn/doc/harmonyos-releases/changelogs-ux-b106#%E5%B1%9E%E6%80%A7%E5%8A%A8%E7%94%BBonfinish%E7%BB%93%E6%9D%9F%E5%9B%9E%E8%B0%83%E5%9C%A8uiability%E9%80%80%E5%90%8E%E5%8F%B0%E6%97%B6%E5%9B%A0%E6%9C%89%E9%99%90%E5%BE%AA%E7%8E%AF%E5%8A%A8%E7%94%BB%E8%A2%AB%E7%BB%88%E6%AD%A2%E8%80%8C%E6%8F%90%E5%89%8D%E8%A7%A6%E5%8F%91"",""属性动画onFinish结束回调在UIAbility退后台时因有限循环动画被终止而提前触发"")",entry\src\main\ets\components\layout\MobileMenuSheet.ets:111,未修复,UX交互行为变更
declare interface AnimateParam,ArkTS,5.0.1(13) Beta3,ALL,"=HYPERLINK(""https://developer.huawei.com/consumer/cn/doc/harmonyos-releases/changelogs-ux-b106#%E5%B1%9E%E6%80%A7%E5%8A%A8%E7%94%BBonfinish%E7%BB%93%E6%9D%9F%E5%9B%9E%E8%B0%83%E5%9C%A8uiability%E9%80%80%E5%90%8E%E5%8F%B0%E6%97%B6%E5%9B%A0%E6%9C%89%E9%99%90%E5%BE%AA%E7%8E%AF%E5%8A%A8%E7%94%BB%E8%A2%AB%E7%BB%88%E6%AD%A2%E8%80%8C%E6%8F%90%E5%89%8D%E8%A7%A6%E5%8F%91"",""属性动画onFinish结束回调在UIAbility退后台时因有限循环动画被终止而提前触发"")",entry\src\main\ets\components\layout\Ribbon.ets:108,未修复,UX交互行为变更
declare interface AnimateParam,ArkTS,5.0.1(13) Beta3,ALL,"=HYPERLINK(""https://developer.huawei.com/consumer/cn/doc/harmonyos-releases/changelogs-ux-b106#%E5%B1%9E%E6%80%A7%E5%8A%A8%E7%94%BBonfinish%E7%BB%93%E6%9D%9F%E5%9B%9E%E8%B0%83%E5%9C%A8uiability%E9%80%80%E5%90%8E%E5%8F%B0%E6%97%B6%E5%9B%A0%E6%9C%89%E9%99%90%E5%BE%AA%E7%8E%AF%E5%8A%A8%E7%94%BB%E8%A2%AB%E7%BB%88%E6%AD%A2%E8%80%8C%E6%8F%90%E5%89%8D%E8%A7%A6%E5%8F%91"",""属性动画onFinish结束回调在UIAbility退后台时因有限循环动画被终止而提前触发"")",entry\src\main\ets\components\layout\Ribbon.ets:135,未修复,UX交互行为变更
declare interface AnimateParam,ArkTS,5.0.1(13) Beta3,ALL,"=HYPERLINK(""https://developer.huawei.com/consumer/cn/doc/harmonyos-releases/changelogs-ux-b106#%E5%B1%9E%E6%80%A7%E5%8A%A8%E7%94%BBonfinish%E7%BB%93%E6%9D%9F%E5%9B%9E%E8%B0%83%E5%9C%A8uiability%E9%80%80%E5%90%8E%E5%8F%B0%E6%97%B6%E5%9B%A0%E6%9C%89%E9%99%90%E5%BE%AA%E7%8E%AF%E5%8A%A8%E7%94%BB%E8%A2%AB%E7%BB%88%E6%AD%A2%E8%80%8C%E6%8F%90%E5%89%8D%E8%A7%A6%E5%8F%91"",""属性动画onFinish结束回调在UIAbility退后台时因有限循环动画被终止而提前触发"")",entry\src\main\ets\components\layout\Ribbon.ets:155,未修复,UX交互行为变更
declare interface AnimateParam,ArkTS,5.0.1(13) Beta3,ALL,"=HYPERLINK(""https://developer.huawei.com/consumer/cn/doc/harmonyos-releases/changelogs-ux-b106#%E5%B1%9E%E6%80%A7%E5%8A%A8%E7%94%BBonfinish%E7%BB%93%E6%9D%9F%E5%9B%9E%E8%B0%83%E5%9C%A8uiability%E9%80%80%E5%90%8E%E5%8F%B0%E6%97%B6%E5%9B%A0%E6%9C%89%E9%99%90%E5%BE%AA%E7%8E%AF%E5%8A%A8%E7%94%BB%E8%A2%AB%E7%BB%88%E6%AD%A2%E8%80%8C%E6%8F%90%E5%89%8D%E8%A7%A6%E5%8F%91"",""属性动画onFinish结束回调在UIAbility退后台时因有限循环动画被终止而提前触发"")",entry\src\main\ets\components\layout\TabBar.ets:104,未修复,UX交互行为变更
declare interface AnimateParam,ArkTS,5.0.1(13) Beta3,ALL,"=HYPERLINK(""https://developer.huawei.com/consumer/cn/doc/harmonyos-releases/changelogs-ux-b106#%E5%B1%9E%E6%80%A7%E5%8A%A8%E7%94%BBonfinish%E7%BB%93%E6%9D%9F%E5%9B%9E%E8%B0%83%E5%9C%A8uiability%E9%80%80%E5%90%8E%E5%8F%B0%E6%97%B6%E5%9B%A0%E6%9C%89%E9%99%90%E5%BE%AA%E7%8E%AF%E5%8A%A8%E7%94%BB%E8%A2%AB%E7%BB%88%E6%AD%A2%E8%80%8C%E6%8F%90%E5%89%8D%E8%A7%A6%E5%8F%91"",""属性动画onFinish结束回调在UIAbility退后台时因有限循环动画被终止而提前触发"")",entry\src\main\ets\components\layout\TabBar.ets:154,未修复,UX交互行为变更
declare interface AnimateParam,ArkTS,5.0.1(13) Beta3,ALL,"=HYPERLINK(""https://developer.huawei.com/consumer/cn/doc/harmonyos-releases/changelogs-ux-b106#%E5%B1%9E%E6%80%A7%E5%8A%A8%E7%94%BBonfinish%E7%BB%93%E6%9D%9F%E5%9B%9E%E8%B0%83%E5%9C%A8uiability%E9%80%80%E5%90%8E%E5%8F%B0%E6%97%B6%E5%9B%A0%E6%9C%89%E9%99%90%E5%BE%AA%E7%8E%AF%E5%8A%A8%E7%94%BB%E8%A2%AB%E7%BB%88%E6%AD%A2%E8%80%8C%E6%8F%90%E5%89%8D%E8%A7%A6%E5%8F%91"",""属性动画onFinish结束回调在UIAbility退后台时因有限循环动画被终止而提前触发"")",entry\src\main\ets\components\layout\TabBar.ets:177,未修复,UX交互行为变更
declare interface AnimateParam,ArkTS,5.0.1(13) Beta3,ALL,"=HYPERLINK(""https://developer.huawei.com/consumer/cn/doc/harmonyos-releases/changelogs-ux-b106#%E5%B1%9E%E6%80%A7%E5%8A%A8%E7%94%BBonfinish%E7%BB%93%E6%9D%9F%E5%9B%9E%E8%B0%83%E5%9C%A8uiability%E9%80%80%E5%90%8E%E5%8F%B0%E6%97%B6%E5%9B%A0%E6%9C%89%E9%99%90%E5%BE%AA%E7%8E%AF%E5%8A%A8%E7%94%BB%E8%A2%AB%E7%BB%88%E6%AD%A2%E8%80%8C%E6%8F%90%E5%89%8D%E8%A7%A6%E5%8F%91"",""属性动画onFinish结束回调在UIAbility退后台时因有限循环动画被终止而提前触发"")",entry\src\main\ets\components\layout\TabBar.ets:79,未修复,UX交互行为变更
declare interface AnimateParam,ArkTS,5.0.1(13) Beta3,ALL,"=HYPERLINK(""https://developer.huawei.com/consumer/cn/doc/harmonyos-releases/changelogs-ux-b106#%E5%B1%9E%E6%80%A7%E5%8A%A8%E7%94%BBonfinish%E7%BB%93%E6%9D%9F%E5%9B%9E%E8%B0%83%E5%9C%A8uiability%E9%80%80%E5%90%8E%E5%8F%B0%E6%97%B6%E5%9B%A0%E6%9C%89%E9%99%90%E5%BE%AA%E7%8E%AF%E5%8A%A8%E7%94%BB%E8%A2%AB%E7%BB%88%E6%AD%A2%E8%80%8C%E6%8F%90%E5%89%8D%E8%A7%A6%E5%8F%91"",""属性动画onFinish结束回调在UIAbility退后台时因有限循环动画被终止而提前触发"")",entry\src\main\ets\components\onboarding\OnboardingPage.ets:221,未修复,UX交互行为变更
declare interface AnimateParam,ArkTS,5.0.1(13) Beta3,ALL,"=HYPERLINK(""https://developer.huawei.com/consumer/cn/doc/harmonyos-releases/changelogs-ux-b106#%E5%B1%9E%E6%80%A7%E5%8A%A8%E7%94%BBonfinish%E7%BB%93%E6%9D%9F%E5%9B%9E%E8%B0%83%E5%9C%A8uiability%E9%80%80%E5%90%8E%E5%8F%B0%E6%97%B6%E5%9B%A0%E6%9C%89%E9%99%90%E5%BE%AA%E7%8E%AF%E5%8A%A8%E7%94%BB%E8%A2%AB%E7%BB%88%E6%AD%A2%E8%80%8C%E6%8F%90%E5%89%8D%E8%A7%A6%E5%8F%91"",""属性动画onFinish结束回调在UIAbility退后台时因有限循环动画被终止而提前触发"")",entry\src\main\ets\components\onboarding\OnboardingPage.ets:243,未修复,UX交互行为变更
declare interface AnimateParam,ArkTS,5.0.1(13) Beta3,ALL,"=HYPERLINK(""https://developer.huawei.com/consumer/cn/doc/harmonyos-releases/changelogs-ux-b106#%E5%B1%9E%E6%80%A7%E5%8A%A8%E7%94%BBonfinish%E7%BB%93%E6%9D%9F%E5%9B%9E%E8%B0%83%E5%9C%A8uiability%E9%80%80%E5%90%8E%E5%8F%B0%E6%97%B6%E5%9B%A0%E6%9C%89%E9%99%90%E5%BE%AA%E7%8E%AF%E5%8A%A8%E7%94%BB%E8%A2%AB%E7%BB%88%E6%AD%A2%E8%80%8C%E6%8F%90%E5%89%8D%E8%A7%A6%E5%8F%91"",""属性动画onFinish结束回调在UIAbility退后台时因有限循环动画被终止而提前触发"")",entry\src\main\ets\components\onboarding\OnboardingPage.ets:276,未修复,UX交互行为变更
declare interface AnimateParam,ArkTS,5.0.1(13) Beta3,ALL,"=HYPERLINK(""https://developer.huawei.com/consumer/cn/doc/harmonyos-releases/changelogs-ux-b106#%E5%B1%9E%E6%80%A7%E5%8A%A8%E7%94%BBonfinish%E7%BB%93%E6%9D%9F%E5%9B%9E%E8%B0%83%E5%9C%A8uiability%E9%80%80%E5%90%8E%E5%8F%B0%E6%97%B6%E5%9B%A0%E6%9C%89%E9%99%90%E5%BE%AA%E7%8E%AF%E5%8A%A8%E7%94%BB%E8%A2%AB%E7%BB%88%E6%AD%A2%E8%80%8C%E6%8F%90%E5%89%8D%E8%A7%A6%E5%8F%91"",""属性动画onFinish结束回调在UIAbility退后台时因有限循环动画被终止而提前触发"")",entry\src\main\ets\components\onboarding\OnboardingPage.ets:41,未修复,UX交互行为变更
declare interface AnimateParam,ArkTS,5.0.1(13) Beta3,ALL,"=HYPERLINK(""https://developer.huawei.com/consumer/cn/doc/harmonyos-releases/changelogs-ux-b106#%E5%B1%9E%E6%80%A7%E5%8A%A8%E7%94%BBonfinish%E7%BB%93%E6%9D%9F%E5%9B%9E%E8%B0%83%E5%9C%A8uiability%E9%80%80%E5%90%8E%E5%8F%B0%E6%97%B6%E5%9B%A0%E6%9C%89%E9%99%90%E5%BE%AA%E7%8E%AF%E5%8A%A8%E7%94%BB%E8%A2%AB%E7%BB%88%E6%AD%A2%E8%80%8C%E6%8F%90%E5%89%8D%E8%A7%A6%E5%8F%91"",""属性动画onFinish结束回调在UIAbility退后台时因有限循环动画被终止而提前触发"")",entry\src\main\ets\components\onboarding\OnboardingPage.ets:43,未修复,UX交互行为变更
declare interface AnimateParam,ArkTS,5.0.1(13) Beta3,ALL,"=HYPERLINK(""https://developer.huawei.com/consumer/cn/doc/harmonyos-releases/changelogs-ux-b106#%E5%B1%9E%E6%80%A7%E5%8A%A8%E7%94%BBonfinish%E7%BB%93%E6%9D%9F%E5%9B%9E%E8%B0%83%E5%9C%A8uiability%E9%80%80%E5%90%8E%E5%8F%B0%E6%97%B6%E5%9B%A0%E6%9C%89%E9%99%90%E5%BE%AA%E7%8E%AF%E5%8A%A8%E7%94%BB%E8%A2%AB%E7%BB%88%E6%AD%A2%E8%80%8C%E6%8F%90%E5%89%8D%E8%A7%A6%E5%8F%91"",""属性动画onFinish结束回调在UIAbility退后台时因有限循环动画被终止而提前触发"")",entry\src\main\ets\components\onboarding\OnboardingPage.ets:99,未修复,UX交互行为变更
declare interface AnimateParam,ArkTS,5.0.1(13) Beta3,ALL,"=HYPERLINK(""https://developer.huawei.com/consumer/cn/doc/harmonyos-releases/changelogs-ux-b106#%E5%B1%9E%E6%80%A7%E5%8A%A8%E7%94%BBonfinish%E7%BB%93%E6%9D%9F%E5%9B%9E%E8%B0%83%E5%9C%A8uiability%E9%80%80%E5%90%8E%E5%8F%B0%E6%97%B6%E5%9B%A0%E6%9C%89%E9%99%90%E5%BE%AA%E7%8E%AF%E5%8A%A8%E7%94%BB%E8%A2%AB%E7%BB%88%E6%AD%A2%E8%80%8C%E6%8F%90%E5%89%8D%E8%A7%A6%E5%8F%91"",""属性动画onFinish结束回调在UIAbility退后台时因有限循环动画被终止而提前触发"")",entry\src\main\ets\components\outliner\BlockView.ets:217,未修复,UX交互行为变更
declare interface AnimateParam,ArkTS,5.0.1(13) Beta3,ALL,"=HYPERLINK(""https://developer.huawei.com/consumer/cn/doc/harmonyos-releases/changelogs-ux-b106#%E5%B1%9E%E6%80%A7%E5%8A%A8%E7%94%BBonfinish%E7%BB%93%E6%9D%9F%E5%9B%9E%E8%B0%83%E5%9C%A8uiability%E9%80%80%E5%90%8E%E5%8F%B0%E6%97%B6%E5%9B%A0%E6%9C%89%E9%99%90%E5%BE%AA%E7%8E%AF%E5%8A%A8%E7%94%BB%E8%A2%AB%E7%BB%88%E6%AD%A2%E8%80%8C%E6%8F%90%E5%89%8D%E8%A7%A6%E5%8F%91"",""属性动画onFinish结束回调在UIAbility退后台时因有限循环动画被终止而提前触发"")",entry\src\main\ets\components\outliner\BlockView.ets:233,未修复,UX交互行为变更
declare interface AnimateParam,ArkTS,5.0.1(13) Beta3,ALL,"=HYPERLINK(""https://developer.huawei.com/consumer/cn/doc/harmonyos-releases/changelogs-ux-b106#%E5%B1%9E%E6%80%A7%E5%8A%A8%E7%94%BBonfinish%E7%BB%93%E6%9D%9F%E5%9B%9E%E8%B0%83%E5%9C%A8uiability%E9%80%80%E5%90%8E%E5%8F%B0%E6%97%B6%E5%9B%A0%E6%9C%89%E9%99%90%E5%BE%AA%E7%8E%AF%E5%8A%A8%E7%94%BB%E8%A2%AB%E7%BB%88%E6%AD%A2%E8%80%8C%E6%8F%90%E5%89%8D%E8%A7%A6%E5%8F%91"",""属性动画onFinish结束回调在UIAbility退后台时因有限循环动画被终止而提前触发"")",entry\src\main\ets\components\sidebar\LeftSidebar.ets:255,未修复,UX交互行为变更
declare interface AnimateParam,ArkTS,5.0.1(13) Beta3,ALL,"=HYPERLINK(""https://developer.huawei.com/consumer/cn/doc/harmonyos-releases/changelogs-ux-b106#%E5%B1%9E%E6%80%A7%E5%8A%A8%E7%94%BBonfinish%E7%BB%93%E6%9D%9F%E5%9B%9E%E8%B0%83%E5%9C%A8uiability%E9%80%80%E5%90%8E%E5%8F%B0%E6%97%B6%E5%9B%A0%E6%9C%89%E9%99%90%E5%BE%AA%E7%8E%AF%E5%8A%A8%E7%94%BB%E8%A2%AB%E7%BB%88%E6%AD%A2%E8%80%8C%E6%8F%90%E5%89%8D%E8%A7%A6%E5%8F%91"",""属性动画onFinish结束回调在UIAbility退后台时因有限循环动画被终止而提前触发"")",entry\src\main\ets\components\sidebar\LeftSidebar.ets:345,未修复,UX交互行为变更
declare interface AnimateParam,ArkTS,5.0.1(13) Beta3,ALL,"=HYPERLINK(""https://developer.huawei.com/consumer/cn/doc/harmonyos-releases/changelogs-ux-b106#%E5%B1%9E%E6%80%A7%E5%8A%A8%E7%94%BBonfinish%E7%BB%93%E6%9D%9F%E5%9B%9E%E8%B0%83%E5%9C%A8uiability%E9%80%80%E5%90%8E%E5%8F%B0%E6%97%B6%E5%9B%A0%E6%9C%89%E9%99%90%E5%BE%AA%E7%8E%AF%E5%8A%A8%E7%94%BB%E8%A2%AB%E7%BB%88%E6%AD%A2%E8%80%8C%E6%8F%90%E5%89%8D%E8%A7%A6%E5%8F%91"",""属性动画onFinish结束回调在UIAbility退后台时因有限循环动画被终止而提前触发"")",entry\src\main\ets\components\sidebar\LeftSidebar.ets:415,未修复,UX交互行为变更
declare const MenuItem: MenuItemInterface,ArkTS,5.0.1(13) Beta3,5.0.1(13) - 26.0.0(26.0.0),"=HYPERLINK(""https://developer.huawei.com/consumer/cn/doc/harmonyos-releases/changelogs-ux-b106#menuitem%E7%BB%84%E4%BB%B6%E5%9C%A8%E9%9D%9E2in1%E8%AE%BE%E5%A4%87%E4%B8%8A%E8%B6%85%E9%95%BF%E6%96%87%E6%9C%AC%E5%B8%83%E5%B1%80%E7%94%B1%E7%BC%A9%E7%95%A5%E6%98%BE%E7%A4%BA%E5%8F%98%E6%9B%B4%E4%B8%BA%E6%8D%A2%E8%A1%8C%E6%98%BE%E7%A4%BA"",""MenuItem组件在非PC/2in1设备上超长文本布局由缩略显示变更为换行显示"")",entry\src\main\ets\components\layout\TabBar.ets:197,未修复,UX交互行为变更
declare const MenuItem: MenuItemInterface,ArkTS,5.0.1(13) Beta3,5.0.1(13) - 26.0.0(26.0.0),"=HYPERLINK(""https://developer.huawei.com/consumer/cn/doc/harmonyos-releases/changelogs-ux-b106#menuitem%E7%BB%84%E4%BB%B6%E5%9C%A8%E9%9D%9E2in1%E8%AE%BE%E5%A4%87%E4%B8%8A%E8%B6%85%E9%95%BF%E6%96%87%E6%9C%AC%E5%B8%83%E5%B1%80%E7%94%B1%E7%BC%A9%E7%95%A5%E6%98%BE%E7%A4%BA%E5%8F%98%E6%9B%B4%E4%B8%BA%E6%8D%A2%E8%A1%8C%E6%98%BE%E7%A4%BA"",""MenuItem组件在非PC/2in1设备上超长文本布局由缩略显示变更为换行显示"")",entry\src\main\ets\components\layout\TabBar.ets:203,未修复,UX交互行为变更
declare const MenuItem: MenuItemInterface,ArkTS,5.0.1(13) Beta3,5.0.1(13) - 26.0.0(26.0.0),"=HYPERLINK(""https://developer.huawei.com/consumer/cn/doc/harmonyos-releases/changelogs-ux-b106#menuitem%E7%BB%84%E4%BB%B6%E5%9C%A8%E9%9D%9E2in1%E8%AE%BE%E5%A4%87%E4%B8%8A%E8%B6%85%E9%95%BF%E6%96%87%E6%9C%AC%E5%B8%83%E5%B1%80%E7%94%B1%E7%BC%A9%E7%95%A5%E6%98%BE%E7%A4%BA%E5%8F%98%E6%9B%B4%E4%B8%BA%E6%8D%A2%E8%A1%8C%E6%98%BE%E7%A4%BA"",""MenuItem组件在非PC/2in1设备上超长文本布局由缩略显示变更为换行显示"")",entry\src\main\ets\components\layout\TabBar.ets:209,未修复,UX交互行为变更
"fillText(text: string, x: number, y: number, maxWidth?: number): void",ArkTS,5.0.1(13) Release,5.0.1(13) - 26.0.0(26.0.0),"=HYPERLINK(""https://developer.huawei.com/consumer/cn/doc/harmonyos-releases/changelogs-ux-b112#canvasrenderingcontext2d%E5%92%8Coffscreencanvasrenderingcontext2d%E7%9A%84globalcompositeoperation%E5%B1%9E%E6%80%A7%E5%8F%98%E6%9B%B4%E4%B8%BA%E5%9C%A8%E7%BB%98%E5%88%B6%E6%96%87%E6%9C%AC%E6%97%B6%E7%94%9F%E6%95%88"",""画布组件在绘制文本时设置globalCompositeOperation、fillStyle和globalAlpha属性的效果变更"")",entry\src\main\ets\components\graph\GraphView.ets:470,未修复,接口行为变更
transition(value: TransitionOptions | TransitionEffect): T,ArkTS,5.0.1(13) Beta3,5.0.1(13) - 26.0.0(26.0.0),"=HYPERLINK(""https://developer.huawei.com/consumer/cn/doc/harmonyos-releases/changelogs-for-all-apps-b106#%E7%A6%81%E6%AD%A2%E5%9C%A8%E8%BD%AC%E5%9C%BA%E5%8A%A8%E7%94%BB%E8%BF%87%E7%A8%8B%E4%B8%AD%E6%9B%B4%E6%96%B0%E6%B6%88%E5%A4%B1%E8%8A%82%E7%82%B9%E7%9A%84%E5%B1%9E%E6%80%A7"",""禁止在转场动画过程中，更新消失节点的属性。"")",entry\src\main\ets\components\common\FloatingPanel.ets:50,未修复,接口行为变更
transition(value: TransitionOptions | TransitionEffect): T,ArkTS,5.0.1(13) Beta3,5.0.1(13) - 26.0.0(26.0.0),"=HYPERLINK(""https://developer.huawei.com/consumer/cn/doc/harmonyos-releases/changelogs-for-all-apps-b106#%E7%A6%81%E6%AD%A2%E5%9C%A8%E8%BD%AC%E5%9C%BA%E5%8A%A8%E7%94%BB%E8%BF%87%E7%A8%8B%E4%B8%AD%E6%9B%B4%E6%96%B0%E6%B6%88%E5%A4%B1%E8%8A%82%E7%82%B9%E7%9A%84%E5%B1%9E%E6%80%A7"",""禁止在转场动画过程中，更新消失节点的属性。"")",entry\src\main\ets\components\common\FloatingPanel.ets:92,未修复,接口行为变更
transition(value: TransitionOptions | TransitionEffect): T,ArkTS,5.0.1(13) Beta3,5.0.1(13) - 26.0.0(26.0.0),"=HYPERLINK(""https://developer.huawei.com/consumer/cn/doc/harmonyos-releases/changelogs-for-all-apps-b106#%E7%A6%81%E6%AD%A2%E5%9C%A8%E8%BD%AC%E5%9C%BA%E5%8A%A8%E7%94%BB%E8%BF%87%E7%A8%8B%E4%B8%AD%E6%9B%B4%E6%96%B0%E6%B6%88%E5%A4%B1%E8%8A%82%E7%82%B9%E7%9A%84%E5%B1%9E%E6%80%A7"",""禁止在转场动画过程中，更新消失节点的属性。"")",entry\src\main\ets\components\onboarding\OnboardingPage.ets:57,未修复,接口行为变更
transition(value: TransitionOptions | TransitionEffect): T,ArkTS,5.0.1(13) Beta3,5.0.1(13) - 26.0.0(26.0.0),"=HYPERLINK(""https://developer.huawei.com/consumer/cn/doc/harmonyos-releases/changelogs-for-all-apps-b106#%E7%A6%81%E6%AD%A2%E5%9C%A8%E8%BD%AC%E5%9C%BA%E5%8A%A8%E7%94%BB%E8%BF%87%E7%A8%8B%E4%B8%AD%E6%9B%B4%E6%96%B0%E6%B6%88%E5%A4%B1%E8%8A%82%E7%82%B9%E7%9A%84%E5%B1%9E%E6%80%A7"",""禁止在转场动画过程中，更新消失节点的属性。"")",entry\src\main\ets\components\onboarding\OnboardingPage.ets:61,未修复,接口行为变更
transition(value: TransitionOptions | TransitionEffect): T,ArkTS,5.0.1(13) Beta3,5.0.1(13) - 26.0.0(26.0.0),"=HYPERLINK(""https://developer.huawei.com/consumer/cn/doc/harmonyos-releases/changelogs-for-all-apps-b106#%E7%A6%81%E6%AD%A2%E5%9C%A8%E8%BD%AC%E5%9C%BA%E5%8A%A8%E7%94%BB%E8%BF%87%E7%A8%8B%E4%B8%AD%E6%9B%B4%E6%96%B0%E6%B6%88%E5%A4%B1%E8%8A%82%E7%82%B9%E7%9A%84%E5%B1%9E%E6%80%A7"",""禁止在转场动画过程中，更新消失节点的属性。"")",entry\src\main\ets\components\onboarding\OnboardingPage.ets:65,未修复,接口行为变更
transition(value: TransitionOptions | TransitionEffect): T,ArkTS,5.0.1(13) Beta3,5.0.1(13) - 26.0.0(26.0.0),"=HYPERLINK(""https://developer.huawei.com/consumer/cn/doc/harmonyos-releases/changelogs-for-all-apps-b106#%E7%A6%81%E6%AD%A2%E5%9C%A8%E8%BD%AC%E5%9C%BA%E5%8A%A8%E7%94%BB%E8%BF%87%E7%A8%8B%E4%B8%AD%E6%9B%B4%E6%96%B0%E6%B6%88%E5%A4%B1%E8%8A%82%E7%82%B9%E7%9A%84%E5%B1%9E%E6%80%A7"",""禁止在转场动画过程中，更新消失节点的属性。"")",entry\src\main\ets\components\onboarding\OnboardingPage.ets:69,未修复,接口行为变更
setWindowLayoutFullScreen(isLayoutFullScreen: boolean): Promise<void>,ArkTS,5.0.2(14) Beta1,ALL,"=HYPERLINK(""https://developer.huawei.com/consumer/cn/doc/harmonyos-releases/changelogs-for-all-apps-b123sp16#setwindowlayoutfullscreensetimmersivemodeenabledstate%E6%8E%A5%E5%8F%A3%E5%9C%A82in1%E8%AE%BE%E5%A4%87%E5%92%8C%E5%B9%B3%E6%9D%BF%E8%AE%BE%E5%A4%87%E7%9A%84%E8%87%AA%E7%94%B1%E5%A4%9A%E7%AA%97%E6%A8%A1%E5%BC%8F%E4%B8%8A%E7%A6%81%E7%94%A8"",""setWindowLayoutFullScreen、setImmersiveModeEnabledState接口在PC/2in1设备的自由多窗模式上禁用"")",entry\src\main\ets\entryability\EntryAbility.ets:131,未修复,接口行为变更
borderRadius(value: Length | BorderRadiuses | LocalizedBorderRadiuses): T,ArkTS,5.0.2(14) Beta1,5.0.2(14) - 26.0.0(26.0.0),"=HYPERLINK(""https://developer.huawei.com/consumer/cn/doc/harmonyos-releases/changelogs-for-all-apps-b123sp16#image%E7%BB%84%E4%BB%B6%E7%9A%84borderradius%E6%8E%A5%E5%8F%A3%E6%94%AF%E6%8C%81%E5%8A%A8%E6%80%81%E4%BF%AE%E6%94%B9"",""Image组件的borderRadius接口支持动态修改"")",entry\src\main\ets\components\outliner\BlockView.ets:288,未修复,接口行为变更
declare const Button: ButtonInterface,ArkTS,5.1.0(18) Release,5.1.0(18) - 26.0.0(26.0.0),"=HYPERLINK(""https://developer.huawei.com/consumer/cn/doc/harmonyos-releases/changelogs-ux-5101/#section174"",""按钮默认值变更为新增圆角矩形类型"")",entry\src\main\ets\components\common\ExportDialog.ets:188,未修复,UX视觉布局变更
declare const Button: ButtonInterface,ArkTS,5.1.0(18) Release,5.1.0(18) - 26.0.0(26.0.0),"=HYPERLINK(""https://developer.huawei.com/consumer/cn/doc/harmonyos-releases/changelogs-ux-5101/#section174"",""按钮默认值变更为新增圆角矩形类型"")",entry\src\main\ets\components\common\ExportDialog.ets:194,未修复,UX视觉布局变更
declare const Button: ButtonInterface,ArkTS,5.1.0(18) Release,5.1.0(18) - 26.0.0(26.0.0),"=HYPERLINK(""https://developer.huawei.com/consumer/cn/doc/harmonyos-releases/changelogs-ux-5101/#section174"",""按钮默认值变更为新增圆角矩形类型"")",entry\src\main\ets\components\common\ImportDialog.ets:144,未修复,UX视觉布局变更
declare const Button: ButtonInterface,ArkTS,5.1.0(18) Release,5.1.0(18) - 26.0.0(26.0.0),"=HYPERLINK(""https://developer.huawei.com/consumer/cn/doc/harmonyos-releases/changelogs-ux-5101/#section174"",""按钮默认值变更为新增圆角矩形类型"")",entry\src\main\ets\components\common\ImportDialog.ets:150,未修复,UX视觉布局变更
declare const Button: ButtonInterface,ArkTS,5.1.0(18) Release,5.1.0(18) - 26.0.0(26.0.0),"=HYPERLINK(""https://developer.huawei.com/consumer/cn/doc/harmonyos-releases/changelogs-ux-5101/#section174"",""按钮默认值变更为新增圆角矩形类型"")",entry\src\main\ets\components\extensions\PdfViewer.ets:263,未修复,UX视觉布局变更
declare const Button: ButtonInterface,ArkTS,5.1.0(18) Release,5.1.0(18) - 26.0.0(26.0.0),"=HYPERLINK(""https://developer.huawei.com/consumer/cn/doc/harmonyos-releases/changelogs-ux-5101/#section174"",""按钮默认值变更为新增圆角矩形类型"")",entry\src\main\ets\components\extensions\PdfViewer.ets:270,未修复,UX视觉布局变更
declare const Button: ButtonInterface,ArkTS,5.1.0(18) Release,5.1.0(18) - 26.0.0(26.0.0),"=HYPERLINK(""https://developer.huawei.com/consumer/cn/doc/harmonyos-releases/changelogs-ux-5101/#section174"",""按钮默认值变更为新增圆角矩形类型"")",entry\src\main\ets\components\flashcard\FlashcardPage.ets:134,未修复,UX视觉布局变更
declare const Button: ButtonInterface,ArkTS,5.1.0(18) Release,5.1.0(18) - 26.0.0(26.0.0),"=HYPERLINK(""https://developer.huawei.com/consumer/cn/doc/harmonyos-releases/changelogs-ux-5101/#section174"",""按钮默认值变更为新增圆角矩形类型"")",entry\src\main\ets\components\flashcard\FlashcardPage.ets:174,未修复,UX视觉布局变更
declare const Button: ButtonInterface,ArkTS,5.1.0(18) Release,5.1.0(18) - 26.0.0(26.0.0),"=HYPERLINK(""https://developer.huawei.com/consumer/cn/doc/harmonyos-releases/changelogs-ux-5101/#section174"",""按钮默认值变更为新增圆角矩形类型"")",entry\src\main\ets\components\flashcard\FlashcardPage.ets:177,未修复,UX视觉布局变更
declare const Button: ButtonInterface,ArkTS,5.1.0(18) Release,5.1.0(18) - 26.0.0(26.0.0),"=HYPERLINK(""https://developer.huawei.com/consumer/cn/doc/harmonyos-releases/changelogs-ux-5101/#section174"",""按钮默认值变更为新增圆角矩形类型"")",entry\src\main\ets\components\flashcard\FlashcardPage.ets:180,未修复,UX视觉布局变更
declare const Button: ButtonInterface,ArkTS,5.1.0(18) Release,5.1.0(18) - 26.0.0(26.0.0),"=HYPERLINK(""https://developer.huawei.com/consumer/cn/doc/harmonyos-releases/changelogs-ux-5101/#section174"",""按钮默认值变更为新增圆角矩形类型"")",entry\src\main\ets\components\flashcard\FlashcardPage.ets:183,未修复,UX视觉布局变更
declare const Button: ButtonInterface,ArkTS,5.1.0(18) Release,5.1.0(18) - 26.0.0(26.0.0),"=HYPERLINK(""https://developer.huawei.com/consumer/cn/doc/harmonyos-releases/changelogs-ux-5101/#section174"",""按钮默认值变更为新增圆角矩形类型"")",entry\src\main\ets\components\mobile\MobileToolbar.ets:55,未修复,UX视觉布局变更
declare const Button: ButtonInterface,ArkTS,5.1.0(18) Release,5.1.0(18) - 26.0.0(26.0.0),"=HYPERLINK(""https://developer.huawei.com/consumer/cn/doc/harmonyos-releases/changelogs-ux-5101/#section174"",""按钮默认值变更为新增圆角矩形类型"")",entry\src\main\ets\components\onboarding\OnboardingPage.ets:210,未修复,UX视觉布局变更
declare const Button: ButtonInterface,ArkTS,5.1.0(18) Release,5.1.0(18) - 26.0.0(26.0.0),"=HYPERLINK(""https://developer.huawei.com/consumer/cn/doc/harmonyos-releases/changelogs-ux-5101/#section174"",""按钮默认值变更为新增圆角矩形类型"")",entry\src\main\ets\components\onboarding\OnboardingPage.ets:232,未修复,UX视觉布局变更
declare const Button: ButtonInterface,ArkTS,5.1.0(18) Release,5.1.0(18) - 26.0.0(26.0.0),"=HYPERLINK(""https://developer.huawei.com/consumer/cn/doc/harmonyos-releases/changelogs-ux-5101/#section174"",""按钮默认值变更为新增圆角矩形类型"")",entry\src\main\ets\components\onboarding\OnboardingPage.ets:265,未修复,UX视觉布局变更
declare const Button: ButtonInterface,ArkTS,5.1.0(18) Release,5.1.0(18) - 26.0.0(26.0.0),"=HYPERLINK(""https://developer.huawei.com/consumer/cn/doc/harmonyos-releases/changelogs-ux-5101/#section174"",""按钮默认值变更为新增圆角矩形类型"")",entry\src\main\ets\components\outliner\BlockSelection.ets:100,未修复,UX视觉布局变更
declare const Button: ButtonInterface,ArkTS,5.1.0(18) Release,5.1.0(18) - 26.0.0(26.0.0),"=HYPERLINK(""https://developer.huawei.com/consumer/cn/doc/harmonyos-releases/changelogs-ux-5101/#section174"",""按钮默认值变更为新增圆角矩形类型"")",entry\src\main\ets\components\outliner\BlockSelection.ets:111,未修复,UX视觉布局变更
declare const Button: ButtonInterface,ArkTS,5.1.0(18) Release,5.1.0(18) - 26.0.0(26.0.0),"=HYPERLINK(""https://developer.huawei.com/consumer/cn/doc/harmonyos-releases/changelogs-ux-5101/#section174"",""按钮默认值变更为新增圆角矩形类型"")",entry\src\main\ets\components\outliner\BlockSelection.ets:122,未修复,UX视觉布局变更
declare const Button: ButtonInterface,ArkTS,5.1.0(18) Release,5.1.0(18) - 26.0.0(26.0.0),"=HYPERLINK(""https://developer.huawei.com/consumer/cn/doc/harmonyos-releases/changelogs-ux-5101/#section174"",""按钮默认值变更为新增圆角矩形类型"")",entry\src\main\ets\components\outliner\BlockSelection.ets:133,未修复,UX视觉布局变更
declare const Button: ButtonInterface,ArkTS,5.1.0(18) Release,5.1.0(18) - 26.0.0(26.0.0),"=HYPERLINK(""https://developer.huawei.com/consumer/cn/doc/harmonyos-releases/changelogs-ux-5101/#section174"",""按钮默认值变更为新增圆角矩形类型"")",entry\src\main\ets\components\outliner\BlockSelection.ets:144,未修复,UX视觉布局变更
declare const Button: ButtonInterface,ArkTS,5.1.0(18) Release,5.1.0(18) - 26.0.0(26.0.0),"=HYPERLINK(""https://developer.huawei.com/consumer/cn/doc/harmonyos-releases/changelogs-ux-5101/#section174"",""按钮默认值变更为新增圆角矩形类型"")",entry\src\main\ets\components\outliner\BlockSelection.ets:89,未修复,UX视觉布局变更
declare const Button: ButtonInterface,ArkTS,5.1.0(18) Release,5.1.0(18) - 26.0.0(26.0.0),"=HYPERLINK(""https://developer.huawei.com/consumer/cn/doc/harmonyos-releases/changelogs-ux-5101/#section174"",""按钮默认值变更为新增圆角矩形类型"")",entry\src\main\ets\components\outliner\BlockView.ets:405,未修复,UX视觉布局变更
declare const Button: ButtonInterface,ArkTS,5.1.0(18) Release,5.1.0(18) - 26.0.0(26.0.0),"=HYPERLINK(""https://developer.huawei.com/consumer/cn/doc/harmonyos-releases/changelogs-ux-5101/#section174"",""按钮默认值变更为新增圆角矩形类型"")",entry\src\main\ets\components\outliner\BlockView.ets:415,未修复,UX视觉布局变更
declare const Button: ButtonInterface,ArkTS,5.1.0(18) Release,5.1.0(18) - 26.0.0(26.0.0),"=HYPERLINK(""https://developer.huawei.com/consumer/cn/doc/harmonyos-releases/changelogs-ux-5101/#section174"",""按钮默认值变更为新增圆角矩形类型"")",entry\src\main\ets\components\outliner\BlockView.ets:425,未修复,UX视觉布局变更
declare const Button: ButtonInterface,ArkTS,5.1.0(18) Release,5.1.0(18) - 26.0.0(26.0.0),"=HYPERLINK(""https://developer.huawei.com/consumer/cn/doc/harmonyos-releases/changelogs-ux-5101/#section174"",""按钮默认值变更为新增圆角矩形类型"")",entry\src\main\ets\components\outliner\BlockView.ets:435,未修复,UX视觉布局变更
declare const Button: ButtonInterface,ArkTS,5.1.0(18) Release,5.1.0(18) - 26.0.0(26.0.0),"=HYPERLINK(""https://developer.huawei.com/consumer/cn/doc/harmonyos-releases/changelogs-ux-5101/#section174"",""按钮默认值变更为新增圆角矩形类型"")",entry\src\main\ets\components\outliner\BlockView.ets:446,未修复,UX视觉布局变更
declare const Button: ButtonInterface,ArkTS,5.1.0(18) Release,5.1.0(18) - 26.0.0(26.0.0),"=HYPERLINK(""https://developer.huawei.com/consumer/cn/doc/harmonyos-releases/changelogs-ux-5101/#section174"",""按钮默认值变更为新增圆角矩形类型"")",entry\src\main\ets\components\outliner\BlockView.ets:457,未修复,UX视觉布局变更
declare const Button: ButtonInterface,ArkTS,5.1.0(18) Release,5.1.0(18) - 26.0.0(26.0.0),"=HYPERLINK(""https://developer.huawei.com/consumer/cn/doc/harmonyos-releases/changelogs-ux-5101/#section174"",""按钮默认值变更为新增圆角矩形类型"")",entry\src\main\ets\components\outliner\Toolbar.ets:30,未修复,UX视觉布局变更
declare const Button: ButtonInterface,ArkTS,5.1.0(18) Release,5.1.0(18) - 26.0.0(26.0.0),"=HYPERLINK(""https://developer.huawei.com/consumer/cn/doc/harmonyos-releases/changelogs-ux-5101/#section174"",""按钮默认值变更为新增圆角矩形类型"")",entry\src\main\ets\components\outliner\Toolbar.ets:43,未修复,UX视觉布局变更
declare const Button: ButtonInterface,ArkTS,5.1.0(18) Release,5.1.0(18) - 26.0.0(26.0.0),"=HYPERLINK(""https://developer.huawei.com/consumer/cn/doc/harmonyos-releases/changelogs-ux-5101/#section174"",""按钮默认值变更为新增圆角矩形类型"")",entry\src\main\ets\components\property\PropertyConfig.ets:548,未修复,UX视觉布局变更
declare const Button: ButtonInterface,ArkTS,5.1.0(18) Release,5.1.0(18) - 26.0.0(26.0.0),"=HYPERLINK(""https://developer.huawei.com/consumer/cn/doc/harmonyos-releases/changelogs-ux-5101/#section174"",""按钮默认值变更为新增圆角矩形类型"")",entry\src\main\ets\components\property\PropertyConfig.ets:556,未修复,UX视觉布局变更
declare const Button: ButtonInterface,ArkTS,5.1.0(18) Release,5.1.0(18) - 26.0.0(26.0.0),"=HYPERLINK(""https://developer.huawei.com/consumer/cn/doc/harmonyos-releases/changelogs-ux-5101/#section174"",""按钮默认值变更为新增圆角矩形类型"")",entry\src\main\ets\components\property\PropertyEditor.ets:296,未修复,UX视觉布局变更
declare const Button: ButtonInterface,ArkTS,5.1.0(18) Release,5.1.0(18) - 26.0.0(26.0.0),"=HYPERLINK(""https://developer.huawei.com/consumer/cn/doc/harmonyos-releases/changelogs-ux-5101/#section174"",""按钮默认值变更为新增圆角矩形类型"")",entry\src\main\ets\components\property\PropertyEditor.ets:304,未修复,UX视觉布局变更
declare const Button: ButtonInterface,ArkTS,5.1.0(18) Release,5.1.0(18) - 26.0.0(26.0.0),"=HYPERLINK(""https://developer.huawei.com/consumer/cn/doc/harmonyos-releases/changelogs-ux-5101/#section174"",""按钮默认值变更为新增圆角矩形类型"")",entry\src\main\ets\components\query\QueryBuilder.ets:84,未修复,UX视觉布局变更
declare const Button: ButtonInterface,ArkTS,5.1.0(18) Release,5.1.0(18) - 26.0.0(26.0.0),"=HYPERLINK(""https://developer.huawei.com/consumer/cn/doc/harmonyos-releases/changelogs-ux-5101/#section174"",""按钮默认值变更为新增圆角矩形类型"")",entry\src\main\ets\components\settings\ProUpgradePage.ets:82,未修复,UX视觉布局变更
declare const Button: ButtonInterface,ArkTS,5.1.0(18) Release,5.1.0(18) - 26.0.0(26.0.0),"=HYPERLINK(""https://developer.huawei.com/consumer/cn/doc/harmonyos-releases/changelogs-ux-5101/#section174"",""按钮默认值变更为新增圆角矩形类型"")",entry\src\main\ets\components\sidebar\PageContextMenu.ets:251,未修复,UX视觉布局变更
declare const Button: ButtonInterface,ArkTS,5.1.0(18) Release,5.1.0(18) - 26.0.0(26.0.0),"=HYPERLINK(""https://developer.huawei.com/consumer/cn/doc/harmonyos-releases/changelogs-ux-5101/#section174"",""按钮默认值变更为新增圆角矩形类型"")",entry\src\main\ets\components\sidebar\PageContextMenu.ets:259,未修复,UX视觉布局变更
declare const Button: ButtonInterface,ArkTS,5.1.0(18) Release,5.1.0(18) - 26.0.0(26.0.0),"=HYPERLINK(""https://developer.huawei.com/consumer/cn/doc/harmonyos-releases/changelogs-ux-5101/#section174"",""按钮默认值变更为新增圆角矩形类型"")",entry\src\main\ets\widget\pages\WidgetCard.ets:109,未修复,UX视觉布局变更
interface LongPressGestureInterface extends GestureInterface<LongPressGestureInterface>,ArkTS,5.1.0(18) Release,ALL,"=HYPERLINK(""https://developer.huawei.com/consumer/cn/doc/harmonyos-releases/changelogs-for-all-apps-5101/#ch2025042447120"",""ArkUI双指长按行为变更"")",entry\src\main\ets\components\graph\GraphView.ets:269,未修复,接口行为变更
interface LongPressGestureInterface extends GestureInterface<LongPressGestureInterface>,ArkTS,5.1.0(18) Release,ALL,"=HYPERLINK(""https://developer.huawei.com/consumer/cn/doc/harmonyos-releases/changelogs-for-all-apps-5101/#ch2025042447120"",""ArkUI双指长按行为变更"")",entry\src\main\ets\components\graph\GraphView.ets:290,未修复,接口行为变更
interface LongPressGestureInterface extends GestureInterface<LongPressGestureInterface>,ArkTS,5.1.0(18) Release,ALL,"=HYPERLINK(""https://developer.huawei.com/consumer/cn/doc/harmonyos-releases/changelogs-for-all-apps-5101/#ch2025042447120"",""ArkUI双指长按行为变更"")",entry\src\main\ets\components\outliner\BlockDragHandler.ets:133,未修复,接口行为变更
interface LongPressGestureInterface extends GestureInterface<LongPressGestureInterface>,ArkTS,5.1.0(18) Release,ALL,"=HYPERLINK(""https://developer.huawei.com/consumer/cn/doc/harmonyos-releases/changelogs-for-all-apps-5101/#ch2025042447120"",""ArkUI双指长按行为变更"")",entry\src\main\ets\components\outliner\BlockDragHandler.ets:139,未修复,接口行为变更
interface LongPressGestureInterface extends GestureInterface<LongPressGestureInterface>,ArkTS,5.1.0(18) Release,ALL,"=HYPERLINK(""https://developer.huawei.com/consumer/cn/doc/harmonyos-releases/changelogs-for-all-apps-5101/#ch2025042447120"",""ArkUI双指长按行为变更"")",entry\src\main\ets\components\page\AllPagesPage.ets:346,未修复,接口行为变更
interface LongPressGestureInterface extends GestureInterface<LongPressGestureInterface>,ArkTS,5.1.0(18) Release,ALL,"=HYPERLINK(""https://developer.huawei.com/consumer/cn/doc/harmonyos-releases/changelogs-for-all-apps-5101/#ch2025042447120"",""ArkUI双指长按行为变更"")",entry\src\main\ets\components\page\AllPagesPage.ets:420,未修复,接口行为变更
(value?: { fingers?: number; repeat?: boolean; duration?: number }): LongPressGestureInterface,ArkTS,5.1.0(18) Release,ALL,"=HYPERLINK(""https://developer.huawei.com/consumer/cn/doc/harmonyos-releases/changelogs-for-all-apps-5101/#ch2025042447120"",""ArkUI双指长按行为变更"")",entry\src\main\ets\components\graph\GraphView.ets:269,未修复,接口行为变更
(value?: { fingers?: number; repeat?: boolean; duration?: number }): LongPressGestureInterface,ArkTS,5.1.0(18) Release,ALL,"=HYPERLINK(""https://developer.huawei.com/consumer/cn/doc/harmonyos-releases/changelogs-for-all-apps-5101/#ch2025042447120"",""ArkUI双指长按行为变更"")",entry\src\main\ets\components\outliner\BlockDragHandler.ets:133,未修复,接口行为变更
(value?: { fingers?: number; repeat?: boolean; duration?: number }): LongPressGestureInterface,ArkTS,5.1.0(18) Release,ALL,"=HYPERLINK(""https://developer.huawei.com/consumer/cn/doc/harmonyos-releases/changelogs-for-all-apps-5101/#ch2025042447120"",""ArkUI双指长按行为变更"")",entry\src\main\ets\components\page\AllPagesPage.ets:346,未修复,接口行为变更
"arc(x: number, y: number, radius: number, startAngle: number, endAngle: number, counterclockwise?: boolean): void",ArkTS,5.1.0(18) Release,5.1.0(18) - 26.0.0(26.0.0),"=HYPERLINK(""https://developer.huawei.com/consumer/cn/doc/harmonyos-releases/changelogs-for-all-apps-5101/#section159"",""CanvasRenderingContext2D方法传NaN和Infinity值后执行的其他绘制方法由不绘制变更为正常绘制"")",entry\src\main\ets\components\graph\GraphView.ets:455,未修复,接口行为变更
"moveTo(x: number, y: number): void",ArkTS,5.1.0(18) Release,5.1.0(18) - 26.0.0(26.0.0),"=HYPERLINK(""https://developer.huawei.com/consumer/cn/doc/harmonyos-releases/changelogs-for-all-apps-5101/#section159"",""CanvasRenderingContext2D方法传NaN和Infinity值后执行的其他绘制方法由不绘制变更为正常绘制"")",entry\src\main\ets\components\graph\GraphView.ets:440,未修复,接口行为变更
"moveTo(x: number, y: number): void",ArkTS,5.1.0(18) Release,5.1.0(18) - 26.0.0(26.0.0),"=HYPERLINK(""https://developer.huawei.com/consumer/cn/doc/harmonyos-releases/changelogs-for-all-apps-5101/#section159"",""CanvasRenderingContext2D方法传NaN和Infinity值后执行的其他绘制方法由不绘制变更为正常绘制"")",entry\src\main\ets\components\whiteboard\Whiteboard.ets:684,未修复,接口行为变更
"moveTo(x: number, y: number): void",ArkTS,5.1.0(18) Release,5.1.0(18) - 26.0.0(26.0.0),"=HYPERLINK(""https://developer.huawei.com/consumer/cn/doc/harmonyos-releases/changelogs-for-all-apps-5101/#section159"",""CanvasRenderingContext2D方法传NaN和Infinity值后执行的其他绘制方法由不绘制变更为正常绘制"")",entry\src\main\ets\components\whiteboard\Whiteboard.ets:688,未修复,接口行为变更
"moveTo(x: number, y: number): void",ArkTS,5.1.0(18) Release,5.1.0(18) - 26.0.0(26.0.0),"=HYPERLINK(""https://developer.huawei.com/consumer/cn/doc/harmonyos-releases/changelogs-for-all-apps-5101/#section159"",""CanvasRenderingContext2D方法传NaN和Infinity值后执行的其他绘制方法由不绘制变更为正常绘制"")",entry\src\main\ets\components\whiteboard\Whiteboard.ets:747,未修复,接口行为变更
"lineTo(x: number, y: number): void",ArkTS,5.1.0(18) Release,5.1.0(18) - 26.0.0(26.0.0),"=HYPERLINK(""https://developer.huawei.com/consumer/cn/doc/harmonyos-releases/changelogs-for-all-apps-5101/#section159"",""CanvasRenderingContext2D方法传NaN和Infinity值后执行的其他绘制方法由不绘制变更为正常绘制"")",entry\src\main\ets\components\graph\GraphView.ets:441,未修复,接口行为变更
"lineTo(x: number, y: number): void",ArkTS,5.1.0(18) Release,5.1.0(18) - 26.0.0(26.0.0),"=HYPERLINK(""https://developer.huawei.com/consumer/cn/doc/harmonyos-releases/changelogs-for-all-apps-5101/#section159"",""CanvasRenderingContext2D方法传NaN和Infinity值后执行的其他绘制方法由不绘制变更为正常绘制"")",entry\src\main\ets\components\whiteboard\Whiteboard.ets:685,未修复,接口行为变更
"lineTo(x: number, y: number): void",ArkTS,5.1.0(18) Release,5.1.0(18) - 26.0.0(26.0.0),"=HYPERLINK(""https://developer.huawei.com/consumer/cn/doc/harmonyos-releases/changelogs-for-all-apps-5101/#section159"",""CanvasRenderingContext2D方法传NaN和Infinity值后执行的其他绘制方法由不绘制变更为正常绘制"")",entry\src\main\ets\components\whiteboard\Whiteboard.ets:689,未修复,接口行为变更
"lineTo(x: number, y: number): void",ArkTS,5.1.0(18) Release,5.1.0(18) - 26.0.0(26.0.0),"=HYPERLINK(""https://developer.huawei.com/consumer/cn/doc/harmonyos-releases/changelogs-for-all-apps-5101/#section159"",""CanvasRenderingContext2D方法传NaN和Infinity值后执行的其他绘制方法由不绘制变更为正常绘制"")",entry\src\main\ets\components\whiteboard\Whiteboard.ets:748,未修复,接口行为变更
getOsAccountDistributedInfo(): Promise<DistributedInfo>,ArkTS,5.1.0(18) Release,ALL,"=HYPERLINK(""https://developer.huawei.com/consumer/cn/doc/harmonyos-releases/changelogs-for-all-apps-5101/#section419"",""osAccount.distributedAccount.DistributedAccountAbility.getOsAccountDistributedInfo接口返回值生成规则变更"")",entry\src\main\ets\services\HuaweiAccountService.ets:34,未修复,接口行为变更
font: string,ArkTS,6.0.0(20) Beta2,6.0.0(20) - 26.0.0(26.0.0),"=HYPERLINK(""https://developer.huawei.com/consumer/cn/doc/harmonyos-releases/changelogs-for-all-apps-6002/#ch2025062517095"",""CanvasRenderer的font接口支持自定义字体行为变更"")",entry\src\main\ets\components\graph\GraphView.ets:464,未修复,接口行为变更
"addTextSpan(value: string, options?: RichEditorTextSpanOptions): number",ArkTS,6.0.0(20) Beta1,ALL,"=HYPERLINK(""https://developer.huawei.com/consumer/cn/doc/harmonyos-releases/changelogs-for-all-apps-6001/#section383"",""文本与输入、信息展示、按钮与选择、滚动与滑动、图形绘制组件接口支持Resource类型"")",entry\src\main\ets\components\outliner\RichBlockEditor.ets:73,未修复,接口定义变更
"addTextSpan(value: string, options?: RichEditorTextSpanOptions): number",ArkTS,6.0.0(20) Beta1,ALL,"=HYPERLINK(""https://developer.huawei.com/consumer/cn/doc/harmonyos-releases/changelogs-for-all-apps-6001/#section383"",""文本与输入、信息展示、按钮与选择、滚动与滑动、图形绘制组件接口支持Resource类型"")",entry\src\main\ets\components\outliner\RichBlockEditor.ets:74,未修复,接口定义变更
"addTextSpan(value: string, options?: RichEditorTextSpanOptions): number",ArkTS,6.0.0(20) Beta1,ALL,"=HYPERLINK(""https://developer.huawei.com/consumer/cn/doc/harmonyos-releases/changelogs-for-all-apps-6001/#section383"",""文本与输入、信息展示、按钮与选择、滚动与滑动、图形绘制组件接口支持Resource类型"")",entry\src\main\ets\components\outliner\RichBlockEditor.ets:75,未修复,接口定义变更
"addTextSpan(value: string, options?: RichEditorTextSpanOptions): number",ArkTS,6.0.0(20) Beta1,ALL,"=HYPERLINK(""https://developer.huawei.com/consumer/cn/doc/harmonyos-releases/changelogs-for-all-apps-6001/#section383"",""文本与输入、信息展示、按钮与选择、滚动与滑动、图形绘制组件接口支持Resource类型"")",entry\src\main\ets\components\outliner\RichBlockEditor.ets:78,未修复,接口定义变更
"addTextSpan(value: string, options?: RichEditorTextSpanOptions): number",ArkTS,6.0.0(20) Beta1,ALL,"=HYPERLINK(""https://developer.huawei.com/consumer/cn/doc/harmonyos-releases/changelogs-for-all-apps-6001/#section383"",""文本与输入、信息展示、按钮与选择、滚动与滑动、图形绘制组件接口支持Resource类型"")",entry\src\main\ets\components\outliner\RichBlockEditor.ets:79,未修复,接口定义变更
"addTextSpan(value: string, options?: RichEditorTextSpanOptions): number",ArkTS,6.0.0(20) Beta1,ALL,"=HYPERLINK(""https://developer.huawei.com/consumer/cn/doc/harmonyos-releases/changelogs-for-all-apps-6001/#section383"",""文本与输入、信息展示、按钮与选择、滚动与滑动、图形绘制组件接口支持Resource类型"")",entry\src\main\ets\components\outliner\RichBlockEditor.ets:80,未修复,接口定义变更
"addTextSpan(value: string, options?: RichEditorTextSpanOptions): number",ArkTS,6.0.0(20) Beta1,ALL,"=HYPERLINK(""https://developer.huawei.com/consumer/cn/doc/harmonyos-releases/changelogs-for-all-apps-6001/#section383"",""文本与输入、信息展示、按钮与选择、滚动与滑动、图形绘制组件接口支持Resource类型"")",entry\src\main\ets\components\outliner\RichBlockEditor.ets:82,未修复,接口定义变更
commands(value: string): PathAttribute,ArkTS,6.0.0(20) Beta1,ALL,"=HYPERLINK(""https://developer.huawei.com/consumer/cn/doc/harmonyos-releases/changelogs-for-all-apps-6001/#section383"",""文本与输入、信息展示、按钮与选择、滚动与滑动、图形绘制组件接口支持Resource类型"")",entry\src\main\ets\components\common\Icons.ets:101,未修复,接口定义变更
commands(value: string): PathAttribute,ArkTS,6.0.0(20) Beta1,ALL,"=HYPERLINK(""https://developer.huawei.com/consumer/cn/doc/harmonyos-releases/changelogs-for-all-apps-6001/#section383"",""文本与输入、信息展示、按钮与选择、滚动与滑动、图形绘制组件接口支持Resource类型"")",entry\src\main\ets\components\whiteboard\WbConnector.ets:227,未修复,接口定义变更
commands(value: string): PathAttribute,ArkTS,6.0.0(20) Beta1,ALL,"=HYPERLINK(""https://developer.huawei.com/consumer/cn/doc/harmonyos-releases/changelogs-for-all-apps-6001/#section383"",""文本与输入、信息展示、按钮与选择、滚动与滑动、图形绘制组件接口支持Resource类型"")",entry\src\main\ets\components\whiteboard\WbConnector.ets:237,未修复,接口定义变更
commands(value: string): PathAttribute,ArkTS,6.0.0(20) Beta1,ALL,"=HYPERLINK(""https://developer.huawei.com/consumer/cn/doc/harmonyos-releases/changelogs-for-all-apps-6001/#section383"",""文本与输入、信息展示、按钮与选择、滚动与滑动、图形绘制组件接口支持Resource类型"")",entry\src\main\ets\components\whiteboard\WbShape.ets:137,未修复,接口定义变更
width?: number | string,ArkTS,6.0.0(20) Beta1,ALL,"=HYPERLINK(""https://developer.huawei.com/consumer/cn/doc/harmonyos-releases/changelogs-for-all-apps-6001/#section383"",""文本与输入、信息展示、按钮与选择、滚动与滑动、图形绘制组件接口支持Resource类型"")",entry\src\main\ets\components\common\Icons.ets:113,未修复,接口定义变更
width?: string | number,ArkTS,6.0.0(20) Beta1,ALL,"=HYPERLINK(""https://developer.huawei.com/consumer/cn/doc/harmonyos-releases/changelogs-for-all-apps-6001/#section383"",""文本与输入、信息展示、按钮与选择、滚动与滑动、图形绘制组件接口支持Resource类型"")",entry\src\main\ets\components\common\DatePicker.ets:382,未修复,接口定义变更
width?: string | number,ArkTS,6.0.0(20) Beta1,ALL,"=HYPERLINK(""https://developer.huawei.com/consumer/cn/doc/harmonyos-releases/changelogs-for-all-apps-6001/#section383"",""文本与输入、信息展示、按钮与选择、滚动与滑动、图形绘制组件接口支持Resource类型"")",entry\src\main\ets\components\layout\StatusBar.ets:138,未修复,接口定义变更
width?: string | number,ArkTS,6.0.0(20) Beta1,ALL,"=HYPERLINK(""https://developer.huawei.com/consumer/cn/doc/harmonyos-releases/changelogs-for-all-apps-6001/#section383"",""文本与输入、信息展示、按钮与选择、滚动与滑动、图形绘制组件接口支持Resource类型"")",entry\src\main\ets\components\outliner\BlockDragHandler.ets:191,未修复,接口定义变更
width?: string | number,ArkTS,6.0.0(20) Beta1,ALL,"=HYPERLINK(""https://developer.huawei.com/consumer/cn/doc/harmonyos-releases/changelogs-for-all-apps-6001/#section383"",""文本与输入、信息展示、按钮与选择、滚动与滑动、图形绘制组件接口支持Resource类型"")",entry\src\main\ets\components\outliner\BlockDragHandler.ets:225,未修复,接口定义变更
width?: string | number,ArkTS,6.0.0(20) Beta1,ALL,"=HYPERLINK(""https://developer.huawei.com/consumer/cn/doc/harmonyos-releases/changelogs-for-all-apps-6001/#section383"",""文本与输入、信息展示、按钮与选择、滚动与滑动、图形绘制组件接口支持Resource类型"")",entry\src\main\ets\components\outliner\BlockList.ets:155,未修复,接口定义变更
width?: string | number,ArkTS,6.0.0(20) Beta1,ALL,"=HYPERLINK(""https://developer.huawei.com/consumer/cn/doc/harmonyos-releases/changelogs-for-all-apps-6001/#section383"",""文本与输入、信息展示、按钮与选择、滚动与滑动、图形绘制组件接口支持Resource类型"")",entry\src\main\ets\components\outliner\BlockList.ets:175,未修复,接口定义变更
width?: string | number,ArkTS,6.0.0(20) Beta1,ALL,"=HYPERLINK(""https://developer.huawei.com/consumer/cn/doc/harmonyos-releases/changelogs-for-all-apps-6001/#section383"",""文本与输入、信息展示、按钮与选择、滚动与滑动、图形绘制组件接口支持Resource类型"")",entry\src\main\ets\components\outliner\BlockView.ets:225,未修复,接口定义变更
width?: string | number,ArkTS,6.0.0(20) Beta1,ALL,"=HYPERLINK(""https://developer.huawei.com/consumer/cn/doc/harmonyos-releases/changelogs-for-all-apps-6001/#section383"",""文本与输入、信息展示、按钮与选择、滚动与滑动、图形绘制组件接口支持Resource类型"")",entry\src\main\ets\components\sidebar\RightSidebar.ets:245,未修复,接口定义变更
width?: string | number,ArkTS,6.0.0(20) Beta1,ALL,"=HYPERLINK(""https://developer.huawei.com/consumer/cn/doc/harmonyos-releases/changelogs-for-all-apps-6001/#section383"",""文本与输入、信息展示、按钮与选择、滚动与滑动、图形绘制组件接口支持Resource类型"")",entry\src\main\ets\components\whiteboard\WbConnector.ets:209,未修复,接口定义变更
width?: string | number,ArkTS,6.0.0(20) Beta1,ALL,"=HYPERLINK(""https://developer.huawei.com/consumer/cn/doc/harmonyos-releases/changelogs-for-all-apps-6001/#section383"",""文本与输入、信息展示、按钮与选择、滚动与滑动、图形绘制组件接口支持Resource类型"")",entry\src\main\ets\components\whiteboard\WbConnector.ets:214,未修复,接口定义变更
width?: string | number,ArkTS,6.0.0(20) Beta1,ALL,"=HYPERLINK(""https://developer.huawei.com/consumer/cn/doc/harmonyos-releases/changelogs-for-all-apps-6001/#section383"",""文本与输入、信息展示、按钮与选择、滚动与滑动、图形绘制组件接口支持Resource类型"")",entry\src\main\ets\components\whiteboard\WbPageRef.ets:87,未修复,接口定义变更
width?: string | number,ArkTS,6.0.0(20) Beta1,ALL,"=HYPERLINK(""https://developer.huawei.com/consumer/cn/doc/harmonyos-releases/changelogs-for-all-apps-6001/#section383"",""文本与输入、信息展示、按钮与选择、滚动与滑动、图形绘制组件接口支持Resource类型"")",entry\src\main\ets\components\whiteboard\WbShape.ets:175,未修复,接口定义变更
width?: string | number,ArkTS,6.0.0(20) Beta1,ALL,"=HYPERLINK(""https://developer.huawei.com/consumer/cn/doc/harmonyos-releases/changelogs-for-all-apps-6001/#section383"",""文本与输入、信息展示、按钮与选择、滚动与滑动、图形绘制组件接口支持Resource类型"")",entry\src\main\ets\components\whiteboard\WbShape.ets:188,未修复,接口定义变更
letterSpacing(value: number | string): TextAttribute,ArkTS,6.0.0(20) Beta1,ALL,"=HYPERLINK(""https://developer.huawei.com/consumer/cn/doc/harmonyos-releases/changelogs-for-all-apps-6001/#section383"",""文本与输入、信息展示、按钮与选择、滚动与滑动、图形绘制组件接口支持Resource类型"")",entry\src\main\ets\components\layout\MobileMenuSheet.ets:86,未修复,接口定义变更
letterSpacing(value: number | string): TextAttribute,ArkTS,6.0.0(20) Beta1,ALL,"=HYPERLINK(""https://developer.huawei.com/consumer/cn/doc/harmonyos-releases/changelogs-for-all-apps-6001/#section383"",""文本与输入、信息展示、按钮与选择、滚动与滑动、图形绘制组件接口支持Resource类型"")",entry\src\main\ets\components\page\PageView.ets:147,未修复,接口定义变更
letterSpacing(value: number | string): TextAttribute,ArkTS,6.0.0(20) Beta1,ALL,"=HYPERLINK(""https://developer.huawei.com/consumer/cn/doc/harmonyos-releases/changelogs-for-all-apps-6001/#section383"",""文本与输入、信息展示、按钮与选择、滚动与滑动、图形绘制组件接口支持Resource类型"")",entry\src\main\ets\components\settings\SettingsPage.ets:486,未修复,接口定义变更
letterSpacing(value: number | string): TextAttribute,ArkTS,6.0.0(20) Beta1,ALL,"=HYPERLINK(""https://developer.huawei.com/consumer/cn/doc/harmonyos-releases/changelogs-for-all-apps-6001/#section383"",""文本与输入、信息展示、按钮与选择、滚动与滑动、图形绘制组件接口支持Resource类型"")",entry\src\main\ets\components\sidebar\LeftSidebar.ets:275,未修复,接口定义变更
letterSpacing(value: number | string): TextAttribute,ArkTS,6.0.0(20) Beta1,ALL,"=HYPERLINK(""https://developer.huawei.com/consumer/cn/doc/harmonyos-releases/changelogs-for-all-apps-6001/#section383"",""文本与输入、信息展示、按钮与选择、滚动与滑动、图形绘制组件接口支持Resource类型"")",entry\src\main\ets\components\sidebar\RightSidebar.ets:98,未修复,接口定义变更
radius?: number | string | Array<any>,ArkTS,6.0.0(20) Beta1,ALL,"=HYPERLINK(""https://developer.huawei.com/consumer/cn/doc/harmonyos-releases/changelogs-for-all-apps-6001/#section383"",""文本与输入、信息展示、按钮与选择、滚动与滑动、图形绘制组件接口支持Resource类型"")",entry\src\main\ets\components\common\Icons.ets:113,未修复,接口定义变更
height?: number | string,ArkTS,6.0.0(20) Beta1,ALL,"=HYPERLINK(""https://developer.huawei.com/consumer/cn/doc/harmonyos-releases/changelogs-for-all-apps-6001/#section383"",""文本与输入、信息展示、按钮与选择、滚动与滑动、图形绘制组件接口支持Resource类型"")",entry\src\main\ets\components\common\Icons.ets:113,未修复,接口定义变更
fontWeight(value: number | FontWeight | string): TextAttribute,ArkTS,6.0.0(20) Beta1,ALL,"=HYPERLINK(""https://developer.huawei.com/consumer/cn/doc/harmonyos-releases/changelogs-for-all-apps-6001/#section383"",""文本与输入、信息展示、按钮与选择、滚动与滑动、图形绘制组件接口支持Resource类型"")",entry\src\main\ets\components\common\DatePicker.ets:301,未修复,接口定义变更
fontWeight(value: number | FontWeight | string): TextAttribute,ArkTS,6.0.0(20) Beta1,ALL,"=HYPERLINK(""https://developer.huawei.com/consumer/cn/doc/harmonyos-releases/changelogs-for-all-apps-6001/#section383"",""文本与输入、信息展示、按钮与选择、滚动与滑动、图形绘制组件接口支持Resource类型"")",entry\src\main\ets\components\common\DatePicker.ets:379,未修复,接口定义变更
fontWeight(value: number | FontWeight | string): TextAttribute,ArkTS,6.0.0(20) Beta1,ALL,"=HYPERLINK(""https://developer.huawei.com/consumer/cn/doc/harmonyos-releases/changelogs-for-all-apps-6001/#section383"",""文本与输入、信息展示、按钮与选择、滚动与滑动、图形绘制组件接口支持Resource类型"")",entry\src\main\ets\components\common\ExportDialog.ets:115,未修复,接口定义变更
fontWeight(value: number | FontWeight | string): TextAttribute,ArkTS,6.0.0(20) Beta1,ALL,"=HYPERLINK(""https://developer.huawei.com/consumer/cn/doc/harmonyos-releases/changelogs-for-all-apps-6001/#section383"",""文本与输入、信息展示、按钮与选择、滚动与滑动、图形绘制组件接口支持Resource类型"")",entry\src\main\ets\components\common\ImportDialog.ets:81,未修复,接口定义变更
fontWeight(value: number | FontWeight | string): TextAttribute,ArkTS,6.0.0(20) Beta1,ALL,"=HYPERLINK(""https://developer.huawei.com/consumer/cn/doc/harmonyos-releases/changelogs-for-all-apps-6001/#section383"",""文本与输入、信息展示、按钮与选择、滚动与滑动、图形绘制组件接口支持Resource类型"")",entry\src\main\ets\components\extensions\PdfPage.ets:61,未修复,接口定义变更
fontWeight(value: number | FontWeight | string): TextAttribute,ArkTS,6.0.0(20) Beta1,ALL,"=HYPERLINK(""https://developer.huawei.com/consumer/cn/doc/harmonyos-releases/changelogs-for-all-apps-6001/#section383"",""文本与输入、信息展示、按钮与选择、滚动与滑动、图形绘制组件接口支持Resource类型"")",entry\src\main\ets\components\extensions\PdfPage.ets:84,未修复,接口定义变更
fontWeight(value: number | FontWeight | string): TextAttribute,ArkTS,6.0.0(20) Beta1,ALL,"=HYPERLINK(""https://developer.huawei.com/consumer/cn/doc/harmonyos-releases/changelogs-for-all-apps-6001/#section383"",""文本与输入、信息展示、按钮与选择、滚动与滑动、图形绘制组件接口支持Resource类型"")",entry\src\main\ets\components\extensions\PdfViewer.ets:253,未修复,接口定义变更
fontWeight(value: number | FontWeight | string): TextAttribute,ArkTS,6.0.0(20) Beta1,ALL,"=HYPERLINK(""https://developer.huawei.com/consumer/cn/doc/harmonyos-releases/changelogs-for-all-apps-6001/#section383"",""文本与输入、信息展示、按钮与选择、滚动与滑动、图形绘制组件接口支持Resource类型"")",entry\src\main\ets\components\flashcard\FlashcardPage.ets:65,未修复,接口定义变更
fontWeight(value: number | FontWeight | string): TextAttribute,ArkTS,6.0.0(20) Beta1,ALL,"=HYPERLINK(""https://developer.huawei.com/consumer/cn/doc/harmonyos-releases/changelogs-for-all-apps-6001/#section383"",""文本与输入、信息展示、按钮与选择、滚动与滑动、图形绘制组件接口支持Resource类型"")",entry\src\main\ets\components\flashcard\FlashcardPage.ets:90,未修复,接口定义变更
fontWeight(value: number | FontWeight | string): TextAttribute,ArkTS,6.0.0(20) Beta1,ALL,"=HYPERLINK(""https://developer.huawei.com/consumer/cn/doc/harmonyos-releases/changelogs-for-all-apps-6001/#section383"",""文本与输入、信息展示、按钮与选择、滚动与滑动、图形绘制组件接口支持Resource类型"")",entry\src\main\ets\components\graph\GraphActions.ets:155,未修复,接口定义变更
fontWeight(value: number | FontWeight | string): TextAttribute,ArkTS,6.0.0(20) Beta1,ALL,"=HYPERLINK(""https://developer.huawei.com/consumer/cn/doc/harmonyos-releases/changelogs-for-all-apps-6001/#section383"",""文本与输入、信息展示、按钮与选择、滚动与滑动、图形绘制组件接口支持Resource类型"")",entry\src\main\ets\components\graph\GraphActions.ets:75,未修复,接口定义变更
fontWeight(value: number | FontWeight | string): TextAttribute,ArkTS,6.0.0(20) Beta1,ALL,"=HYPERLINK(""https://developer.huawei.com/consumer/cn/doc/harmonyos-releases/changelogs-for-all-apps-6001/#section383"",""文本与输入、信息展示、按钮与选择、滚动与滑动、图形绘制组件接口支持Resource类型"")",entry\src\main\ets\components\graph\GraphView.ets:197,未修复,接口定义变更
fontWeight(value: number | FontWeight | string): TextAttribute,ArkTS,6.0.0(20) Beta1,ALL,"=HYPERLINK(""https://developer.huawei.com/consumer/cn/doc/harmonyos-releases/changelogs-for-all-apps-6001/#section383"",""文本与输入、信息展示、按钮与选择、滚动与滑动、图形绘制组件接口支持Resource类型"")",entry\src\main\ets\components\layout\MobileBottomBar.ets:62,未修复,接口定义变更
fontWeight(value: number | FontWeight | string): TextAttribute,ArkTS,6.0.0(20) Beta1,ALL,"=HYPERLINK(""https://developer.huawei.com/consumer/cn/doc/harmonyos-releases/changelogs-for-all-apps-6001/#section383"",""文本与输入、信息展示、按钮与选择、滚动与滑动、图形绘制组件接口支持Resource类型"")",entry\src\main\ets\components\layout\MobileHeader.ets:74,未修复,接口定义变更
fontWeight(value: number | FontWeight | string): TextAttribute,ArkTS,6.0.0(20) Beta1,ALL,"=HYPERLINK(""https://developer.huawei.com/consumer/cn/doc/harmonyos-releases/changelogs-for-all-apps-6001/#section383"",""文本与输入、信息展示、按钮与选择、滚动与滑动、图形绘制组件接口支持Resource类型"")",entry\src\main\ets\components\layout\TabBar.ets:59,未修复,接口定义变更
fontWeight(value: number | FontWeight | string): TextAttribute,ArkTS,6.0.0(20) Beta1,ALL,"=HYPERLINK(""https://developer.huawei.com/consumer/cn/doc/harmonyos-releases/changelogs-for-all-apps-6001/#section383"",""文本与输入、信息展示、按钮与选择、滚动与滑动、图形绘制组件接口支持Resource类型"")",entry\src\main\ets\components\mobile\MobileToolbar.ets:61,未修复,接口定义变更
fontWeight(value: number | FontWeight | string): TextAttribute,ArkTS,6.0.0(20) Beta1,ALL,"=HYPERLINK(""https://developer.huawei.com/consumer/cn/doc/harmonyos-releases/changelogs-for-all-apps-6001/#section383"",""文本与输入、信息展示、按钮与选择、滚动与滑动、图形绘制组件接口支持Resource类型"")",entry\src\main\ets\components\onboarding\OnboardingPage.ets:111,未修复,接口定义变更
fontWeight(value: number | FontWeight | string): TextAttribute,ArkTS,6.0.0(20) Beta1,ALL,"=HYPERLINK(""https://developer.huawei.com/consumer/cn/doc/harmonyos-releases/changelogs-for-all-apps-6001/#section383"",""文本与输入、信息展示、按钮与选择、滚动与滑动、图形绘制组件接口支持Resource类型"")",entry\src\main\ets\components\onboarding\OnboardingPage.ets:135,未修复,接口定义变更
fontWeight(value: number | FontWeight | string): TextAttribute,ArkTS,6.0.0(20) Beta1,ALL,"=HYPERLINK(""https://developer.huawei.com/consumer/cn/doc/harmonyos-releases/changelogs-for-all-apps-6001/#section383"",""文本与输入、信息展示、按钮与选择、滚动与滑动、图形绘制组件接口支持Resource类型"")",entry\src\main\ets\components\onboarding\OnboardingPage.ets:152,未修复,接口定义变更
fontWeight(value: number | FontWeight | string): TextAttribute,ArkTS,6.0.0(20) Beta1,ALL,"=HYPERLINK(""https://developer.huawei.com/consumer/cn/doc/harmonyos-releases/changelogs-for-all-apps-6001/#section383"",""文本与输入、信息展示、按钮与选择、滚动与滑动、图形绘制组件接口支持Resource类型"")",entry\src\main\ets\components\onboarding\OnboardingPage.ets:181,未修复,接口定义变更
fontWeight(value: number | FontWeight | string): TextAttribute,ArkTS,6.0.0(20) Beta1,ALL,"=HYPERLINK(""https://developer.huawei.com/consumer/cn/doc/harmonyos-releases/changelogs-for-all-apps-6001/#section383"",""文本与输入、信息展示、按钮与选择、滚动与滑动、图形绘制组件接口支持Resource类型"")",entry\src\main\ets\components\onboarding\OnboardingPage.ets:195,未修复,接口定义变更
fontWeight(value: number | FontWeight | string): TextAttribute,ArkTS,6.0.0(20) Beta1,ALL,"=HYPERLINK(""https://developer.huawei.com/consumer/cn/doc/harmonyos-releases/changelogs-for-all-apps-6001/#section383"",""文本与输入、信息展示、按钮与选择、滚动与滑动、图形绘制组件接口支持Resource类型"")",entry\src\main\ets\components\outliner\BlockSelection.ets:82,未修复,接口定义变更
fontWeight(value: number | FontWeight | string): TextAttribute,ArkTS,6.0.0(20) Beta1,ALL,"=HYPERLINK(""https://developer.huawei.com/consumer/cn/doc/harmonyos-releases/changelogs-for-all-apps-6001/#section383"",""文本与输入、信息展示、按钮与选择、滚动与滑动、图形绘制组件接口支持Resource类型"")",entry\src\main\ets\components\outliner\BlockView.ets:101,未修复,接口定义变更
fontWeight(value: number | FontWeight | string): TextAttribute,ArkTS,6.0.0(20) Beta1,ALL,"=HYPERLINK(""https://developer.huawei.com/consumer/cn/doc/harmonyos-releases/changelogs-for-all-apps-6001/#section383"",""文本与输入、信息展示、按钮与选择、滚动与滑动、图形绘制组件接口支持Resource类型"")",entry\src\main\ets\components\outliner\BlockView.ets:118,未修复,接口定义变更
fontWeight(value: number | FontWeight | string): TextAttribute,ArkTS,6.0.0(20) Beta1,ALL,"=HYPERLINK(""https://developer.huawei.com/consumer/cn/doc/harmonyos-releases/changelogs-for-all-apps-6001/#section383"",""文本与输入、信息展示、按钮与选择、滚动与滑动、图形绘制组件接口支持Resource类型"")",entry\src\main\ets\components\outliner\BlockView.ets:348,未修复,接口定义变更
fontWeight(value: number | FontWeight | string): TextAttribute,ArkTS,6.0.0(20) Beta1,ALL,"=HYPERLINK(""https://developer.huawei.com/consumer/cn/doc/harmonyos-releases/changelogs-for-all-apps-6001/#section383"",""文本与输入、信息展示、按钮与选择、滚动与滑动、图形绘制组件接口支持Resource类型"")",entry\src\main\ets\components\outliner\BlockView.ets:486,未修复,接口定义变更
fontWeight(value: number | FontWeight | string): TextAttribute,ArkTS,6.0.0(20) Beta1,ALL,"=HYPERLINK(""https://developer.huawei.com/consumer/cn/doc/harmonyos-releases/changelogs-for-all-apps-6001/#section383"",""文本与输入、信息展示、按钮与选择、滚动与滑动、图形绘制组件接口支持Resource类型"")",entry\src\main\ets\components\outliner\BlockView.ets:534,未修复,接口定义变更
fontWeight(value: number | FontWeight | string): TextAttribute,ArkTS,6.0.0(20) Beta1,ALL,"=HYPERLINK(""https://developer.huawei.com/consumer/cn/doc/harmonyos-releases/changelogs-for-all-apps-6001/#section383"",""文本与输入、信息展示、按钮与选择、滚动与滑动、图形绘制组件接口支持Resource类型"")",entry\src\main\ets\components\outliner\SlashMenu.ets:145,未修复,接口定义变更
fontWeight(value: number | FontWeight | string): TextAttribute,ArkTS,6.0.0(20) Beta1,ALL,"=HYPERLINK(""https://developer.huawei.com/consumer/cn/doc/harmonyos-releases/changelogs-for-all-apps-6001/#section383"",""文本与输入、信息展示、按钮与选择、滚动与滑动、图形绘制组件接口支持Resource类型"")",entry\src\main\ets\components\outliner\SlashMenu.ets:166,未修复,接口定义变更
fontWeight(value: number | FontWeight | string): TextAttribute,ArkTS,6.0.0(20) Beta1,ALL,"=HYPERLINK(""https://developer.huawei.com/consumer/cn/doc/harmonyos-releases/changelogs-for-all-apps-6001/#section383"",""文本与输入、信息展示、按钮与选择、滚动与滑动、图形绘制组件接口支持Resource类型"")",entry\src\main\ets\components\outliner\SlashMenu.ets:226,未修复,接口定义变更
fontWeight(value: number | FontWeight | string): TextAttribute,ArkTS,6.0.0(20) Beta1,ALL,"=HYPERLINK(""https://developer.huawei.com/consumer/cn/doc/harmonyos-releases/changelogs-for-all-apps-6001/#section383"",""文本与输入、信息展示、按钮与选择、滚动与滑动、图形绘制组件接口支持Resource类型"")",entry\src\main\ets\components\outliner\SlashMenu.ets:237,未修复,接口定义变更
fontWeight(value: number | FontWeight | string): TextAttribute,ArkTS,6.0.0(20) Beta1,ALL,"=HYPERLINK(""https://developer.huawei.com/consumer/cn/doc/harmonyos-releases/changelogs-for-all-apps-6001/#section383"",""文本与输入、信息展示、按钮与选择、滚动与滑动、图形绘制组件接口支持Resource类型"")",entry\src\main\ets\components\page\AllPagesPage.ets:188,未修复,接口定义变更
fontWeight(value: number | FontWeight | string): TextAttribute,ArkTS,6.0.0(20) Beta1,ALL,"=HYPERLINK(""https://developer.huawei.com/consumer/cn/doc/harmonyos-releases/changelogs-for-all-apps-6001/#section383"",""文本与输入、信息展示、按钮与选择、滚动与滑动、图形绘制组件接口支持Resource类型"")",entry\src\main\ets\components\page\JournalFeed.ets:59,未修复,接口定义变更
fontWeight(value: number | FontWeight | string): TextAttribute,ArkTS,6.0.0(20) Beta1,ALL,"=HYPERLINK(""https://developer.huawei.com/consumer/cn/doc/harmonyos-releases/changelogs-for-all-apps-6001/#section383"",""文本与输入、信息展示、按钮与选择、滚动与滑动、图形绘制组件接口支持Resource类型"")",entry\src\main\ets\components\page\PageView.ets:129,未修复,接口定义变更
fontWeight(value: number | FontWeight | string): TextAttribute,ArkTS,6.0.0(20) Beta1,ALL,"=HYPERLINK(""https://developer.huawei.com/consumer/cn/doc/harmonyos-releases/changelogs-for-all-apps-6001/#section383"",""文本与输入、信息展示、按钮与选择、滚动与滑动、图形绘制组件接口支持Resource类型"")",entry\src\main\ets\components\page\PageView.ets:145,未修复,接口定义变更
fontWeight(value: number | FontWeight | string): TextAttribute,ArkTS,6.0.0(20) Beta1,ALL,"=HYPERLINK(""https://developer.huawei.com/consumer/cn/doc/harmonyos-releases/changelogs-for-all-apps-6001/#section383"",""文本与输入、信息展示、按钮与选择、滚动与滑动、图形绘制组件接口支持Resource类型"")",entry\src\main\ets\components\page\PageView.ets:164,未修复,接口定义变更
fontWeight(value: number | FontWeight | string): TextAttribute,ArkTS,6.0.0(20) Beta1,ALL,"=HYPERLINK(""https://developer.huawei.com/consumer/cn/doc/harmonyos-releases/changelogs-for-all-apps-6001/#section383"",""文本与输入、信息展示、按钮与选择、滚动与滑动、图形绘制组件接口支持Resource类型"")",entry\src\main\ets\components\page\PageView.ets:212,未修复,接口定义变更
fontWeight(value: number | FontWeight | string): TextAttribute,ArkTS,6.0.0(20) Beta1,ALL,"=HYPERLINK(""https://developer.huawei.com/consumer/cn/doc/harmonyos-releases/changelogs-for-all-apps-6001/#section383"",""文本与输入、信息展示、按钮与选择、滚动与滑动、图形绘制组件接口支持Resource类型"")",entry\src\main\ets\components\page\PageView.ets:230,未修复,接口定义变更
fontWeight(value: number | FontWeight | string): TextAttribute,ArkTS,6.0.0(20) Beta1,ALL,"=HYPERLINK(""https://developer.huawei.com/consumer/cn/doc/harmonyos-releases/changelogs-for-all-apps-6001/#section383"",""文本与输入、信息展示、按钮与选择、滚动与滑动、图形绘制组件接口支持Resource类型"")",entry\src\main\ets\components\page\PageView.ets:287,未修复,接口定义变更
fontWeight(value: number | FontWeight | string): TextAttribute,ArkTS,6.0.0(20) Beta1,ALL,"=HYPERLINK(""https://developer.huawei.com/consumer/cn/doc/harmonyos-releases/changelogs-for-all-apps-6001/#section383"",""文本与输入、信息展示、按钮与选择、滚动与滑动、图形绘制组件接口支持Resource类型"")",entry\src\main\ets\components\page\PageView.ets:316,未修复,接口定义变更
fontWeight(value: number | FontWeight | string): TextAttribute,ArkTS,6.0.0(20) Beta1,ALL,"=HYPERLINK(""https://developer.huawei.com/consumer/cn/doc/harmonyos-releases/changelogs-for-all-apps-6001/#section383"",""文本与输入、信息展示、按钮与选择、滚动与滑动、图形绘制组件接口支持Resource类型"")",entry\src\main\ets\components\page\PageView.ets:325,未修复,接口定义变更
fontWeight(value: number | FontWeight | string): TextAttribute,ArkTS,6.0.0(20) Beta1,ALL,"=HYPERLINK(""https://developer.huawei.com/consumer/cn/doc/harmonyos-releases/changelogs-for-all-apps-6001/#section383"",""文本与输入、信息展示、按钮与选择、滚动与滑动、图形绘制组件接口支持Resource类型"")",entry\src\main\ets\components\property\PropertyConfig.ets:321,未修复,接口定义变更
fontWeight(value: number | FontWeight | string): TextAttribute,ArkTS,6.0.0(20) Beta1,ALL,"=HYPERLINK(""https://developer.huawei.com/consumer/cn/doc/harmonyos-releases/changelogs-for-all-apps-6001/#section383"",""文本与输入、信息展示、按钮与选择、滚动与滑动、图形绘制组件接口支持Resource类型"")",entry\src\main\ets\components\property\PropertyConfig.ets:382,未修复,接口定义变更
fontWeight(value: number | FontWeight | string): TextAttribute,ArkTS,6.0.0(20) Beta1,ALL,"=HYPERLINK(""https://developer.huawei.com/consumer/cn/doc/harmonyos-releases/changelogs-for-all-apps-6001/#section383"",""文本与输入、信息展示、按钮与选择、滚动与滑动、图形绘制组件接口支持Resource类型"")",entry\src\main\ets\components\property\PropertyConfig.ets:394,未修复,接口定义变更
fontWeight(value: number | FontWeight | string): TextAttribute,ArkTS,6.0.0(20) Beta1,ALL,"=HYPERLINK(""https://developer.huawei.com/consumer/cn/doc/harmonyos-releases/changelogs-for-all-apps-6001/#section383"",""文本与输入、信息展示、按钮与选择、滚动与滑动、图形绘制组件接口支持Resource类型"")",entry\src\main\ets\components\property\PropertyConfig.ets:477,未修复,接口定义变更
fontWeight(value: number | FontWeight | string): TextAttribute,ArkTS,6.0.0(20) Beta1,ALL,"=HYPERLINK(""https://developer.huawei.com/consumer/cn/doc/harmonyos-releases/changelogs-for-all-apps-6001/#section383"",""文本与输入、信息展示、按钮与选择、滚动与滑动、图形绘制组件接口支持Resource类型"")",entry\src\main\ets\components\property\PropertyEditor.ets:172,未修复,接口定义变更
fontWeight(value: number | FontWeight | string): TextAttribute,ArkTS,6.0.0(20) Beta1,ALL,"=HYPERLINK(""https://developer.huawei.com/consumer/cn/doc/harmonyos-releases/changelogs-for-all-apps-6001/#section383"",""文本与输入、信息展示、按钮与选择、滚动与滑动、图形绘制组件接口支持Resource类型"")",entry\src\main\ets\components\property\PropertyEditor.ets:258,未修复,接口定义变更
fontWeight(value: number | FontWeight | string): TextAttribute,ArkTS,6.0.0(20) Beta1,ALL,"=HYPERLINK(""https://developer.huawei.com/consumer/cn/doc/harmonyos-releases/changelogs-for-all-apps-6001/#section383"",""文本与输入、信息展示、按钮与选择、滚动与滑动、图形绘制组件接口支持Resource类型"")",entry\src\main\ets\components\property\PropertyEditor.ets:343,未修复,接口定义变更
fontWeight(value: number | FontWeight | string): TextAttribute,ArkTS,6.0.0(20) Beta1,ALL,"=HYPERLINK(""https://developer.huawei.com/consumer/cn/doc/harmonyos-releases/changelogs-for-all-apps-6001/#section383"",""文本与输入、信息展示、按钮与选择、滚动与滑动、图形绘制组件接口支持Resource类型"")",entry\src\main\ets\components\property\PropertyValueEditor.ets:24,未修复,接口定义变更
fontWeight(value: number | FontWeight | string): TextAttribute,ArkTS,6.0.0(20) Beta1,ALL,"=HYPERLINK(""https://developer.huawei.com/consumer/cn/doc/harmonyos-releases/changelogs-for-all-apps-6001/#section383"",""文本与输入、信息展示、按钮与选择、滚动与滑动、图形绘制组件接口支持Resource类型"")",entry\src\main\ets\components\query\InlineQueryBlock.ets:135,未修复,接口定义变更
fontWeight(value: number | FontWeight | string): TextAttribute,ArkTS,6.0.0(20) Beta1,ALL,"=HYPERLINK(""https://developer.huawei.com/consumer/cn/doc/harmonyos-releases/changelogs-for-all-apps-6001/#section383"",""文本与输入、信息展示、按钮与选择、滚动与滑动、图形绘制组件接口支持Resource类型"")",entry\src\main\ets\components\query\QueryBuilder.ets:105,未修复,接口定义变更
fontWeight(value: number | FontWeight | string): TextAttribute,ArkTS,6.0.0(20) Beta1,ALL,"=HYPERLINK(""https://developer.huawei.com/consumer/cn/doc/harmonyos-releases/changelogs-for-all-apps-6001/#section383"",""文本与输入、信息展示、按钮与选择、滚动与滑动、图形绘制组件接口支持Resource类型"")",entry\src\main\ets\components\query\QueryBuilder.ets:129,未修复,接口定义变更
fontWeight(value: number | FontWeight | string): TextAttribute,ArkTS,6.0.0(20) Beta1,ALL,"=HYPERLINK(""https://developer.huawei.com/consumer/cn/doc/harmonyos-releases/changelogs-for-all-apps-6001/#section383"",""文本与输入、信息展示、按钮与选择、滚动与滑动、图形绘制组件接口支持Resource类型"")",entry\src\main\ets\components\query\QueryBuilder.ets:29,未修复,接口定义变更
fontWeight(value: number | FontWeight | string): TextAttribute,ArkTS,6.0.0(20) Beta1,ALL,"=HYPERLINK(""https://developer.huawei.com/consumer/cn/doc/harmonyos-releases/changelogs-for-all-apps-6001/#section383"",""文本与输入、信息展示、按钮与选择、滚动与滑动、图形绘制组件接口支持Resource类型"")",entry\src\main\ets\components\query\QueryView.ets:349,未修复,接口定义变更
fontWeight(value: number | FontWeight | string): TextAttribute,ArkTS,6.0.0(20) Beta1,ALL,"=HYPERLINK(""https://developer.huawei.com/consumer/cn/doc/harmonyos-releases/changelogs-for-all-apps-6001/#section383"",""文本与输入、信息展示、按钮与选择、滚动与滑动、图形绘制组件接口支持Resource类型"")",entry\src\main\ets\components\query\QueryView.ets:395,未修复,接口定义变更
fontWeight(value: number | FontWeight | string): TextAttribute,ArkTS,6.0.0(20) Beta1,ALL,"=HYPERLINK(""https://developer.huawei.com/consumer/cn/doc/harmonyos-releases/changelogs-for-all-apps-6001/#section383"",""文本与输入、信息展示、按钮与选择、滚动与滑动、图形绘制组件接口支持Resource类型"")",entry\src\main\ets\components\query\QueryView.ets:459,未修复,接口定义变更
fontWeight(value: number | FontWeight | string): TextAttribute,ArkTS,6.0.0(20) Beta1,ALL,"=HYPERLINK(""https://developer.huawei.com/consumer/cn/doc/harmonyos-releases/changelogs-for-all-apps-6001/#section383"",""文本与输入、信息展示、按钮与选择、滚动与滑动、图形绘制组件接口支持Resource类型"")",entry\src\main\ets\components\query\QueryView.ets:466,未修复,接口定义变更
fontWeight(value: number | FontWeight | string): TextAttribute,ArkTS,6.0.0(20) Beta1,ALL,"=HYPERLINK(""https://developer.huawei.com/consumer/cn/doc/harmonyos-releases/changelogs-for-all-apps-6001/#section383"",""文本与输入、信息展示、按钮与选择、滚动与滑动、图形绘制组件接口支持Resource类型"")",entry\src\main\ets\components\search\SearchPanel.ets:281,未修复,接口定义变更
fontWeight(value: number | FontWeight | string): TextAttribute,ArkTS,6.0.0(20) Beta1,ALL,"=HYPERLINK(""https://developer.huawei.com/consumer/cn/doc/harmonyos-releases/changelogs-for-all-apps-6001/#section383"",""文本与输入、信息展示、按钮与选择、滚动与滑动、图形绘制组件接口支持Resource类型"")",entry\src\main\ets\components\search\TaskDashboard.ets:102,未修复,接口定义变更
fontWeight(value: number | FontWeight | string): TextAttribute,ArkTS,6.0.0(20) Beta1,ALL,"=HYPERLINK(""https://developer.huawei.com/consumer/cn/doc/harmonyos-releases/changelogs-for-all-apps-6001/#section383"",""文本与输入、信息展示、按钮与选择、滚动与滑动、图形绘制组件接口支持Resource类型"")",entry\src\main\ets\components\search\TaskDashboard.ets:58,未修复,接口定义变更
fontWeight(value: number | FontWeight | string): TextAttribute,ArkTS,6.0.0(20) Beta1,ALL,"=HYPERLINK(""https://developer.huawei.com/consumer/cn/doc/harmonyos-releases/changelogs-for-all-apps-6001/#section383"",""文本与输入、信息展示、按钮与选择、滚动与滑动、图形绘制组件接口支持Resource类型"")",entry\src\main\ets\components\search\TaskDashboard.ets:71,未修复,接口定义变更
fontWeight(value: number | FontWeight | string): TextAttribute,ArkTS,6.0.0(20) Beta1,ALL,"=HYPERLINK(""https://developer.huawei.com/consumer/cn/doc/harmonyos-releases/changelogs-for-all-apps-6001/#section383"",""文本与输入、信息展示、按钮与选择、滚动与滑动、图形绘制组件接口支持Resource类型"")",entry\src\main\ets\components\search\TaskSchedulePanel.ets:186,未修复,接口定义变更
fontWeight(value: number | FontWeight | string): TextAttribute,ArkTS,6.0.0(20) Beta1,ALL,"=HYPERLINK(""https://developer.huawei.com/consumer/cn/doc/harmonyos-releases/changelogs-for-all-apps-6001/#section383"",""文本与输入、信息展示、按钮与选择、滚动与滑动、图形绘制组件接口支持Resource类型"")",entry\src\main\ets\components\search\TaskSchedulePanel.ets:228,未修复,接口定义变更
fontWeight(value: number | FontWeight | string): TextAttribute,ArkTS,6.0.0(20) Beta1,ALL,"=HYPERLINK(""https://developer.huawei.com/consumer/cn/doc/harmonyos-releases/changelogs-for-all-apps-6001/#section383"",""文本与输入、信息展示、按钮与选择、滚动与滑动、图形绘制组件接口支持Resource类型"")",entry\src\main\ets\components\search\TaskSchedulePanel.ets:247,未修复,接口定义变更
fontWeight(value: number | FontWeight | string): TextAttribute,ArkTS,6.0.0(20) Beta1,ALL,"=HYPERLINK(""https://developer.huawei.com/consumer/cn/doc/harmonyos-releases/changelogs-for-all-apps-6001/#section383"",""文本与输入、信息展示、按钮与选择、滚动与滑动、图形绘制组件接口支持Resource类型"")",entry\src\main\ets\components\settings\ProUpgradePage.ets:107,未修复,接口定义变更
fontWeight(value: number | FontWeight | string): TextAttribute,ArkTS,6.0.0(20) Beta1,ALL,"=HYPERLINK(""https://developer.huawei.com/consumer/cn/doc/harmonyos-releases/changelogs-for-all-apps-6001/#section383"",""文本与输入、信息展示、按钮与选择、滚动与滑动、图形绘制组件接口支持Resource类型"")",entry\src\main\ets\components\settings\ProUpgradePage.ets:30,未修复,接口定义变更
fontWeight(value: number | FontWeight | string): TextAttribute,ArkTS,6.0.0(20) Beta1,ALL,"=HYPERLINK(""https://developer.huawei.com/consumer/cn/doc/harmonyos-releases/changelogs-for-all-apps-6001/#section383"",""文本与输入、信息展示、按钮与选择、滚动与滑动、图形绘制组件接口支持Resource类型"")",entry\src\main\ets\components\settings\ProUpgradePage.ets:54,未修复,接口定义变更
fontWeight(value: number | FontWeight | string): TextAttribute,ArkTS,6.0.0(20) Beta1,ALL,"=HYPERLINK(""https://developer.huawei.com/consumer/cn/doc/harmonyos-releases/changelogs-for-all-apps-6001/#section383"",""文本与输入、信息展示、按钮与选择、滚动与滑动、图形绘制组件接口支持Resource类型"")",entry\src\main\ets\components\settings\RecycleBinPage.ets:27,未修复,接口定义变更
fontWeight(value: number | FontWeight | string): TextAttribute,ArkTS,6.0.0(20) Beta1,ALL,"=HYPERLINK(""https://developer.huawei.com/consumer/cn/doc/harmonyos-releases/changelogs-for-all-apps-6001/#section383"",""文本与输入、信息展示、按钮与选择、滚动与滑动、图形绘制组件接口支持Resource类型"")",entry\src\main\ets\components\settings\SettingsPage.ets:246,未修复,接口定义变更
fontWeight(value: number | FontWeight | string): TextAttribute,ArkTS,6.0.0(20) Beta1,ALL,"=HYPERLINK(""https://developer.huawei.com/consumer/cn/doc/harmonyos-releases/changelogs-for-all-apps-6001/#section383"",""文本与输入、信息展示、按钮与选择、滚动与滑动、图形绘制组件接口支持Resource类型"")",entry\src\main\ets\components\settings\SettingsPage.ets:484,未修复,接口定义变更
fontWeight(value: number | FontWeight | string): TextAttribute,ArkTS,6.0.0(20) Beta1,ALL,"=HYPERLINK(""https://developer.huawei.com/consumer/cn/doc/harmonyos-releases/changelogs-for-all-apps-6001/#section383"",""文本与输入、信息展示、按钮与选择、滚动与滑动、图形绘制组件接口支持Resource类型"")",entry\src\main\ets\components\settings\ShortcutSettings.ets:328,未修复,接口定义变更
fontWeight(value: number | FontWeight | string): TextAttribute,ArkTS,6.0.0(20) Beta1,ALL,"=HYPERLINK(""https://developer.huawei.com/consumer/cn/doc/harmonyos-releases/changelogs-for-all-apps-6001/#section383"",""文本与输入、信息展示、按钮与选择、滚动与滑动、图形绘制组件接口支持Resource类型"")",entry\src\main\ets\components\settings\ShortcutSettings.ets:370,未修复,接口定义变更
fontWeight(value: number | FontWeight | string): TextAttribute,ArkTS,6.0.0(20) Beta1,ALL,"=HYPERLINK(""https://developer.huawei.com/consumer/cn/doc/harmonyos-releases/changelogs-for-all-apps-6001/#section383"",""文本与输入、信息展示、按钮与选择、滚动与滑动、图形绘制组件接口支持Resource类型"")",entry\src\main\ets\components\sidebar\BacklinkFilters.ets:293,未修复,接口定义变更
fontWeight(value: number | FontWeight | string): TextAttribute,ArkTS,6.0.0(20) Beta1,ALL,"=HYPERLINK(""https://developer.huawei.com/consumer/cn/doc/harmonyos-releases/changelogs-for-all-apps-6001/#section383"",""文本与输入、信息展示、按钮与选择、滚动与滑动、图形绘制组件接口支持Resource类型"")",entry\src\main\ets\components\sidebar\LeftSidebar.ets:120,未修复,接口定义变更
fontWeight(value: number | FontWeight | string): TextAttribute,ArkTS,6.0.0(20) Beta1,ALL,"=HYPERLINK(""https://developer.huawei.com/consumer/cn/doc/harmonyos-releases/changelogs-for-all-apps-6001/#section383"",""文本与输入、信息展示、按钮与选择、滚动与滑动、图形绘制组件接口支持Resource类型"")",entry\src\main\ets\components\sidebar\LeftSidebar.ets:185,未修复,接口定义变更
fontWeight(value: number | FontWeight | string): TextAttribute,ArkTS,6.0.0(20) Beta1,ALL,"=HYPERLINK(""https://developer.huawei.com/consumer/cn/doc/harmonyos-releases/changelogs-for-all-apps-6001/#section383"",""文本与输入、信息展示、按钮与选择、滚动与滑动、图形绘制组件接口支持Resource类型"")",entry\src\main\ets\components\sidebar\LeftSidebar.ets:330,未修复,接口定义变更
fontWeight(value: number | FontWeight | string): TextAttribute,ArkTS,6.0.0(20) Beta1,ALL,"=HYPERLINK(""https://developer.huawei.com/consumer/cn/doc/harmonyos-releases/changelogs-for-all-apps-6001/#section383"",""文本与输入、信息展示、按钮与选择、滚动与滑动、图形绘制组件接口支持Resource类型"")",entry\src\main\ets\components\sidebar\LeftSidebar.ets:381,未修复,接口定义变更
fontWeight(value: number | FontWeight | string): TextAttribute,ArkTS,6.0.0(20) Beta1,ALL,"=HYPERLINK(""https://developer.huawei.com/consumer/cn/doc/harmonyos-releases/changelogs-for-all-apps-6001/#section383"",""文本与输入、信息展示、按钮与选择、滚动与滑动、图形绘制组件接口支持Resource类型"")",entry\src\main\ets\components\sidebar\PageContextMenu.ets:201,未修复,接口定义变更
fontWeight(value: number | FontWeight | string): TextAttribute,ArkTS,6.0.0(20) Beta1,ALL,"=HYPERLINK(""https://developer.huawei.com/consumer/cn/doc/harmonyos-releases/changelogs-for-all-apps-6001/#section383"",""文本与输入、信息展示、按钮与选择、滚动与滑动、图形绘制组件接口支持Resource类型"")",entry\src\main\ets\components\sidebar\PageContextMenu.ets:236,未修复,接口定义变更
fontWeight(value: number | FontWeight | string): TextAttribute,ArkTS,6.0.0(20) Beta1,ALL,"=HYPERLINK(""https://developer.huawei.com/consumer/cn/doc/harmonyos-releases/changelogs-for-all-apps-6001/#section383"",""文本与输入、信息展示、按钮与选择、滚动与滑动、图形绘制组件接口支持Resource类型"")",entry\src\main\ets\components\sidebar\PageTree.ets:126,未修复,接口定义变更
fontWeight(value: number | FontWeight | string): TextAttribute,ArkTS,6.0.0(20) Beta1,ALL,"=HYPERLINK(""https://developer.huawei.com/consumer/cn/doc/harmonyos-releases/changelogs-for-all-apps-6001/#section383"",""文本与输入、信息展示、按钮与选择、滚动与滑动、图形绘制组件接口支持Resource类型"")",entry\src\main\ets\components\sidebar\RightSidebar.ets:151,未修复,接口定义变更
fontWeight(value: number | FontWeight | string): TextAttribute,ArkTS,6.0.0(20) Beta1,ALL,"=HYPERLINK(""https://developer.huawei.com/consumer/cn/doc/harmonyos-releases/changelogs-for-all-apps-6001/#section383"",""文本与输入、信息展示、按钮与选择、滚动与滑动、图形绘制组件接口支持Resource类型"")",entry\src\main\ets\components\sidebar\RightSidebar.ets:272,未修复,接口定义变更
fontWeight(value: number | FontWeight | string): TextAttribute,ArkTS,6.0.0(20) Beta1,ALL,"=HYPERLINK(""https://developer.huawei.com/consumer/cn/doc/harmonyos-releases/changelogs-for-all-apps-6001/#section383"",""文本与输入、信息展示、按钮与选择、滚动与滑动、图形绘制组件接口支持Resource类型"")",entry\src\main\ets\components\sidebar\RightSidebar.ets:292,未修复,接口定义变更
fontWeight(value: number | FontWeight | string): TextAttribute,ArkTS,6.0.0(20) Beta1,ALL,"=HYPERLINK(""https://developer.huawei.com/consumer/cn/doc/harmonyos-releases/changelogs-for-all-apps-6001/#section383"",""文本与输入、信息展示、按钮与选择、滚动与滑动、图形绘制组件接口支持Resource类型"")",entry\src\main\ets\components\sidebar\RightSidebar.ets:95,未修复,接口定义变更
fontWeight(value: number | FontWeight | string): TextAttribute,ArkTS,6.0.0(20) Beta1,ALL,"=HYPERLINK(""https://developer.huawei.com/consumer/cn/doc/harmonyos-releases/changelogs-for-all-apps-6001/#section383"",""文本与输入、信息展示、按钮与选择、滚动与滑动、图形绘制组件接口支持Resource类型"")",entry\src\main\ets\components\whiteboard\WbPageRef.ets:64,未修复,接口定义变更
fontWeight(value: number | FontWeight | string): TextAttribute,ArkTS,6.0.0(20) Beta1,ALL,"=HYPERLINK(""https://developer.huawei.com/consumer/cn/doc/harmonyos-releases/changelogs-for-all-apps-6001/#section383"",""文本与输入、信息展示、按钮与选择、滚动与滑动、图形绘制组件接口支持Resource类型"")",entry\src\main\ets\widget\pages\WidgetCard.ets:100,未修复,接口定义变更
fontWeight(value: number | FontWeight | string): TextAttribute,ArkTS,6.0.0(20) Beta1,ALL,"=HYPERLINK(""https://developer.huawei.com/consumer/cn/doc/harmonyos-releases/changelogs-for-all-apps-6001/#section383"",""文本与输入、信息展示、按钮与选择、滚动与滑动、图形绘制组件接口支持Resource类型"")",entry\src\main\ets\widget\pages\WidgetCard.ets:57,未修复,接口定义变更
height?: string | number,ArkTS,6.0.0(20) Beta1,ALL,"=HYPERLINK(""https://developer.huawei.com/consumer/cn/doc/harmonyos-releases/changelogs-for-all-apps-6001/#section383"",""文本与输入、信息展示、按钮与选择、滚动与滑动、图形绘制组件接口支持Resource类型"")",entry\src\main\ets\components\common\DatePicker.ets:382,未修复,接口定义变更
height?: string | number,ArkTS,6.0.0(20) Beta1,ALL,"=HYPERLINK(""https://developer.huawei.com/consumer/cn/doc/harmonyos-releases/changelogs-for-all-apps-6001/#section383"",""文本与输入、信息展示、按钮与选择、滚动与滑动、图形绘制组件接口支持Resource类型"")",entry\src\main\ets\components\layout\StatusBar.ets:138,未修复,接口定义变更
height?: string | number,ArkTS,6.0.0(20) Beta1,ALL,"=HYPERLINK(""https://developer.huawei.com/consumer/cn/doc/harmonyos-releases/changelogs-for-all-apps-6001/#section383"",""文本与输入、信息展示、按钮与选择、滚动与滑动、图形绘制组件接口支持Resource类型"")",entry\src\main\ets\components\outliner\BlockDragHandler.ets:191,未修复,接口定义变更
height?: string | number,ArkTS,6.0.0(20) Beta1,ALL,"=HYPERLINK(""https://developer.huawei.com/consumer/cn/doc/harmonyos-releases/changelogs-for-all-apps-6001/#section383"",""文本与输入、信息展示、按钮与选择、滚动与滑动、图形绘制组件接口支持Resource类型"")",entry\src\main\ets\components\outliner\BlockDragHandler.ets:225,未修复,接口定义变更
height?: string | number,ArkTS,6.0.0(20) Beta1,ALL,"=HYPERLINK(""https://developer.huawei.com/consumer/cn/doc/harmonyos-releases/changelogs-for-all-apps-6001/#section383"",""文本与输入、信息展示、按钮与选择、滚动与滑动、图形绘制组件接口支持Resource类型"")",entry\src\main\ets\components\outliner\BlockList.ets:155,未修复,接口定义变更
height?: string | number,ArkTS,6.0.0(20) Beta1,ALL,"=HYPERLINK(""https://developer.huawei.com/consumer/cn/doc/harmonyos-releases/changelogs-for-all-apps-6001/#section383"",""文本与输入、信息展示、按钮与选择、滚动与滑动、图形绘制组件接口支持Resource类型"")",entry\src\main\ets\components\outliner\BlockList.ets:175,未修复,接口定义变更
height?: string | number,ArkTS,6.0.0(20) Beta1,ALL,"=HYPERLINK(""https://developer.huawei.com/consumer/cn/doc/harmonyos-releases/changelogs-for-all-apps-6001/#section383"",""文本与输入、信息展示、按钮与选择、滚动与滑动、图形绘制组件接口支持Resource类型"")",entry\src\main\ets\components\outliner\BlockView.ets:225,未修复,接口定义变更
height?: string | number,ArkTS,6.0.0(20) Beta1,ALL,"=HYPERLINK(""https://developer.huawei.com/consumer/cn/doc/harmonyos-releases/changelogs-for-all-apps-6001/#section383"",""文本与输入、信息展示、按钮与选择、滚动与滑动、图形绘制组件接口支持Resource类型"")",entry\src\main\ets\components\sidebar\RightSidebar.ets:245,未修复,接口定义变更
height?: string | number,ArkTS,6.0.0(20) Beta1,ALL,"=HYPERLINK(""https://developer.huawei.com/consumer/cn/doc/harmonyos-releases/changelogs-for-all-apps-6001/#section383"",""文本与输入、信息展示、按钮与选择、滚动与滑动、图形绘制组件接口支持Resource类型"")",entry\src\main\ets\components\whiteboard\WbConnector.ets:209,未修复,接口定义变更
height?: string | number,ArkTS,6.0.0(20) Beta1,ALL,"=HYPERLINK(""https://developer.huawei.com/consumer/cn/doc/harmonyos-releases/changelogs-for-all-apps-6001/#section383"",""文本与输入、信息展示、按钮与选择、滚动与滑动、图形绘制组件接口支持Resource类型"")",entry\src\main\ets\components\whiteboard\WbConnector.ets:214,未修复,接口定义变更
height?: string | number,ArkTS,6.0.0(20) Beta1,ALL,"=HYPERLINK(""https://developer.huawei.com/consumer/cn/doc/harmonyos-releases/changelogs-for-all-apps-6001/#section383"",""文本与输入、信息展示、按钮与选择、滚动与滑动、图形绘制组件接口支持Resource类型"")",entry\src\main\ets\components\whiteboard\WbPageRef.ets:87,未修复,接口定义变更
height?: string | number,ArkTS,6.0.0(20) Beta1,ALL,"=HYPERLINK(""https://developer.huawei.com/consumer/cn/doc/harmonyos-releases/changelogs-for-all-apps-6001/#section383"",""文本与输入、信息展示、按钮与选择、滚动与滑动、图形绘制组件接口支持Resource类型"")",entry\src\main\ets\components\whiteboard\WbShape.ets:175,未修复,接口定义变更
height?: string | number,ArkTS,6.0.0(20) Beta1,ALL,"=HYPERLINK(""https://developer.huawei.com/consumer/cn/doc/harmonyos-releases/changelogs-for-all-apps-6001/#section383"",""文本与输入、信息展示、按钮与选择、滚动与滑动、图形绘制组件接口支持Resource类型"")",entry\src\main\ets\components\whiteboard\WbShape.ets:188,未修复,接口定义变更
function openToast(options: ShowToastOptions): Promise<number>,ArkTS,7.0.0(26) Beta1,26.0.0 - 26.0.0(26.0.0),"=HYPERLINK(""https://developer.huawei.com/consumer/cn/doc/harmonyos-releases/changelogs-ux-7001/#ch2026032761266"",""Dialog、Toast、AlphabetIndexer和文本选择菜单默认开启沉浸式系统材质"")",entry\src\main\ets\components\extensions\PdfViewer.ets:86,未修复,UX视觉布局变更
function openToast(options: ShowToastOptions): Promise<number>,ArkTS,7.0.0(26) Beta1,26.0.0 - 26.0.0(26.0.0),"=HYPERLINK(""https://developer.huawei.com/consumer/cn/doc/harmonyos-releases/changelogs-ux-7001/#ch2026032761266"",""Dialog、Toast、AlphabetIndexer和文本选择菜单默认开启沉浸式系统材质"")",entry\src\main\ets\components\settings\SettingsPage.ets:642,未修复,UX视觉布局变更
function openToast(options: ShowToastOptions): Promise<number>,ArkTS,7.0.0(26) Beta1,26.0.0 - 26.0.0(26.0.0),"=HYPERLINK(""https://developer.huawei.com/consumer/cn/doc/harmonyos-releases/changelogs-ux-7001/#ch2026032761266"",""Dialog、Toast、AlphabetIndexer和文本选择菜单默认开启沉浸式系统材质"")",entry\src\main\ets\components\whiteboard\Whiteboard.ets:1071,未修复,UX视觉布局变更
function openToast(options: ShowToastOptions): Promise<number>,ArkTS,7.0.0(26) Beta1,26.0.0 - 26.0.0(26.0.0),"=HYPERLINK(""https://developer.huawei.com/consumer/cn/doc/harmonyos-releases/changelogs-ux-7001/#ch2026032761266"",""Dialog、Toast、AlphabetIndexer和文本选择菜单默认开启沉浸式系统材质"")",entry\src\main\ets\plugins\PluginAPI.ets:138,未修复,UX视觉布局变更
function openToast(options: ShowToastOptions): Promise<number>,ArkTS,7.0.0(26) Beta1,26.0.0 - 26.0.0(26.0.0),"=HYPERLINK(""https://developer.huawei.com/consumer/cn/doc/harmonyos-releases/changelogs-ux-7001/#ch2026032761266"",""Dialog、Toast、AlphabetIndexer和文本选择菜单默认开启沉浸式系统材质"")",entry\src\main\ets\shareability\ShareReceiveAbility.ets:184,未修复,UX视觉布局变更
showAlertDialog(options: AlertDialogParamWithConfirm | AlertDialogParamWithButtons | AlertDialogParamWithOptions): void,ArkTS,7.0.0(26) Beta1,26.0.0 - 26.0.0(26.0.0),"=HYPERLINK(""https://developer.huawei.com/consumer/cn/doc/harmonyos-releases/changelogs-ux-7001/#ch2026032761266"",""Dialog、Toast、AlphabetIndexer和文本选择菜单默认开启沉浸式系统材质"")",entry\src\main\ets\components\settings\SettingsPage.ets:648,未修复,UX视觉布局变更
showAlertDialog(options: AlertDialogParamWithConfirm | AlertDialogParamWithButtons | AlertDialogParamWithOptions): void,ArkTS,7.0.0(26) Beta1,26.0.0 - 26.0.0(26.0.0),"=HYPERLINK(""https://developer.huawei.com/consumer/cn/doc/harmonyos-releases/changelogs-ux-7001/#ch2026032761266"",""Dialog、Toast、AlphabetIndexer和文本选择菜单默认开启沉浸式系统材质"")",entry\src\main\ets\components\settings\SettingsPage.ets:659,未修复,UX视觉布局变更
showAlertDialog(options: AlertDialogParamWithConfirm | AlertDialogParamWithButtons | AlertDialogParamWithOptions): void,ArkTS,7.0.0(26) Beta1,26.0.0 - 26.0.0(26.0.0),"=HYPERLINK(""https://developer.huawei.com/consumer/cn/doc/harmonyos-releases/changelogs-ux-7001/#ch2026032761266"",""Dialog、Toast、AlphabetIndexer和文本选择菜单默认开启沉浸式系统材质"")",entry\src\main\ets\components\sidebar\PageContextMenu.ets:140,未修复,UX视觉布局变更
declare const Text: TextInterface,ArkTS,7.0.0(26) Beta1,26.0.0 - 26.0.0(26.0.0),"=HYPERLINK(""https://developer.huawei.com/consumer/cn/doc/harmonyos-releases/changelogs-ux-7001/#ch2026032761266"",""Dialog、Toast、AlphabetIndexer和文本选择菜单默认开启沉浸式系统材质"")",entry\src\main\ets\components\commandpalette\CommandPalette.ets:42,未修复,UX视觉布局变更
declare const Text: TextInterface,ArkTS,7.0.0(26) Beta1,26.0.0 - 26.0.0(26.0.0),"=HYPERLINK(""https://developer.huawei.com/consumer/cn/doc/harmonyos-releases/changelogs-ux-7001/#ch2026032761266"",""Dialog、Toast、AlphabetIndexer和文本选择菜单默认开启沉浸式系统材质"")",entry\src\main\ets\components\commandpalette\CommandPalette.ets:64,未修复,UX视觉布局变更
declare const Text: TextInterface,ArkTS,7.0.0(26) Beta1,26.0.0 - 26.0.0(26.0.0),"=HYPERLINK(""https://developer.huawei.com/consumer/cn/doc/harmonyos-releases/changelogs-ux-7001/#ch2026032761266"",""Dialog、Toast、AlphabetIndexer和文本选择菜单默认开启沉浸式系统材质"")",entry\src\main\ets\components\commandpalette\CommandPalette.ets:68,未修复,UX视觉布局变更
declare const Text: TextInterface,ArkTS,7.0.0(26) Beta1,26.0.0 - 26.0.0(26.0.0),"=HYPERLINK(""https://developer.huawei.com/consumer/cn/doc/harmonyos-releases/changelogs-ux-7001/#ch2026032761266"",""Dialog、Toast、AlphabetIndexer和文本选择菜单默认开启沉浸式系统材质"")",entry\src\main\ets\components\common\DatePicker.ets:269,未修复,UX视觉布局变更
declare const Text: TextInterface,ArkTS,7.0.0(26) Beta1,26.0.0 - 26.0.0(26.0.0),"=HYPERLINK(""https://developer.huawei.com/consumer/cn/doc/harmonyos-releases/changelogs-ux-7001/#ch2026032761266"",""Dialog、Toast、AlphabetIndexer和文本选择菜单默认开启沉浸式系统材质"")",entry\src\main\ets\components\common\DatePicker.ets:299,未修复,UX视觉布局变更
declare const Text: TextInterface,ArkTS,7.0.0(26) Beta1,26.0.0 - 26.0.0(26.0.0),"=HYPERLINK(""https://developer.huawei.com/consumer/cn/doc/harmonyos-releases/changelogs-ux-7001/#ch2026032761266"",""Dialog、Toast、AlphabetIndexer和文本选择菜单默认开启沉浸式系统材质"")",entry\src\main\ets\components\common\DatePicker.ets:321,未修复,UX视觉布局变更
declare const Text: TextInterface,ArkTS,7.0.0(26) Beta1,26.0.0 - 26.0.0(26.0.0),"=HYPERLINK(""https://developer.huawei.com/consumer/cn/doc/harmonyos-releases/changelogs-ux-7001/#ch2026032761266"",""Dialog、Toast、AlphabetIndexer和文本选择菜单默认开启沉浸式系统材质"")",entry\src\main\ets\components\common\DatePicker.ets:348,未修复,UX视觉布局变更
declare const Text: TextInterface,ArkTS,7.0.0(26) Beta1,26.0.0 - 26.0.0(26.0.0),"=HYPERLINK(""https://developer.huawei.com/consumer/cn/doc/harmonyos-releases/changelogs-ux-7001/#ch2026032761266"",""Dialog、Toast、AlphabetIndexer和文本选择菜单默认开启沉浸式系统材质"")",entry\src\main\ets\components\common\DatePicker.ets:376,未修复,UX视觉布局变更
declare const Text: TextInterface,ArkTS,7.0.0(26) Beta1,26.0.0 - 26.0.0(26.0.0),"=HYPERLINK(""https://developer.huawei.com/consumer/cn/doc/harmonyos-releases/changelogs-ux-7001/#ch2026032761266"",""Dialog、Toast、AlphabetIndexer和文本选择菜单默认开启沉浸式系统材质"")",entry\src\main\ets\components\common\ExportDialog.ets:113,未修复,UX视觉布局变更
declare const Text: TextInterface,ArkTS,7.0.0(26) Beta1,26.0.0 - 26.0.0(26.0.0),"=HYPERLINK(""https://developer.huawei.com/consumer/cn/doc/harmonyos-releases/changelogs-ux-7001/#ch2026032761266"",""Dialog、Toast、AlphabetIndexer和文本选择菜单默认开启沉浸式系统材质"")",entry\src\main\ets\components\common\ExportDialog.ets:118,未修复,UX视觉布局变更
declare const Text: TextInterface,ArkTS,7.0.0(26) Beta1,26.0.0 - 26.0.0(26.0.0),"=HYPERLINK(""https://developer.huawei.com/consumer/cn/doc/harmonyos-releases/changelogs-ux-7001/#ch2026032761266"",""Dialog、Toast、AlphabetIndexer和文本选择菜单默认开启沉浸式系统材质"")",entry\src\main\ets\components\common\ExportDialog.ets:127,未修复,UX视觉布局变更
declare const Text: TextInterface,ArkTS,7.0.0(26) Beta1,26.0.0 - 26.0.0(26.0.0),"=HYPERLINK(""https://developer.huawei.com/consumer/cn/doc/harmonyos-releases/changelogs-ux-7001/#ch2026032761266"",""Dialog、Toast、AlphabetIndexer和文本选择菜单默认开启沉浸式系统材质"")",entry\src\main\ets\components\common\ExportDialog.ets:142,未修复,UX视觉布局变更
declare const Text: TextInterface,ArkTS,7.0.0(26) Beta1,26.0.0 - 26.0.0(26.0.0),"=HYPERLINK(""https://developer.huawei.com/consumer/cn/doc/harmonyos-releases/changelogs-ux-7001/#ch2026032761266"",""Dialog、Toast、AlphabetIndexer和文本选择菜单默认开启沉浸式系统材质"")",entry\src\main\ets\components\common\ExportDialog.ets:156,未修复,UX视觉布局变更
declare const Text: TextInterface,ArkTS,7.0.0(26) Beta1,26.0.0 - 26.0.0(26.0.0),"=HYPERLINK(""https://developer.huawei.com/consumer/cn/doc/harmonyos-releases/changelogs-ux-7001/#ch2026032761266"",""Dialog、Toast、AlphabetIndexer和文本选择菜单默认开启沉浸式系统材质"")",entry\src\main\ets\components\common\ExportDialog.ets:172,未修复,UX视觉布局变更
declare const Text: TextInterface,ArkTS,7.0.0(26) Beta1,26.0.0 - 26.0.0(26.0.0),"=HYPERLINK(""https://developer.huawei.com/consumer/cn/doc/harmonyos-releases/changelogs-ux-7001/#ch2026032761266"",""Dialog、Toast、AlphabetIndexer和文本选择菜单默认开启沉浸式系统材质"")",entry\src\main\ets\components\common\ExportDialog.ets:180,未修复,UX视觉布局变更
declare const Text: TextInterface,ArkTS,7.0.0(26) Beta1,26.0.0 - 26.0.0(26.0.0),"=HYPERLINK(""https://developer.huawei.com/consumer/cn/doc/harmonyos-releases/changelogs-ux-7001/#ch2026032761266"",""Dialog、Toast、AlphabetIndexer和文本选择菜单默认开启沉浸式系统材质"")",entry\src\main\ets\components\common\ExportDialog.ets:213,未修复,UX视觉布局变更
declare const Text: TextInterface,ArkTS,7.0.0(26) Beta1,26.0.0 - 26.0.0(26.0.0),"=HYPERLINK(""https://developer.huawei.com/consumer/cn/doc/harmonyos-releases/changelogs-ux-7001/#ch2026032761266"",""Dialog、Toast、AlphabetIndexer和文本选择菜单默认开启沉浸式系统材质"")",entry\src\main\ets\components\common\ExportDialog.ets:227,未修复,UX视觉布局变更
declare const Text: TextInterface,ArkTS,7.0.0(26) Beta1,26.0.0 - 26.0.0(26.0.0),"=HYPERLINK(""https://developer.huawei.com/consumer/cn/doc/harmonyos-releases/changelogs-ux-7001/#ch2026032761266"",""Dialog、Toast、AlphabetIndexer和文本选择菜单默认开启沉浸式系统材质"")",entry\src\main\ets\components\common\ImportDialog.ets:109,未修复,UX视觉布局变更
declare const Text: TextInterface,ArkTS,7.0.0(26) Beta1,26.0.0 - 26.0.0(26.0.0),"=HYPERLINK(""https://developer.huawei.com/consumer/cn/doc/harmonyos-releases/changelogs-ux-7001/#ch2026032761266"",""Dialog、Toast、AlphabetIndexer和文本选择菜单默认开启沉浸式系统材质"")",entry\src\main\ets\components\common\ImportDialog.ets:123,未修复,UX视觉布局变更
declare const Text: TextInterface,ArkTS,7.0.0(26) Beta1,26.0.0 - 26.0.0(26.0.0),"=HYPERLINK(""https://developer.huawei.com/consumer/cn/doc/harmonyos-releases/changelogs-ux-7001/#ch2026032761266"",""Dialog、Toast、AlphabetIndexer和文本选择菜单默认开启沉浸式系统材质"")",entry\src\main\ets\components\common\ImportDialog.ets:128,未修复,UX视觉布局变更
declare const Text: TextInterface,ArkTS,7.0.0(26) Beta1,26.0.0 - 26.0.0(26.0.0),"=HYPERLINK(""https://developer.huawei.com/consumer/cn/doc/harmonyos-releases/changelogs-ux-7001/#ch2026032761266"",""Dialog、Toast、AlphabetIndexer和文本选择菜单默认开启沉浸式系统材质"")",entry\src\main\ets\components\common\ImportDialog.ets:136,未修复,UX视觉布局变更
declare const Text: TextInterface,ArkTS,7.0.0(26) Beta1,26.0.0 - 26.0.0(26.0.0),"=HYPERLINK(""https://developer.huawei.com/consumer/cn/doc/harmonyos-releases/changelogs-ux-7001/#ch2026032761266"",""Dialog、Toast、AlphabetIndexer和文本选择菜单默认开启沉浸式系统材质"")",entry\src\main\ets\components\common\ImportDialog.ets:169,未修复,UX视觉布局变更
declare const Text: TextInterface,ArkTS,7.0.0(26) Beta1,26.0.0 - 26.0.0(26.0.0),"=HYPERLINK(""https://developer.huawei.com/consumer/cn/doc/harmonyos-releases/changelogs-ux-7001/#ch2026032761266"",""Dialog、Toast、AlphabetIndexer和文本选择菜单默认开启沉浸式系统材质"")",entry\src\main\ets\components\common\ImportDialog.ets:79,未修复,UX视觉布局变更
declare const Text: TextInterface,ArkTS,7.0.0(26) Beta1,26.0.0 - 26.0.0(26.0.0),"=HYPERLINK(""https://developer.huawei.com/consumer/cn/doc/harmonyos-releases/changelogs-ux-7001/#ch2026032761266"",""Dialog、Toast、AlphabetIndexer和文本选择菜单默认开启沉浸式系统材质"")",entry\src\main\ets\components\common\ImportDialog.ets:84,未修复,UX视觉布局变更
declare const Text: TextInterface,ArkTS,7.0.0(26) Beta1,26.0.0 - 26.0.0(26.0.0),"=HYPERLINK(""https://developer.huawei.com/consumer/cn/doc/harmonyos-releases/changelogs-ux-7001/#ch2026032761266"",""Dialog、Toast、AlphabetIndexer和文本选择菜单默认开启沉浸式系统材质"")",entry\src\main\ets\components\common\ImportDialog.ets:93,未修复,UX视觉布局变更
declare const Text: TextInterface,ArkTS,7.0.0(26) Beta1,26.0.0 - 26.0.0(26.0.0),"=HYPERLINK(""https://developer.huawei.com/consumer/cn/doc/harmonyos-releases/changelogs-ux-7001/#ch2026032761266"",""Dialog、Toast、AlphabetIndexer和文本选择菜单默认开启沉浸式系统材质"")",entry\src\main\ets\components\extensions\CodeBlock.ets:120,未修复,UX视觉布局变更
declare const Text: TextInterface,ArkTS,7.0.0(26) Beta1,26.0.0 - 26.0.0(26.0.0),"=HYPERLINK(""https://developer.huawei.com/consumer/cn/doc/harmonyos-releases/changelogs-ux-7001/#ch2026032761266"",""Dialog、Toast、AlphabetIndexer和文本选择菜单默认开启沉浸式系统材质"")",entry\src\main\ets\components\extensions\CodeBlock.ets:127,未修复,UX视觉布局变更
declare const Text: TextInterface,ArkTS,7.0.0(26) Beta1,26.0.0 - 26.0.0(26.0.0),"=HYPERLINK(""https://developer.huawei.com/consumer/cn/doc/harmonyos-releases/changelogs-ux-7001/#ch2026032761266"",""Dialog、Toast、AlphabetIndexer和文本选择菜单默认开启沉浸式系统材质"")",entry\src\main\ets\components\extensions\PdfPage.ets:110,未修复,UX视觉布局变更
declare const Text: TextInterface,ArkTS,7.0.0(26) Beta1,26.0.0 - 26.0.0(26.0.0),"=HYPERLINK(""https://developer.huawei.com/consumer/cn/doc/harmonyos-releases/changelogs-ux-7001/#ch2026032761266"",""Dialog、Toast、AlphabetIndexer和文本选择菜单默认开启沉浸式系统材质"")",entry\src\main\ets\components\extensions\PdfPage.ets:59,未修复,UX视觉布局变更
declare const Text: TextInterface,ArkTS,7.0.0(26) Beta1,26.0.0 - 26.0.0(26.0.0),"=HYPERLINK(""https://developer.huawei.com/consumer/cn/doc/harmonyos-releases/changelogs-ux-7001/#ch2026032761266"",""Dialog、Toast、AlphabetIndexer和文本选择菜单默认开启沉浸式系统材质"")",entry\src\main\ets\components\extensions\PdfPage.ets:82,未修复,UX视觉布局变更
declare const Text: TextInterface,ArkTS,7.0.0(26) Beta1,26.0.0 - 26.0.0(26.0.0),"=HYPERLINK(""https://developer.huawei.com/consumer/cn/doc/harmonyos-releases/changelogs-ux-7001/#ch2026032761266"",""Dialog、Toast、AlphabetIndexer和文本选择菜单默认开启沉浸式系统材质"")",entry\src\main\ets\components\extensions\PdfPage.ets:93,未修复,UX视觉布局变更
declare const Text: TextInterface,ArkTS,7.0.0(26) Beta1,26.0.0 - 26.0.0(26.0.0),"=HYPERLINK(""https://developer.huawei.com/consumer/cn/doc/harmonyos-releases/changelogs-ux-7001/#ch2026032761266"",""Dialog、Toast、AlphabetIndexer和文本选择菜单默认开启沉浸式系统材质"")",entry\src\main\ets\components\extensions\PdfPage.ets:96,未修复,UX视觉布局变更
declare const Text: TextInterface,ArkTS,7.0.0(26) Beta1,26.0.0 - 26.0.0(26.0.0),"=HYPERLINK(""https://developer.huawei.com/consumer/cn/doc/harmonyos-releases/changelogs-ux-7001/#ch2026032761266"",""Dialog、Toast、AlphabetIndexer和文本选择菜单默认开启沉浸式系统材质"")",entry\src\main\ets\components\extensions\PdfViewer.ets:251,未修复,UX视觉布局变更
declare const Text: TextInterface,ArkTS,7.0.0(26) Beta1,26.0.0 - 26.0.0(26.0.0),"=HYPERLINK(""https://developer.huawei.com/consumer/cn/doc/harmonyos-releases/changelogs-ux-7001/#ch2026032761266"",""Dialog、Toast、AlphabetIndexer和文本选择菜单默认开启沉浸式系统材质"")",entry\src\main\ets\components\extensions\PdfViewer.ets:259,未修复,UX视觉布局变更
declare const Text: TextInterface,ArkTS,7.0.0(26) Beta1,26.0.0 - 26.0.0(26.0.0),"=HYPERLINK(""https://developer.huawei.com/consumer/cn/doc/harmonyos-releases/changelogs-ux-7001/#ch2026032761266"",""Dialog、Toast、AlphabetIndexer和文本选择菜单默认开启沉浸式系统材质"")",entry\src\main\ets\components\flashcard\FlashcardPage.ets:100,未修复,UX视觉布局变更
declare const Text: TextInterface,ArkTS,7.0.0(26) Beta1,26.0.0 - 26.0.0(26.0.0),"=HYPERLINK(""https://developer.huawei.com/consumer/cn/doc/harmonyos-releases/changelogs-ux-7001/#ch2026032761266"",""Dialog、Toast、AlphabetIndexer和文本选择菜单默认开启沉浸式系统材质"")",entry\src\main\ets\components\flashcard\FlashcardPage.ets:101,未修复,UX视觉布局变更
declare const Text: TextInterface,ArkTS,7.0.0(26) Beta1,26.0.0 - 26.0.0(26.0.0),"=HYPERLINK(""https://developer.huawei.com/consumer/cn/doc/harmonyos-releases/changelogs-ux-7001/#ch2026032761266"",""Dialog、Toast、AlphabetIndexer和文本选择菜单默认开启沉浸式系统材质"")",entry\src\main\ets\components\flashcard\FlashcardPage.ets:105,未修复,UX视觉布局变更
declare const Text: TextInterface,ArkTS,7.0.0(26) Beta1,26.0.0 - 26.0.0(26.0.0),"=HYPERLINK(""https://developer.huawei.com/consumer/cn/doc/harmonyos-releases/changelogs-ux-7001/#ch2026032761266"",""Dialog、Toast、AlphabetIndexer和文本选择菜单默认开启沉浸式系统材质"")",entry\src\main\ets\components\flashcard\FlashcardPage.ets:106,未修复,UX视觉布局变更
declare const Text: TextInterface,ArkTS,7.0.0(26) Beta1,26.0.0 - 26.0.0(26.0.0),"=HYPERLINK(""https://developer.huawei.com/consumer/cn/doc/harmonyos-releases/changelogs-ux-7001/#ch2026032761266"",""Dialog、Toast、AlphabetIndexer和文本选择菜单默认开启沉浸式系统材质"")",entry\src\main\ets\components\flashcard\FlashcardPage.ets:112,未修复,UX视觉布局变更
declare const Text: TextInterface,ArkTS,7.0.0(26) Beta1,26.0.0 - 26.0.0(26.0.0),"=HYPERLINK(""https://developer.huawei.com/consumer/cn/doc/harmonyos-releases/changelogs-ux-7001/#ch2026032761266"",""Dialog、Toast、AlphabetIndexer和文本选择菜单默认开启沉浸式系统材质"")",entry\src\main\ets\components\flashcard\FlashcardPage.ets:113,未修复,UX视觉布局变更
declare const Text: TextInterface,ArkTS,7.0.0(26) Beta1,26.0.0 - 26.0.0(26.0.0),"=HYPERLINK(""https://developer.huawei.com/consumer/cn/doc/harmonyos-releases/changelogs-ux-7001/#ch2026032761266"",""Dialog、Toast、AlphabetIndexer和文本选择菜单默认开启沉浸式系统材质"")",entry\src\main\ets\components\flashcard\FlashcardPage.ets:117,未修复,UX视觉布局变更
declare const Text: TextInterface,ArkTS,7.0.0(26) Beta1,26.0.0 - 26.0.0(26.0.0),"=HYPERLINK(""https://developer.huawei.com/consumer/cn/doc/harmonyos-releases/changelogs-ux-7001/#ch2026032761266"",""Dialog、Toast、AlphabetIndexer和文本选择菜单默认开启沉浸式系统材质"")",entry\src\main\ets\components\flashcard\FlashcardPage.ets:118,未修复,UX视觉布局变更
declare const Text: TextInterface,ArkTS,7.0.0(26) Beta1,26.0.0 - 26.0.0(26.0.0),"=HYPERLINK(""https://developer.huawei.com/consumer/cn/doc/harmonyos-releases/changelogs-ux-7001/#ch2026032761266"",""Dialog、Toast、AlphabetIndexer和文本选择菜单默认开启沉浸式系统材质"")",entry\src\main\ets\components\flashcard\FlashcardPage.ets:122,未修复,UX视觉布局变更
declare const Text: TextInterface,ArkTS,7.0.0(26) Beta1,26.0.0 - 26.0.0(26.0.0),"=HYPERLINK(""https://developer.huawei.com/consumer/cn/doc/harmonyos-releases/changelogs-ux-7001/#ch2026032761266"",""Dialog、Toast、AlphabetIndexer和文本选择菜单默认开启沉浸式系统材质"")",entry\src\main\ets\components\flashcard\FlashcardPage.ets:123,未修复,UX视觉布局变更
declare const Text: TextInterface,ArkTS,7.0.0(26) Beta1,26.0.0 - 26.0.0(26.0.0),"=HYPERLINK(""https://developer.huawei.com/consumer/cn/doc/harmonyos-releases/changelogs-ux-7001/#ch2026032761266"",""Dialog、Toast、AlphabetIndexer和文本选择菜单默认开启沉浸式系统材质"")",entry\src\main\ets\components\flashcard\FlashcardPage.ets:128,未修复,UX视觉布局变更
declare const Text: TextInterface,ArkTS,7.0.0(26) Beta1,26.0.0 - 26.0.0(26.0.0),"=HYPERLINK(""https://developer.huawei.com/consumer/cn/doc/harmonyos-releases/changelogs-ux-7001/#ch2026032761266"",""Dialog、Toast、AlphabetIndexer和文本选择菜单默认开启沉浸式系统材质"")",entry\src\main\ets\components\flashcard\FlashcardPage.ets:157,未修复,UX视觉布局变更
declare const Text: TextInterface,ArkTS,7.0.0(26) Beta1,26.0.0 - 26.0.0(26.0.0),"=HYPERLINK(""https://developer.huawei.com/consumer/cn/doc/harmonyos-releases/changelogs-ux-7001/#ch2026032761266"",""Dialog、Toast、AlphabetIndexer和文本选择菜单默认开启沉浸式系统材质"")",entry\src\main\ets\components\flashcard\FlashcardPage.ets:159,未修复,UX视觉布局变更
declare const Text: TextInterface,ArkTS,7.0.0(26) Beta1,26.0.0 - 26.0.0(26.0.0),"=HYPERLINK(""https://developer.huawei.com/consumer/cn/doc/harmonyos-releases/changelogs-ux-7001/#ch2026032761266"",""Dialog、Toast、AlphabetIndexer和文本选择菜单默认开启沉浸式系统材质"")",entry\src\main\ets\components\flashcard\FlashcardPage.ets:64,未修复,UX视觉布局变更
declare const Text: TextInterface,ArkTS,7.0.0(26) Beta1,26.0.0 - 26.0.0(26.0.0),"=HYPERLINK(""https://developer.huawei.com/consumer/cn/doc/harmonyos-releases/changelogs-ux-7001/#ch2026032761266"",""Dialog、Toast、AlphabetIndexer和文本选择菜单默认开启沉浸式系统材质"")",entry\src\main\ets\components\flashcard\FlashcardPage.ets:69,未修复,UX视觉布局变更
declare const Text: TextInterface,ArkTS,7.0.0(26) Beta1,26.0.0 - 26.0.0(26.0.0),"=HYPERLINK(""https://developer.huawei.com/consumer/cn/doc/harmonyos-releases/changelogs-ux-7001/#ch2026032761266"",""Dialog、Toast、AlphabetIndexer和文本选择菜单默认开启沉浸式系统材质"")",entry\src\main\ets\components\flashcard\FlashcardPage.ets:89,未修复,UX视觉布局变更
declare const Text: TextInterface,ArkTS,7.0.0(26) Beta1,26.0.0 - 26.0.0(26.0.0),"=HYPERLINK(""https://developer.huawei.com/consumer/cn/doc/harmonyos-releases/changelogs-ux-7001/#ch2026032761266"",""Dialog、Toast、AlphabetIndexer和文本选择菜单默认开启沉浸式系统材质"")",entry\src\main\ets\components\flashcard\FlashcardPage.ets:95,未修复,UX视觉布局变更
declare const Text: TextInterface,ArkTS,7.0.0(26) Beta1,26.0.0 - 26.0.0(26.0.0),"=HYPERLINK(""https://developer.huawei.com/consumer/cn/doc/harmonyos-releases/changelogs-ux-7001/#ch2026032761266"",""Dialog、Toast、AlphabetIndexer和文本选择菜单默认开启沉浸式系统材质"")",entry\src\main\ets\components\flashcard\FlashcardPage.ets:96,未修复,UX视觉布局变更
declare const Text: TextInterface,ArkTS,7.0.0(26) Beta1,26.0.0 - 26.0.0(26.0.0),"=HYPERLINK(""https://developer.huawei.com/consumer/cn/doc/harmonyos-releases/changelogs-ux-7001/#ch2026032761266"",""Dialog、Toast、AlphabetIndexer和文本选择菜单默认开启沉浸式系统材质"")",entry\src\main\ets\components\graph\GraphActions.ets:139,未修复,UX视觉布局变更
declare const Text: TextInterface,ArkTS,7.0.0(26) Beta1,26.0.0 - 26.0.0(26.0.0),"=HYPERLINK(""https://developer.huawei.com/consumer/cn/doc/harmonyos-releases/changelogs-ux-7001/#ch2026032761266"",""Dialog、Toast、AlphabetIndexer和文本选择菜单默认开启沉浸式系统材质"")",entry\src\main\ets\components\graph\GraphActions.ets:154,未修复,UX视觉布局变更
declare const Text: TextInterface,ArkTS,7.0.0(26) Beta1,26.0.0 - 26.0.0(26.0.0),"=HYPERLINK(""https://developer.huawei.com/consumer/cn/doc/harmonyos-releases/changelogs-ux-7001/#ch2026032761266"",""Dialog、Toast、AlphabetIndexer和文本选择菜单默认开启沉浸式系统材质"")",entry\src\main\ets\components\graph\GraphActions.ets:156,未修复,UX视觉布局变更
declare const Text: TextInterface,ArkTS,7.0.0(26) Beta1,26.0.0 - 26.0.0(26.0.0),"=HYPERLINK(""https://developer.huawei.com/consumer/cn/doc/harmonyos-releases/changelogs-ux-7001/#ch2026032761266"",""Dialog、Toast、AlphabetIndexer和文本选择菜单默认开启沉浸式系统材质"")",entry\src\main\ets\components\graph\GraphActions.ets:159,未修复,UX视觉布局变更
declare const Text: TextInterface,ArkTS,7.0.0(26) Beta1,26.0.0 - 26.0.0(26.0.0),"=HYPERLINK(""https://developer.huawei.com/consumer/cn/doc/harmonyos-releases/changelogs-ux-7001/#ch2026032761266"",""Dialog、Toast、AlphabetIndexer和文本选择菜单默认开启沉浸式系统材质"")",entry\src\main\ets\components\graph\GraphActions.ets:167,未修复,UX视觉布局变更
declare const Text: TextInterface,ArkTS,7.0.0(26) Beta1,26.0.0 - 26.0.0(26.0.0),"=HYPERLINK(""https://developer.huawei.com/consumer/cn/doc/harmonyos-releases/changelogs-ux-7001/#ch2026032761266"",""Dialog、Toast、AlphabetIndexer和文本选择菜单默认开启沉浸式系统材质"")",entry\src\main\ets\components\graph\GraphActions.ets:74,未修复,UX视觉布局变更
declare const Text: TextInterface,ArkTS,7.0.0(26) Beta1,26.0.0 - 26.0.0(26.0.0),"=HYPERLINK(""https://developer.huawei.com/consumer/cn/doc/harmonyos-releases/changelogs-ux-7001/#ch2026032761266"",""Dialog、Toast、AlphabetIndexer和文本选择菜单默认开启沉浸式系统材质"")",entry\src\main\ets\components\graph\GraphView.ets:196,未修复,UX视觉布局变更
declare const Text: TextInterface,ArkTS,7.0.0(26) Beta1,26.0.0 - 26.0.0(26.0.0),"=HYPERLINK(""https://developer.huawei.com/consumer/cn/doc/harmonyos-releases/changelogs-ux-7001/#ch2026032761266"",""Dialog、Toast、AlphabetIndexer和文本选择菜单默认开启沉浸式系统材质"")",entry\src\main\ets\components\graph\GraphView.ets:200,未修复,UX视觉布局变更
declare const Text: TextInterface,ArkTS,7.0.0(26) Beta1,26.0.0 - 26.0.0(26.0.0),"=HYPERLINK(""https://developer.huawei.com/consumer/cn/doc/harmonyos-releases/changelogs-ux-7001/#ch2026032761266"",""Dialog、Toast、AlphabetIndexer和文本选择菜单默认开启沉浸式系统材质"")",entry\src\main\ets\components\graph\GraphView.ets:212,未修复,UX视觉布局变更
declare const Text: TextInterface,ArkTS,7.0.0(26) Beta1,26.0.0 - 26.0.0(26.0.0),"=HYPERLINK(""https://developer.huawei.com/consumer/cn/doc/harmonyos-releases/changelogs-ux-7001/#ch2026032761266"",""Dialog、Toast、AlphabetIndexer和文本选择菜单默认开启沉浸式系统材质"")",entry\src\main\ets\components\graph\GraphView.ets:336,未修复,UX视觉布局变更
declare const Text: TextInterface,ArkTS,7.0.0(26) Beta1,26.0.0 - 26.0.0(26.0.0),"=HYPERLINK(""https://developer.huawei.com/consumer/cn/doc/harmonyos-releases/changelogs-ux-7001/#ch2026032761266"",""Dialog、Toast、AlphabetIndexer和文本选择菜单默认开启沉浸式系统材质"")",entry\src\main\ets\components\layout\MobileBottomBar.ets:60,未修复,UX视觉布局变更
declare const Text: TextInterface,ArkTS,7.0.0(26) Beta1,26.0.0 - 26.0.0(26.0.0),"=HYPERLINK(""https://developer.huawei.com/consumer/cn/doc/harmonyos-releases/changelogs-ux-7001/#ch2026032761266"",""Dialog、Toast、AlphabetIndexer和文本选择菜单默认开启沉浸式系统材质"")",entry\src\main\ets\components\layout\MobileHeader.ets:72,未修复,UX视觉布局变更
declare const Text: TextInterface,ArkTS,7.0.0(26) Beta1,26.0.0 - 26.0.0(26.0.0),"=HYPERLINK(""https://developer.huawei.com/consumer/cn/doc/harmonyos-releases/changelogs-ux-7001/#ch2026032761266"",""Dialog、Toast、AlphabetIndexer和文本选择菜单默认开启沉浸式系统材质"")",entry\src\main\ets\components\layout\MobileMenuSheet.ets:83,未修复,UX视觉布局变更
declare const Text: TextInterface,ArkTS,7.0.0(26) Beta1,26.0.0 - 26.0.0(26.0.0),"=HYPERLINK(""https://developer.huawei.com/consumer/cn/doc/harmonyos-releases/changelogs-ux-7001/#ch2026032761266"",""Dialog、Toast、AlphabetIndexer和文本选择菜单默认开启沉浸式系统材质"")",entry\src\main\ets\components\layout\MobileMenuSheet.ets:95,未修复,UX视觉布局变更
declare const Text: TextInterface,ArkTS,7.0.0(26) Beta1,26.0.0 - 26.0.0(26.0.0),"=HYPERLINK(""https://developer.huawei.com/consumer/cn/doc/harmonyos-releases/changelogs-ux-7001/#ch2026032761266"",""Dialog、Toast、AlphabetIndexer和文本选择菜单默认开启沉浸式系统材质"")",entry\src\main\ets\components\layout\StatusBar.ets:104,未修复,UX视觉布局变更
declare const Text: TextInterface,ArkTS,7.0.0(26) Beta1,26.0.0 - 26.0.0(26.0.0),"=HYPERLINK(""https://developer.huawei.com/consumer/cn/doc/harmonyos-releases/changelogs-ux-7001/#ch2026032761266"",""Dialog、Toast、AlphabetIndexer和文本选择菜单默认开启沉浸式系统材质"")",entry\src\main\ets\components\layout\StatusBar.ets:109,未修复,UX视觉布局变更
declare const Text: TextInterface,ArkTS,7.0.0(26) Beta1,26.0.0 - 26.0.0(26.0.0),"=HYPERLINK(""https://developer.huawei.com/consumer/cn/doc/harmonyos-releases/changelogs-ux-7001/#ch2026032761266"",""Dialog、Toast、AlphabetIndexer和文本选择菜单默认开启沉浸式系统材质"")",entry\src\main\ets\components\layout\StatusBar.ets:121,未修复,UX视觉布局变更
declare const Text: TextInterface,ArkTS,7.0.0(26) Beta1,26.0.0 - 26.0.0(26.0.0),"=HYPERLINK(""https://developer.huawei.com/consumer/cn/doc/harmonyos-releases/changelogs-ux-7001/#ch2026032761266"",""Dialog、Toast、AlphabetIndexer和文本选择菜单默认开启沉浸式系统材质"")",entry\src\main\ets\components\layout\StatusBar.ets:124,未修复,UX视觉布局变更
declare const Text: TextInterface,ArkTS,7.0.0(26) Beta1,26.0.0 - 26.0.0(26.0.0),"=HYPERLINK(""https://developer.huawei.com/consumer/cn/doc/harmonyos-releases/changelogs-ux-7001/#ch2026032761266"",""Dialog、Toast、AlphabetIndexer和文本选择菜单默认开启沉浸式系统材质"")",entry\src\main\ets\components\layout\StatusBar.ets:127,未修复,UX视觉布局变更
declare const Text: TextInterface,ArkTS,7.0.0(26) Beta1,26.0.0 - 26.0.0(26.0.0),"=HYPERLINK(""https://developer.huawei.com/consumer/cn/doc/harmonyos-releases/changelogs-ux-7001/#ch2026032761266"",""Dialog、Toast、AlphabetIndexer和文本选择菜单默认开启沉浸式系统材质"")",entry\src\main\ets\components\layout\StatusBar.ets:130,未修复,UX视觉布局变更
declare const Text: TextInterface,ArkTS,7.0.0(26) Beta1,26.0.0 - 26.0.0(26.0.0),"=HYPERLINK(""https://developer.huawei.com/consumer/cn/doc/harmonyos-releases/changelogs-ux-7001/#ch2026032761266"",""Dialog、Toast、AlphabetIndexer和文本选择菜单默认开启沉浸式系统材质"")",entry\src\main\ets\components\layout\StatusBar.ets:133,未修复,UX视觉布局变更
declare const Text: TextInterface,ArkTS,7.0.0(26) Beta1,26.0.0 - 26.0.0(26.0.0),"=HYPERLINK(""https://developer.huawei.com/consumer/cn/doc/harmonyos-releases/changelogs-ux-7001/#ch2026032761266"",""Dialog、Toast、AlphabetIndexer和文本选择菜单默认开启沉浸式系统材质"")",entry\src\main\ets\components\layout\StatusBar.ets:139,未修复,UX视觉布局变更
declare const Text: TextInterface,ArkTS,7.0.0(26) Beta1,26.0.0 - 26.0.0(26.0.0),"=HYPERLINK(""https://developer.huawei.com/consumer/cn/doc/harmonyos-releases/changelogs-ux-7001/#ch2026032761266"",""Dialog、Toast、AlphabetIndexer和文本选择菜单默认开启沉浸式系统材质"")",entry\src\main\ets\components\layout\TabBar.ets:56,未修复,UX视觉布局变更
declare const Text: TextInterface,ArkTS,7.0.0(26) Beta1,26.0.0 - 26.0.0(26.0.0),"=HYPERLINK(""https://developer.huawei.com/consumer/cn/doc/harmonyos-releases/changelogs-ux-7001/#ch2026032761266"",""Dialog、Toast、AlphabetIndexer和文本选择菜单默认开启沉浸式系统材质"")",entry\src\main\ets\components\layout\TabOverviewSheet.ets:119,未修复,UX视觉布局变更
declare const Text: TextInterface,ArkTS,7.0.0(26) Beta1,26.0.0 - 26.0.0(26.0.0),"=HYPERLINK(""https://developer.huawei.com/consumer/cn/doc/harmonyos-releases/changelogs-ux-7001/#ch2026032761266"",""Dialog、Toast、AlphabetIndexer和文本选择菜单默认开启沉浸式系统材质"")",entry\src\main\ets\components\layout\TabOverviewSheet.ets:128,未修复,UX视觉布局变更
declare const Text: TextInterface,ArkTS,7.0.0(26) Beta1,26.0.0 - 26.0.0(26.0.0),"=HYPERLINK(""https://developer.huawei.com/consumer/cn/doc/harmonyos-releases/changelogs-ux-7001/#ch2026032761266"",""Dialog、Toast、AlphabetIndexer和文本选择菜单默认开启沉浸式系统材质"")",entry\src\main\ets\components\layout\TabOverviewSheet.ets:85,未修复,UX视觉布局变更
declare const Text: TextInterface,ArkTS,7.0.0(26) Beta1,26.0.0 - 26.0.0(26.0.0),"=HYPERLINK(""https://developer.huawei.com/consumer/cn/doc/harmonyos-releases/changelogs-ux-7001/#ch2026032761266"",""Dialog、Toast、AlphabetIndexer和文本选择菜单默认开启沉浸式系统材质"")",entry\src\main\ets\components\mobile\MobileToolbar.ets:59,未修复,UX视觉布局变更
declare const Text: TextInterface,ArkTS,7.0.0(26) Beta1,26.0.0 - 26.0.0(26.0.0),"=HYPERLINK(""https://developer.huawei.com/consumer/cn/doc/harmonyos-releases/changelogs-ux-7001/#ch2026032761266"",""Dialog、Toast、AlphabetIndexer和文本选择菜单默认开启沉浸式系统材质"")",entry\src\main\ets\components\onboarding\OnboardingPage.ets:110,未修复,UX视觉布局变更
declare const Text: TextInterface,ArkTS,7.0.0(26) Beta1,26.0.0 - 26.0.0(26.0.0),"=HYPERLINK(""https://developer.huawei.com/consumer/cn/doc/harmonyos-releases/changelogs-ux-7001/#ch2026032761266"",""Dialog、Toast、AlphabetIndexer和文本选择菜单默认开启沉浸式系统材质"")",entry\src\main\ets\components\onboarding\OnboardingPage.ets:113,未修复,UX视觉布局变更
declare const Text: TextInterface,ArkTS,7.0.0(26) Beta1,26.0.0 - 26.0.0(26.0.0),"=HYPERLINK(""https://developer.huawei.com/consumer/cn/doc/harmonyos-releases/changelogs-ux-7001/#ch2026032761266"",""Dialog、Toast、AlphabetIndexer和文本选择菜单默认开启沉浸式系统材质"")",entry\src\main\ets\components\onboarding\OnboardingPage.ets:134,未修复,UX视觉布局变更
declare const Text: TextInterface,ArkTS,7.0.0(26) Beta1,26.0.0 - 26.0.0(26.0.0),"=HYPERLINK(""https://developer.huawei.com/consumer/cn/doc/harmonyos-releases/changelogs-ux-7001/#ch2026032761266"",""Dialog、Toast、AlphabetIndexer和文本选择菜单默认开启沉浸式系统材质"")",entry\src\main\ets\components\onboarding\OnboardingPage.ets:137,未修复,UX视觉布局变更
declare const Text: TextInterface,ArkTS,7.0.0(26) Beta1,26.0.0 - 26.0.0(26.0.0),"=HYPERLINK(""https://developer.huawei.com/consumer/cn/doc/harmonyos-releases/changelogs-ux-7001/#ch2026032761266"",""Dialog、Toast、AlphabetIndexer和文本选择菜单默认开启沉浸式系统材质"")",entry\src\main\ets\components\onboarding\OnboardingPage.ets:140,未修复,UX视觉布局变更
declare const Text: TextInterface,ArkTS,7.0.0(26) Beta1,26.0.0 - 26.0.0(26.0.0),"=HYPERLINK(""https://developer.huawei.com/consumer/cn/doc/harmonyos-releases/changelogs-ux-7001/#ch2026032761266"",""Dialog、Toast、AlphabetIndexer和文本选择菜单默认开启沉浸式系统材质"")",entry\src\main\ets\components\onboarding\OnboardingPage.ets:151,未修复,UX视觉布局变更
declare const Text: TextInterface,ArkTS,7.0.0(26) Beta1,26.0.0 - 26.0.0(26.0.0),"=HYPERLINK(""https://developer.huawei.com/consumer/cn/doc/harmonyos-releases/changelogs-ux-7001/#ch2026032761266"",""Dialog、Toast、AlphabetIndexer和文本选择菜单默认开启沉浸式系统材质"")",entry\src\main\ets\components\onboarding\OnboardingPage.ets:158,未修复,UX视觉布局变更
declare const Text: TextInterface,ArkTS,7.0.0(26) Beta1,26.0.0 - 26.0.0(26.0.0),"=HYPERLINK(""https://developer.huawei.com/consumer/cn/doc/harmonyos-releases/changelogs-ux-7001/#ch2026032761266"",""Dialog、Toast、AlphabetIndexer和文本选择菜单默认开启沉浸式系统材质"")",entry\src\main\ets\components\onboarding\OnboardingPage.ets:162,未修复,UX视觉布局变更
declare const Text: TextInterface,ArkTS,7.0.0(26) Beta1,26.0.0 - 26.0.0(26.0.0),"=HYPERLINK(""https://developer.huawei.com/consumer/cn/doc/harmonyos-releases/changelogs-ux-7001/#ch2026032761266"",""Dialog、Toast、AlphabetIndexer和文本选择菜单默认开启沉浸式系统材质"")",entry\src\main\ets\components\onboarding\OnboardingPage.ets:180,未修复,UX视觉布局变更
declare const Text: TextInterface,ArkTS,7.0.0(26) Beta1,26.0.0 - 26.0.0(26.0.0),"=HYPERLINK(""https://developer.huawei.com/consumer/cn/doc/harmonyos-releases/changelogs-ux-7001/#ch2026032761266"",""Dialog、Toast、AlphabetIndexer和文本选择菜单默认开启沉浸式系统材质"")",entry\src\main\ets\components\onboarding\OnboardingPage.ets:183,未修复,UX视觉布局变更
declare const Text: TextInterface,ArkTS,7.0.0(26) Beta1,26.0.0 - 26.0.0(26.0.0),"=HYPERLINK(""https://developer.huawei.com/consumer/cn/doc/harmonyos-releases/changelogs-ux-7001/#ch2026032761266"",""Dialog、Toast、AlphabetIndexer和文本选择菜单默认开启沉浸式系统材质"")",entry\src\main\ets\components\onboarding\OnboardingPage.ets:195,未修复,UX视觉布局变更
declare const Text: TextInterface,ArkTS,7.0.0(26) Beta1,26.0.0 - 26.0.0(26.0.0),"=HYPERLINK(""https://developer.huawei.com/consumer/cn/doc/harmonyos-releases/changelogs-ux-7001/#ch2026032761266"",""Dialog、Toast、AlphabetIndexer和文本选择菜单默认开启沉浸式系统材质"")",entry\src\main\ets\components\onboarding\OnboardingPage.ets:196,未修复,UX视觉布局变更
declare const Text: TextInterface,ArkTS,7.0.0(26) Beta1,26.0.0 - 26.0.0(26.0.0),"=HYPERLINK(""https://developer.huawei.com/consumer/cn/doc/harmonyos-releases/changelogs-ux-7001/#ch2026032761266"",""Dialog、Toast、AlphabetIndexer和文本选择菜单默认开启沉浸式系统材质"")",entry\src\main\ets\components\outliner\AutoComplete.ets:254,未修复,UX视觉布局变更
declare const Text: TextInterface,ArkTS,7.0.0(26) Beta1,26.0.0 - 26.0.0(26.0.0),"=HYPERLINK(""https://developer.huawei.com/consumer/cn/doc/harmonyos-releases/changelogs-ux-7001/#ch2026032761266"",""Dialog、Toast、AlphabetIndexer和文本选择菜单默认开启沉浸式系统材质"")",entry\src\main\ets\components\outliner\AutoComplete.ets:262,未修复,UX视觉布局变更
declare const Text: TextInterface,ArkTS,7.0.0(26) Beta1,26.0.0 - 26.0.0(26.0.0),"=HYPERLINK(""https://developer.huawei.com/consumer/cn/doc/harmonyos-releases/changelogs-ux-7001/#ch2026032761266"",""Dialog、Toast、AlphabetIndexer和文本选择菜单默认开启沉浸式系统材质"")",entry\src\main\ets\components\outliner\AutoComplete.ets:286,未修复,UX视觉布局变更
declare const Text: TextInterface,ArkTS,7.0.0(26) Beta1,26.0.0 - 26.0.0(26.0.0),"=HYPERLINK(""https://developer.huawei.com/consumer/cn/doc/harmonyos-releases/changelogs-ux-7001/#ch2026032761266"",""Dialog、Toast、AlphabetIndexer和文本选择菜单默认开启沉浸式系统材质"")",entry\src\main\ets\components\outliner\AutoComplete.ets:292,未修复,UX视觉布局变更
declare const Text: TextInterface,ArkTS,7.0.0(26) Beta1,26.0.0 - 26.0.0(26.0.0),"=HYPERLINK(""https://developer.huawei.com/consumer/cn/doc/harmonyos-releases/changelogs-ux-7001/#ch2026032761266"",""Dialog、Toast、AlphabetIndexer和文本选择菜单默认开启沉浸式系统材质"")",entry\src\main\ets\components\outliner\BlockDragHandler.ets:197,未修复,UX视觉布局变更
declare const Text: TextInterface,ArkTS,7.0.0(26) Beta1,26.0.0 - 26.0.0(26.0.0),"=HYPERLINK(""https://developer.huawei.com/consumer/cn/doc/harmonyos-releases/changelogs-ux-7001/#ch2026032761266"",""Dialog、Toast、AlphabetIndexer和文本选择菜单默认开启沉浸式系统材质"")",entry\src\main\ets\components\outliner\BlockDragHandler.ets:204,未修复,UX视觉布局变更
declare const Text: TextInterface,ArkTS,7.0.0(26) Beta1,26.0.0 - 26.0.0(26.0.0),"=HYPERLINK(""https://developer.huawei.com/consumer/cn/doc/harmonyos-releases/changelogs-ux-7001/#ch2026032761266"",""Dialog、Toast、AlphabetIndexer和文本选择菜单默认开启沉浸式系统材质"")",entry\src\main\ets\components\outliner\BlockDragHandler.ets:228,未修复,UX视觉布局变更
declare const Text: TextInterface,ArkTS,7.0.0(26) Beta1,26.0.0 - 26.0.0(26.0.0),"=HYPERLINK(""https://developer.huawei.com/consumer/cn/doc/harmonyos-releases/changelogs-ux-7001/#ch2026032761266"",""Dialog、Toast、AlphabetIndexer和文本选择菜单默认开启沉浸式系统材质"")",entry\src\main\ets\components\outliner\BlockList.ets:157,未修复,UX视觉布局变更
declare const Text: TextInterface,ArkTS,7.0.0(26) Beta1,26.0.0 - 26.0.0(26.0.0),"=HYPERLINK(""https://developer.huawei.com/consumer/cn/doc/harmonyos-releases/changelogs-ux-7001/#ch2026032761266"",""Dialog、Toast、AlphabetIndexer和文本选择菜单默认开启沉浸式系统材质"")",entry\src\main\ets\components\outliner\BlockList.ets:178,未修复,UX视觉布局变更
declare const Text: TextInterface,ArkTS,7.0.0(26) Beta1,26.0.0 - 26.0.0(26.0.0),"=HYPERLINK(""https://developer.huawei.com/consumer/cn/doc/harmonyos-releases/changelogs-ux-7001/#ch2026032761266"",""Dialog、Toast、AlphabetIndexer和文本选择菜单默认开启沉浸式系统材质"")",entry\src\main\ets\components\outliner\BlockSelection.ets:79,未修复,UX视觉布局变更
declare const Text: TextInterface,ArkTS,7.0.0(26) Beta1,26.0.0 - 26.0.0(26.0.0),"=HYPERLINK(""https://developer.huawei.com/consumer/cn/doc/harmonyos-releases/changelogs-ux-7001/#ch2026032761266"",""Dialog、Toast、AlphabetIndexer和文本选择菜单默认开启沉浸式系统材质"")",entry\src\main\ets\components\outliner\BlockView.ets:115,未修复,UX视觉布局变更
declare const Text: TextInterface,ArkTS,7.0.0(26) Beta1,26.0.0 - 26.0.0(26.0.0),"=HYPERLINK(""https://developer.huawei.com/consumer/cn/doc/harmonyos-releases/changelogs-ux-7001/#ch2026032761266"",""Dialog、Toast、AlphabetIndexer和文本选择菜单默认开启沉浸式系统材质"")",entry\src\main\ets\components\outliner\BlockView.ets:263,未修复,UX视觉布局变更
declare const Text: TextInterface,ArkTS,7.0.0(26) Beta1,26.0.0 - 26.0.0(26.0.0),"=HYPERLINK(""https://developer.huawei.com/consumer/cn/doc/harmonyos-releases/changelogs-ux-7001/#ch2026032761266"",""Dialog、Toast、AlphabetIndexer和文本选择菜单默认开启沉浸式系统材质"")",entry\src\main\ets\components\outliner\BlockView.ets:298,未修复,UX视觉布局变更
declare const Text: TextInterface,ArkTS,7.0.0(26) Beta1,26.0.0 - 26.0.0(26.0.0),"=HYPERLINK(""https://developer.huawei.com/consumer/cn/doc/harmonyos-releases/changelogs-ux-7001/#ch2026032761266"",""Dialog、Toast、AlphabetIndexer和文本选择菜单默认开启沉浸式系统材质"")",entry\src\main\ets\components\outliner\BlockView.ets:301,未修复,UX视觉布局变更
declare const Text: TextInterface,ArkTS,7.0.0(26) Beta1,26.0.0 - 26.0.0(26.0.0),"=HYPERLINK(""https://developer.huawei.com/consumer/cn/doc/harmonyos-releases/changelogs-ux-7001/#ch2026032761266"",""Dialog、Toast、AlphabetIndexer和文本选择菜单默认开启沉浸式系统材质"")",entry\src\main\ets\components\outliner\BlockView.ets:309,未修复,UX视觉布局变更
declare const Text: TextInterface,ArkTS,7.0.0(26) Beta1,26.0.0 - 26.0.0(26.0.0),"=HYPERLINK(""https://developer.huawei.com/consumer/cn/doc/harmonyos-releases/changelogs-ux-7001/#ch2026032761266"",""Dialog、Toast、AlphabetIndexer和文本选择菜单默认开启沉浸式系统材质"")",entry\src\main\ets\components\outliner\BlockView.ets:328,未修复,UX视觉布局变更
declare const Text: TextInterface,ArkTS,7.0.0(26) Beta1,26.0.0 - 26.0.0(26.0.0),"=HYPERLINK(""https://developer.huawei.com/consumer/cn/doc/harmonyos-releases/changelogs-ux-7001/#ch2026032761266"",""Dialog、Toast、AlphabetIndexer和文本选择菜单默认开启沉浸式系统材质"")",entry\src\main\ets\components\outliner\BlockView.ets:336,未修复,UX视觉布局变更
declare const Text: TextInterface,ArkTS,7.0.0(26) Beta1,26.0.0 - 26.0.0(26.0.0),"=HYPERLINK(""https://developer.huawei.com/consumer/cn/doc/harmonyos-releases/changelogs-ux-7001/#ch2026032761266"",""Dialog、Toast、AlphabetIndexer和文本选择菜单默认开启沉浸式系统材质"")",entry\src\main\ets\components\outliner\BlockView.ets:345,未修复,UX视觉布局变更
declare const Text: TextInterface,ArkTS,7.0.0(26) Beta1,26.0.0 - 26.0.0(26.0.0),"=HYPERLINK(""https://developer.huawei.com/consumer/cn/doc/harmonyos-releases/changelogs-ux-7001/#ch2026032761266"",""Dialog、Toast、AlphabetIndexer和文本选择菜单默认开启沉浸式系统材质"")",entry\src\main\ets\components\outliner\BlockView.ets:375,未修复,UX视觉布局变更
declare const Text: TextInterface,ArkTS,7.0.0(26) Beta1,26.0.0 - 26.0.0(26.0.0),"=HYPERLINK(""https://developer.huawei.com/consumer/cn/doc/harmonyos-releases/changelogs-ux-7001/#ch2026032761266"",""Dialog、Toast、AlphabetIndexer和文本选择菜单默认开启沉浸式系统材质"")",entry\src\main\ets\components\outliner\BlockView.ets:386,未修复,UX视觉布局变更
declare const Text: TextInterface,ArkTS,7.0.0(26) Beta1,26.0.0 - 26.0.0(26.0.0),"=HYPERLINK(""https://developer.huawei.com/consumer/cn/doc/harmonyos-releases/changelogs-ux-7001/#ch2026032761266"",""Dialog、Toast、AlphabetIndexer和文本选择菜单默认开启沉浸式系统材质"")",entry\src\main\ets\components\outliner\BlockView.ets:484,未修复,UX视觉布局变更
declare const Text: TextInterface,ArkTS,7.0.0(26) Beta1,26.0.0 - 26.0.0(26.0.0),"=HYPERLINK(""https://developer.huawei.com/consumer/cn/doc/harmonyos-releases/changelogs-ux-7001/#ch2026032761266"",""Dialog、Toast、AlphabetIndexer和文本选择菜单默认开启沉浸式系统材质"")",entry\src\main\ets\components\outliner\BlockView.ets:490,未修复,UX视觉布局变更
declare const Text: TextInterface,ArkTS,7.0.0(26) Beta1,26.0.0 - 26.0.0(26.0.0),"=HYPERLINK(""https://developer.huawei.com/consumer/cn/doc/harmonyos-releases/changelogs-ux-7001/#ch2026032761266"",""Dialog、Toast、AlphabetIndexer和文本选择菜单默认开启沉浸式系统材质"")",entry\src\main\ets\components\outliner\BlockView.ets:498,未修复,UX视觉布局变更
declare const Text: TextInterface,ArkTS,7.0.0(26) Beta1,26.0.0 - 26.0.0(26.0.0),"=HYPERLINK(""https://developer.huawei.com/consumer/cn/doc/harmonyos-releases/changelogs-ux-7001/#ch2026032761266"",""Dialog、Toast、AlphabetIndexer和文本选择菜单默认开启沉浸式系统材质"")",entry\src\main\ets\components\outliner\BlockView.ets:531,未修复,UX视觉布局变更
declare const Text: TextInterface,ArkTS,7.0.0(26) Beta1,26.0.0 - 26.0.0(26.0.0),"=HYPERLINK(""https://developer.huawei.com/consumer/cn/doc/harmonyos-releases/changelogs-ux-7001/#ch2026032761266"",""Dialog、Toast、AlphabetIndexer和文本选择菜单默认开启沉浸式系统材质"")",entry\src\main\ets\components\outliner\BlockView.ets:99,未修复,UX视觉布局变更
declare const Text: TextInterface,ArkTS,7.0.0(26) Beta1,26.0.0 - 26.0.0(26.0.0),"=HYPERLINK(""https://developer.huawei.com/consumer/cn/doc/harmonyos-releases/changelogs-ux-7001/#ch2026032761266"",""Dialog、Toast、AlphabetIndexer和文本选择菜单默认开启沉浸式系统材质"")",entry\src\main\ets\components\outliner\FindInPage.ets:164,未修复,UX视觉布局变更
declare const Text: TextInterface,ArkTS,7.0.0(26) Beta1,26.0.0 - 26.0.0(26.0.0),"=HYPERLINK(""https://developer.huawei.com/consumer/cn/doc/harmonyos-releases/changelogs-ux-7001/#ch2026032761266"",""Dialog、Toast、AlphabetIndexer和文本选择菜单默认开启沉浸式系统材质"")",entry\src\main\ets\components\outliner\SlashMenu.ets:143,未修复,UX视觉布局变更
declare const Text: TextInterface,ArkTS,7.0.0(26) Beta1,26.0.0 - 26.0.0(26.0.0),"=HYPERLINK(""https://developer.huawei.com/consumer/cn/doc/harmonyos-releases/changelogs-ux-7001/#ch2026032761266"",""Dialog、Toast、AlphabetIndexer和文本选择菜单默认开启沉浸式系统材质"")",entry\src\main\ets\components\outliner\SlashMenu.ets:164,未修复,UX视觉布局变更
declare const Text: TextInterface,ArkTS,7.0.0(26) Beta1,26.0.0 - 26.0.0(26.0.0),"=HYPERLINK(""https://developer.huawei.com/consumer/cn/doc/harmonyos-releases/changelogs-ux-7001/#ch2026032761266"",""Dialog、Toast、AlphabetIndexer和文本选择菜单默认开启沉浸式系统材质"")",entry\src\main\ets\components\outliner\SlashMenu.ets:168,未修复,UX视觉布局变更
declare const Text: TextInterface,ArkTS,7.0.0(26) Beta1,26.0.0 - 26.0.0(26.0.0),"=HYPERLINK(""https://developer.huawei.com/consumer/cn/doc/harmonyos-releases/changelogs-ux-7001/#ch2026032761266"",""Dialog、Toast、AlphabetIndexer和文本选择菜单默认开启沉浸式系统材质"")",entry\src\main\ets\components\outliner\SlashMenu.ets:216,未修复,UX视觉布局变更
declare const Text: TextInterface,ArkTS,7.0.0(26) Beta1,26.0.0 - 26.0.0(26.0.0),"=HYPERLINK(""https://developer.huawei.com/consumer/cn/doc/harmonyos-releases/changelogs-ux-7001/#ch2026032761266"",""Dialog、Toast、AlphabetIndexer和文本选择菜单默认开启沉浸式系统材质"")",entry\src\main\ets\components\outliner\SlashMenu.ets:224,未修复,UX视觉布局变更
declare const Text: TextInterface,ArkTS,7.0.0(26) Beta1,26.0.0 - 26.0.0(26.0.0),"=HYPERLINK(""https://developer.huawei.com/consumer/cn/doc/harmonyos-releases/changelogs-ux-7001/#ch2026032761266"",""Dialog、Toast、AlphabetIndexer和文本选择菜单默认开启沉浸式系统材质"")",entry\src\main\ets\components\outliner\SlashMenu.ets:235,未修复,UX视觉布局变更
declare const Text: TextInterface,ArkTS,7.0.0(26) Beta1,26.0.0 - 26.0.0(26.0.0),"=HYPERLINK(""https://developer.huawei.com/consumer/cn/doc/harmonyos-releases/changelogs-ux-7001/#ch2026032761266"",""Dialog、Toast、AlphabetIndexer和文本选择菜单默认开启沉浸式系统材质"")",entry\src\main\ets\components\outliner\SlashMenu.ets:239,未修复,UX视觉布局变更
declare const Text: TextInterface,ArkTS,7.0.0(26) Beta1,26.0.0 - 26.0.0(26.0.0),"=HYPERLINK(""https://developer.huawei.com/consumer/cn/doc/harmonyos-releases/changelogs-ux-7001/#ch2026032761266"",""Dialog、Toast、AlphabetIndexer和文本选择菜单默认开启沉浸式系统材质"")",entry\src\main\ets\components\page\AllPagesPage.ets:186,未修复,UX视觉布局变更
declare const Text: TextInterface,ArkTS,7.0.0(26) Beta1,26.0.0 - 26.0.0(26.0.0),"=HYPERLINK(""https://developer.huawei.com/consumer/cn/doc/harmonyos-releases/changelogs-ux-7001/#ch2026032761266"",""Dialog、Toast、AlphabetIndexer和文本选择菜单默认开启沉浸式系统材质"")",entry\src\main\ets\components\page\AllPagesPage.ets:193,未修复,UX视觉布局变更
declare const Text: TextInterface,ArkTS,7.0.0(26) Beta1,26.0.0 - 26.0.0(26.0.0),"=HYPERLINK(""https://developer.huawei.com/consumer/cn/doc/harmonyos-releases/changelogs-ux-7001/#ch2026032761266"",""Dialog、Toast、AlphabetIndexer和文本选择菜单默认开启沉浸式系统材质"")",entry\src\main\ets\components\page\AllPagesPage.ets:202,未修复,UX视觉布局变更
declare const Text: TextInterface,ArkTS,7.0.0(26) Beta1,26.0.0 - 26.0.0(26.0.0),"=HYPERLINK(""https://developer.huawei.com/consumer/cn/doc/harmonyos-releases/changelogs-ux-7001/#ch2026032761266"",""Dialog、Toast、AlphabetIndexer和文本选择菜单默认开启沉浸式系统材质"")",entry\src\main\ets\components\page\AllPagesPage.ets:214,未修复,UX视觉布局变更
declare const Text: TextInterface,ArkTS,7.0.0(26) Beta1,26.0.0 - 26.0.0(26.0.0),"=HYPERLINK(""https://developer.huawei.com/consumer/cn/doc/harmonyos-releases/changelogs-ux-7001/#ch2026032761266"",""Dialog、Toast、AlphabetIndexer和文本选择菜单默认开启沉浸式系统材质"")",entry\src\main\ets\components\page\AllPagesPage.ets:228,未修复,UX视觉布局变更
declare const Text: TextInterface,ArkTS,7.0.0(26) Beta1,26.0.0 - 26.0.0(26.0.0),"=HYPERLINK(""https://developer.huawei.com/consumer/cn/doc/harmonyos-releases/changelogs-ux-7001/#ch2026032761266"",""Dialog、Toast、AlphabetIndexer和文本选择菜单默认开启沉浸式系统材质"")",entry\src\main\ets\components\page\AllPagesPage.ets:317,未修复,UX视觉布局变更
declare const Text: TextInterface,ArkTS,7.0.0(26) Beta1,26.0.0 - 26.0.0(26.0.0),"=HYPERLINK(""https://developer.huawei.com/consumer/cn/doc/harmonyos-releases/changelogs-ux-7001/#ch2026032761266"",""Dialog、Toast、AlphabetIndexer和文本选择菜单默认开启沉浸式系统材质"")",entry\src\main\ets\components\page\AllPagesPage.ets:371,未修复,UX视觉布局变更
declare const Text: TextInterface,ArkTS,7.0.0(26) Beta1,26.0.0 - 26.0.0(26.0.0),"=HYPERLINK(""https://developer.huawei.com/consumer/cn/doc/harmonyos-releases/changelogs-ux-7001/#ch2026032761266"",""Dialog、Toast、AlphabetIndexer和文本选择菜单默认开启沉浸式系统材质"")",entry\src\main\ets\components\page\AllPagesPage.ets:379,未修复,UX视觉布局变更
declare const Text: TextInterface,ArkTS,7.0.0(26) Beta1,26.0.0 - 26.0.0(26.0.0),"=HYPERLINK(""https://developer.huawei.com/consumer/cn/doc/harmonyos-releases/changelogs-ux-7001/#ch2026032761266"",""Dialog、Toast、AlphabetIndexer和文本选择菜单默认开启沉浸式系统材质"")",entry\src\main\ets\components\page\AllPagesPage.ets:390,未修复,UX视觉布局变更
declare const Text: TextInterface,ArkTS,7.0.0(26) Beta1,26.0.0 - 26.0.0(26.0.0),"=HYPERLINK(""https://developer.huawei.com/consumer/cn/doc/harmonyos-releases/changelogs-ux-7001/#ch2026032761266"",""Dialog、Toast、AlphabetIndexer和文本选择菜单默认开启沉浸式系统材质"")",entry\src\main\ets\components\page\AllPagesPage.ets:396,未修复,UX视觉布局变更
declare const Text: TextInterface,ArkTS,7.0.0(26) Beta1,26.0.0 - 26.0.0(26.0.0),"=HYPERLINK(""https://developer.huawei.com/consumer/cn/doc/harmonyos-releases/changelogs-ux-7001/#ch2026032761266"",""Dialog、Toast、AlphabetIndexer和文本选择菜单默认开启沉浸式系统材质"")",entry\src\main\ets\components\page\JournalFeed.ets:57,未修复,UX视觉布局变更
declare const Text: TextInterface,ArkTS,7.0.0(26) Beta1,26.0.0 - 26.0.0(26.0.0),"=HYPERLINK(""https://developer.huawei.com/consumer/cn/doc/harmonyos-releases/changelogs-ux-7001/#ch2026032761266"",""Dialog、Toast、AlphabetIndexer和文本选择菜单默认开启沉浸式系统材质"")",entry\src\main\ets\components\page\PageView.ets:127,未修复,UX视觉布局变更
declare const Text: TextInterface,ArkTS,7.0.0(26) Beta1,26.0.0 - 26.0.0(26.0.0),"=HYPERLINK(""https://developer.huawei.com/consumer/cn/doc/harmonyos-releases/changelogs-ux-7001/#ch2026032761266"",""Dialog、Toast、AlphabetIndexer和文本选择菜单默认开启沉浸式系统材质"")",entry\src\main\ets\components\page\PageView.ets:139,未修复,UX视觉布局变更
declare const Text: TextInterface,ArkTS,7.0.0(26) Beta1,26.0.0 - 26.0.0(26.0.0),"=HYPERLINK(""https://developer.huawei.com/consumer/cn/doc/harmonyos-releases/changelogs-ux-7001/#ch2026032761266"",""Dialog、Toast、AlphabetIndexer和文本选择菜单默认开启沉浸式系统材质"")",entry\src\main\ets\components\page\PageView.ets:143,未修复,UX视觉布局变更
declare const Text: TextInterface,ArkTS,7.0.0(26) Beta1,26.0.0 - 26.0.0(26.0.0),"=HYPERLINK(""https://developer.huawei.com/consumer/cn/doc/harmonyos-releases/changelogs-ux-7001/#ch2026032761266"",""Dialog、Toast、AlphabetIndexer和文本选择菜单默认开启沉浸式系统材质"")",entry\src\main\ets\components\page\PageView.ets:148,未修复,UX视觉布局变更
declare const Text: TextInterface,ArkTS,7.0.0(26) Beta1,26.0.0 - 26.0.0(26.0.0),"=HYPERLINK(""https://developer.huawei.com/consumer/cn/doc/harmonyos-releases/changelogs-ux-7001/#ch2026032761266"",""Dialog、Toast、AlphabetIndexer和文本选择菜单默认开启沉浸式系统材质"")",entry\src\main\ets\components\page\PageView.ets:162,未修复,UX视觉布局变更
declare const Text: TextInterface,ArkTS,7.0.0(26) Beta1,26.0.0 - 26.0.0(26.0.0),"=HYPERLINK(""https://developer.huawei.com/consumer/cn/doc/harmonyos-releases/changelogs-ux-7001/#ch2026032761266"",""Dialog、Toast、AlphabetIndexer和文本选择菜单默认开启沉浸式系统材质"")",entry\src\main\ets\components\page\PageView.ets:166,未修复,UX视觉布局变更
declare const Text: TextInterface,ArkTS,7.0.0(26) Beta1,26.0.0 - 26.0.0(26.0.0),"=HYPERLINK(""https://developer.huawei.com/consumer/cn/doc/harmonyos-releases/changelogs-ux-7001/#ch2026032761266"",""Dialog、Toast、AlphabetIndexer和文本选择菜单默认开启沉浸式系统材质"")",entry\src\main\ets\components\page\PageView.ets:170,未修复,UX视觉布局变更
declare const Text: TextInterface,ArkTS,7.0.0(26) Beta1,26.0.0 - 26.0.0(26.0.0),"=HYPERLINK(""https://developer.huawei.com/consumer/cn/doc/harmonyos-releases/changelogs-ux-7001/#ch2026032761266"",""Dialog、Toast、AlphabetIndexer和文本选择菜单默认开启沉浸式系统材质"")",entry\src\main\ets\components\page\PageView.ets:212,未修复,UX视觉布局变更
declare const Text: TextInterface,ArkTS,7.0.0(26) Beta1,26.0.0 - 26.0.0(26.0.0),"=HYPERLINK(""https://developer.huawei.com/consumer/cn/doc/harmonyos-releases/changelogs-ux-7001/#ch2026032761266"",""Dialog、Toast、AlphabetIndexer和文本选择菜单默认开启沉浸式系统材质"")",entry\src\main\ets\components\page\PageView.ets:228,未修复,UX视觉布局变更
declare const Text: TextInterface,ArkTS,7.0.0(26) Beta1,26.0.0 - 26.0.0(26.0.0),"=HYPERLINK(""https://developer.huawei.com/consumer/cn/doc/harmonyos-releases/changelogs-ux-7001/#ch2026032761266"",""Dialog、Toast、AlphabetIndexer和文本选择菜单默认开启沉浸式系统材质"")",entry\src\main\ets\components\page\PageView.ets:243,未修复,UX视觉布局变更
declare const Text: TextInterface,ArkTS,7.0.0(26) Beta1,26.0.0 - 26.0.0(26.0.0),"=HYPERLINK(""https://developer.huawei.com/consumer/cn/doc/harmonyos-releases/changelogs-ux-7001/#ch2026032761266"",""Dialog、Toast、AlphabetIndexer和文本选择菜单默认开启沉浸式系统材质"")",entry\src\main\ets\components\page\PageView.ets:247,未修复,UX视觉布局变更
declare const Text: TextInterface,ArkTS,7.0.0(26) Beta1,26.0.0 - 26.0.0(26.0.0),"=HYPERLINK(""https://developer.huawei.com/consumer/cn/doc/harmonyos-releases/changelogs-ux-7001/#ch2026032761266"",""Dialog、Toast、AlphabetIndexer和文本选择菜单默认开启沉浸式系统材质"")",entry\src\main\ets\components\page\PageView.ets:255,未修复,UX视觉布局变更
declare const Text: TextInterface,ArkTS,7.0.0(26) Beta1,26.0.0 - 26.0.0(26.0.0),"=HYPERLINK(""https://developer.huawei.com/consumer/cn/doc/harmonyos-releases/changelogs-ux-7001/#ch2026032761266"",""Dialog、Toast、AlphabetIndexer和文本选择菜单默认开启沉浸式系统材质"")",entry\src\main\ets\components\page\PageView.ets:285,未修复,UX视觉布局变更
declare const Text: TextInterface,ArkTS,7.0.0(26) Beta1,26.0.0 - 26.0.0(26.0.0),"=HYPERLINK(""https://developer.huawei.com/consumer/cn/doc/harmonyos-releases/changelogs-ux-7001/#ch2026032761266"",""Dialog、Toast、AlphabetIndexer和文本选择菜单默认开启沉浸式系统材质"")",entry\src\main\ets\components\page\PageView.ets:294,未修复,UX视觉布局变更
declare const Text: TextInterface,ArkTS,7.0.0(26) Beta1,26.0.0 - 26.0.0(26.0.0),"=HYPERLINK(""https://developer.huawei.com/consumer/cn/doc/harmonyos-releases/changelogs-ux-7001/#ch2026032761266"",""Dialog、Toast、AlphabetIndexer和文本选择菜单默认开启沉浸式系统材质"")",entry\src\main\ets\components\page\PageView.ets:314,未修复,UX视觉布局变更
declare const Text: TextInterface,ArkTS,7.0.0(26) Beta1,26.0.0 - 26.0.0(26.0.0),"=HYPERLINK(""https://developer.huawei.com/consumer/cn/doc/harmonyos-releases/changelogs-ux-7001/#ch2026032761266"",""Dialog、Toast、AlphabetIndexer和文本选择菜单默认开启沉浸式系统材质"")",entry\src\main\ets\components\page\PageView.ets:323,未修复,UX视觉布局变更
declare const Text: TextInterface,ArkTS,7.0.0(26) Beta1,26.0.0 - 26.0.0(26.0.0),"=HYPERLINK(""https://developer.huawei.com/consumer/cn/doc/harmonyos-releases/changelogs-ux-7001/#ch2026032761266"",""Dialog、Toast、AlphabetIndexer和文本选择菜单默认开启沉浸式系统材质"")",entry\src\main\ets\components\page\PageView.ets:328,未修复,UX视觉布局变更
declare const Text: TextInterface,ArkTS,7.0.0(26) Beta1,26.0.0 - 26.0.0(26.0.0),"=HYPERLINK(""https://developer.huawei.com/consumer/cn/doc/harmonyos-releases/changelogs-ux-7001/#ch2026032761266"",""Dialog、Toast、AlphabetIndexer和文本选择菜单默认开启沉浸式系统材质"")",entry\src\main\ets\components\page\PageView.ets:332,未修复,UX视觉布局变更
declare const Text: TextInterface,ArkTS,7.0.0(26) Beta1,26.0.0 - 26.0.0(26.0.0),"=HYPERLINK(""https://developer.huawei.com/consumer/cn/doc/harmonyos-releases/changelogs-ux-7001/#ch2026032761266"",""Dialog、Toast、AlphabetIndexer和文本选择菜单默认开启沉浸式系统材质"")",entry\src\main\ets\components\property\PropertyConfig.ets:319,未修复,UX视觉布局变更
declare const Text: TextInterface,ArkTS,7.0.0(26) Beta1,26.0.0 - 26.0.0(26.0.0),"=HYPERLINK(""https://developer.huawei.com/consumer/cn/doc/harmonyos-releases/changelogs-ux-7001/#ch2026032761266"",""Dialog、Toast、AlphabetIndexer和文本选择菜单默认开启沉浸式系统材质"")",entry\src\main\ets\components\property\PropertyConfig.ets:342,未修复,UX视觉布局变更
declare const Text: TextInterface,ArkTS,7.0.0(26) Beta1,26.0.0 - 26.0.0(26.0.0),"=HYPERLINK(""https://developer.huawei.com/consumer/cn/doc/harmonyos-releases/changelogs-ux-7001/#ch2026032761266"",""Dialog、Toast、AlphabetIndexer和文本选择菜单默认开启沉浸式系统材质"")",entry\src\main\ets\components\property\PropertyConfig.ets:380,未修复,UX视觉布局变更
declare const Text: TextInterface,ArkTS,7.0.0(26) Beta1,26.0.0 - 26.0.0(26.0.0),"=HYPERLINK(""https://developer.huawei.com/consumer/cn/doc/harmonyos-releases/changelogs-ux-7001/#ch2026032761266"",""Dialog、Toast、AlphabetIndexer和文本选择菜单默认开启沉浸式系统材质"")",entry\src\main\ets\components\property\PropertyConfig.ets:392,未修复,UX视觉布局变更
declare const Text: TextInterface,ArkTS,7.0.0(26) Beta1,26.0.0 - 26.0.0(26.0.0),"=HYPERLINK(""https://developer.huawei.com/consumer/cn/doc/harmonyos-releases/changelogs-ux-7001/#ch2026032761266"",""Dialog、Toast、AlphabetIndexer和文本选择菜单默认开启沉浸式系统材质"")",entry\src\main\ets\components\property\PropertyConfig.ets:397,未修复,UX视觉布局变更
declare const Text: TextInterface,ArkTS,7.0.0(26) Beta1,26.0.0 - 26.0.0(26.0.0),"=HYPERLINK(""https://developer.huawei.com/consumer/cn/doc/harmonyos-releases/changelogs-ux-7001/#ch2026032761266"",""Dialog、Toast、AlphabetIndexer和文本选择菜单默认开启沉浸式系统材质"")",entry\src\main\ets\components\property\PropertyConfig.ets:403,未修复,UX视觉布局变更
declare const Text: TextInterface,ArkTS,7.0.0(26) Beta1,26.0.0 - 26.0.0(26.0.0),"=HYPERLINK(""https://developer.huawei.com/consumer/cn/doc/harmonyos-releases/changelogs-ux-7001/#ch2026032761266"",""Dialog、Toast、AlphabetIndexer和文本选择菜单默认开启沉浸式系统材质"")",entry\src\main\ets\components\property\PropertyConfig.ets:445,未修复,UX视觉布局变更
declare const Text: TextInterface,ArkTS,7.0.0(26) Beta1,26.0.0 - 26.0.0(26.0.0),"=HYPERLINK(""https://developer.huawei.com/consumer/cn/doc/harmonyos-releases/changelogs-ux-7001/#ch2026032761266"",""Dialog、Toast、AlphabetIndexer和文本选择菜单默认开启沉浸式系统材质"")",entry\src\main\ets\components\property\PropertyConfig.ets:449,未修复,UX视觉布局变更
declare const Text: TextInterface,ArkTS,7.0.0(26) Beta1,26.0.0 - 26.0.0(26.0.0),"=HYPERLINK(""https://developer.huawei.com/consumer/cn/doc/harmonyos-releases/changelogs-ux-7001/#ch2026032761266"",""Dialog、Toast、AlphabetIndexer和文本选择菜单默认开启沉浸式系统材质"")",entry\src\main\ets\components\property\PropertyConfig.ets:475,未修复,UX视觉布局变更
declare const Text: TextInterface,ArkTS,7.0.0(26) Beta1,26.0.0 - 26.0.0(26.0.0),"=HYPERLINK(""https://developer.huawei.com/consumer/cn/doc/harmonyos-releases/changelogs-ux-7001/#ch2026032761266"",""Dialog、Toast、AlphabetIndexer和文本选择菜单默认开启沉浸式系统材质"")",entry\src\main\ets\components\property\PropertyConfig.ets:483,未修复,UX视觉布局变更
declare const Text: TextInterface,ArkTS,7.0.0(26) Beta1,26.0.0 - 26.0.0(26.0.0),"=HYPERLINK(""https://developer.huawei.com/consumer/cn/doc/harmonyos-releases/changelogs-ux-7001/#ch2026032761266"",""Dialog、Toast、AlphabetIndexer和文本选择菜单默认开启沉浸式系统材质"")",entry\src\main\ets\components\property\PropertyConfig.ets:499,未修复,UX视觉布局变更
declare const Text: TextInterface,ArkTS,7.0.0(26) Beta1,26.0.0 - 26.0.0(26.0.0),"=HYPERLINK(""https://developer.huawei.com/consumer/cn/doc/harmonyos-releases/changelogs-ux-7001/#ch2026032761266"",""Dialog、Toast、AlphabetIndexer和文本选择菜单默认开启沉浸式系统材质"")",entry\src\main\ets\components\property\PropertyConfig.ets:517,未修复,UX视觉布局变更
declare const Text: TextInterface,ArkTS,7.0.0(26) Beta1,26.0.0 - 26.0.0(26.0.0),"=HYPERLINK(""https://developer.huawei.com/consumer/cn/doc/harmonyos-releases/changelogs-ux-7001/#ch2026032761266"",""Dialog、Toast、AlphabetIndexer和文本选择菜单默认开启沉浸式系统材质"")",entry\src\main\ets\components\property\PropertyConfig.ets:532,未修复,UX视觉布局变更
declare const Text: TextInterface,ArkTS,7.0.0(26) Beta1,26.0.0 - 26.0.0(26.0.0),"=HYPERLINK(""https://developer.huawei.com/consumer/cn/doc/harmonyos-releases/changelogs-ux-7001/#ch2026032761266"",""Dialog、Toast、AlphabetIndexer和文本选择菜单默认开启沉浸式系统材质"")",entry\src\main\ets\components\property\PropertyEditor.ets:170,未修复,UX视觉布局变更
declare const Text: TextInterface,ArkTS,7.0.0(26) Beta1,26.0.0 - 26.0.0(26.0.0),"=HYPERLINK(""https://developer.huawei.com/consumer/cn/doc/harmonyos-releases/changelogs-ux-7001/#ch2026032761266"",""Dialog、Toast、AlphabetIndexer和文本选择菜单默认开启沉浸式系统材质"")",entry\src\main\ets\components\property\PropertyEditor.ets:199,未修复,UX视觉布局变更
declare const Text: TextInterface,ArkTS,7.0.0(26) Beta1,26.0.0 - 26.0.0(26.0.0),"=HYPERLINK(""https://developer.huawei.com/consumer/cn/doc/harmonyos-releases/changelogs-ux-7001/#ch2026032761266"",""Dialog、Toast、AlphabetIndexer和文本选择菜单默认开启沉浸式系统材质"")",entry\src\main\ets\components\property\PropertyEditor.ets:209,未修复,UX视觉布局变更
declare const Text: TextInterface,ArkTS,7.0.0(26) Beta1,26.0.0 - 26.0.0(26.0.0),"=HYPERLINK(""https://developer.huawei.com/consumer/cn/doc/harmonyos-releases/changelogs-ux-7001/#ch2026032761266"",""Dialog、Toast、AlphabetIndexer和文本选择菜单默认开启沉浸式系统材质"")",entry\src\main\ets\components\property\PropertyEditor.ets:214,未修复,UX视觉布局变更
declare const Text: TextInterface,ArkTS,7.0.0(26) Beta1,26.0.0 - 26.0.0(26.0.0),"=HYPERLINK(""https://developer.huawei.com/consumer/cn/doc/harmonyos-releases/changelogs-ux-7001/#ch2026032761266"",""Dialog、Toast、AlphabetIndexer和文本选择菜单默认开启沉浸式系统材质"")",entry\src\main\ets\components\property\PropertyEditor.ets:256,未修复,UX视觉布局变更
declare const Text: TextInterface,ArkTS,7.0.0(26) Beta1,26.0.0 - 26.0.0(26.0.0),"=HYPERLINK(""https://developer.huawei.com/consumer/cn/doc/harmonyos-releases/changelogs-ux-7001/#ch2026032761266"",""Dialog、Toast、AlphabetIndexer和文本选择菜单默认开启沉浸式系统材质"")",entry\src\main\ets\components\property\PropertyEditor.ets:264,未修复,UX视觉布局变更
declare const Text: TextInterface,ArkTS,7.0.0(26) Beta1,26.0.0 - 26.0.0(26.0.0),"=HYPERLINK(""https://developer.huawei.com/consumer/cn/doc/harmonyos-releases/changelogs-ux-7001/#ch2026032761266"",""Dialog、Toast、AlphabetIndexer和文本选择菜单默认开启沉浸式系统材质"")",entry\src\main\ets\components\property\PropertyEditor.ets:281,未修复,UX视觉布局变更
declare const Text: TextInterface,ArkTS,7.0.0(26) Beta1,26.0.0 - 26.0.0(26.0.0),"=HYPERLINK(""https://developer.huawei.com/consumer/cn/doc/harmonyos-releases/changelogs-ux-7001/#ch2026032761266"",""Dialog、Toast、AlphabetIndexer和文本选择菜单默认开启沉浸式系统材质"")",entry\src\main\ets\components\property\PropertyEditor.ets:327,未修复,UX视觉布局变更
declare const Text: TextInterface,ArkTS,7.0.0(26) Beta1,26.0.0 - 26.0.0(26.0.0),"=HYPERLINK(""https://developer.huawei.com/consumer/cn/doc/harmonyos-releases/changelogs-ux-7001/#ch2026032761266"",""Dialog、Toast、AlphabetIndexer和文本选择菜单默认开启沉浸式系统材质"")",entry\src\main\ets\components\property\PropertyEditor.ets:341,未修复,UX视觉布局变更
declare const Text: TextInterface,ArkTS,7.0.0(26) Beta1,26.0.0 - 26.0.0(26.0.0),"=HYPERLINK(""https://developer.huawei.com/consumer/cn/doc/harmonyos-releases/changelogs-ux-7001/#ch2026032761266"",""Dialog、Toast、AlphabetIndexer和文本选择菜单默认开启沉浸式系统材质"")",entry\src\main\ets\components\property\PropertyEditor.ets:375,未修复,UX视觉布局变更
declare const Text: TextInterface,ArkTS,7.0.0(26) Beta1,26.0.0 - 26.0.0(26.0.0),"=HYPERLINK(""https://developer.huawei.com/consumer/cn/doc/harmonyos-releases/changelogs-ux-7001/#ch2026032761266"",""Dialog、Toast、AlphabetIndexer和文本选择菜单默认开启沉浸式系统材质"")",entry\src\main\ets\components\property\PropertyEditor.ets:384,未修复,UX视觉布局变更
declare const Text: TextInterface,ArkTS,7.0.0(26) Beta1,26.0.0 - 26.0.0(26.0.0),"=HYPERLINK(""https://developer.huawei.com/consumer/cn/doc/harmonyos-releases/changelogs-ux-7001/#ch2026032761266"",""Dialog、Toast、AlphabetIndexer和文本选择菜单默认开启沉浸式系统材质"")",entry\src\main\ets\components\property\PropertyValueEditor.ets:22,未修复,UX视觉布局变更
declare const Text: TextInterface,ArkTS,7.0.0(26) Beta1,26.0.0 - 26.0.0(26.0.0),"=HYPERLINK(""https://developer.huawei.com/consumer/cn/doc/harmonyos-releases/changelogs-ux-7001/#ch2026032761266"",""Dialog、Toast、AlphabetIndexer和文本选择菜单默认开启沉浸式系统材质"")",entry\src\main\ets\components\query\InlineQueryBlock.ets:133,未修复,UX视觉布局变更
declare const Text: TextInterface,ArkTS,7.0.0(26) Beta1,26.0.0 - 26.0.0(26.0.0),"=HYPERLINK(""https://developer.huawei.com/consumer/cn/doc/harmonyos-releases/changelogs-ux-7001/#ch2026032761266"",""Dialog、Toast、AlphabetIndexer和文本选择菜单默认开启沉浸式系统材质"")",entry\src\main\ets\components\query\InlineQueryBlock.ets:140,未修复,UX视觉布局变更
declare const Text: TextInterface,ArkTS,7.0.0(26) Beta1,26.0.0 - 26.0.0(26.0.0),"=HYPERLINK(""https://developer.huawei.com/consumer/cn/doc/harmonyos-releases/changelogs-ux-7001/#ch2026032761266"",""Dialog、Toast、AlphabetIndexer和文本选择菜单默认开启沉浸式系统材质"")",entry\src\main\ets\components\query\InlineQueryBlock.ets:153,未修复,UX视觉布局变更
declare const Text: TextInterface,ArkTS,7.0.0(26) Beta1,26.0.0 - 26.0.0(26.0.0),"=HYPERLINK(""https://developer.huawei.com/consumer/cn/doc/harmonyos-releases/changelogs-ux-7001/#ch2026032761266"",""Dialog、Toast、AlphabetIndexer和文本选择菜单默认开启沉浸式系统材质"")",entry\src\main\ets\components\query\InlineQueryBlock.ets:159,未修复,UX视觉布局变更
declare const Text: TextInterface,ArkTS,7.0.0(26) Beta1,26.0.0 - 26.0.0(26.0.0),"=HYPERLINK(""https://developer.huawei.com/consumer/cn/doc/harmonyos-releases/changelogs-ux-7001/#ch2026032761266"",""Dialog、Toast、AlphabetIndexer和文本选择菜单默认开启沉浸式系统材质"")",entry\src\main\ets\components\query\QueryBuilder.ets:103,未修复,UX视觉布局变更
declare const Text: TextInterface,ArkTS,7.0.0(26) Beta1,26.0.0 - 26.0.0(26.0.0),"=HYPERLINK(""https://developer.huawei.com/consumer/cn/doc/harmonyos-releases/changelogs-ux-7001/#ch2026032761266"",""Dialog、Toast、AlphabetIndexer和文本选择菜单默认开启沉浸式系统材质"")",entry\src\main\ets\components\query\QueryBuilder.ets:119,未修复,UX视觉布局变更
declare const Text: TextInterface,ArkTS,7.0.0(26) Beta1,26.0.0 - 26.0.0(26.0.0),"=HYPERLINK(""https://developer.huawei.com/consumer/cn/doc/harmonyos-releases/changelogs-ux-7001/#ch2026032761266"",""Dialog、Toast、AlphabetIndexer和文本选择菜单默认开启沉浸式系统材质"")",entry\src\main\ets\components\query\QueryBuilder.ets:127,未修复,UX视觉布局变更
declare const Text: TextInterface,ArkTS,7.0.0(26) Beta1,26.0.0 - 26.0.0(26.0.0),"=HYPERLINK(""https://developer.huawei.com/consumer/cn/doc/harmonyos-releases/changelogs-ux-7001/#ch2026032761266"",""Dialog、Toast、AlphabetIndexer和文本选择菜单默认开启沉浸式系统材质"")",entry\src\main\ets\components\query\QueryBuilder.ets:132,未修复,UX视觉布局变更
declare const Text: TextInterface,ArkTS,7.0.0(26) Beta1,26.0.0 - 26.0.0(26.0.0),"=HYPERLINK(""https://developer.huawei.com/consumer/cn/doc/harmonyos-releases/changelogs-ux-7001/#ch2026032761266"",""Dialog、Toast、AlphabetIndexer和文本选择菜单默认开启沉浸式系统材质"")",entry\src\main\ets\components\query\QueryBuilder.ets:166,未修复,UX视觉布局变更
declare const Text: TextInterface,ArkTS,7.0.0(26) Beta1,26.0.0 - 26.0.0(26.0.0),"=HYPERLINK(""https://developer.huawei.com/consumer/cn/doc/harmonyos-releases/changelogs-ux-7001/#ch2026032761266"",""Dialog、Toast、AlphabetIndexer和文本选择菜单默认开启沉浸式系统材质"")",entry\src\main\ets\components\query\QueryBuilder.ets:27,未修复,UX视觉布局变更
declare const Text: TextInterface,ArkTS,7.0.0(26) Beta1,26.0.0 - 26.0.0(26.0.0),"=HYPERLINK(""https://developer.huawei.com/consumer/cn/doc/harmonyos-releases/changelogs-ux-7001/#ch2026032761266"",""Dialog、Toast、AlphabetIndexer和文本选择菜单默认开启沉浸式系统材质"")",entry\src\main\ets\components\query\QueryBuilder.ets:38,未修复,UX视觉布局变更
declare const Text: TextInterface,ArkTS,7.0.0(26) Beta1,26.0.0 - 26.0.0(26.0.0),"=HYPERLINK(""https://developer.huawei.com/consumer/cn/doc/harmonyos-releases/changelogs-ux-7001/#ch2026032761266"",""Dialog、Toast、AlphabetIndexer和文本选择菜单默认开启沉浸式系统材质"")",entry\src\main\ets\components\query\QueryBuilder.ets:50,未修复,UX视觉布局变更
declare const Text: TextInterface,ArkTS,7.0.0(26) Beta1,26.0.0 - 26.0.0(26.0.0),"=HYPERLINK(""https://developer.huawei.com/consumer/cn/doc/harmonyos-releases/changelogs-ux-7001/#ch2026032761266"",""Dialog、Toast、AlphabetIndexer和文本选择菜单默认开启沉浸式系统材质"")",entry\src\main\ets\components\query\QueryBuilder.ets:62,未修复,UX视觉布局变更
declare const Text: TextInterface,ArkTS,7.0.0(26) Beta1,26.0.0 - 26.0.0(26.0.0),"=HYPERLINK(""https://developer.huawei.com/consumer/cn/doc/harmonyos-releases/changelogs-ux-7001/#ch2026032761266"",""Dialog、Toast、AlphabetIndexer和文本选择菜单默认开启沉浸式系统材质"")",entry\src\main\ets\components\query\QueryBuilder.ets:66,未修复,UX视觉布局变更
declare const Text: TextInterface,ArkTS,7.0.0(26) Beta1,26.0.0 - 26.0.0(26.0.0),"=HYPERLINK(""https://developer.huawei.com/consumer/cn/doc/harmonyos-releases/changelogs-ux-7001/#ch2026032761266"",""Dialog、Toast、AlphabetIndexer和文本选择菜单默认开启沉浸式系统材质"")",entry\src\main\ets\components\query\QueryBuilder.ets:75,未修复,UX视觉布局变更
declare const Text: TextInterface,ArkTS,7.0.0(26) Beta1,26.0.0 - 26.0.0(26.0.0),"=HYPERLINK(""https://developer.huawei.com/consumer/cn/doc/harmonyos-releases/changelogs-ux-7001/#ch2026032761266"",""Dialog、Toast、AlphabetIndexer和文本选择菜单默认开启沉浸式系统材质"")",entry\src\main\ets\components\query\QueryView.ets:280,未修复,UX视觉布局变更
declare const Text: TextInterface,ArkTS,7.0.0(26) Beta1,26.0.0 - 26.0.0(26.0.0),"=HYPERLINK(""https://developer.huawei.com/consumer/cn/doc/harmonyos-releases/changelogs-ux-7001/#ch2026032761266"",""Dialog、Toast、AlphabetIndexer和文本选择菜单默认开启沉浸式系统材质"")",entry\src\main\ets\components\query\QueryView.ets:299,未修复,UX视觉布局变更
declare const Text: TextInterface,ArkTS,7.0.0(26) Beta1,26.0.0 - 26.0.0(26.0.0),"=HYPERLINK(""https://developer.huawei.com/consumer/cn/doc/harmonyos-releases/changelogs-ux-7001/#ch2026032761266"",""Dialog、Toast、AlphabetIndexer和文本选择菜单默认开启沉浸式系统材质"")",entry\src\main\ets\components\query\QueryView.ets:331,未修复,UX视觉布局变更
declare const Text: TextInterface,ArkTS,7.0.0(26) Beta1,26.0.0 - 26.0.0(26.0.0),"=HYPERLINK(""https://developer.huawei.com/consumer/cn/doc/harmonyos-releases/changelogs-ux-7001/#ch2026032761266"",""Dialog、Toast、AlphabetIndexer和文本选择菜单默认开启沉浸式系统材质"")",entry\src\main\ets\components\query\QueryView.ets:347,未修复,UX视觉布局变更
declare const Text: TextInterface,ArkTS,7.0.0(26) Beta1,26.0.0 - 26.0.0(26.0.0),"=HYPERLINK(""https://developer.huawei.com/consumer/cn/doc/harmonyos-releases/changelogs-ux-7001/#ch2026032761266"",""Dialog、Toast、AlphabetIndexer和文本选择菜单默认开启沉浸式系统材质"")",entry\src\main\ets\components\query\QueryView.ets:356,未修复,UX视觉布局变更
declare const Text: TextInterface,ArkTS,7.0.0(26) Beta1,26.0.0 - 26.0.0(26.0.0),"=HYPERLINK(""https://developer.huawei.com/consumer/cn/doc/harmonyos-releases/changelogs-ux-7001/#ch2026032761266"",""Dialog、Toast、AlphabetIndexer和文本选择菜单默认开启沉浸式系统材质"")",entry\src\main\ets\components\query\QueryView.ets:361,未修复,UX视觉布局变更
declare const Text: TextInterface,ArkTS,7.0.0(26) Beta1,26.0.0 - 26.0.0(26.0.0),"=HYPERLINK(""https://developer.huawei.com/consumer/cn/doc/harmonyos-releases/changelogs-ux-7001/#ch2026032761266"",""Dialog、Toast、AlphabetIndexer和文本选择菜单默认开启沉浸式系统材质"")",entry\src\main\ets\components\query\QueryView.ets:393,未修复,UX视觉布局变更
declare const Text: TextInterface,ArkTS,7.0.0(26) Beta1,26.0.0 - 26.0.0(26.0.0),"=HYPERLINK(""https://developer.huawei.com/consumer/cn/doc/harmonyos-releases/changelogs-ux-7001/#ch2026032761266"",""Dialog、Toast、AlphabetIndexer和文本选择菜单默认开启沉浸式系统材质"")",entry\src\main\ets\components\query\QueryView.ets:405,未修复,UX视觉布局变更
declare const Text: TextInterface,ArkTS,7.0.0(26) Beta1,26.0.0 - 26.0.0(26.0.0),"=HYPERLINK(""https://developer.huawei.com/consumer/cn/doc/harmonyos-releases/changelogs-ux-7001/#ch2026032761266"",""Dialog、Toast、AlphabetIndexer和文本选择菜单默认开启沉浸式系统材质"")",entry\src\main\ets\components\query\QueryView.ets:416,未修复,UX视觉布局变更
declare const Text: TextInterface,ArkTS,7.0.0(26) Beta1,26.0.0 - 26.0.0(26.0.0),"=HYPERLINK(""https://developer.huawei.com/consumer/cn/doc/harmonyos-releases/changelogs-ux-7001/#ch2026032761266"",""Dialog、Toast、AlphabetIndexer和文本选择菜单默认开启沉浸式系统材质"")",entry\src\main\ets\components\query\QueryView.ets:428,未修复,UX视觉布局变更
declare const Text: TextInterface,ArkTS,7.0.0(26) Beta1,26.0.0 - 26.0.0(26.0.0),"=HYPERLINK(""https://developer.huawei.com/consumer/cn/doc/harmonyos-releases/changelogs-ux-7001/#ch2026032761266"",""Dialog、Toast、AlphabetIndexer和文本选择菜单默认开启沉浸式系统材质"")",entry\src\main\ets\components\query\QueryView.ets:457,未修复,UX视觉布局变更
declare const Text: TextInterface,ArkTS,7.0.0(26) Beta1,26.0.0 - 26.0.0(26.0.0),"=HYPERLINK(""https://developer.huawei.com/consumer/cn/doc/harmonyos-releases/changelogs-ux-7001/#ch2026032761266"",""Dialog、Toast、AlphabetIndexer和文本选择菜单默认开启沉浸式系统材质"")",entry\src\main\ets\components\query\QueryView.ets:464,未修复,UX视觉布局变更
declare const Text: TextInterface,ArkTS,7.0.0(26) Beta1,26.0.0 - 26.0.0(26.0.0),"=HYPERLINK(""https://developer.huawei.com/consumer/cn/doc/harmonyos-releases/changelogs-ux-7001/#ch2026032761266"",""Dialog、Toast、AlphabetIndexer和文本选择菜单默认开启沉浸式系统材质"")",entry\src\main\ets\components\query\QueryView.ets:479,未修复,UX视觉布局变更
declare const Text: TextInterface,ArkTS,7.0.0(26) Beta1,26.0.0 - 26.0.0(26.0.0),"=HYPERLINK(""https://developer.huawei.com/consumer/cn/doc/harmonyos-releases/changelogs-ux-7001/#ch2026032761266"",""Dialog、Toast、AlphabetIndexer和文本选择菜单默认开启沉浸式系统材质"")",entry\src\main\ets\components\query\QueryView.ets:487,未修复,UX视觉布局变更
declare const Text: TextInterface,ArkTS,7.0.0(26) Beta1,26.0.0 - 26.0.0(26.0.0),"=HYPERLINK(""https://developer.huawei.com/consumer/cn/doc/harmonyos-releases/changelogs-ux-7001/#ch2026032761266"",""Dialog、Toast、AlphabetIndexer和文本选择菜单默认开启沉浸式系统材质"")",entry\src\main\ets\components\search\SearchPanel.ets:265,未修复,UX视觉布局变更
declare const Text: TextInterface,ArkTS,7.0.0(26) Beta1,26.0.0 - 26.0.0(26.0.0),"=HYPERLINK(""https://developer.huawei.com/consumer/cn/doc/harmonyos-releases/changelogs-ux-7001/#ch2026032761266"",""Dialog、Toast、AlphabetIndexer和文本选择菜单默认开启沉浸式系统材质"")",entry\src\main\ets\components\search\SearchPanel.ets:279,未修复,UX视觉布局变更
declare const Text: TextInterface,ArkTS,7.0.0(26) Beta1,26.0.0 - 26.0.0(26.0.0),"=HYPERLINK(""https://developer.huawei.com/consumer/cn/doc/harmonyos-releases/changelogs-ux-7001/#ch2026032761266"",""Dialog、Toast、AlphabetIndexer和文本选择菜单默认开启沉浸式系统材质"")",entry\src\main\ets\components\search\SearchPanel.ets:328,未修复,UX视觉布局变更
declare const Text: TextInterface,ArkTS,7.0.0(26) Beta1,26.0.0 - 26.0.0(26.0.0),"=HYPERLINK(""https://developer.huawei.com/consumer/cn/doc/harmonyos-releases/changelogs-ux-7001/#ch2026032761266"",""Dialog、Toast、AlphabetIndexer和文本选择菜单默认开启沉浸式系统材质"")",entry\src\main\ets\components\search\SearchPanel.ets:340,未修复,UX视觉布局变更
declare const Text: TextInterface,ArkTS,7.0.0(26) Beta1,26.0.0 - 26.0.0(26.0.0),"=HYPERLINK(""https://developer.huawei.com/consumer/cn/doc/harmonyos-releases/changelogs-ux-7001/#ch2026032761266"",""Dialog、Toast、AlphabetIndexer和文本选择菜单默认开启沉浸式系统材质"")",entry\src\main\ets\components\search\SearchPanel.ets:353,未修复,UX视觉布局变更
declare const Text: TextInterface,ArkTS,7.0.0(26) Beta1,26.0.0 - 26.0.0(26.0.0),"=HYPERLINK(""https://developer.huawei.com/consumer/cn/doc/harmonyos-releases/changelogs-ux-7001/#ch2026032761266"",""Dialog、Toast、AlphabetIndexer和文本选择菜单默认开启沉浸式系统材质"")",entry\src\main\ets\components\search\TaskDashboard.ets:100,未修复,UX视觉布局变更
declare const Text: TextInterface,ArkTS,7.0.0(26) Beta1,26.0.0 - 26.0.0(26.0.0),"=HYPERLINK(""https://developer.huawei.com/consumer/cn/doc/harmonyos-releases/changelogs-ux-7001/#ch2026032761266"",""Dialog、Toast、AlphabetIndexer和文本选择菜单默认开启沉浸式系统材质"")",entry\src\main\ets\components\search\TaskDashboard.ets:109,未修复,UX视觉布局变更
declare const Text: TextInterface,ArkTS,7.0.0(26) Beta1,26.0.0 - 26.0.0(26.0.0),"=HYPERLINK(""https://developer.huawei.com/consumer/cn/doc/harmonyos-releases/changelogs-ux-7001/#ch2026032761266"",""Dialog、Toast、AlphabetIndexer和文本选择菜单默认开启沉浸式系统材质"")",entry\src\main\ets\components\search\TaskDashboard.ets:112,未修复,UX视觉布局变更
declare const Text: TextInterface,ArkTS,7.0.0(26) Beta1,26.0.0 - 26.0.0(26.0.0),"=HYPERLINK(""https://developer.huawei.com/consumer/cn/doc/harmonyos-releases/changelogs-ux-7001/#ch2026032761266"",""Dialog、Toast、AlphabetIndexer和文本选择菜单默认开启沉浸式系统材质"")",entry\src\main\ets\components\search\TaskDashboard.ets:56,未修复,UX视觉布局变更
declare const Text: TextInterface,ArkTS,7.0.0(26) Beta1,26.0.0 - 26.0.0(26.0.0),"=HYPERLINK(""https://developer.huawei.com/consumer/cn/doc/harmonyos-releases/changelogs-ux-7001/#ch2026032761266"",""Dialog、Toast、AlphabetIndexer和文本选择菜单默认开启沉浸式系统材质"")",entry\src\main\ets\components\search\TaskDashboard.ets:65,未修复,UX视觉布局变更
declare const Text: TextInterface,ArkTS,7.0.0(26) Beta1,26.0.0 - 26.0.0(26.0.0),"=HYPERLINK(""https://developer.huawei.com/consumer/cn/doc/harmonyos-releases/changelogs-ux-7001/#ch2026032761266"",""Dialog、Toast、AlphabetIndexer和文本选择菜单默认开启沉浸式系统材质"")",entry\src\main\ets\components\search\TaskDashboard.ets:69,未修复,UX视觉布局变更
declare const Text: TextInterface,ArkTS,7.0.0(26) Beta1,26.0.0 - 26.0.0(26.0.0),"=HYPERLINK(""https://developer.huawei.com/consumer/cn/doc/harmonyos-releases/changelogs-ux-7001/#ch2026032761266"",""Dialog、Toast、AlphabetIndexer和文本选择菜单默认开启沉浸式系统材质"")",entry\src\main\ets\components\search\TaskDashboard.ets:77,未修复,UX视觉布局变更
declare const Text: TextInterface,ArkTS,7.0.0(26) Beta1,26.0.0 - 26.0.0(26.0.0),"=HYPERLINK(""https://developer.huawei.com/consumer/cn/doc/harmonyos-releases/changelogs-ux-7001/#ch2026032761266"",""Dialog、Toast、AlphabetIndexer和文本选择菜单默认开启沉浸式系统材质"")",entry\src\main\ets\components\search\TaskSchedulePanel.ets:184,未修复,UX视觉布局变更
declare const Text: TextInterface,ArkTS,7.0.0(26) Beta1,26.0.0 - 26.0.0(26.0.0),"=HYPERLINK(""https://developer.huawei.com/consumer/cn/doc/harmonyos-releases/changelogs-ux-7001/#ch2026032761266"",""Dialog、Toast、AlphabetIndexer和文本选择菜单默认开启沉浸式系统材质"")",entry\src\main\ets\components\search\TaskSchedulePanel.ets:226,未修复,UX视觉布局变更
declare const Text: TextInterface,ArkTS,7.0.0(26) Beta1,26.0.0 - 26.0.0(26.0.0),"=HYPERLINK(""https://developer.huawei.com/consumer/cn/doc/harmonyos-releases/changelogs-ux-7001/#ch2026032761266"",""Dialog、Toast、AlphabetIndexer和文本选择菜单默认开启沉浸式系统材质"")",entry\src\main\ets\components\search\TaskSchedulePanel.ets:245,未修复,UX视觉布局变更
declare const Text: TextInterface,ArkTS,7.0.0(26) Beta1,26.0.0 - 26.0.0(26.0.0),"=HYPERLINK(""https://developer.huawei.com/consumer/cn/doc/harmonyos-releases/changelogs-ux-7001/#ch2026032761266"",""Dialog、Toast、AlphabetIndexer和文本选择菜单默认开启沉浸式系统材质"")",entry\src\main\ets\components\search\TaskSchedulePanel.ets:254,未修复,UX视觉布局变更
declare const Text: TextInterface,ArkTS,7.0.0(26) Beta1,26.0.0 - 26.0.0(26.0.0),"=HYPERLINK(""https://developer.huawei.com/consumer/cn/doc/harmonyos-releases/changelogs-ux-7001/#ch2026032761266"",""Dialog、Toast、AlphabetIndexer和文本选择菜单默认开启沉浸式系统材质"")",entry\src\main\ets\components\search\TaskSchedulePanel.ets:262,未修复,UX视觉布局变更
declare const Text: TextInterface,ArkTS,7.0.0(26) Beta1,26.0.0 - 26.0.0(26.0.0),"=HYPERLINK(""https://developer.huawei.com/consumer/cn/doc/harmonyos-releases/changelogs-ux-7001/#ch2026032761266"",""Dialog、Toast、AlphabetIndexer和文本选择菜单默认开启沉浸式系统材质"")",entry\src\main\ets\components\search\TaskSchedulePanel.ets:270,未修复,UX视觉布局变更
declare const Text: TextInterface,ArkTS,7.0.0(26) Beta1,26.0.0 - 26.0.0(26.0.0),"=HYPERLINK(""https://developer.huawei.com/consumer/cn/doc/harmonyos-releases/changelogs-ux-7001/#ch2026032761266"",""Dialog、Toast、AlphabetIndexer和文本选择菜单默认开启沉浸式系统材质"")",entry\src\main\ets\components\settings\ProUpgradePage.ets:105,未修复,UX视觉布局变更
declare const Text: TextInterface,ArkTS,7.0.0(26) Beta1,26.0.0 - 26.0.0(26.0.0),"=HYPERLINK(""https://developer.huawei.com/consumer/cn/doc/harmonyos-releases/changelogs-ux-7001/#ch2026032761266"",""Dialog、Toast、AlphabetIndexer和文本选择菜单默认开启沉浸式系统材质"")",entry\src\main\ets\components\settings\ProUpgradePage.ets:106,未修复,UX视觉布局变更
declare const Text: TextInterface,ArkTS,7.0.0(26) Beta1,26.0.0 - 26.0.0(26.0.0),"=HYPERLINK(""https://developer.huawei.com/consumer/cn/doc/harmonyos-releases/changelogs-ux-7001/#ch2026032761266"",""Dialog、Toast、AlphabetIndexer和文本选择菜单默认开启沉浸式系统材质"")",entry\src\main\ets\components\settings\ProUpgradePage.ets:107,未修复,UX视觉布局变更
declare const Text: TextInterface,ArkTS,7.0.0(26) Beta1,26.0.0 - 26.0.0(26.0.0),"=HYPERLINK(""https://developer.huawei.com/consumer/cn/doc/harmonyos-releases/changelogs-ux-7001/#ch2026032761266"",""Dialog、Toast、AlphabetIndexer和文本选择菜单默认开启沉浸式系统材质"")",entry\src\main\ets\components\settings\ProUpgradePage.ets:29,未修复,UX视觉布局变更
declare const Text: TextInterface,ArkTS,7.0.0(26) Beta1,26.0.0 - 26.0.0(26.0.0),"=HYPERLINK(""https://developer.huawei.com/consumer/cn/doc/harmonyos-releases/changelogs-ux-7001/#ch2026032761266"",""Dialog、Toast、AlphabetIndexer和文本选择菜单默认开启沉浸式系统材质"")",entry\src\main\ets\components\settings\ProUpgradePage.ets:53,未修复,UX视觉布局变更
declare const Text: TextInterface,ArkTS,7.0.0(26) Beta1,26.0.0 - 26.0.0(26.0.0),"=HYPERLINK(""https://developer.huawei.com/consumer/cn/doc/harmonyos-releases/changelogs-ux-7001/#ch2026032761266"",""Dialog、Toast、AlphabetIndexer和文本选择菜单默认开启沉浸式系统材质"")",entry\src\main\ets\components\settings\ProUpgradePage.ets:55,未修复,UX视觉布局变更
declare const Text: TextInterface,ArkTS,7.0.0(26) Beta1,26.0.0 - 26.0.0(26.0.0),"=HYPERLINK(""https://developer.huawei.com/consumer/cn/doc/harmonyos-releases/changelogs-ux-7001/#ch2026032761266"",""Dialog、Toast、AlphabetIndexer和文本选择菜单默认开启沉浸式系统材质"")",entry\src\main\ets\components\settings\ProUpgradePage.ets:94,未修复,UX视觉布局变更
declare const Text: TextInterface,ArkTS,7.0.0(26) Beta1,26.0.0 - 26.0.0(26.0.0),"=HYPERLINK(""https://developer.huawei.com/consumer/cn/doc/harmonyos-releases/changelogs-ux-7001/#ch2026032761266"",""Dialog、Toast、AlphabetIndexer和文本选择菜单默认开启沉浸式系统材质"")",entry\src\main\ets\components\settings\RecycleBinPage.ets:26,未修复,UX视觉布局变更
declare const Text: TextInterface,ArkTS,7.0.0(26) Beta1,26.0.0 - 26.0.0(26.0.0),"=HYPERLINK(""https://developer.huawei.com/consumer/cn/doc/harmonyos-releases/changelogs-ux-7001/#ch2026032761266"",""Dialog、Toast、AlphabetIndexer和文本选择菜单默认开启沉浸式系统材质"")",entry\src\main\ets\components\settings\RecycleBinPage.ets:34,未修复,UX视觉布局变更
declare const Text: TextInterface,ArkTS,7.0.0(26) Beta1,26.0.0 - 26.0.0(26.0.0),"=HYPERLINK(""https://developer.huawei.com/consumer/cn/doc/harmonyos-releases/changelogs-ux-7001/#ch2026032761266"",""Dialog、Toast、AlphabetIndexer和文本选择菜单默认开启沉浸式系统材质"")",entry\src\main\ets\components\settings\RecycleBinPage.ets:36,未修复,UX视觉布局变更
declare const Text: TextInterface,ArkTS,7.0.0(26) Beta1,26.0.0 - 26.0.0(26.0.0),"=HYPERLINK(""https://developer.huawei.com/consumer/cn/doc/harmonyos-releases/changelogs-ux-7001/#ch2026032761266"",""Dialog、Toast、AlphabetIndexer和文本选择菜单默认开启沉浸式系统材质"")",entry\src\main\ets\components\settings\RecycleBinPage.ets:44,未修复,UX视觉布局变更
declare const Text: TextInterface,ArkTS,7.0.0(26) Beta1,26.0.0 - 26.0.0(26.0.0),"=HYPERLINK(""https://developer.huawei.com/consumer/cn/doc/harmonyos-releases/changelogs-ux-7001/#ch2026032761266"",""Dialog、Toast、AlphabetIndexer和文本选择菜单默认开启沉浸式系统材质"")",entry\src\main\ets\components\settings\RecycleBinPage.ets:45,未修复,UX视觉布局变更
declare const Text: TextInterface,ArkTS,7.0.0(26) Beta1,26.0.0 - 26.0.0(26.0.0),"=HYPERLINK(""https://developer.huawei.com/consumer/cn/doc/harmonyos-releases/changelogs-ux-7001/#ch2026032761266"",""Dialog、Toast、AlphabetIndexer和文本选择菜单默认开启沉浸式系统材质"")",entry\src\main\ets\components\settings\SettingsPage.ets:244,未修复,UX视觉布局变更
declare const Text: TextInterface,ArkTS,7.0.0(26) Beta1,26.0.0 - 26.0.0(26.0.0),"=HYPERLINK(""https://developer.huawei.com/consumer/cn/doc/harmonyos-releases/changelogs-ux-7001/#ch2026032761266"",""Dialog、Toast、AlphabetIndexer和文本选择菜单默认开启沉浸式系统材质"")",entry\src\main\ets\components\settings\SettingsPage.ets:298,未修复,UX视觉布局变更
declare const Text: TextInterface,ArkTS,7.0.0(26) Beta1,26.0.0 - 26.0.0(26.0.0),"=HYPERLINK(""https://developer.huawei.com/consumer/cn/doc/harmonyos-releases/changelogs-ux-7001/#ch2026032761266"",""Dialog、Toast、AlphabetIndexer和文本选择菜单默认开启沉浸式系统材质"")",entry\src\main\ets\components\settings\SettingsPage.ets:302,未修复,UX视觉布局变更
declare const Text: TextInterface,ArkTS,7.0.0(26) Beta1,26.0.0 - 26.0.0(26.0.0),"=HYPERLINK(""https://developer.huawei.com/consumer/cn/doc/harmonyos-releases/changelogs-ux-7001/#ch2026032761266"",""Dialog、Toast、AlphabetIndexer和文本选择菜单默认开启沉浸式系统材质"")",entry\src\main\ets\components\settings\SettingsPage.ets:315,未修复,UX视觉布局变更
declare const Text: TextInterface,ArkTS,7.0.0(26) Beta1,26.0.0 - 26.0.0(26.0.0),"=HYPERLINK(""https://developer.huawei.com/consumer/cn/doc/harmonyos-releases/changelogs-ux-7001/#ch2026032761266"",""Dialog、Toast、AlphabetIndexer和文本选择菜单默认开启沉浸式系统材质"")",entry\src\main\ets\components\settings\SettingsPage.ets:319,未修复,UX视觉布局变更
declare const Text: TextInterface,ArkTS,7.0.0(26) Beta1,26.0.0 - 26.0.0(26.0.0),"=HYPERLINK(""https://developer.huawei.com/consumer/cn/doc/harmonyos-releases/changelogs-ux-7001/#ch2026032761266"",""Dialog、Toast、AlphabetIndexer和文本选择菜单默认开启沉浸式系统材质"")",entry\src\main\ets\components\settings\SettingsPage.ets:346,未修复,UX视觉布局变更
declare const Text: TextInterface,ArkTS,7.0.0(26) Beta1,26.0.0 - 26.0.0(26.0.0),"=HYPERLINK(""https://developer.huawei.com/consumer/cn/doc/harmonyos-releases/changelogs-ux-7001/#ch2026032761266"",""Dialog、Toast、AlphabetIndexer和文本选择菜单默认开启沉浸式系统材质"")",entry\src\main\ets\components\settings\SettingsPage.ets:350,未修复,UX视觉布局变更
declare const Text: TextInterface,ArkTS,7.0.0(26) Beta1,26.0.0 - 26.0.0(26.0.0),"=HYPERLINK(""https://developer.huawei.com/consumer/cn/doc/harmonyos-releases/changelogs-ux-7001/#ch2026032761266"",""Dialog、Toast、AlphabetIndexer和文本选择菜单默认开启沉浸式系统材质"")",entry\src\main\ets\components\settings\SettingsPage.ets:370,未修复,UX视觉布局变更
declare const Text: TextInterface,ArkTS,7.0.0(26) Beta1,26.0.0 - 26.0.0(26.0.0),"=HYPERLINK(""https://developer.huawei.com/consumer/cn/doc/harmonyos-releases/changelogs-ux-7001/#ch2026032761266"",""Dialog、Toast、AlphabetIndexer和文本选择菜单默认开启沉浸式系统材质"")",entry\src\main\ets\components\settings\SettingsPage.ets:374,未修复,UX视觉布局变更
declare const Text: TextInterface,ArkTS,7.0.0(26) Beta1,26.0.0 - 26.0.0(26.0.0),"=HYPERLINK(""https://developer.huawei.com/consumer/cn/doc/harmonyos-releases/changelogs-ux-7001/#ch2026032761266"",""Dialog、Toast、AlphabetIndexer和文本选择菜单默认开启沉浸式系统材质"")",entry\src\main\ets\components\settings\SettingsPage.ets:381,未修复,UX视觉布局变更
declare const Text: TextInterface,ArkTS,7.0.0(26) Beta1,26.0.0 - 26.0.0(26.0.0),"=HYPERLINK(""https://developer.huawei.com/consumer/cn/doc/harmonyos-releases/changelogs-ux-7001/#ch2026032761266"",""Dialog、Toast、AlphabetIndexer和文本选择菜单默认开启沉浸式系统材质"")",entry\src\main\ets\components\settings\SettingsPage.ets:388,未修复,UX视觉布局变更
declare const Text: TextInterface,ArkTS,7.0.0(26) Beta1,26.0.0 - 26.0.0(26.0.0),"=HYPERLINK(""https://developer.huawei.com/consumer/cn/doc/harmonyos-releases/changelogs-ux-7001/#ch2026032761266"",""Dialog、Toast、AlphabetIndexer和文本选择菜单默认开启沉浸式系统材质"")",entry\src\main\ets\components\settings\SettingsPage.ets:392,未修复,UX视觉布局变更
declare const Text: TextInterface,ArkTS,7.0.0(26) Beta1,26.0.0 - 26.0.0(26.0.0),"=HYPERLINK(""https://developer.huawei.com/consumer/cn/doc/harmonyos-releases/changelogs-ux-7001/#ch2026032761266"",""Dialog、Toast、AlphabetIndexer和文本选择菜单默认开启沉浸式系统材质"")",entry\src\main\ets\components\settings\SettingsPage.ets:399,未修复,UX视觉布局变更
declare const Text: TextInterface,ArkTS,7.0.0(26) Beta1,26.0.0 - 26.0.0(26.0.0),"=HYPERLINK(""https://developer.huawei.com/consumer/cn/doc/harmonyos-releases/changelogs-ux-7001/#ch2026032761266"",""Dialog、Toast、AlphabetIndexer和文本选择菜单默认开启沉浸式系统材质"")",entry\src\main\ets\components\settings\SettingsPage.ets:403,未修复,UX视觉布局变更
declare const Text: TextInterface,ArkTS,7.0.0(26) Beta1,26.0.0 - 26.0.0(26.0.0),"=HYPERLINK(""https://developer.huawei.com/consumer/cn/doc/harmonyos-releases/changelogs-ux-7001/#ch2026032761266"",""Dialog、Toast、AlphabetIndexer和文本选择菜单默认开启沉浸式系统材质"")",entry\src\main\ets\components\settings\SettingsPage.ets:444,未修复,UX视觉布局变更
declare const Text: TextInterface,ArkTS,7.0.0(26) Beta1,26.0.0 - 26.0.0(26.0.0),"=HYPERLINK(""https://developer.huawei.com/consumer/cn/doc/harmonyos-releases/changelogs-ux-7001/#ch2026032761266"",""Dialog、Toast、AlphabetIndexer和文本选择菜单默认开启沉浸式系统材质"")",entry\src\main\ets\components\settings\SettingsPage.ets:447,未修复,UX视觉布局变更
declare const Text: TextInterface,ArkTS,7.0.0(26) Beta1,26.0.0 - 26.0.0(26.0.0),"=HYPERLINK(""https://developer.huawei.com/consumer/cn/doc/harmonyos-releases/changelogs-ux-7001/#ch2026032761266"",""Dialog、Toast、AlphabetIndexer和文本选择菜单默认开启沉浸式系统材质"")",entry\src\main\ets\components\settings\SettingsPage.ets:482,未修复,UX视觉布局变更
declare const Text: TextInterface,ArkTS,7.0.0(26) Beta1,26.0.0 - 26.0.0(26.0.0),"=HYPERLINK(""https://developer.huawei.com/consumer/cn/doc/harmonyos-releases/changelogs-ux-7001/#ch2026032761266"",""Dialog、Toast、AlphabetIndexer和文本选择菜单默认开启沉浸式系统材质"")",entry\src\main\ets\components\settings\SettingsPage.ets:503,未修复,UX视觉布局变更
declare const Text: TextInterface,ArkTS,7.0.0(26) Beta1,26.0.0 - 26.0.0(26.0.0),"=HYPERLINK(""https://developer.huawei.com/consumer/cn/doc/harmonyos-releases/changelogs-ux-7001/#ch2026032761266"",""Dialog、Toast、AlphabetIndexer和文本选择菜单默认开启沉浸式系统材质"")",entry\src\main\ets\components\settings\SettingsPage.ets:520,未修复,UX视觉布局变更
declare const Text: TextInterface,ArkTS,7.0.0(26) Beta1,26.0.0 - 26.0.0(26.0.0),"=HYPERLINK(""https://developer.huawei.com/consumer/cn/doc/harmonyos-releases/changelogs-ux-7001/#ch2026032761266"",""Dialog、Toast、AlphabetIndexer和文本选择菜单默认开启沉浸式系统材质"")",entry\src\main\ets\components\settings\SettingsPage.ets:541,未修复,UX视觉布局变更
declare const Text: TextInterface,ArkTS,7.0.0(26) Beta1,26.0.0 - 26.0.0(26.0.0),"=HYPERLINK(""https://developer.huawei.com/consumer/cn/doc/harmonyos-releases/changelogs-ux-7001/#ch2026032761266"",""Dialog、Toast、AlphabetIndexer和文本选择菜单默认开启沉浸式系统材质"")",entry\src\main\ets\components\settings\SettingsPage.ets:558,未修复,UX视觉布局变更
declare const Text: TextInterface,ArkTS,7.0.0(26) Beta1,26.0.0 - 26.0.0(26.0.0),"=HYPERLINK(""https://developer.huawei.com/consumer/cn/doc/harmonyos-releases/changelogs-ux-7001/#ch2026032761266"",""Dialog、Toast、AlphabetIndexer和文本选择菜单默认开启沉浸式系统材质"")",entry\src\main\ets\components\settings\SettingsPage.ets:561,未修复,UX视觉布局变更
declare const Text: TextInterface,ArkTS,7.0.0(26) Beta1,26.0.0 - 26.0.0(26.0.0),"=HYPERLINK(""https://developer.huawei.com/consumer/cn/doc/harmonyos-releases/changelogs-ux-7001/#ch2026032761266"",""Dialog、Toast、AlphabetIndexer和文本选择菜单默认开启沉浸式系统材质"")",entry\src\main\ets\components\settings\SettingsPage.ets:592,未修复,UX视觉布局变更
declare const Text: TextInterface,ArkTS,7.0.0(26) Beta1,26.0.0 - 26.0.0(26.0.0),"=HYPERLINK(""https://developer.huawei.com/consumer/cn/doc/harmonyos-releases/changelogs-ux-7001/#ch2026032761266"",""Dialog、Toast、AlphabetIndexer和文本选择菜单默认开启沉浸式系统材质"")",entry\src\main\ets\components\settings\SettingsPage.ets:616,未修复,UX视觉布局变更
declare const Text: TextInterface,ArkTS,7.0.0(26) Beta1,26.0.0 - 26.0.0(26.0.0),"=HYPERLINK(""https://developer.huawei.com/consumer/cn/doc/harmonyos-releases/changelogs-ux-7001/#ch2026032761266"",""Dialog、Toast、AlphabetIndexer和文本选择菜单默认开启沉浸式系统材质"")",entry\src\main\ets\components\settings\ShortcutSettings.ets:326,未修复,UX视觉布局变更
declare const Text: TextInterface,ArkTS,7.0.0(26) Beta1,26.0.0 - 26.0.0(26.0.0),"=HYPERLINK(""https://developer.huawei.com/consumer/cn/doc/harmonyos-releases/changelogs-ux-7001/#ch2026032761266"",""Dialog、Toast、AlphabetIndexer和文本选择菜单默认开启沉浸式系统材质"")",entry\src\main\ets\components\settings\ShortcutSettings.ets:353,未修复,UX视觉布局变更
declare const Text: TextInterface,ArkTS,7.0.0(26) Beta1,26.0.0 - 26.0.0(26.0.0),"=HYPERLINK(""https://developer.huawei.com/consumer/cn/doc/harmonyos-releases/changelogs-ux-7001/#ch2026032761266"",""Dialog、Toast、AlphabetIndexer和文本选择菜单默认开启沉浸式系统材质"")",entry\src\main\ets\components\settings\ShortcutSettings.ets:368,未修复,UX视觉布局变更
declare const Text: TextInterface,ArkTS,7.0.0(26) Beta1,26.0.0 - 26.0.0(26.0.0),"=HYPERLINK(""https://developer.huawei.com/consumer/cn/doc/harmonyos-releases/changelogs-ux-7001/#ch2026032761266"",""Dialog、Toast、AlphabetIndexer和文本选择菜单默认开启沉浸式系统材质"")",entry\src\main\ets\components\settings\ShortcutSettings.ets:400,未修复,UX视觉布局变更
declare const Text: TextInterface,ArkTS,7.0.0(26) Beta1,26.0.0 - 26.0.0(26.0.0),"=HYPERLINK(""https://developer.huawei.com/consumer/cn/doc/harmonyos-releases/changelogs-ux-7001/#ch2026032761266"",""Dialog、Toast、AlphabetIndexer和文本选择菜单默认开启沉浸式系统材质"")",entry\src\main\ets\components\settings\ShortcutSettings.ets:404,未修复,UX视觉布局变更
declare const Text: TextInterface,ArkTS,7.0.0(26) Beta1,26.0.0 - 26.0.0(26.0.0),"=HYPERLINK(""https://developer.huawei.com/consumer/cn/doc/harmonyos-releases/changelogs-ux-7001/#ch2026032761266"",""Dialog、Toast、AlphabetIndexer和文本选择菜单默认开启沉浸式系统材质"")",entry\src\main\ets\components\settings\ShortcutSettings.ets:432,未修复,UX视觉布局变更
declare const Text: TextInterface,ArkTS,7.0.0(26) Beta1,26.0.0 - 26.0.0(26.0.0),"=HYPERLINK(""https://developer.huawei.com/consumer/cn/doc/harmonyos-releases/changelogs-ux-7001/#ch2026032761266"",""Dialog、Toast、AlphabetIndexer和文本选择菜单默认开启沉浸式系统材质"")",entry\src\main\ets\components\settings\ShortcutSettings.ets:435,未修复,UX视觉布局变更
declare const Text: TextInterface,ArkTS,7.0.0(26) Beta1,26.0.0 - 26.0.0(26.0.0),"=HYPERLINK(""https://developer.huawei.com/consumer/cn/doc/harmonyos-releases/changelogs-ux-7001/#ch2026032761266"",""Dialog、Toast、AlphabetIndexer和文本选择菜单默认开启沉浸式系统材质"")",entry\src\main\ets\components\settings\ShortcutSettings.ets:443,未修复,UX视觉布局变更
declare const Text: TextInterface,ArkTS,7.0.0(26) Beta1,26.0.0 - 26.0.0(26.0.0),"=HYPERLINK(""https://developer.huawei.com/consumer/cn/doc/harmonyos-releases/changelogs-ux-7001/#ch2026032761266"",""Dialog、Toast、AlphabetIndexer和文本选择菜单默认开启沉浸式系统材质"")",entry\src\main\ets\components\settings\ShortcutSettings.ets:452,未修复,UX视觉布局变更
declare const Text: TextInterface,ArkTS,7.0.0(26) Beta1,26.0.0 - 26.0.0(26.0.0),"=HYPERLINK(""https://developer.huawei.com/consumer/cn/doc/harmonyos-releases/changelogs-ux-7001/#ch2026032761266"",""Dialog、Toast、AlphabetIndexer和文本选择菜单默认开启沉浸式系统材质"")",entry\src\main\ets\components\settings\ShortcutSettings.ets:476,未修复,UX视觉布局变更
declare const Text: TextInterface,ArkTS,7.0.0(26) Beta1,26.0.0 - 26.0.0(26.0.0),"=HYPERLINK(""https://developer.huawei.com/consumer/cn/doc/harmonyos-releases/changelogs-ux-7001/#ch2026032761266"",""Dialog、Toast、AlphabetIndexer和文本选择菜单默认开启沉浸式系统材质"")",entry\src\main\ets\components\sidebar\BacklinkFilters.ets:227,未修复,UX视觉布局变更
declare const Text: TextInterface,ArkTS,7.0.0(26) Beta1,26.0.0 - 26.0.0(26.0.0),"=HYPERLINK(""https://developer.huawei.com/consumer/cn/doc/harmonyos-releases/changelogs-ux-7001/#ch2026032761266"",""Dialog、Toast、AlphabetIndexer和文本选择菜单默认开启沉浸式系统材质"")",entry\src\main\ets\components\sidebar\BacklinkFilters.ets:244,未修复,UX视觉布局变更
declare const Text: TextInterface,ArkTS,7.0.0(26) Beta1,26.0.0 - 26.0.0(26.0.0),"=HYPERLINK(""https://developer.huawei.com/consumer/cn/doc/harmonyos-releases/changelogs-ux-7001/#ch2026032761266"",""Dialog、Toast、AlphabetIndexer和文本选择菜单默认开启沉浸式系统材质"")",entry\src\main\ets\components\sidebar\BacklinkFilters.ets:265,未修复,UX视觉布局变更
declare const Text: TextInterface,ArkTS,7.0.0(26) Beta1,26.0.0 - 26.0.0(26.0.0),"=HYPERLINK(""https://developer.huawei.com/consumer/cn/doc/harmonyos-releases/changelogs-ux-7001/#ch2026032761266"",""Dialog、Toast、AlphabetIndexer和文本选择菜单默认开启沉浸式系统材质"")",entry\src\main\ets\components\sidebar\BacklinkFilters.ets:291,未修复,UX视觉布局变更
declare const Text: TextInterface,ArkTS,7.0.0(26) Beta1,26.0.0 - 26.0.0(26.0.0),"=HYPERLINK(""https://developer.huawei.com/consumer/cn/doc/harmonyos-releases/changelogs-ux-7001/#ch2026032761266"",""Dialog、Toast、AlphabetIndexer和文本选择菜单默认开启沉浸式系统材质"")",entry\src\main\ets\components\sidebar\BacklinkFilters.ets:302,未修复,UX视觉布局变更
declare const Text: TextInterface,ArkTS,7.0.0(26) Beta1,26.0.0 - 26.0.0(26.0.0),"=HYPERLINK(""https://developer.huawei.com/consumer/cn/doc/harmonyos-releases/changelogs-ux-7001/#ch2026032761266"",""Dialog、Toast、AlphabetIndexer和文本选择菜单默认开启沉浸式系统材质"")",entry\src\main\ets\components\sidebar\BacklinkFilters.ets:313,未修复,UX视觉布局变更
declare const Text: TextInterface,ArkTS,7.0.0(26) Beta1,26.0.0 - 26.0.0(26.0.0),"=HYPERLINK(""https://developer.huawei.com/consumer/cn/doc/harmonyos-releases/changelogs-ux-7001/#ch2026032761266"",""Dialog、Toast、AlphabetIndexer和文本选择菜单默认开启沉浸式系统材质"")",entry\src\main\ets\components\sidebar\LeftSidebar.ets:118,未修复,UX视觉布局变更
declare const Text: TextInterface,ArkTS,7.0.0(26) Beta1,26.0.0 - 26.0.0(26.0.0),"=HYPERLINK(""https://developer.huawei.com/consumer/cn/doc/harmonyos-releases/changelogs-ux-7001/#ch2026032761266"",""Dialog、Toast、AlphabetIndexer和文本选择菜单默认开启沉浸式系统材质"")",entry\src\main\ets\components\sidebar\LeftSidebar.ets:183,未修复,UX视觉布局变更
declare const Text: TextInterface,ArkTS,7.0.0(26) Beta1,26.0.0 - 26.0.0(26.0.0),"=HYPERLINK(""https://developer.huawei.com/consumer/cn/doc/harmonyos-releases/changelogs-ux-7001/#ch2026032761266"",""Dialog、Toast、AlphabetIndexer和文本选择菜单默认开启沉浸式系统材质"")",entry\src\main\ets\components\sidebar\LeftSidebar.ets:211,未修复,UX视觉布局变更
declare const Text: TextInterface,ArkTS,7.0.0(26) Beta1,26.0.0 - 26.0.0(26.0.0),"=HYPERLINK(""https://developer.huawei.com/consumer/cn/doc/harmonyos-releases/changelogs-ux-7001/#ch2026032761266"",""Dialog、Toast、AlphabetIndexer和文本选择菜单默认开启沉浸式系统材质"")",entry\src\main\ets\components\sidebar\LeftSidebar.ets:271,未修复,UX视觉布局变更
declare const Text: TextInterface,ArkTS,7.0.0(26) Beta1,26.0.0 - 26.0.0(26.0.0),"=HYPERLINK(""https://developer.huawei.com/consumer/cn/doc/harmonyos-releases/changelogs-ux-7001/#ch2026032761266"",""Dialog、Toast、AlphabetIndexer和文本选择菜单默认开启沉浸式系统材质"")",entry\src\main\ets\components\sidebar\LeftSidebar.ets:294,未修复,UX视觉布局变更
declare const Text: TextInterface,ArkTS,7.0.0(26) Beta1,26.0.0 - 26.0.0(26.0.0),"=HYPERLINK(""https://developer.huawei.com/consumer/cn/doc/harmonyos-releases/changelogs-ux-7001/#ch2026032761266"",""Dialog、Toast、AlphabetIndexer和文本选择菜单默认开启沉浸式系统材质"")",entry\src\main\ets\components\sidebar\LeftSidebar.ets:327,未修复,UX视觉布局变更
declare const Text: TextInterface,ArkTS,7.0.0(26) Beta1,26.0.0 - 26.0.0(26.0.0),"=HYPERLINK(""https://developer.huawei.com/consumer/cn/doc/harmonyos-releases/changelogs-ux-7001/#ch2026032761266"",""Dialog、Toast、AlphabetIndexer和文本选择菜单默认开启沉浸式系统材质"")",entry\src\main\ets\components\sidebar\LeftSidebar.ets:378,未修复,UX视觉布局变更
declare const Text: TextInterface,ArkTS,7.0.0(26) Beta1,26.0.0 - 26.0.0(26.0.0),"=HYPERLINK(""https://developer.huawei.com/consumer/cn/doc/harmonyos-releases/changelogs-ux-7001/#ch2026032761266"",""Dialog、Toast、AlphabetIndexer和文本选择菜单默认开启沉浸式系统材质"")",entry\src\main\ets\components\sidebar\PageContextMenu.ets:199,未修复,UX视觉布局变更
declare const Text: TextInterface,ArkTS,7.0.0(26) Beta1,26.0.0 - 26.0.0(26.0.0),"=HYPERLINK(""https://developer.huawei.com/consumer/cn/doc/harmonyos-releases/changelogs-ux-7001/#ch2026032761266"",""Dialog、Toast、AlphabetIndexer和文本选择菜单默认开启沉浸式系统材质"")",entry\src\main\ets\components\sidebar\PageContextMenu.ets:234,未修复,UX视觉布局变更
declare const Text: TextInterface,ArkTS,7.0.0(26) Beta1,26.0.0 - 26.0.0(26.0.0),"=HYPERLINK(""https://developer.huawei.com/consumer/cn/doc/harmonyos-releases/changelogs-ux-7001/#ch2026032761266"",""Dialog、Toast、AlphabetIndexer和文本选择菜单默认开启沉浸式系统材质"")",entry\src\main\ets\components\sidebar\PageContextMenu.ets:287,未修复,UX视觉布局变更
declare const Text: TextInterface,ArkTS,7.0.0(26) Beta1,26.0.0 - 26.0.0(26.0.0),"=HYPERLINK(""https://developer.huawei.com/consumer/cn/doc/harmonyos-releases/changelogs-ux-7001/#ch2026032761266"",""Dialog、Toast、AlphabetIndexer和文本选择菜单默认开启沉浸式系统材质"")",entry\src\main\ets\components\sidebar\PageTree.ets:119,未修复,UX视觉布局变更
declare const Text: TextInterface,ArkTS,7.0.0(26) Beta1,26.0.0 - 26.0.0(26.0.0),"=HYPERLINK(""https://developer.huawei.com/consumer/cn/doc/harmonyos-releases/changelogs-ux-7001/#ch2026032761266"",""Dialog、Toast、AlphabetIndexer和文本选择菜单默认开启沉浸式系统材质"")",entry\src\main\ets\components\sidebar\PageTree.ets:57,未修复,UX视觉布局变更
declare const Text: TextInterface,ArkTS,7.0.0(26) Beta1,26.0.0 - 26.0.0(26.0.0),"=HYPERLINK(""https://developer.huawei.com/consumer/cn/doc/harmonyos-releases/changelogs-ux-7001/#ch2026032761266"",""Dialog、Toast、AlphabetIndexer和文本选择菜单默认开启沉浸式系统材质"")",entry\src\main\ets\components\sidebar\RightSidebar.ets:149,未修复,UX视觉布局变更
declare const Text: TextInterface,ArkTS,7.0.0(26) Beta1,26.0.0 - 26.0.0(26.0.0),"=HYPERLINK(""https://developer.huawei.com/consumer/cn/doc/harmonyos-releases/changelogs-ux-7001/#ch2026032761266"",""Dialog、Toast、AlphabetIndexer和文本选择菜单默认开启沉浸式系统材质"")",entry\src\main\ets\components\sidebar\RightSidebar.ets:205,未修复,UX视觉布局变更
declare const Text: TextInterface,ArkTS,7.0.0(26) Beta1,26.0.0 - 26.0.0(26.0.0),"=HYPERLINK(""https://developer.huawei.com/consumer/cn/doc/harmonyos-releases/changelogs-ux-7001/#ch2026032761266"",""Dialog、Toast、AlphabetIndexer和文本选择菜单默认开启沉浸式系统材质"")",entry\src\main\ets\components\sidebar\RightSidebar.ets:214,未修复,UX视觉布局变更
declare const Text: TextInterface,ArkTS,7.0.0(26) Beta1,26.0.0 - 26.0.0(26.0.0),"=HYPERLINK(""https://developer.huawei.com/consumer/cn/doc/harmonyos-releases/changelogs-ux-7001/#ch2026032761266"",""Dialog、Toast、AlphabetIndexer和文本选择菜单默认开启沉浸式系统材质"")",entry\src\main\ets\components\sidebar\RightSidebar.ets:219,未修复,UX视觉布局变更
declare const Text: TextInterface,ArkTS,7.0.0(26) Beta1,26.0.0 - 26.0.0(26.0.0),"=HYPERLINK(""https://developer.huawei.com/consumer/cn/doc/harmonyos-releases/changelogs-ux-7001/#ch2026032761266"",""Dialog、Toast、AlphabetIndexer和文本选择菜单默认开启沉浸式系统材质"")",entry\src\main\ets\components\sidebar\RightSidebar.ets:235,未修复,UX视觉布局变更
declare const Text: TextInterface,ArkTS,7.0.0(26) Beta1,26.0.0 - 26.0.0(26.0.0),"=HYPERLINK(""https://developer.huawei.com/consumer/cn/doc/harmonyos-releases/changelogs-ux-7001/#ch2026032761266"",""Dialog、Toast、AlphabetIndexer和文本选择菜单默认开启沉浸式系统材质"")",entry\src\main\ets\components\sidebar\RightSidebar.ets:247,未修复,UX视觉布局变更
declare const Text: TextInterface,ArkTS,7.0.0(26) Beta1,26.0.0 - 26.0.0(26.0.0),"=HYPERLINK(""https://developer.huawei.com/consumer/cn/doc/harmonyos-releases/changelogs-ux-7001/#ch2026032761266"",""Dialog、Toast、AlphabetIndexer和文本选择菜单默认开启沉浸式系统材质"")",entry\src\main\ets\components\sidebar\RightSidebar.ets:263,未修复,UX视觉布局变更
declare const Text: TextInterface,ArkTS,7.0.0(26) Beta1,26.0.0 - 26.0.0(26.0.0),"=HYPERLINK(""https://developer.huawei.com/consumer/cn/doc/harmonyos-releases/changelogs-ux-7001/#ch2026032761266"",""Dialog、Toast、AlphabetIndexer和文本选择菜单默认开启沉浸式系统材质"")",entry\src\main\ets\components\sidebar\RightSidebar.ets:270,未修复,UX视觉布局变更
declare const Text: TextInterface,ArkTS,7.0.0(26) Beta1,26.0.0 - 26.0.0(26.0.0),"=HYPERLINK(""https://developer.huawei.com/consumer/cn/doc/harmonyos-releases/changelogs-ux-7001/#ch2026032761266"",""Dialog、Toast、AlphabetIndexer和文本选择菜单默认开启沉浸式系统材质"")",entry\src\main\ets\components\sidebar\RightSidebar.ets:274,未修复,UX视觉布局变更
declare const Text: TextInterface,ArkTS,7.0.0(26) Beta1,26.0.0 - 26.0.0(26.0.0),"=HYPERLINK(""https://developer.huawei.com/consumer/cn/doc/harmonyos-releases/changelogs-ux-7001/#ch2026032761266"",""Dialog、Toast、AlphabetIndexer和文本选择菜单默认开启沉浸式系统材质"")",entry\src\main\ets\components\sidebar\RightSidebar.ets:290,未修复,UX视觉布局变更
declare const Text: TextInterface,ArkTS,7.0.0(26) Beta1,26.0.0 - 26.0.0(26.0.0),"=HYPERLINK(""https://developer.huawei.com/consumer/cn/doc/harmonyos-releases/changelogs-ux-7001/#ch2026032761266"",""Dialog、Toast、AlphabetIndexer和文本选择菜单默认开启沉浸式系统材质"")",entry\src\main\ets\components\sidebar\RightSidebar.ets:294,未修复,UX视觉布局变更
declare const Text: TextInterface,ArkTS,7.0.0(26) Beta1,26.0.0 - 26.0.0(26.0.0),"=HYPERLINK(""https://developer.huawei.com/consumer/cn/doc/harmonyos-releases/changelogs-ux-7001/#ch2026032761266"",""Dialog、Toast、AlphabetIndexer和文本选择菜单默认开启沉浸式系统材质"")",entry\src\main\ets\components\sidebar\RightSidebar.ets:305,未修复,UX视觉布局变更
declare const Text: TextInterface,ArkTS,7.0.0(26) Beta1,26.0.0 - 26.0.0(26.0.0),"=HYPERLINK(""https://developer.huawei.com/consumer/cn/doc/harmonyos-releases/changelogs-ux-7001/#ch2026032761266"",""Dialog、Toast、AlphabetIndexer和文本选择菜单默认开启沉浸式系统材质"")",entry\src\main\ets\components\sidebar\RightSidebar.ets:308,未修复,UX视觉布局变更
declare const Text: TextInterface,ArkTS,7.0.0(26) Beta1,26.0.0 - 26.0.0(26.0.0),"=HYPERLINK(""https://developer.huawei.com/consumer/cn/doc/harmonyos-releases/changelogs-ux-7001/#ch2026032761266"",""Dialog、Toast、AlphabetIndexer和文本选择菜单默认开启沉浸式系统材质"")",entry\src\main\ets\components\sidebar\RightSidebar.ets:319,未修复,UX视觉布局变更
declare const Text: TextInterface,ArkTS,7.0.0(26) Beta1,26.0.0 - 26.0.0(26.0.0),"=HYPERLINK(""https://developer.huawei.com/consumer/cn/doc/harmonyos-releases/changelogs-ux-7001/#ch2026032761266"",""Dialog、Toast、AlphabetIndexer和文本选择菜单默认开启沉浸式系统材质"")",entry\src\main\ets\components\sidebar\RightSidebar.ets:322,未修复,UX视觉布局变更
declare const Text: TextInterface,ArkTS,7.0.0(26) Beta1,26.0.0 - 26.0.0(26.0.0),"=HYPERLINK(""https://developer.huawei.com/consumer/cn/doc/harmonyos-releases/changelogs-ux-7001/#ch2026032761266"",""Dialog、Toast、AlphabetIndexer和文本选择菜单默认开启沉浸式系统材质"")",entry\src\main\ets\components\sidebar\RightSidebar.ets:93,未修复,UX视觉布局变更
declare const Text: TextInterface,ArkTS,7.0.0(26) Beta1,26.0.0 - 26.0.0(26.0.0),"=HYPERLINK(""https://developer.huawei.com/consumer/cn/doc/harmonyos-releases/changelogs-ux-7001/#ch2026032761266"",""Dialog、Toast、AlphabetIndexer和文本选择菜单默认开启沉浸式系统材质"")",entry\src\main\ets\components\whiteboard\WbPageRef.ets:62,未修复,UX视觉布局变更
declare const Text: TextInterface,ArkTS,7.0.0(26) Beta1,26.0.0 - 26.0.0(26.0.0),"=HYPERLINK(""https://developer.huawei.com/consumer/cn/doc/harmonyos-releases/changelogs-ux-7001/#ch2026032761266"",""Dialog、Toast、AlphabetIndexer和文本选择菜单默认开启沉浸式系统材质"")",entry\src\main\ets\components\whiteboard\WbPageRef.ets:74,未修复,UX视觉布局变更
declare const Text: TextInterface,ArkTS,7.0.0(26) Beta1,26.0.0 - 26.0.0(26.0.0),"=HYPERLINK(""https://developer.huawei.com/consumer/cn/doc/harmonyos-releases/changelogs-ux-7001/#ch2026032761266"",""Dialog、Toast、AlphabetIndexer和文本选择菜单默认开启沉浸式系统材质"")",entry\src\main\ets\components\whiteboard\WbPageRef.ets:89,未修复,UX视觉布局变更
declare const Text: TextInterface,ArkTS,7.0.0(26) Beta1,26.0.0 - 26.0.0(26.0.0),"=HYPERLINK(""https://developer.huawei.com/consumer/cn/doc/harmonyos-releases/changelogs-ux-7001/#ch2026032761266"",""Dialog、Toast、AlphabetIndexer和文本选择菜单默认开启沉浸式系统材质"")",entry\src\main\ets\components\whiteboard\WbShape.ets:128,未修复,UX视觉布局变更
declare const Text: TextInterface,ArkTS,7.0.0(26) Beta1,26.0.0 - 26.0.0(26.0.0),"=HYPERLINK(""https://developer.huawei.com/consumer/cn/doc/harmonyos-releases/changelogs-ux-7001/#ch2026032761266"",""Dialog、Toast、AlphabetIndexer和文本选择菜单默认开启沉浸式系统材质"")",entry\src\main\ets\components\whiteboard\WbShape.ets:65,未修复,UX视觉布局变更
declare const Text: TextInterface,ArkTS,7.0.0(26) Beta1,26.0.0 - 26.0.0(26.0.0),"=HYPERLINK(""https://developer.huawei.com/consumer/cn/doc/harmonyos-releases/changelogs-ux-7001/#ch2026032761266"",""Dialog、Toast、AlphabetIndexer和文本选择菜单默认开启沉浸式系统材质"")",entry\src\main\ets\components\whiteboard\WbShape.ets:82,未修复,UX视觉布局变更
declare const Text: TextInterface,ArkTS,7.0.0(26) Beta1,26.0.0 - 26.0.0(26.0.0),"=HYPERLINK(""https://developer.huawei.com/consumer/cn/doc/harmonyos-releases/changelogs-ux-7001/#ch2026032761266"",""Dialog、Toast、AlphabetIndexer和文本选择菜单默认开启沉浸式系统材质"")",entry\src\main\ets\components\whiteboard\WbShape.ets:99,未修复,UX视觉布局变更
declare const Text: TextInterface,ArkTS,7.0.0(26) Beta1,26.0.0 - 26.0.0(26.0.0),"=HYPERLINK(""https://developer.huawei.com/consumer/cn/doc/harmonyos-releases/changelogs-ux-7001/#ch2026032761266"",""Dialog、Toast、AlphabetIndexer和文本选择菜单默认开启沉浸式系统材质"")",entry\src\main\ets\components\whiteboard\Whiteboard.ets:1165,未修复,UX视觉布局变更
declare const Text: TextInterface,ArkTS,7.0.0(26) Beta1,26.0.0 - 26.0.0(26.0.0),"=HYPERLINK(""https://developer.huawei.com/consumer/cn/doc/harmonyos-releases/changelogs-ux-7001/#ch2026032761266"",""Dialog、Toast、AlphabetIndexer和文本选择菜单默认开启沉浸式系统材质"")",entry\src\main\ets\components\whiteboard\Whiteboard.ets:1322,未修复,UX视觉布局变更
declare const Text: TextInterface,ArkTS,7.0.0(26) Beta1,26.0.0 - 26.0.0(26.0.0),"=HYPERLINK(""https://developer.huawei.com/consumer/cn/doc/harmonyos-releases/changelogs-ux-7001/#ch2026032761266"",""Dialog、Toast、AlphabetIndexer和文本选择菜单默认开启沉浸式系统材质"")",entry\src\main\ets\components\whiteboard\Whiteboard.ets:1325,未修复,UX视觉布局变更
declare const Text: TextInterface,ArkTS,7.0.0(26) Beta1,26.0.0 - 26.0.0(26.0.0),"=HYPERLINK(""https://developer.huawei.com/consumer/cn/doc/harmonyos-releases/changelogs-ux-7001/#ch2026032761266"",""Dialog、Toast、AlphabetIndexer和文本选择菜单默认开启沉浸式系统材质"")",entry\src\main\ets\components\whiteboard\Whiteboard.ets:1328,未修复,UX视觉布局变更
declare const Text: TextInterface,ArkTS,7.0.0(26) Beta1,26.0.0 - 26.0.0(26.0.0),"=HYPERLINK(""https://developer.huawei.com/consumer/cn/doc/harmonyos-releases/changelogs-ux-7001/#ch2026032761266"",""Dialog、Toast、AlphabetIndexer和文本选择菜单默认开启沉浸式系统材质"")",entry\src\main\ets\components\whiteboard\Whiteboard.ets:1331,未修复,UX视觉布局变更
declare const Text: TextInterface,ArkTS,7.0.0(26) Beta1,26.0.0 - 26.0.0(26.0.0),"=HYPERLINK(""https://developer.huawei.com/consumer/cn/doc/harmonyos-releases/changelogs-ux-7001/#ch2026032761266"",""Dialog、Toast、AlphabetIndexer和文本选择菜单默认开启沉浸式系统材质"")",entry\src\main\ets\components\whiteboard\Whiteboard.ets:1334,未修复,UX视觉布局变更
declare const Text: TextInterface,ArkTS,7.0.0(26) Beta1,26.0.0 - 26.0.0(26.0.0),"=HYPERLINK(""https://developer.huawei.com/consumer/cn/doc/harmonyos-releases/changelogs-ux-7001/#ch2026032761266"",""Dialog、Toast、AlphabetIndexer和文本选择菜单默认开启沉浸式系统材质"")",entry\src\main\ets\components\whiteboard\Whiteboard.ets:1337,未修复,UX视觉布局变更
declare const Text: TextInterface,ArkTS,7.0.0(26) Beta1,26.0.0 - 26.0.0(26.0.0),"=HYPERLINK(""https://developer.huawei.com/consumer/cn/doc/harmonyos-releases/changelogs-ux-7001/#ch2026032761266"",""Dialog、Toast、AlphabetIndexer和文本选择菜单默认开启沉浸式系统材质"")",entry\src\main\ets\components\whiteboard\Whiteboard.ets:1340,未修复,UX视觉布局变更
declare const Text: TextInterface,ArkTS,7.0.0(26) Beta1,26.0.0 - 26.0.0(26.0.0),"=HYPERLINK(""https://developer.huawei.com/consumer/cn/doc/harmonyos-releases/changelogs-ux-7001/#ch2026032761266"",""Dialog、Toast、AlphabetIndexer和文本选择菜单默认开启沉浸式系统材质"")",entry\src\main\ets\components\whiteboard\Whiteboard.ets:1345,未修复,UX视觉布局变更
declare const Text: TextInterface,ArkTS,7.0.0(26) Beta1,26.0.0 - 26.0.0(26.0.0),"=HYPERLINK(""https://developer.huawei.com/consumer/cn/doc/harmonyos-releases/changelogs-ux-7001/#ch2026032761266"",""Dialog、Toast、AlphabetIndexer和文本选择菜单默认开启沉浸式系统材质"")",entry\src\main\ets\components\whiteboard\Whiteboard.ets:1350,未修复,UX视觉布局变更
declare const Text: TextInterface,ArkTS,7.0.0(26) Beta1,26.0.0 - 26.0.0(26.0.0),"=HYPERLINK(""https://developer.huawei.com/consumer/cn/doc/harmonyos-releases/changelogs-ux-7001/#ch2026032761266"",""Dialog、Toast、AlphabetIndexer和文本选择菜单默认开启沉浸式系统材质"")",entry\src\main\ets\components\whiteboard\Whiteboard.ets:873,未修复,UX视觉布局变更
declare const Text: TextInterface,ArkTS,7.0.0(26) Beta1,26.0.0 - 26.0.0(26.0.0),"=HYPERLINK(""https://developer.huawei.com/consumer/cn/doc/harmonyos-releases/changelogs-ux-7001/#ch2026032761266"",""Dialog、Toast、AlphabetIndexer和文本选择菜单默认开启沉浸式系统材质"")",entry\src\main\ets\components\whiteboard\Whiteboard.ets:911,未修复,UX视觉布局变更
declare const Text: TextInterface,ArkTS,7.0.0(26) Beta1,26.0.0 - 26.0.0(26.0.0),"=HYPERLINK(""https://developer.huawei.com/consumer/cn/doc/harmonyos-releases/changelogs-ux-7001/#ch2026032761266"",""Dialog、Toast、AlphabetIndexer和文本选择菜单默认开启沉浸式系统材质"")",entry\src\main\ets\components\whiteboard\Whiteboard.ets:921,未修复,UX视觉布局变更
declare const Text: TextInterface,ArkTS,7.0.0(26) Beta1,26.0.0 - 26.0.0(26.0.0),"=HYPERLINK(""https://developer.huawei.com/consumer/cn/doc/harmonyos-releases/changelogs-ux-7001/#ch2026032761266"",""Dialog、Toast、AlphabetIndexer和文本选择菜单默认开启沉浸式系统材质"")",entry\src\main\ets\components\whiteboard\Whiteboard.ets:924,未修复,UX视觉布局变更
declare const Text: TextInterface,ArkTS,7.0.0(26) Beta1,26.0.0 - 26.0.0(26.0.0),"=HYPERLINK(""https://developer.huawei.com/consumer/cn/doc/harmonyos-releases/changelogs-ux-7001/#ch2026032761266"",""Dialog、Toast、AlphabetIndexer和文本选择菜单默认开启沉浸式系统材质"")",entry\src\main\ets\widget\pages\WidgetCard.ets:104,未修复,UX视觉布局变更
declare const Text: TextInterface,ArkTS,7.0.0(26) Beta1,26.0.0 - 26.0.0(26.0.0),"=HYPERLINK(""https://developer.huawei.com/consumer/cn/doc/harmonyos-releases/changelogs-ux-7001/#ch2026032761266"",""Dialog、Toast、AlphabetIndexer和文本选择菜单默认开启沉浸式系统材质"")",entry\src\main\ets\widget\pages\WidgetCard.ets:55,未修复,UX视觉布局变更
declare const Text: TextInterface,ArkTS,7.0.0(26) Beta1,26.0.0 - 26.0.0(26.0.0),"=HYPERLINK(""https://developer.huawei.com/consumer/cn/doc/harmonyos-releases/changelogs-ux-7001/#ch2026032761266"",""Dialog、Toast、AlphabetIndexer和文本选择菜单默认开启沉浸式系统材质"")",entry\src\main\ets\widget\pages\WidgetCard.ets:61,未修复,UX视觉布局变更
declare const Text: TextInterface,ArkTS,7.0.0(26) Beta1,26.0.0 - 26.0.0(26.0.0),"=HYPERLINK(""https://developer.huawei.com/consumer/cn/doc/harmonyos-releases/changelogs-ux-7001/#ch2026032761266"",""Dialog、Toast、AlphabetIndexer和文本选择菜单默认开启沉浸式系统材质"")",entry\src\main\ets\widget\pages\WidgetCard.ets:66,未修复,UX视觉布局变更
declare const Text: TextInterface,ArkTS,7.0.0(26) Beta1,26.0.0 - 26.0.0(26.0.0),"=HYPERLINK(""https://developer.huawei.com/consumer/cn/doc/harmonyos-releases/changelogs-ux-7001/#ch2026032761266"",""Dialog、Toast、AlphabetIndexer和文本选择菜单默认开启沉浸式系统材质"")",entry\src\main\ets\widget\pages\WidgetCard.ets:74,未修复,UX视觉布局变更
declare const Text: TextInterface,ArkTS,7.0.0(26) Beta1,26.0.0 - 26.0.0(26.0.0),"=HYPERLINK(""https://developer.huawei.com/consumer/cn/doc/harmonyos-releases/changelogs-ux-7001/#ch2026032761266"",""Dialog、Toast、AlphabetIndexer和文本选择菜单默认开启沉浸式系统材质"")",entry\src\main\ets\widget\pages\WidgetCard.ets:82,未修复,UX视觉布局变更
declare const Text: TextInterface,ArkTS,7.0.0(26) Beta1,26.0.0 - 26.0.0(26.0.0),"=HYPERLINK(""https://developer.huawei.com/consumer/cn/doc/harmonyos-releases/changelogs-ux-7001/#ch2026032761266"",""Dialog、Toast、AlphabetIndexer和文本选择菜单默认开启沉浸式系统材质"")",entry\src\main\ets\widget\pages\WidgetCard.ets:98,未修复,UX视觉布局变更
declare class AlertDialog,ArkTS,7.0.0(26) Beta1,26.0.0 - 26.0.0(26.0.0),"=HYPERLINK(""https://developer.huawei.com/consumer/cn/doc/harmonyos-releases/changelogs-ux-7001/#ch2026032801249"",""内置文本的组件文本样式优化"")",entry\src\main\ets\components\page\AllPagesPage.ets:130,未修复,UX视觉布局变更
declare class AlertDialog,ArkTS,7.0.0(26) Beta1,26.0.0 - 26.0.0(26.0.0),"=HYPERLINK(""https://developer.huawei.com/consumer/cn/doc/harmonyos-releases/changelogs-ux-7001/#ch2026032801249"",""内置文本的组件文本样式优化"")",entry\src\main\ets\components\page\AllPagesPage.ets:154,未修复,UX视觉布局变更
declare const Slider: SliderInterface,ArkTS,7.0.0(26) Beta1,26.0.0 - 26.0.0(26.0.0),"=HYPERLINK(""https://developer.huawei.com/consumer/cn/doc/harmonyos-releases/changelogs-ux-7001/#ch2026032801249"",""内置文本的组件文本样式优化"")",entry\src\main\ets\components\whiteboard\Whiteboard.ets:914,未修复,UX视觉布局变更
function openToast(options: ShowToastOptions): Promise<number>,ArkTS,7.0.0(26) Beta1,26.0.0 - 26.0.0(26.0.0),"=HYPERLINK(""https://developer.huawei.com/consumer/cn/doc/harmonyos-releases/changelogs-ux-7001/#ch2026032801249"",""内置文本的组件文本样式优化"")",entry\src\main\ets\components\extensions\PdfViewer.ets:86,未修复,UX视觉布局变更
function openToast(options: ShowToastOptions): Promise<number>,ArkTS,7.0.0(26) Beta1,26.0.0 - 26.0.0(26.0.0),"=HYPERLINK(""https://developer.huawei.com/consumer/cn/doc/harmonyos-releases/changelogs-ux-7001/#ch2026032801249"",""内置文本的组件文本样式优化"")",entry\src\main\ets\components\settings\SettingsPage.ets:642,未修复,UX视觉布局变更
function openToast(options: ShowToastOptions): Promise<number>,ArkTS,7.0.0(26) Beta1,26.0.0 - 26.0.0(26.0.0),"=HYPERLINK(""https://developer.huawei.com/consumer/cn/doc/harmonyos-releases/changelogs-ux-7001/#ch2026032801249"",""内置文本的组件文本样式优化"")",entry\src\main\ets\components\whiteboard\Whiteboard.ets:1071,未修复,UX视觉布局变更
function openToast(options: ShowToastOptions): Promise<number>,ArkTS,7.0.0(26) Beta1,26.0.0 - 26.0.0(26.0.0),"=HYPERLINK(""https://developer.huawei.com/consumer/cn/doc/harmonyos-releases/changelogs-ux-7001/#ch2026032801249"",""内置文本的组件文本样式优化"")",entry\src\main\ets\plugins\PluginAPI.ets:138,未修复,UX视觉布局变更
function openToast(options: ShowToastOptions): Promise<number>,ArkTS,7.0.0(26) Beta1,26.0.0 - 26.0.0(26.0.0),"=HYPERLINK(""https://developer.huawei.com/consumer/cn/doc/harmonyos-releases/changelogs-ux-7001/#ch2026032801249"",""内置文本的组件文本样式优化"")",entry\src\main\ets\shareability\ShareReceiveAbility.ets:184,未修复,UX视觉布局变更
declare const Menu: MenuInterface,ArkTS,7.0.0(26) Beta1,26.0.0 - 26.0.0(26.0.0),"=HYPERLINK(""https://developer.huawei.com/consumer/cn/doc/harmonyos-releases/changelogs-ux-7001/#ch2026032801249"",""内置文本的组件文本样式优化"")",entry\src\main\ets\components\layout\TabBar.ets:195,未修复,UX视觉布局变更
declare const Select: SelectInterface,ArkTS,7.0.0(26) Beta1,26.0.0 - 26.0.0(26.0.0),"=HYPERLINK(""https://developer.huawei.com/consumer/cn/doc/harmonyos-releases/changelogs-ux-7001/#ch2026032801249"",""内置文本的组件文本样式优化"")",entry\src\main\ets\components\graph\GraphView.ets:225,未修复,UX视觉布局变更
declare const Select: SelectInterface,ArkTS,7.0.0(26) Beta1,26.0.0 - 26.0.0(26.0.0),"=HYPERLINK(""https://developer.huawei.com/consumer/cn/doc/harmonyos-releases/changelogs-ux-7001/#ch2026032801249"",""内置文本的组件文本样式优化"")",entry\src\main\ets\components\graph\GraphView.ets:237,未修复,UX视觉布局变更
declare const Select: SelectInterface,ArkTS,7.0.0(26) Beta1,26.0.0 - 26.0.0(26.0.0),"=HYPERLINK(""https://developer.huawei.com/consumer/cn/doc/harmonyos-releases/changelogs-ux-7001/#ch2026032801249"",""内置文本的组件文本样式优化"")",entry\src\main\ets\components\page\AllPagesPage.ets:259,未修复,UX视觉布局变更
declare const Select: SelectInterface,ArkTS,7.0.0(26) Beta1,26.0.0 - 26.0.0(26.0.0),"=HYPERLINK(""https://developer.huawei.com/consumer/cn/doc/harmonyos-releases/changelogs-ux-7001/#ch2026032801249"",""内置文本的组件文本样式优化"")",entry\src\main\ets\components\page\AllPagesPage.ets:280,未修复,UX视觉布局变更
declare const Select: SelectInterface,ArkTS,7.0.0(26) Beta1,26.0.0 - 26.0.0(26.0.0),"=HYPERLINK(""https://developer.huawei.com/consumer/cn/doc/harmonyos-releases/changelogs-ux-7001/#ch2026032801249"",""内置文本的组件文本样式优化"")",entry\src\main\ets\components\property\PropertyConfig.ets:502,未修复,UX视觉布局变更
declare const Select: SelectInterface,ArkTS,7.0.0(26) Beta1,26.0.0 - 26.0.0(26.0.0),"=HYPERLINK(""https://developer.huawei.com/consumer/cn/doc/harmonyos-releases/changelogs-ux-7001/#ch2026032801249"",""内置文本的组件文本样式优化"")",entry\src\main\ets\components\settings\SettingsPage.ets:524,未修复,UX视觉布局变更
declare const Select: SelectInterface,ArkTS,7.0.0(26) Beta1,26.0.0 - 26.0.0(26.0.0),"=HYPERLINK(""https://developer.huawei.com/consumer/cn/doc/harmonyos-releases/changelogs-ux-7001/#ch2026032801249"",""内置文本的组件文本样式优化"")",entry\src\main\ets\components\sidebar\BacklinkFilters.ets:208,未修复,UX视觉布局变更
showAlertDialog(options: AlertDialogParamWithConfirm | AlertDialogParamWithButtons | AlertDialogParamWithOptions): void,ArkTS,7.0.0(26) Beta1,26.0.0 - 26.0.0(26.0.0),"=HYPERLINK(""https://developer.huawei.com/consumer/cn/doc/harmonyos-releases/changelogs-ux-7001/#ch2026032801249"",""内置文本的组件文本样式优化"")",entry\src\main\ets\components\settings\SettingsPage.ets:648,未修复,UX视觉布局变更
showAlertDialog(options: AlertDialogParamWithConfirm | AlertDialogParamWithButtons | AlertDialogParamWithOptions): void,ArkTS,7.0.0(26) Beta1,26.0.0 - 26.0.0(26.0.0),"=HYPERLINK(""https://developer.huawei.com/consumer/cn/doc/harmonyos-releases/changelogs-ux-7001/#ch2026032801249"",""内置文本的组件文本样式优化"")",entry\src\main\ets\components\settings\SettingsPage.ets:659,未修复,UX视觉布局变更
showAlertDialog(options: AlertDialogParamWithConfirm | AlertDialogParamWithButtons | AlertDialogParamWithOptions): void,ArkTS,7.0.0(26) Beta1,26.0.0 - 26.0.0(26.0.0),"=HYPERLINK(""https://developer.huawei.com/consumer/cn/doc/harmonyos-releases/changelogs-ux-7001/#ch2026032801249"",""内置文本的组件文本样式优化"")",entry\src\main\ets\components\sidebar\PageContextMenu.ets:140,未修复,UX视觉布局变更
declare const Button: ButtonInterface,ArkTS,7.0.0(26) Beta1,26.0.0 - 26.0.0(26.0.0),"=HYPERLINK(""https://developer.huawei.com/consumer/cn/doc/harmonyos-releases/changelogs-ux-7001/#ch2026032801249"",""内置文本的组件文本样式优化"")",entry\src\main\ets\components\common\ExportDialog.ets:188,未修复,UX视觉布局变更
declare const Button: ButtonInterface,ArkTS,7.0.0(26) Beta1,26.0.0 - 26.0.0(26.0.0),"=HYPERLINK(""https://developer.huawei.com/consumer/cn/doc/harmonyos-releases/changelogs-ux-7001/#ch2026032801249"",""内置文本的组件文本样式优化"")",entry\src\main\ets\components\common\ExportDialog.ets:194,未修复,UX视觉布局变更
declare const Button: ButtonInterface,ArkTS,7.0.0(26) Beta1,26.0.0 - 26.0.0(26.0.0),"=HYPERLINK(""https://developer.huawei.com/consumer/cn/doc/harmonyos-releases/changelogs-ux-7001/#ch2026032801249"",""内置文本的组件文本样式优化"")",entry\src\main\ets\components\common\ImportDialog.ets:144,未修复,UX视觉布局变更
declare const Button: ButtonInterface,ArkTS,7.0.0(26) Beta1,26.0.0 - 26.0.0(26.0.0),"=HYPERLINK(""https://developer.huawei.com/consumer/cn/doc/harmonyos-releases/changelogs-ux-7001/#ch2026032801249"",""内置文本的组件文本样式优化"")",entry\src\main\ets\components\common\ImportDialog.ets:150,未修复,UX视觉布局变更
declare const Button: ButtonInterface,ArkTS,7.0.0(26) Beta1,26.0.0 - 26.0.0(26.0.0),"=HYPERLINK(""https://developer.huawei.com/consumer/cn/doc/harmonyos-releases/changelogs-ux-7001/#ch2026032801249"",""内置文本的组件文本样式优化"")",entry\src\main\ets\components\extensions\PdfViewer.ets:263,未修复,UX视觉布局变更
declare const Button: ButtonInterface,ArkTS,7.0.0(26) Beta1,26.0.0 - 26.0.0(26.0.0),"=HYPERLINK(""https://developer.huawei.com/consumer/cn/doc/harmonyos-releases/changelogs-ux-7001/#ch2026032801249"",""内置文本的组件文本样式优化"")",entry\src\main\ets\components\extensions\PdfViewer.ets:270,未修复,UX视觉布局变更
declare const Button: ButtonInterface,ArkTS,7.0.0(26) Beta1,26.0.0 - 26.0.0(26.0.0),"=HYPERLINK(""https://developer.huawei.com/consumer/cn/doc/harmonyos-releases/changelogs-ux-7001/#ch2026032801249"",""内置文本的组件文本样式优化"")",entry\src\main\ets\components\flashcard\FlashcardPage.ets:134,未修复,UX视觉布局变更
declare const Button: ButtonInterface,ArkTS,7.0.0(26) Beta1,26.0.0 - 26.0.0(26.0.0),"=HYPERLINK(""https://developer.huawei.com/consumer/cn/doc/harmonyos-releases/changelogs-ux-7001/#ch2026032801249"",""内置文本的组件文本样式优化"")",entry\src\main\ets\components\flashcard\FlashcardPage.ets:174,未修复,UX视觉布局变更
declare const Button: ButtonInterface,ArkTS,7.0.0(26) Beta1,26.0.0 - 26.0.0(26.0.0),"=HYPERLINK(""https://developer.huawei.com/consumer/cn/doc/harmonyos-releases/changelogs-ux-7001/#ch2026032801249"",""内置文本的组件文本样式优化"")",entry\src\main\ets\components\flashcard\FlashcardPage.ets:177,未修复,UX视觉布局变更
declare const Button: ButtonInterface,ArkTS,7.0.0(26) Beta1,26.0.0 - 26.0.0(26.0.0),"=HYPERLINK(""https://developer.huawei.com/consumer/cn/doc/harmonyos-releases/changelogs-ux-7001/#ch2026032801249"",""内置文本的组件文本样式优化"")",entry\src\main\ets\components\flashcard\FlashcardPage.ets:180,未修复,UX视觉布局变更
declare const Button: ButtonInterface,ArkTS,7.0.0(26) Beta1,26.0.0 - 26.0.0(26.0.0),"=HYPERLINK(""https://developer.huawei.com/consumer/cn/doc/harmonyos-releases/changelogs-ux-7001/#ch2026032801249"",""内置文本的组件文本样式优化"")",entry\src\main\ets\components\flashcard\FlashcardPage.ets:183,未修复,UX视觉布局变更
declare const Button: ButtonInterface,ArkTS,7.0.0(26) Beta1,26.0.0 - 26.0.0(26.0.0),"=HYPERLINK(""https://developer.huawei.com/consumer/cn/doc/harmonyos-releases/changelogs-ux-7001/#ch2026032801249"",""内置文本的组件文本样式优化"")",entry\src\main\ets\components\mobile\MobileToolbar.ets:55,未修复,UX视觉布局变更
declare const Button: ButtonInterface,ArkTS,7.0.0(26) Beta1,26.0.0 - 26.0.0(26.0.0),"=HYPERLINK(""https://developer.huawei.com/consumer/cn/doc/harmonyos-releases/changelogs-ux-7001/#ch2026032801249"",""内置文本的组件文本样式优化"")",entry\src\main\ets\components\onboarding\OnboardingPage.ets:210,未修复,UX视觉布局变更
declare const Button: ButtonInterface,ArkTS,7.0.0(26) Beta1,26.0.0 - 26.0.0(26.0.0),"=HYPERLINK(""https://developer.huawei.com/consumer/cn/doc/harmonyos-releases/changelogs-ux-7001/#ch2026032801249"",""内置文本的组件文本样式优化"")",entry\src\main\ets\components\onboarding\OnboardingPage.ets:232,未修复,UX视觉布局变更
declare const Button: ButtonInterface,ArkTS,7.0.0(26) Beta1,26.0.0 - 26.0.0(26.0.0),"=HYPERLINK(""https://developer.huawei.com/consumer/cn/doc/harmonyos-releases/changelogs-ux-7001/#ch2026032801249"",""内置文本的组件文本样式优化"")",entry\src\main\ets\components\onboarding\OnboardingPage.ets:265,未修复,UX视觉布局变更
declare const Button: ButtonInterface,ArkTS,7.0.0(26) Beta1,26.0.0 - 26.0.0(26.0.0),"=HYPERLINK(""https://developer.huawei.com/consumer/cn/doc/harmonyos-releases/changelogs-ux-7001/#ch2026032801249"",""内置文本的组件文本样式优化"")",entry\src\main\ets\components\outliner\BlockSelection.ets:100,未修复,UX视觉布局变更
declare const Button: ButtonInterface,ArkTS,7.0.0(26) Beta1,26.0.0 - 26.0.0(26.0.0),"=HYPERLINK(""https://developer.huawei.com/consumer/cn/doc/harmonyos-releases/changelogs-ux-7001/#ch2026032801249"",""内置文本的组件文本样式优化"")",entry\src\main\ets\components\outliner\BlockSelection.ets:111,未修复,UX视觉布局变更
declare const Button: ButtonInterface,ArkTS,7.0.0(26) Beta1,26.0.0 - 26.0.0(26.0.0),"=HYPERLINK(""https://developer.huawei.com/consumer/cn/doc/harmonyos-releases/changelogs-ux-7001/#ch2026032801249"",""内置文本的组件文本样式优化"")",entry\src\main\ets\components\outliner\BlockSelection.ets:122,未修复,UX视觉布局变更
declare const Button: ButtonInterface,ArkTS,7.0.0(26) Beta1,26.0.0 - 26.0.0(26.0.0),"=HYPERLINK(""https://developer.huawei.com/consumer/cn/doc/harmonyos-releases/changelogs-ux-7001/#ch2026032801249"",""内置文本的组件文本样式优化"")",entry\src\main\ets\components\outliner\BlockSelection.ets:133,未修复,UX视觉布局变更
declare const Button: ButtonInterface,ArkTS,7.0.0(26) Beta1,26.0.0 - 26.0.0(26.0.0),"=HYPERLINK(""https://developer.huawei.com/consumer/cn/doc/harmonyos-releases/changelogs-ux-7001/#ch2026032801249"",""内置文本的组件文本样式优化"")",entry\src\main\ets\components\outliner\BlockSelection.ets:144,未修复,UX视觉布局变更
declare const Button: ButtonInterface,ArkTS,7.0.0(26) Beta1,26.0.0 - 26.0.0(26.0.0),"=HYPERLINK(""https://developer.huawei.com/consumer/cn/doc/harmonyos-releases/changelogs-ux-7001/#ch2026032801249"",""内置文本的组件文本样式优化"")",entry\src\main\ets\components\outliner\BlockSelection.ets:89,未修复,UX视觉布局变更
declare const Button: ButtonInterface,ArkTS,7.0.0(26) Beta1,26.0.0 - 26.0.0(26.0.0),"=HYPERLINK(""https://developer.huawei.com/consumer/cn/doc/harmonyos-releases/changelogs-ux-7001/#ch2026032801249"",""内置文本的组件文本样式优化"")",entry\src\main\ets\components\outliner\BlockView.ets:405,未修复,UX视觉布局变更
declare const Button: ButtonInterface,ArkTS,7.0.0(26) Beta1,26.0.0 - 26.0.0(26.0.0),"=HYPERLINK(""https://developer.huawei.com/consumer/cn/doc/harmonyos-releases/changelogs-ux-7001/#ch2026032801249"",""内置文本的组件文本样式优化"")",entry\src\main\ets\components\outliner\BlockView.ets:415,未修复,UX视觉布局变更
declare const Button: ButtonInterface,ArkTS,7.0.0(26) Beta1,26.0.0 - 26.0.0(26.0.0),"=HYPERLINK(""https://developer.huawei.com/consumer/cn/doc/harmonyos-releases/changelogs-ux-7001/#ch2026032801249"",""内置文本的组件文本样式优化"")",entry\src\main\ets\components\outliner\BlockView.ets:425,未修复,UX视觉布局变更
declare const Button: ButtonInterface,ArkTS,7.0.0(26) Beta1,26.0.0 - 26.0.0(26.0.0),"=HYPERLINK(""https://developer.huawei.com/consumer/cn/doc/harmonyos-releases/changelogs-ux-7001/#ch2026032801249"",""内置文本的组件文本样式优化"")",entry\src\main\ets\components\outliner\BlockView.ets:435,未修复,UX视觉布局变更
declare const Button: ButtonInterface,ArkTS,7.0.0(26) Beta1,26.0.0 - 26.0.0(26.0.0),"=HYPERLINK(""https://developer.huawei.com/consumer/cn/doc/harmonyos-releases/changelogs-ux-7001/#ch2026032801249"",""内置文本的组件文本样式优化"")",entry\src\main\ets\components\outliner\BlockView.ets:446,未修复,UX视觉布局变更
declare const Button: ButtonInterface,ArkTS,7.0.0(26) Beta1,26.0.0 - 26.0.0(26.0.0),"=HYPERLINK(""https://developer.huawei.com/consumer/cn/doc/harmonyos-releases/changelogs-ux-7001/#ch2026032801249"",""内置文本的组件文本样式优化"")",entry\src\main\ets\components\outliner\BlockView.ets:457,未修复,UX视觉布局变更
declare const Button: ButtonInterface,ArkTS,7.0.0(26) Beta1,26.0.0 - 26.0.0(26.0.0),"=HYPERLINK(""https://developer.huawei.com/consumer/cn/doc/harmonyos-releases/changelogs-ux-7001/#ch2026032801249"",""内置文本的组件文本样式优化"")",entry\src\main\ets\components\outliner\Toolbar.ets:30,未修复,UX视觉布局变更
declare const Button: ButtonInterface,ArkTS,7.0.0(26) Beta1,26.0.0 - 26.0.0(26.0.0),"=HYPERLINK(""https://developer.huawei.com/consumer/cn/doc/harmonyos-releases/changelogs-ux-7001/#ch2026032801249"",""内置文本的组件文本样式优化"")",entry\src\main\ets\components\outliner\Toolbar.ets:43,未修复,UX视觉布局变更
declare const Button: ButtonInterface,ArkTS,7.0.0(26) Beta1,26.0.0 - 26.0.0(26.0.0),"=HYPERLINK(""https://developer.huawei.com/consumer/cn/doc/harmonyos-releases/changelogs-ux-7001/#ch2026032801249"",""内置文本的组件文本样式优化"")",entry\src\main\ets\components\property\PropertyConfig.ets:548,未修复,UX视觉布局变更
declare const Button: ButtonInterface,ArkTS,7.0.0(26) Beta1,26.0.0 - 26.0.0(26.0.0),"=HYPERLINK(""https://developer.huawei.com/consumer/cn/doc/harmonyos-releases/changelogs-ux-7001/#ch2026032801249"",""内置文本的组件文本样式优化"")",entry\src\main\ets\components\property\PropertyConfig.ets:556,未修复,UX视觉布局变更
declare const Button: ButtonInterface,ArkTS,7.0.0(26) Beta1,26.0.0 - 26.0.0(26.0.0),"=HYPERLINK(""https://developer.huawei.com/consumer/cn/doc/harmonyos-releases/changelogs-ux-7001/#ch2026032801249"",""内置文本的组件文本样式优化"")",entry\src\main\ets\components\property\PropertyEditor.ets:296,未修复,UX视觉布局变更
declare const Button: ButtonInterface,ArkTS,7.0.0(26) Beta1,26.0.0 - 26.0.0(26.0.0),"=HYPERLINK(""https://developer.huawei.com/consumer/cn/doc/harmonyos-releases/changelogs-ux-7001/#ch2026032801249"",""内置文本的组件文本样式优化"")",entry\src\main\ets\components\property\PropertyEditor.ets:304,未修复,UX视觉布局变更
declare const Button: ButtonInterface,ArkTS,7.0.0(26) Beta1,26.0.0 - 26.0.0(26.0.0),"=HYPERLINK(""https://developer.huawei.com/consumer/cn/doc/harmonyos-releases/changelogs-ux-7001/#ch2026032801249"",""内置文本的组件文本样式优化"")",entry\src\main\ets\components\query\QueryBuilder.ets:84,未修复,UX视觉布局变更
declare const Button: ButtonInterface,ArkTS,7.0.0(26) Beta1,26.0.0 - 26.0.0(26.0.0),"=HYPERLINK(""https://developer.huawei.com/consumer/cn/doc/harmonyos-releases/changelogs-ux-7001/#ch2026032801249"",""内置文本的组件文本样式优化"")",entry\src\main\ets\components\settings\ProUpgradePage.ets:82,未修复,UX视觉布局变更
declare const Button: ButtonInterface,ArkTS,7.0.0(26) Beta1,26.0.0 - 26.0.0(26.0.0),"=HYPERLINK(""https://developer.huawei.com/consumer/cn/doc/harmonyos-releases/changelogs-ux-7001/#ch2026032801249"",""内置文本的组件文本样式优化"")",entry\src\main\ets\components\sidebar\PageContextMenu.ets:251,未修复,UX视觉布局变更
declare const Button: ButtonInterface,ArkTS,7.0.0(26) Beta1,26.0.0 - 26.0.0(26.0.0),"=HYPERLINK(""https://developer.huawei.com/consumer/cn/doc/harmonyos-releases/changelogs-ux-7001/#ch2026032801249"",""内置文本的组件文本样式优化"")",entry\src\main\ets\components\sidebar\PageContextMenu.ets:259,未修复,UX视觉布局变更
declare const Button: ButtonInterface,ArkTS,7.0.0(26) Beta1,26.0.0 - 26.0.0(26.0.0),"=HYPERLINK(""https://developer.huawei.com/consumer/cn/doc/harmonyos-releases/changelogs-ux-7001/#ch2026032801249"",""内置文本的组件文本样式优化"")",entry\src\main\ets\widget\pages\WidgetCard.ets:109,未修复,UX视觉布局变更
declare class DatePickerDialog,ArkTS,7.0.0(26) Beta1,26.0.0 - 26.0.0(26.0.0),"=HYPERLINK(""https://developer.huawei.com/consumer/cn/doc/harmonyos-releases/changelogs-ux-7001/#ch2026032801249"",""内置文本的组件文本样式优化"")",entry\src\main\ets\components\property\PropertyEditor.ets:152,未修复,UX视觉布局变更
declare const MenuItem: MenuItemInterface,ArkTS,7.0.0(26) Beta1,26.0.0 - 26.0.0(26.0.0),"=HYPERLINK(""https://developer.huawei.com/consumer/cn/doc/harmonyos-releases/changelogs-ux-7001/#ch2026032801249"",""内置文本的组件文本样式优化"")",entry\src\main\ets\components\layout\TabBar.ets:197,未修复,UX视觉布局变更
declare const MenuItem: MenuItemInterface,ArkTS,7.0.0(26) Beta1,26.0.0 - 26.0.0(26.0.0),"=HYPERLINK(""https://developer.huawei.com/consumer/cn/doc/harmonyos-releases/changelogs-ux-7001/#ch2026032801249"",""内置文本的组件文本样式优化"")",entry\src\main\ets\components\layout\TabBar.ets:203,未修复,UX视觉布局变更
declare const MenuItem: MenuItemInterface,ArkTS,7.0.0(26) Beta1,26.0.0 - 26.0.0(26.0.0),"=HYPERLINK(""https://developer.huawei.com/consumer/cn/doc/harmonyos-releases/changelogs-ux-7001/#ch2026032801249"",""内置文本的组件文本样式优化"")",entry\src\main\ets\components\layout\TabBar.ets:209,未修复,UX视觉布局变更
declare class CommonMethod<T>,ArkTS,7.0.0(26) Beta1,ALL,"=HYPERLINK(""https://developer.huawei.com/consumer/cn/doc/harmonyos-releases/changelogs-for-all-apps-7001/#ch2026010615012"",""ArkUI接口新增仅支持Stage模型的约束"")",entry\src\main\ets\components\commandpalette\CommandPalette.ets:24,未修复,接口定义变更
declare class CommonMethod<T>,ArkTS,7.0.0(26) Beta1,ALL,"=HYPERLINK(""https://developer.huawei.com/consumer/cn/doc/harmonyos-releases/changelogs-for-all-apps-7001/#ch2026010615012"",""ArkUI接口新增仅支持Stage模型的约束"")",entry\src\main\ets\components\commandpalette\CommandPalette.ets:25,未修复,接口定义变更
declare class CommonMethod<T>,ArkTS,7.0.0(26) Beta1,ALL,"=HYPERLINK(""https://developer.huawei.com/consumer/cn/doc/harmonyos-releases/changelogs-for-all-apps-7001/#ch2026010615012"",""ArkUI接口新增仅支持Stage模型的约束"")",entry\src\main\ets\components\commandpalette\CommandPalette.ets:26,未修复,接口定义变更
declare class CommonMethod<T>,ArkTS,7.0.0(26) Beta1,ALL,"=HYPERLINK(""https://developer.huawei.com/consumer/cn/doc/harmonyos-releases/changelogs-for-all-apps-7001/#ch2026010615012"",""ArkUI接口新增仅支持Stage模型的约束"")",entry\src\main\ets\components\commandpalette\CommandPalette.ets:27,未修复,接口定义变更
declare class CommonMethod<T>,ArkTS,7.0.0(26) Beta1,ALL,"=HYPERLINK(""https://developer.huawei.com/consumer/cn/doc/harmonyos-releases/changelogs-for-all-apps-7001/#ch2026010615012"",""ArkUI接口新增仅支持Stage模型的约束"")",entry\src\main\ets\components\commandpalette\CommandPalette.ets:33,未修复,接口定义变更
declare class CommonMethod<T>,ArkTS,7.0.0(26) Beta1,ALL,"=HYPERLINK(""https://developer.huawei.com/consumer/cn/doc/harmonyos-releases/changelogs-for-all-apps-7001/#ch2026010615012"",""ArkUI接口新增仅支持Stage模型的约束"")",entry\src\main\ets\components\commandpalette\CommandPalette.ets:34,未修复,接口定义变更
declare class CommonMethod<T>,ArkTS,7.0.0(26) Beta1,ALL,"=HYPERLINK(""https://developer.huawei.com/consumer/cn/doc/harmonyos-releases/changelogs-for-all-apps-7001/#ch2026010615012"",""ArkUI接口新增仅支持Stage模型的约束"")",entry\src\main\ets\components\commandpalette\CommandPalette.ets:35,未修复,接口定义变更
declare class CommonMethod<T>,ArkTS,7.0.0(26) Beta1,ALL,"=HYPERLINK(""https://developer.huawei.com/consumer/cn/doc/harmonyos-releases/changelogs-for-all-apps-7001/#ch2026010615012"",""ArkUI接口新增仅支持Stage模型的约束"")",entry\src\main\ets\components\commandpalette\CommandPalette.ets:46,未修复,接口定义变更
declare class CommonMethod<T>,ArkTS,7.0.0(26) Beta1,ALL,"=HYPERLINK(""https://developer.huawei.com/consumer/cn/doc/harmonyos-releases/changelogs-for-all-apps-7001/#ch2026010615012"",""ArkUI接口新增仅支持Stage模型的约束"")",entry\src\main\ets\components\commandpalette\CommandPalette.ets:47,未修复,接口定义变更
declare class CommonMethod<T>,ArkTS,7.0.0(26) Beta1,ALL,"=HYPERLINK(""https://developer.huawei.com/consumer/cn/doc/harmonyos-releases/changelogs-for-all-apps-7001/#ch2026010615012"",""ArkUI接口新增仅支持Stage模型的约束"")",entry\src\main\ets\components\commandpalette\CommandPalette.ets:48,未修复,接口定义变更
declare class CommonMethod<T>,ArkTS,7.0.0(26) Beta1,ALL,"=HYPERLINK(""https://developer.huawei.com/consumer/cn/doc/harmonyos-releases/changelogs-for-all-apps-7001/#ch2026010615012"",""ArkUI接口新增仅支持Stage模型的约束"")",entry\src\main\ets\components\commandpalette\CommandPalette.ets:49,未修复,接口定义变更
declare class CommonMethod<T>,ArkTS,7.0.0(26) Beta1,ALL,"=HYPERLINK(""https://developer.huawei.com/consumer/cn/doc/harmonyos-releases/changelogs-for-all-apps-7001/#ch2026010615012"",""ArkUI接口新增仅支持Stage模型的约束"")",entry\src\main\ets\components\commandpalette\CommandPalette.ets:50,未修复,接口定义变更
declare class CommonMethod<T>,ArkTS,7.0.0(26) Beta1,ALL,"=HYPERLINK(""https://developer.huawei.com/consumer/cn/doc/harmonyos-releases/changelogs-for-all-apps-7001/#ch2026010615012"",""ArkUI接口新增仅支持Stage模型的约束"")",entry\src\main\ets\components\commandpalette\CommandPalette.ets:74,未修复,接口定义变更
declare class CommonMethod<T>,ArkTS,7.0.0(26) Beta1,ALL,"=HYPERLINK(""https://developer.huawei.com/consumer/cn/doc/harmonyos-releases/changelogs-for-all-apps-7001/#ch2026010615012"",""ArkUI接口新增仅支持Stage模型的约束"")",entry\src\main\ets\components\commandpalette\CommandPalette.ets:79,未修复,接口定义变更
declare class CommonMethod<T>,ArkTS,7.0.0(26) Beta1,ALL,"=HYPERLINK(""https://developer.huawei.com/consumer/cn/doc/harmonyos-releases/changelogs-for-all-apps-7001/#ch2026010615012"",""ArkUI接口新增仅支持Stage模型的约束"")",entry\src\main\ets\components\commandpalette\CommandPalette.ets:80,未修复,接口定义变更
declare class CommonMethod<T>,ArkTS,7.0.0(26) Beta1,ALL,"=HYPERLINK(""https://developer.huawei.com/consumer/cn/doc/harmonyos-releases/changelogs-for-all-apps-7001/#ch2026010615012"",""ArkUI接口新增仅支持Stage模型的约束"")",entry\src\main\ets\components\commandpalette\CommandPalette.ets:81,未修复,接口定义变更
declare class CommonMethod<T>,ArkTS,7.0.0(26) Beta1,ALL,"=HYPERLINK(""https://developer.huawei.com/consumer/cn/doc/harmonyos-releases/changelogs-for-all-apps-7001/#ch2026010615012"",""ArkUI接口新增仅支持Stage模型的约束"")",entry\src\main\ets\components\commandpalette\CommandPalette.ets:82,未修复,接口定义变更
declare class CommonMethod<T>,ArkTS,7.0.0(26) Beta1,ALL,"=HYPERLINK(""https://developer.huawei.com/consumer/cn/doc/harmonyos-releases/changelogs-for-all-apps-7001/#ch2026010615012"",""ArkUI接口新增仅支持Stage模型的约束"")",entry\src\main\ets\components\commandpalette\CommandPalette.ets:83,未修复,接口定义变更
declare class CommonMethod<T>,ArkTS,7.0.0(26) Beta1,ALL,"=HYPERLINK(""https://developer.huawei.com/consumer/cn/doc/harmonyos-releases/changelogs-for-all-apps-7001/#ch2026010615012"",""ArkUI接口新增仅支持Stage模型的约束"")",entry\src\main\ets\components\commandpalette\CommandPalette.ets:90,未修复,接口定义变更
declare class CommonMethod<T>,ArkTS,7.0.0(26) Beta1,ALL,"=HYPERLINK(""https://developer.huawei.com/consumer/cn/doc/harmonyos-releases/changelogs-for-all-apps-7001/#ch2026010615012"",""ArkUI接口新增仅支持Stage模型的约束"")",entry\src\main\ets\components\commandpalette\CommandPalette.ets:91,未修复,接口定义变更
declare class CommonMethod<T>,ArkTS,7.0.0(26) Beta1,ALL,"=HYPERLINK(""https://developer.huawei.com/consumer/cn/doc/harmonyos-releases/changelogs-for-all-apps-7001/#ch2026010615012"",""ArkUI接口新增仅支持Stage模型的约束"")",entry\src\main\ets\components\commandpalette\CommandPalette.ets:93,未修复,接口定义变更
declare class CommonMethod<T>,ArkTS,7.0.0(26) Beta1,ALL,"=HYPERLINK(""https://developer.huawei.com/consumer/cn/doc/harmonyos-releases/changelogs-for-all-apps-7001/#ch2026010615012"",""ArkUI接口新增仅支持Stage模型的约束"")",entry\src\main\ets\components\commandpalette\CommandPalette.ets:94,未修复,接口定义变更
declare class CommonMethod<T>,ArkTS,7.0.0(26) Beta1,ALL,"=HYPERLINK(""https://developer.huawei.com/consumer/cn/doc/harmonyos-releases/changelogs-for-all-apps-7001/#ch2026010615012"",""ArkUI接口新增仅支持Stage模型的约束"")",entry\src\main\ets\components\commandpalette\CommandPalette.ets:97,未修复,接口定义变更
declare class CommonMethod<T>,ArkTS,7.0.0(26) Beta1,ALL,"=HYPERLINK(""https://developer.huawei.com/consumer/cn/doc/harmonyos-releases/changelogs-for-all-apps-7001/#ch2026010615012"",""ArkUI接口新增仅支持Stage模型的约束"")",entry\src\main\ets\components\commandpalette\CommandPalette.ets:98,未修复,接口定义变更
declare class CommonMethod<T>,ArkTS,7.0.0(26) Beta1,ALL,"=HYPERLINK(""https://developer.huawei.com/consumer/cn/doc/harmonyos-releases/changelogs-for-all-apps-7001/#ch2026010615012"",""ArkUI接口新增仅支持Stage模型的约束"")",entry\src\main\ets\components\commandpalette\CommandPalette.ets:99,未修复,接口定义变更
declare class CommonMethod<T>,ArkTS,7.0.0(26) Beta1,ALL,"=HYPERLINK(""https://developer.huawei.com/consumer/cn/doc/harmonyos-releases/changelogs-for-all-apps-7001/#ch2026010615012"",""ArkUI接口新增仅支持Stage模型的约束"")",entry\src\main\ets\components\common\DatePicker.ets:273,未修复,接口定义变更
declare class CommonMethod<T>,ArkTS,7.0.0(26) Beta1,ALL,"=HYPERLINK(""https://developer.huawei.com/consumer/cn/doc/harmonyos-releases/changelogs-for-all-apps-7001/#ch2026010615012"",""ArkUI接口新增仅支持Stage模型的约束"")",entry\src\main\ets\components\common\DatePicker.ets:276,未修复,接口定义变更
declare class CommonMethod<T>,ArkTS,7.0.0(26) Beta1,ALL,"=HYPERLINK(""https://developer.huawei.com/consumer/cn/doc/harmonyos-releases/changelogs-for-all-apps-7001/#ch2026010615012"",""ArkUI接口新增仅支持Stage模型的约束"")",entry\src\main\ets\components\common\DatePicker.ets:277,未修复,接口定义变更
declare class CommonMethod<T>,ArkTS,7.0.0(26) Beta1,ALL,"=HYPERLINK(""https://developer.huawei.com/consumer/cn/doc/harmonyos-releases/changelogs-for-all-apps-7001/#ch2026010615012"",""ArkUI接口新增仅支持Stage模型的约束"")",entry\src\main\ets\components\common\DatePicker.ets:278,未修复,接口定义变更
declare class CommonMethod<T>,ArkTS,7.0.0(26) Beta1,ALL,"=HYPERLINK(""https://developer.huawei.com/consumer/cn/doc/harmonyos-releases/changelogs-for-all-apps-7001/#ch2026010615012"",""ArkUI接口新增仅支持Stage模型的约束"")",entry\src\main\ets\components\common\DatePicker.ets:279,未修复,接口定义变更
declare class CommonMethod<T>,ArkTS,7.0.0(26) Beta1,ALL,"=HYPERLINK(""https://developer.huawei.com/consumer/cn/doc/harmonyos-releases/changelogs-for-all-apps-7001/#ch2026010615012"",""ArkUI接口新增仅支持Stage模型的约束"")",entry\src\main\ets\components\common\DatePicker.ets:280,未修复,接口定义变更
declare class CommonMethod<T>,ArkTS,7.0.0(26) Beta1,ALL,"=HYPERLINK(""https://developer.huawei.com/consumer/cn/doc/harmonyos-releases/changelogs-for-all-apps-7001/#ch2026010615012"",""ArkUI接口新增仅支持Stage模型的约束"")",entry\src\main\ets\components\common\DatePicker.ets:294,未修复,接口定义变更
declare class CommonMethod<T>,ArkTS,7.0.0(26) Beta1,ALL,"=HYPERLINK(""https://developer.huawei.com/consumer/cn/doc/harmonyos-releases/changelogs-for-all-apps-7001/#ch2026010615012"",""ArkUI接口新增仅支持Stage模型的约束"")",entry\src\main\ets\components\common\DatePicker.ets:295,未修复,接口定义变更
declare class CommonMethod<T>,ArkTS,7.0.0(26) Beta1,ALL,"=HYPERLINK(""https://developer.huawei.com/consumer/cn/doc/harmonyos-releases/changelogs-for-all-apps-7001/#ch2026010615012"",""ArkUI接口新增仅支持Stage模型的约束"")",entry\src\main\ets\components\common\DatePicker.ets:303,未修复,接口定义变更
declare class CommonMethod<T>,ArkTS,7.0.0(26) Beta1,ALL,"=HYPERLINK(""https://developer.huawei.com/consumer/cn/doc/harmonyos-releases/changelogs-for-all-apps-7001/#ch2026010615012"",""ArkUI接口新增仅支持Stage模型的约束"")",entry\src\main\ets\components\common\DatePicker.ets:311,未修复,接口定义变更
declare class CommonMethod<T>,ArkTS,7.0.0(26) Beta1,ALL,"=HYPERLINK(""https://developer.huawei.com/consumer/cn/doc/harmonyos-releases/changelogs-for-all-apps-7001/#ch2026010615012"",""ArkUI接口新增仅支持Stage模型的约束"")",entry\src\main\ets\components\common\DatePicker.ets:312,未修复,接口定义变更
declare class CommonMethod<T>,ArkTS,7.0.0(26) Beta1,ALL,"=HYPERLINK(""https://developer.huawei.com/consumer/cn/doc/harmonyos-releases/changelogs-for-all-apps-7001/#ch2026010615012"",""ArkUI接口新增仅支持Stage模型的约束"")",entry\src\main\ets\components\common\DatePicker.ets:316,未修复,接口定义变更
declare class CommonMethod<T>,ArkTS,7.0.0(26) Beta1,ALL,"=HYPERLINK(""https://developer.huawei.com/consumer/cn/doc/harmonyos-releases/changelogs-for-all-apps-7001/#ch2026010615012"",""ArkUI接口新增仅支持Stage模型的约束"")",entry\src\main\ets\components\common\DatePicker.ets:324,未修复,接口定义变更
declare class CommonMethod<T>,ArkTS,7.0.0(26) Beta1,ALL,"=HYPERLINK(""https://developer.huawei.com/consumer/cn/doc/harmonyos-releases/changelogs-for-all-apps-7001/#ch2026010615012"",""ArkUI接口新增仅支持Stage模型的约束"")",entry\src\main\ets\components\common\DatePicker.ets:328,未修复,接口定义变更
declare class CommonMethod<T>,ArkTS,7.0.0(26) Beta1,ALL,"=HYPERLINK(""https://developer.huawei.com/consumer/cn/doc/harmonyos-releases/changelogs-for-all-apps-7001/#ch2026010615012"",""ArkUI接口新增仅支持Stage模型的约束"")",entry\src\main\ets\components\common\DatePicker.ets:340,未修复,接口定义变更
declare class CommonMethod<T>,ArkTS,7.0.0(26) Beta1,ALL,"=HYPERLINK(""https://developer.huawei.com/consumer/cn/doc/harmonyos-releases/changelogs-for-all-apps-7001/#ch2026010615012"",""ArkUI接口新增仅支持Stage模型的约束"")",entry\src\main\ets\components\common\DatePicker.ets:341,未修复,接口定义变更
declare class CommonMethod<T>,ArkTS,7.0.0(26) Beta1,ALL,"=HYPERLINK(""https://developer.huawei.com/consumer/cn/doc/harmonyos-releases/changelogs-for-all-apps-7001/#ch2026010615012"",""ArkUI接口新增仅支持Stage模型的约束"")",entry\src\main\ets\components\common\DatePicker.ets:352,未修复,接口定义变更
declare class CommonMethod<T>,ArkTS,7.0.0(26) Beta1,ALL,"=HYPERLINK(""https://developer.huawei.com/consumer/cn/doc/harmonyos-releases/changelogs-for-all-apps-7001/#ch2026010615012"",""ArkUI接口新增仅支持Stage模型的约束"")",entry\src\main\ets\components\common\DatePicker.ets:353,未修复,接口定义变更
declare class CommonMethod<T>,ArkTS,7.0.0(26) Beta1,ALL,"=HYPERLINK(""https://developer.huawei.com/consumer/cn/doc/harmonyos-releases/changelogs-for-all-apps-7001/#ch2026010615012"",""ArkUI接口新增仅支持Stage模型的约束"")",entry\src\main\ets\components\common\DatePicker.ets:354,未修复,接口定义变更
declare class CommonMethod<T>,ArkTS,7.0.0(26) Beta1,ALL,"=HYPERLINK(""https://developer.huawei.com/consumer/cn/doc/harmonyos-releases/changelogs-for-all-apps-7001/#ch2026010615012"",""ArkUI接口新增仅支持Stage模型的约束"")",entry\src\main\ets\components\common\DatePicker.ets:355,未修复,接口定义变更
declare class CommonMethod<T>,ArkTS,7.0.0(26) Beta1,ALL,"=HYPERLINK(""https://developer.huawei.com/consumer/cn/doc/harmonyos-releases/changelogs-for-all-apps-7001/#ch2026010615012"",""ArkUI接口新增仅支持Stage模型的约束"")",entry\src\main\ets\components\common\DatePicker.ets:357,未修复,接口定义变更
declare class CommonMethod<T>,ArkTS,7.0.0(26) Beta1,ALL,"=HYPERLINK(""https://developer.huawei.com/consumer/cn/doc/harmonyos-releases/changelogs-for-all-apps-7001/#ch2026010615012"",""ArkUI接口新增仅支持Stage模型的约束"")",entry\src\main\ets\components\common\DatePicker.ets:362,未修复,接口定义变更
declare class CommonMethod<T>,ArkTS,7.0.0(26) Beta1,ALL,"=HYPERLINK(""https://developer.huawei.com/consumer/cn/doc/harmonyos-releases/changelogs-for-all-apps-7001/#ch2026010615012"",""ArkUI接口新增仅支持Stage模型的约束"")",entry\src\main\ets\components\common\DatePicker.ets:364,未修复,接口定义变更
declare class CommonMethod<T>,ArkTS,7.0.0(26) Beta1,ALL,"=HYPERLINK(""https://developer.huawei.com/consumer/cn/doc/harmonyos-releases/changelogs-for-all-apps-7001/#ch2026010615012"",""ArkUI接口新增仅支持Stage模型的约束"")",entry\src\main\ets\components\common\DatePicker.ets:365,未修复,接口定义变更
declare class CommonMethod<T>,ArkTS,7.0.0(26) Beta1,ALL,"=HYPERLINK(""https://developer.huawei.com/consumer/cn/doc/harmonyos-releases/changelogs-for-all-apps-7001/#ch2026010615012"",""ArkUI接口新增仅支持Stage模型的约束"")",entry\src\main\ets\components\common\DatePicker.ets:366,未修复,接口定义变更
declare class CommonMethod<T>,ArkTS,7.0.0(26) Beta1,ALL,"=HYPERLINK(""https://developer.huawei.com/consumer/cn/doc/harmonyos-releases/changelogs-for-all-apps-7001/#ch2026010615012"",""ArkUI接口新增仅支持Stage模型的约束"")",entry\src\main\ets\components\common\DatePicker.ets:367,未修复,接口定义变更
declare class CommonMethod<T>,ArkTS,7.0.0(26) Beta1,ALL,"=HYPERLINK(""https://developer.huawei.com/consumer/cn/doc/harmonyos-releases/changelogs-for-all-apps-7001/#ch2026010615012"",""ArkUI接口新增仅支持Stage模型的约束"")",entry\src\main\ets\components\common\DatePicker.ets:370,未修复,接口定义变更
declare class CommonMethod<T>,ArkTS,7.0.0(26) Beta1,ALL,"=HYPERLINK(""https://developer.huawei.com/consumer/cn/doc/harmonyos-releases/changelogs-for-all-apps-7001/#ch2026010615012"",""ArkUI接口新增仅支持Stage模型的约束"")",entry\src\main\ets\components\common\DatePicker.ets:384,未修复,接口定义变更
declare class CommonMethod<T>,ArkTS,7.0.0(26) Beta1,ALL,"=HYPERLINK(""https://developer.huawei.com/consumer/cn/doc/harmonyos-releases/changelogs-for-all-apps-7001/#ch2026010615012"",""ArkUI接口新增仅支持Stage模型的约束"")",entry\src\main\ets\components\common\DatePicker.ets:387,未修复,接口定义变更
declare class CommonMethod<T>,ArkTS,7.0.0(26) Beta1,ALL,"=HYPERLINK(""https://developer.huawei.com/consumer/cn/doc/harmonyos-releases/changelogs-for-all-apps-7001/#ch2026010615012"",""ArkUI接口新增仅支持Stage模型的约束"")",entry\src\main\ets\components\common\DatePicker.ets:388,未修复,接口定义变更
declare class CommonMethod<T>,ArkTS,7.0.0(26) Beta1,ALL,"=HYPERLINK(""https://developer.huawei.com/consumer/cn/doc/harmonyos-releases/changelogs-for-all-apps-7001/#ch2026010615012"",""ArkUI接口新增仅支持Stage模型的约束"")",entry\src\main\ets\components\common\DatePicker.ets:390,未修复,接口定义变更
declare class CommonMethod<T>,ArkTS,7.0.0(26) Beta1,ALL,"=HYPERLINK(""https://developer.huawei.com/consumer/cn/doc/harmonyos-releases/changelogs-for-all-apps-7001/#ch2026010615012"",""ArkUI接口新增仅支持Stage模型的约束"")",entry\src\main\ets\components\common\DatePicker.ets:391,未修复,接口定义变更
declare class CommonMethod<T>,ArkTS,7.0.0(26) Beta1,ALL,"=HYPERLINK(""https://developer.huawei.com/consumer/cn/doc/harmonyos-releases/changelogs-for-all-apps-7001/#ch2026010615012"",""ArkUI接口新增仅支持Stage模型的约束"")",entry\src\main\ets\components\common\DatePicker.ets:392,未修复,接口定义变更
declare class CommonMethod<T>,ArkTS,7.0.0(26) Beta1,ALL,"=HYPERLINK(""https://developer.huawei.com/consumer/cn/doc/harmonyos-releases/changelogs-for-all-apps-7001/#ch2026010615012"",""ArkUI接口新增仅支持Stage模型的约束"")",entry\src\main\ets\components\common\ExportDialog.ets:117,未修复,接口定义变更
declare class CommonMethod<T>,ArkTS,7.0.0(26) Beta1,ALL,"=HYPERLINK(""https://developer.huawei.com/consumer/cn/doc/harmonyos-releases/changelogs-for-all-apps-7001/#ch2026010615012"",""ArkUI接口新增仅支持Stage模型的约束"")",entry\src\main\ets\components\common\ExportDialog.ets:121,未修复,接口定义变更
declare class CommonMethod<T>,ArkTS,7.0.0(26) Beta1,ALL,"=HYPERLINK(""https://developer.huawei.com/consumer/cn/doc/harmonyos-releases/changelogs-for-all-apps-7001/#ch2026010615012"",""ArkUI接口新增仅支持Stage模型的约束"")",entry\src\main\ets\components\common\ExportDialog.ets:123,未修复,接口定义变更
declare class CommonMethod<T>,ArkTS,7.0.0(26) Beta1,ALL,"=HYPERLINK(""https://developer.huawei.com/consumer/cn/doc/harmonyos-releases/changelogs-for-all-apps-7001/#ch2026010615012"",""ArkUI接口新增仅支持Stage模型的约束"")",entry\src\main\ets\components\common\ExportDialog.ets:135,未修复,接口定义变更
declare class CommonMethod<T>,ArkTS,7.0.0(26) Beta1,ALL,"=HYPERLINK(""https://developer.huawei.com/consumer/cn/doc/harmonyos-releases/changelogs-for-all-apps-7001/#ch2026010615012"",""ArkUI接口新增仅支持Stage模型的约束"")",entry\src\main\ets\components\common\ExportDialog.ets:137,未修复,接口定义变更
declare class CommonMethod<T>,ArkTS,7.0.0(26) Beta1,ALL,"=HYPERLINK(""https://developer.huawei.com/consumer/cn/doc/harmonyos-releases/changelogs-for-all-apps-7001/#ch2026010615012"",""ArkUI接口新增仅支持Stage模型的约束"")",entry\src\main\ets\components\common\ExportDialog.ets:149,未修复,接口定义变更
declare class CommonMethod<T>,ArkTS,7.0.0(26) Beta1,ALL,"=HYPERLINK(""https://developer.huawei.com/consumer/cn/doc/harmonyos-releases/changelogs-for-all-apps-7001/#ch2026010615012"",""ArkUI接口新增仅支持Stage模型的约束"")",entry\src\main\ets\components\common\ExportDialog.ets:151,未修复,接口定义变更
declare class CommonMethod<T>,ArkTS,7.0.0(26) Beta1,ALL,"=HYPERLINK(""https://developer.huawei.com/consumer/cn/doc/harmonyos-releases/changelogs-for-all-apps-7001/#ch2026010615012"",""ArkUI接口新增仅支持Stage模型的约束"")",entry\src\main\ets\components\common\ExportDialog.ets:162,未修复,接口定义变更
declare class CommonMethod<T>,ArkTS,7.0.0(26) Beta1,ALL,"=HYPERLINK(""https://developer.huawei.com/consumer/cn/doc/harmonyos-releases/changelogs-for-all-apps-7001/#ch2026010615012"",""ArkUI接口新增仅支持Stage模型的约束"")",entry\src\main\ets\components\common\ExportDialog.ets:163,未修复,接口定义变更
declare class CommonMethod<T>,ArkTS,7.0.0(26) Beta1,ALL,"=HYPERLINK(""https://developer.huawei.com/consumer/cn/doc/harmonyos-releases/changelogs-for-all-apps-7001/#ch2026010615012"",""ArkUI接口新增仅支持Stage模型的约束"")",entry\src\main\ets\components\common\ExportDialog.ets:164,未修复,接口定义变更
declare class CommonMethod<T>,ArkTS,7.0.0(26) Beta1,ALL,"=HYPERLINK(""https://developer.huawei.com/consumer/cn/doc/harmonyos-releases/changelogs-for-all-apps-7001/#ch2026010615012"",""ArkUI接口新增仅支持Stage模型的约束"")",entry\src\main\ets\components\common\ExportDialog.ets:167,未修复,接口定义变更
declare class CommonMethod<T>,ArkTS,7.0.0(26) Beta1,ALL,"=HYPERLINK(""https://developer.huawei.com/consumer/cn/doc/harmonyos-releases/changelogs-for-all-apps-7001/#ch2026010615012"",""ArkUI接口新增仅支持Stage模型的约束"")",entry\src\main\ets\components\common\ExportDialog.ets:175,未修复,接口定义变更
declare class CommonMethod<T>,ArkTS,7.0.0(26) Beta1,ALL,"=HYPERLINK(""https://developer.huawei.com/consumer/cn/doc/harmonyos-releases/changelogs-for-all-apps-7001/#ch2026010615012"",""ArkUI接口新增仅支持Stage模型的约束"")",entry\src\main\ets\components\common\ExportDialog.ets:183,未修复,接口定义变更
declare class CommonMethod<T>,ArkTS,7.0.0(26) Beta1,ALL,"=HYPERLINK(""https://developer.huawei.com/consumer/cn/doc/harmonyos-releases/changelogs-for-all-apps-7001/#ch2026010615012"",""ArkUI接口新增仅支持Stage模型的约束"")",entry\src\main\ets\components\common\ExportDialog.ets:191,未修复,接口定义变更
declare class CommonMethod<T>,ArkTS,7.0.0(26) Beta1,ALL,"=HYPERLINK(""https://developer.huawei.com/consumer/cn/doc/harmonyos-releases/changelogs-for-all-apps-7001/#ch2026010615012"",""ArkUI接口新增仅支持Stage模型的约束"")",entry\src\main\ets\components\common\ExportDialog.ets:192,未修复,接口定义变更
declare class CommonMethod<T>,ArkTS,7.0.0(26) Beta1,ALL,"=HYPERLINK(""https://developer.huawei.com/consumer/cn/doc/harmonyos-releases/changelogs-for-all-apps-7001/#ch2026010615012"",""ArkUI接口新增仅支持Stage模型的约束"")",entry\src\main\ets\components\common\ExportDialog.ets:193,未修复,接口定义变更
declare class CommonMethod<T>,ArkTS,7.0.0(26) Beta1,ALL,"=HYPERLINK(""https://developer.huawei.com/consumer/cn/doc/harmonyos-releases/changelogs-for-all-apps-7001/#ch2026010615012"",""ArkUI接口新增仅支持Stage模型的约束"")",entry\src\main\ets\components\common\ExportDialog.ets:197,未修复,接口定义变更
declare class CommonMethod<T>,ArkTS,7.0.0(26) Beta1,ALL,"=HYPERLINK(""https://developer.huawei.com/consumer/cn/doc/harmonyos-releases/changelogs-for-all-apps-7001/#ch2026010615012"",""ArkUI接口新增仅支持Stage模型的约束"")",entry\src\main\ets\components\common\ExportDialog.ets:198,未修复,接口定义变更
declare class CommonMethod<T>,ArkTS,7.0.0(26) Beta1,ALL,"=HYPERLINK(""https://developer.huawei.com/consumer/cn/doc/harmonyos-releases/changelogs-for-all-apps-7001/#ch2026010615012"",""ArkUI接口新增仅支持Stage模型的约束"")",entry\src\main\ets\components\common\ExportDialog.ets:199,未修复,接口定义变更
declare class CommonMethod<T>,ArkTS,7.0.0(26) Beta1,ALL,"=HYPERLINK(""https://developer.huawei.com/consumer/cn/doc/harmonyos-releases/changelogs-for-all-apps-7001/#ch2026010615012"",""ArkUI接口新增仅支持Stage模型的约束"")",entry\src\main\ets\components\common\ExportDialog.ets:200,未修复,接口定义变更
declare class CommonMethod<T>,ArkTS,7.0.0(26) Beta1,ALL,"=HYPERLINK(""https://developer.huawei.com/consumer/cn/doc/harmonyos-releases/changelogs-for-all-apps-7001/#ch2026010615012"",""ArkUI接口新增仅支持Stage模型的约束"")",entry\src\main\ets\components\common\ExportDialog.ets:202,未修复,接口定义变更
declare class CommonMethod<T>,ArkTS,7.0.0(26) Beta1,ALL,"=HYPERLINK(""https://developer.huawei.com/consumer/cn/doc/harmonyos-releases/changelogs-for-all-apps-7001/#ch2026010615012"",""ArkUI接口新增仅支持Stage模型的约束"")",entry\src\main\ets\components\common\ExportDialog.ets:204,未修复,接口定义变更
declare class CommonMethod<T>,ArkTS,7.0.0(26) Beta1,ALL,"=HYPERLINK(""https://developer.huawei.com/consumer/cn/doc/harmonyos-releases/changelogs-for-all-apps-7001/#ch2026010615012"",""ArkUI接口新增仅支持Stage模型的约束"")",entry\src\main\ets\components\common\ExportDialog.ets:205,未修复,接口定义变更
declare class CommonMethod<T>,ArkTS,7.0.0(26) Beta1,ALL,"=HYPERLINK(""https://developer.huawei.com/consumer/cn/doc/harmonyos-releases/changelogs-for-all-apps-7001/#ch2026010615012"",""ArkUI接口新增仅支持Stage模型的约束"")",entry\src\main\ets\components\common\ExportDialog.ets:206,未修复,接口定义变更
declare class CommonMethod<T>,ArkTS,7.0.0(26) Beta1,ALL,"=HYPERLINK(""https://developer.huawei.com/consumer/cn/doc/harmonyos-releases/changelogs-for-all-apps-7001/#ch2026010615012"",""ArkUI接口新增仅支持Stage模型的约束"")",entry\src\main\ets\components\common\ExportDialog.ets:207,未修复,接口定义变更
declare class CommonMethod<T>,ArkTS,7.0.0(26) Beta1,ALL,"=HYPERLINK(""https://developer.huawei.com/consumer/cn/doc/harmonyos-releases/changelogs-for-all-apps-7001/#ch2026010615012"",""ArkUI接口新增仅支持Stage模型的约束"")",entry\src\main\ets\components\common\ExportDialog.ets:208,未修复,接口定义变更
declare class CommonMethod<T>,ArkTS,7.0.0(26) Beta1,ALL,"=HYPERLINK(""https://developer.huawei.com/consumer/cn/doc/harmonyos-releases/changelogs-for-all-apps-7001/#ch2026010615012"",""ArkUI接口新增仅支持Stage模型的约束"")",entry\src\main\ets\components\common\ExportDialog.ets:216,未修复,接口定义变更
declare class CommonMethod<T>,ArkTS,7.0.0(26) Beta1,ALL,"=HYPERLINK(""https://developer.huawei.com/consumer/cn/doc/harmonyos-releases/changelogs-for-all-apps-7001/#ch2026010615012"",""ArkUI接口新增仅支持Stage模型的约束"")",entry\src\main\ets\components\common\ExportDialog.ets:218,未修复,接口定义变更
declare class CommonMethod<T>,ArkTS,7.0.0(26) Beta1,ALL,"=HYPERLINK(""https://developer.huawei.com/consumer/cn/doc/harmonyos-releases/changelogs-for-all-apps-7001/#ch2026010615012"",""ArkUI接口新增仅支持Stage模型的约束"")",entry\src\main\ets\components\common\ExportDialog.ets:219,未修复,接口定义变更
declare class CommonMethod<T>,ArkTS,7.0.0(26) Beta1,ALL,"=HYPERLINK(""https://developer.huawei.com/consumer/cn/doc/harmonyos-releases/changelogs-for-all-apps-7001/#ch2026010615012"",""ArkUI接口新增仅支持Stage模型的约束"")",entry\src\main\ets\components\common\ExportDialog.ets:220,未修复,接口定义变更
declare class CommonMethod<T>,ArkTS,7.0.0(26) Beta1,ALL,"=HYPERLINK(""https://developer.huawei.com/consumer/cn/doc/harmonyos-releases/changelogs-for-all-apps-7001/#ch2026010615012"",""ArkUI接口新增仅支持Stage模型的约束"")",entry\src\main\ets\components\common\ExportDialog.ets:222,未修复,接口定义变更
declare class CommonMethod<T>,ArkTS,7.0.0(26) Beta1,ALL,"=HYPERLINK(""https://developer.huawei.com/consumer/cn/doc/harmonyos-releases/changelogs-for-all-apps-7001/#ch2026010615012"",""ArkUI接口新增仅支持Stage模型的约束"")",entry\src\main\ets\components\common\ExportDialog.ets:230,未修复,接口定义变更
declare class CommonMethod<T>,ArkTS,7.0.0(26) Beta1,ALL,"=HYPERLINK(""https://developer.huawei.com/consumer/cn/doc/harmonyos-releases/changelogs-for-all-apps-7001/#ch2026010615012"",""ArkUI接口新增仅支持Stage模型的约束"")",entry\src\main\ets\components\common\ExportDialog.ets:232,未修复,接口定义变更
declare class CommonMethod<T>,ArkTS,7.0.0(26) Beta1,ALL,"=HYPERLINK(""https://developer.huawei.com/consumer/cn/doc/harmonyos-releases/changelogs-for-all-apps-7001/#ch2026010615012"",""ArkUI接口新增仅支持Stage模型的约束"")",entry\src\main\ets\components\common\ExportDialog.ets:233,未修复,接口定义变更
declare class CommonMethod<T>,ArkTS,7.0.0(26) Beta1,ALL,"=HYPERLINK(""https://developer.huawei.com/consumer/cn/doc/harmonyos-releases/changelogs-for-all-apps-7001/#ch2026010615012"",""ArkUI接口新增仅支持Stage模型的约束"")",entry\src\main\ets\components\common\ExportDialog.ets:234,未修复,接口定义变更
declare class CommonMethod<T>,ArkTS,7.0.0(26) Beta1,ALL,"=HYPERLINK(""https://developer.huawei.com/consumer/cn/doc/harmonyos-releases/changelogs-for-all-apps-7001/#ch2026010615012"",""ArkUI接口新增仅支持Stage模型的约束"")",entry\src\main\ets\components\common\ExportDialog.ets:236,未修复,接口定义变更
declare class CommonMethod<T>,ArkTS,7.0.0(26) Beta1,ALL,"=HYPERLINK(""https://developer.huawei.com/consumer/cn/doc/harmonyos-releases/changelogs-for-all-apps-7001/#ch2026010615012"",""ArkUI接口新增仅支持Stage模型的约束"")",entry\src\main\ets\components\common\FloatingPanel.ets:44,未修复,接口定义变更
declare class CommonMethod<T>,ArkTS,7.0.0(26) Beta1,ALL,"=HYPERLINK(""https://developer.huawei.com/consumer/cn/doc/harmonyos-releases/changelogs-for-all-apps-7001/#ch2026010615012"",""ArkUI接口新增仅支持Stage模型的约束"")",entry\src\main\ets\components\common\FloatingPanel.ets:45,未修复,接口定义变更
declare class CommonMethod<T>,ArkTS,7.0.0(26) Beta1,ALL,"=HYPERLINK(""https://developer.huawei.com/consumer/cn/doc/harmonyos-releases/changelogs-for-all-apps-7001/#ch2026010615012"",""ArkUI接口新增仅支持Stage模型的约束"")",entry\src\main\ets\components\common\FloatingPanel.ets:46,未修复,接口定义变更
declare class CommonMethod<T>,ArkTS,7.0.0(26) Beta1,ALL,"=HYPERLINK(""https://developer.huawei.com/consumer/cn/doc/harmonyos-releases/changelogs-for-all-apps-7001/#ch2026010615012"",""ArkUI接口新增仅支持Stage模型的约束"")",entry\src\main\ets\components\common\FloatingPanel.ets:47,未修复,接口定义变更
declare class CommonMethod<T>,ArkTS,7.0.0(26) Beta1,ALL,"=HYPERLINK(""https://developer.huawei.com/consumer/cn/doc/harmonyos-releases/changelogs-for-all-apps-7001/#ch2026010615012"",""ArkUI接口新增仅支持Stage模型的约束"")",entry\src\main\ets\components\common\FloatingPanel.ets:50,未修复,接口定义变更
declare class CommonMethod<T>,ArkTS,7.0.0(26) Beta1,ALL,"=HYPERLINK(""https://developer.huawei.com/consumer/cn/doc/harmonyos-releases/changelogs-for-all-apps-7001/#ch2026010615012"",""ArkUI接口新增仅支持Stage模型的约束"")",entry\src\main\ets\components\common\FloatingPanel.ets:63,未修复,接口定义变更
declare class CommonMethod<T>,ArkTS,7.0.0(26) Beta1,ALL,"=HYPERLINK(""https://developer.huawei.com/consumer/cn/doc/harmonyos-releases/changelogs-for-all-apps-7001/#ch2026010615012"",""ArkUI接口新增仅支持Stage模型的约束"")",entry\src\main\ets\components\common\FloatingPanel.ets:64,未修复,接口定义变更
declare class CommonMethod<T>,ArkTS,7.0.0(26) Beta1,ALL,"=HYPERLINK(""https://developer.huawei.com/consumer/cn/doc/harmonyos-releases/changelogs-for-all-apps-7001/#ch2026010615012"",""ArkUI接口新增仅支持Stage模型的约束"")",entry\src\main\ets\components\common\FloatingPanel.ets:65,未修复,接口定义变更
declare class CommonMethod<T>,ArkTS,7.0.0(26) Beta1,ALL,"=HYPERLINK(""https://developer.huawei.com/consumer/cn/doc/harmonyos-releases/changelogs-for-all-apps-7001/#ch2026010615012"",""ArkUI接口新增仅支持Stage模型的约束"")",entry\src\main\ets\components\common\FloatingPanel.ets:73,未修复,接口定义变更
declare class CommonMethod<T>,ArkTS,7.0.0(26) Beta1,ALL,"=HYPERLINK(""https://developer.huawei.com/consumer/cn/doc/harmonyos-releases/changelogs-for-all-apps-7001/#ch2026010615012"",""ArkUI接口新增仅支持Stage模型的约束"")",entry\src\main\ets\components\common\FloatingPanel.ets:75,未修复,接口定义变更
declare class CommonMethod<T>,ArkTS,7.0.0(26) Beta1,ALL,"=HYPERLINK(""https://developer.huawei.com/consumer/cn/doc/harmonyos-releases/changelogs-for-all-apps-7001/#ch2026010615012"",""ArkUI接口新增仅支持Stage模型的约束"")",entry\src\main\ets\components\common\FloatingPanel.ets:76,未修复,接口定义变更
declare class CommonMethod<T>,ArkTS,7.0.0(26) Beta1,ALL,"=HYPERLINK(""https://developer.huawei.com/consumer/cn/doc/harmonyos-releases/changelogs-for-all-apps-7001/#ch2026010615012"",""ArkUI接口新增仅支持Stage模型的约束"")",entry\src\main\ets\components\common\FloatingPanel.ets:84,未修复,接口定义变更
declare class CommonMethod<T>,ArkTS,7.0.0(26) Beta1,ALL,"=HYPERLINK(""https://developer.huawei.com/consumer/cn/doc/harmonyos-releases/changelogs-for-all-apps-7001/#ch2026010615012"",""ArkUI接口新增仅支持Stage模型的约束"")",entry\src\main\ets\components\common\FloatingPanel.ets:85,未修复,接口定义变更
declare class CommonMethod<T>,ArkTS,7.0.0(26) Beta1,ALL,"=HYPERLINK(""https://developer.huawei.com/consumer/cn/doc/harmonyos-releases/changelogs-for-all-apps-7001/#ch2026010615012"",""ArkUI接口新增仅支持Stage模型的约束"")",entry\src\main\ets\components\common\FloatingPanel.ets:86,未修复,接口定义变更
declare class CommonMethod<T>,ArkTS,7.0.0(26) Beta1,ALL,"=HYPERLINK(""https://developer.huawei.com/consumer/cn/doc/harmonyos-releases/changelogs-for-all-apps-7001/#ch2026010615012"",""ArkUI接口新增仅支持Stage模型的约束"")",entry\src\main\ets\components\common\FloatingPanel.ets:87,未修复,接口定义变更
declare class CommonMethod<T>,ArkTS,7.0.0(26) Beta1,ALL,"=HYPERLINK(""https://developer.huawei.com/consumer/cn/doc/harmonyos-releases/changelogs-for-all-apps-7001/#ch2026010615012"",""ArkUI接口新增仅支持Stage模型的约束"")",entry\src\main\ets\components\common\FloatingPanel.ets:88,未修复,接口定义变更
declare class CommonMethod<T>,ArkTS,7.0.0(26) Beta1,ALL,"=HYPERLINK(""https://developer.huawei.com/consumer/cn/doc/harmonyos-releases/changelogs-for-all-apps-7001/#ch2026010615012"",""ArkUI接口新增仅支持Stage模型的约束"")",entry\src\main\ets\components\common\FloatingPanel.ets:89,未修复,接口定义变更
declare class CommonMethod<T>,ArkTS,7.0.0(26) Beta1,ALL,"=HYPERLINK(""https://developer.huawei.com/consumer/cn/doc/harmonyos-releases/changelogs-for-all-apps-7001/#ch2026010615012"",""ArkUI接口新增仅支持Stage模型的约束"")",entry\src\main\ets\components\common\FloatingPanel.ets:90,未修复,接口定义变更
declare class CommonMethod<T>,ArkTS,7.0.0(26) Beta1,ALL,"=HYPERLINK(""https://developer.huawei.com/consumer/cn/doc/harmonyos-releases/changelogs-for-all-apps-7001/#ch2026010615012"",""ArkUI接口新增仅支持Stage模型的约束"")",entry\src\main\ets\components\common\FloatingPanel.ets:91,未修复,接口定义变更
declare class CommonMethod<T>,ArkTS,7.0.0(26) Beta1,ALL,"=HYPERLINK(""https://developer.huawei.com/consumer/cn/doc/harmonyos-releases/changelogs-for-all-apps-7001/#ch2026010615012"",""ArkUI接口新增仅支持Stage模型的约束"")",entry\src\main\ets\components\common\FloatingPanel.ets:92,未修复,接口定义变更
declare class CommonMethod<T>,ArkTS,7.0.0(26) Beta1,ALL,"=HYPERLINK(""https://developer.huawei.com/consumer/cn/doc/harmonyos-releases/changelogs-for-all-apps-7001/#ch2026010615012"",""ArkUI接口新增仅支持Stage模型的约束"")",entry\src\main\ets\components\common\GlassSurface.ets:64,未修复,接口定义变更
declare class CommonMethod<T>,ArkTS,7.0.0(26) Beta1,ALL,"=HYPERLINK(""https://developer.huawei.com/consumer/cn/doc/harmonyos-releases/changelogs-for-all-apps-7001/#ch2026010615012"",""ArkUI接口新增仅支持Stage模型的约束"")",entry\src\main\ets\components\common\GlassSurface.ets:65,未修复,接口定义变更
declare class CommonMethod<T>,ArkTS,7.0.0(26) Beta1,ALL,"=HYPERLINK(""https://developer.huawei.com/consumer/cn/doc/harmonyos-releases/changelogs-for-all-apps-7001/#ch2026010615012"",""ArkUI接口新增仅支持Stage模型的约束"")",entry\src\main\ets\components\common\GlassSurface.ets:66,未修复,接口定义变更
declare class CommonMethod<T>,ArkTS,7.0.0(26) Beta1,ALL,"=HYPERLINK(""https://developer.huawei.com/consumer/cn/doc/harmonyos-releases/changelogs-for-all-apps-7001/#ch2026010615012"",""ArkUI接口新增仅支持Stage模型的约束"")",entry\src\main\ets\components\common\GlassSurface.ets:70,未修复,接口定义变更
declare class CommonMethod<T>,ArkTS,7.0.0(26) Beta1,ALL,"=HYPERLINK(""https://developer.huawei.com/consumer/cn/doc/harmonyos-releases/changelogs-for-all-apps-7001/#ch2026010615012"",""ArkUI接口新增仅支持Stage模型的约束"")",entry\src\main\ets\components\common\GlassSurface.ets:71,未修复,接口定义变更
declare class CommonMethod<T>,ArkTS,7.0.0(26) Beta1,ALL,"=HYPERLINK(""https://developer.huawei.com/consumer/cn/doc/harmonyos-releases/changelogs-for-all-apps-7001/#ch2026010615012"",""ArkUI接口新增仅支持Stage模型的约束"")",entry\src\main\ets\components\common\GlassSurface.ets:73,未修复,接口定义变更
declare class CommonMethod<T>,ArkTS,7.0.0(26) Beta1,ALL,"=HYPERLINK(""https://developer.huawei.com/consumer/cn/doc/harmonyos-releases/changelogs-for-all-apps-7001/#ch2026010615012"",""ArkUI接口新增仅支持Stage模型的约束"")",entry\src\main\ets\components\common\GlassSurface.ets:74,未修复,接口定义变更
declare class CommonMethod<T>,ArkTS,7.0.0(26) Beta1,ALL,"=HYPERLINK(""https://developer.huawei.com/consumer/cn/doc/harmonyos-releases/changelogs-for-all-apps-7001/#ch2026010615012"",""ArkUI接口新增仅支持Stage模型的约束"")",entry\src\main\ets\components\common\GlassSurface.ets:75,未修复,接口定义变更
declare class CommonMethod<T>,ArkTS,7.0.0(26) Beta1,ALL,"=HYPERLINK(""https://developer.huawei.com/consumer/cn/doc/harmonyos-releases/changelogs-for-all-apps-7001/#ch2026010615012"",""ArkUI接口新增仅支持Stage模型的约束"")",entry\src\main\ets\components\common\GlassSurface.ets:76,未修复,接口定义变更
declare class CommonMethod<T>,ArkTS,7.0.0(26) Beta1,ALL,"=HYPERLINK(""https://developer.huawei.com/consumer/cn/doc/harmonyos-releases/changelogs-for-all-apps-7001/#ch2026010615012"",""ArkUI接口新增仅支持Stage模型的约束"")",entry\src\main\ets\components\common\GlassSurface.ets:77,未修复,接口定义变更
declare class CommonMethod<T>,ArkTS,7.0.0(26) Beta1,ALL,"=HYPERLINK(""https://developer.huawei.com/consumer/cn/doc/harmonyos-releases/changelogs-for-all-apps-7001/#ch2026010615012"",""ArkUI接口新增仅支持Stage模型的约束"")",entry\src\main\ets\components\common\GlassSurface.ets:83,未修复,接口定义变更
declare class CommonMethod<T>,ArkTS,7.0.0(26) Beta1,ALL,"=HYPERLINK(""https://developer.huawei.com/consumer/cn/doc/harmonyos-releases/changelogs-for-all-apps-7001/#ch2026010615012"",""ArkUI接口新增仅支持Stage模型的约束"")",entry\src\main\ets\components\common\GlassSurface.ets:90,未修复,接口定义变更
declare class CommonMethod<T>,ArkTS,7.0.0(26) Beta1,ALL,"=HYPERLINK(""https://developer.huawei.com/consumer/cn/doc/harmonyos-releases/changelogs-for-all-apps-7001/#ch2026010615012"",""ArkUI接口新增仅支持Stage模型的约束"")",entry\src\main\ets\components\common\GlassSurface.ets:91,未修复,接口定义变更
declare class CommonMethod<T>,ArkTS,7.0.0(26) Beta1,ALL,"=HYPERLINK(""https://developer.huawei.com/consumer/cn/doc/harmonyos-releases/changelogs-for-all-apps-7001/#ch2026010615012"",""ArkUI接口新增仅支持Stage模型的约束"")",entry\src\main\ets\components\common\GlassSurface.ets:92,未修复,接口定义变更
declare class CommonMethod<T>,ArkTS,7.0.0(26) Beta1,ALL,"=HYPERLINK(""https://developer.huawei.com/consumer/cn/doc/harmonyos-releases/changelogs-for-all-apps-7001/#ch2026010615012"",""ArkUI接口新增仅支持Stage模型的约束"")",entry\src\main\ets\components\common\Icons.ets:100,未修复,接口定义变更
declare class CommonMethod<T>,ArkTS,7.0.0(26) Beta1,ALL,"=HYPERLINK(""https://developer.huawei.com/consumer/cn/doc/harmonyos-releases/changelogs-for-all-apps-7001/#ch2026010615012"",""ArkUI接口新增仅支持Stage模型的约束"")",entry\src\main\ets\components\common\Icons.ets:109,未修复,接口定义变更
declare class CommonMethod<T>,ArkTS,7.0.0(26) Beta1,ALL,"=HYPERLINK(""https://developer.huawei.com/consumer/cn/doc/harmonyos-releases/changelogs-for-all-apps-7001/#ch2026010615012"",""ArkUI接口新增仅支持Stage模型的约束"")",entry\src\main\ets\components\common\Icons.ets:110,未修复,接口定义变更
declare class CommonMethod<T>,ArkTS,7.0.0(26) Beta1,ALL,"=HYPERLINK(""https://developer.huawei.com/consumer/cn/doc/harmonyos-releases/changelogs-for-all-apps-7001/#ch2026010615012"",""ArkUI接口新增仅支持Stage模型的约束"")",entry\src\main\ets\components\common\Icons.ets:117,未修复,接口定义变更
declare class CommonMethod<T>,ArkTS,7.0.0(26) Beta1,ALL,"=HYPERLINK(""https://developer.huawei.com/consumer/cn/doc/harmonyos-releases/changelogs-for-all-apps-7001/#ch2026010615012"",""ArkUI接口新增仅支持Stage模型的约束"")",entry\src\main\ets\components\common\Icons.ets:99,未修复,接口定义变更
declare class CommonMethod<T>,ArkTS,7.0.0(26) Beta1,ALL,"=HYPERLINK(""https://developer.huawei.com/consumer/cn/doc/harmonyos-releases/changelogs-for-all-apps-7001/#ch2026010615012"",""ArkUI接口新增仅支持Stage模型的约束"")",entry\src\main\ets\components\common\ImportDialog.ets:100,未修复,接口定义变更
declare class CommonMethod<T>,ArkTS,7.0.0(26) Beta1,ALL,"=HYPERLINK(""https://developer.huawei.com/consumer/cn/doc/harmonyos-releases/changelogs-for-all-apps-7001/#ch2026010615012"",""ArkUI接口新增仅支持Stage模型的约束"")",entry\src\main\ets\components\common\ImportDialog.ets:101,未修复,接口定义变更
declare class CommonMethod<T>,ArkTS,7.0.0(26) Beta1,ALL,"=HYPERLINK(""https://developer.huawei.com/consumer/cn/doc/harmonyos-releases/changelogs-for-all-apps-7001/#ch2026010615012"",""ArkUI接口新增仅支持Stage模型的约束"")",entry\src\main\ets\components\common\ImportDialog.ets:104,未修复,接口定义变更
declare class CommonMethod<T>,ArkTS,7.0.0(26) Beta1,ALL,"=HYPERLINK(""https://developer.huawei.com/consumer/cn/doc/harmonyos-releases/changelogs-for-all-apps-7001/#ch2026010615012"",""ArkUI接口新增仅支持Stage模型的约束"")",entry\src\main\ets\components\common\ImportDialog.ets:116,未修复,接口定义变更
declare class CommonMethod<T>,ArkTS,7.0.0(26) Beta1,ALL,"=HYPERLINK(""https://developer.huawei.com/consumer/cn/doc/harmonyos-releases/changelogs-for-all-apps-7001/#ch2026010615012"",""ArkUI接口新增仅支持Stage模型的约束"")",entry\src\main\ets\components\common\ImportDialog.ets:118,未修复,接口定义变更
declare class CommonMethod<T>,ArkTS,7.0.0(26) Beta1,ALL,"=HYPERLINK(""https://developer.huawei.com/consumer/cn/doc/harmonyos-releases/changelogs-for-all-apps-7001/#ch2026010615012"",""ArkUI接口新增仅支持Stage模型的约束"")",entry\src\main\ets\components\common\ImportDialog.ets:126,未修复,接口定义变更
declare class CommonMethod<T>,ArkTS,7.0.0(26) Beta1,ALL,"=HYPERLINK(""https://developer.huawei.com/consumer/cn/doc/harmonyos-releases/changelogs-for-all-apps-7001/#ch2026010615012"",""ArkUI接口新增仅支持Stage模型的约束"")",entry\src\main\ets\components\common\ImportDialog.ets:131,未修复,接口定义变更
declare class CommonMethod<T>,ArkTS,7.0.0(26) Beta1,ALL,"=HYPERLINK(""https://developer.huawei.com/consumer/cn/doc/harmonyos-releases/changelogs-for-all-apps-7001/#ch2026010615012"",""ArkUI接口新增仅支持Stage模型的约束"")",entry\src\main\ets\components\common\ImportDialog.ets:139,未修复,接口定义变更
declare class CommonMethod<T>,ArkTS,7.0.0(26) Beta1,ALL,"=HYPERLINK(""https://developer.huawei.com/consumer/cn/doc/harmonyos-releases/changelogs-for-all-apps-7001/#ch2026010615012"",""ArkUI接口新增仅支持Stage模型的约束"")",entry\src\main\ets\components\common\ImportDialog.ets:147,未修复,接口定义变更
declare class CommonMethod<T>,ArkTS,7.0.0(26) Beta1,ALL,"=HYPERLINK(""https://developer.huawei.com/consumer/cn/doc/harmonyos-releases/changelogs-for-all-apps-7001/#ch2026010615012"",""ArkUI接口新增仅支持Stage模型的约束"")",entry\src\main\ets\components\common\ImportDialog.ets:148,未修复,接口定义变更
declare class CommonMethod<T>,ArkTS,7.0.0(26) Beta1,ALL,"=HYPERLINK(""https://developer.huawei.com/consumer/cn/doc/harmonyos-releases/changelogs-for-all-apps-7001/#ch2026010615012"",""ArkUI接口新增仅支持Stage模型的约束"")",entry\src\main\ets\components\common\ImportDialog.ets:149,未修复,接口定义变更
declare class CommonMethod<T>,ArkTS,7.0.0(26) Beta1,ALL,"=HYPERLINK(""https://developer.huawei.com/consumer/cn/doc/harmonyos-releases/changelogs-for-all-apps-7001/#ch2026010615012"",""ArkUI接口新增仅支持Stage模型的约束"")",entry\src\main\ets\components\common\ImportDialog.ets:153,未修复,接口定义变更
declare class CommonMethod<T>,ArkTS,7.0.0(26) Beta1,ALL,"=HYPERLINK(""https://developer.huawei.com/consumer/cn/doc/harmonyos-releases/changelogs-for-all-apps-7001/#ch2026010615012"",""ArkUI接口新增仅支持Stage模型的约束"")",entry\src\main\ets\components\common\ImportDialog.ets:154,未修复,接口定义变更
declare class CommonMethod<T>,ArkTS,7.0.0(26) Beta1,ALL,"=HYPERLINK(""https://developer.huawei.com/consumer/cn/doc/harmonyos-releases/changelogs-for-all-apps-7001/#ch2026010615012"",""ArkUI接口新增仅支持Stage模型的约束"")",entry\src\main\ets\components\common\ImportDialog.ets:155,未修复,接口定义变更
declare class CommonMethod<T>,ArkTS,7.0.0(26) Beta1,ALL,"=HYPERLINK(""https://developer.huawei.com/consumer/cn/doc/harmonyos-releases/changelogs-for-all-apps-7001/#ch2026010615012"",""ArkUI接口新增仅支持Stage模型的约束"")",entry\src\main\ets\components\common\ImportDialog.ets:156,未修复,接口定义变更
declare class CommonMethod<T>,ArkTS,7.0.0(26) Beta1,ALL,"=HYPERLINK(""https://developer.huawei.com/consumer/cn/doc/harmonyos-releases/changelogs-for-all-apps-7001/#ch2026010615012"",""ArkUI接口新增仅支持Stage模型的约束"")",entry\src\main\ets\components\common\ImportDialog.ets:158,未修复,接口定义变更
declare class CommonMethod<T>,ArkTS,7.0.0(26) Beta1,ALL,"=HYPERLINK(""https://developer.huawei.com/consumer/cn/doc/harmonyos-releases/changelogs-for-all-apps-7001/#ch2026010615012"",""ArkUI接口新增仅支持Stage模型的约束"")",entry\src\main\ets\components\common\ImportDialog.ets:160,未修复,接口定义变更
declare class CommonMethod<T>,ArkTS,7.0.0(26) Beta1,ALL,"=HYPERLINK(""https://developer.huawei.com/consumer/cn/doc/harmonyos-releases/changelogs-for-all-apps-7001/#ch2026010615012"",""ArkUI接口新增仅支持Stage模型的约束"")",entry\src\main\ets\components\common\ImportDialog.ets:161,未修复,接口定义变更
declare class CommonMethod<T>,ArkTS,7.0.0(26) Beta1,ALL,"=HYPERLINK(""https://developer.huawei.com/consumer/cn/doc/harmonyos-releases/changelogs-for-all-apps-7001/#ch2026010615012"",""ArkUI接口新增仅支持Stage模型的约束"")",entry\src\main\ets\components\common\ImportDialog.ets:162,未修复,接口定义变更
declare class CommonMethod<T>,ArkTS,7.0.0(26) Beta1,ALL,"=HYPERLINK(""https://developer.huawei.com/consumer/cn/doc/harmonyos-releases/changelogs-for-all-apps-7001/#ch2026010615012"",""ArkUI接口新增仅支持Stage模型的约束"")",entry\src\main\ets\components\common\ImportDialog.ets:163,未修复,接口定义变更
declare class CommonMethod<T>,ArkTS,7.0.0(26) Beta1,ALL,"=HYPERLINK(""https://developer.huawei.com/consumer/cn/doc/harmonyos-releases/changelogs-for-all-apps-7001/#ch2026010615012"",""ArkUI接口新增仅支持Stage模型的约束"")",entry\src\main\ets\components\common\ImportDialog.ets:164,未修复,接口定义变更
declare class CommonMethod<T>,ArkTS,7.0.0(26) Beta1,ALL,"=HYPERLINK(""https://developer.huawei.com/consumer/cn/doc/harmonyos-releases/changelogs-for-all-apps-7001/#ch2026010615012"",""ArkUI接口新增仅支持Stage模型的约束"")",entry\src\main\ets\components\common\ImportDialog.ets:172,未修复,接口定义变更
declare class CommonMethod<T>,ArkTS,7.0.0(26) Beta1,ALL,"=HYPERLINK(""https://developer.huawei.com/consumer/cn/doc/harmonyos-releases/changelogs-for-all-apps-7001/#ch2026010615012"",""ArkUI接口新增仅支持Stage模型的约束"")",entry\src\main\ets\components\common\ImportDialog.ets:174,未修复,接口定义变更
declare class CommonMethod<T>,ArkTS,7.0.0(26) Beta1,ALL,"=HYPERLINK(""https://developer.huawei.com/consumer/cn/doc/harmonyos-releases/changelogs-for-all-apps-7001/#ch2026010615012"",""ArkUI接口新增仅支持Stage模型的约束"")",entry\src\main\ets\components\common\ImportDialog.ets:175,未修复,接口定义变更
declare class CommonMethod<T>,ArkTS,7.0.0(26) Beta1,ALL,"=HYPERLINK(""https://developer.huawei.com/consumer/cn/doc/harmonyos-releases/changelogs-for-all-apps-7001/#ch2026010615012"",""ArkUI接口新增仅支持Stage模型的约束"")",entry\src\main\ets\components\common\ImportDialog.ets:176,未修复,接口定义变更
declare class CommonMethod<T>,ArkTS,7.0.0(26) Beta1,ALL,"=HYPERLINK(""https://developer.huawei.com/consumer/cn/doc/harmonyos-releases/changelogs-for-all-apps-7001/#ch2026010615012"",""ArkUI接口新增仅支持Stage模型的约束"")",entry\src\main\ets\components\common\ImportDialog.ets:178,未修复,接口定义变更
declare class CommonMethod<T>,ArkTS,7.0.0(26) Beta1,ALL,"=HYPERLINK(""https://developer.huawei.com/consumer/cn/doc/harmonyos-releases/changelogs-for-all-apps-7001/#ch2026010615012"",""ArkUI接口新增仅支持Stage模型的约束"")",entry\src\main\ets\components\common\ImportDialog.ets:83,未修复,接口定义变更
declare class CommonMethod<T>,ArkTS,7.0.0(26) Beta1,ALL,"=HYPERLINK(""https://developer.huawei.com/consumer/cn/doc/harmonyos-releases/changelogs-for-all-apps-7001/#ch2026010615012"",""ArkUI接口新增仅支持Stage模型的约束"")",entry\src\main\ets\components\common\ImportDialog.ets:87,未修复,接口定义变更
declare class CommonMethod<T>,ArkTS,7.0.0(26) Beta1,ALL,"=HYPERLINK(""https://developer.huawei.com/consumer/cn/doc/harmonyos-releases/changelogs-for-all-apps-7001/#ch2026010615012"",""ArkUI接口新增仅支持Stage模型的约束"")",entry\src\main\ets\components\common\ImportDialog.ets:89,未修复,接口定义变更
declare class CommonMethod<T>,ArkTS,7.0.0(26) Beta1,ALL,"=HYPERLINK(""https://developer.huawei.com/consumer/cn/doc/harmonyos-releases/changelogs-for-all-apps-7001/#ch2026010615012"",""ArkUI接口新增仅支持Stage模型的约束"")",entry\src\main\ets\components\common\ImportDialog.ets:99,未修复,接口定义变更
declare class CommonMethod<T>,ArkTS,7.0.0(26) Beta1,ALL,"=HYPERLINK(""https://developer.huawei.com/consumer/cn/doc/harmonyos-releases/changelogs-for-all-apps-7001/#ch2026010615012"",""ArkUI接口新增仅支持Stage模型的约束"")",entry\src\main\ets\components\extensions\CodeBlock.ets:130,未修复,接口定义变更
declare class CommonMethod<T>,ArkTS,7.0.0(26) Beta1,ALL,"=HYPERLINK(""https://developer.huawei.com/consumer/cn/doc/harmonyos-releases/changelogs-for-all-apps-7001/#ch2026010615012"",""ArkUI接口新增仅支持Stage模型的约束"")",entry\src\main\ets\components\extensions\CodeBlock.ets:132,未修复,接口定义变更
declare class CommonMethod<T>,ArkTS,7.0.0(26) Beta1,ALL,"=HYPERLINK(""https://developer.huawei.com/consumer/cn/doc/harmonyos-releases/changelogs-for-all-apps-7001/#ch2026010615012"",""ArkUI接口新增仅支持Stage模型的约束"")",entry\src\main\ets\components\extensions\CodeBlock.ets:133,未修复,接口定义变更
declare class CommonMethod<T>,ArkTS,7.0.0(26) Beta1,ALL,"=HYPERLINK(""https://developer.huawei.com/consumer/cn/doc/harmonyos-releases/changelogs-for-all-apps-7001/#ch2026010615012"",""ArkUI接口新增仅支持Stage模型的约束"")",entry\src\main\ets\components\extensions\CodeBlock.ets:134,未修复,接口定义变更
declare class CommonMethod<T>,ArkTS,7.0.0(26) Beta1,ALL,"=HYPERLINK(""https://developer.huawei.com/consumer/cn/doc/harmonyos-releases/changelogs-for-all-apps-7001/#ch2026010615012"",""ArkUI接口新增仅支持Stage模型的约束"")",entry\src\main\ets\components\extensions\CodeBlock.ets:135,未修复,接口定义变更
declare class CommonMethod<T>,ArkTS,7.0.0(26) Beta1,ALL,"=HYPERLINK(""https://developer.huawei.com/consumer/cn/doc/harmonyos-releases/changelogs-for-all-apps-7001/#ch2026010615012"",""ArkUI接口新增仅支持Stage模型的约束"")",entry\src\main\ets\components\extensions\CodeBlock.ets:137,未修复,接口定义变更
declare class CommonMethod<T>,ArkTS,7.0.0(26) Beta1,ALL,"=HYPERLINK(""https://developer.huawei.com/consumer/cn/doc/harmonyos-releases/changelogs-for-all-apps-7001/#ch2026010615012"",""ArkUI接口新增仅支持Stage模型的约束"")",entry\src\main\ets\components\extensions\CodeBlock.ets:138,未修复,接口定义变更
declare class CommonMethod<T>,ArkTS,7.0.0(26) Beta1,ALL,"=HYPERLINK(""https://developer.huawei.com/consumer/cn/doc/harmonyos-releases/changelogs-for-all-apps-7001/#ch2026010615012"",""ArkUI接口新增仅支持Stage模型的约束"")",entry\src\main\ets\components\extensions\CodeBlock.ets:139,未修复,接口定义变更
declare class CommonMethod<T>,ArkTS,7.0.0(26) Beta1,ALL,"=HYPERLINK(""https://developer.huawei.com/consumer/cn/doc/harmonyos-releases/changelogs-for-all-apps-7001/#ch2026010615012"",""ArkUI接口新增仅支持Stage模型的约束"")",entry\src\main\ets\components\extensions\CodeBlock.ets:140,未修复,接口定义变更
declare class CommonMethod<T>,ArkTS,7.0.0(26) Beta1,ALL,"=HYPERLINK(""https://developer.huawei.com/consumer/cn/doc/harmonyos-releases/changelogs-for-all-apps-7001/#ch2026010615012"",""ArkUI接口新增仅支持Stage模型的约束"")",entry\src\main\ets\components\extensions\CodeBlock.ets:144,未修复,接口定义变更
declare class CommonMethod<T>,ArkTS,7.0.0(26) Beta1,ALL,"=HYPERLINK(""https://developer.huawei.com/consumer/cn/doc/harmonyos-releases/changelogs-for-all-apps-7001/#ch2026010615012"",""ArkUI接口新增仅支持Stage模型的约束"")",entry\src\main\ets\components\extensions\CodeBlock.ets:145,未修复,接口定义变更
declare class CommonMethod<T>,ArkTS,7.0.0(26) Beta1,ALL,"=HYPERLINK(""https://developer.huawei.com/consumer/cn/doc/harmonyos-releases/changelogs-for-all-apps-7001/#ch2026010615012"",""ArkUI接口新增仅支持Stage模型的约束"")",entry\src\main\ets\components\extensions\CodeBlock.ets:146,未修复,接口定义变更
declare class CommonMethod<T>,ArkTS,7.0.0(26) Beta1,ALL,"=HYPERLINK(""https://developer.huawei.com/consumer/cn/doc/harmonyos-releases/changelogs-for-all-apps-7001/#ch2026010615012"",""ArkUI接口新增仅支持Stage模型的约束"")",entry\src\main\ets\components\extensions\CodeBlock.ets:166,未修复,接口定义变更
declare class CommonMethod<T>,ArkTS,7.0.0(26) Beta1,ALL,"=HYPERLINK(""https://developer.huawei.com/consumer/cn/doc/harmonyos-releases/changelogs-for-all-apps-7001/#ch2026010615012"",""ArkUI接口新增仅支持Stage模型的约束"")",entry\src\main\ets\components\extensions\CodeBlock.ets:167,未修复,接口定义变更
declare class CommonMethod<T>,ArkTS,7.0.0(26) Beta1,ALL,"=HYPERLINK(""https://developer.huawei.com/consumer/cn/doc/harmonyos-releases/changelogs-for-all-apps-7001/#ch2026010615012"",""ArkUI接口新增仅支持Stage模型的约束"")",entry\src\main\ets\components\extensions\CodeBlock.ets:168,未修复,接口定义变更
declare class CommonMethod<T>,ArkTS,7.0.0(26) Beta1,ALL,"=HYPERLINK(""https://developer.huawei.com/consumer/cn/doc/harmonyos-releases/changelogs-for-all-apps-7001/#ch2026010615012"",""ArkUI接口新增仅支持Stage模型的约束"")",entry\src\main\ets\components\extensions\CodeBlock.ets:169,未修复,接口定义变更
declare class CommonMethod<T>,ArkTS,7.0.0(26) Beta1,ALL,"=HYPERLINK(""https://developer.huawei.com/consumer/cn/doc/harmonyos-releases/changelogs-for-all-apps-7001/#ch2026010615012"",""ArkUI接口新增仅支持Stage模型的约束"")",entry\src\main\ets\components\extensions\CodeBlock.ets:170,未修复,接口定义变更
declare class CommonMethod<T>,ArkTS,7.0.0(26) Beta1,ALL,"=HYPERLINK(""https://developer.huawei.com/consumer/cn/doc/harmonyos-releases/changelogs-for-all-apps-7001/#ch2026010615012"",""ArkUI接口新增仅支持Stage模型的约束"")",entry\src\main\ets\components\extensions\MathRenderer.ets:39,未修复,接口定义变更
declare class CommonMethod<T>,ArkTS,7.0.0(26) Beta1,ALL,"=HYPERLINK(""https://developer.huawei.com/consumer/cn/doc/harmonyos-releases/changelogs-for-all-apps-7001/#ch2026010615012"",""ArkUI接口新增仅支持Stage模型的约束"")",entry\src\main\ets\components\extensions\MathRenderer.ets:40,未修复,接口定义变更
declare class CommonMethod<T>,ArkTS,7.0.0(26) Beta1,ALL,"=HYPERLINK(""https://developer.huawei.com/consumer/cn/doc/harmonyos-releases/changelogs-for-all-apps-7001/#ch2026010615012"",""ArkUI接口新增仅支持Stage模型的约束"")",entry\src\main\ets\components\extensions\MathRenderer.ets:41,未修复,接口定义变更
declare class CommonMethod<T>,ArkTS,7.0.0(26) Beta1,ALL,"=HYPERLINK(""https://developer.huawei.com/consumer/cn/doc/harmonyos-releases/changelogs-for-all-apps-7001/#ch2026010615012"",""ArkUI接口新增仅支持Stage模型的约束"")",entry\src\main\ets\components\extensions\MermaidRenderer.ets:79,未修复,接口定义变更
declare class CommonMethod<T>,ArkTS,7.0.0(26) Beta1,ALL,"=HYPERLINK(""https://developer.huawei.com/consumer/cn/doc/harmonyos-releases/changelogs-for-all-apps-7001/#ch2026010615012"",""ArkUI接口新增仅支持Stage模型的约束"")",entry\src\main\ets\components\extensions\MermaidRenderer.ets:80,未修复,接口定义变更
declare class CommonMethod<T>,ArkTS,7.0.0(26) Beta1,ALL,"=HYPERLINK(""https://developer.huawei.com/consumer/cn/doc/harmonyos-releases/changelogs-for-all-apps-7001/#ch2026010615012"",""ArkUI接口新增仅支持Stage模型的约束"")",entry\src\main\ets\components\extensions\MermaidRenderer.ets:81,未修复,接口定义变更
declare class CommonMethod<T>,ArkTS,7.0.0(26) Beta1,ALL,"=HYPERLINK(""https://developer.huawei.com/consumer/cn/doc/harmonyos-releases/changelogs-for-all-apps-7001/#ch2026010615012"",""ArkUI接口新增仅支持Stage模型的约束"")",entry\src\main\ets\components\extensions\PdfPage.ets:100,未修复,接口定义变更
declare class CommonMethod<T>,ArkTS,7.0.0(26) Beta1,ALL,"=HYPERLINK(""https://developer.huawei.com/consumer/cn/doc/harmonyos-releases/changelogs-for-all-apps-7001/#ch2026010615012"",""ArkUI接口新增仅支持Stage模型的约束"")",entry\src\main\ets\components\extensions\PdfPage.ets:101,未修复,接口定义变更
declare class CommonMethod<T>,ArkTS,7.0.0(26) Beta1,ALL,"=HYPERLINK(""https://developer.huawei.com/consumer/cn/doc/harmonyos-releases/changelogs-for-all-apps-7001/#ch2026010615012"",""ArkUI接口新增仅支持Stage模型的约束"")",entry\src\main\ets\components\extensions\PdfPage.ets:113,未修复,接口定义变更
declare class CommonMethod<T>,ArkTS,7.0.0(26) Beta1,ALL,"=HYPERLINK(""https://developer.huawei.com/consumer/cn/doc/harmonyos-releases/changelogs-for-all-apps-7001/#ch2026010615012"",""ArkUI接口新增仅支持Stage模型的约束"")",entry\src\main\ets\components\extensions\PdfPage.ets:117,未修复,接口定义变更
declare class CommonMethod<T>,ArkTS,7.0.0(26) Beta1,ALL,"=HYPERLINK(""https://developer.huawei.com/consumer/cn/doc/harmonyos-releases/changelogs-for-all-apps-7001/#ch2026010615012"",""ArkUI接口新增仅支持Stage模型的约束"")",entry\src\main\ets\components\extensions\PdfPage.ets:118,未修复,接口定义变更
declare class CommonMethod<T>,ArkTS,7.0.0(26) Beta1,ALL,"=HYPERLINK(""https://developer.huawei.com/consumer/cn/doc/harmonyos-releases/changelogs-for-all-apps-7001/#ch2026010615012"",""ArkUI接口新增仅支持Stage模型的约束"")",entry\src\main\ets\components\extensions\PdfPage.ets:119,未修复,接口定义变更
declare class CommonMethod<T>,ArkTS,7.0.0(26) Beta1,ALL,"=HYPERLINK(""https://developer.huawei.com/consumer/cn/doc/harmonyos-releases/changelogs-for-all-apps-7001/#ch2026010615012"",""ArkUI接口新增仅支持Stage模型的约束"")",entry\src\main\ets\components\extensions\PdfPage.ets:120,未修复,接口定义变更
declare class CommonMethod<T>,ArkTS,7.0.0(26) Beta1,ALL,"=HYPERLINK(""https://developer.huawei.com/consumer/cn/doc/harmonyos-releases/changelogs-for-all-apps-7001/#ch2026010615012"",""ArkUI接口新增仅支持Stage模型的约束"")",entry\src\main\ets\components\extensions\PdfPage.ets:121,未修复,接口定义变更
declare class CommonMethod<T>,ArkTS,7.0.0(26) Beta1,ALL,"=HYPERLINK(""https://developer.huawei.com/consumer/cn/doc/harmonyos-releases/changelogs-for-all-apps-7001/#ch2026010615012"",""ArkUI接口新增仅支持Stage模型的约束"")",entry\src\main\ets\components\extensions\PdfPage.ets:125,未修复,接口定义变更
declare class CommonMethod<T>,ArkTS,7.0.0(26) Beta1,ALL,"=HYPERLINK(""https://developer.huawei.com/consumer/cn/doc/harmonyos-releases/changelogs-for-all-apps-7001/#ch2026010615012"",""ArkUI接口新增仅支持Stage模型的约束"")",entry\src\main\ets\components\extensions\PdfPage.ets:126,未修复,接口定义变更
declare class CommonMethod<T>,ArkTS,7.0.0(26) Beta1,ALL,"=HYPERLINK(""https://developer.huawei.com/consumer/cn/doc/harmonyos-releases/changelogs-for-all-apps-7001/#ch2026010615012"",""ArkUI接口新增仅支持Stage模型的约束"")",entry\src\main\ets\components\extensions\PdfPage.ets:127,未修复,接口定义变更
declare class CommonMethod<T>,ArkTS,7.0.0(26) Beta1,ALL,"=HYPERLINK(""https://developer.huawei.com/consumer/cn/doc/harmonyos-releases/changelogs-for-all-apps-7001/#ch2026010615012"",""ArkUI接口新增仅支持Stage模型的约束"")",entry\src\main\ets\components\extensions\PdfPage.ets:132,未修复,接口定义变更
declare class CommonMethod<T>,ArkTS,7.0.0(26) Beta1,ALL,"=HYPERLINK(""https://developer.huawei.com/consumer/cn/doc/harmonyos-releases/changelogs-for-all-apps-7001/#ch2026010615012"",""ArkUI接口新增仅支持Stage模型的约束"")",entry\src\main\ets\components\extensions\PdfPage.ets:133,未修复,接口定义变更
declare class CommonMethod<T>,ArkTS,7.0.0(26) Beta1,ALL,"=HYPERLINK(""https://developer.huawei.com/consumer/cn/doc/harmonyos-releases/changelogs-for-all-apps-7001/#ch2026010615012"",""ArkUI接口新增仅支持Stage模型的约束"")",entry\src\main\ets\components\extensions\PdfPage.ets:134,未修复,接口定义变更
declare class CommonMethod<T>,ArkTS,7.0.0(26) Beta1,ALL,"=HYPERLINK(""https://developer.huawei.com/consumer/cn/doc/harmonyos-releases/changelogs-for-all-apps-7001/#ch2026010615012"",""ArkUI接口新增仅支持Stage模型的约束"")",entry\src\main\ets\components\extensions\PdfPage.ets:54,未修复,接口定义变更
declare class CommonMethod<T>,ArkTS,7.0.0(26) Beta1,ALL,"=HYPERLINK(""https://developer.huawei.com/consumer/cn/doc/harmonyos-releases/changelogs-for-all-apps-7001/#ch2026010615012"",""ArkUI接口新增仅支持Stage模型的约束"")",entry\src\main\ets\components\extensions\PdfPage.ets:57,未修复,接口定义变更
declare class CommonMethod<T>,ArkTS,7.0.0(26) Beta1,ALL,"=HYPERLINK(""https://developer.huawei.com/consumer/cn/doc/harmonyos-releases/changelogs-for-all-apps-7001/#ch2026010615012"",""ArkUI接口新增仅支持Stage模型的约束"")",entry\src\main\ets\components\extensions\PdfPage.ets:64,未修复,接口定义变更
declare class CommonMethod<T>,ArkTS,7.0.0(26) Beta1,ALL,"=HYPERLINK(""https://developer.huawei.com/consumer/cn/doc/harmonyos-releases/changelogs-for-all-apps-7001/#ch2026010615012"",""ArkUI接口新增仅支持Stage模型的约束"")",entry\src\main\ets\components\extensions\PdfPage.ets:65,未修复,接口定义变更
declare class CommonMethod<T>,ArkTS,7.0.0(26) Beta1,ALL,"=HYPERLINK(""https://developer.huawei.com/consumer/cn/doc/harmonyos-releases/changelogs-for-all-apps-7001/#ch2026010615012"",""ArkUI接口新增仅支持Stage模型的约束"")",entry\src\main\ets\components\extensions\PdfPage.ets:69,未修复,接口定义变更
declare class CommonMethod<T>,ArkTS,7.0.0(26) Beta1,ALL,"=HYPERLINK(""https://developer.huawei.com/consumer/cn/doc/harmonyos-releases/changelogs-for-all-apps-7001/#ch2026010615012"",""ArkUI接口新增仅支持Stage模型的约束"")",entry\src\main\ets\components\extensions\PdfPage.ets:70,未修复,接口定义变更
declare class CommonMethod<T>,ArkTS,7.0.0(26) Beta1,ALL,"=HYPERLINK(""https://developer.huawei.com/consumer/cn/doc/harmonyos-releases/changelogs-for-all-apps-7001/#ch2026010615012"",""ArkUI接口新增仅支持Stage模型的约束"")",entry\src\main\ets\components\extensions\PdfPage.ets:77,未修复,接口定义变更
declare class CommonMethod<T>,ArkTS,7.0.0(26) Beta1,ALL,"=HYPERLINK(""https://developer.huawei.com/consumer/cn/doc/harmonyos-releases/changelogs-for-all-apps-7001/#ch2026010615012"",""ArkUI接口新增仅支持Stage模型的约束"")",entry\src\main\ets\components\extensions\PdfPage.ets:80,未修复,接口定义变更
declare class CommonMethod<T>,ArkTS,7.0.0(26) Beta1,ALL,"=HYPERLINK(""https://developer.huawei.com/consumer/cn/doc/harmonyos-releases/changelogs-for-all-apps-7001/#ch2026010615012"",""ArkUI接口新增仅支持Stage模型的约束"")",entry\src\main\ets\components\extensions\PdfPage.ets:87,未修复,接口定义变更
declare class CommonMethod<T>,ArkTS,7.0.0(26) Beta1,ALL,"=HYPERLINK(""https://developer.huawei.com/consumer/cn/doc/harmonyos-releases/changelogs-for-all-apps-7001/#ch2026010615012"",""ArkUI接口新增仅支持Stage模型的约束"")",entry\src\main\ets\components\extensions\PdfPage.ets:88,未修复,接口定义变更
declare class CommonMethod<T>,ArkTS,7.0.0(26) Beta1,ALL,"=HYPERLINK(""https://developer.huawei.com/consumer/cn/doc/harmonyos-releases/changelogs-for-all-apps-7001/#ch2026010615012"",""ArkUI接口新增仅支持Stage模型的约束"")",entry\src\main\ets\components\extensions\PdfViewer.ets:255,未修复,接口定义变更
declare class CommonMethod<T>,ArkTS,7.0.0(26) Beta1,ALL,"=HYPERLINK(""https://developer.huawei.com/consumer/cn/doc/harmonyos-releases/changelogs-for-all-apps-7001/#ch2026010615012"",""ArkUI接口新增仅支持Stage模型的约束"")",entry\src\main\ets\components\extensions\PdfViewer.ets:265,未修复,接口定义变更
declare class CommonMethod<T>,ArkTS,7.0.0(26) Beta1,ALL,"=HYPERLINK(""https://developer.huawei.com/consumer/cn/doc/harmonyos-releases/changelogs-for-all-apps-7001/#ch2026010615012"",""ArkUI接口新增仅支持Stage模型的约束"")",entry\src\main\ets\components\extensions\PdfViewer.ets:266,未修复,接口定义变更
declare class CommonMethod<T>,ArkTS,7.0.0(26) Beta1,ALL,"=HYPERLINK(""https://developer.huawei.com/consumer/cn/doc/harmonyos-releases/changelogs-for-all-apps-7001/#ch2026010615012"",""ArkUI接口新增仅支持Stage模型的约束"")",entry\src\main\ets\components\extensions\PdfViewer.ets:268,未修复,接口定义变更
declare class CommonMethod<T>,ArkTS,7.0.0(26) Beta1,ALL,"=HYPERLINK(""https://developer.huawei.com/consumer/cn/doc/harmonyos-releases/changelogs-for-all-apps-7001/#ch2026010615012"",""ArkUI接口新增仅支持Stage模型的约束"")",entry\src\main\ets\components\extensions\PdfViewer.ets:272,未修复,接口定义变更
declare class CommonMethod<T>,ArkTS,7.0.0(26) Beta1,ALL,"=HYPERLINK(""https://developer.huawei.com/consumer/cn/doc/harmonyos-releases/changelogs-for-all-apps-7001/#ch2026010615012"",""ArkUI接口新增仅支持Stage模型的约束"")",entry\src\main\ets\components\extensions\PdfViewer.ets:273,未修复,接口定义变更
declare class CommonMethod<T>,ArkTS,7.0.0(26) Beta1,ALL,"=HYPERLINK(""https://developer.huawei.com/consumer/cn/doc/harmonyos-releases/changelogs-for-all-apps-7001/#ch2026010615012"",""ArkUI接口新增仅支持Stage模型的约束"")",entry\src\main\ets\components\extensions\PdfViewer.ets:275,未修复,接口定义变更
declare class CommonMethod<T>,ArkTS,7.0.0(26) Beta1,ALL,"=HYPERLINK(""https://developer.huawei.com/consumer/cn/doc/harmonyos-releases/changelogs-for-all-apps-7001/#ch2026010615012"",""ArkUI接口新增仅支持Stage模型的约束"")",entry\src\main\ets\components\extensions\PdfViewer.ets:277,未修复,接口定义变更
declare class CommonMethod<T>,ArkTS,7.0.0(26) Beta1,ALL,"=HYPERLINK(""https://developer.huawei.com/consumer/cn/doc/harmonyos-releases/changelogs-for-all-apps-7001/#ch2026010615012"",""ArkUI接口新增仅支持Stage模型的约束"")",entry\src\main\ets\components\extensions\PdfViewer.ets:278,未修复,接口定义变更
declare class CommonMethod<T>,ArkTS,7.0.0(26) Beta1,ALL,"=HYPERLINK(""https://developer.huawei.com/consumer/cn/doc/harmonyos-releases/changelogs-for-all-apps-7001/#ch2026010615012"",""ArkUI接口新增仅支持Stage模型的约束"")",entry\src\main\ets\components\extensions\PdfViewer.ets:281,未修复,接口定义变更
declare class CommonMethod<T>,ArkTS,7.0.0(26) Beta1,ALL,"=HYPERLINK(""https://developer.huawei.com/consumer/cn/doc/harmonyos-releases/changelogs-for-all-apps-7001/#ch2026010615012"",""ArkUI接口新增仅支持Stage模型的约束"")",entry\src\main\ets\components\extensions\PdfViewer.ets:282,未修复,接口定义变更
declare class CommonMethod<T>,ArkTS,7.0.0(26) Beta1,ALL,"=HYPERLINK(""https://developer.huawei.com/consumer/cn/doc/harmonyos-releases/changelogs-for-all-apps-7001/#ch2026010615012"",""ArkUI接口新增仅支持Stage模型的约束"")",entry\src\main\ets\components\extensions\PdfViewer.ets:290,未修复,接口定义变更
declare class CommonMethod<T>,ArkTS,7.0.0(26) Beta1,ALL,"=HYPERLINK(""https://developer.huawei.com/consumer/cn/doc/harmonyos-releases/changelogs-for-all-apps-7001/#ch2026010615012"",""ArkUI接口新增仅支持Stage模型的约束"")",entry\src\main\ets\components\extensions\PdfViewer.ets:292,未修复,接口定义变更
declare class CommonMethod<T>,ArkTS,7.0.0(26) Beta1,ALL,"=HYPERLINK(""https://developer.huawei.com/consumer/cn/doc/harmonyos-releases/changelogs-for-all-apps-7001/#ch2026010615012"",""ArkUI接口新增仅支持Stage模型的约束"")",entry\src\main\ets\components\extensions\PdfViewer.ets:293,未修复,接口定义变更
declare class CommonMethod<T>,ArkTS,7.0.0(26) Beta1,ALL,"=HYPERLINK(""https://developer.huawei.com/consumer/cn/doc/harmonyos-releases/changelogs-for-all-apps-7001/#ch2026010615012"",""ArkUI接口新增仅支持Stage模型的约束"")",entry\src\main\ets\components\extensions\PdfViewer.ets:294,未修复,接口定义变更
declare class CommonMethod<T>,ArkTS,7.0.0(26) Beta1,ALL,"=HYPERLINK(""https://developer.huawei.com/consumer/cn/doc/harmonyos-releases/changelogs-for-all-apps-7001/#ch2026010615012"",""ArkUI接口新增仅支持Stage模型的约束"")",entry\src\main\ets\components\flashcard\FlashcardPage.ets:129,未修复,接口定义变更
declare class CommonMethod<T>,ArkTS,7.0.0(26) Beta1,ALL,"=HYPERLINK(""https://developer.huawei.com/consumer/cn/doc/harmonyos-releases/changelogs-for-all-apps-7001/#ch2026010615012"",""ArkUI接口新增仅支持Stage模型的约束"")",entry\src\main\ets\components\flashcard\FlashcardPage.ets:132,未修复,接口定义变更
declare class CommonMethod<T>,ArkTS,7.0.0(26) Beta1,ALL,"=HYPERLINK(""https://developer.huawei.com/consumer/cn/doc/harmonyos-releases/changelogs-for-all-apps-7001/#ch2026010615012"",""ArkUI接口新增仅支持Stage模型的约束"")",entry\src\main\ets\components\flashcard\FlashcardPage.ets:134,未修复,接口定义变更
declare class CommonMethod<T>,ArkTS,7.0.0(26) Beta1,ALL,"=HYPERLINK(""https://developer.huawei.com/consumer/cn/doc/harmonyos-releases/changelogs-for-all-apps-7001/#ch2026010615012"",""ArkUI接口新增仅支持Stage模型的约束"")",entry\src\main\ets\components\flashcard\FlashcardPage.ets:135,未修复,接口定义变更
declare class CommonMethod<T>,ArkTS,7.0.0(26) Beta1,ALL,"=HYPERLINK(""https://developer.huawei.com/consumer/cn/doc/harmonyos-releases/changelogs-for-all-apps-7001/#ch2026010615012"",""ArkUI接口新增仅支持Stage模型的约束"")",entry\src\main\ets\components\flashcard\FlashcardPage.ets:137,未修复,接口定义变更
declare class CommonMethod<T>,ArkTS,7.0.0(26) Beta1,ALL,"=HYPERLINK(""https://developer.huawei.com/consumer/cn/doc/harmonyos-releases/changelogs-for-all-apps-7001/#ch2026010615012"",""ArkUI接口新增仅支持Stage模型的约束"")",entry\src\main\ets\components\flashcard\FlashcardPage.ets:146,未修复,接口定义变更
declare class CommonMethod<T>,ArkTS,7.0.0(26) Beta1,ALL,"=HYPERLINK(""https://developer.huawei.com/consumer/cn/doc/harmonyos-releases/changelogs-for-all-apps-7001/#ch2026010615012"",""ArkUI接口新增仅支持Stage模型的约束"")",entry\src\main\ets\components\flashcard\FlashcardPage.ets:147,未修复,接口定义变更
declare class CommonMethod<T>,ArkTS,7.0.0(26) Beta1,ALL,"=HYPERLINK(""https://developer.huawei.com/consumer/cn/doc/harmonyos-releases/changelogs-for-all-apps-7001/#ch2026010615012"",""ArkUI接口新增仅支持Stage模型的约束"")",entry\src\main\ets\components\flashcard\FlashcardPage.ets:148,未修复,接口定义变更
declare class CommonMethod<T>,ArkTS,7.0.0(26) Beta1,ALL,"=HYPERLINK(""https://developer.huawei.com/consumer/cn/doc/harmonyos-releases/changelogs-for-all-apps-7001/#ch2026010615012"",""ArkUI接口新增仅支持Stage模型的约束"")",entry\src\main\ets\components\flashcard\FlashcardPage.ets:150,未修复,接口定义变更
declare class CommonMethod<T>,ArkTS,7.0.0(26) Beta1,ALL,"=HYPERLINK(""https://developer.huawei.com/consumer/cn/doc/harmonyos-releases/changelogs-for-all-apps-7001/#ch2026010615012"",""ArkUI接口新增仅支持Stage模型的约束"")",entry\src\main\ets\components\flashcard\FlashcardPage.ets:151,未修复,接口定义变更
declare class CommonMethod<T>,ArkTS,7.0.0(26) Beta1,ALL,"=HYPERLINK(""https://developer.huawei.com/consumer/cn/doc/harmonyos-releases/changelogs-for-all-apps-7001/#ch2026010615012"",""ArkUI接口新增仅支持Stage模型的约束"")",entry\src\main\ets\components\flashcard\FlashcardPage.ets:152,未修复,接口定义变更
declare class CommonMethod<T>,ArkTS,7.0.0(26) Beta1,ALL,"=HYPERLINK(""https://developer.huawei.com/consumer/cn/doc/harmonyos-releases/changelogs-for-all-apps-7001/#ch2026010615012"",""ArkUI接口新增仅支持Stage模型的约束"")",entry\src\main\ets\components\flashcard\FlashcardPage.ets:153,未修复,接口定义变更
declare class CommonMethod<T>,ArkTS,7.0.0(26) Beta1,ALL,"=HYPERLINK(""https://developer.huawei.com/consumer/cn/doc/harmonyos-releases/changelogs-for-all-apps-7001/#ch2026010615012"",""ArkUI接口新增仅支持Stage模型的约束"")",entry\src\main\ets\components\flashcard\FlashcardPage.ets:158,未修复,接口定义变更
declare class CommonMethod<T>,ArkTS,7.0.0(26) Beta1,ALL,"=HYPERLINK(""https://developer.huawei.com/consumer/cn/doc/harmonyos-releases/changelogs-for-all-apps-7001/#ch2026010615012"",""ArkUI接口新增仅支持Stage模型的约束"")",entry\src\main\ets\components\flashcard\FlashcardPage.ets:165,未修复,接口定义变更
declare class CommonMethod<T>,ArkTS,7.0.0(26) Beta1,ALL,"=HYPERLINK(""https://developer.huawei.com/consumer/cn/doc/harmonyos-releases/changelogs-for-all-apps-7001/#ch2026010615012"",""ArkUI接口新增仅支持Stage模型的约束"")",entry\src\main\ets\components\flashcard\FlashcardPage.ets:166,未修复,接口定义变更
declare class CommonMethod<T>,ArkTS,7.0.0(26) Beta1,ALL,"=HYPERLINK(""https://developer.huawei.com/consumer/cn/doc/harmonyos-releases/changelogs-for-all-apps-7001/#ch2026010615012"",""ArkUI接口新增仅支持Stage模型的约束"")",entry\src\main\ets\components\flashcard\FlashcardPage.ets:167,未修复,接口定义变更
declare class CommonMethod<T>,ArkTS,7.0.0(26) Beta1,ALL,"=HYPERLINK(""https://developer.huawei.com/consumer/cn/doc/harmonyos-releases/changelogs-for-all-apps-7001/#ch2026010615012"",""ArkUI接口新增仅支持Stage模型的约束"")",entry\src\main\ets\components\flashcard\FlashcardPage.ets:168,未修复,接口定义变更
declare class CommonMethod<T>,ArkTS,7.0.0(26) Beta1,ALL,"=HYPERLINK(""https://developer.huawei.com/consumer/cn/doc/harmonyos-releases/changelogs-for-all-apps-7001/#ch2026010615012"",""ArkUI接口新增仅支持Stage模型的约束"")",entry\src\main\ets\components\flashcard\FlashcardPage.ets:169,未修复,接口定义变更
declare class CommonMethod<T>,ArkTS,7.0.0(26) Beta1,ALL,"=HYPERLINK(""https://developer.huawei.com/consumer/cn/doc/harmonyos-releases/changelogs-for-all-apps-7001/#ch2026010615012"",""ArkUI接口新增仅支持Stage模型的约束"")",entry\src\main\ets\components\flashcard\FlashcardPage.ets:174,未修复,接口定义变更
declare class CommonMethod<T>,ArkTS,7.0.0(26) Beta1,ALL,"=HYPERLINK(""https://developer.huawei.com/consumer/cn/doc/harmonyos-releases/changelogs-for-all-apps-7001/#ch2026010615012"",""ArkUI接口新增仅支持Stage模型的约束"")",entry\src\main\ets\components\flashcard\FlashcardPage.ets:175,未修复,接口定义变更
declare class CommonMethod<T>,ArkTS,7.0.0(26) Beta1,ALL,"=HYPERLINK(""https://developer.huawei.com/consumer/cn/doc/harmonyos-releases/changelogs-for-all-apps-7001/#ch2026010615012"",""ArkUI接口新增仅支持Stage模型的约束"")",entry\src\main\ets\components\flashcard\FlashcardPage.ets:176,未修复,接口定义变更
declare class CommonMethod<T>,ArkTS,7.0.0(26) Beta1,ALL,"=HYPERLINK(""https://developer.huawei.com/consumer/cn/doc/harmonyos-releases/changelogs-for-all-apps-7001/#ch2026010615012"",""ArkUI接口新增仅支持Stage模型的约束"")",entry\src\main\ets\components\flashcard\FlashcardPage.ets:177,未修复,接口定义变更
declare class CommonMethod<T>,ArkTS,7.0.0(26) Beta1,ALL,"=HYPERLINK(""https://developer.huawei.com/consumer/cn/doc/harmonyos-releases/changelogs-for-all-apps-7001/#ch2026010615012"",""ArkUI接口新增仅支持Stage模型的约束"")",entry\src\main\ets\components\flashcard\FlashcardPage.ets:178,未修复,接口定义变更
declare class CommonMethod<T>,ArkTS,7.0.0(26) Beta1,ALL,"=HYPERLINK(""https://developer.huawei.com/consumer/cn/doc/harmonyos-releases/changelogs-for-all-apps-7001/#ch2026010615012"",""ArkUI接口新增仅支持Stage模型的约束"")",entry\src\main\ets\components\flashcard\FlashcardPage.ets:179,未修复,接口定义变更
declare class CommonMethod<T>,ArkTS,7.0.0(26) Beta1,ALL,"=HYPERLINK(""https://developer.huawei.com/consumer/cn/doc/harmonyos-releases/changelogs-for-all-apps-7001/#ch2026010615012"",""ArkUI接口新增仅支持Stage模型的约束"")",entry\src\main\ets\components\flashcard\FlashcardPage.ets:180,未修复,接口定义变更
declare class CommonMethod<T>,ArkTS,7.0.0(26) Beta1,ALL,"=HYPERLINK(""https://developer.huawei.com/consumer/cn/doc/harmonyos-releases/changelogs-for-all-apps-7001/#ch2026010615012"",""ArkUI接口新增仅支持Stage模型的约束"")",entry\src\main\ets\components\flashcard\FlashcardPage.ets:181,未修复,接口定义变更
declare class CommonMethod<T>,ArkTS,7.0.0(26) Beta1,ALL,"=HYPERLINK(""https://developer.huawei.com/consumer/cn/doc/harmonyos-releases/changelogs-for-all-apps-7001/#ch2026010615012"",""ArkUI接口新增仅支持Stage模型的约束"")",entry\src\main\ets\components\flashcard\FlashcardPage.ets:182,未修复,接口定义变更
declare class CommonMethod<T>,ArkTS,7.0.0(26) Beta1,ALL,"=HYPERLINK(""https://developer.huawei.com/consumer/cn/doc/harmonyos-releases/changelogs-for-all-apps-7001/#ch2026010615012"",""ArkUI接口新增仅支持Stage模型的约束"")",entry\src\main\ets\components\flashcard\FlashcardPage.ets:183,未修复,接口定义变更
declare class CommonMethod<T>,ArkTS,7.0.0(26) Beta1,ALL,"=HYPERLINK(""https://developer.huawei.com/consumer/cn/doc/harmonyos-releases/changelogs-for-all-apps-7001/#ch2026010615012"",""ArkUI接口新增仅支持Stage模型的约束"")",entry\src\main\ets\components\flashcard\FlashcardPage.ets:184,未修复,接口定义变更
declare class CommonMethod<T>,ArkTS,7.0.0(26) Beta1,ALL,"=HYPERLINK(""https://developer.huawei.com/consumer/cn/doc/harmonyos-releases/changelogs-for-all-apps-7001/#ch2026010615012"",""ArkUI接口新增仅支持Stage模型的约束"")",entry\src\main\ets\components\flashcard\FlashcardPage.ets:185,未修复,接口定义变更
declare class CommonMethod<T>,ArkTS,7.0.0(26) Beta1,ALL,"=HYPERLINK(""https://developer.huawei.com/consumer/cn/doc/harmonyos-releases/changelogs-for-all-apps-7001/#ch2026010615012"",""ArkUI接口新增仅支持Stage模型的约束"")",entry\src\main\ets\components\flashcard\FlashcardPage.ets:187,未修复,接口定义变更
declare class CommonMethod<T>,ArkTS,7.0.0(26) Beta1,ALL,"=HYPERLINK(""https://developer.huawei.com/consumer/cn/doc/harmonyos-releases/changelogs-for-all-apps-7001/#ch2026010615012"",""ArkUI接口新增仅支持Stage模型的约束"")",entry\src\main\ets\components\flashcard\FlashcardPage.ets:190,未修复,接口定义变更
declare class CommonMethod<T>,ArkTS,7.0.0(26) Beta1,ALL,"=HYPERLINK(""https://developer.huawei.com/consumer/cn/doc/harmonyos-releases/changelogs-for-all-apps-7001/#ch2026010615012"",""ArkUI接口新增仅支持Stage模型的约束"")",entry\src\main\ets\components\flashcard\FlashcardPage.ets:61,未修复,接口定义变更
declare class CommonMethod<T>,ArkTS,7.0.0(26) Beta1,ALL,"=HYPERLINK(""https://developer.huawei.com/consumer/cn/doc/harmonyos-releases/changelogs-for-all-apps-7001/#ch2026010615012"",""ArkUI接口新增仅支持Stage模型的约束"")",entry\src\main\ets\components\flashcard\FlashcardPage.ets:62,未修复,接口定义变更
declare class CommonMethod<T>,ArkTS,7.0.0(26) Beta1,ALL,"=HYPERLINK(""https://developer.huawei.com/consumer/cn/doc/harmonyos-releases/changelogs-for-all-apps-7001/#ch2026010615012"",""ArkUI接口新增仅支持Stage模型的约束"")",entry\src\main\ets\components\flashcard\FlashcardPage.ets:66,未修复,接口定义变更
declare class CommonMethod<T>,ArkTS,7.0.0(26) Beta1,ALL,"=HYPERLINK(""https://developer.huawei.com/consumer/cn/doc/harmonyos-releases/changelogs-for-all-apps-7001/#ch2026010615012"",""ArkUI接口新增仅支持Stage模型的约束"")",entry\src\main\ets\components\flashcard\FlashcardPage.ets:73,未修复,接口定义变更
declare class CommonMethod<T>,ArkTS,7.0.0(26) Beta1,ALL,"=HYPERLINK(""https://developer.huawei.com/consumer/cn/doc/harmonyos-releases/changelogs-for-all-apps-7001/#ch2026010615012"",""ArkUI接口新增仅支持Stage模型的约束"")",entry\src\main\ets\components\flashcard\FlashcardPage.ets:82,未修复,接口定义变更
declare class CommonMethod<T>,ArkTS,7.0.0(26) Beta1,ALL,"=HYPERLINK(""https://developer.huawei.com/consumer/cn/doc/harmonyos-releases/changelogs-for-all-apps-7001/#ch2026010615012"",""ArkUI接口新增仅支持Stage模型的约束"")",entry\src\main\ets\components\graph\GraphActions.ets:122,未修复,接口定义变更
declare class CommonMethod<T>,ArkTS,7.0.0(26) Beta1,ALL,"=HYPERLINK(""https://developer.huawei.com/consumer/cn/doc/harmonyos-releases/changelogs-for-all-apps-7001/#ch2026010615012"",""ArkUI接口新增仅支持Stage模型的约束"")",entry\src\main\ets\components\graph\GraphActions.ets:123,未修复,接口定义变更
declare class CommonMethod<T>,ArkTS,7.0.0(26) Beta1,ALL,"=HYPERLINK(""https://developer.huawei.com/consumer/cn/doc/harmonyos-releases/changelogs-for-all-apps-7001/#ch2026010615012"",""ArkUI接口新增仅支持Stage模型的约束"")",entry\src\main\ets\components\graph\GraphActions.ets:124,未修复,接口定义变更
declare class CommonMethod<T>,ArkTS,7.0.0(26) Beta1,ALL,"=HYPERLINK(""https://developer.huawei.com/consumer/cn/doc/harmonyos-releases/changelogs-for-all-apps-7001/#ch2026010615012"",""ArkUI接口新增仅支持Stage模型的约束"")",entry\src\main\ets\components\graph\GraphActions.ets:125,未修复,接口定义变更
declare class CommonMethod<T>,ArkTS,7.0.0(26) Beta1,ALL,"=HYPERLINK(""https://developer.huawei.com/consumer/cn/doc/harmonyos-releases/changelogs-for-all-apps-7001/#ch2026010615012"",""ArkUI接口新增仅支持Stage模型的约束"")",entry\src\main\ets\components\graph\GraphActions.ets:126,未修复,接口定义变更
declare class CommonMethod<T>,ArkTS,7.0.0(26) Beta1,ALL,"=HYPERLINK(""https://developer.huawei.com/consumer/cn/doc/harmonyos-releases/changelogs-for-all-apps-7001/#ch2026010615012"",""ArkUI接口新增仅支持Stage模型的约束"")",entry\src\main\ets\components\graph\GraphActions.ets:128,未修复,接口定义变更
declare class CommonMethod<T>,ArkTS,7.0.0(26) Beta1,ALL,"=HYPERLINK(""https://developer.huawei.com/consumer/cn/doc/harmonyos-releases/changelogs-for-all-apps-7001/#ch2026010615012"",""ArkUI接口新增仅支持Stage模型的约束"")",entry\src\main\ets\components\graph\GraphActions.ets:129,未修复,接口定义变更
declare class CommonMethod<T>,ArkTS,7.0.0(26) Beta1,ALL,"=HYPERLINK(""https://developer.huawei.com/consumer/cn/doc/harmonyos-releases/changelogs-for-all-apps-7001/#ch2026010615012"",""ArkUI接口新增仅支持Stage模型的约束"")",entry\src\main\ets\components\graph\GraphActions.ets:140,未修复,接口定义变更
declare class CommonMethod<T>,ArkTS,7.0.0(26) Beta1,ALL,"=HYPERLINK(""https://developer.huawei.com/consumer/cn/doc/harmonyos-releases/changelogs-for-all-apps-7001/#ch2026010615012"",""ArkUI接口新增仅支持Stage模型的约束"")",entry\src\main\ets\components\graph\GraphActions.ets:142,未修复,接口定义变更
declare class CommonMethod<T>,ArkTS,7.0.0(26) Beta1,ALL,"=HYPERLINK(""https://developer.huawei.com/consumer/cn/doc/harmonyos-releases/changelogs-for-all-apps-7001/#ch2026010615012"",""ArkUI接口新增仅支持Stage模型的约束"")",entry\src\main\ets\components\graph\GraphActions.ets:143,未修复,接口定义变更
declare class CommonMethod<T>,ArkTS,7.0.0(26) Beta1,ALL,"=HYPERLINK(""https://developer.huawei.com/consumer/cn/doc/harmonyos-releases/changelogs-for-all-apps-7001/#ch2026010615012"",""ArkUI接口新增仅支持Stage模型的约束"")",entry\src\main\ets\components\graph\GraphActions.ets:144,未修复,接口定义变更
declare class CommonMethod<T>,ArkTS,7.0.0(26) Beta1,ALL,"=HYPERLINK(""https://developer.huawei.com/consumer/cn/doc/harmonyos-releases/changelogs-for-all-apps-7001/#ch2026010615012"",""ArkUI接口新增仅支持Stage模型的约束"")",entry\src\main\ets\components\graph\GraphActions.ets:161,未修复,接口定义变更
declare class CommonMethod<T>,ArkTS,7.0.0(26) Beta1,ALL,"=HYPERLINK(""https://developer.huawei.com/consumer/cn/doc/harmonyos-releases/changelogs-for-all-apps-7001/#ch2026010615012"",""ArkUI接口新增仅支持Stage模型的约束"")",entry\src\main\ets\components\graph\GraphActions.ets:162,未修复,接口定义变更
declare class CommonMethod<T>,ArkTS,7.0.0(26) Beta1,ALL,"=HYPERLINK(""https://developer.huawei.com/consumer/cn/doc/harmonyos-releases/changelogs-for-all-apps-7001/#ch2026010615012"",""ArkUI接口新增仅支持Stage模型的约束"")",entry\src\main\ets\components\graph\GraphActions.ets:163,未修复,接口定义变更
declare class CommonMethod<T>,ArkTS,7.0.0(26) Beta1,ALL,"=HYPERLINK(""https://developer.huawei.com/consumer/cn/doc/harmonyos-releases/changelogs-for-all-apps-7001/#ch2026010615012"",""ArkUI接口新增仅支持Stage模型的约束"")",entry\src\main\ets\components\graph\GraphActions.ets:164,未修复,接口定义变更
declare class CommonMethod<T>,ArkTS,7.0.0(26) Beta1,ALL,"=HYPERLINK(""https://developer.huawei.com/consumer/cn/doc/harmonyos-releases/changelogs-for-all-apps-7001/#ch2026010615012"",""ArkUI接口新增仅支持Stage模型的约束"")",entry\src\main\ets\components\graph\GraphActions.ets:169,未修复,接口定义变更
declare class CommonMethod<T>,ArkTS,7.0.0(26) Beta1,ALL,"=HYPERLINK(""https://developer.huawei.com/consumer/cn/doc/harmonyos-releases/changelogs-for-all-apps-7001/#ch2026010615012"",""ArkUI接口新增仅支持Stage模型的约束"")",entry\src\main\ets\components\graph\GraphActions.ets:170,未修复,接口定义变更
declare class CommonMethod<T>,ArkTS,7.0.0(26) Beta1,ALL,"=HYPERLINK(""https://developer.huawei.com/consumer/cn/doc/harmonyos-releases/changelogs-for-all-apps-7001/#ch2026010615012"",""ArkUI接口新增仅支持Stage模型的约束"")",entry\src\main\ets\components\graph\GraphActions.ets:171,未修复,接口定义变更
declare class CommonMethod<T>,ArkTS,7.0.0(26) Beta1,ALL,"=HYPERLINK(""https://developer.huawei.com/consumer/cn/doc/harmonyos-releases/changelogs-for-all-apps-7001/#ch2026010615012"",""ArkUI接口新增仅支持Stage模型的约束"")",entry\src\main\ets\components\graph\GraphActions.ets:172,未修复,接口定义变更
declare class CommonMethod<T>,ArkTS,7.0.0(26) Beta1,ALL,"=HYPERLINK(""https://developer.huawei.com/consumer/cn/doc/harmonyos-releases/changelogs-for-all-apps-7001/#ch2026010615012"",""ArkUI接口新增仅支持Stage模型的约束"")",entry\src\main\ets\components\graph\GraphActions.ets:176,未修复,接口定义变更
declare class CommonMethod<T>,ArkTS,7.0.0(26) Beta1,ALL,"=HYPERLINK(""https://developer.huawei.com/consumer/cn/doc/harmonyos-releases/changelogs-for-all-apps-7001/#ch2026010615012"",""ArkUI接口新增仅支持Stage模型的约束"")",entry\src\main\ets\components\graph\GraphActions.ets:178,未修复,接口定义变更
declare class CommonMethod<T>,ArkTS,7.0.0(26) Beta1,ALL,"=HYPERLINK(""https://developer.huawei.com/consumer/cn/doc/harmonyos-releases/changelogs-for-all-apps-7001/#ch2026010615012"",""ArkUI接口新增仅支持Stage模型的约束"")",entry\src\main\ets\components\graph\GraphActions.ets:179,未修复,接口定义变更
declare class CommonMethod<T>,ArkTS,7.0.0(26) Beta1,ALL,"=HYPERLINK(""https://developer.huawei.com/consumer/cn/doc/harmonyos-releases/changelogs-for-all-apps-7001/#ch2026010615012"",""ArkUI接口新增仅支持Stage模型的约束"")",entry\src\main\ets\components\graph\GraphActions.ets:180,未修复,接口定义变更
declare class CommonMethod<T>,ArkTS,7.0.0(26) Beta1,ALL,"=HYPERLINK(""https://developer.huawei.com/consumer/cn/doc/harmonyos-releases/changelogs-for-all-apps-7001/#ch2026010615012"",""ArkUI接口新增仅支持Stage模型的约束"")",entry\src\main\ets\components\graph\GraphActions.ets:181,未修复,接口定义变更
declare class CommonMethod<T>,ArkTS,7.0.0(26) Beta1,ALL,"=HYPERLINK(""https://developer.huawei.com/consumer/cn/doc/harmonyos-releases/changelogs-for-all-apps-7001/#ch2026010615012"",""ArkUI接口新增仅支持Stage模型的约束"")",entry\src\main\ets\components\graph\GraphActions.ets:182,未修复,接口定义变更
declare class CommonMethod<T>,ArkTS,7.0.0(26) Beta1,ALL,"=HYPERLINK(""https://developer.huawei.com/consumer/cn/doc/harmonyos-releases/changelogs-for-all-apps-7001/#ch2026010615012"",""ArkUI接口新增仅支持Stage模型的约束"")",entry\src\main\ets\components\graph\GraphActions.ets:183,未修复,接口定义变更
declare class CommonMethod<T>,ArkTS,7.0.0(26) Beta1,ALL,"=HYPERLINK(""https://developer.huawei.com/consumer/cn/doc/harmonyos-releases/changelogs-for-all-apps-7001/#ch2026010615012"",""ArkUI接口新增仅支持Stage模型的约束"")",entry\src\main\ets\components\graph\GraphActions.ets:184,未修复,接口定义变更
declare class CommonMethod<T>,ArkTS,7.0.0(26) Beta1,ALL,"=HYPERLINK(""https://developer.huawei.com/consumer/cn/doc/harmonyos-releases/changelogs-for-all-apps-7001/#ch2026010615012"",""ArkUI接口新增仅支持Stage模型的约束"")",entry\src\main\ets\components\graph\GraphActions.ets:57,未修复,接口定义变更
declare class CommonMethod<T>,ArkTS,7.0.0(26) Beta1,ALL,"=HYPERLINK(""https://developer.huawei.com/consumer/cn/doc/harmonyos-releases/changelogs-for-all-apps-7001/#ch2026010615012"",""ArkUI接口新增仅支持Stage模型的约束"")",entry\src\main\ets\components\graph\GraphActions.ets:58,未修复,接口定义变更
declare class CommonMethod<T>,ArkTS,7.0.0(26) Beta1,ALL,"=HYPERLINK(""https://developer.huawei.com/consumer/cn/doc/harmonyos-releases/changelogs-for-all-apps-7001/#ch2026010615012"",""ArkUI接口新增仅支持Stage模型的约束"")",entry\src\main\ets\components\graph\GraphActions.ets:59,未修复,接口定义变更
declare class CommonMethod<T>,ArkTS,7.0.0(26) Beta1,ALL,"=HYPERLINK(""https://developer.huawei.com/consumer/cn/doc/harmonyos-releases/changelogs-for-all-apps-7001/#ch2026010615012"",""ArkUI接口新增仅支持Stage模型的约束"")",entry\src\main\ets\components\graph\GraphActions.ets:60,未修复,接口定义变更
declare class CommonMethod<T>,ArkTS,7.0.0(26) Beta1,ALL,"=HYPERLINK(""https://developer.huawei.com/consumer/cn/doc/harmonyos-releases/changelogs-for-all-apps-7001/#ch2026010615012"",""ArkUI接口新增仅支持Stage模型的约束"")",entry\src\main\ets\components\graph\GraphActions.ets:77,未修复,接口定义变更
declare class CommonMethod<T>,ArkTS,7.0.0(26) Beta1,ALL,"=HYPERLINK(""https://developer.huawei.com/consumer/cn/doc/harmonyos-releases/changelogs-for-all-apps-7001/#ch2026010615012"",""ArkUI接口新增仅支持Stage模型的约束"")",entry\src\main\ets\components\graph\GraphActions.ets:79,未修复,接口定义变更
declare class CommonMethod<T>,ArkTS,7.0.0(26) Beta1,ALL,"=HYPERLINK(""https://developer.huawei.com/consumer/cn/doc/harmonyos-releases/changelogs-for-all-apps-7001/#ch2026010615012"",""ArkUI接口新增仅支持Stage模型的约束"")",entry\src\main\ets\components\graph\GraphActions.ets:80,未修复,接口定义变更
declare class CommonMethod<T>,ArkTS,7.0.0(26) Beta1,ALL,"=HYPERLINK(""https://developer.huawei.com/consumer/cn/doc/harmonyos-releases/changelogs-for-all-apps-7001/#ch2026010615012"",""ArkUI接口新增仅支持Stage模型的约束"")",entry\src\main\ets\components\graph\GraphActions.ets:81,未修复,接口定义变更
declare class CommonMethod<T>,ArkTS,7.0.0(26) Beta1,ALL,"=HYPERLINK(""https://developer.huawei.com/consumer/cn/doc/harmonyos-releases/changelogs-for-all-apps-7001/#ch2026010615012"",""ArkUI接口新增仅支持Stage模型的约束"")",entry\src\main\ets\components\graph\GraphView.ets:193,未修复,接口定义变更
declare class CommonMethod<T>,ArkTS,7.0.0(26) Beta1,ALL,"=HYPERLINK(""https://developer.huawei.com/consumer/cn/doc/harmonyos-releases/changelogs-for-all-apps-7001/#ch2026010615012"",""ArkUI接口新增仅支持Stage模型的约束"")",entry\src\main\ets\components\graph\GraphView.ets:194,未修复,接口定义变更
declare class CommonMethod<T>,ArkTS,7.0.0(26) Beta1,ALL,"=HYPERLINK(""https://developer.huawei.com/consumer/cn/doc/harmonyos-releases/changelogs-for-all-apps-7001/#ch2026010615012"",""ArkUI接口新增仅支持Stage模型的约束"")",entry\src\main\ets\components\graph\GraphView.ets:198,未修复,接口定义变更
declare class CommonMethod<T>,ArkTS,7.0.0(26) Beta1,ALL,"=HYPERLINK(""https://developer.huawei.com/consumer/cn/doc/harmonyos-releases/changelogs-for-all-apps-7001/#ch2026010615012"",""ArkUI接口新增仅支持Stage模型的约束"")",entry\src\main\ets\components\graph\GraphView.ets:203,未修复,接口定义变更
declare class CommonMethod<T>,ArkTS,7.0.0(26) Beta1,ALL,"=HYPERLINK(""https://developer.huawei.com/consumer/cn/doc/harmonyos-releases/changelogs-for-all-apps-7001/#ch2026010615012"",""ArkUI接口新增仅支持Stage模型的约束"")",entry\src\main\ets\components\graph\GraphView.ets:204,未修复,接口定义变更
declare class CommonMethod<T>,ArkTS,7.0.0(26) Beta1,ALL,"=HYPERLINK(""https://developer.huawei.com/consumer/cn/doc/harmonyos-releases/changelogs-for-all-apps-7001/#ch2026010615012"",""ArkUI接口新增仅支持Stage模型的约束"")",entry\src\main\ets\components\graph\GraphView.ets:216,未修复,接口定义变更
declare class CommonMethod<T>,ArkTS,7.0.0(26) Beta1,ALL,"=HYPERLINK(""https://developer.huawei.com/consumer/cn/doc/harmonyos-releases/changelogs-for-all-apps-7001/#ch2026010615012"",""ArkUI接口新增仅支持Stage模型的约束"")",entry\src\main\ets\components\graph\GraphView.ets:217,未修复,接口定义变更
declare class CommonMethod<T>,ArkTS,7.0.0(26) Beta1,ALL,"=HYPERLINK(""https://developer.huawei.com/consumer/cn/doc/harmonyos-releases/changelogs-for-all-apps-7001/#ch2026010615012"",""ArkUI接口新增仅支持Stage模型的约束"")",entry\src\main\ets\components\graph\GraphView.ets:218,未修复,接口定义变更
declare class CommonMethod<T>,ArkTS,7.0.0(26) Beta1,ALL,"=HYPERLINK(""https://developer.huawei.com/consumer/cn/doc/harmonyos-releases/changelogs-for-all-apps-7001/#ch2026010615012"",""ArkUI接口新增仅支持Stage模型的约束"")",entry\src\main\ets\components\graph\GraphView.ets:219,未修复,接口定义变更
declare class CommonMethod<T>,ArkTS,7.0.0(26) Beta1,ALL,"=HYPERLINK(""https://developer.huawei.com/consumer/cn/doc/harmonyos-releases/changelogs-for-all-apps-7001/#ch2026010615012"",""ArkUI接口新增仅支持Stage模型的约束"")",entry\src\main\ets\components\graph\GraphView.ets:229,未修复,接口定义变更
declare class CommonMethod<T>,ArkTS,7.0.0(26) Beta1,ALL,"=HYPERLINK(""https://developer.huawei.com/consumer/cn/doc/harmonyos-releases/changelogs-for-all-apps-7001/#ch2026010615012"",""ArkUI接口新增仅支持Stage模型的约束"")",entry\src\main\ets\components\graph\GraphView.ets:230,未修复,接口定义变更
declare class CommonMethod<T>,ArkTS,7.0.0(26) Beta1,ALL,"=HYPERLINK(""https://developer.huawei.com/consumer/cn/doc/harmonyos-releases/changelogs-for-all-apps-7001/#ch2026010615012"",""ArkUI接口新增仅支持Stage模型的约束"")",entry\src\main\ets\components\graph\GraphView.ets:241,未修复,接口定义变更
declare class CommonMethod<T>,ArkTS,7.0.0(26) Beta1,ALL,"=HYPERLINK(""https://developer.huawei.com/consumer/cn/doc/harmonyos-releases/changelogs-for-all-apps-7001/#ch2026010615012"",""ArkUI接口新增仅支持Stage模型的约束"")",entry\src\main\ets\components\graph\GraphView.ets:242,未修复,接口定义变更
declare class CommonMethod<T>,ArkTS,7.0.0(26) Beta1,ALL,"=HYPERLINK(""https://developer.huawei.com/consumer/cn/doc/harmonyos-releases/changelogs-for-all-apps-7001/#ch2026010615012"",""ArkUI接口新增仅支持Stage模型的约束"")",entry\src\main\ets\components\graph\GraphView.ets:253,未修复,接口定义变更
declare class CommonMethod<T>,ArkTS,7.0.0(26) Beta1,ALL,"=HYPERLINK(""https://developer.huawei.com/consumer/cn/doc/harmonyos-releases/changelogs-for-all-apps-7001/#ch2026010615012"",""ArkUI接口新增仅支持Stage模型的约束"")",entry\src\main\ets\components\graph\GraphView.ets:254,未修复,接口定义变更
declare class CommonMethod<T>,ArkTS,7.0.0(26) Beta1,ALL,"=HYPERLINK(""https://developer.huawei.com/consumer/cn/doc/harmonyos-releases/changelogs-for-all-apps-7001/#ch2026010615012"",""ArkUI接口新增仅支持Stage模型的约束"")",entry\src\main\ets\components\graph\GraphView.ets:255,未修复,接口定义变更
declare class CommonMethod<T>,ArkTS,7.0.0(26) Beta1,ALL,"=HYPERLINK(""https://developer.huawei.com/consumer/cn/doc/harmonyos-releases/changelogs-for-all-apps-7001/#ch2026010615012"",""ArkUI接口新增仅支持Stage模型的约束"")",entry\src\main\ets\components\graph\GraphView.ets:256,未修复,接口定义变更
declare class CommonMethod<T>,ArkTS,7.0.0(26) Beta1,ALL,"=HYPERLINK(""https://developer.huawei.com/consumer/cn/doc/harmonyos-releases/changelogs-for-all-apps-7001/#ch2026010615012"",""ArkUI接口新增仅支持Stage模型的约束"")",entry\src\main\ets\components\graph\GraphView.ets:264,未修复,接口定义变更
declare class CommonMethod<T>,ArkTS,7.0.0(26) Beta1,ALL,"=HYPERLINK(""https://developer.huawei.com/consumer/cn/doc/harmonyos-releases/changelogs-for-all-apps-7001/#ch2026010615012"",""ArkUI接口新增仅支持Stage模型的约束"")",entry\src\main\ets\components\graph\GraphView.ets:265,未修复,接口定义变更
declare class CommonMethod<T>,ArkTS,7.0.0(26) Beta1,ALL,"=HYPERLINK(""https://developer.huawei.com/consumer/cn/doc/harmonyos-releases/changelogs-for-all-apps-7001/#ch2026010615012"",""ArkUI接口新增仅支持Stage模型的约束"")",entry\src\main\ets\components\graph\GraphView.ets:270,未修复,接口定义变更
declare class CommonMethod<T>,ArkTS,7.0.0(26) Beta1,ALL,"=HYPERLINK(""https://developer.huawei.com/consumer/cn/doc/harmonyos-releases/changelogs-for-all-apps-7001/#ch2026010615012"",""ArkUI接口新增仅支持Stage模型的约束"")",entry\src\main\ets\components\graph\GraphView.ets:271,未修复,接口定义变更
declare class CommonMethod<T>,ArkTS,7.0.0(26) Beta1,ALL,"=HYPERLINK(""https://developer.huawei.com/consumer/cn/doc/harmonyos-releases/changelogs-for-all-apps-7001/#ch2026010615012"",""ArkUI接口新增仅支持Stage模型的约束"")",entry\src\main\ets\components\graph\GraphView.ets:272,未修复,接口定义变更
declare class CommonMethod<T>,ArkTS,7.0.0(26) Beta1,ALL,"=HYPERLINK(""https://developer.huawei.com/consumer/cn/doc/harmonyos-releases/changelogs-for-all-apps-7001/#ch2026010615012"",""ArkUI接口新增仅支持Stage模型的约束"")",entry\src\main\ets\components\graph\GraphView.ets:276,未修复,接口定义变更
declare class CommonMethod<T>,ArkTS,7.0.0(26) Beta1,ALL,"=HYPERLINK(""https://developer.huawei.com/consumer/cn/doc/harmonyos-releases/changelogs-for-all-apps-7001/#ch2026010615012"",""ArkUI接口新增仅支持Stage模型的约束"")",entry\src\main\ets\components\graph\GraphView.ets:288,未修复,接口定义变更
declare class CommonMethod<T>,ArkTS,7.0.0(26) Beta1,ALL,"=HYPERLINK(""https://developer.huawei.com/consumer/cn/doc/harmonyos-releases/changelogs-for-all-apps-7001/#ch2026010615012"",""ArkUI接口新增仅支持Stage模型的约束"")",entry\src\main\ets\components\graph\GraphView.ets:295,未修复,接口定义变更
declare class CommonMethod<T>,ArkTS,7.0.0(26) Beta1,ALL,"=HYPERLINK(""https://developer.huawei.com/consumer/cn/doc/harmonyos-releases/changelogs-for-all-apps-7001/#ch2026010615012"",""ArkUI接口新增仅支持Stage模型的约束"")",entry\src\main\ets\components\graph\GraphView.ets:309,未修复,接口定义变更
declare class CommonMethod<T>,ArkTS,7.0.0(26) Beta1,ALL,"=HYPERLINK(""https://developer.huawei.com/consumer/cn/doc/harmonyos-releases/changelogs-for-all-apps-7001/#ch2026010615012"",""ArkUI接口新增仅支持Stage模型的约束"")",entry\src\main\ets\components\graph\GraphView.ets:318,未修复,接口定义变更
declare class CommonMethod<T>,ArkTS,7.0.0(26) Beta1,ALL,"=HYPERLINK(""https://developer.huawei.com/consumer/cn/doc/harmonyos-releases/changelogs-for-all-apps-7001/#ch2026010615012"",""ArkUI接口新增仅支持Stage模型的约束"")",entry\src\main\ets\components\graph\GraphView.ets:321,未修复,接口定义变更
declare class CommonMethod<T>,ArkTS,7.0.0(26) Beta1,ALL,"=HYPERLINK(""https://developer.huawei.com/consumer/cn/doc/harmonyos-releases/changelogs-for-all-apps-7001/#ch2026010615012"",""ArkUI接口新增仅支持Stage模型的约束"")",entry\src\main\ets\components\graph\GraphView.ets:322,未修复,接口定义变更
declare class CommonMethod<T>,ArkTS,7.0.0(26) Beta1,ALL,"=HYPERLINK(""https://developer.huawei.com/consumer/cn/doc/harmonyos-releases/changelogs-for-all-apps-7001/#ch2026010615012"",""ArkUI接口新增仅支持Stage模型的约束"")",entry\src\main\ets\components\graph\GraphView.ets:323,未修复,接口定义变更
declare class CommonMethod<T>,ArkTS,7.0.0(26) Beta1,ALL,"=HYPERLINK(""https://developer.huawei.com/consumer/cn/doc/harmonyos-releases/changelogs-for-all-apps-7001/#ch2026010615012"",""ArkUI接口新增仅支持Stage模型的约束"")",entry\src\main\ets\components\graph\GraphView.ets:328,未修复,接口定义变更
declare class CommonMethod<T>,ArkTS,7.0.0(26) Beta1,ALL,"=HYPERLINK(""https://developer.huawei.com/consumer/cn/doc/harmonyos-releases/changelogs-for-all-apps-7001/#ch2026010615012"",""ArkUI接口新增仅支持Stage模型的约束"")",entry\src\main\ets\components\graph\GraphView.ets:331,未修复,接口定义变更
declare class CommonMethod<T>,ArkTS,7.0.0(26) Beta1,ALL,"=HYPERLINK(""https://developer.huawei.com/consumer/cn/doc/harmonyos-releases/changelogs-for-all-apps-7001/#ch2026010615012"",""ArkUI接口新增仅支持Stage模型的约束"")",entry\src\main\ets\components\graph\GraphView.ets:332,未修复,接口定义变更
declare class CommonMethod<T>,ArkTS,7.0.0(26) Beta1,ALL,"=HYPERLINK(""https://developer.huawei.com/consumer/cn/doc/harmonyos-releases/changelogs-for-all-apps-7001/#ch2026010615012"",""ArkUI接口新增仅支持Stage模型的约束"")",entry\src\main\ets\components\graph\GraphView.ets:333,未修复,接口定义变更
declare class CommonMethod<T>,ArkTS,7.0.0(26) Beta1,ALL,"=HYPERLINK(""https://developer.huawei.com/consumer/cn/doc/harmonyos-releases/changelogs-for-all-apps-7001/#ch2026010615012"",""ArkUI接口新增仅支持Stage模型的约束"")",entry\src\main\ets\components\graph\GraphView.ets:339,未修复,接口定义变更
declare class CommonMethod<T>,ArkTS,7.0.0(26) Beta1,ALL,"=HYPERLINK(""https://developer.huawei.com/consumer/cn/doc/harmonyos-releases/changelogs-for-all-apps-7001/#ch2026010615012"",""ArkUI接口新增仅支持Stage模型的约束"")",entry\src\main\ets\components\graph\GraphView.ets:342,未修复,接口定义变更
declare class CommonMethod<T>,ArkTS,7.0.0(26) Beta1,ALL,"=HYPERLINK(""https://developer.huawei.com/consumer/cn/doc/harmonyos-releases/changelogs-for-all-apps-7001/#ch2026010615012"",""ArkUI接口新增仅支持Stage模型的约束"")",entry\src\main\ets\components\graph\GraphView.ets:343,未修复,接口定义变更
declare class CommonMethod<T>,ArkTS,7.0.0(26) Beta1,ALL,"=HYPERLINK(""https://developer.huawei.com/consumer/cn/doc/harmonyos-releases/changelogs-for-all-apps-7001/#ch2026010615012"",""ArkUI接口新增仅支持Stage模型的约束"")",entry\src\main\ets\components\graph\GraphView.ets:348,未修复,接口定义变更
declare class CommonMethod<T>,ArkTS,7.0.0(26) Beta1,ALL,"=HYPERLINK(""https://developer.huawei.com/consumer/cn/doc/harmonyos-releases/changelogs-for-all-apps-7001/#ch2026010615012"",""ArkUI接口新增仅支持Stage模型的约束"")",entry\src\main\ets\components\graph\GraphView.ets:351,未修复,接口定义变更
declare class CommonMethod<T>,ArkTS,7.0.0(26) Beta1,ALL,"=HYPERLINK(""https://developer.huawei.com/consumer/cn/doc/harmonyos-releases/changelogs-for-all-apps-7001/#ch2026010615012"",""ArkUI接口新增仅支持Stage模型的约束"")",entry\src\main\ets\components\graph\GraphView.ets:352,未修复,接口定义变更
declare class CommonMethod<T>,ArkTS,7.0.0(26) Beta1,ALL,"=HYPERLINK(""https://developer.huawei.com/consumer/cn/doc/harmonyos-releases/changelogs-for-all-apps-7001/#ch2026010615012"",""ArkUI接口新增仅支持Stage模型的约束"")",entry\src\main\ets\components\graph\GraphView.ets:353,未修复,接口定义变更
declare class CommonMethod<T>,ArkTS,7.0.0(26) Beta1,ALL,"=HYPERLINK(""https://developer.huawei.com/consumer/cn/doc/harmonyos-releases/changelogs-for-all-apps-7001/#ch2026010615012"",""ArkUI接口新增仅支持Stage模型的约束"")",entry\src\main\ets\components\graph\GraphView.ets:355,未修复,接口定义变更
declare class CommonMethod<T>,ArkTS,7.0.0(26) Beta1,ALL,"=HYPERLINK(""https://developer.huawei.com/consumer/cn/doc/harmonyos-releases/changelogs-for-all-apps-7001/#ch2026010615012"",""ArkUI接口新增仅支持Stage模型的约束"")",entry\src\main\ets\components\graph\GraphView.ets:370,未修复,接口定义变更
declare class CommonMethod<T>,ArkTS,7.0.0(26) Beta1,ALL,"=HYPERLINK(""https://developer.huawei.com/consumer/cn/doc/harmonyos-releases/changelogs-for-all-apps-7001/#ch2026010615012"",""ArkUI接口新增仅支持Stage模型的约束"")",entry\src\main\ets\components\graph\GraphView.ets:371,未修复,接口定义变更
declare class CommonMethod<T>,ArkTS,7.0.0(26) Beta1,ALL,"=HYPERLINK(""https://developer.huawei.com/consumer/cn/doc/harmonyos-releases/changelogs-for-all-apps-7001/#ch2026010615012"",""ArkUI接口新增仅支持Stage模型的约束"")",entry\src\main\ets\components\graph\GraphView.ets:373,未修复,接口定义变更
declare class CommonMethod<T>,ArkTS,7.0.0(26) Beta1,ALL,"=HYPERLINK(""https://developer.huawei.com/consumer/cn/doc/harmonyos-releases/changelogs-for-all-apps-7001/#ch2026010615012"",""ArkUI接口新增仅支持Stage模型的约束"")",entry\src\main\ets\components\graph\GraphView.ets:374,未修复,接口定义变更
declare class CommonMethod<T>,ArkTS,7.0.0(26) Beta1,ALL,"=HYPERLINK(""https://developer.huawei.com/consumer/cn/doc/harmonyos-releases/changelogs-for-all-apps-7001/#ch2026010615012"",""ArkUI接口新增仅支持Stage模型的约束"")",entry\src\main\ets\components\graph\GraphView.ets:375,未修复,接口定义变更
declare class CommonMethod<T>,ArkTS,7.0.0(26) Beta1,ALL,"=HYPERLINK(""https://developer.huawei.com/consumer/cn/doc/harmonyos-releases/changelogs-for-all-apps-7001/#ch2026010615012"",""ArkUI接口新增仅支持Stage模型的约束"")",entry\src\main\ets\components\layout\MainContainer.ets:168,未修复,接口定义变更
declare class CommonMethod<T>,ArkTS,7.0.0(26) Beta1,ALL,"=HYPERLINK(""https://developer.huawei.com/consumer/cn/doc/harmonyos-releases/changelogs-for-all-apps-7001/#ch2026010615012"",""ArkUI接口新增仅支持Stage模型的约束"")",entry\src\main\ets\components\layout\MainContainer.ets:169,未修复,接口定义变更
declare class CommonMethod<T>,ArkTS,7.0.0(26) Beta1,ALL,"=HYPERLINK(""https://developer.huawei.com/consumer/cn/doc/harmonyos-releases/changelogs-for-all-apps-7001/#ch2026010615012"",""ArkUI接口新增仅支持Stage模型的约束"")",entry\src\main\ets\components\layout\MainContainer.ets:170,未修复,接口定义变更
declare class CommonMethod<T>,ArkTS,7.0.0(26) Beta1,ALL,"=HYPERLINK(""https://developer.huawei.com/consumer/cn/doc/harmonyos-releases/changelogs-for-all-apps-7001/#ch2026010615012"",""ArkUI接口新增仅支持Stage模型的约束"")",entry\src\main\ets\components\layout\MainContainer.ets:178,未修复,接口定义变更
declare class CommonMethod<T>,ArkTS,7.0.0(26) Beta1,ALL,"=HYPERLINK(""https://developer.huawei.com/consumer/cn/doc/harmonyos-releases/changelogs-for-all-apps-7001/#ch2026010615012"",""ArkUI接口新增仅支持Stage模型的约束"")",entry\src\main\ets\components\layout\MainContainer.ets:209,未修复,接口定义变更
declare class CommonMethod<T>,ArkTS,7.0.0(26) Beta1,ALL,"=HYPERLINK(""https://developer.huawei.com/consumer/cn/doc/harmonyos-releases/changelogs-for-all-apps-7001/#ch2026010615012"",""ArkUI接口新增仅支持Stage模型的约束"")",entry\src\main\ets\components\layout\MainContainer.ets:210,未修复,接口定义变更
declare class CommonMethod<T>,ArkTS,7.0.0(26) Beta1,ALL,"=HYPERLINK(""https://developer.huawei.com/consumer/cn/doc/harmonyos-releases/changelogs-for-all-apps-7001/#ch2026010615012"",""ArkUI接口新增仅支持Stage模型的约束"")",entry\src\main\ets\components\layout\MainContainer.ets:221,未修复,接口定义变更
declare class CommonMethod<T>,ArkTS,7.0.0(26) Beta1,ALL,"=HYPERLINK(""https://developer.huawei.com/consumer/cn/doc/harmonyos-releases/changelogs-for-all-apps-7001/#ch2026010615012"",""ArkUI接口新增仅支持Stage模型的约束"")",entry\src\main\ets\components\layout\MainContainer.ets:222,未修复,接口定义变更
declare class CommonMethod<T>,ArkTS,7.0.0(26) Beta1,ALL,"=HYPERLINK(""https://developer.huawei.com/consumer/cn/doc/harmonyos-releases/changelogs-for-all-apps-7001/#ch2026010615012"",""ArkUI接口新增仅支持Stage模型的约束"")",entry\src\main\ets\components\layout\MainContainer.ets:223,未修复,接口定义变更
declare class CommonMethod<T>,ArkTS,7.0.0(26) Beta1,ALL,"=HYPERLINK(""https://developer.huawei.com/consumer/cn/doc/harmonyos-releases/changelogs-for-all-apps-7001/#ch2026010615012"",""ArkUI接口新增仅支持Stage模型的约束"")",entry\src\main\ets\components\layout\MainContainer.ets:238,未修复,接口定义变更
declare class CommonMethod<T>,ArkTS,7.0.0(26) Beta1,ALL,"=HYPERLINK(""https://developer.huawei.com/consumer/cn/doc/harmonyos-releases/changelogs-for-all-apps-7001/#ch2026010615012"",""ArkUI接口新增仅支持Stage模型的约束"")",entry\src\main\ets\components\layout\MainContainer.ets:240,未修复,接口定义变更
declare class CommonMethod<T>,ArkTS,7.0.0(26) Beta1,ALL,"=HYPERLINK(""https://developer.huawei.com/consumer/cn/doc/harmonyos-releases/changelogs-for-all-apps-7001/#ch2026010615012"",""ArkUI接口新增仅支持Stage模型的约束"")",entry\src\main\ets\components\layout\MainContainer.ets:241,未修复,接口定义变更
declare class CommonMethod<T>,ArkTS,7.0.0(26) Beta1,ALL,"=HYPERLINK(""https://developer.huawei.com/consumer/cn/doc/harmonyos-releases/changelogs-for-all-apps-7001/#ch2026010615012"",""ArkUI接口新增仅支持Stage模型的约束"")",entry\src\main\ets\components\layout\MainContainer.ets:244,未修复,接口定义变更
declare class CommonMethod<T>,ArkTS,7.0.0(26) Beta1,ALL,"=HYPERLINK(""https://developer.huawei.com/consumer/cn/doc/harmonyos-releases/changelogs-for-all-apps-7001/#ch2026010615012"",""ArkUI接口新增仅支持Stage模型的约束"")",entry\src\main\ets\components\layout\MainContainer.ets:245,未修复,接口定义变更
declare class CommonMethod<T>,ArkTS,7.0.0(26) Beta1,ALL,"=HYPERLINK(""https://developer.huawei.com/consumer/cn/doc/harmonyos-releases/changelogs-for-all-apps-7001/#ch2026010615012"",""ArkUI接口新增仅支持Stage模型的约束"")",entry\src\main\ets\components\layout\MainContainer.ets:246,未修复,接口定义变更
declare class CommonMethod<T>,ArkTS,7.0.0(26) Beta1,ALL,"=HYPERLINK(""https://developer.huawei.com/consumer/cn/doc/harmonyos-releases/changelogs-for-all-apps-7001/#ch2026010615012"",""ArkUI接口新增仅支持Stage模型的约束"")",entry\src\main\ets\components\layout\MainContainer.ets:279,未修复,接口定义变更
declare class CommonMethod<T>,ArkTS,7.0.0(26) Beta1,ALL,"=HYPERLINK(""https://developer.huawei.com/consumer/cn/doc/harmonyos-releases/changelogs-for-all-apps-7001/#ch2026010615012"",""ArkUI接口新增仅支持Stage模型的约束"")",entry\src\main\ets\components\layout\MainContainer.ets:280,未修复,接口定义变更
declare class CommonMethod<T>,ArkTS,7.0.0(26) Beta1,ALL,"=HYPERLINK(""https://developer.huawei.com/consumer/cn/doc/harmonyos-releases/changelogs-for-all-apps-7001/#ch2026010615012"",""ArkUI接口新增仅支持Stage模型的约束"")",entry\src\main\ets\components\layout\MainContainer.ets:281,未修复,接口定义变更
declare class CommonMethod<T>,ArkTS,7.0.0(26) Beta1,ALL,"=HYPERLINK(""https://developer.huawei.com/consumer/cn/doc/harmonyos-releases/changelogs-for-all-apps-7001/#ch2026010615012"",""ArkUI接口新增仅支持Stage模型的约束"")",entry\src\main\ets\components\layout\MainContainer.ets:282,未修复,接口定义变更
declare class CommonMethod<T>,ArkTS,7.0.0(26) Beta1,ALL,"=HYPERLINK(""https://developer.huawei.com/consumer/cn/doc/harmonyos-releases/changelogs-for-all-apps-7001/#ch2026010615012"",""ArkUI接口新增仅支持Stage模型的约束"")",entry\src\main\ets\components\layout\MainContainer.ets:293,未修复,接口定义变更
declare class CommonMethod<T>,ArkTS,7.0.0(26) Beta1,ALL,"=HYPERLINK(""https://developer.huawei.com/consumer/cn/doc/harmonyos-releases/changelogs-for-all-apps-7001/#ch2026010615012"",""ArkUI接口新增仅支持Stage模型的约束"")",entry\src\main\ets\components\layout\MainContainer.ets:294,未修复,接口定义变更
declare class CommonMethod<T>,ArkTS,7.0.0(26) Beta1,ALL,"=HYPERLINK(""https://developer.huawei.com/consumer/cn/doc/harmonyos-releases/changelogs-for-all-apps-7001/#ch2026010615012"",""ArkUI接口新增仅支持Stage模型的约束"")",entry\src\main\ets\components\layout\MainContainer.ets:301,未修复,接口定义变更
declare class CommonMethod<T>,ArkTS,7.0.0(26) Beta1,ALL,"=HYPERLINK(""https://developer.huawei.com/consumer/cn/doc/harmonyos-releases/changelogs-for-all-apps-7001/#ch2026010615012"",""ArkUI接口新增仅支持Stage模型的约束"")",entry\src\main\ets\components\layout\MainContainer.ets:302,未修复,接口定义变更
declare class CommonMethod<T>,ArkTS,7.0.0(26) Beta1,ALL,"=HYPERLINK(""https://developer.huawei.com/consumer/cn/doc/harmonyos-releases/changelogs-for-all-apps-7001/#ch2026010615012"",""ArkUI接口新增仅支持Stage模型的约束"")",entry\src\main\ets\components\layout\MainContainer.ets:303,未修复,接口定义变更
declare class CommonMethod<T>,ArkTS,7.0.0(26) Beta1,ALL,"=HYPERLINK(""https://developer.huawei.com/consumer/cn/doc/harmonyos-releases/changelogs-for-all-apps-7001/#ch2026010615012"",""ArkUI接口新增仅支持Stage模型的约束"")",entry\src\main\ets\components\layout\MainContainer.ets:304,未修复,接口定义变更
declare class CommonMethod<T>,ArkTS,7.0.0(26) Beta1,ALL,"=HYPERLINK(""https://developer.huawei.com/consumer/cn/doc/harmonyos-releases/changelogs-for-all-apps-7001/#ch2026010615012"",""ArkUI接口新增仅支持Stage模型的约束"")",entry\src\main\ets\components\layout\MainContainer.ets:315,未修复,接口定义变更
declare class CommonMethod<T>,ArkTS,7.0.0(26) Beta1,ALL,"=HYPERLINK(""https://developer.huawei.com/consumer/cn/doc/harmonyos-releases/changelogs-for-all-apps-7001/#ch2026010615012"",""ArkUI接口新增仅支持Stage模型的约束"")",entry\src\main\ets\components\layout\MainContainer.ets:316,未修复,接口定义变更
declare class CommonMethod<T>,ArkTS,7.0.0(26) Beta1,ALL,"=HYPERLINK(""https://developer.huawei.com/consumer/cn/doc/harmonyos-releases/changelogs-for-all-apps-7001/#ch2026010615012"",""ArkUI接口新增仅支持Stage模型的约束"")",entry\src\main\ets\components\layout\MainContainer.ets:319,未修复,接口定义变更
declare class CommonMethod<T>,ArkTS,7.0.0(26) Beta1,ALL,"=HYPERLINK(""https://developer.huawei.com/consumer/cn/doc/harmonyos-releases/changelogs-for-all-apps-7001/#ch2026010615012"",""ArkUI接口新增仅支持Stage模型的约束"")",entry\src\main\ets\components\layout\MainContainer.ets:320,未修复,接口定义变更
declare class CommonMethod<T>,ArkTS,7.0.0(26) Beta1,ALL,"=HYPERLINK(""https://developer.huawei.com/consumer/cn/doc/harmonyos-releases/changelogs-for-all-apps-7001/#ch2026010615012"",""ArkUI接口新增仅支持Stage模型的约束"")",entry\src\main\ets\components\layout\MainContainer.ets:321,未修复,接口定义变更
declare class CommonMethod<T>,ArkTS,7.0.0(26) Beta1,ALL,"=HYPERLINK(""https://developer.huawei.com/consumer/cn/doc/harmonyos-releases/changelogs-for-all-apps-7001/#ch2026010615012"",""ArkUI接口新增仅支持Stage模型的约束"")",entry\src\main\ets\components\layout\MainContainer.ets:334,未修复,接口定义变更
declare class CommonMethod<T>,ArkTS,7.0.0(26) Beta1,ALL,"=HYPERLINK(""https://developer.huawei.com/consumer/cn/doc/harmonyos-releases/changelogs-for-all-apps-7001/#ch2026010615012"",""ArkUI接口新增仅支持Stage模型的约束"")",entry\src\main\ets\components\layout\MainContainer.ets:335,未修复,接口定义变更
declare class CommonMethod<T>,ArkTS,7.0.0(26) Beta1,ALL,"=HYPERLINK(""https://developer.huawei.com/consumer/cn/doc/harmonyos-releases/changelogs-for-all-apps-7001/#ch2026010615012"",""ArkUI接口新增仅支持Stage模型的约束"")",entry\src\main\ets\components\layout\MainContainer.ets:336,未修复,接口定义变更
declare class CommonMethod<T>,ArkTS,7.0.0(26) Beta1,ALL,"=HYPERLINK(""https://developer.huawei.com/consumer/cn/doc/harmonyos-releases/changelogs-for-all-apps-7001/#ch2026010615012"",""ArkUI接口新增仅支持Stage模型的约束"")",entry\src\main\ets\components\layout\MainContainer.ets:337,未修复,接口定义变更
declare class CommonMethod<T>,ArkTS,7.0.0(26) Beta1,ALL,"=HYPERLINK(""https://developer.huawei.com/consumer/cn/doc/harmonyos-releases/changelogs-for-all-apps-7001/#ch2026010615012"",""ArkUI接口新增仅支持Stage模型的约束"")",entry\src\main\ets\components\layout\MainContainer.ets:341,未修复,接口定义变更
declare class CommonMethod<T>,ArkTS,7.0.0(26) Beta1,ALL,"=HYPERLINK(""https://developer.huawei.com/consumer/cn/doc/harmonyos-releases/changelogs-for-all-apps-7001/#ch2026010615012"",""ArkUI接口新增仅支持Stage模型的约束"")",entry\src\main\ets\components\layout\MainContainer.ets:342,未修复,接口定义变更
declare class CommonMethod<T>,ArkTS,7.0.0(26) Beta1,ALL,"=HYPERLINK(""https://developer.huawei.com/consumer/cn/doc/harmonyos-releases/changelogs-for-all-apps-7001/#ch2026010615012"",""ArkUI接口新增仅支持Stage模型的约束"")",entry\src\main\ets\components\layout\MainContainer.ets:345,未修复,接口定义变更
declare class CommonMethod<T>,ArkTS,7.0.0(26) Beta1,ALL,"=HYPERLINK(""https://developer.huawei.com/consumer/cn/doc/harmonyos-releases/changelogs-for-all-apps-7001/#ch2026010615012"",""ArkUI接口新增仅支持Stage模型的约束"")",entry\src\main\ets\components\layout\MobileBottomBar.ets:112,未修复,接口定义变更
declare class CommonMethod<T>,ArkTS,7.0.0(26) Beta1,ALL,"=HYPERLINK(""https://developer.huawei.com/consumer/cn/doc/harmonyos-releases/changelogs-for-all-apps-7001/#ch2026010615012"",""ArkUI接口新增仅支持Stage模型的约束"")",entry\src\main\ets\components\layout\MobileBottomBar.ets:113,未修复,接口定义变更
declare class CommonMethod<T>,ArkTS,7.0.0(26) Beta1,ALL,"=HYPERLINK(""https://developer.huawei.com/consumer/cn/doc/harmonyos-releases/changelogs-for-all-apps-7001/#ch2026010615012"",""ArkUI接口新增仅支持Stage模型的约束"")",entry\src\main\ets\components\layout\MobileBottomBar.ets:114,未修复,接口定义变更
declare class CommonMethod<T>,ArkTS,7.0.0(26) Beta1,ALL,"=HYPERLINK(""https://developer.huawei.com/consumer/cn/doc/harmonyos-releases/changelogs-for-all-apps-7001/#ch2026010615012"",""ArkUI接口新增仅支持Stage模型的约束"")",entry\src\main\ets\components\layout\MobileBottomBar.ets:119,未修复,接口定义变更
declare class CommonMethod<T>,ArkTS,7.0.0(26) Beta1,ALL,"=HYPERLINK(""https://developer.huawei.com/consumer/cn/doc/harmonyos-releases/changelogs-for-all-apps-7001/#ch2026010615012"",""ArkUI接口新增仅支持Stage模型的约束"")",entry\src\main\ets\components\layout\MobileBottomBar.ets:120,未修复,接口定义变更
declare class CommonMethod<T>,ArkTS,7.0.0(26) Beta1,ALL,"=HYPERLINK(""https://developer.huawei.com/consumer/cn/doc/harmonyos-releases/changelogs-for-all-apps-7001/#ch2026010615012"",""ArkUI接口新增仅支持Stage模型的约束"")",entry\src\main\ets\components\layout\MobileBottomBar.ets:121,未修复,接口定义变更
declare class CommonMethod<T>,ArkTS,7.0.0(26) Beta1,ALL,"=HYPERLINK(""https://developer.huawei.com/consumer/cn/doc/harmonyos-releases/changelogs-for-all-apps-7001/#ch2026010615012"",""ArkUI接口新增仅支持Stage模型的约束"")",entry\src\main\ets\components\layout\MobileBottomBar.ets:36,未修复,接口定义变更
declare class CommonMethod<T>,ArkTS,7.0.0(26) Beta1,ALL,"=HYPERLINK(""https://developer.huawei.com/consumer/cn/doc/harmonyos-releases/changelogs-for-all-apps-7001/#ch2026010615012"",""ArkUI接口新增仅支持Stage模型的约束"")",entry\src\main\ets\components\layout\MobileBottomBar.ets:37,未修复,接口定义变更
declare class CommonMethod<T>,ArkTS,7.0.0(26) Beta1,ALL,"=HYPERLINK(""https://developer.huawei.com/consumer/cn/doc/harmonyos-releases/changelogs-for-all-apps-7001/#ch2026010615012"",""ArkUI接口新增仅支持Stage模型的约束"")",entry\src\main\ets\components\layout\MobileBottomBar.ets:38,未修复,接口定义变更
declare class CommonMethod<T>,ArkTS,7.0.0(26) Beta1,ALL,"=HYPERLINK(""https://developer.huawei.com/consumer/cn/doc/harmonyos-releases/changelogs-for-all-apps-7001/#ch2026010615012"",""ArkUI接口新增仅支持Stage模型的约束"")",entry\src\main\ets\components\layout\MobileBottomBar.ets:39,未修复,接口定义变更
declare class CommonMethod<T>,ArkTS,7.0.0(26) Beta1,ALL,"=HYPERLINK(""https://developer.huawei.com/consumer/cn/doc/harmonyos-releases/changelogs-for-all-apps-7001/#ch2026010615012"",""ArkUI接口新增仅支持Stage模型的约束"")",entry\src\main\ets\components\layout\MobileBottomBar.ets:41,未修复,接口定义变更
declare class CommonMethod<T>,ArkTS,7.0.0(26) Beta1,ALL,"=HYPERLINK(""https://developer.huawei.com/consumer/cn/doc/harmonyos-releases/changelogs-for-all-apps-7001/#ch2026010615012"",""ArkUI接口新增仅支持Stage模型的约束"")",entry\src\main\ets\components\layout\MobileBottomBar.ets:43,未修复,接口定义变更
declare class CommonMethod<T>,ArkTS,7.0.0(26) Beta1,ALL,"=HYPERLINK(""https://developer.huawei.com/consumer/cn/doc/harmonyos-releases/changelogs-for-all-apps-7001/#ch2026010615012"",""ArkUI接口新增仅支持Stage模型的约束"")",entry\src\main\ets\components\layout\MobileBottomBar.ets:45,未修复,接口定义变更
declare class CommonMethod<T>,ArkTS,7.0.0(26) Beta1,ALL,"=HYPERLINK(""https://developer.huawei.com/consumer/cn/doc/harmonyos-releases/changelogs-for-all-apps-7001/#ch2026010615012"",""ArkUI接口新增仅支持Stage模型的约束"")",entry\src\main\ets\components\layout\MobileBottomBar.ets:46,未修复,接口定义变更
declare class CommonMethod<T>,ArkTS,7.0.0(26) Beta1,ALL,"=HYPERLINK(""https://developer.huawei.com/consumer/cn/doc/harmonyos-releases/changelogs-for-all-apps-7001/#ch2026010615012"",""ArkUI接口新增仅支持Stage模型的约束"")",entry\src\main\ets\components\layout\MobileBottomBar.ets:47,未修复,接口定义变更
declare class CommonMethod<T>,ArkTS,7.0.0(26) Beta1,ALL,"=HYPERLINK(""https://developer.huawei.com/consumer/cn/doc/harmonyos-releases/changelogs-for-all-apps-7001/#ch2026010615012"",""ArkUI接口新增仅支持Stage模型的约束"")",entry\src\main\ets\components\layout\MobileBottomBar.ets:50,未修复,接口定义变更
declare class CommonMethod<T>,ArkTS,7.0.0(26) Beta1,ALL,"=HYPERLINK(""https://developer.huawei.com/consumer/cn/doc/harmonyos-releases/changelogs-for-all-apps-7001/#ch2026010615012"",""ArkUI接口新增仅支持Stage模型的约束"")",entry\src\main\ets\components\layout\MobileBottomBar.ets:65,未修复,接口定义变更
declare class CommonMethod<T>,ArkTS,7.0.0(26) Beta1,ALL,"=HYPERLINK(""https://developer.huawei.com/consumer/cn/doc/harmonyos-releases/changelogs-for-all-apps-7001/#ch2026010615012"",""ArkUI接口新增仅支持Stage模型的约束"")",entry\src\main\ets\components\layout\MobileBottomBar.ets:66,未修复,接口定义变更
declare class CommonMethod<T>,ArkTS,7.0.0(26) Beta1,ALL,"=HYPERLINK(""https://developer.huawei.com/consumer/cn/doc/harmonyos-releases/changelogs-for-all-apps-7001/#ch2026010615012"",""ArkUI接口新增仅支持Stage模型的约束"")",entry\src\main\ets\components\layout\MobileBottomBar.ets:67,未修复,接口定义变更
declare class CommonMethod<T>,ArkTS,7.0.0(26) Beta1,ALL,"=HYPERLINK(""https://developer.huawei.com/consumer/cn/doc/harmonyos-releases/changelogs-for-all-apps-7001/#ch2026010615012"",""ArkUI接口新增仅支持Stage模型的约束"")",entry\src\main\ets\components\layout\MobileBottomBar.ets:70,未修复,接口定义变更
declare class CommonMethod<T>,ArkTS,7.0.0(26) Beta1,ALL,"=HYPERLINK(""https://developer.huawei.com/consumer/cn/doc/harmonyos-releases/changelogs-for-all-apps-7001/#ch2026010615012"",""ArkUI接口新增仅支持Stage模型的约束"")",entry\src\main\ets\components\layout\MobileBottomBar.ets:72,未修复,接口定义变更
declare class CommonMethod<T>,ArkTS,7.0.0(26) Beta1,ALL,"=HYPERLINK(""https://developer.huawei.com/consumer/cn/doc/harmonyos-releases/changelogs-for-all-apps-7001/#ch2026010615012"",""ArkUI接口新增仅支持Stage模型的约束"")",entry\src\main\ets\components\layout\MobileBottomBar.ets:74,未修复,接口定义变更
declare class CommonMethod<T>,ArkTS,7.0.0(26) Beta1,ALL,"=HYPERLINK(""https://developer.huawei.com/consumer/cn/doc/harmonyos-releases/changelogs-for-all-apps-7001/#ch2026010615012"",""ArkUI接口新增仅支持Stage模型的约束"")",entry\src\main\ets\components\layout\MobileBottomBar.ets:76,未修复,接口定义变更
declare class CommonMethod<T>,ArkTS,7.0.0(26) Beta1,ALL,"=HYPERLINK(""https://developer.huawei.com/consumer/cn/doc/harmonyos-releases/changelogs-for-all-apps-7001/#ch2026010615012"",""ArkUI接口新增仅支持Stage模型的约束"")",entry\src\main\ets\components\layout\MobileBottomBar.ets:77,未修复,接口定义变更
declare class CommonMethod<T>,ArkTS,7.0.0(26) Beta1,ALL,"=HYPERLINK(""https://developer.huawei.com/consumer/cn/doc/harmonyos-releases/changelogs-for-all-apps-7001/#ch2026010615012"",""ArkUI接口新增仅支持Stage模型的约束"")",entry\src\main\ets\components\layout\MobileBottomBar.ets:80,未修复,接口定义变更
declare class CommonMethod<T>,ArkTS,7.0.0(26) Beta1,ALL,"=HYPERLINK(""https://developer.huawei.com/consumer/cn/doc/harmonyos-releases/changelogs-for-all-apps-7001/#ch2026010615012"",""ArkUI接口新增仅支持Stage模型的约束"")",entry\src\main\ets\components\layout\MobileHeader.ets:38,未修复,接口定义变更
declare class CommonMethod<T>,ArkTS,7.0.0(26) Beta1,ALL,"=HYPERLINK(""https://developer.huawei.com/consumer/cn/doc/harmonyos-releases/changelogs-for-all-apps-7001/#ch2026010615012"",""ArkUI接口新增仅支持Stage模型的约束"")",entry\src\main\ets\components\layout\MobileHeader.ets:39,未修复,接口定义变更
declare class CommonMethod<T>,ArkTS,7.0.0(26) Beta1,ALL,"=HYPERLINK(""https://developer.huawei.com/consumer/cn/doc/harmonyos-releases/changelogs-for-all-apps-7001/#ch2026010615012"",""ArkUI接口新增仅支持Stage模型的约束"")",entry\src\main\ets\components\layout\MobileHeader.ets:46,未修复,接口定义变更
declare class CommonMethod<T>,ArkTS,7.0.0(26) Beta1,ALL,"=HYPERLINK(""https://developer.huawei.com/consumer/cn/doc/harmonyos-releases/changelogs-for-all-apps-7001/#ch2026010615012"",""ArkUI接口新增仅支持Stage模型的约束"")",entry\src\main\ets\components\layout\MobileHeader.ets:47,未修复,接口定义变更
declare class CommonMethod<T>,ArkTS,7.0.0(26) Beta1,ALL,"=HYPERLINK(""https://developer.huawei.com/consumer/cn/doc/harmonyos-releases/changelogs-for-all-apps-7001/#ch2026010615012"",""ArkUI接口新增仅支持Stage模型的约束"")",entry\src\main\ets\components\layout\MobileHeader.ets:48,未修复,接口定义变更
declare class CommonMethod<T>,ArkTS,7.0.0(26) Beta1,ALL,"=HYPERLINK(""https://developer.huawei.com/consumer/cn/doc/harmonyos-releases/changelogs-for-all-apps-7001/#ch2026010615012"",""ArkUI接口新增仅支持Stage模型的约束"")",entry\src\main\ets\components\layout\MobileHeader.ets:49,未修复,接口定义变更
declare class CommonMethod<T>,ArkTS,7.0.0(26) Beta1,ALL,"=HYPERLINK(""https://developer.huawei.com/consumer/cn/doc/harmonyos-releases/changelogs-for-all-apps-7001/#ch2026010615012"",""ArkUI接口新增仅支持Stage模型的约束"")",entry\src\main\ets\components\layout\MobileHeader.ets:50,未修复,接口定义变更
declare class CommonMethod<T>,ArkTS,7.0.0(26) Beta1,ALL,"=HYPERLINK(""https://developer.huawei.com/consumer/cn/doc/harmonyos-releases/changelogs-for-all-apps-7001/#ch2026010615012"",""ArkUI接口新增仅支持Stage模型的约束"")",entry\src\main\ets\components\layout\MobileHeader.ets:52,未修复,接口定义变更
declare class CommonMethod<T>,ArkTS,7.0.0(26) Beta1,ALL,"=HYPERLINK(""https://developer.huawei.com/consumer/cn/doc/harmonyos-releases/changelogs-for-all-apps-7001/#ch2026010615012"",""ArkUI接口新增仅支持Stage模型的约束"")",entry\src\main\ets\components\layout\MobileHeader.ets:53,未修复,接口定义变更
declare class CommonMethod<T>,ArkTS,7.0.0(26) Beta1,ALL,"=HYPERLINK(""https://developer.huawei.com/consumer/cn/doc/harmonyos-releases/changelogs-for-all-apps-7001/#ch2026010615012"",""ArkUI接口新增仅支持Stage模型的约束"")",entry\src\main\ets\components\layout\MobileHeader.ets:54,未修复,接口定义变更
declare class CommonMethod<T>,ArkTS,7.0.0(26) Beta1,ALL,"=HYPERLINK(""https://developer.huawei.com/consumer/cn/doc/harmonyos-releases/changelogs-for-all-apps-7001/#ch2026010615012"",""ArkUI接口新增仅支持Stage模型的约束"")",entry\src\main\ets\components\layout\MobileHeader.ets:57,未修复,接口定义变更
declare class CommonMethod<T>,ArkTS,7.0.0(26) Beta1,ALL,"=HYPERLINK(""https://developer.huawei.com/consumer/cn/doc/harmonyos-releases/changelogs-for-all-apps-7001/#ch2026010615012"",""ArkUI接口新增仅支持Stage模型的约束"")",entry\src\main\ets\components\layout\MobileHeader.ets:79,未修复,接口定义变更
declare class CommonMethod<T>,ArkTS,7.0.0(26) Beta1,ALL,"=HYPERLINK(""https://developer.huawei.com/consumer/cn/doc/harmonyos-releases/changelogs-for-all-apps-7001/#ch2026010615012"",""ArkUI接口新增仅支持Stage模型的约束"")",entry\src\main\ets\components\layout\MobileHeader.ets:80,未修复,接口定义变更
declare class CommonMethod<T>,ArkTS,7.0.0(26) Beta1,ALL,"=HYPERLINK(""https://developer.huawei.com/consumer/cn/doc/harmonyos-releases/changelogs-for-all-apps-7001/#ch2026010615012"",""ArkUI接口新增仅支持Stage模型的约束"")",entry\src\main\ets\components\layout\MobileHeader.ets:89,未修复,接口定义变更
declare class CommonMethod<T>,ArkTS,7.0.0(26) Beta1,ALL,"=HYPERLINK(""https://developer.huawei.com/consumer/cn/doc/harmonyos-releases/changelogs-for-all-apps-7001/#ch2026010615012"",""ArkUI接口新增仅支持Stage模型的约束"")",entry\src\main\ets\components\layout\MobileHeader.ets:90,未修复,接口定义变更
declare class CommonMethod<T>,ArkTS,7.0.0(26) Beta1,ALL,"=HYPERLINK(""https://developer.huawei.com/consumer/cn/doc/harmonyos-releases/changelogs-for-all-apps-7001/#ch2026010615012"",""ArkUI接口新增仅支持Stage模型的约束"")",entry\src\main\ets\components\layout\MobileHeader.ets:91,未修复,接口定义变更
declare class CommonMethod<T>,ArkTS,7.0.0(26) Beta1,ALL,"=HYPERLINK(""https://developer.huawei.com/consumer/cn/doc/harmonyos-releases/changelogs-for-all-apps-7001/#ch2026010615012"",""ArkUI接口新增仅支持Stage模型的约束"")",entry\src\main\ets\components\layout\MobileHeader.ets:92,未修复,接口定义变更
declare class CommonMethod<T>,ArkTS,7.0.0(26) Beta1,ALL,"=HYPERLINK(""https://developer.huawei.com/consumer/cn/doc/harmonyos-releases/changelogs-for-all-apps-7001/#ch2026010615012"",""ArkUI接口新增仅支持Stage模型的约束"")",entry\src\main\ets\components\layout\MobileHeader.ets:95,未修复,接口定义变更
declare class CommonMethod<T>,ArkTS,7.0.0(26) Beta1,ALL,"=HYPERLINK(""https://developer.huawei.com/consumer/cn/doc/harmonyos-releases/changelogs-for-all-apps-7001/#ch2026010615012"",""ArkUI接口新增仅支持Stage模型的约束"")",entry\src\main\ets\components\layout\MobileMenuSheet.ets:102,未修复,接口定义变更
declare class CommonMethod<T>,ArkTS,7.0.0(26) Beta1,ALL,"=HYPERLINK(""https://developer.huawei.com/consumer/cn/doc/harmonyos-releases/changelogs-for-all-apps-7001/#ch2026010615012"",""ArkUI接口新增仅支持Stage模型的约束"")",entry\src\main\ets\components\layout\MobileMenuSheet.ets:103,未修复,接口定义变更
declare class CommonMethod<T>,ArkTS,7.0.0(26) Beta1,ALL,"=HYPERLINK(""https://developer.huawei.com/consumer/cn/doc/harmonyos-releases/changelogs-for-all-apps-7001/#ch2026010615012"",""ArkUI接口新增仅支持Stage模型的约束"")",entry\src\main\ets\components\layout\MobileMenuSheet.ets:104,未修复,接口定义变更
declare class CommonMethod<T>,ArkTS,7.0.0(26) Beta1,ALL,"=HYPERLINK(""https://developer.huawei.com/consumer/cn/doc/harmonyos-releases/changelogs-for-all-apps-7001/#ch2026010615012"",""ArkUI接口新增仅支持Stage模型的约束"")",entry\src\main\ets\components\layout\MobileMenuSheet.ets:105,未修复,接口定义变更
declare class CommonMethod<T>,ArkTS,7.0.0(26) Beta1,ALL,"=HYPERLINK(""https://developer.huawei.com/consumer/cn/doc/harmonyos-releases/changelogs-for-all-apps-7001/#ch2026010615012"",""ArkUI接口新增仅支持Stage模型的约束"")",entry\src\main\ets\components\layout\MobileMenuSheet.ets:107,未修复,接口定义变更
declare class CommonMethod<T>,ArkTS,7.0.0(26) Beta1,ALL,"=HYPERLINK(""https://developer.huawei.com/consumer/cn/doc/harmonyos-releases/changelogs-for-all-apps-7001/#ch2026010615012"",""ArkUI接口新增仅支持Stage模型的约束"")",entry\src\main\ets\components\layout\MobileMenuSheet.ets:109,未修复,接口定义变更
declare class CommonMethod<T>,ArkTS,7.0.0(26) Beta1,ALL,"=HYPERLINK(""https://developer.huawei.com/consumer/cn/doc/harmonyos-releases/changelogs-for-all-apps-7001/#ch2026010615012"",""ArkUI接口新增仅支持Stage模型的约束"")",entry\src\main\ets\components\layout\MobileMenuSheet.ets:111,未修复,接口定义变更
declare class CommonMethod<T>,ArkTS,7.0.0(26) Beta1,ALL,"=HYPERLINK(""https://developer.huawei.com/consumer/cn/doc/harmonyos-releases/changelogs-for-all-apps-7001/#ch2026010615012"",""ArkUI接口新增仅支持Stage模型的约束"")",entry\src\main\ets\components\layout\MobileMenuSheet.ets:112,未修复,接口定义变更
declare class CommonMethod<T>,ArkTS,7.0.0(26) Beta1,ALL,"=HYPERLINK(""https://developer.huawei.com/consumer/cn/doc/harmonyos-releases/changelogs-for-all-apps-7001/#ch2026010615012"",""ArkUI接口新增仅支持Stage模型的约束"")",entry\src\main\ets\components\layout\MobileMenuSheet.ets:115,未修复,接口定义变更
declare class CommonMethod<T>,ArkTS,7.0.0(26) Beta1,ALL,"=HYPERLINK(""https://developer.huawei.com/consumer/cn/doc/harmonyos-releases/changelogs-for-all-apps-7001/#ch2026010615012"",""ArkUI接口新增仅支持Stage模型的约束"")",entry\src\main\ets\components\layout\MobileMenuSheet.ets:124,未修复,接口定义变更
declare class CommonMethod<T>,ArkTS,7.0.0(26) Beta1,ALL,"=HYPERLINK(""https://developer.huawei.com/consumer/cn/doc/harmonyos-releases/changelogs-for-all-apps-7001/#ch2026010615012"",""ArkUI接口新增仅支持Stage模型的约束"")",entry\src\main\ets\components\layout\MobileMenuSheet.ets:125,未修复,接口定义变更
declare class CommonMethod<T>,ArkTS,7.0.0(26) Beta1,ALL,"=HYPERLINK(""https://developer.huawei.com/consumer/cn/doc/harmonyos-releases/changelogs-for-all-apps-7001/#ch2026010615012"",""ArkUI接口新增仅支持Stage模型的约束"")",entry\src\main\ets\components\layout\MobileMenuSheet.ets:126,未修复,接口定义变更
declare class CommonMethod<T>,ArkTS,7.0.0(26) Beta1,ALL,"=HYPERLINK(""https://developer.huawei.com/consumer/cn/doc/harmonyos-releases/changelogs-for-all-apps-7001/#ch2026010615012"",""ArkUI接口新增仅支持Stage模型的约束"")",entry\src\main\ets\components\layout\MobileMenuSheet.ets:127,未修复,接口定义变更
declare class CommonMethod<T>,ArkTS,7.0.0(26) Beta1,ALL,"=HYPERLINK(""https://developer.huawei.com/consumer/cn/doc/harmonyos-releases/changelogs-for-all-apps-7001/#ch2026010615012"",""ArkUI接口新增仅支持Stage模型的约束"")",entry\src\main\ets\components\layout\MobileMenuSheet.ets:128,未修复,接口定义变更
declare class CommonMethod<T>,ArkTS,7.0.0(26) Beta1,ALL,"=HYPERLINK(""https://developer.huawei.com/consumer/cn/doc/harmonyos-releases/changelogs-for-all-apps-7001/#ch2026010615012"",""ArkUI接口新增仅支持Stage模型的约束"")",entry\src\main\ets\components\layout\MobileMenuSheet.ets:134,未修复,接口定义变更
declare class CommonMethod<T>,ArkTS,7.0.0(26) Beta1,ALL,"=HYPERLINK(""https://developer.huawei.com/consumer/cn/doc/harmonyos-releases/changelogs-for-all-apps-7001/#ch2026010615012"",""ArkUI接口新增仅支持Stage模型的约束"")",entry\src\main\ets\components\layout\MobileMenuSheet.ets:135,未修复,接口定义变更
declare class CommonMethod<T>,ArkTS,7.0.0(26) Beta1,ALL,"=HYPERLINK(""https://developer.huawei.com/consumer/cn/doc/harmonyos-releases/changelogs-for-all-apps-7001/#ch2026010615012"",""ArkUI接口新增仅支持Stage模型的约束"")",entry\src\main\ets\components\layout\MobileMenuSheet.ets:143,未修复,接口定义变更
declare class CommonMethod<T>,ArkTS,7.0.0(26) Beta1,ALL,"=HYPERLINK(""https://developer.huawei.com/consumer/cn/doc/harmonyos-releases/changelogs-for-all-apps-7001/#ch2026010615012"",""ArkUI接口新增仅支持Stage模型的约束"")",entry\src\main\ets\components\layout\MobileMenuSheet.ets:145,未修复,接口定义变更
declare class CommonMethod<T>,ArkTS,7.0.0(26) Beta1,ALL,"=HYPERLINK(""https://developer.huawei.com/consumer/cn/doc/harmonyos-releases/changelogs-for-all-apps-7001/#ch2026010615012"",""ArkUI接口新增仅支持Stage模型的约束"")",entry\src\main\ets\components\layout\MobileMenuSheet.ets:146,未修复,接口定义变更
declare class CommonMethod<T>,ArkTS,7.0.0(26) Beta1,ALL,"=HYPERLINK(""https://developer.huawei.com/consumer/cn/doc/harmonyos-releases/changelogs-for-all-apps-7001/#ch2026010615012"",""ArkUI接口新增仅支持Stage模型的约束"")",entry\src\main\ets\components\layout\MobileMenuSheet.ets:147,未修复,接口定义变更
declare class CommonMethod<T>,ArkTS,7.0.0(26) Beta1,ALL,"=HYPERLINK(""https://developer.huawei.com/consumer/cn/doc/harmonyos-releases/changelogs-for-all-apps-7001/#ch2026010615012"",""ArkUI接口新增仅支持Stage模型的约束"")",entry\src\main\ets\components\layout\MobileMenuSheet.ets:148,未修复,接口定义变更
declare class CommonMethod<T>,ArkTS,7.0.0(26) Beta1,ALL,"=HYPERLINK(""https://developer.huawei.com/consumer/cn/doc/harmonyos-releases/changelogs-for-all-apps-7001/#ch2026010615012"",""ArkUI接口新增仅支持Stage模型的约束"")",entry\src\main\ets\components\layout\MobileMenuSheet.ets:149,未修复,接口定义变更
declare class CommonMethod<T>,ArkTS,7.0.0(26) Beta1,ALL,"=HYPERLINK(""https://developer.huawei.com/consumer/cn/doc/harmonyos-releases/changelogs-for-all-apps-7001/#ch2026010615012"",""ArkUI接口新增仅支持Stage模型的约束"")",entry\src\main\ets\components\layout\MobileMenuSheet.ets:87,未修复,接口定义变更
declare class CommonMethod<T>,ArkTS,7.0.0(26) Beta1,ALL,"=HYPERLINK(""https://developer.huawei.com/consumer/cn/doc/harmonyos-releases/changelogs-for-all-apps-7001/#ch2026010615012"",""ArkUI接口新增仅支持Stage模型的约束"")",entry\src\main\ets\components\layout\MobileMenuSheet.ets:88,未修复,接口定义变更
declare class CommonMethod<T>,ArkTS,7.0.0(26) Beta1,ALL,"=HYPERLINK(""https://developer.huawei.com/consumer/cn/doc/harmonyos-releases/changelogs-for-all-apps-7001/#ch2026010615012"",""ArkUI接口新增仅支持Stage模型的约束"")",entry\src\main\ets\components\layout\MobileMenuSheet.ets:98,未修复,接口定义变更
declare class CommonMethod<T>,ArkTS,7.0.0(26) Beta1,ALL,"=HYPERLINK(""https://developer.huawei.com/consumer/cn/doc/harmonyos-releases/changelogs-for-all-apps-7001/#ch2026010615012"",""ArkUI接口新增仅支持Stage模型的约束"")",entry\src\main\ets\components\layout\Ribbon.ets:100,未修复,接口定义变更
declare class CommonMethod<T>,ArkTS,7.0.0(26) Beta1,ALL,"=HYPERLINK(""https://developer.huawei.com/consumer/cn/doc/harmonyos-releases/changelogs-for-all-apps-7001/#ch2026010615012"",""ArkUI接口新增仅支持Stage模型的约束"")",entry\src\main\ets\components\layout\Ribbon.ets:101,未修复,接口定义变更
declare class CommonMethod<T>,ArkTS,7.0.0(26) Beta1,ALL,"=HYPERLINK(""https://developer.huawei.com/consumer/cn/doc/harmonyos-releases/changelogs-for-all-apps-7001/#ch2026010615012"",""ArkUI接口新增仅支持Stage模型的约束"")",entry\src\main\ets\components\layout\Ribbon.ets:103,未修复,接口定义变更
declare class CommonMethod<T>,ArkTS,7.0.0(26) Beta1,ALL,"=HYPERLINK(""https://developer.huawei.com/consumer/cn/doc/harmonyos-releases/changelogs-for-all-apps-7001/#ch2026010615012"",""ArkUI接口新增仅支持Stage模型的约束"")",entry\src\main\ets\components\layout\Ribbon.ets:106,未修复,接口定义变更
declare class CommonMethod<T>,ArkTS,7.0.0(26) Beta1,ALL,"=HYPERLINK(""https://developer.huawei.com/consumer/cn/doc/harmonyos-releases/changelogs-for-all-apps-7001/#ch2026010615012"",""ArkUI接口新增仅支持Stage模型的约束"")",entry\src\main\ets\components\layout\Ribbon.ets:108,未修复,接口定义变更
declare class CommonMethod<T>,ArkTS,7.0.0(26) Beta1,ALL,"=HYPERLINK(""https://developer.huawei.com/consumer/cn/doc/harmonyos-releases/changelogs-for-all-apps-7001/#ch2026010615012"",""ArkUI接口新增仅支持Stage模型的约束"")",entry\src\main\ets\components\layout\Ribbon.ets:109,未修复,接口定义变更
declare class CommonMethod<T>,ArkTS,7.0.0(26) Beta1,ALL,"=HYPERLINK(""https://developer.huawei.com/consumer/cn/doc/harmonyos-releases/changelogs-for-all-apps-7001/#ch2026010615012"",""ArkUI接口新增仅支持Stage模型的约束"")",entry\src\main\ets\components\layout\Ribbon.ets:112,未修复,接口定义变更
declare class CommonMethod<T>,ArkTS,7.0.0(26) Beta1,ALL,"=HYPERLINK(""https://developer.huawei.com/consumer/cn/doc/harmonyos-releases/changelogs-for-all-apps-7001/#ch2026010615012"",""ArkUI接口新增仅支持Stage模型的约束"")",entry\src\main\ets\components\layout\Ribbon.ets:117,未修复,接口定义变更
declare class CommonMethod<T>,ArkTS,7.0.0(26) Beta1,ALL,"=HYPERLINK(""https://developer.huawei.com/consumer/cn/doc/harmonyos-releases/changelogs-for-all-apps-7001/#ch2026010615012"",""ArkUI接口新增仅支持Stage模型的约束"")",entry\src\main\ets\components\layout\Ribbon.ets:128,未修复,接口定义变更
declare class CommonMethod<T>,ArkTS,7.0.0(26) Beta1,ALL,"=HYPERLINK(""https://developer.huawei.com/consumer/cn/doc/harmonyos-releases/changelogs-for-all-apps-7001/#ch2026010615012"",""ArkUI接口新增仅支持Stage模型的约束"")",entry\src\main\ets\components\layout\Ribbon.ets:129,未修复,接口定义变更
declare class CommonMethod<T>,ArkTS,7.0.0(26) Beta1,ALL,"=HYPERLINK(""https://developer.huawei.com/consumer/cn/doc/harmonyos-releases/changelogs-for-all-apps-7001/#ch2026010615012"",""ArkUI接口新增仅支持Stage模型的约束"")",entry\src\main\ets\components\layout\Ribbon.ets:130,未修复,接口定义变更
declare class CommonMethod<T>,ArkTS,7.0.0(26) Beta1,ALL,"=HYPERLINK(""https://developer.huawei.com/consumer/cn/doc/harmonyos-releases/changelogs-for-all-apps-7001/#ch2026010615012"",""ArkUI接口新增仅支持Stage模型的约束"")",entry\src\main\ets\components\layout\Ribbon.ets:131,未修复,接口定义变更
declare class CommonMethod<T>,ArkTS,7.0.0(26) Beta1,ALL,"=HYPERLINK(""https://developer.huawei.com/consumer/cn/doc/harmonyos-releases/changelogs-for-all-apps-7001/#ch2026010615012"",""ArkUI接口新增仅支持Stage模型的约束"")",entry\src\main\ets\components\layout\Ribbon.ets:132,未修复,接口定义变更
declare class CommonMethod<T>,ArkTS,7.0.0(26) Beta1,ALL,"=HYPERLINK(""https://developer.huawei.com/consumer/cn/doc/harmonyos-releases/changelogs-for-all-apps-7001/#ch2026010615012"",""ArkUI接口新增仅支持Stage模型的约束"")",entry\src\main\ets\components\layout\Ribbon.ets:133,未修复,接口定义变更
declare class CommonMethod<T>,ArkTS,7.0.0(26) Beta1,ALL,"=HYPERLINK(""https://developer.huawei.com/consumer/cn/doc/harmonyos-releases/changelogs-for-all-apps-7001/#ch2026010615012"",""ArkUI接口新增仅支持Stage模型的约束"")",entry\src\main\ets\components\layout\Ribbon.ets:135,未修复,接口定义变更
declare class CommonMethod<T>,ArkTS,7.0.0(26) Beta1,ALL,"=HYPERLINK(""https://developer.huawei.com/consumer/cn/doc/harmonyos-releases/changelogs-for-all-apps-7001/#ch2026010615012"",""ArkUI接口新增仅支持Stage模型的约束"")",entry\src\main\ets\components\layout\Ribbon.ets:136,未修复,接口定义变更
declare class CommonMethod<T>,ArkTS,7.0.0(26) Beta1,ALL,"=HYPERLINK(""https://developer.huawei.com/consumer/cn/doc/harmonyos-releases/changelogs-for-all-apps-7001/#ch2026010615012"",""ArkUI接口新增仅支持Stage模型的约束"")",entry\src\main\ets\components\layout\Ribbon.ets:139,未修复,接口定义变更
declare class CommonMethod<T>,ArkTS,7.0.0(26) Beta1,ALL,"=HYPERLINK(""https://developer.huawei.com/consumer/cn/doc/harmonyos-releases/changelogs-for-all-apps-7001/#ch2026010615012"",""ArkUI接口新增仅支持Stage模型的约束"")",entry\src\main\ets\components\layout\Ribbon.ets:148,未修复,接口定义变更
declare class CommonMethod<T>,ArkTS,7.0.0(26) Beta1,ALL,"=HYPERLINK(""https://developer.huawei.com/consumer/cn/doc/harmonyos-releases/changelogs-for-all-apps-7001/#ch2026010615012"",""ArkUI接口新增仅支持Stage模型的约束"")",entry\src\main\ets\components\layout\Ribbon.ets:149,未修复,接口定义变更
declare class CommonMethod<T>,ArkTS,7.0.0(26) Beta1,ALL,"=HYPERLINK(""https://developer.huawei.com/consumer/cn/doc/harmonyos-releases/changelogs-for-all-apps-7001/#ch2026010615012"",""ArkUI接口新增仅支持Stage模型的约束"")",entry\src\main\ets\components\layout\Ribbon.ets:150,未修复,接口定义变更
declare class CommonMethod<T>,ArkTS,7.0.0(26) Beta1,ALL,"=HYPERLINK(""https://developer.huawei.com/consumer/cn/doc/harmonyos-releases/changelogs-for-all-apps-7001/#ch2026010615012"",""ArkUI接口新增仅支持Stage模型的约束"")",entry\src\main\ets\components\layout\Ribbon.ets:151,未修复,接口定义变更
declare class CommonMethod<T>,ArkTS,7.0.0(26) Beta1,ALL,"=HYPERLINK(""https://developer.huawei.com/consumer/cn/doc/harmonyos-releases/changelogs-for-all-apps-7001/#ch2026010615012"",""ArkUI接口新增仅支持Stage模型的约束"")",entry\src\main\ets\components\layout\Ribbon.ets:152,未修复,接口定义变更
declare class CommonMethod<T>,ArkTS,7.0.0(26) Beta1,ALL,"=HYPERLINK(""https://developer.huawei.com/consumer/cn/doc/harmonyos-releases/changelogs-for-all-apps-7001/#ch2026010615012"",""ArkUI接口新增仅支持Stage模型的约束"")",entry\src\main\ets\components\layout\Ribbon.ets:153,未修复,接口定义变更
declare class CommonMethod<T>,ArkTS,7.0.0(26) Beta1,ALL,"=HYPERLINK(""https://developer.huawei.com/consumer/cn/doc/harmonyos-releases/changelogs-for-all-apps-7001/#ch2026010615012"",""ArkUI接口新增仅支持Stage模型的约束"")",entry\src\main\ets\components\layout\Ribbon.ets:155,未修复,接口定义变更
declare class CommonMethod<T>,ArkTS,7.0.0(26) Beta1,ALL,"=HYPERLINK(""https://developer.huawei.com/consumer/cn/doc/harmonyos-releases/changelogs-for-all-apps-7001/#ch2026010615012"",""ArkUI接口新增仅支持Stage模型的约束"")",entry\src\main\ets\components\layout\Ribbon.ets:156,未修复,接口定义变更
declare class CommonMethod<T>,ArkTS,7.0.0(26) Beta1,ALL,"=HYPERLINK(""https://developer.huawei.com/consumer/cn/doc/harmonyos-releases/changelogs-for-all-apps-7001/#ch2026010615012"",""ArkUI接口新增仅支持Stage模型的约束"")",entry\src\main\ets\components\layout\Ribbon.ets:159,未修复,接口定义变更
declare class CommonMethod<T>,ArkTS,7.0.0(26) Beta1,ALL,"=HYPERLINK(""https://developer.huawei.com/consumer/cn/doc/harmonyos-releases/changelogs-for-all-apps-7001/#ch2026010615012"",""ArkUI接口新增仅支持Stage模型的约束"")",entry\src\main\ets\components\layout\Ribbon.ets:163,未修复,接口定义变更
declare class CommonMethod<T>,ArkTS,7.0.0(26) Beta1,ALL,"=HYPERLINK(""https://developer.huawei.com/consumer/cn/doc/harmonyos-releases/changelogs-for-all-apps-7001/#ch2026010615012"",""ArkUI接口新增仅支持Stage模型的约束"")",entry\src\main\ets\components\layout\Ribbon.ets:165,未修复,接口定义变更
declare class CommonMethod<T>,ArkTS,7.0.0(26) Beta1,ALL,"=HYPERLINK(""https://developer.huawei.com/consumer/cn/doc/harmonyos-releases/changelogs-for-all-apps-7001/#ch2026010615012"",""ArkUI接口新增仅支持Stage模型的约束"")",entry\src\main\ets\components\layout\Ribbon.ets:166,未修复,接口定义变更
declare class CommonMethod<T>,ArkTS,7.0.0(26) Beta1,ALL,"=HYPERLINK(""https://developer.huawei.com/consumer/cn/doc/harmonyos-releases/changelogs-for-all-apps-7001/#ch2026010615012"",""ArkUI接口新增仅支持Stage模型的约束"")",entry\src\main\ets\components\layout\Ribbon.ets:167,未修复,接口定义变更
declare class CommonMethod<T>,ArkTS,7.0.0(26) Beta1,ALL,"=HYPERLINK(""https://developer.huawei.com/consumer/cn/doc/harmonyos-releases/changelogs-for-all-apps-7001/#ch2026010615012"",""ArkUI接口新增仅支持Stage模型的约束"")",entry\src\main\ets\components\layout\Ribbon.ets:169,未修复,接口定义变更
declare class CommonMethod<T>,ArkTS,7.0.0(26) Beta1,ALL,"=HYPERLINK(""https://developer.huawei.com/consumer/cn/doc/harmonyos-releases/changelogs-for-all-apps-7001/#ch2026010615012"",""ArkUI接口新增仅支持Stage模型的约束"")",entry\src\main\ets\components\layout\Ribbon.ets:170,未修复,接口定义变更
declare class CommonMethod<T>,ArkTS,7.0.0(26) Beta1,ALL,"=HYPERLINK(""https://developer.huawei.com/consumer/cn/doc/harmonyos-releases/changelogs-for-all-apps-7001/#ch2026010615012"",""ArkUI接口新增仅支持Stage模型的约束"")",entry\src\main\ets\components\layout\Ribbon.ets:98,未修复,接口定义变更
declare class CommonMethod<T>,ArkTS,7.0.0(26) Beta1,ALL,"=HYPERLINK(""https://developer.huawei.com/consumer/cn/doc/harmonyos-releases/changelogs-for-all-apps-7001/#ch2026010615012"",""ArkUI接口新增仅支持Stage模型的约束"")",entry\src\main\ets\components\layout\Ribbon.ets:99,未修复,接口定义变更
declare class CommonMethod<T>,ArkTS,7.0.0(26) Beta1,ALL,"=HYPERLINK(""https://developer.huawei.com/consumer/cn/doc/harmonyos-releases/changelogs-for-all-apps-7001/#ch2026010615012"",""ArkUI接口新增仅支持Stage模型的约束"")",entry\src\main\ets\components\layout\StatusBar.ets:114,未修复,接口定义变更
declare class CommonMethod<T>,ArkTS,7.0.0(26) Beta1,ALL,"=HYPERLINK(""https://developer.huawei.com/consumer/cn/doc/harmonyos-releases/changelogs-for-all-apps-7001/#ch2026010615012"",""ArkUI接口新增仅支持Stage模型的约束"")",entry\src\main\ets\components\layout\StatusBar.ets:117,未修复,接口定义变更
declare class CommonMethod<T>,ArkTS,7.0.0(26) Beta1,ALL,"=HYPERLINK(""https://developer.huawei.com/consumer/cn/doc/harmonyos-releases/changelogs-for-all-apps-7001/#ch2026010615012"",""ArkUI接口新增仅支持Stage模型的约束"")",entry\src\main\ets\components\layout\StatusBar.ets:143,未修复,接口定义变更
declare class CommonMethod<T>,ArkTS,7.0.0(26) Beta1,ALL,"=HYPERLINK(""https://developer.huawei.com/consumer/cn/doc/harmonyos-releases/changelogs-for-all-apps-7001/#ch2026010615012"",""ArkUI接口新增仅支持Stage模型的约束"")",entry\src\main\ets\components\layout\StatusBar.ets:145,未修复,接口定义变更
declare class CommonMethod<T>,ArkTS,7.0.0(26) Beta1,ALL,"=HYPERLINK(""https://developer.huawei.com/consumer/cn/doc/harmonyos-releases/changelogs-for-all-apps-7001/#ch2026010615012"",""ArkUI接口新增仅支持Stage模型的约束"")",entry\src\main\ets\components\layout\StatusBar.ets:146,未修复,接口定义变更
declare class CommonMethod<T>,ArkTS,7.0.0(26) Beta1,ALL,"=HYPERLINK(""https://developer.huawei.com/consumer/cn/doc/harmonyos-releases/changelogs-for-all-apps-7001/#ch2026010615012"",""ArkUI接口新增仅支持Stage模型的约束"")",entry\src\main\ets\components\layout\StatusBar.ets:147,未修复,接口定义变更
declare class CommonMethod<T>,ArkTS,7.0.0(26) Beta1,ALL,"=HYPERLINK(""https://developer.huawei.com/consumer/cn/doc/harmonyos-releases/changelogs-for-all-apps-7001/#ch2026010615012"",""ArkUI接口新增仅支持Stage模型的约束"")",entry\src\main\ets\components\layout\StatusBar.ets:148,未修复,接口定义变更
declare class CommonMethod<T>,ArkTS,7.0.0(26) Beta1,ALL,"=HYPERLINK(""https://developer.huawei.com/consumer/cn/doc/harmonyos-releases/changelogs-for-all-apps-7001/#ch2026010615012"",""ArkUI接口新增仅支持Stage模型的约束"")",entry\src\main\ets\components\layout\StatusBar.ets:149,未修复,接口定义变更
declare class CommonMethod<T>,ArkTS,7.0.0(26) Beta1,ALL,"=HYPERLINK(""https://developer.huawei.com/consumer/cn/doc/harmonyos-releases/changelogs-for-all-apps-7001/#ch2026010615012"",""ArkUI接口新增仅支持Stage模型的约束"")",entry\src\main\ets\components\layout\TabBar.ets:102,未修复,接口定义变更
declare class CommonMethod<T>,ArkTS,7.0.0(26) Beta1,ALL,"=HYPERLINK(""https://developer.huawei.com/consumer/cn/doc/harmonyos-releases/changelogs-for-all-apps-7001/#ch2026010615012"",""ArkUI接口新增仅支持Stage模型的约束"")",entry\src\main\ets\components\layout\TabBar.ets:104,未修复,接口定义变更
declare class CommonMethod<T>,ArkTS,7.0.0(26) Beta1,ALL,"=HYPERLINK(""https://developer.huawei.com/consumer/cn/doc/harmonyos-releases/changelogs-for-all-apps-7001/#ch2026010615012"",""ArkUI接口新增仅支持Stage模型的约束"")",entry\src\main\ets\components\layout\TabBar.ets:105,未修复,接口定义变更
declare class CommonMethod<T>,ArkTS,7.0.0(26) Beta1,ALL,"=HYPERLINK(""https://developer.huawei.com/consumer/cn/doc/harmonyos-releases/changelogs-for-all-apps-7001/#ch2026010615012"",""ArkUI接口新增仅支持Stage模型的约束"")",entry\src\main\ets\components\layout\TabBar.ets:106,未修复,接口定义变更
declare class CommonMethod<T>,ArkTS,7.0.0(26) Beta1,ALL,"=HYPERLINK(""https://developer.huawei.com/consumer/cn/doc/harmonyos-releases/changelogs-for-all-apps-7001/#ch2026010615012"",""ArkUI接口新增仅支持Stage模型的约束"")",entry\src\main\ets\components\layout\TabBar.ets:108,未修复,接口定义变更
declare class CommonMethod<T>,ArkTS,7.0.0(26) Beta1,ALL,"=HYPERLINK(""https://developer.huawei.com/consumer/cn/doc/harmonyos-releases/changelogs-for-all-apps-7001/#ch2026010615012"",""ArkUI接口新增仅支持Stage模型的约束"")",entry\src\main\ets\components\layout\TabBar.ets:111,未修复,接口定义变更
declare class CommonMethod<T>,ArkTS,7.0.0(26) Beta1,ALL,"=HYPERLINK(""https://developer.huawei.com/consumer/cn/doc/harmonyos-releases/changelogs-for-all-apps-7001/#ch2026010615012"",""ArkUI接口新增仅支持Stage模型的约束"")",entry\src\main\ets\components\layout\TabBar.ets:126,未修复,接口定义变更
declare class CommonMethod<T>,ArkTS,7.0.0(26) Beta1,ALL,"=HYPERLINK(""https://developer.huawei.com/consumer/cn/doc/harmonyos-releases/changelogs-for-all-apps-7001/#ch2026010615012"",""ArkUI接口新增仅支持Stage模型的约束"")",entry\src\main\ets\components\layout\TabBar.ets:127,未修复,接口定义变更
declare class CommonMethod<T>,ArkTS,7.0.0(26) Beta1,ALL,"=HYPERLINK(""https://developer.huawei.com/consumer/cn/doc/harmonyos-releases/changelogs-for-all-apps-7001/#ch2026010615012"",""ArkUI接口新增仅支持Stage模型的约束"")",entry\src\main\ets\components\layout\TabBar.ets:130,未修复,接口定义变更
declare class CommonMethod<T>,ArkTS,7.0.0(26) Beta1,ALL,"=HYPERLINK(""https://developer.huawei.com/consumer/cn/doc/harmonyos-releases/changelogs-for-all-apps-7001/#ch2026010615012"",""ArkUI接口新增仅支持Stage模型的约束"")",entry\src\main\ets\components\layout\TabBar.ets:135,未修复,接口定义变更
declare class CommonMethod<T>,ArkTS,7.0.0(26) Beta1,ALL,"=HYPERLINK(""https://developer.huawei.com/consumer/cn/doc/harmonyos-releases/changelogs-for-all-apps-7001/#ch2026010615012"",""ArkUI接口新增仅支持Stage模型的约束"")",entry\src\main\ets\components\layout\TabBar.ets:143,未修复,接口定义变更
declare class CommonMethod<T>,ArkTS,7.0.0(26) Beta1,ALL,"=HYPERLINK(""https://developer.huawei.com/consumer/cn/doc/harmonyos-releases/changelogs-for-all-apps-7001/#ch2026010615012"",""ArkUI接口新增仅支持Stage模型的约束"")",entry\src\main\ets\components\layout\TabBar.ets:145,未修复,接口定义变更
declare class CommonMethod<T>,ArkTS,7.0.0(26) Beta1,ALL,"=HYPERLINK(""https://developer.huawei.com/consumer/cn/doc/harmonyos-releases/changelogs-for-all-apps-7001/#ch2026010615012"",""ArkUI接口新增仅支持Stage模型的约束"")",entry\src\main\ets\components\layout\TabBar.ets:146,未修复,接口定义变更
declare class CommonMethod<T>,ArkTS,7.0.0(26) Beta1,ALL,"=HYPERLINK(""https://developer.huawei.com/consumer/cn/doc/harmonyos-releases/changelogs-for-all-apps-7001/#ch2026010615012"",""ArkUI接口新增仅支持Stage模型的约束"")",entry\src\main\ets\components\layout\TabBar.ets:147,未修复,接口定义变更
declare class CommonMethod<T>,ArkTS,7.0.0(26) Beta1,ALL,"=HYPERLINK(""https://developer.huawei.com/consumer/cn/doc/harmonyos-releases/changelogs-for-all-apps-7001/#ch2026010615012"",""ArkUI接口新增仅支持Stage模型的约束"")",entry\src\main\ets\components\layout\TabBar.ets:148,未修复,接口定义变更
declare class CommonMethod<T>,ArkTS,7.0.0(26) Beta1,ALL,"=HYPERLINK(""https://developer.huawei.com/consumer/cn/doc/harmonyos-releases/changelogs-for-all-apps-7001/#ch2026010615012"",""ArkUI接口新增仅支持Stage模型的约束"")",entry\src\main\ets\components\layout\TabBar.ets:150,未修复,接口定义变更
declare class CommonMethod<T>,ArkTS,7.0.0(26) Beta1,ALL,"=HYPERLINK(""https://developer.huawei.com/consumer/cn/doc/harmonyos-releases/changelogs-for-all-apps-7001/#ch2026010615012"",""ArkUI接口新增仅支持Stage模型的约束"")",entry\src\main\ets\components\layout\TabBar.ets:152,未修复,接口定义变更
declare class CommonMethod<T>,ArkTS,7.0.0(26) Beta1,ALL,"=HYPERLINK(""https://developer.huawei.com/consumer/cn/doc/harmonyos-releases/changelogs-for-all-apps-7001/#ch2026010615012"",""ArkUI接口新增仅支持Stage模型的约束"")",entry\src\main\ets\components\layout\TabBar.ets:154,未修复,接口定义变更
declare class CommonMethod<T>,ArkTS,7.0.0(26) Beta1,ALL,"=HYPERLINK(""https://developer.huawei.com/consumer/cn/doc/harmonyos-releases/changelogs-for-all-apps-7001/#ch2026010615012"",""ArkUI接口新增仅支持Stage模型的约束"")",entry\src\main\ets\components\layout\TabBar.ets:155,未修复,接口定义变更
declare class CommonMethod<T>,ArkTS,7.0.0(26) Beta1,ALL,"=HYPERLINK(""https://developer.huawei.com/consumer/cn/doc/harmonyos-releases/changelogs-for-all-apps-7001/#ch2026010615012"",""ArkUI接口新增仅支持Stage模型的约束"")",entry\src\main\ets\components\layout\TabBar.ets:158,未修复,接口定义变更
declare class CommonMethod<T>,ArkTS,7.0.0(26) Beta1,ALL,"=HYPERLINK(""https://developer.huawei.com/consumer/cn/doc/harmonyos-releases/changelogs-for-all-apps-7001/#ch2026010615012"",""ArkUI接口新增仅支持Stage模型的约束"")",entry\src\main\ets\components\layout\TabBar.ets:167,未修复,接口定义变更
declare class CommonMethod<T>,ArkTS,7.0.0(26) Beta1,ALL,"=HYPERLINK(""https://developer.huawei.com/consumer/cn/doc/harmonyos-releases/changelogs-for-all-apps-7001/#ch2026010615012"",""ArkUI接口新增仅支持Stage模型的约束"")",entry\src\main\ets\components\layout\TabBar.ets:168,未修复,接口定义变更
declare class CommonMethod<T>,ArkTS,7.0.0(26) Beta1,ALL,"=HYPERLINK(""https://developer.huawei.com/consumer/cn/doc/harmonyos-releases/changelogs-for-all-apps-7001/#ch2026010615012"",""ArkUI接口新增仅支持Stage模型的约束"")",entry\src\main\ets\components\layout\TabBar.ets:169,未修复,接口定义变更
declare class CommonMethod<T>,ArkTS,7.0.0(26) Beta1,ALL,"=HYPERLINK(""https://developer.huawei.com/consumer/cn/doc/harmonyos-releases/changelogs-for-all-apps-7001/#ch2026010615012"",""ArkUI接口新增仅支持Stage模型的约束"")",entry\src\main\ets\components\layout\TabBar.ets:170,未修复,接口定义变更
declare class CommonMethod<T>,ArkTS,7.0.0(26) Beta1,ALL,"=HYPERLINK(""https://developer.huawei.com/consumer/cn/doc/harmonyos-releases/changelogs-for-all-apps-7001/#ch2026010615012"",""ArkUI接口新增仅支持Stage模型的约束"")",entry\src\main\ets\components\layout\TabBar.ets:171,未修复,接口定义变更
declare class CommonMethod<T>,ArkTS,7.0.0(26) Beta1,ALL,"=HYPERLINK(""https://developer.huawei.com/consumer/cn/doc/harmonyos-releases/changelogs-for-all-apps-7001/#ch2026010615012"",""ArkUI接口新增仅支持Stage模型的约束"")",entry\src\main\ets\components\layout\TabBar.ets:173,未修复,接口定义变更
declare class CommonMethod<T>,ArkTS,7.0.0(26) Beta1,ALL,"=HYPERLINK(""https://developer.huawei.com/consumer/cn/doc/harmonyos-releases/changelogs-for-all-apps-7001/#ch2026010615012"",""ArkUI接口新增仅支持Stage模型的约束"")",entry\src\main\ets\components\layout\TabBar.ets:175,未修复,接口定义变更
declare class CommonMethod<T>,ArkTS,7.0.0(26) Beta1,ALL,"=HYPERLINK(""https://developer.huawei.com/consumer/cn/doc/harmonyos-releases/changelogs-for-all-apps-7001/#ch2026010615012"",""ArkUI接口新增仅支持Stage模型的约束"")",entry\src\main\ets\components\layout\TabBar.ets:177,未修复,接口定义变更
declare class CommonMethod<T>,ArkTS,7.0.0(26) Beta1,ALL,"=HYPERLINK(""https://developer.huawei.com/consumer/cn/doc/harmonyos-releases/changelogs-for-all-apps-7001/#ch2026010615012"",""ArkUI接口新增仅支持Stage模型的约束"")",entry\src\main\ets\components\layout\TabBar.ets:178,未修复,接口定义变更
declare class CommonMethod<T>,ArkTS,7.0.0(26) Beta1,ALL,"=HYPERLINK(""https://developer.huawei.com/consumer/cn/doc/harmonyos-releases/changelogs-for-all-apps-7001/#ch2026010615012"",""ArkUI接口新增仅支持Stage模型的约束"")",entry\src\main\ets\components\layout\TabBar.ets:181,未修复,接口定义变更
declare class CommonMethod<T>,ArkTS,7.0.0(26) Beta1,ALL,"=HYPERLINK(""https://developer.huawei.com/consumer/cn/doc/harmonyos-releases/changelogs-for-all-apps-7001/#ch2026010615012"",""ArkUI接口新增仅支持Stage模型的约束"")",entry\src\main\ets\components\layout\TabBar.ets:183,未修复,接口定义变更
declare class CommonMethod<T>,ArkTS,7.0.0(26) Beta1,ALL,"=HYPERLINK(""https://developer.huawei.com/consumer/cn/doc/harmonyos-releases/changelogs-for-all-apps-7001/#ch2026010615012"",""ArkUI接口新增仅支持Stage模型的约束"")",entry\src\main\ets\components\layout\TabBar.ets:184,未修复,接口定义变更
declare class CommonMethod<T>,ArkTS,7.0.0(26) Beta1,ALL,"=HYPERLINK(""https://developer.huawei.com/consumer/cn/doc/harmonyos-releases/changelogs-for-all-apps-7001/#ch2026010615012"",""ArkUI接口新增仅支持Stage模型的约束"")",entry\src\main\ets\components\layout\TabBar.ets:185,未修复,接口定义变更
declare class CommonMethod<T>,ArkTS,7.0.0(26) Beta1,ALL,"=HYPERLINK(""https://developer.huawei.com/consumer/cn/doc/harmonyos-releases/changelogs-for-all-apps-7001/#ch2026010615012"",""ArkUI接口新增仅支持Stage模型的约束"")",entry\src\main\ets\components\layout\TabBar.ets:186,未修复,接口定义变更
declare class CommonMethod<T>,ArkTS,7.0.0(26) Beta1,ALL,"=HYPERLINK(""https://developer.huawei.com/consumer/cn/doc/harmonyos-releases/changelogs-for-all-apps-7001/#ch2026010615012"",""ArkUI接口新增仅支持Stage模型的约束"")",entry\src\main\ets\components\layout\TabBar.ets:187,未修复,接口定义变更
declare class CommonMethod<T>,ArkTS,7.0.0(26) Beta1,ALL,"=HYPERLINK(""https://developer.huawei.com/consumer/cn/doc/harmonyos-releases/changelogs-for-all-apps-7001/#ch2026010615012"",""ArkUI接口新增仅支持Stage模型的约束"")",entry\src\main\ets\components\layout\TabBar.ets:198,未修复,接口定义变更
declare class CommonMethod<T>,ArkTS,7.0.0(26) Beta1,ALL,"=HYPERLINK(""https://developer.huawei.com/consumer/cn/doc/harmonyos-releases/changelogs-for-all-apps-7001/#ch2026010615012"",""ArkUI接口新增仅支持Stage模型的约束"")",entry\src\main\ets\components\layout\TabBar.ets:204,未修复,接口定义变更
declare class CommonMethod<T>,ArkTS,7.0.0(26) Beta1,ALL,"=HYPERLINK(""https://developer.huawei.com/consumer/cn/doc/harmonyos-releases/changelogs-for-all-apps-7001/#ch2026010615012"",""ArkUI接口新增仅支持Stage模型的约束"")",entry\src\main\ets\components\layout\TabBar.ets:210,未修复,接口定义变更
declare class CommonMethod<T>,ArkTS,7.0.0(26) Beta1,ALL,"=HYPERLINK(""https://developer.huawei.com/consumer/cn/doc/harmonyos-releases/changelogs-for-all-apps-7001/#ch2026010615012"",""ArkUI接口新增仅支持Stage模型的约束"")",entry\src\main\ets\components\layout\TabBar.ets:62,未修复,接口定义变更
declare class CommonMethod<T>,ArkTS,7.0.0(26) Beta1,ALL,"=HYPERLINK(""https://developer.huawei.com/consumer/cn/doc/harmonyos-releases/changelogs-for-all-apps-7001/#ch2026010615012"",""ArkUI接口新增仅支持Stage模型的约束"")",entry\src\main\ets\components\layout\TabBar.ets:73,未修复,接口定义变更
declare class CommonMethod<T>,ArkTS,7.0.0(26) Beta1,ALL,"=HYPERLINK(""https://developer.huawei.com/consumer/cn/doc/harmonyos-releases/changelogs-for-all-apps-7001/#ch2026010615012"",""ArkUI接口新增仅支持Stage模型的约束"")",entry\src\main\ets\components\layout\TabBar.ets:74,未修复,接口定义变更
declare class CommonMethod<T>,ArkTS,7.0.0(26) Beta1,ALL,"=HYPERLINK(""https://developer.huawei.com/consumer/cn/doc/harmonyos-releases/changelogs-for-all-apps-7001/#ch2026010615012"",""ArkUI接口新增仅支持Stage模型的约束"")",entry\src\main\ets\components\layout\TabBar.ets:75,未修复,接口定义变更
declare class CommonMethod<T>,ArkTS,7.0.0(26) Beta1,ALL,"=HYPERLINK(""https://developer.huawei.com/consumer/cn/doc/harmonyos-releases/changelogs-for-all-apps-7001/#ch2026010615012"",""ArkUI接口新增仅支持Stage模型的约束"")",entry\src\main\ets\components\layout\TabBar.ets:77,未修复,接口定义变更
declare class CommonMethod<T>,ArkTS,7.0.0(26) Beta1,ALL,"=HYPERLINK(""https://developer.huawei.com/consumer/cn/doc/harmonyos-releases/changelogs-for-all-apps-7001/#ch2026010615012"",""ArkUI接口新增仅支持Stage模型的约束"")",entry\src\main\ets\components\layout\TabBar.ets:78,未修复,接口定义变更
declare class CommonMethod<T>,ArkTS,7.0.0(26) Beta1,ALL,"=HYPERLINK(""https://developer.huawei.com/consumer/cn/doc/harmonyos-releases/changelogs-for-all-apps-7001/#ch2026010615012"",""ArkUI接口新增仅支持Stage模型的约束"")",entry\src\main\ets\components\layout\TabBar.ets:79,未修复,接口定义变更
declare class CommonMethod<T>,ArkTS,7.0.0(26) Beta1,ALL,"=HYPERLINK(""https://developer.huawei.com/consumer/cn/doc/harmonyos-releases/changelogs-for-all-apps-7001/#ch2026010615012"",""ArkUI接口新增仅支持Stage模型的约束"")",entry\src\main\ets\components\layout\TabBar.ets:80,未修复,接口定义变更
declare class CommonMethod<T>,ArkTS,7.0.0(26) Beta1,ALL,"=HYPERLINK(""https://developer.huawei.com/consumer/cn/doc/harmonyos-releases/changelogs-for-all-apps-7001/#ch2026010615012"",""ArkUI接口新增仅支持Stage模型的约束"")",entry\src\main\ets\components\layout\TabBar.ets:83,未修复,接口定义变更
declare class CommonMethod<T>,ArkTS,7.0.0(26) Beta1,ALL,"=HYPERLINK(""https://developer.huawei.com/consumer/cn/doc/harmonyos-releases/changelogs-for-all-apps-7001/#ch2026010615012"",""ArkUI接口新增仅支持Stage模型的约束"")",entry\src\main\ets\components\layout\TabBar.ets:87,未修复,接口定义变更
declare class CommonMethod<T>,ArkTS,7.0.0(26) Beta1,ALL,"=HYPERLINK(""https://developer.huawei.com/consumer/cn/doc/harmonyos-releases/changelogs-for-all-apps-7001/#ch2026010615012"",""ArkUI接口新增仅支持Stage模型的约束"")",entry\src\main\ets\components\layout\TabBar.ets:90,未修复,接口定义变更
declare class CommonMethod<T>,ArkTS,7.0.0(26) Beta1,ALL,"=HYPERLINK(""https://developer.huawei.com/consumer/cn/doc/harmonyos-releases/changelogs-for-all-apps-7001/#ch2026010615012"",""ArkUI接口新增仅支持Stage模型的约束"")",entry\src\main\ets\components\layout\TabBar.ets:93,未修复,接口定义变更
declare class CommonMethod<T>,ArkTS,7.0.0(26) Beta1,ALL,"=HYPERLINK(""https://developer.huawei.com/consumer/cn/doc/harmonyos-releases/changelogs-for-all-apps-7001/#ch2026010615012"",""ArkUI接口新增仅支持Stage模型的约束"")",entry\src\main\ets\components\layout\TabBar.ets:94,未修复,接口定义变更
declare class CommonMethod<T>,ArkTS,7.0.0(26) Beta1,ALL,"=HYPERLINK(""https://developer.huawei.com/consumer/cn/doc/harmonyos-releases/changelogs-for-all-apps-7001/#ch2026010615012"",""ArkUI接口新增仅支持Stage模型的约束"")",entry\src\main\ets\components\layout\TabBar.ets:95,未修复,接口定义变更
declare class CommonMethod<T>,ArkTS,7.0.0(26) Beta1,ALL,"=HYPERLINK(""https://developer.huawei.com/consumer/cn/doc/harmonyos-releases/changelogs-for-all-apps-7001/#ch2026010615012"",""ArkUI接口新增仅支持Stage模型的约束"")",entry\src\main\ets\components\layout\TabBar.ets:96,未修复,接口定义变更
declare class CommonMethod<T>,ArkTS,7.0.0(26) Beta1,ALL,"=HYPERLINK(""https://developer.huawei.com/consumer/cn/doc/harmonyos-releases/changelogs-for-all-apps-7001/#ch2026010615012"",""ArkUI接口新增仅支持Stage模型的约束"")",entry\src\main\ets\components\layout\TabBar.ets:98,未修复,接口定义变更
declare class CommonMethod<T>,ArkTS,7.0.0(26) Beta1,ALL,"=HYPERLINK(""https://developer.huawei.com/consumer/cn/doc/harmonyos-releases/changelogs-for-all-apps-7001/#ch2026010615012"",""ArkUI接口新增仅支持Stage模型的约束"")",entry\src\main\ets\components\layout\TabOverviewSheet.ets:100,未修复,接口定义变更
declare class CommonMethod<T>,ArkTS,7.0.0(26) Beta1,ALL,"=HYPERLINK(""https://developer.huawei.com/consumer/cn/doc/harmonyos-releases/changelogs-for-all-apps-7001/#ch2026010615012"",""ArkUI接口新增仅支持Stage模型的约束"")",entry\src\main\ets\components\layout\TabOverviewSheet.ets:110,未修复,接口定义变更
declare class CommonMethod<T>,ArkTS,7.0.0(26) Beta1,ALL,"=HYPERLINK(""https://developer.huawei.com/consumer/cn/doc/harmonyos-releases/changelogs-for-all-apps-7001/#ch2026010615012"",""ArkUI接口新增仅支持Stage模型的约束"")",entry\src\main\ets\components\layout\TabOverviewSheet.ets:111,未修复,接口定义变更
declare class CommonMethod<T>,ArkTS,7.0.0(26) Beta1,ALL,"=HYPERLINK(""https://developer.huawei.com/consumer/cn/doc/harmonyos-releases/changelogs-for-all-apps-7001/#ch2026010615012"",""ArkUI接口新增仅支持Stage模型的约束"")",entry\src\main\ets\components\layout\TabOverviewSheet.ets:112,未修复,接口定义变更
declare class CommonMethod<T>,ArkTS,7.0.0(26) Beta1,ALL,"=HYPERLINK(""https://developer.huawei.com/consumer/cn/doc/harmonyos-releases/changelogs-for-all-apps-7001/#ch2026010615012"",""ArkUI接口新增仅支持Stage模型的约束"")",entry\src\main\ets\components\layout\TabOverviewSheet.ets:132,未修复,接口定义变更
declare class CommonMethod<T>,ArkTS,7.0.0(26) Beta1,ALL,"=HYPERLINK(""https://developer.huawei.com/consumer/cn/doc/harmonyos-releases/changelogs-for-all-apps-7001/#ch2026010615012"",""ArkUI接口新增仅支持Stage模型的约束"")",entry\src\main\ets\components\layout\TabOverviewSheet.ets:133,未修复,接口定义变更
declare class CommonMethod<T>,ArkTS,7.0.0(26) Beta1,ALL,"=HYPERLINK(""https://developer.huawei.com/consumer/cn/doc/harmonyos-releases/changelogs-for-all-apps-7001/#ch2026010615012"",""ArkUI接口新增仅支持Stage模型的约束"")",entry\src\main\ets\components\layout\TabOverviewSheet.ets:136,未修复,接口定义变更
declare class CommonMethod<T>,ArkTS,7.0.0(26) Beta1,ALL,"=HYPERLINK(""https://developer.huawei.com/consumer/cn/doc/harmonyos-releases/changelogs-for-all-apps-7001/#ch2026010615012"",""ArkUI接口新增仅支持Stage模型的约束"")",entry\src\main\ets\components\layout\TabOverviewSheet.ets:140,未修复,接口定义变更
declare class CommonMethod<T>,ArkTS,7.0.0(26) Beta1,ALL,"=HYPERLINK(""https://developer.huawei.com/consumer/cn/doc/harmonyos-releases/changelogs-for-all-apps-7001/#ch2026010615012"",""ArkUI接口新增仅支持Stage模型的约束"")",entry\src\main\ets\components\layout\TabOverviewSheet.ets:141,未修复,接口定义变更
declare class CommonMethod<T>,ArkTS,7.0.0(26) Beta1,ALL,"=HYPERLINK(""https://developer.huawei.com/consumer/cn/doc/harmonyos-releases/changelogs-for-all-apps-7001/#ch2026010615012"",""ArkUI接口新增仅支持Stage模型的约束"")",entry\src\main\ets\components\layout\TabOverviewSheet.ets:142,未修复,接口定义变更
declare class CommonMethod<T>,ArkTS,7.0.0(26) Beta1,ALL,"=HYPERLINK(""https://developer.huawei.com/consumer/cn/doc/harmonyos-releases/changelogs-for-all-apps-7001/#ch2026010615012"",""ArkUI接口新增仅支持Stage模型的约束"")",entry\src\main\ets\components\layout\TabOverviewSheet.ets:145,未修复,接口定义变更
declare class CommonMethod<T>,ArkTS,7.0.0(26) Beta1,ALL,"=HYPERLINK(""https://developer.huawei.com/consumer/cn/doc/harmonyos-releases/changelogs-for-all-apps-7001/#ch2026010615012"",""ArkUI接口新增仅支持Stage模型的约束"")",entry\src\main\ets\components\layout\TabOverviewSheet.ets:146,未修复,接口定义变更
declare class CommonMethod<T>,ArkTS,7.0.0(26) Beta1,ALL,"=HYPERLINK(""https://developer.huawei.com/consumer/cn/doc/harmonyos-releases/changelogs-for-all-apps-7001/#ch2026010615012"",""ArkUI接口新增仅支持Stage模型的约束"")",entry\src\main\ets\components\layout\TabOverviewSheet.ets:147,未修复,接口定义变更
declare class CommonMethod<T>,ArkTS,7.0.0(26) Beta1,ALL,"=HYPERLINK(""https://developer.huawei.com/consumer/cn/doc/harmonyos-releases/changelogs-for-all-apps-7001/#ch2026010615012"",""ArkUI接口新增仅支持Stage模型的约束"")",entry\src\main\ets\components\layout\TabOverviewSheet.ets:148,未修复,接口定义变更
declare class CommonMethod<T>,ArkTS,7.0.0(26) Beta1,ALL,"=HYPERLINK(""https://developer.huawei.com/consumer/cn/doc/harmonyos-releases/changelogs-for-all-apps-7001/#ch2026010615012"",""ArkUI接口新增仅支持Stage模型的约束"")",entry\src\main\ets\components\layout\TabOverviewSheet.ets:149,未修复,接口定义变更
declare class CommonMethod<T>,ArkTS,7.0.0(26) Beta1,ALL,"=HYPERLINK(""https://developer.huawei.com/consumer/cn/doc/harmonyos-releases/changelogs-for-all-apps-7001/#ch2026010615012"",""ArkUI接口新增仅支持Stage模型的约束"")",entry\src\main\ets\components\layout\TabOverviewSheet.ets:150,未修复,接口定义变更
declare class CommonMethod<T>,ArkTS,7.0.0(26) Beta1,ALL,"=HYPERLINK(""https://developer.huawei.com/consumer/cn/doc/harmonyos-releases/changelogs-for-all-apps-7001/#ch2026010615012"",""ArkUI接口新增仅支持Stage模型的约束"")",entry\src\main\ets\components\layout\TabOverviewSheet.ets:57,未修复,接口定义变更
declare class CommonMethod<T>,ArkTS,7.0.0(26) Beta1,ALL,"=HYPERLINK(""https://developer.huawei.com/consumer/cn/doc/harmonyos-releases/changelogs-for-all-apps-7001/#ch2026010615012"",""ArkUI接口新增仅支持Stage模型的约束"")",entry\src\main\ets\components\layout\TabOverviewSheet.ets:58,未修复,接口定义变更
declare class CommonMethod<T>,ArkTS,7.0.0(26) Beta1,ALL,"=HYPERLINK(""https://developer.huawei.com/consumer/cn/doc/harmonyos-releases/changelogs-for-all-apps-7001/#ch2026010615012"",""ArkUI接口新增仅支持Stage模型的约束"")",entry\src\main\ets\components\layout\TabOverviewSheet.ets:60,未修复,接口定义变更
declare class CommonMethod<T>,ArkTS,7.0.0(26) Beta1,ALL,"=HYPERLINK(""https://developer.huawei.com/consumer/cn/doc/harmonyos-releases/changelogs-for-all-apps-7001/#ch2026010615012"",""ArkUI接口新增仅支持Stage模型的约束"")",entry\src\main\ets\components\layout\TabOverviewSheet.ets:61,未修复,接口定义变更
declare class CommonMethod<T>,ArkTS,7.0.0(26) Beta1,ALL,"=HYPERLINK(""https://developer.huawei.com/consumer/cn/doc/harmonyos-releases/changelogs-for-all-apps-7001/#ch2026010615012"",""ArkUI接口新增仅支持Stage模型的约束"")",entry\src\main\ets\components\layout\TabOverviewSheet.ets:62,未修复,接口定义变更
declare class CommonMethod<T>,ArkTS,7.0.0(26) Beta1,ALL,"=HYPERLINK(""https://developer.huawei.com/consumer/cn/doc/harmonyos-releases/changelogs-for-all-apps-7001/#ch2026010615012"",""ArkUI接口新增仅支持Stage模型的约束"")",entry\src\main\ets\components\layout\TabOverviewSheet.ets:64,未修复,接口定义变更
declare class CommonMethod<T>,ArkTS,7.0.0(26) Beta1,ALL,"=HYPERLINK(""https://developer.huawei.com/consumer/cn/doc/harmonyos-releases/changelogs-for-all-apps-7001/#ch2026010615012"",""ArkUI接口新增仅支持Stage模型的约束"")",entry\src\main\ets\components\layout\TabOverviewSheet.ets:65,未修复,接口定义变更
declare class CommonMethod<T>,ArkTS,7.0.0(26) Beta1,ALL,"=HYPERLINK(""https://developer.huawei.com/consumer/cn/doc/harmonyos-releases/changelogs-for-all-apps-7001/#ch2026010615012"",""ArkUI接口新增仅支持Stage模型的约束"")",entry\src\main\ets\components\layout\TabOverviewSheet.ets:75,未修复,接口定义变更
declare class CommonMethod<T>,ArkTS,7.0.0(26) Beta1,ALL,"=HYPERLINK(""https://developer.huawei.com/consumer/cn/doc/harmonyos-releases/changelogs-for-all-apps-7001/#ch2026010615012"",""ArkUI接口新增仅支持Stage模型的约束"")",entry\src\main\ets\components\layout\TabOverviewSheet.ets:76,未修复,接口定义变更
declare class CommonMethod<T>,ArkTS,7.0.0(26) Beta1,ALL,"=HYPERLINK(""https://developer.huawei.com/consumer/cn/doc/harmonyos-releases/changelogs-for-all-apps-7001/#ch2026010615012"",""ArkUI接口新增仅支持Stage模型的约束"")",entry\src\main\ets\components\layout\TabOverviewSheet.ets:77,未修复,接口定义变更
declare class CommonMethod<T>,ArkTS,7.0.0(26) Beta1,ALL,"=HYPERLINK(""https://developer.huawei.com/consumer/cn/doc/harmonyos-releases/changelogs-for-all-apps-7001/#ch2026010615012"",""ArkUI接口新增仅支持Stage模型的约束"")",entry\src\main\ets\components\layout\TabOverviewSheet.ets:78,未修复,接口定义变更
declare class CommonMethod<T>,ArkTS,7.0.0(26) Beta1,ALL,"=HYPERLINK(""https://developer.huawei.com/consumer/cn/doc/harmonyos-releases/changelogs-for-all-apps-7001/#ch2026010615012"",""ArkUI接口新增仅支持Stage模型的约束"")",entry\src\main\ets\components\layout\TabOverviewSheet.ets:79,未修复,接口定义变更
declare class CommonMethod<T>,ArkTS,7.0.0(26) Beta1,ALL,"=HYPERLINK(""https://developer.huawei.com/consumer/cn/doc/harmonyos-releases/changelogs-for-all-apps-7001/#ch2026010615012"",""ArkUI接口新增仅支持Stage模型的约束"")",entry\src\main\ets\components\layout\TabOverviewSheet.ets:83,未修复,接口定义变更
declare class CommonMethod<T>,ArkTS,7.0.0(26) Beta1,ALL,"=HYPERLINK(""https://developer.huawei.com/consumer/cn/doc/harmonyos-releases/changelogs-for-all-apps-7001/#ch2026010615012"",""ArkUI接口新增仅支持Stage模型的约束"")",entry\src\main\ets\components\layout\TabOverviewSheet.ets:91,未修复,接口定义变更
declare class CommonMethod<T>,ArkTS,7.0.0(26) Beta1,ALL,"=HYPERLINK(""https://developer.huawei.com/consumer/cn/doc/harmonyos-releases/changelogs-for-all-apps-7001/#ch2026010615012"",""ArkUI接口新增仅支持Stage模型的约束"")",entry\src\main\ets\components\layout\TabOverviewSheet.ets:92,未修复,接口定义变更
declare class CommonMethod<T>,ArkTS,7.0.0(26) Beta1,ALL,"=HYPERLINK(""https://developer.huawei.com/consumer/cn/doc/harmonyos-releases/changelogs-for-all-apps-7001/#ch2026010615012"",""ArkUI接口新增仅支持Stage模型的约束"")",entry\src\main\ets\components\layout\TabOverviewSheet.ets:95,未修复,接口定义变更
declare class CommonMethod<T>,ArkTS,7.0.0(26) Beta1,ALL,"=HYPERLINK(""https://developer.huawei.com/consumer/cn/doc/harmonyos-releases/changelogs-for-all-apps-7001/#ch2026010615012"",""ArkUI接口新增仅支持Stage模型的约束"")",entry\src\main\ets\components\layout\TabOverviewSheet.ets:96,未修复,接口定义变更
declare class CommonMethod<T>,ArkTS,7.0.0(26) Beta1,ALL,"=HYPERLINK(""https://developer.huawei.com/consumer/cn/doc/harmonyos-releases/changelogs-for-all-apps-7001/#ch2026010615012"",""ArkUI接口新增仅支持Stage模型的约束"")",entry\src\main\ets\components\layout\TabOverviewSheet.ets:98,未修复,接口定义变更
declare class CommonMethod<T>,ArkTS,7.0.0(26) Beta1,ALL,"=HYPERLINK(""https://developer.huawei.com/consumer/cn/doc/harmonyos-releases/changelogs-for-all-apps-7001/#ch2026010615012"",""ArkUI接口新增仅支持Stage模型的约束"")",entry\src\main\ets\components\layout\TabOverviewSheet.ets:99,未修复,接口定义变更
declare class CommonMethod<T>,ArkTS,7.0.0(26) Beta1,ALL,"=HYPERLINK(""https://developer.huawei.com/consumer/cn/doc/harmonyos-releases/changelogs-for-all-apps-7001/#ch2026010615012"",""ArkUI接口新增仅支持Stage模型的约束"")",entry\src\main\ets\components\mobile\MobileToolbar.ets:65,未修复,接口定义变更
declare class CommonMethod<T>,ArkTS,7.0.0(26) Beta1,ALL,"=HYPERLINK(""https://developer.huawei.com/consumer/cn/doc/harmonyos-releases/changelogs-for-all-apps-7001/#ch2026010615012"",""ArkUI接口新增仅支持Stage模型的约束"")",entry\src\main\ets\components\mobile\MobileToolbar.ets:66,未修复,接口定义变更
declare class CommonMethod<T>,ArkTS,7.0.0(26) Beta1,ALL,"=HYPERLINK(""https://developer.huawei.com/consumer/cn/doc/harmonyos-releases/changelogs-for-all-apps-7001/#ch2026010615012"",""ArkUI接口新增仅支持Stage模型的约束"")",entry\src\main\ets\components\mobile\MobileToolbar.ets:68,未修复,接口定义变更
declare class CommonMethod<T>,ArkTS,7.0.0(26) Beta1,ALL,"=HYPERLINK(""https://developer.huawei.com/consumer/cn/doc/harmonyos-releases/changelogs-for-all-apps-7001/#ch2026010615012"",""ArkUI接口新增仅支持Stage模型的约束"")",entry\src\main\ets\components\mobile\MobileToolbar.ets:69,未修复,接口定义变更
declare class CommonMethod<T>,ArkTS,7.0.0(26) Beta1,ALL,"=HYPERLINK(""https://developer.huawei.com/consumer/cn/doc/harmonyos-releases/changelogs-for-all-apps-7001/#ch2026010615012"",""ArkUI接口新增仅支持Stage模型的约束"")",entry\src\main\ets\components\mobile\MobileToolbar.ets:75,未修复,接口定义变更
declare class CommonMethod<T>,ArkTS,7.0.0(26) Beta1,ALL,"=HYPERLINK(""https://developer.huawei.com/consumer/cn/doc/harmonyos-releases/changelogs-for-all-apps-7001/#ch2026010615012"",""ArkUI接口新增仅支持Stage模型的约束"")",entry\src\main\ets\components\mobile\MobileToolbar.ets:79,未修复,接口定义变更
declare class CommonMethod<T>,ArkTS,7.0.0(26) Beta1,ALL,"=HYPERLINK(""https://developer.huawei.com/consumer/cn/doc/harmonyos-releases/changelogs-for-all-apps-7001/#ch2026010615012"",""ArkUI接口新增仅支持Stage模型的约束"")",entry\src\main\ets\components\mobile\MobileToolbar.ets:80,未修复,接口定义变更
declare class CommonMethod<T>,ArkTS,7.0.0(26) Beta1,ALL,"=HYPERLINK(""https://developer.huawei.com/consumer/cn/doc/harmonyos-releases/changelogs-for-all-apps-7001/#ch2026010615012"",""ArkUI接口新增仅支持Stage模型的约束"")",entry\src\main\ets\components\mobile\MobileToolbar.ets:81,未修复,接口定义变更
declare class CommonMethod<T>,ArkTS,7.0.0(26) Beta1,ALL,"=HYPERLINK(""https://developer.huawei.com/consumer/cn/doc/harmonyos-releases/changelogs-for-all-apps-7001/#ch2026010615012"",""ArkUI接口新增仅支持Stage模型的约束"")",entry\src\main\ets\components\mobile\MobileToolbar.ets:82,未修复,接口定义变更
declare class CommonMethod<T>,ArkTS,7.0.0(26) Beta1,ALL,"=HYPERLINK(""https://developer.huawei.com/consumer/cn/doc/harmonyos-releases/changelogs-for-all-apps-7001/#ch2026010615012"",""ArkUI接口新增仅支持Stage模型的约束"")",entry\src\main\ets\components\mobile\MobileToolbar.ets:85,未修复,接口定义变更
declare class CommonMethod<T>,ArkTS,7.0.0(26) Beta1,ALL,"=HYPERLINK(""https://developer.huawei.com/consumer/cn/doc/harmonyos-releases/changelogs-for-all-apps-7001/#ch2026010615012"",""ArkUI接口新增仅支持Stage模型的约束"")",entry\src\main\ets\components\mobile\MobileToolbar.ets:86,未修复,接口定义变更
declare class CommonMethod<T>,ArkTS,7.0.0(26) Beta1,ALL,"=HYPERLINK(""https://developer.huawei.com/consumer/cn/doc/harmonyos-releases/changelogs-for-all-apps-7001/#ch2026010615012"",""ArkUI接口新增仅支持Stage模型的约束"")",entry\src\main\ets\components\onboarding\OnboardingPage.ets:102,未修复,接口定义变更
declare class CommonMethod<T>,ArkTS,7.0.0(26) Beta1,ALL,"=HYPERLINK(""https://developer.huawei.com/consumer/cn/doc/harmonyos-releases/changelogs-for-all-apps-7001/#ch2026010615012"",""ArkUI接口新增仅支持Stage模型的约束"")",entry\src\main\ets\components\onboarding\OnboardingPage.ets:125,未修复,接口定义变更
declare class CommonMethod<T>,ArkTS,7.0.0(26) Beta1,ALL,"=HYPERLINK(""https://developer.huawei.com/consumer/cn/doc/harmonyos-releases/changelogs-for-all-apps-7001/#ch2026010615012"",""ArkUI接口新增仅支持Stage模型的约束"")",entry\src\main\ets\components\onboarding\OnboardingPage.ets:127,未修复,接口定义变更
declare class CommonMethod<T>,ArkTS,7.0.0(26) Beta1,ALL,"=HYPERLINK(""https://developer.huawei.com/consumer/cn/doc/harmonyos-releases/changelogs-for-all-apps-7001/#ch2026010615012"",""ArkUI接口新增仅支持Stage模型的约束"")",entry\src\main\ets\components\onboarding\OnboardingPage.ets:144,未修复,接口定义变更
declare class CommonMethod<T>,ArkTS,7.0.0(26) Beta1,ALL,"=HYPERLINK(""https://developer.huawei.com/consumer/cn/doc/harmonyos-releases/changelogs-for-all-apps-7001/#ch2026010615012"",""ArkUI接口新增仅支持Stage模型的约束"")",entry\src\main\ets\components\onboarding\OnboardingPage.ets:160,未修复,接口定义变更
declare class CommonMethod<T>,ArkTS,7.0.0(26) Beta1,ALL,"=HYPERLINK(""https://developer.huawei.com/consumer/cn/doc/harmonyos-releases/changelogs-for-all-apps-7001/#ch2026010615012"",""ArkUI接口新增仅支持Stage模型的约束"")",entry\src\main\ets\components\onboarding\OnboardingPage.ets:161,未修复,接口定义变更
declare class CommonMethod<T>,ArkTS,7.0.0(26) Beta1,ALL,"=HYPERLINK(""https://developer.huawei.com/consumer/cn/doc/harmonyos-releases/changelogs-for-all-apps-7001/#ch2026010615012"",""ArkUI接口新增仅支持Stage模型的约束"")",entry\src\main\ets\components\onboarding\OnboardingPage.ets:164,未修复,接口定义变更
declare class CommonMethod<T>,ArkTS,7.0.0(26) Beta1,ALL,"=HYPERLINK(""https://developer.huawei.com/consumer/cn/doc/harmonyos-releases/changelogs-for-all-apps-7001/#ch2026010615012"",""ArkUI接口新增仅支持Stage模型的约束"")",entry\src\main\ets\components\onboarding\OnboardingPage.ets:168,未修复,接口定义变更
declare class CommonMethod<T>,ArkTS,7.0.0(26) Beta1,ALL,"=HYPERLINK(""https://developer.huawei.com/consumer/cn/doc/harmonyos-releases/changelogs-for-all-apps-7001/#ch2026010615012"",""ArkUI接口新增仅支持Stage模型的约束"")",entry\src\main\ets\components\onboarding\OnboardingPage.ets:171,未修复,接口定义变更
declare class CommonMethod<T>,ArkTS,7.0.0(26) Beta1,ALL,"=HYPERLINK(""https://developer.huawei.com/consumer/cn/doc/harmonyos-releases/changelogs-for-all-apps-7001/#ch2026010615012"",""ArkUI接口新增仅支持Stage模型的约束"")",entry\src\main\ets\components\onboarding\OnboardingPage.ets:173,未修复,接口定义变更
declare class CommonMethod<T>,ArkTS,7.0.0(26) Beta1,ALL,"=HYPERLINK(""https://developer.huawei.com/consumer/cn/doc/harmonyos-releases/changelogs-for-all-apps-7001/#ch2026010615012"",""ArkUI接口新增仅支持Stage模型的约束"")",entry\src\main\ets\components\onboarding\OnboardingPage.ets:187,未修复,接口定义变更
declare class CommonMethod<T>,ArkTS,7.0.0(26) Beta1,ALL,"=HYPERLINK(""https://developer.huawei.com/consumer/cn/doc/harmonyos-releases/changelogs-for-all-apps-7001/#ch2026010615012"",""ArkUI接口新增仅支持Stage模型的约束"")",entry\src\main\ets\components\onboarding\OnboardingPage.ets:200,未修复,接口定义变更
declare class CommonMethod<T>,ArkTS,7.0.0(26) Beta1,ALL,"=HYPERLINK(""https://developer.huawei.com/consumer/cn/doc/harmonyos-releases/changelogs-for-all-apps-7001/#ch2026010615012"",""ArkUI接口新增仅支持Stage模型的约束"")",entry\src\main\ets\components\onboarding\OnboardingPage.ets:202,未修复,接口定义变更
declare class CommonMethod<T>,ArkTS,7.0.0(26) Beta1,ALL,"=HYPERLINK(""https://developer.huawei.com/consumer/cn/doc/harmonyos-releases/changelogs-for-all-apps-7001/#ch2026010615012"",""ArkUI接口新增仅支持Stage模型的约束"")",entry\src\main\ets\components\onboarding\OnboardingPage.ets:212,未修复,接口定义变更
declare class CommonMethod<T>,ArkTS,7.0.0(26) Beta1,ALL,"=HYPERLINK(""https://developer.huawei.com/consumer/cn/doc/harmonyos-releases/changelogs-for-all-apps-7001/#ch2026010615012"",""ArkUI接口新增仅支持Stage模型的约束"")",entry\src\main\ets\components\onboarding\OnboardingPage.ets:213,未修复,接口定义变更
declare class CommonMethod<T>,ArkTS,7.0.0(26) Beta1,ALL,"=HYPERLINK(""https://developer.huawei.com/consumer/cn/doc/harmonyos-releases/changelogs-for-all-apps-7001/#ch2026010615012"",""ArkUI接口新增仅支持Stage模型的约束"")",entry\src\main\ets\components\onboarding\OnboardingPage.ets:215,未修复,接口定义变更
declare class CommonMethod<T>,ArkTS,7.0.0(26) Beta1,ALL,"=HYPERLINK(""https://developer.huawei.com/consumer/cn/doc/harmonyos-releases/changelogs-for-all-apps-7001/#ch2026010615012"",""ArkUI接口新增仅支持Stage模型的约束"")",entry\src\main\ets\components\onboarding\OnboardingPage.ets:217,未修复,接口定义变更
declare class CommonMethod<T>,ArkTS,7.0.0(26) Beta1,ALL,"=HYPERLINK(""https://developer.huawei.com/consumer/cn/doc/harmonyos-releases/changelogs-for-all-apps-7001/#ch2026010615012"",""ArkUI接口新增仅支持Stage模型的约束"")",entry\src\main\ets\components\onboarding\OnboardingPage.ets:218,未修复,接口定义变更
declare class CommonMethod<T>,ArkTS,7.0.0(26) Beta1,ALL,"=HYPERLINK(""https://developer.huawei.com/consumer/cn/doc/harmonyos-releases/changelogs-for-all-apps-7001/#ch2026010615012"",""ArkUI接口新增仅支持Stage模型的约束"")",entry\src\main\ets\components\onboarding\OnboardingPage.ets:219,未修复,接口定义变更
declare class CommonMethod<T>,ArkTS,7.0.0(26) Beta1,ALL,"=HYPERLINK(""https://developer.huawei.com/consumer/cn/doc/harmonyos-releases/changelogs-for-all-apps-7001/#ch2026010615012"",""ArkUI接口新增仅支持Stage模型的约束"")",entry\src\main\ets\components\onboarding\OnboardingPage.ets:221,未修复,接口定义变更
declare class CommonMethod<T>,ArkTS,7.0.0(26) Beta1,ALL,"=HYPERLINK(""https://developer.huawei.com/consumer/cn/doc/harmonyos-releases/changelogs-for-all-apps-7001/#ch2026010615012"",""ArkUI接口新增仅支持Stage模型的约束"")",entry\src\main\ets\components\onboarding\OnboardingPage.ets:222,未修复,接口定义变更
declare class CommonMethod<T>,ArkTS,7.0.0(26) Beta1,ALL,"=HYPERLINK(""https://developer.huawei.com/consumer/cn/doc/harmonyos-releases/changelogs-for-all-apps-7001/#ch2026010615012"",""ArkUI接口新增仅支持Stage模型的约束"")",entry\src\main\ets\components\onboarding\OnboardingPage.ets:234,未修复,接口定义变更
declare class CommonMethod<T>,ArkTS,7.0.0(26) Beta1,ALL,"=HYPERLINK(""https://developer.huawei.com/consumer/cn/doc/harmonyos-releases/changelogs-for-all-apps-7001/#ch2026010615012"",""ArkUI接口新增仅支持Stage模型的约束"")",entry\src\main\ets\components\onboarding\OnboardingPage.ets:235,未修复,接口定义变更
declare class CommonMethod<T>,ArkTS,7.0.0(26) Beta1,ALL,"=HYPERLINK(""https://developer.huawei.com/consumer/cn/doc/harmonyos-releases/changelogs-for-all-apps-7001/#ch2026010615012"",""ArkUI接口新增仅支持Stage模型的约束"")",entry\src\main\ets\components\onboarding\OnboardingPage.ets:237,未修复,接口定义变更
declare class CommonMethod<T>,ArkTS,7.0.0(26) Beta1,ALL,"=HYPERLINK(""https://developer.huawei.com/consumer/cn/doc/harmonyos-releases/changelogs-for-all-apps-7001/#ch2026010615012"",""ArkUI接口新增仅支持Stage模型的约束"")",entry\src\main\ets\components\onboarding\OnboardingPage.ets:239,未修复,接口定义变更
declare class CommonMethod<T>,ArkTS,7.0.0(26) Beta1,ALL,"=HYPERLINK(""https://developer.huawei.com/consumer/cn/doc/harmonyos-releases/changelogs-for-all-apps-7001/#ch2026010615012"",""ArkUI接口新增仅支持Stage模型的约束"")",entry\src\main\ets\components\onboarding\OnboardingPage.ets:240,未修复,接口定义变更
declare class CommonMethod<T>,ArkTS,7.0.0(26) Beta1,ALL,"=HYPERLINK(""https://developer.huawei.com/consumer/cn/doc/harmonyos-releases/changelogs-for-all-apps-7001/#ch2026010615012"",""ArkUI接口新增仅支持Stage模型的约束"")",entry\src\main\ets\components\onboarding\OnboardingPage.ets:241,未修复,接口定义变更
declare class CommonMethod<T>,ArkTS,7.0.0(26) Beta1,ALL,"=HYPERLINK(""https://developer.huawei.com/consumer/cn/doc/harmonyos-releases/changelogs-for-all-apps-7001/#ch2026010615012"",""ArkUI接口新增仅支持Stage模型的约束"")",entry\src\main\ets\components\onboarding\OnboardingPage.ets:243,未修复,接口定义变更
declare class CommonMethod<T>,ArkTS,7.0.0(26) Beta1,ALL,"=HYPERLINK(""https://developer.huawei.com/consumer/cn/doc/harmonyos-releases/changelogs-for-all-apps-7001/#ch2026010615012"",""ArkUI接口新增仅支持Stage模型的约束"")",entry\src\main\ets\components\onboarding\OnboardingPage.ets:244,未修复,接口定义变更
declare class CommonMethod<T>,ArkTS,7.0.0(26) Beta1,ALL,"=HYPERLINK(""https://developer.huawei.com/consumer/cn/doc/harmonyos-releases/changelogs-for-all-apps-7001/#ch2026010615012"",""ArkUI接口新增仅支持Stage模型的约束"")",entry\src\main\ets\components\onboarding\OnboardingPage.ets:267,未修复,接口定义变更
declare class CommonMethod<T>,ArkTS,7.0.0(26) Beta1,ALL,"=HYPERLINK(""https://developer.huawei.com/consumer/cn/doc/harmonyos-releases/changelogs-for-all-apps-7001/#ch2026010615012"",""ArkUI接口新增仅支持Stage模型的约束"")",entry\src\main\ets\components\onboarding\OnboardingPage.ets:268,未修复,接口定义变更
declare class CommonMethod<T>,ArkTS,7.0.0(26) Beta1,ALL,"=HYPERLINK(""https://developer.huawei.com/consumer/cn/doc/harmonyos-releases/changelogs-for-all-apps-7001/#ch2026010615012"",""ArkUI接口新增仅支持Stage模型的约束"")",entry\src\main\ets\components\onboarding\OnboardingPage.ets:270,未修复,接口定义变更
declare class CommonMethod<T>,ArkTS,7.0.0(26) Beta1,ALL,"=HYPERLINK(""https://developer.huawei.com/consumer/cn/doc/harmonyos-releases/changelogs-for-all-apps-7001/#ch2026010615012"",""ArkUI接口新增仅支持Stage模型的约束"")",entry\src\main\ets\components\onboarding\OnboardingPage.ets:272,未修复,接口定义变更
declare class CommonMethod<T>,ArkTS,7.0.0(26) Beta1,ALL,"=HYPERLINK(""https://developer.huawei.com/consumer/cn/doc/harmonyos-releases/changelogs-for-all-apps-7001/#ch2026010615012"",""ArkUI接口新增仅支持Stage模型的约束"")",entry\src\main\ets\components\onboarding\OnboardingPage.ets:273,未修复,接口定义变更
declare class CommonMethod<T>,ArkTS,7.0.0(26) Beta1,ALL,"=HYPERLINK(""https://developer.huawei.com/consumer/cn/doc/harmonyos-releases/changelogs-for-all-apps-7001/#ch2026010615012"",""ArkUI接口新增仅支持Stage模型的约束"")",entry\src\main\ets\components\onboarding\OnboardingPage.ets:274,未修复,接口定义变更
declare class CommonMethod<T>,ArkTS,7.0.0(26) Beta1,ALL,"=HYPERLINK(""https://developer.huawei.com/consumer/cn/doc/harmonyos-releases/changelogs-for-all-apps-7001/#ch2026010615012"",""ArkUI接口新增仅支持Stage模型的约束"")",entry\src\main\ets\components\onboarding\OnboardingPage.ets:276,未修复,接口定义变更
declare class CommonMethod<T>,ArkTS,7.0.0(26) Beta1,ALL,"=HYPERLINK(""https://developer.huawei.com/consumer/cn/doc/harmonyos-releases/changelogs-for-all-apps-7001/#ch2026010615012"",""ArkUI接口新增仅支持Stage模型的约束"")",entry\src\main\ets\components\onboarding\OnboardingPage.ets:277,未修复,接口定义变更
declare class CommonMethod<T>,ArkTS,7.0.0(26) Beta1,ALL,"=HYPERLINK(""https://developer.huawei.com/consumer/cn/doc/harmonyos-releases/changelogs-for-all-apps-7001/#ch2026010615012"",""ArkUI接口新增仅支持Stage模型的约束"")",entry\src\main\ets\components\onboarding\OnboardingPage.ets:56,未修复,接口定义变更
declare class CommonMethod<T>,ArkTS,7.0.0(26) Beta1,ALL,"=HYPERLINK(""https://developer.huawei.com/consumer/cn/doc/harmonyos-releases/changelogs-for-all-apps-7001/#ch2026010615012"",""ArkUI接口新增仅支持Stage模型的约束"")",entry\src\main\ets\components\onboarding\OnboardingPage.ets:57,未修复,接口定义变更
declare class CommonMethod<T>,ArkTS,7.0.0(26) Beta1,ALL,"=HYPERLINK(""https://developer.huawei.com/consumer/cn/doc/harmonyos-releases/changelogs-for-all-apps-7001/#ch2026010615012"",""ArkUI接口新增仅支持Stage模型的约束"")",entry\src\main\ets\components\onboarding\OnboardingPage.ets:60,未修复,接口定义变更
declare class CommonMethod<T>,ArkTS,7.0.0(26) Beta1,ALL,"=HYPERLINK(""https://developer.huawei.com/consumer/cn/doc/harmonyos-releases/changelogs-for-all-apps-7001/#ch2026010615012"",""ArkUI接口新增仅支持Stage模型的约束"")",entry\src\main\ets\components\onboarding\OnboardingPage.ets:61,未修复,接口定义变更
declare class CommonMethod<T>,ArkTS,7.0.0(26) Beta1,ALL,"=HYPERLINK(""https://developer.huawei.com/consumer/cn/doc/harmonyos-releases/changelogs-for-all-apps-7001/#ch2026010615012"",""ArkUI接口新增仅支持Stage模型的约束"")",entry\src\main\ets\components\onboarding\OnboardingPage.ets:64,未修复,接口定义变更
declare class CommonMethod<T>,ArkTS,7.0.0(26) Beta1,ALL,"=HYPERLINK(""https://developer.huawei.com/consumer/cn/doc/harmonyos-releases/changelogs-for-all-apps-7001/#ch2026010615012"",""ArkUI接口新增仅支持Stage模型的约束"")",entry\src\main\ets\components\onboarding\OnboardingPage.ets:65,未修复,接口定义变更
declare class CommonMethod<T>,ArkTS,7.0.0(26) Beta1,ALL,"=HYPERLINK(""https://developer.huawei.com/consumer/cn/doc/harmonyos-releases/changelogs-for-all-apps-7001/#ch2026010615012"",""ArkUI接口新增仅支持Stage模型的约束"")",entry\src\main\ets\components\onboarding\OnboardingPage.ets:68,未修复,接口定义变更
declare class CommonMethod<T>,ArkTS,7.0.0(26) Beta1,ALL,"=HYPERLINK(""https://developer.huawei.com/consumer/cn/doc/harmonyos-releases/changelogs-for-all-apps-7001/#ch2026010615012"",""ArkUI接口新增仅支持Stage模型的约束"")",entry\src\main\ets\components\onboarding\OnboardingPage.ets:69,未修复,接口定义变更
declare class CommonMethod<T>,ArkTS,7.0.0(26) Beta1,ALL,"=HYPERLINK(""https://developer.huawei.com/consumer/cn/doc/harmonyos-releases/changelogs-for-all-apps-7001/#ch2026010615012"",""ArkUI接口新增仅支持Stage模型的约束"")",entry\src\main\ets\components\onboarding\OnboardingPage.ets:72,未修复,接口定义变更
declare class CommonMethod<T>,ArkTS,7.0.0(26) Beta1,ALL,"=HYPERLINK(""https://developer.huawei.com/consumer/cn/doc/harmonyos-releases/changelogs-for-all-apps-7001/#ch2026010615012"",""ArkUI接口新增仅支持Stage模型的约束"")",entry\src\main\ets\components\onboarding\OnboardingPage.ets:73,未修复,接口定义变更
declare class CommonMethod<T>,ArkTS,7.0.0(26) Beta1,ALL,"=HYPERLINK(""https://developer.huawei.com/consumer/cn/doc/harmonyos-releases/changelogs-for-all-apps-7001/#ch2026010615012"",""ArkUI接口新增仅支持Stage模型的约束"")",entry\src\main\ets\components\onboarding\OnboardingPage.ets:74,未修复,接口定义变更
declare class CommonMethod<T>,ArkTS,7.0.0(26) Beta1,ALL,"=HYPERLINK(""https://developer.huawei.com/consumer/cn/doc/harmonyos-releases/changelogs-for-all-apps-7001/#ch2026010615012"",""ArkUI接口新增仅支持Stage模型的约束"")",entry\src\main\ets\components\onboarding\OnboardingPage.ets:81,未修复,接口定义变更
declare class CommonMethod<T>,ArkTS,7.0.0(26) Beta1,ALL,"=HYPERLINK(""https://developer.huawei.com/consumer/cn/doc/harmonyos-releases/changelogs-for-all-apps-7001/#ch2026010615012"",""ArkUI接口新增仅支持Stage模型的约束"")",entry\src\main\ets\components\onboarding\OnboardingPage.ets:82,未修复,接口定义变更
declare class CommonMethod<T>,ArkTS,7.0.0(26) Beta1,ALL,"=HYPERLINK(""https://developer.huawei.com/consumer/cn/doc/harmonyos-releases/changelogs-for-all-apps-7001/#ch2026010615012"",""ArkUI接口新增仅支持Stage模型的约束"")",entry\src\main\ets\components\onboarding\OnboardingPage.ets:84,未修复,接口定义变更
declare class CommonMethod<T>,ArkTS,7.0.0(26) Beta1,ALL,"=HYPERLINK(""https://developer.huawei.com/consumer/cn/doc/harmonyos-releases/changelogs-for-all-apps-7001/#ch2026010615012"",""ArkUI接口新增仅支持Stage模型的约束"")",entry\src\main\ets\components\onboarding\OnboardingPage.ets:85,未修复,接口定义变更
declare class CommonMethod<T>,ArkTS,7.0.0(26) Beta1,ALL,"=HYPERLINK(""https://developer.huawei.com/consumer/cn/doc/harmonyos-releases/changelogs-for-all-apps-7001/#ch2026010615012"",""ArkUI接口新增仅支持Stage模型的约束"")",entry\src\main\ets\components\onboarding\OnboardingPage.ets:87,未修复,接口定义变更
declare class CommonMethod<T>,ArkTS,7.0.0(26) Beta1,ALL,"=HYPERLINK(""https://developer.huawei.com/consumer/cn/doc/harmonyos-releases/changelogs-for-all-apps-7001/#ch2026010615012"",""ArkUI接口新增仅支持Stage模型的约束"")",entry\src\main\ets\components\onboarding\OnboardingPage.ets:95,未修复,接口定义变更
declare class CommonMethod<T>,ArkTS,7.0.0(26) Beta1,ALL,"=HYPERLINK(""https://developer.huawei.com/consumer/cn/doc/harmonyos-releases/changelogs-for-all-apps-7001/#ch2026010615012"",""ArkUI接口新增仅支持Stage模型的约束"")",entry\src\main\ets\components\onboarding\OnboardingPage.ets:96,未修复,接口定义变更
declare class CommonMethod<T>,ArkTS,7.0.0(26) Beta1,ALL,"=HYPERLINK(""https://developer.huawei.com/consumer/cn/doc/harmonyos-releases/changelogs-for-all-apps-7001/#ch2026010615012"",""ArkUI接口新增仅支持Stage模型的约束"")",entry\src\main\ets\components\onboarding\OnboardingPage.ets:97,未修复,接口定义变更
declare class CommonMethod<T>,ArkTS,7.0.0(26) Beta1,ALL,"=HYPERLINK(""https://developer.huawei.com/consumer/cn/doc/harmonyos-releases/changelogs-for-all-apps-7001/#ch2026010615012"",""ArkUI接口新增仅支持Stage模型的约束"")",entry\src\main\ets\components\onboarding\OnboardingPage.ets:98,未修复,接口定义变更
declare class CommonMethod<T>,ArkTS,7.0.0(26) Beta1,ALL,"=HYPERLINK(""https://developer.huawei.com/consumer/cn/doc/harmonyos-releases/changelogs-for-all-apps-7001/#ch2026010615012"",""ArkUI接口新增仅支持Stage模型的约束"")",entry\src\main\ets\components\onboarding\OnboardingPage.ets:99,未修复,接口定义变更
declare class CommonMethod<T>,ArkTS,7.0.0(26) Beta1,ALL,"=HYPERLINK(""https://developer.huawei.com/consumer/cn/doc/harmonyos-releases/changelogs-for-all-apps-7001/#ch2026010615012"",""ArkUI接口新增仅支持Stage模型的约束"")",entry\src\main\ets\components\outliner\AutoComplete.ets:238,未修复,接口定义变更
declare class CommonMethod<T>,ArkTS,7.0.0(26) Beta1,ALL,"=HYPERLINK(""https://developer.huawei.com/consumer/cn/doc/harmonyos-releases/changelogs-for-all-apps-7001/#ch2026010615012"",""ArkUI接口新增仅支持Stage模型的约束"")",entry\src\main\ets\components\outliner\AutoComplete.ets:239,未修复,接口定义变更
declare class CommonMethod<T>,ArkTS,7.0.0(26) Beta1,ALL,"=HYPERLINK(""https://developer.huawei.com/consumer/cn/doc/harmonyos-releases/changelogs-for-all-apps-7001/#ch2026010615012"",""ArkUI接口新增仅支持Stage模型的约束"")",entry\src\main\ets\components\outliner\AutoComplete.ets:257,未修复,接口定义变更
declare class CommonMethod<T>,ArkTS,7.0.0(26) Beta1,ALL,"=HYPERLINK(""https://developer.huawei.com/consumer/cn/doc/harmonyos-releases/changelogs-for-all-apps-7001/#ch2026010615012"",""ArkUI接口新增仅支持Stage模型的约束"")",entry\src\main\ets\components\outliner\AutoComplete.ets:265,未修复,接口定义变更
declare class CommonMethod<T>,ArkTS,7.0.0(26) Beta1,ALL,"=HYPERLINK(""https://developer.huawei.com/consumer/cn/doc/harmonyos-releases/changelogs-for-all-apps-7001/#ch2026010615012"",""ArkUI接口新增仅支持Stage模型的约束"")",entry\src\main\ets\components\outliner\AutoComplete.ets:266,未修复,接口定义变更
declare class CommonMethod<T>,ArkTS,7.0.0(26) Beta1,ALL,"=HYPERLINK(""https://developer.huawei.com/consumer/cn/doc/harmonyos-releases/changelogs-for-all-apps-7001/#ch2026010615012"",""ArkUI接口新增仅支持Stage模型的约束"")",entry\src\main\ets\components\outliner\AutoComplete.ets:267,未修复,接口定义变更
declare class CommonMethod<T>,ArkTS,7.0.0(26) Beta1,ALL,"=HYPERLINK(""https://developer.huawei.com/consumer/cn/doc/harmonyos-releases/changelogs-for-all-apps-7001/#ch2026010615012"",""ArkUI接口新增仅支持Stage模型的约束"")",entry\src\main\ets\components\outliner\AutoComplete.ets:269,未修复,接口定义变更
declare class CommonMethod<T>,ArkTS,7.0.0(26) Beta1,ALL,"=HYPERLINK(""https://developer.huawei.com/consumer/cn/doc/harmonyos-releases/changelogs-for-all-apps-7001/#ch2026010615012"",""ArkUI接口新增仅支持Stage模型的约束"")",entry\src\main\ets\components\outliner\AutoComplete.ets:270,未修复,接口定义变更
declare class CommonMethod<T>,ArkTS,7.0.0(26) Beta1,ALL,"=HYPERLINK(""https://developer.huawei.com/consumer/cn/doc/harmonyos-releases/changelogs-for-all-apps-7001/#ch2026010615012"",""ArkUI接口新增仅支持Stage模型的约束"")",entry\src\main\ets\components\outliner\AutoComplete.ets:271,未修复,接口定义变更
declare class CommonMethod<T>,ArkTS,7.0.0(26) Beta1,ALL,"=HYPERLINK(""https://developer.huawei.com/consumer/cn/doc/harmonyos-releases/changelogs-for-all-apps-7001/#ch2026010615012"",""ArkUI接口新增仅支持Stage模型的约束"")",entry\src\main\ets\components\outliner\AutoComplete.ets:272,未修复,接口定义变更
declare class CommonMethod<T>,ArkTS,7.0.0(26) Beta1,ALL,"=HYPERLINK(""https://developer.huawei.com/consumer/cn/doc/harmonyos-releases/changelogs-for-all-apps-7001/#ch2026010615012"",""ArkUI接口新增仅支持Stage模型的约束"")",entry\src\main\ets\components\outliner\AutoComplete.ets:273,未修复,接口定义变更
declare class CommonMethod<T>,ArkTS,7.0.0(26) Beta1,ALL,"=HYPERLINK(""https://developer.huawei.com/consumer/cn/doc/harmonyos-releases/changelogs-for-all-apps-7001/#ch2026010615012"",""ArkUI接口新增仅支持Stage模型的约束"")",entry\src\main\ets\components\outliner\AutoComplete.ets:276,未修复,接口定义变更
declare class CommonMethod<T>,ArkTS,7.0.0(26) Beta1,ALL,"=HYPERLINK(""https://developer.huawei.com/consumer/cn/doc/harmonyos-releases/changelogs-for-all-apps-7001/#ch2026010615012"",""ArkUI接口新增仅支持Stage模型的约束"")",entry\src\main\ets\components\outliner\AutoComplete.ets:289,未修复,接口定义变更
declare class CommonMethod<T>,ArkTS,7.0.0(26) Beta1,ALL,"=HYPERLINK(""https://developer.huawei.com/consumer/cn/doc/harmonyos-releases/changelogs-for-all-apps-7001/#ch2026010615012"",""ArkUI接口新增仅支持Stage模型的约束"")",entry\src\main\ets\components\outliner\AutoComplete.ets:295,未修复,接口定义变更
declare class CommonMethod<T>,ArkTS,7.0.0(26) Beta1,ALL,"=HYPERLINK(""https://developer.huawei.com/consumer/cn/doc/harmonyos-releases/changelogs-for-all-apps-7001/#ch2026010615012"",""ArkUI接口新增仅支持Stage模型的约束"")",entry\src\main\ets\components\outliner\AutoComplete.ets:296,未修复,接口定义变更
declare class CommonMethod<T>,ArkTS,7.0.0(26) Beta1,ALL,"=HYPERLINK(""https://developer.huawei.com/consumer/cn/doc/harmonyos-releases/changelogs-for-all-apps-7001/#ch2026010615012"",""ArkUI接口新增仅支持Stage模型的约束"")",entry\src\main\ets\components\outliner\AutoComplete.ets:297,未修复,接口定义变更
declare class CommonMethod<T>,ArkTS,7.0.0(26) Beta1,ALL,"=HYPERLINK(""https://developer.huawei.com/consumer/cn/doc/harmonyos-releases/changelogs-for-all-apps-7001/#ch2026010615012"",""ArkUI接口新增仅支持Stage模型的约束"")",entry\src\main\ets\components\outliner\AutoComplete.ets:299,未修复,接口定义变更
declare class CommonMethod<T>,ArkTS,7.0.0(26) Beta1,ALL,"=HYPERLINK(""https://developer.huawei.com/consumer/cn/doc/harmonyos-releases/changelogs-for-all-apps-7001/#ch2026010615012"",""ArkUI接口新增仅支持Stage模型的约束"")",entry\src\main\ets\components\outliner\AutoComplete.ets:300,未修复,接口定义变更
declare class CommonMethod<T>,ArkTS,7.0.0(26) Beta1,ALL,"=HYPERLINK(""https://developer.huawei.com/consumer/cn/doc/harmonyos-releases/changelogs-for-all-apps-7001/#ch2026010615012"",""ArkUI接口新增仅支持Stage模型的约束"")",entry\src\main\ets\components\outliner\AutoComplete.ets:301,未修复,接口定义变更
declare class CommonMethod<T>,ArkTS,7.0.0(26) Beta1,ALL,"=HYPERLINK(""https://developer.huawei.com/consumer/cn/doc/harmonyos-releases/changelogs-for-all-apps-7001/#ch2026010615012"",""ArkUI接口新增仅支持Stage模型的约束"")",entry\src\main\ets\components\outliner\AutoComplete.ets:302,未修复,接口定义变更
declare class CommonMethod<T>,ArkTS,7.0.0(26) Beta1,ALL,"=HYPERLINK(""https://developer.huawei.com/consumer/cn/doc/harmonyos-releases/changelogs-for-all-apps-7001/#ch2026010615012"",""ArkUI接口新增仅支持Stage模型的约束"")",entry\src\main\ets\components\outliner\AutoComplete.ets:303,未修复,接口定义变更
declare class CommonMethod<T>,ArkTS,7.0.0(26) Beta1,ALL,"=HYPERLINK(""https://developer.huawei.com/consumer/cn/doc/harmonyos-releases/changelogs-for-all-apps-7001/#ch2026010615012"",""ArkUI接口新增仅支持Stage模型的约束"")",entry\src\main\ets\components\outliner\AutoComplete.ets:304,未修复,接口定义变更
declare class CommonMethod<T>,ArkTS,7.0.0(26) Beta1,ALL,"=HYPERLINK(""https://developer.huawei.com/consumer/cn/doc/harmonyos-releases/changelogs-for-all-apps-7001/#ch2026010615012"",""ArkUI接口新增仅支持Stage模型的约束"")",entry\src\main\ets\components\outliner\AutoComplete.ets:321,未修复,接口定义变更
declare class CommonMethod<T>,ArkTS,7.0.0(26) Beta1,ALL,"=HYPERLINK(""https://developer.huawei.com/consumer/cn/doc/harmonyos-releases/changelogs-for-all-apps-7001/#ch2026010615012"",""ArkUI接口新增仅支持Stage模型的约束"")",entry\src\main\ets\components\outliner\AutoComplete.ets:322,未修复,接口定义变更
declare class CommonMethod<T>,ArkTS,7.0.0(26) Beta1,ALL,"=HYPERLINK(""https://developer.huawei.com/consumer/cn/doc/harmonyos-releases/changelogs-for-all-apps-7001/#ch2026010615012"",""ArkUI接口新增仅支持Stage模型的约束"")",entry\src\main\ets\components\outliner\AutoComplete.ets:323,未修复,接口定义变更
declare class CommonMethod<T>,ArkTS,7.0.0(26) Beta1,ALL,"=HYPERLINK(""https://developer.huawei.com/consumer/cn/doc/harmonyos-releases/changelogs-for-all-apps-7001/#ch2026010615012"",""ArkUI接口新增仅支持Stage模型的约束"")",entry\src\main\ets\components\outliner\AutoComplete.ets:324,未修复,接口定义变更
declare class CommonMethod<T>,ArkTS,7.0.0(26) Beta1,ALL,"=HYPERLINK(""https://developer.huawei.com/consumer/cn/doc/harmonyos-releases/changelogs-for-all-apps-7001/#ch2026010615012"",""ArkUI接口新增仅支持Stage模型的约束"")",entry\src\main\ets\components\outliner\AutoComplete.ets:325,未修复,接口定义变更
declare class CommonMethod<T>,ArkTS,7.0.0(26) Beta1,ALL,"=HYPERLINK(""https://developer.huawei.com/consumer/cn/doc/harmonyos-releases/changelogs-for-all-apps-7001/#ch2026010615012"",""ArkUI接口新增仅支持Stage模型的约束"")",entry\src\main\ets\components\outliner\AutoComplete.ets:326,未修复,接口定义变更
declare class CommonMethod<T>,ArkTS,7.0.0(26) Beta1,ALL,"=HYPERLINK(""https://developer.huawei.com/consumer/cn/doc/harmonyos-releases/changelogs-for-all-apps-7001/#ch2026010615012"",""ArkUI接口新增仅支持Stage模型的约束"")",entry\src\main\ets\components\outliner\BlockChildren.ets:52,未修复,接口定义变更
declare class CommonMethod<T>,ArkTS,7.0.0(26) Beta1,ALL,"=HYPERLINK(""https://developer.huawei.com/consumer/cn/doc/harmonyos-releases/changelogs-for-all-apps-7001/#ch2026010615012"",""ArkUI接口新增仅支持Stage模型的约束"")",entry\src\main\ets\components\outliner\BlockChildren.ets:65,未修复,接口定义变更
declare class CommonMethod<T>,ArkTS,7.0.0(26) Beta1,ALL,"=HYPERLINK(""https://developer.huawei.com/consumer/cn/doc/harmonyos-releases/changelogs-for-all-apps-7001/#ch2026010615012"",""ArkUI接口新增仅支持Stage模型的约束"")",entry\src\main\ets\components\outliner\BlockChildren.ets:68,未修复,接口定义变更
declare class CommonMethod<T>,ArkTS,7.0.0(26) Beta1,ALL,"=HYPERLINK(""https://developer.huawei.com/consumer/cn/doc/harmonyos-releases/changelogs-for-all-apps-7001/#ch2026010615012"",""ArkUI接口新增仅支持Stage模型的约束"")",entry\src\main\ets\components\outliner\BlockDragHandler.ets:136,未修复,接口定义变更
declare class CommonMethod<T>,ArkTS,7.0.0(26) Beta1,ALL,"=HYPERLINK(""https://developer.huawei.com/consumer/cn/doc/harmonyos-releases/changelogs-for-all-apps-7001/#ch2026010615012"",""ArkUI接口新增仅支持Stage模型的约束"")",entry\src\main\ets\components\outliner\BlockDragHandler.ets:137,未修复,接口定义变更
declare class CommonMethod<T>,ArkTS,7.0.0(26) Beta1,ALL,"=HYPERLINK(""https://developer.huawei.com/consumer/cn/doc/harmonyos-releases/changelogs-for-all-apps-7001/#ch2026010615012"",""ArkUI接口新增仅支持Stage模型的约束"")",entry\src\main\ets\components\outliner\BlockDragHandler.ets:170,未修复,接口定义变更
declare class CommonMethod<T>,ArkTS,7.0.0(26) Beta1,ALL,"=HYPERLINK(""https://developer.huawei.com/consumer/cn/doc/harmonyos-releases/changelogs-for-all-apps-7001/#ch2026010615012"",""ArkUI接口新增仅支持Stage模型的约束"")",entry\src\main\ets\components\outliner\BlockDragHandler.ets:171,未修复,接口定义变更
declare class CommonMethod<T>,ArkTS,7.0.0(26) Beta1,ALL,"=HYPERLINK(""https://developer.huawei.com/consumer/cn/doc/harmonyos-releases/changelogs-for-all-apps-7001/#ch2026010615012"",""ArkUI接口新增仅支持Stage模型的约束"")",entry\src\main\ets\components\outliner\BlockDragHandler.ets:183,未修复,接口定义变更
declare class CommonMethod<T>,ArkTS,7.0.0(26) Beta1,ALL,"=HYPERLINK(""https://developer.huawei.com/consumer/cn/doc/harmonyos-releases/changelogs-for-all-apps-7001/#ch2026010615012"",""ArkUI接口新增仅支持Stage模型的约束"")",entry\src\main\ets\components\outliner\BlockDragHandler.ets:184,未修复,接口定义变更
declare class CommonMethod<T>,ArkTS,7.0.0(26) Beta1,ALL,"=HYPERLINK(""https://developer.huawei.com/consumer/cn/doc/harmonyos-releases/changelogs-for-all-apps-7001/#ch2026010615012"",""ArkUI接口新增仅支持Stage模型的约束"")",entry\src\main\ets\components\outliner\BlockDragHandler.ets:185,未修复,接口定义变更
declare class CommonMethod<T>,ArkTS,7.0.0(26) Beta1,ALL,"=HYPERLINK(""https://developer.huawei.com/consumer/cn/doc/harmonyos-releases/changelogs-for-all-apps-7001/#ch2026010615012"",""ArkUI接口新增仅支持Stage模型的约束"")",entry\src\main\ets\components\outliner\BlockDragHandler.ets:193,未修复,接口定义变更
declare class CommonMethod<T>,ArkTS,7.0.0(26) Beta1,ALL,"=HYPERLINK(""https://developer.huawei.com/consumer/cn/doc/harmonyos-releases/changelogs-for-all-apps-7001/#ch2026010615012"",""ArkUI接口新增仅支持Stage模型的约束"")",entry\src\main\ets\components\outliner\BlockDragHandler.ets:202,未修复,接口定义变更
declare class CommonMethod<T>,ArkTS,7.0.0(26) Beta1,ALL,"=HYPERLINK(""https://developer.huawei.com/consumer/cn/doc/harmonyos-releases/changelogs-for-all-apps-7001/#ch2026010615012"",""ArkUI接口新增仅支持Stage模型的约束"")",entry\src\main\ets\components\outliner\BlockDragHandler.ets:206,未修复,接口定义变更
declare class CommonMethod<T>,ArkTS,7.0.0(26) Beta1,ALL,"=HYPERLINK(""https://developer.huawei.com/consumer/cn/doc/harmonyos-releases/changelogs-for-all-apps-7001/#ch2026010615012"",""ArkUI接口新增仅支持Stage模型的约束"")",entry\src\main\ets\components\outliner\BlockDragHandler.ets:211,未修复,接口定义变更
declare class CommonMethod<T>,ArkTS,7.0.0(26) Beta1,ALL,"=HYPERLINK(""https://developer.huawei.com/consumer/cn/doc/harmonyos-releases/changelogs-for-all-apps-7001/#ch2026010615012"",""ArkUI接口新增仅支持Stage模型的约束"")",entry\src\main\ets\components\outliner\BlockDragHandler.ets:213,未修复,接口定义变更
declare class CommonMethod<T>,ArkTS,7.0.0(26) Beta1,ALL,"=HYPERLINK(""https://developer.huawei.com/consumer/cn/doc/harmonyos-releases/changelogs-for-all-apps-7001/#ch2026010615012"",""ArkUI接口新增仅支持Stage模型的约束"")",entry\src\main\ets\components\outliner\BlockDragHandler.ets:214,未修复,接口定义变更
declare class CommonMethod<T>,ArkTS,7.0.0(26) Beta1,ALL,"=HYPERLINK(""https://developer.huawei.com/consumer/cn/doc/harmonyos-releases/changelogs-for-all-apps-7001/#ch2026010615012"",""ArkUI接口新增仅支持Stage模型的约束"")",entry\src\main\ets\components\outliner\BlockDragHandler.ets:215,未修复,接口定义变更
declare class CommonMethod<T>,ArkTS,7.0.0(26) Beta1,ALL,"=HYPERLINK(""https://developer.huawei.com/consumer/cn/doc/harmonyos-releases/changelogs-for-all-apps-7001/#ch2026010615012"",""ArkUI接口新增仅支持Stage模型的约束"")",entry\src\main\ets\components\outliner\BlockDragHandler.ets:227,未修复,接口定义变更
declare class CommonMethod<T>,ArkTS,7.0.0(26) Beta1,ALL,"=HYPERLINK(""https://developer.huawei.com/consumer/cn/doc/harmonyos-releases/changelogs-for-all-apps-7001/#ch2026010615012"",""ArkUI接口新增仅支持Stage模型的约束"")",entry\src\main\ets\components\outliner\BlockDragHandler.ets:233,未修复,接口定义变更
declare class CommonMethod<T>,ArkTS,7.0.0(26) Beta1,ALL,"=HYPERLINK(""https://developer.huawei.com/consumer/cn/doc/harmonyos-releases/changelogs-for-all-apps-7001/#ch2026010615012"",""ArkUI接口新增仅支持Stage模型的约束"")",entry\src\main\ets\components\outliner\BlockDragHandler.ets:235,未修复,接口定义变更
declare class CommonMethod<T>,ArkTS,7.0.0(26) Beta1,ALL,"=HYPERLINK(""https://developer.huawei.com/consumer/cn/doc/harmonyos-releases/changelogs-for-all-apps-7001/#ch2026010615012"",""ArkUI接口新增仅支持Stage模型的约束"")",entry\src\main\ets\components\outliner\BlockDragHandler.ets:236,未修复,接口定义变更
declare class CommonMethod<T>,ArkTS,7.0.0(26) Beta1,ALL,"=HYPERLINK(""https://developer.huawei.com/consumer/cn/doc/harmonyos-releases/changelogs-for-all-apps-7001/#ch2026010615012"",""ArkUI接口新增仅支持Stage模型的约束"")",entry\src\main\ets\components\outliner\BlockDragHandler.ets:237,未修复,接口定义变更
declare class CommonMethod<T>,ArkTS,7.0.0(26) Beta1,ALL,"=HYPERLINK(""https://developer.huawei.com/consumer/cn/doc/harmonyos-releases/changelogs-for-all-apps-7001/#ch2026010615012"",""ArkUI接口新增仅支持Stage模型的约束"")",entry\src\main\ets\components\outliner\BlockDragHandler.ets:238,未修复,接口定义变更
declare class CommonMethod<T>,ArkTS,7.0.0(26) Beta1,ALL,"=HYPERLINK(""https://developer.huawei.com/consumer/cn/doc/harmonyos-releases/changelogs-for-all-apps-7001/#ch2026010615012"",""ArkUI接口新增仅支持Stage模型的约束"")",entry\src\main\ets\components\outliner\BlockDragHandler.ets:239,未修复,接口定义变更
declare class CommonMethod<T>,ArkTS,7.0.0(26) Beta1,ALL,"=HYPERLINK(""https://developer.huawei.com/consumer/cn/doc/harmonyos-releases/changelogs-for-all-apps-7001/#ch2026010615012"",""ArkUI接口新增仅支持Stage模型的约束"")",entry\src\main\ets\components\outliner\BlockDragHandler.ets:240,未修复,接口定义变更
declare class CommonMethod<T>,ArkTS,7.0.0(26) Beta1,ALL,"=HYPERLINK(""https://developer.huawei.com/consumer/cn/doc/harmonyos-releases/changelogs-for-all-apps-7001/#ch2026010615012"",""ArkUI接口新增仅支持Stage模型的约束"")",entry\src\main\ets\components\outliner\BlockDragHandler.ets:243,未修复,接口定义变更
declare class CommonMethod<T>,ArkTS,7.0.0(26) Beta1,ALL,"=HYPERLINK(""https://developer.huawei.com/consumer/cn/doc/harmonyos-releases/changelogs-for-all-apps-7001/#ch2026010615012"",""ArkUI接口新增仅支持Stage模型的约束"")",entry\src\main\ets\components\outliner\BlockDragHandler.ets:244,未修复,接口定义变更
declare class CommonMethod<T>,ArkTS,7.0.0(26) Beta1,ALL,"=HYPERLINK(""https://developer.huawei.com/consumer/cn/doc/harmonyos-releases/changelogs-for-all-apps-7001/#ch2026010615012"",""ArkUI接口新增仅支持Stage模型的约束"")",entry\src\main\ets\components\outliner\BlockDragHandler.ets:253,未修复,接口定义变更
declare class CommonMethod<T>,ArkTS,7.0.0(26) Beta1,ALL,"=HYPERLINK(""https://developer.huawei.com/consumer/cn/doc/harmonyos-releases/changelogs-for-all-apps-7001/#ch2026010615012"",""ArkUI接口新增仅支持Stage模型的约束"")",entry\src\main\ets\components\outliner\BlockDragHandler.ets:254,未修复,接口定义变更
declare class CommonMethod<T>,ArkTS,7.0.0(26) Beta1,ALL,"=HYPERLINK(""https://developer.huawei.com/consumer/cn/doc/harmonyos-releases/changelogs-for-all-apps-7001/#ch2026010615012"",""ArkUI接口新增仅支持Stage模型的约束"")",entry\src\main\ets\components\outliner\BlockDragHandler.ets:255,未修复,接口定义变更
declare class CommonMethod<T>,ArkTS,7.0.0(26) Beta1,ALL,"=HYPERLINK(""https://developer.huawei.com/consumer/cn/doc/harmonyos-releases/changelogs-for-all-apps-7001/#ch2026010615012"",""ArkUI接口新增仅支持Stage模型的约束"")",entry\src\main\ets\components\outliner\BlockDragHandler.ets:256,未修复,接口定义变更
declare class CommonMethod<T>,ArkTS,7.0.0(26) Beta1,ALL,"=HYPERLINK(""https://developer.huawei.com/consumer/cn/doc/harmonyos-releases/changelogs-for-all-apps-7001/#ch2026010615012"",""ArkUI接口新增仅支持Stage模型的约束"")",entry\src\main\ets\components\outliner\BlockDragHandler.ets:258,未修复,接口定义变更
declare class CommonMethod<T>,ArkTS,7.0.0(26) Beta1,ALL,"=HYPERLINK(""https://developer.huawei.com/consumer/cn/doc/harmonyos-releases/changelogs-for-all-apps-7001/#ch2026010615012"",""ArkUI接口新增仅支持Stage模型的约束"")",entry\src\main\ets\components\outliner\BlockDragHandler.ets:259,未修复,接口定义变更
declare class CommonMethod<T>,ArkTS,7.0.0(26) Beta1,ALL,"=HYPERLINK(""https://developer.huawei.com/consumer/cn/doc/harmonyos-releases/changelogs-for-all-apps-7001/#ch2026010615012"",""ArkUI接口新增仅支持Stage模型的约束"")",entry\src\main\ets\components\outliner\BlockList.ets:122,未修复,接口定义变更
declare class CommonMethod<T>,ArkTS,7.0.0(26) Beta1,ALL,"=HYPERLINK(""https://developer.huawei.com/consumer/cn/doc/harmonyos-releases/changelogs-for-all-apps-7001/#ch2026010615012"",""ArkUI接口新增仅支持Stage模型的约束"")",entry\src\main\ets\components\outliner\BlockList.ets:136,未修复,接口定义变更
declare class CommonMethod<T>,ArkTS,7.0.0(26) Beta1,ALL,"=HYPERLINK(""https://developer.huawei.com/consumer/cn/doc/harmonyos-releases/changelogs-for-all-apps-7001/#ch2026010615012"",""ArkUI接口新增仅支持Stage模型的约束"")",entry\src\main\ets\components\outliner\BlockList.ets:137,未修复,接口定义变更
declare class CommonMethod<T>,ArkTS,7.0.0(26) Beta1,ALL,"=HYPERLINK(""https://developer.huawei.com/consumer/cn/doc/harmonyos-releases/changelogs-for-all-apps-7001/#ch2026010615012"",""ArkUI接口新增仅支持Stage模型的约束"")",entry\src\main\ets\components\outliner\BlockList.ets:144,未修复,接口定义变更
declare class CommonMethod<T>,ArkTS,7.0.0(26) Beta1,ALL,"=HYPERLINK(""https://developer.huawei.com/consumer/cn/doc/harmonyos-releases/changelogs-for-all-apps-7001/#ch2026010615012"",""ArkUI接口新增仅支持Stage模型的约束"")",entry\src\main\ets\components\outliner\BlockList.ets:145,未修复,接口定义变更
declare class CommonMethod<T>,ArkTS,7.0.0(26) Beta1,ALL,"=HYPERLINK(""https://developer.huawei.com/consumer/cn/doc/harmonyos-releases/changelogs-for-all-apps-7001/#ch2026010615012"",""ArkUI接口新增仅支持Stage模型的约束"")",entry\src\main\ets\components\outliner\BlockList.ets:161,未修复,接口定义变更
declare class CommonMethod<T>,ArkTS,7.0.0(26) Beta1,ALL,"=HYPERLINK(""https://developer.huawei.com/consumer/cn/doc/harmonyos-releases/changelogs-for-all-apps-7001/#ch2026010615012"",""ArkUI接口新增仅支持Stage模型的约束"")",entry\src\main\ets\components\outliner\BlockList.ets:162,未修复,接口定义变更
declare class CommonMethod<T>,ArkTS,7.0.0(26) Beta1,ALL,"=HYPERLINK(""https://developer.huawei.com/consumer/cn/doc/harmonyos-releases/changelogs-for-all-apps-7001/#ch2026010615012"",""ArkUI接口新增仅支持Stage模型的约束"")",entry\src\main\ets\components\outliner\BlockList.ets:163,未修复,接口定义变更
declare class CommonMethod<T>,ArkTS,7.0.0(26) Beta1,ALL,"=HYPERLINK(""https://developer.huawei.com/consumer/cn/doc/harmonyos-releases/changelogs-for-all-apps-7001/#ch2026010615012"",""ArkUI接口新增仅支持Stage模型的约束"")",entry\src\main\ets\components\outliner\BlockList.ets:164,未修复,接口定义变更
declare class CommonMethod<T>,ArkTS,7.0.0(26) Beta1,ALL,"=HYPERLINK(""https://developer.huawei.com/consumer/cn/doc/harmonyos-releases/changelogs-for-all-apps-7001/#ch2026010615012"",""ArkUI接口新增仅支持Stage模型的约束"")",entry\src\main\ets\components\outliner\BlockList.ets:182,未修复,接口定义变更
declare class CommonMethod<T>,ArkTS,7.0.0(26) Beta1,ALL,"=HYPERLINK(""https://developer.huawei.com/consumer/cn/doc/harmonyos-releases/changelogs-for-all-apps-7001/#ch2026010615012"",""ArkUI接口新增仅支持Stage模型的约束"")",entry\src\main\ets\components\outliner\BlockList.ets:183,未修复,接口定义变更
declare class CommonMethod<T>,ArkTS,7.0.0(26) Beta1,ALL,"=HYPERLINK(""https://developer.huawei.com/consumer/cn/doc/harmonyos-releases/changelogs-for-all-apps-7001/#ch2026010615012"",""ArkUI接口新增仅支持Stage模型的约束"")",entry\src\main\ets\components\outliner\BlockList.ets:184,未修复,接口定义变更
declare class CommonMethod<T>,ArkTS,7.0.0(26) Beta1,ALL,"=HYPERLINK(""https://developer.huawei.com/consumer/cn/doc/harmonyos-releases/changelogs-for-all-apps-7001/#ch2026010615012"",""ArkUI接口新增仅支持Stage模型的约束"")",entry\src\main\ets\components\outliner\BlockList.ets:185,未修复,接口定义变更
declare class CommonMethod<T>,ArkTS,7.0.0(26) Beta1,ALL,"=HYPERLINK(""https://developer.huawei.com/consumer/cn/doc/harmonyos-releases/changelogs-for-all-apps-7001/#ch2026010615012"",""ArkUI接口新增仅支持Stage模型的约束"")",entry\src\main\ets\components\outliner\BlockSelection.ets:103,未修复,接口定义变更
declare class CommonMethod<T>,ArkTS,7.0.0(26) Beta1,ALL,"=HYPERLINK(""https://developer.huawei.com/consumer/cn/doc/harmonyos-releases/changelogs-for-all-apps-7001/#ch2026010615012"",""ArkUI接口新增仅支持Stage模型的约束"")",entry\src\main\ets\components\outliner\BlockSelection.ets:105,未修复,接口定义变更
declare class CommonMethod<T>,ArkTS,7.0.0(26) Beta1,ALL,"=HYPERLINK(""https://developer.huawei.com/consumer/cn/doc/harmonyos-releases/changelogs-for-all-apps-7001/#ch2026010615012"",""ArkUI接口新增仅支持Stage模型的约束"")",entry\src\main\ets\components\outliner\BlockSelection.ets:106,未修复,接口定义变更
declare class CommonMethod<T>,ArkTS,7.0.0(26) Beta1,ALL,"=HYPERLINK(""https://developer.huawei.com/consumer/cn/doc/harmonyos-releases/changelogs-for-all-apps-7001/#ch2026010615012"",""ArkUI接口新增仅支持Stage模型的约束"")",entry\src\main\ets\components\outliner\BlockSelection.ets:114,未修复,接口定义变更
declare class CommonMethod<T>,ArkTS,7.0.0(26) Beta1,ALL,"=HYPERLINK(""https://developer.huawei.com/consumer/cn/doc/harmonyos-releases/changelogs-for-all-apps-7001/#ch2026010615012"",""ArkUI接口新增仅支持Stage模型的约束"")",entry\src\main\ets\components\outliner\BlockSelection.ets:116,未修复,接口定义变更
declare class CommonMethod<T>,ArkTS,7.0.0(26) Beta1,ALL,"=HYPERLINK(""https://developer.huawei.com/consumer/cn/doc/harmonyos-releases/changelogs-for-all-apps-7001/#ch2026010615012"",""ArkUI接口新增仅支持Stage模型的约束"")",entry\src\main\ets\components\outliner\BlockSelection.ets:117,未修复,接口定义变更
declare class CommonMethod<T>,ArkTS,7.0.0(26) Beta1,ALL,"=HYPERLINK(""https://developer.huawei.com/consumer/cn/doc/harmonyos-releases/changelogs-for-all-apps-7001/#ch2026010615012"",""ArkUI接口新增仅支持Stage模型的约束"")",entry\src\main\ets\components\outliner\BlockSelection.ets:125,未修复,接口定义变更
declare class CommonMethod<T>,ArkTS,7.0.0(26) Beta1,ALL,"=HYPERLINK(""https://developer.huawei.com/consumer/cn/doc/harmonyos-releases/changelogs-for-all-apps-7001/#ch2026010615012"",""ArkUI接口新增仅支持Stage模型的约束"")",entry\src\main\ets\components\outliner\BlockSelection.ets:127,未修复,接口定义变更
declare class CommonMethod<T>,ArkTS,7.0.0(26) Beta1,ALL,"=HYPERLINK(""https://developer.huawei.com/consumer/cn/doc/harmonyos-releases/changelogs-for-all-apps-7001/#ch2026010615012"",""ArkUI接口新增仅支持Stage模型的约束"")",entry\src\main\ets\components\outliner\BlockSelection.ets:128,未修复,接口定义变更
declare class CommonMethod<T>,ArkTS,7.0.0(26) Beta1,ALL,"=HYPERLINK(""https://developer.huawei.com/consumer/cn/doc/harmonyos-releases/changelogs-for-all-apps-7001/#ch2026010615012"",""ArkUI接口新增仅支持Stage模型的约束"")",entry\src\main\ets\components\outliner\BlockSelection.ets:136,未修复,接口定义变更
declare class CommonMethod<T>,ArkTS,7.0.0(26) Beta1,ALL,"=HYPERLINK(""https://developer.huawei.com/consumer/cn/doc/harmonyos-releases/changelogs-for-all-apps-7001/#ch2026010615012"",""ArkUI接口新增仅支持Stage模型的约束"")",entry\src\main\ets\components\outliner\BlockSelection.ets:138,未修复,接口定义变更
declare class CommonMethod<T>,ArkTS,7.0.0(26) Beta1,ALL,"=HYPERLINK(""https://developer.huawei.com/consumer/cn/doc/harmonyos-releases/changelogs-for-all-apps-7001/#ch2026010615012"",""ArkUI接口新增仅支持Stage模型的约束"")",entry\src\main\ets\components\outliner\BlockSelection.ets:139,未修复,接口定义变更
declare class CommonMethod<T>,ArkTS,7.0.0(26) Beta1,ALL,"=HYPERLINK(""https://developer.huawei.com/consumer/cn/doc/harmonyos-releases/changelogs-for-all-apps-7001/#ch2026010615012"",""ArkUI接口新增仅支持Stage模型的约束"")",entry\src\main\ets\components\outliner\BlockSelection.ets:147,未修复,接口定义变更
declare class CommonMethod<T>,ArkTS,7.0.0(26) Beta1,ALL,"=HYPERLINK(""https://developer.huawei.com/consumer/cn/doc/harmonyos-releases/changelogs-for-all-apps-7001/#ch2026010615012"",""ArkUI接口新增仅支持Stage模型的约束"")",entry\src\main\ets\components\outliner\BlockSelection.ets:149,未修复,接口定义变更
declare class CommonMethod<T>,ArkTS,7.0.0(26) Beta1,ALL,"=HYPERLINK(""https://developer.huawei.com/consumer/cn/doc/harmonyos-releases/changelogs-for-all-apps-7001/#ch2026010615012"",""ArkUI接口新增仅支持Stage模型的约束"")",entry\src\main\ets\components\outliner\BlockSelection.ets:150,未修复,接口定义变更
declare class CommonMethod<T>,ArkTS,7.0.0(26) Beta1,ALL,"=HYPERLINK(""https://developer.huawei.com/consumer/cn/doc/harmonyos-releases/changelogs-for-all-apps-7001/#ch2026010615012"",""ArkUI接口新增仅支持Stage模型的约束"")",entry\src\main\ets\components\outliner\BlockSelection.ets:154,未修复,接口定义变更
declare class CommonMethod<T>,ArkTS,7.0.0(26) Beta1,ALL,"=HYPERLINK(""https://developer.huawei.com/consumer/cn/doc/harmonyos-releases/changelogs-for-all-apps-7001/#ch2026010615012"",""ArkUI接口新增仅支持Stage模型的约束"")",entry\src\main\ets\components\outliner\BlockSelection.ets:155,未修复,接口定义变更
declare class CommonMethod<T>,ArkTS,7.0.0(26) Beta1,ALL,"=HYPERLINK(""https://developer.huawei.com/consumer/cn/doc/harmonyos-releases/changelogs-for-all-apps-7001/#ch2026010615012"",""ArkUI接口新增仅支持Stage模型的约束"")",entry\src\main\ets\components\outliner\BlockSelection.ets:156,未修复,接口定义变更
declare class CommonMethod<T>,ArkTS,7.0.0(26) Beta1,ALL,"=HYPERLINK(""https://developer.huawei.com/consumer/cn/doc/harmonyos-releases/changelogs-for-all-apps-7001/#ch2026010615012"",""ArkUI接口新增仅支持Stage模型的约束"")",entry\src\main\ets\components\outliner\BlockSelection.ets:157,未修复,接口定义变更
declare class CommonMethod<T>,ArkTS,7.0.0(26) Beta1,ALL,"=HYPERLINK(""https://developer.huawei.com/consumer/cn/doc/harmonyos-releases/changelogs-for-all-apps-7001/#ch2026010615012"",""ArkUI接口新增仅支持Stage模型的约束"")",entry\src\main\ets\components\outliner\BlockSelection.ets:158,未修复,接口定义变更
declare class CommonMethod<T>,ArkTS,7.0.0(26) Beta1,ALL,"=HYPERLINK(""https://developer.huawei.com/consumer/cn/doc/harmonyos-releases/changelogs-for-all-apps-7001/#ch2026010615012"",""ArkUI接口新增仅支持Stage模型的约束"")",entry\src\main\ets\components\outliner\BlockSelection.ets:160,未修复,接口定义变更
declare class CommonMethod<T>,ArkTS,7.0.0(26) Beta1,ALL,"=HYPERLINK(""https://developer.huawei.com/consumer/cn/doc/harmonyos-releases/changelogs-for-all-apps-7001/#ch2026010615012"",""ArkUI接口新增仅支持Stage模型的约束"")",entry\src\main\ets\components\outliner\BlockSelection.ets:161,未修复,接口定义变更
declare class CommonMethod<T>,ArkTS,7.0.0(26) Beta1,ALL,"=HYPERLINK(""https://developer.huawei.com/consumer/cn/doc/harmonyos-releases/changelogs-for-all-apps-7001/#ch2026010615012"",""ArkUI接口新增仅支持Stage模型的约束"")",entry\src\main\ets\components\outliner\BlockSelection.ets:162,未修复,接口定义变更
declare class CommonMethod<T>,ArkTS,7.0.0(26) Beta1,ALL,"=HYPERLINK(""https://developer.huawei.com/consumer/cn/doc/harmonyos-releases/changelogs-for-all-apps-7001/#ch2026010615012"",""ArkUI接口新增仅支持Stage模型的约束"")",entry\src\main\ets\components\outliner\BlockSelection.ets:71,未修复,接口定义变更
declare class CommonMethod<T>,ArkTS,7.0.0(26) Beta1,ALL,"=HYPERLINK(""https://developer.huawei.com/consumer/cn/doc/harmonyos-releases/changelogs-for-all-apps-7001/#ch2026010615012"",""ArkUI接口新增仅支持Stage模型的约束"")",entry\src\main\ets\components\outliner\BlockSelection.ets:84,未修复,接口定义变更
declare class CommonMethod<T>,ArkTS,7.0.0(26) Beta1,ALL,"=HYPERLINK(""https://developer.huawei.com/consumer/cn/doc/harmonyos-releases/changelogs-for-all-apps-7001/#ch2026010615012"",""ArkUI接口新增仅支持Stage模型的约束"")",entry\src\main\ets\components\outliner\BlockSelection.ets:85,未修复,接口定义变更
declare class CommonMethod<T>,ArkTS,7.0.0(26) Beta1,ALL,"=HYPERLINK(""https://developer.huawei.com/consumer/cn/doc/harmonyos-releases/changelogs-for-all-apps-7001/#ch2026010615012"",""ArkUI接口新增仅支持Stage模型的约束"")",entry\src\main\ets\components\outliner\BlockSelection.ets:86,未修复,接口定义变更
declare class CommonMethod<T>,ArkTS,7.0.0(26) Beta1,ALL,"=HYPERLINK(""https://developer.huawei.com/consumer/cn/doc/harmonyos-releases/changelogs-for-all-apps-7001/#ch2026010615012"",""ArkUI接口新增仅支持Stage模型的约束"")",entry\src\main\ets\components\outliner\BlockSelection.ets:92,未修复,接口定义变更
declare class CommonMethod<T>,ArkTS,7.0.0(26) Beta1,ALL,"=HYPERLINK(""https://developer.huawei.com/consumer/cn/doc/harmonyos-releases/changelogs-for-all-apps-7001/#ch2026010615012"",""ArkUI接口新增仅支持Stage模型的约束"")",entry\src\main\ets\components\outliner\BlockSelection.ets:94,未修复,接口定义变更
declare class CommonMethod<T>,ArkTS,7.0.0(26) Beta1,ALL,"=HYPERLINK(""https://developer.huawei.com/consumer/cn/doc/harmonyos-releases/changelogs-for-all-apps-7001/#ch2026010615012"",""ArkUI接口新增仅支持Stage模型的约束"")",entry\src\main\ets\components\outliner\BlockSelection.ets:95,未修复,接口定义变更
declare class CommonMethod<T>,ArkTS,7.0.0(26) Beta1,ALL,"=HYPERLINK(""https://developer.huawei.com/consumer/cn/doc/harmonyos-releases/changelogs-for-all-apps-7001/#ch2026010615012"",""ArkUI接口新增仅支持Stage模型的约束"")",entry\src\main\ets\components\outliner\BlockView.ets:103,未修复,接口定义变更
declare class CommonMethod<T>,ArkTS,7.0.0(26) Beta1,ALL,"=HYPERLINK(""https://developer.huawei.com/consumer/cn/doc/harmonyos-releases/changelogs-for-all-apps-7001/#ch2026010615012"",""ArkUI接口新增仅支持Stage模型的约束"")",entry\src\main\ets\components\outliner\BlockView.ets:104,未修复,接口定义变更
declare class CommonMethod<T>,ArkTS,7.0.0(26) Beta1,ALL,"=HYPERLINK(""https://developer.huawei.com/consumer/cn/doc/harmonyos-releases/changelogs-for-all-apps-7001/#ch2026010615012"",""ArkUI接口新增仅支持Stage模型的约束"")",entry\src\main\ets\components\outliner\BlockView.ets:105,未修复,接口定义变更
declare class CommonMethod<T>,ArkTS,7.0.0(26) Beta1,ALL,"=HYPERLINK(""https://developer.huawei.com/consumer/cn/doc/harmonyos-releases/changelogs-for-all-apps-7001/#ch2026010615012"",""ArkUI接口新增仅支持Stage模型的约束"")",entry\src\main\ets\components\outliner\BlockView.ets:106,未修复,接口定义变更
declare class CommonMethod<T>,ArkTS,7.0.0(26) Beta1,ALL,"=HYPERLINK(""https://developer.huawei.com/consumer/cn/doc/harmonyos-releases/changelogs-for-all-apps-7001/#ch2026010615012"",""ArkUI接口新增仅支持Stage模型的约束"")",entry\src\main\ets\components\outliner\BlockView.ets:119,未修复,接口定义变更
declare class CommonMethod<T>,ArkTS,7.0.0(26) Beta1,ALL,"=HYPERLINK(""https://developer.huawei.com/consumer/cn/doc/harmonyos-releases/changelogs-for-all-apps-7001/#ch2026010615012"",""ArkUI接口新增仅支持Stage模型的约束"")",entry\src\main\ets\components\outliner\BlockView.ets:156,未修复,接口定义变更
declare class CommonMethod<T>,ArkTS,7.0.0(26) Beta1,ALL,"=HYPERLINK(""https://developer.huawei.com/consumer/cn/doc/harmonyos-releases/changelogs-for-all-apps-7001/#ch2026010615012"",""ArkUI接口新增仅支持Stage模型的约束"")",entry\src\main\ets\components\outliner\BlockView.ets:158,未修复,接口定义变更
declare class CommonMethod<T>,ArkTS,7.0.0(26) Beta1,ALL,"=HYPERLINK(""https://developer.huawei.com/consumer/cn/doc/harmonyos-releases/changelogs-for-all-apps-7001/#ch2026010615012"",""ArkUI接口新增仅支持Stage模型的约束"")",entry\src\main\ets\components\outliner\BlockView.ets:167,未修复,接口定义变更
declare class CommonMethod<T>,ArkTS,7.0.0(26) Beta1,ALL,"=HYPERLINK(""https://developer.huawei.com/consumer/cn/doc/harmonyos-releases/changelogs-for-all-apps-7001/#ch2026010615012"",""ArkUI接口新增仅支持Stage模型的约束"")",entry\src\main\ets\components\outliner\BlockView.ets:168,未修复,接口定义变更
declare class CommonMethod<T>,ArkTS,7.0.0(26) Beta1,ALL,"=HYPERLINK(""https://developer.huawei.com/consumer/cn/doc/harmonyos-releases/changelogs-for-all-apps-7001/#ch2026010615012"",""ArkUI接口新增仅支持Stage模型的约束"")",entry\src\main\ets\components\outliner\BlockView.ets:172,未修复,接口定义变更
declare class CommonMethod<T>,ArkTS,7.0.0(26) Beta1,ALL,"=HYPERLINK(""https://developer.huawei.com/consumer/cn/doc/harmonyos-releases/changelogs-for-all-apps-7001/#ch2026010615012"",""ArkUI接口新增仅支持Stage模型的约束"")",entry\src\main\ets\components\outliner\BlockView.ets:173,未修复,接口定义变更
declare class CommonMethod<T>,ArkTS,7.0.0(26) Beta1,ALL,"=HYPERLINK(""https://developer.huawei.com/consumer/cn/doc/harmonyos-releases/changelogs-for-all-apps-7001/#ch2026010615012"",""ArkUI接口新增仅支持Stage模型的约束"")",entry\src\main\ets\components\outliner\BlockView.ets:177,未修复,接口定义变更
declare class CommonMethod<T>,ArkTS,7.0.0(26) Beta1,ALL,"=HYPERLINK(""https://developer.huawei.com/consumer/cn/doc/harmonyos-releases/changelogs-for-all-apps-7001/#ch2026010615012"",""ArkUI接口新增仅支持Stage模型的约束"")",entry\src\main\ets\components\outliner\BlockView.ets:182,未修复,接口定义变更
declare class CommonMethod<T>,ArkTS,7.0.0(26) Beta1,ALL,"=HYPERLINK(""https://developer.huawei.com/consumer/cn/doc/harmonyos-releases/changelogs-for-all-apps-7001/#ch2026010615012"",""ArkUI接口新增仅支持Stage模型的约束"")",entry\src\main\ets\components\outliner\BlockView.ets:183,未修复,接口定义变更
declare class CommonMethod<T>,ArkTS,7.0.0(26) Beta1,ALL,"=HYPERLINK(""https://developer.huawei.com/consumer/cn/doc/harmonyos-releases/changelogs-for-all-apps-7001/#ch2026010615012"",""ArkUI接口新增仅支持Stage模型的约束"")",entry\src\main\ets\components\outliner\BlockView.ets:195,未修复,接口定义变更
declare class CommonMethod<T>,ArkTS,7.0.0(26) Beta1,ALL,"=HYPERLINK(""https://developer.huawei.com/consumer/cn/doc/harmonyos-releases/changelogs-for-all-apps-7001/#ch2026010615012"",""ArkUI接口新增仅支持Stage模型的约束"")",entry\src\main\ets\components\outliner\BlockView.ets:196,未修复,接口定义变更
declare class CommonMethod<T>,ArkTS,7.0.0(26) Beta1,ALL,"=HYPERLINK(""https://developer.huawei.com/consumer/cn/doc/harmonyos-releases/changelogs-for-all-apps-7001/#ch2026010615012"",""ArkUI接口新增仅支持Stage模型的约束"")",entry\src\main\ets\components\outliner\BlockView.ets:197,未修复,接口定义变更
declare class CommonMethod<T>,ArkTS,7.0.0(26) Beta1,ALL,"=HYPERLINK(""https://developer.huawei.com/consumer/cn/doc/harmonyos-releases/changelogs-for-all-apps-7001/#ch2026010615012"",""ArkUI接口新增仅支持Stage模型的约束"")",entry\src\main\ets\components\outliner\BlockView.ets:198,未修复,接口定义变更
declare class CommonMethod<T>,ArkTS,7.0.0(26) Beta1,ALL,"=HYPERLINK(""https://developer.huawei.com/consumer/cn/doc/harmonyos-releases/changelogs-for-all-apps-7001/#ch2026010615012"",""ArkUI接口新增仅支持Stage模型的约束"")",entry\src\main\ets\components\outliner\BlockView.ets:212,未修复,接口定义变更
declare class CommonMethod<T>,ArkTS,7.0.0(26) Beta1,ALL,"=HYPERLINK(""https://developer.huawei.com/consumer/cn/doc/harmonyos-releases/changelogs-for-all-apps-7001/#ch2026010615012"",""ArkUI接口新增仅支持Stage模型的约束"")",entry\src\main\ets\components\outliner\BlockView.ets:215,未修复,接口定义变更
declare class CommonMethod<T>,ArkTS,7.0.0(26) Beta1,ALL,"=HYPERLINK(""https://developer.huawei.com/consumer/cn/doc/harmonyos-releases/changelogs-for-all-apps-7001/#ch2026010615012"",""ArkUI接口新增仅支持Stage模型的约束"")",entry\src\main\ets\components\outliner\BlockView.ets:216,未修复,接口定义变更
declare class CommonMethod<T>,ArkTS,7.0.0(26) Beta1,ALL,"=HYPERLINK(""https://developer.huawei.com/consumer/cn/doc/harmonyos-releases/changelogs-for-all-apps-7001/#ch2026010615012"",""ArkUI接口新增仅支持Stage模型的约束"")",entry\src\main\ets\components\outliner\BlockView.ets:217,未修复,接口定义变更
declare class CommonMethod<T>,ArkTS,7.0.0(26) Beta1,ALL,"=HYPERLINK(""https://developer.huawei.com/consumer/cn/doc/harmonyos-releases/changelogs-for-all-apps-7001/#ch2026010615012"",""ArkUI接口新增仅支持Stage模型的约束"")",entry\src\main\ets\components\outliner\BlockView.ets:218,未修复,接口定义变更
declare class CommonMethod<T>,ArkTS,7.0.0(26) Beta1,ALL,"=HYPERLINK(""https://developer.huawei.com/consumer/cn/doc/harmonyos-releases/changelogs-for-all-apps-7001/#ch2026010615012"",""ArkUI接口新增仅支持Stage模型的约束"")",entry\src\main\ets\components\outliner\BlockView.ets:228,未修复,接口定义变更
declare class CommonMethod<T>,ArkTS,7.0.0(26) Beta1,ALL,"=HYPERLINK(""https://developer.huawei.com/consumer/cn/doc/harmonyos-releases/changelogs-for-all-apps-7001/#ch2026010615012"",""ArkUI接口新增仅支持Stage模型的约束"")",entry\src\main\ets\components\outliner\BlockView.ets:230,未修复,接口定义变更
declare class CommonMethod<T>,ArkTS,7.0.0(26) Beta1,ALL,"=HYPERLINK(""https://developer.huawei.com/consumer/cn/doc/harmonyos-releases/changelogs-for-all-apps-7001/#ch2026010615012"",""ArkUI接口新增仅支持Stage模型的约束"")",entry\src\main\ets\components\outliner\BlockView.ets:231,未修复,接口定义变更
declare class CommonMethod<T>,ArkTS,7.0.0(26) Beta1,ALL,"=HYPERLINK(""https://developer.huawei.com/consumer/cn/doc/harmonyos-releases/changelogs-for-all-apps-7001/#ch2026010615012"",""ArkUI接口新增仅支持Stage模型的约束"")",entry\src\main\ets\components\outliner\BlockView.ets:232,未修复,接口定义变更
declare class CommonMethod<T>,ArkTS,7.0.0(26) Beta1,ALL,"=HYPERLINK(""https://developer.huawei.com/consumer/cn/doc/harmonyos-releases/changelogs-for-all-apps-7001/#ch2026010615012"",""ArkUI接口新增仅支持Stage模型的约束"")",entry\src\main\ets\components\outliner\BlockView.ets:233,未修复,接口定义变更
declare class CommonMethod<T>,ArkTS,7.0.0(26) Beta1,ALL,"=HYPERLINK(""https://developer.huawei.com/consumer/cn/doc/harmonyos-releases/changelogs-for-all-apps-7001/#ch2026010615012"",""ArkUI接口新增仅支持Stage模型的约束"")",entry\src\main\ets\components\outliner\BlockView.ets:234,未修复,接口定义变更
declare class CommonMethod<T>,ArkTS,7.0.0(26) Beta1,ALL,"=HYPERLINK(""https://developer.huawei.com/consumer/cn/doc/harmonyos-releases/changelogs-for-all-apps-7001/#ch2026010615012"",""ArkUI接口新增仅支持Stage模型的约束"")",entry\src\main\ets\components\outliner\BlockView.ets:266,未修复,接口定义变更
declare class CommonMethod<T>,ArkTS,7.0.0(26) Beta1,ALL,"=HYPERLINK(""https://developer.huawei.com/consumer/cn/doc/harmonyos-releases/changelogs-for-all-apps-7001/#ch2026010615012"",""ArkUI接口新增仅支持Stage模型的约束"")",entry\src\main\ets\components\outliner\BlockView.ets:273,未修复,接口定义变更
declare class CommonMethod<T>,ArkTS,7.0.0(26) Beta1,ALL,"=HYPERLINK(""https://developer.huawei.com/consumer/cn/doc/harmonyos-releases/changelogs-for-all-apps-7001/#ch2026010615012"",""ArkUI接口新增仅支持Stage模型的约束"")",entry\src\main\ets\components\outliner\BlockView.ets:274,未修复,接口定义变更
declare class CommonMethod<T>,ArkTS,7.0.0(26) Beta1,ALL,"=HYPERLINK(""https://developer.huawei.com/consumer/cn/doc/harmonyos-releases/changelogs-for-all-apps-7001/#ch2026010615012"",""ArkUI接口新增仅支持Stage模型的约束"")",entry\src\main\ets\components\outliner\BlockView.ets:286,未修复,接口定义变更
declare class CommonMethod<T>,ArkTS,7.0.0(26) Beta1,ALL,"=HYPERLINK(""https://developer.huawei.com/consumer/cn/doc/harmonyos-releases/changelogs-for-all-apps-7001/#ch2026010615012"",""ArkUI接口新增仅支持Stage模型的约束"")",entry\src\main\ets\components\outliner\BlockView.ets:288,未修复,接口定义变更
declare class CommonMethod<T>,ArkTS,7.0.0(26) Beta1,ALL,"=HYPERLINK(""https://developer.huawei.com/consumer/cn/doc/harmonyos-releases/changelogs-for-all-apps-7001/#ch2026010615012"",""ArkUI接口新增仅支持Stage模型的约束"")",entry\src\main\ets\components\outliner\BlockView.ets:297,未修复,接口定义变更
declare class CommonMethod<T>,ArkTS,7.0.0(26) Beta1,ALL,"=HYPERLINK(""https://developer.huawei.com/consumer/cn/doc/harmonyos-releases/changelogs-for-all-apps-7001/#ch2026010615012"",""ArkUI接口新增仅支持Stage模型的约束"")",entry\src\main\ets\components\outliner\BlockView.ets:298,未修复,接口定义变更
declare class CommonMethod<T>,ArkTS,7.0.0(26) Beta1,ALL,"=HYPERLINK(""https://developer.huawei.com/consumer/cn/doc/harmonyos-releases/changelogs-for-all-apps-7001/#ch2026010615012"",""ArkUI接口新增仅支持Stage模型的约束"")",entry\src\main\ets\components\outliner\BlockView.ets:299,未修复,接口定义变更
declare class CommonMethod<T>,ArkTS,7.0.0(26) Beta1,ALL,"=HYPERLINK(""https://developer.huawei.com/consumer/cn/doc/harmonyos-releases/changelogs-for-all-apps-7001/#ch2026010615012"",""ArkUI接口新增仅支持Stage模型的约束"")",entry\src\main\ets\components\outliner\BlockView.ets:304,未修复,接口定义变更
declare class CommonMethod<T>,ArkTS,7.0.0(26) Beta1,ALL,"=HYPERLINK(""https://developer.huawei.com/consumer/cn/doc/harmonyos-releases/changelogs-for-all-apps-7001/#ch2026010615012"",""ArkUI接口新增仅支持Stage模型的约束"")",entry\src\main\ets\components\outliner\BlockView.ets:305,未修复,接口定义变更
declare class CommonMethod<T>,ArkTS,7.0.0(26) Beta1,ALL,"=HYPERLINK(""https://developer.huawei.com/consumer/cn/doc/harmonyos-releases/changelogs-for-all-apps-7001/#ch2026010615012"",""ArkUI接口新增仅支持Stage模型的约束"")",entry\src\main\ets\components\outliner\BlockView.ets:312,未修复,接口定义变更
declare class CommonMethod<T>,ArkTS,7.0.0(26) Beta1,ALL,"=HYPERLINK(""https://developer.huawei.com/consumer/cn/doc/harmonyos-releases/changelogs-for-all-apps-7001/#ch2026010615012"",""ArkUI接口新增仅支持Stage模型的约束"")",entry\src\main\ets\components\outliner\BlockView.ets:313,未修复,接口定义变更
declare class CommonMethod<T>,ArkTS,7.0.0(26) Beta1,ALL,"=HYPERLINK(""https://developer.huawei.com/consumer/cn/doc/harmonyos-releases/changelogs-for-all-apps-7001/#ch2026010615012"",""ArkUI接口新增仅支持Stage模型的约束"")",entry\src\main\ets\components\outliner\BlockView.ets:331,未修复,接口定义变更
declare class CommonMethod<T>,ArkTS,7.0.0(26) Beta1,ALL,"=HYPERLINK(""https://developer.huawei.com/consumer/cn/doc/harmonyos-releases/changelogs-for-all-apps-7001/#ch2026010615012"",""ArkUI接口新增仅支持Stage模型的约束"")",entry\src\main\ets\components\outliner\BlockView.ets:332,未修复,接口定义变更
declare class CommonMethod<T>,ArkTS,7.0.0(26) Beta1,ALL,"=HYPERLINK(""https://developer.huawei.com/consumer/cn/doc/harmonyos-releases/changelogs-for-all-apps-7001/#ch2026010615012"",""ArkUI接口新增仅支持Stage模型的约束"")",entry\src\main\ets\components\outliner\BlockView.ets:340,未修复,接口定义变更
declare class CommonMethod<T>,ArkTS,7.0.0(26) Beta1,ALL,"=HYPERLINK(""https://developer.huawei.com/consumer/cn/doc/harmonyos-releases/changelogs-for-all-apps-7001/#ch2026010615012"",""ArkUI接口新增仅支持Stage模型的约束"")",entry\src\main\ets\components\outliner\BlockView.ets:341,未修复,接口定义变更
declare class CommonMethod<T>,ArkTS,7.0.0(26) Beta1,ALL,"=HYPERLINK(""https://developer.huawei.com/consumer/cn/doc/harmonyos-releases/changelogs-for-all-apps-7001/#ch2026010615012"",""ArkUI接口新增仅支持Stage模型的约束"")",entry\src\main\ets\components\outliner\BlockView.ets:354,未修复,接口定义变更
declare class CommonMethod<T>,ArkTS,7.0.0(26) Beta1,ALL,"=HYPERLINK(""https://developer.huawei.com/consumer/cn/doc/harmonyos-releases/changelogs-for-all-apps-7001/#ch2026010615012"",""ArkUI接口新增仅支持Stage模型的约束"")",entry\src\main\ets\components\outliner\BlockView.ets:356,未修复,接口定义变更
declare class CommonMethod<T>,ArkTS,7.0.0(26) Beta1,ALL,"=HYPERLINK(""https://developer.huawei.com/consumer/cn/doc/harmonyos-releases/changelogs-for-all-apps-7001/#ch2026010615012"",""ArkUI接口新增仅支持Stage模型的约束"")",entry\src\main\ets\components\outliner\BlockView.ets:357,未修复,接口定义变更
declare class CommonMethod<T>,ArkTS,7.0.0(26) Beta1,ALL,"=HYPERLINK(""https://developer.huawei.com/consumer/cn/doc/harmonyos-releases/changelogs-for-all-apps-7001/#ch2026010615012"",""ArkUI接口新增仅支持Stage模型的约束"")",entry\src\main\ets\components\outliner\BlockView.ets:379,未修复,接口定义变更
declare class CommonMethod<T>,ArkTS,7.0.0(26) Beta1,ALL,"=HYPERLINK(""https://developer.huawei.com/consumer/cn/doc/harmonyos-releases/changelogs-for-all-apps-7001/#ch2026010615012"",""ArkUI接口新增仅支持Stage模型的约束"")",entry\src\main\ets\components\outliner\BlockView.ets:380,未修复,接口定义变更
declare class CommonMethod<T>,ArkTS,7.0.0(26) Beta1,ALL,"=HYPERLINK(""https://developer.huawei.com/consumer/cn/doc/harmonyos-releases/changelogs-for-all-apps-7001/#ch2026010615012"",""ArkUI接口新增仅支持Stage模型的约束"")",entry\src\main\ets\components\outliner\BlockView.ets:381,未修复,接口定义变更
declare class CommonMethod<T>,ArkTS,7.0.0(26) Beta1,ALL,"=HYPERLINK(""https://developer.huawei.com/consumer/cn/doc/harmonyos-releases/changelogs-for-all-apps-7001/#ch2026010615012"",""ArkUI接口新增仅支持Stage模型的约束"")",entry\src\main\ets\components\outliner\BlockView.ets:390,未修复,接口定义变更
declare class CommonMethod<T>,ArkTS,7.0.0(26) Beta1,ALL,"=HYPERLINK(""https://developer.huawei.com/consumer/cn/doc/harmonyos-releases/changelogs-for-all-apps-7001/#ch2026010615012"",""ArkUI接口新增仅支持Stage模型的约束"")",entry\src\main\ets\components\outliner\BlockView.ets:391,未修复,接口定义变更
declare class CommonMethod<T>,ArkTS,7.0.0(26) Beta1,ALL,"=HYPERLINK(""https://developer.huawei.com/consumer/cn/doc/harmonyos-releases/changelogs-for-all-apps-7001/#ch2026010615012"",""ArkUI接口新增仅支持Stage模型的约束"")",entry\src\main\ets\components\outliner\BlockView.ets:392,未修复,接口定义变更
declare class CommonMethod<T>,ArkTS,7.0.0(26) Beta1,ALL,"=HYPERLINK(""https://developer.huawei.com/consumer/cn/doc/harmonyos-releases/changelogs-for-all-apps-7001/#ch2026010615012"",""ArkUI接口新增仅支持Stage模型的约束"")",entry\src\main\ets\components\outliner\BlockView.ets:395,未修复,接口定义变更
declare class CommonMethod<T>,ArkTS,7.0.0(26) Beta1,ALL,"=HYPERLINK(""https://developer.huawei.com/consumer/cn/doc/harmonyos-releases/changelogs-for-all-apps-7001/#ch2026010615012"",""ArkUI接口新增仅支持Stage模型的约束"")",entry\src\main\ets\components\outliner\BlockView.ets:396,未修复,接口定义变更
declare class CommonMethod<T>,ArkTS,7.0.0(26) Beta1,ALL,"=HYPERLINK(""https://developer.huawei.com/consumer/cn/doc/harmonyos-releases/changelogs-for-all-apps-7001/#ch2026010615012"",""ArkUI接口新增仅支持Stage模型的约束"")",entry\src\main\ets\components\outliner\BlockView.ets:406,未修复,接口定义变更
declare class CommonMethod<T>,ArkTS,7.0.0(26) Beta1,ALL,"=HYPERLINK(""https://developer.huawei.com/consumer/cn/doc/harmonyos-releases/changelogs-for-all-apps-7001/#ch2026010615012"",""ArkUI接口新增仅支持Stage模型的约束"")",entry\src\main\ets\components\outliner\BlockView.ets:407,未修复,接口定义变更
declare class CommonMethod<T>,ArkTS,7.0.0(26) Beta1,ALL,"=HYPERLINK(""https://developer.huawei.com/consumer/cn/doc/harmonyos-releases/changelogs-for-all-apps-7001/#ch2026010615012"",""ArkUI接口新增仅支持Stage模型的约束"")",entry\src\main\ets\components\outliner\BlockView.ets:408,未修复,接口定义变更
declare class CommonMethod<T>,ArkTS,7.0.0(26) Beta1,ALL,"=HYPERLINK(""https://developer.huawei.com/consumer/cn/doc/harmonyos-releases/changelogs-for-all-apps-7001/#ch2026010615012"",""ArkUI接口新增仅支持Stage模型的约束"")",entry\src\main\ets\components\outliner\BlockView.ets:416,未修复,接口定义变更
declare class CommonMethod<T>,ArkTS,7.0.0(26) Beta1,ALL,"=HYPERLINK(""https://developer.huawei.com/consumer/cn/doc/harmonyos-releases/changelogs-for-all-apps-7001/#ch2026010615012"",""ArkUI接口新增仅支持Stage模型的约束"")",entry\src\main\ets\components\outliner\BlockView.ets:417,未修复,接口定义变更
declare class CommonMethod<T>,ArkTS,7.0.0(26) Beta1,ALL,"=HYPERLINK(""https://developer.huawei.com/consumer/cn/doc/harmonyos-releases/changelogs-for-all-apps-7001/#ch2026010615012"",""ArkUI接口新增仅支持Stage模型的约束"")",entry\src\main\ets\components\outliner\BlockView.ets:418,未修复,接口定义变更
declare class CommonMethod<T>,ArkTS,7.0.0(26) Beta1,ALL,"=HYPERLINK(""https://developer.huawei.com/consumer/cn/doc/harmonyos-releases/changelogs-for-all-apps-7001/#ch2026010615012"",""ArkUI接口新增仅支持Stage模型的约束"")",entry\src\main\ets\components\outliner\BlockView.ets:426,未修复,接口定义变更
declare class CommonMethod<T>,ArkTS,7.0.0(26) Beta1,ALL,"=HYPERLINK(""https://developer.huawei.com/consumer/cn/doc/harmonyos-releases/changelogs-for-all-apps-7001/#ch2026010615012"",""ArkUI接口新增仅支持Stage模型的约束"")",entry\src\main\ets\components\outliner\BlockView.ets:427,未修复,接口定义变更
declare class CommonMethod<T>,ArkTS,7.0.0(26) Beta1,ALL,"=HYPERLINK(""https://developer.huawei.com/consumer/cn/doc/harmonyos-releases/changelogs-for-all-apps-7001/#ch2026010615012"",""ArkUI接口新增仅支持Stage模型的约束"")",entry\src\main\ets\components\outliner\BlockView.ets:428,未修复,接口定义变更
declare class CommonMethod<T>,ArkTS,7.0.0(26) Beta1,ALL,"=HYPERLINK(""https://developer.huawei.com/consumer/cn/doc/harmonyos-releases/changelogs-for-all-apps-7001/#ch2026010615012"",""ArkUI接口新增仅支持Stage模型的约束"")",entry\src\main\ets\components\outliner\BlockView.ets:436,未修复,接口定义变更
declare class CommonMethod<T>,ArkTS,7.0.0(26) Beta1,ALL,"=HYPERLINK(""https://developer.huawei.com/consumer/cn/doc/harmonyos-releases/changelogs-for-all-apps-7001/#ch2026010615012"",""ArkUI接口新增仅支持Stage模型的约束"")",entry\src\main\ets\components\outliner\BlockView.ets:437,未修复,接口定义变更
declare class CommonMethod<T>,ArkTS,7.0.0(26) Beta1,ALL,"=HYPERLINK(""https://developer.huawei.com/consumer/cn/doc/harmonyos-releases/changelogs-for-all-apps-7001/#ch2026010615012"",""ArkUI接口新增仅支持Stage模型的约束"")",entry\src\main\ets\components\outliner\BlockView.ets:438,未修复,接口定义变更
declare class CommonMethod<T>,ArkTS,7.0.0(26) Beta1,ALL,"=HYPERLINK(""https://developer.huawei.com/consumer/cn/doc/harmonyos-releases/changelogs-for-all-apps-7001/#ch2026010615012"",""ArkUI接口新增仅支持Stage模型的约束"")",entry\src\main\ets\components\outliner\BlockView.ets:449,未修复,接口定义变更
declare class CommonMethod<T>,ArkTS,7.0.0(26) Beta1,ALL,"=HYPERLINK(""https://developer.huawei.com/consumer/cn/doc/harmonyos-releases/changelogs-for-all-apps-7001/#ch2026010615012"",""ArkUI接口新增仅支持Stage模型的约束"")",entry\src\main\ets\components\outliner\BlockView.ets:450,未修复,接口定义变更
declare class CommonMethod<T>,ArkTS,7.0.0(26) Beta1,ALL,"=HYPERLINK(""https://developer.huawei.com/consumer/cn/doc/harmonyos-releases/changelogs-for-all-apps-7001/#ch2026010615012"",""ArkUI接口新增仅支持Stage模型的约束"")",entry\src\main\ets\components\outliner\BlockView.ets:451,未修复,接口定义变更
declare class CommonMethod<T>,ArkTS,7.0.0(26) Beta1,ALL,"=HYPERLINK(""https://developer.huawei.com/consumer/cn/doc/harmonyos-releases/changelogs-for-all-apps-7001/#ch2026010615012"",""ArkUI接口新增仅支持Stage模型的约束"")",entry\src\main\ets\components\outliner\BlockView.ets:458,未修复,接口定义变更
declare class CommonMethod<T>,ArkTS,7.0.0(26) Beta1,ALL,"=HYPERLINK(""https://developer.huawei.com/consumer/cn/doc/harmonyos-releases/changelogs-for-all-apps-7001/#ch2026010615012"",""ArkUI接口新增仅支持Stage模型的约束"")",entry\src\main\ets\components\outliner\BlockView.ets:459,未修复,接口定义变更
declare class CommonMethod<T>,ArkTS,7.0.0(26) Beta1,ALL,"=HYPERLINK(""https://developer.huawei.com/consumer/cn/doc/harmonyos-releases/changelogs-for-all-apps-7001/#ch2026010615012"",""ArkUI接口新增仅支持Stage模型的约束"")",entry\src\main\ets\components\outliner\BlockView.ets:460,未修复,接口定义变更
declare class CommonMethod<T>,ArkTS,7.0.0(26) Beta1,ALL,"=HYPERLINK(""https://developer.huawei.com/consumer/cn/doc/harmonyos-releases/changelogs-for-all-apps-7001/#ch2026010615012"",""ArkUI接口新增仅支持Stage模型的约束"")",entry\src\main\ets\components\outliner\BlockView.ets:466,未修复,接口定义变更
declare class CommonMethod<T>,ArkTS,7.0.0(26) Beta1,ALL,"=HYPERLINK(""https://developer.huawei.com/consumer/cn/doc/harmonyos-releases/changelogs-for-all-apps-7001/#ch2026010615012"",""ArkUI接口新增仅支持Stage模型的约束"")",entry\src\main\ets\components\outliner\BlockView.ets:477,未修复,接口定义变更
declare class CommonMethod<T>,ArkTS,7.0.0(26) Beta1,ALL,"=HYPERLINK(""https://developer.huawei.com/consumer/cn/doc/harmonyos-releases/changelogs-for-all-apps-7001/#ch2026010615012"",""ArkUI接口新增仅支持Stage模型的约束"")",entry\src\main\ets\components\outliner\BlockView.ets:488,未修复,接口定义变更
declare class CommonMethod<T>,ArkTS,7.0.0(26) Beta1,ALL,"=HYPERLINK(""https://developer.huawei.com/consumer/cn/doc/harmonyos-releases/changelogs-for-all-apps-7001/#ch2026010615012"",""ArkUI接口新增仅支持Stage模型的约束"")",entry\src\main\ets\components\outliner\BlockView.ets:495,未修复,接口定义变更
declare class CommonMethod<T>,ArkTS,7.0.0(26) Beta1,ALL,"=HYPERLINK(""https://developer.huawei.com/consumer/cn/doc/harmonyos-releases/changelogs-for-all-apps-7001/#ch2026010615012"",""ArkUI接口新增仅支持Stage模型的约束"")",entry\src\main\ets\components\outliner\BlockView.ets:503,未修复,接口定义变更
declare class CommonMethod<T>,ArkTS,7.0.0(26) Beta1,ALL,"=HYPERLINK(""https://developer.huawei.com/consumer/cn/doc/harmonyos-releases/changelogs-for-all-apps-7001/#ch2026010615012"",""ArkUI接口新增仅支持Stage模型的约束"")",entry\src\main\ets\components\outliner\BlockView.ets:506,未修复,接口定义变更
declare class CommonMethod<T>,ArkTS,7.0.0(26) Beta1,ALL,"=HYPERLINK(""https://developer.huawei.com/consumer/cn/doc/harmonyos-releases/changelogs-for-all-apps-7001/#ch2026010615012"",""ArkUI接口新增仅支持Stage模型的约束"")",entry\src\main\ets\components\outliner\BlockView.ets:507,未修复,接口定义变更
declare class CommonMethod<T>,ArkTS,7.0.0(26) Beta1,ALL,"=HYPERLINK(""https://developer.huawei.com/consumer/cn/doc/harmonyos-releases/changelogs-for-all-apps-7001/#ch2026010615012"",""ArkUI接口新增仅支持Stage模型的约束"")",entry\src\main\ets\components\outliner\BlockView.ets:508,未修复,接口定义变更
declare class CommonMethod<T>,ArkTS,7.0.0(26) Beta1,ALL,"=HYPERLINK(""https://developer.huawei.com/consumer/cn/doc/harmonyos-releases/changelogs-for-all-apps-7001/#ch2026010615012"",""ArkUI接口新增仅支持Stage模型的约束"")",entry\src\main\ets\components\outliner\BlockView.ets:509,未修复,接口定义变更
declare class CommonMethod<T>,ArkTS,7.0.0(26) Beta1,ALL,"=HYPERLINK(""https://developer.huawei.com/consumer/cn/doc/harmonyos-releases/changelogs-for-all-apps-7001/#ch2026010615012"",""ArkUI接口新增仅支持Stage模型的约束"")",entry\src\main\ets\components\outliner\BlockView.ets:510,未修复,接口定义变更
declare class CommonMethod<T>,ArkTS,7.0.0(26) Beta1,ALL,"=HYPERLINK(""https://developer.huawei.com/consumer/cn/doc/harmonyos-releases/changelogs-for-all-apps-7001/#ch2026010615012"",""ArkUI接口新增仅支持Stage模型的约束"")",entry\src\main\ets\components\outliner\BlockView.ets:524,未修复,接口定义变更
declare class CommonMethod<T>,ArkTS,7.0.0(26) Beta1,ALL,"=HYPERLINK(""https://developer.huawei.com/consumer/cn/doc/harmonyos-releases/changelogs-for-all-apps-7001/#ch2026010615012"",""ArkUI接口新增仅支持Stage模型的约束"")",entry\src\main\ets\components\outliner\BlockView.ets:525,未修复,接口定义变更
declare class CommonMethod<T>,ArkTS,7.0.0(26) Beta1,ALL,"=HYPERLINK(""https://developer.huawei.com/consumer/cn/doc/harmonyos-releases/changelogs-for-all-apps-7001/#ch2026010615012"",""ArkUI接口新增仅支持Stage模型的约束"")",entry\src\main\ets\components\outliner\BlockView.ets:526,未修复,接口定义变更
declare class CommonMethod<T>,ArkTS,7.0.0(26) Beta1,ALL,"=HYPERLINK(""https://developer.huawei.com/consumer/cn/doc/harmonyos-releases/changelogs-for-all-apps-7001/#ch2026010615012"",""ArkUI接口新增仅支持Stage模型的约束"")",entry\src\main\ets\components\outliner\BlockView.ets:527,未修复,接口定义变更
declare class CommonMethod<T>,ArkTS,7.0.0(26) Beta1,ALL,"=HYPERLINK(""https://developer.huawei.com/consumer/cn/doc/harmonyos-releases/changelogs-for-all-apps-7001/#ch2026010615012"",""ArkUI接口新增仅支持Stage模型的约束"")",entry\src\main\ets\components\outliner\BlockView.ets:535,未修复,接口定义变更
declare class CommonMethod<T>,ArkTS,7.0.0(26) Beta1,ALL,"=HYPERLINK(""https://developer.huawei.com/consumer/cn/doc/harmonyos-releases/changelogs-for-all-apps-7001/#ch2026010615012"",""ArkUI接口新增仅支持Stage模型的约束"")",entry\src\main\ets\components\outliner\BlockView.ets:536,未修复,接口定义变更
declare class CommonMethod<T>,ArkTS,7.0.0(26) Beta1,ALL,"=HYPERLINK(""https://developer.huawei.com/consumer/cn/doc/harmonyos-releases/changelogs-for-all-apps-7001/#ch2026010615012"",""ArkUI接口新增仅支持Stage模型的约束"")",entry\src\main\ets\components\outliner\BlockView.ets:537,未修复,接口定义变更
declare class CommonMethod<T>,ArkTS,7.0.0(26) Beta1,ALL,"=HYPERLINK(""https://developer.huawei.com/consumer/cn/doc/harmonyos-releases/changelogs-for-all-apps-7001/#ch2026010615012"",""ArkUI接口新增仅支持Stage模型的约束"")",entry\src\main\ets\components\outliner\BlockView.ets:538,未修复,接口定义变更
declare class CommonMethod<T>,ArkTS,7.0.0(26) Beta1,ALL,"=HYPERLINK(""https://developer.huawei.com/consumer/cn/doc/harmonyos-releases/changelogs-for-all-apps-7001/#ch2026010615012"",""ArkUI接口新增仅支持Stage模型的约束"")",entry\src\main\ets\components\outliner\BlockView.ets:539,未修复,接口定义变更
declare class CommonMethod<T>,ArkTS,7.0.0(26) Beta1,ALL,"=HYPERLINK(""https://developer.huawei.com/consumer/cn/doc/harmonyos-releases/changelogs-for-all-apps-7001/#ch2026010615012"",""ArkUI接口新增仅支持Stage模型的约束"")",entry\src\main\ets\components\outliner\BlockView.ets:543,未修复,接口定义变更
declare class CommonMethod<T>,ArkTS,7.0.0(26) Beta1,ALL,"=HYPERLINK(""https://developer.huawei.com/consumer/cn/doc/harmonyos-releases/changelogs-for-all-apps-7001/#ch2026010615012"",""ArkUI接口新增仅支持Stage模型的约束"")",entry\src\main\ets\components\outliner\BlockView.ets:547,未修复,接口定义变更
declare class CommonMethod<T>,ArkTS,7.0.0(26) Beta1,ALL,"=HYPERLINK(""https://developer.huawei.com/consumer/cn/doc/harmonyos-releases/changelogs-for-all-apps-7001/#ch2026010615012"",""ArkUI接口新增仅支持Stage模型的约束"")",entry\src\main\ets\components\outliner\BlockView.ets:548,未修复,接口定义变更
declare class CommonMethod<T>,ArkTS,7.0.0(26) Beta1,ALL,"=HYPERLINK(""https://developer.huawei.com/consumer/cn/doc/harmonyos-releases/changelogs-for-all-apps-7001/#ch2026010615012"",""ArkUI接口新增仅支持Stage模型的约束"")",entry\src\main\ets\components\outliner\BlockView.ets:549,未修复,接口定义变更
declare class CommonMethod<T>,ArkTS,7.0.0(26) Beta1,ALL,"=HYPERLINK(""https://developer.huawei.com/consumer/cn/doc/harmonyos-releases/changelogs-for-all-apps-7001/#ch2026010615012"",""ArkUI接口新增仅支持Stage模型的约束"")",entry\src\main\ets\components\outliner\BlockView.ets:550,未修复,接口定义变更
declare class CommonMethod<T>,ArkTS,7.0.0(26) Beta1,ALL,"=HYPERLINK(""https://developer.huawei.com/consumer/cn/doc/harmonyos-releases/changelogs-for-all-apps-7001/#ch2026010615012"",""ArkUI接口新增仅支持Stage模型的约束"")",entry\src\main\ets\components\outliner\BlockView.ets:77,未修复,接口定义变更
declare class CommonMethod<T>,ArkTS,7.0.0(26) Beta1,ALL,"=HYPERLINK(""https://developer.huawei.com/consumer/cn/doc/harmonyos-releases/changelogs-for-all-apps-7001/#ch2026010615012"",""ArkUI接口新增仅支持Stage模型的约束"")",entry\src\main\ets\components\outliner\BlockView.ets:87,未修复,接口定义变更
declare class CommonMethod<T>,ArkTS,7.0.0(26) Beta1,ALL,"=HYPERLINK(""https://developer.huawei.com/consumer/cn/doc/harmonyos-releases/changelogs-for-all-apps-7001/#ch2026010615012"",""ArkUI接口新增仅支持Stage模型的约束"")",entry\src\main\ets\components\outliner\BlockView.ets:88,未修复,接口定义变更
declare class CommonMethod<T>,ArkTS,7.0.0(26) Beta1,ALL,"=HYPERLINK(""https://developer.huawei.com/consumer/cn/doc/harmonyos-releases/changelogs-for-all-apps-7001/#ch2026010615012"",""ArkUI接口新增仅支持Stage模型的约束"")",entry\src\main\ets\components\outliner\BlockView.ets:89,未修复,接口定义变更
declare class CommonMethod<T>,ArkTS,7.0.0(26) Beta1,ALL,"=HYPERLINK(""https://developer.huawei.com/consumer/cn/doc/harmonyos-releases/changelogs-for-all-apps-7001/#ch2026010615012"",""ArkUI接口新增仅支持Stage模型的约束"")",entry\src\main\ets\components\outliner\FindInPage.ets:147,未修复,接口定义变更
declare class CommonMethod<T>,ArkTS,7.0.0(26) Beta1,ALL,"=HYPERLINK(""https://developer.huawei.com/consumer/cn/doc/harmonyos-releases/changelogs-for-all-apps-7001/#ch2026010615012"",""ArkUI接口新增仅支持Stage模型的约束"")",entry\src\main\ets\components\outliner\FindInPage.ets:154,未修复,接口定义变更
declare class CommonMethod<T>,ArkTS,7.0.0(26) Beta1,ALL,"=HYPERLINK(""https://developer.huawei.com/consumer/cn/doc/harmonyos-releases/changelogs-for-all-apps-7001/#ch2026010615012"",""ArkUI接口新增仅支持Stage模型的约束"")",entry\src\main\ets\components\outliner\FindInPage.ets:155,未修复,接口定义变更
declare class CommonMethod<T>,ArkTS,7.0.0(26) Beta1,ALL,"=HYPERLINK(""https://developer.huawei.com/consumer/cn/doc/harmonyos-releases/changelogs-for-all-apps-7001/#ch2026010615012"",""ArkUI接口新增仅支持Stage模型的约束"")",entry\src\main\ets\components\outliner\FindInPage.ets:156,未修复,接口定义变更
declare class CommonMethod<T>,ArkTS,7.0.0(26) Beta1,ALL,"=HYPERLINK(""https://developer.huawei.com/consumer/cn/doc/harmonyos-releases/changelogs-for-all-apps-7001/#ch2026010615012"",""ArkUI接口新增仅支持Stage模型的约束"")",entry\src\main\ets\components\outliner\FindInPage.ets:157,未修复,接口定义变更
declare class CommonMethod<T>,ArkTS,7.0.0(26) Beta1,ALL,"=HYPERLINK(""https://developer.huawei.com/consumer/cn/doc/harmonyos-releases/changelogs-for-all-apps-7001/#ch2026010615012"",""ArkUI接口新增仅支持Stage模型的约束"")",entry\src\main\ets\components\outliner\FindInPage.ets:167,未修复,接口定义变更
declare class CommonMethod<T>,ArkTS,7.0.0(26) Beta1,ALL,"=HYPERLINK(""https://developer.huawei.com/consumer/cn/doc/harmonyos-releases/changelogs-for-all-apps-7001/#ch2026010615012"",""ArkUI接口新增仅支持Stage模型的约束"")",entry\src\main\ets\components\outliner\FindInPage.ets:175,未修复,接口定义变更
declare class CommonMethod<T>,ArkTS,7.0.0(26) Beta1,ALL,"=HYPERLINK(""https://developer.huawei.com/consumer/cn/doc/harmonyos-releases/changelogs-for-all-apps-7001/#ch2026010615012"",""ArkUI接口新增仅支持Stage模型的约束"")",entry\src\main\ets\components\outliner\FindInPage.ets:176,未修复,接口定义变更
declare class CommonMethod<T>,ArkTS,7.0.0(26) Beta1,ALL,"=HYPERLINK(""https://developer.huawei.com/consumer/cn/doc/harmonyos-releases/changelogs-for-all-apps-7001/#ch2026010615012"",""ArkUI接口新增仅支持Stage模型的约束"")",entry\src\main\ets\components\outliner\FindInPage.ets:177,未修复,接口定义变更
declare class CommonMethod<T>,ArkTS,7.0.0(26) Beta1,ALL,"=HYPERLINK(""https://developer.huawei.com/consumer/cn/doc/harmonyos-releases/changelogs-for-all-apps-7001/#ch2026010615012"",""ArkUI接口新增仅支持Stage模型的约束"")",entry\src\main\ets\components\outliner\FindInPage.ets:178,未修复,接口定义变更
declare class CommonMethod<T>,ArkTS,7.0.0(26) Beta1,ALL,"=HYPERLINK(""https://developer.huawei.com/consumer/cn/doc/harmonyos-releases/changelogs-for-all-apps-7001/#ch2026010615012"",""ArkUI接口新增仅支持Stage模型的约束"")",entry\src\main\ets\components\outliner\FindInPage.ets:188,未修复,接口定义变更
declare class CommonMethod<T>,ArkTS,7.0.0(26) Beta1,ALL,"=HYPERLINK(""https://developer.huawei.com/consumer/cn/doc/harmonyos-releases/changelogs-for-all-apps-7001/#ch2026010615012"",""ArkUI接口新增仅支持Stage模型的约束"")",entry\src\main\ets\components\outliner\FindInPage.ets:189,未修复,接口定义变更
declare class CommonMethod<T>,ArkTS,7.0.0(26) Beta1,ALL,"=HYPERLINK(""https://developer.huawei.com/consumer/cn/doc/harmonyos-releases/changelogs-for-all-apps-7001/#ch2026010615012"",""ArkUI接口新增仅支持Stage模型的约束"")",entry\src\main\ets\components\outliner\FindInPage.ets:190,未修复,接口定义变更
declare class CommonMethod<T>,ArkTS,7.0.0(26) Beta1,ALL,"=HYPERLINK(""https://developer.huawei.com/consumer/cn/doc/harmonyos-releases/changelogs-for-all-apps-7001/#ch2026010615012"",""ArkUI接口新增仅支持Stage模型的约束"")",entry\src\main\ets\components\outliner\FindInPage.ets:191,未修复,接口定义变更
declare class CommonMethod<T>,ArkTS,7.0.0(26) Beta1,ALL,"=HYPERLINK(""https://developer.huawei.com/consumer/cn/doc/harmonyos-releases/changelogs-for-all-apps-7001/#ch2026010615012"",""ArkUI接口新增仅支持Stage模型的约束"")",entry\src\main\ets\components\outliner\FindInPage.ets:201,未修复,接口定义变更
declare class CommonMethod<T>,ArkTS,7.0.0(26) Beta1,ALL,"=HYPERLINK(""https://developer.huawei.com/consumer/cn/doc/harmonyos-releases/changelogs-for-all-apps-7001/#ch2026010615012"",""ArkUI接口新增仅支持Stage模型的约束"")",entry\src\main\ets\components\outliner\FindInPage.ets:202,未修复,接口定义变更
declare class CommonMethod<T>,ArkTS,7.0.0(26) Beta1,ALL,"=HYPERLINK(""https://developer.huawei.com/consumer/cn/doc/harmonyos-releases/changelogs-for-all-apps-7001/#ch2026010615012"",""ArkUI接口新增仅支持Stage模型的约束"")",entry\src\main\ets\components\outliner\FindInPage.ets:203,未修复,接口定义变更
declare class CommonMethod<T>,ArkTS,7.0.0(26) Beta1,ALL,"=HYPERLINK(""https://developer.huawei.com/consumer/cn/doc/harmonyos-releases/changelogs-for-all-apps-7001/#ch2026010615012"",""ArkUI接口新增仅支持Stage模型的约束"")",entry\src\main\ets\components\outliner\FindInPage.ets:204,未修复,接口定义变更
declare class CommonMethod<T>,ArkTS,7.0.0(26) Beta1,ALL,"=HYPERLINK(""https://developer.huawei.com/consumer/cn/doc/harmonyos-releases/changelogs-for-all-apps-7001/#ch2026010615012"",""ArkUI接口新增仅支持Stage模型的约束"")",entry\src\main\ets\components\outliner\FindInPage.ets:208,未修复,接口定义变更
declare class CommonMethod<T>,ArkTS,7.0.0(26) Beta1,ALL,"=HYPERLINK(""https://developer.huawei.com/consumer/cn/doc/harmonyos-releases/changelogs-for-all-apps-7001/#ch2026010615012"",""ArkUI接口新增仅支持Stage模型的约束"")",entry\src\main\ets\components\outliner\FindInPage.ets:209,未修复,接口定义变更
declare class CommonMethod<T>,ArkTS,7.0.0(26) Beta1,ALL,"=HYPERLINK(""https://developer.huawei.com/consumer/cn/doc/harmonyos-releases/changelogs-for-all-apps-7001/#ch2026010615012"",""ArkUI接口新增仅支持Stage模型的约束"")",entry\src\main\ets\components\outliner\FindInPage.ets:210,未修复,接口定义变更
declare class CommonMethod<T>,ArkTS,7.0.0(26) Beta1,ALL,"=HYPERLINK(""https://developer.huawei.com/consumer/cn/doc/harmonyos-releases/changelogs-for-all-apps-7001/#ch2026010615012"",""ArkUI接口新增仅支持Stage模型的约束"")",entry\src\main\ets\components\outliner\FindInPage.ets:211,未修复,接口定义变更
declare class CommonMethod<T>,ArkTS,7.0.0(26) Beta1,ALL,"=HYPERLINK(""https://developer.huawei.com/consumer/cn/doc/harmonyos-releases/changelogs-for-all-apps-7001/#ch2026010615012"",""ArkUI接口新增仅支持Stage模型的约束"")",entry\src\main\ets\components\outliner\FindInPage.ets:212,未修复,接口定义变更
declare class CommonMethod<T>,ArkTS,7.0.0(26) Beta1,ALL,"=HYPERLINK(""https://developer.huawei.com/consumer/cn/doc/harmonyos-releases/changelogs-for-all-apps-7001/#ch2026010615012"",""ArkUI接口新增仅支持Stage模型的约束"")",entry\src\main\ets\components\outliner\RichBlockEditor.ets:48,未修复,接口定义变更
declare class CommonMethod<T>,ArkTS,7.0.0(26) Beta1,ALL,"=HYPERLINK(""https://developer.huawei.com/consumer/cn/doc/harmonyos-releases/changelogs-for-all-apps-7001/#ch2026010615012"",""ArkUI接口新增仅支持Stage模型的约束"")",entry\src\main\ets\components\outliner\RichBlockEditor.ets:53,未修复,接口定义变更
declare class CommonMethod<T>,ArkTS,7.0.0(26) Beta1,ALL,"=HYPERLINK(""https://developer.huawei.com/consumer/cn/doc/harmonyos-releases/changelogs-for-all-apps-7001/#ch2026010615012"",""ArkUI接口新增仅支持Stage模型的约束"")",entry\src\main\ets\components\outliner\RichBlockEditor.ets:54,未修复,接口定义变更
declare class CommonMethod<T>,ArkTS,7.0.0(26) Beta1,ALL,"=HYPERLINK(""https://developer.huawei.com/consumer/cn/doc/harmonyos-releases/changelogs-for-all-apps-7001/#ch2026010615012"",""ArkUI接口新增仅支持Stage模型的约束"")",entry\src\main\ets\components\outliner\RichBlockEditor.ets:55,未修复,接口定义变更
declare class CommonMethod<T>,ArkTS,7.0.0(26) Beta1,ALL,"=HYPERLINK(""https://developer.huawei.com/consumer/cn/doc/harmonyos-releases/changelogs-for-all-apps-7001/#ch2026010615012"",""ArkUI接口新增仅支持Stage模型的约束"")",entry\src\main\ets\components\outliner\RichBlockEditor.ets:57,未修复,接口定义变更
declare class CommonMethod<T>,ArkTS,7.0.0(26) Beta1,ALL,"=HYPERLINK(""https://developer.huawei.com/consumer/cn/doc/harmonyos-releases/changelogs-for-all-apps-7001/#ch2026010615012"",""ArkUI接口新增仅支持Stage模型的约束"")",entry\src\main\ets\components\outliner\SlashMenu.ets:137,未修复,接口定义变更
declare class CommonMethod<T>,ArkTS,7.0.0(26) Beta1,ALL,"=HYPERLINK(""https://developer.huawei.com/consumer/cn/doc/harmonyos-releases/changelogs-for-all-apps-7001/#ch2026010615012"",""ArkUI接口新增仅支持Stage模型的约束"")",entry\src\main\ets\components\outliner\SlashMenu.ets:148,未修复,接口定义变更
declare class CommonMethod<T>,ArkTS,7.0.0(26) Beta1,ALL,"=HYPERLINK(""https://developer.huawei.com/consumer/cn/doc/harmonyos-releases/changelogs-for-all-apps-7001/#ch2026010615012"",""ArkUI接口新增仅支持Stage模型的约束"")",entry\src\main\ets\components\outliner\SlashMenu.ets:149,未修复,接口定义变更
declare class CommonMethod<T>,ArkTS,7.0.0(26) Beta1,ALL,"=HYPERLINK(""https://developer.huawei.com/consumer/cn/doc/harmonyos-releases/changelogs-for-all-apps-7001/#ch2026010615012"",""ArkUI接口新增仅支持Stage模型的约束"")",entry\src\main\ets\components\outliner\SlashMenu.ets:150,未修复,接口定义变更
declare class CommonMethod<T>,ArkTS,7.0.0(26) Beta1,ALL,"=HYPERLINK(""https://developer.huawei.com/consumer/cn/doc/harmonyos-releases/changelogs-for-all-apps-7001/#ch2026010615012"",""ArkUI接口新增仅支持Stage模型的约束"")",entry\src\main\ets\components\outliner\SlashMenu.ets:151,未修复,接口定义变更
declare class CommonMethod<T>,ArkTS,7.0.0(26) Beta1,ALL,"=HYPERLINK(""https://developer.huawei.com/consumer/cn/doc/harmonyos-releases/changelogs-for-all-apps-7001/#ch2026010615012"",""ArkUI接口新增仅支持Stage模型的约束"")",entry\src\main\ets\components\outliner\SlashMenu.ets:174,未修复,接口定义变更
declare class CommonMethod<T>,ArkTS,7.0.0(26) Beta1,ALL,"=HYPERLINK(""https://developer.huawei.com/consumer/cn/doc/harmonyos-releases/changelogs-for-all-apps-7001/#ch2026010615012"",""ArkUI接口新增仅支持Stage模型的约束"")",entry\src\main\ets\components\outliner\SlashMenu.ets:177,未修复,接口定义变更
declare class CommonMethod<T>,ArkTS,7.0.0(26) Beta1,ALL,"=HYPERLINK(""https://developer.huawei.com/consumer/cn/doc/harmonyos-releases/changelogs-for-all-apps-7001/#ch2026010615012"",""ArkUI接口新增仅支持Stage模型的约束"")",entry\src\main\ets\components\outliner\SlashMenu.ets:178,未修复,接口定义变更
declare class CommonMethod<T>,ArkTS,7.0.0(26) Beta1,ALL,"=HYPERLINK(""https://developer.huawei.com/consumer/cn/doc/harmonyos-releases/changelogs-for-all-apps-7001/#ch2026010615012"",""ArkUI接口新增仅支持Stage模型的约束"")",entry\src\main\ets\components\outliner\SlashMenu.ets:179,未修复,接口定义变更
declare class CommonMethod<T>,ArkTS,7.0.0(26) Beta1,ALL,"=HYPERLINK(""https://developer.huawei.com/consumer/cn/doc/harmonyos-releases/changelogs-for-all-apps-7001/#ch2026010615012"",""ArkUI接口新增仅支持Stage模型的约束"")",entry\src\main\ets\components\outliner\SlashMenu.ets:180,未修复,接口定义变更
declare class CommonMethod<T>,ArkTS,7.0.0(26) Beta1,ALL,"=HYPERLINK(""https://developer.huawei.com/consumer/cn/doc/harmonyos-releases/changelogs-for-all-apps-7001/#ch2026010615012"",""ArkUI接口新增仅支持Stage模型的约束"")",entry\src\main\ets\components\outliner\SlashMenu.ets:181,未修复,接口定义变更
declare class CommonMethod<T>,ArkTS,7.0.0(26) Beta1,ALL,"=HYPERLINK(""https://developer.huawei.com/consumer/cn/doc/harmonyos-releases/changelogs-for-all-apps-7001/#ch2026010615012"",""ArkUI接口新增仅支持Stage模型的约束"")",entry\src\main\ets\components\outliner\SlashMenu.ets:186,未修复,接口定义变更
declare class CommonMethod<T>,ArkTS,7.0.0(26) Beta1,ALL,"=HYPERLINK(""https://developer.huawei.com/consumer/cn/doc/harmonyos-releases/changelogs-for-all-apps-7001/#ch2026010615012"",""ArkUI接口新增仅支持Stage模型的约束"")",entry\src\main\ets\components\outliner\SlashMenu.ets:188,未修复,接口定义变更
declare class CommonMethod<T>,ArkTS,7.0.0(26) Beta1,ALL,"=HYPERLINK(""https://developer.huawei.com/consumer/cn/doc/harmonyos-releases/changelogs-for-all-apps-7001/#ch2026010615012"",""ArkUI接口新增仅支持Stage模型的约束"")",entry\src\main\ets\components\outliner\SlashMenu.ets:189,未修复,接口定义变更
declare class CommonMethod<T>,ArkTS,7.0.0(26) Beta1,ALL,"=HYPERLINK(""https://developer.huawei.com/consumer/cn/doc/harmonyos-releases/changelogs-for-all-apps-7001/#ch2026010615012"",""ArkUI接口新增仅支持Stage模型的约束"")",entry\src\main\ets\components\outliner\SlashMenu.ets:192,未修复,接口定义变更
declare class CommonMethod<T>,ArkTS,7.0.0(26) Beta1,ALL,"=HYPERLINK(""https://developer.huawei.com/consumer/cn/doc/harmonyos-releases/changelogs-for-all-apps-7001/#ch2026010615012"",""ArkUI接口新增仅支持Stage模型的约束"")",entry\src\main\ets\components\outliner\SlashMenu.ets:193,未修复,接口定义变更
declare class CommonMethod<T>,ArkTS,7.0.0(26) Beta1,ALL,"=HYPERLINK(""https://developer.huawei.com/consumer/cn/doc/harmonyos-releases/changelogs-for-all-apps-7001/#ch2026010615012"",""ArkUI接口新增仅支持Stage模型的约束"")",entry\src\main\ets\components\outliner\SlashMenu.ets:194,未修复,接口定义变更
declare class CommonMethod<T>,ArkTS,7.0.0(26) Beta1,ALL,"=HYPERLINK(""https://developer.huawei.com/consumer/cn/doc/harmonyos-releases/changelogs-for-all-apps-7001/#ch2026010615012"",""ArkUI接口新增仅支持Stage模型的约束"")",entry\src\main\ets\components\outliner\SlashMenu.ets:195,未修复,接口定义变更
declare class CommonMethod<T>,ArkTS,7.0.0(26) Beta1,ALL,"=HYPERLINK(""https://developer.huawei.com/consumer/cn/doc/harmonyos-releases/changelogs-for-all-apps-7001/#ch2026010615012"",""ArkUI接口新增仅支持Stage模型的约束"")",entry\src\main\ets\components\outliner\SlashMenu.ets:196,未修复,接口定义变更
declare class CommonMethod<T>,ArkTS,7.0.0(26) Beta1,ALL,"=HYPERLINK(""https://developer.huawei.com/consumer/cn/doc/harmonyos-releases/changelogs-for-all-apps-7001/#ch2026010615012"",""ArkUI接口新增仅支持Stage模型的约束"")",entry\src\main\ets\components\outliner\SlashMenu.ets:202,未修复,接口定义变更
declare class CommonMethod<T>,ArkTS,7.0.0(26) Beta1,ALL,"=HYPERLINK(""https://developer.huawei.com/consumer/cn/doc/harmonyos-releases/changelogs-for-all-apps-7001/#ch2026010615012"",""ArkUI接口新增仅支持Stage模型的约束"")",entry\src\main\ets\components\outliner\SlashMenu.ets:203,未修复,接口定义变更
declare class CommonMethod<T>,ArkTS,7.0.0(26) Beta1,ALL,"=HYPERLINK(""https://developer.huawei.com/consumer/cn/doc/harmonyos-releases/changelogs-for-all-apps-7001/#ch2026010615012"",""ArkUI接口新增仅支持Stage模型的约束"")",entry\src\main\ets\components\outliner\SlashMenu.ets:204,未修复,接口定义变更
declare class CommonMethod<T>,ArkTS,7.0.0(26) Beta1,ALL,"=HYPERLINK(""https://developer.huawei.com/consumer/cn/doc/harmonyos-releases/changelogs-for-all-apps-7001/#ch2026010615012"",""ArkUI接口新增仅支持Stage模型的约束"")",entry\src\main\ets\components\outliner\SlashMenu.ets:219,未修复,接口定义变更
declare class CommonMethod<T>,ArkTS,7.0.0(26) Beta1,ALL,"=HYPERLINK(""https://developer.huawei.com/consumer/cn/doc/harmonyos-releases/changelogs-for-all-apps-7001/#ch2026010615012"",""ArkUI接口新增仅支持Stage模型的约束"")",entry\src\main\ets\components\outliner\SlashMenu.ets:221,未修复,接口定义变更
declare class CommonMethod<T>,ArkTS,7.0.0(26) Beta1,ALL,"=HYPERLINK(""https://developer.huawei.com/consumer/cn/doc/harmonyos-releases/changelogs-for-all-apps-7001/#ch2026010615012"",""ArkUI接口新增仅支持Stage模型的约束"")",entry\src\main\ets\components\outliner\SlashMenu.ets:228,未修复,接口定义变更
declare class CommonMethod<T>,ArkTS,7.0.0(26) Beta1,ALL,"=HYPERLINK(""https://developer.huawei.com/consumer/cn/doc/harmonyos-releases/changelogs-for-all-apps-7001/#ch2026010615012"",""ArkUI接口新增仅支持Stage模型的约束"")",entry\src\main\ets\components\outliner\SlashMenu.ets:229,未修复,接口定义变更
declare class CommonMethod<T>,ArkTS,7.0.0(26) Beta1,ALL,"=HYPERLINK(""https://developer.huawei.com/consumer/cn/doc/harmonyos-releases/changelogs-for-all-apps-7001/#ch2026010615012"",""ArkUI接口新增仅支持Stage模型的约束"")",entry\src\main\ets\components\outliner\SlashMenu.ets:243,未修复,接口定义变更
declare class CommonMethod<T>,ArkTS,7.0.0(26) Beta1,ALL,"=HYPERLINK(""https://developer.huawei.com/consumer/cn/doc/harmonyos-releases/changelogs-for-all-apps-7001/#ch2026010615012"",""ArkUI接口新增仅支持Stage模型的约束"")",entry\src\main\ets\components\outliner\SlashMenu.ets:246,未修复,接口定义变更
declare class CommonMethod<T>,ArkTS,7.0.0(26) Beta1,ALL,"=HYPERLINK(""https://developer.huawei.com/consumer/cn/doc/harmonyos-releases/changelogs-for-all-apps-7001/#ch2026010615012"",""ArkUI接口新增仅支持Stage模型的约束"")",entry\src\main\ets\components\outliner\SlashMenu.ets:247,未修复,接口定义变更
declare class CommonMethod<T>,ArkTS,7.0.0(26) Beta1,ALL,"=HYPERLINK(""https://developer.huawei.com/consumer/cn/doc/harmonyos-releases/changelogs-for-all-apps-7001/#ch2026010615012"",""ArkUI接口新增仅支持Stage模型的约束"")",entry\src\main\ets\components\outliner\SlashMenu.ets:248,未修复,接口定义变更
declare class CommonMethod<T>,ArkTS,7.0.0(26) Beta1,ALL,"=HYPERLINK(""https://developer.huawei.com/consumer/cn/doc/harmonyos-releases/changelogs-for-all-apps-7001/#ch2026010615012"",""ArkUI接口新增仅支持Stage模型的约束"")",entry\src\main\ets\components\outliner\SlashMenu.ets:249,未修复,接口定义变更
declare class CommonMethod<T>,ArkTS,7.0.0(26) Beta1,ALL,"=HYPERLINK(""https://developer.huawei.com/consumer/cn/doc/harmonyos-releases/changelogs-for-all-apps-7001/#ch2026010615012"",""ArkUI接口新增仅支持Stage模型的约束"")",entry\src\main\ets\components\outliner\SlashMenu.ets:250,未修复,接口定义变更
declare class CommonMethod<T>,ArkTS,7.0.0(26) Beta1,ALL,"=HYPERLINK(""https://developer.huawei.com/consumer/cn/doc/harmonyos-releases/changelogs-for-all-apps-7001/#ch2026010615012"",""ArkUI接口新增仅支持Stage模型的约束"")",entry\src\main\ets\components\outliner\SlashMenu.ets:256,未修复,接口定义变更
declare class CommonMethod<T>,ArkTS,7.0.0(26) Beta1,ALL,"=HYPERLINK(""https://developer.huawei.com/consumer/cn/doc/harmonyos-releases/changelogs-for-all-apps-7001/#ch2026010615012"",""ArkUI接口新增仅支持Stage模型的约束"")",entry\src\main\ets\components\outliner\SlashMenu.ets:258,未修复,接口定义变更
declare class CommonMethod<T>,ArkTS,7.0.0(26) Beta1,ALL,"=HYPERLINK(""https://developer.huawei.com/consumer/cn/doc/harmonyos-releases/changelogs-for-all-apps-7001/#ch2026010615012"",""ArkUI接口新增仅支持Stage模型的约束"")",entry\src\main\ets\components\outliner\SlashMenu.ets:259,未修复,接口定义变更
declare class CommonMethod<T>,ArkTS,7.0.0(26) Beta1,ALL,"=HYPERLINK(""https://developer.huawei.com/consumer/cn/doc/harmonyos-releases/changelogs-for-all-apps-7001/#ch2026010615012"",""ArkUI接口新增仅支持Stage模型的约束"")",entry\src\main\ets\components\outliner\SlashMenu.ets:262,未修复,接口定义变更
declare class CommonMethod<T>,ArkTS,7.0.0(26) Beta1,ALL,"=HYPERLINK(""https://developer.huawei.com/consumer/cn/doc/harmonyos-releases/changelogs-for-all-apps-7001/#ch2026010615012"",""ArkUI接口新增仅支持Stage模型的约束"")",entry\src\main\ets\components\outliner\SlashMenu.ets:263,未修复,接口定义变更
declare class CommonMethod<T>,ArkTS,7.0.0(26) Beta1,ALL,"=HYPERLINK(""https://developer.huawei.com/consumer/cn/doc/harmonyos-releases/changelogs-for-all-apps-7001/#ch2026010615012"",""ArkUI接口新增仅支持Stage模型的约束"")",entry\src\main\ets\components\outliner\SlashMenu.ets:264,未修复,接口定义变更
declare class CommonMethod<T>,ArkTS,7.0.0(26) Beta1,ALL,"=HYPERLINK(""https://developer.huawei.com/consumer/cn/doc/harmonyos-releases/changelogs-for-all-apps-7001/#ch2026010615012"",""ArkUI接口新增仅支持Stage模型的约束"")",entry\src\main\ets\components\outliner\SlashMenu.ets:265,未修复,接口定义变更
declare class CommonMethod<T>,ArkTS,7.0.0(26) Beta1,ALL,"=HYPERLINK(""https://developer.huawei.com/consumer/cn/doc/harmonyos-releases/changelogs-for-all-apps-7001/#ch2026010615012"",""ArkUI接口新增仅支持Stage模型的约束"")",entry\src\main\ets\components\outliner\SlashMenu.ets:266,未修复,接口定义变更
declare class CommonMethod<T>,ArkTS,7.0.0(26) Beta1,ALL,"=HYPERLINK(""https://developer.huawei.com/consumer/cn/doc/harmonyos-releases/changelogs-for-all-apps-7001/#ch2026010615012"",""ArkUI接口新增仅支持Stage模型的约束"")",entry\src\main\ets\components\outliner\Toolbar.ets:27,未修复,接口定义变更
declare class CommonMethod<T>,ArkTS,7.0.0(26) Beta1,ALL,"=HYPERLINK(""https://developer.huawei.com/consumer/cn/doc/harmonyos-releases/changelogs-for-all-apps-7001/#ch2026010615012"",""ArkUI接口新增仅支持Stage模型的约束"")",entry\src\main\ets\components\outliner\Toolbar.ets:35,未修复,接口定义变更
declare class CommonMethod<T>,ArkTS,7.0.0(26) Beta1,ALL,"=HYPERLINK(""https://developer.huawei.com/consumer/cn/doc/harmonyos-releases/changelogs-for-all-apps-7001/#ch2026010615012"",""ArkUI接口新增仅支持Stage模型的约束"")",entry\src\main\ets\components\outliner\Toolbar.ets:36,未修复,接口定义变更
declare class CommonMethod<T>,ArkTS,7.0.0(26) Beta1,ALL,"=HYPERLINK(""https://developer.huawei.com/consumer/cn/doc/harmonyos-releases/changelogs-for-all-apps-7001/#ch2026010615012"",""ArkUI接口新增仅支持Stage模型的约束"")",entry\src\main\ets\components\outliner\Toolbar.ets:37,未修复,接口定义变更
declare class CommonMethod<T>,ArkTS,7.0.0(26) Beta1,ALL,"=HYPERLINK(""https://developer.huawei.com/consumer/cn/doc/harmonyos-releases/changelogs-for-all-apps-7001/#ch2026010615012"",""ArkUI接口新增仅支持Stage模型的约束"")",entry\src\main\ets\components\outliner\Toolbar.ets:48,未修复,接口定义变更
declare class CommonMethod<T>,ArkTS,7.0.0(26) Beta1,ALL,"=HYPERLINK(""https://developer.huawei.com/consumer/cn/doc/harmonyos-releases/changelogs-for-all-apps-7001/#ch2026010615012"",""ArkUI接口新增仅支持Stage模型的约束"")",entry\src\main\ets\components\outliner\Toolbar.ets:49,未修复,接口定义变更
declare class CommonMethod<T>,ArkTS,7.0.0(26) Beta1,ALL,"=HYPERLINK(""https://developer.huawei.com/consumer/cn/doc/harmonyos-releases/changelogs-for-all-apps-7001/#ch2026010615012"",""ArkUI接口新增仅支持Stage模型的约束"")",entry\src\main\ets\components\outliner\Toolbar.ets:50,未修复,接口定义变更
declare class CommonMethod<T>,ArkTS,7.0.0(26) Beta1,ALL,"=HYPERLINK(""https://developer.huawei.com/consumer/cn/doc/harmonyos-releases/changelogs-for-all-apps-7001/#ch2026010615012"",""ArkUI接口新增仅支持Stage模型的约束"")",entry\src\main\ets\components\outliner\Toolbar.ets:56,未修复,接口定义变更
declare class CommonMethod<T>,ArkTS,7.0.0(26) Beta1,ALL,"=HYPERLINK(""https://developer.huawei.com/consumer/cn/doc/harmonyos-releases/changelogs-for-all-apps-7001/#ch2026010615012"",""ArkUI接口新增仅支持Stage模型的约束"")",entry\src\main\ets\components\outliner\Toolbar.ets:57,未修复,接口定义变更
declare class CommonMethod<T>,ArkTS,7.0.0(26) Beta1,ALL,"=HYPERLINK(""https://developer.huawei.com/consumer/cn/doc/harmonyos-releases/changelogs-for-all-apps-7001/#ch2026010615012"",""ArkUI接口新增仅支持Stage模型的约束"")",entry\src\main\ets\components\outliner\Toolbar.ets:58,未修复,接口定义变更
declare class CommonMethod<T>,ArkTS,7.0.0(26) Beta1,ALL,"=HYPERLINK(""https://developer.huawei.com/consumer/cn/doc/harmonyos-releases/changelogs-for-all-apps-7001/#ch2026010615012"",""ArkUI接口新增仅支持Stage模型的约束"")",entry\src\main\ets\components\outliner\Toolbar.ets:59,未修复,接口定义变更
declare class CommonMethod<T>,ArkTS,7.0.0(26) Beta1,ALL,"=HYPERLINK(""https://developer.huawei.com/consumer/cn/doc/harmonyos-releases/changelogs-for-all-apps-7001/#ch2026010615012"",""ArkUI接口新增仅支持Stage模型的约束"")",entry\src\main\ets\components\outliner\WebEditor.ets:73,未修复,接口定义变更
declare class CommonMethod<T>,ArkTS,7.0.0(26) Beta1,ALL,"=HYPERLINK(""https://developer.huawei.com/consumer/cn/doc/harmonyos-releases/changelogs-for-all-apps-7001/#ch2026010615012"",""ArkUI接口新增仅支持Stage模型的约束"")",entry\src\main\ets\components\outliner\WebEditor.ets:74,未修复,接口定义变更
declare class CommonMethod<T>,ArkTS,7.0.0(26) Beta1,ALL,"=HYPERLINK(""https://developer.huawei.com/consumer/cn/doc/harmonyos-releases/changelogs-for-all-apps-7001/#ch2026010615012"",""ArkUI接口新增仅支持Stage模型的约束"")",entry\src\main\ets\components\outliner\WebEditor.ets:78,未修复,接口定义变更
declare class CommonMethod<T>,ArkTS,7.0.0(26) Beta1,ALL,"=HYPERLINK(""https://developer.huawei.com/consumer/cn/doc/harmonyos-releases/changelogs-for-all-apps-7001/#ch2026010615012"",""ArkUI接口新增仅支持Stage模型的约束"")",entry\src\main\ets\components\page\AllPagesPage.ets:190,未修复,接口定义变更
declare class CommonMethod<T>,ArkTS,7.0.0(26) Beta1,ALL,"=HYPERLINK(""https://developer.huawei.com/consumer/cn/doc/harmonyos-releases/changelogs-for-all-apps-7001/#ch2026010615012"",""ArkUI接口新增仅支持Stage模型的约束"")",entry\src\main\ets\components\page\AllPagesPage.ets:196,未修复,接口定义变更
declare class CommonMethod<T>,ArkTS,7.0.0(26) Beta1,ALL,"=HYPERLINK(""https://developer.huawei.com/consumer/cn/doc/harmonyos-releases/changelogs-for-all-apps-7001/#ch2026010615012"",""ArkUI接口新增仅支持Stage模型的约束"")",entry\src\main\ets\components\page\AllPagesPage.ets:197,未修复,接口定义变更
declare class CommonMethod<T>,ArkTS,7.0.0(26) Beta1,ALL,"=HYPERLINK(""https://developer.huawei.com/consumer/cn/doc/harmonyos-releases/changelogs-for-all-apps-7001/#ch2026010615012"",""ArkUI接口新增仅支持Stage模型的约束"")",entry\src\main\ets\components\page\AllPagesPage.ets:198,未修复,接口定义变更
declare class CommonMethod<T>,ArkTS,7.0.0(26) Beta1,ALL,"=HYPERLINK(""https://developer.huawei.com/consumer/cn/doc/harmonyos-releases/changelogs-for-all-apps-7001/#ch2026010615012"",""ArkUI接口新增仅支持Stage模型的约束"")",entry\src\main\ets\components\page\AllPagesPage.ets:206,未修复,接口定义变更
declare class CommonMethod<T>,ArkTS,7.0.0(26) Beta1,ALL,"=HYPERLINK(""https://developer.huawei.com/consumer/cn/doc/harmonyos-releases/changelogs-for-all-apps-7001/#ch2026010615012"",""ArkUI接口新增仅支持Stage模型的约束"")",entry\src\main\ets\components\page\AllPagesPage.ets:207,未修复,接口定义变更
declare class CommonMethod<T>,ArkTS,7.0.0(26) Beta1,ALL,"=HYPERLINK(""https://developer.huawei.com/consumer/cn/doc/harmonyos-releases/changelogs-for-all-apps-7001/#ch2026010615012"",""ArkUI接口新增仅支持Stage模型的约束"")",entry\src\main\ets\components\page\AllPagesPage.ets:208,未修复,接口定义变更
declare class CommonMethod<T>,ArkTS,7.0.0(26) Beta1,ALL,"=HYPERLINK(""https://developer.huawei.com/consumer/cn/doc/harmonyos-releases/changelogs-for-all-apps-7001/#ch2026010615012"",""ArkUI接口新增仅支持Stage模型的约束"")",entry\src\main\ets\components\page\AllPagesPage.ets:209,未修复,接口定义变更
declare class CommonMethod<T>,ArkTS,7.0.0(26) Beta1,ALL,"=HYPERLINK(""https://developer.huawei.com/consumer/cn/doc/harmonyos-releases/changelogs-for-all-apps-7001/#ch2026010615012"",""ArkUI接口新增仅支持Stage模型的约束"")",entry\src\main\ets\components\page\AllPagesPage.ets:218,未修复,接口定义变更
declare class CommonMethod<T>,ArkTS,7.0.0(26) Beta1,ALL,"=HYPERLINK(""https://developer.huawei.com/consumer/cn/doc/harmonyos-releases/changelogs-for-all-apps-7001/#ch2026010615012"",""ArkUI接口新增仅支持Stage模型的约束"")",entry\src\main\ets\components\page\AllPagesPage.ets:219,未修复,接口定义变更
declare class CommonMethod<T>,ArkTS,7.0.0(26) Beta1,ALL,"=HYPERLINK(""https://developer.huawei.com/consumer/cn/doc/harmonyos-releases/changelogs-for-all-apps-7001/#ch2026010615012"",""ArkUI接口新增仅支持Stage模型的约束"")",entry\src\main\ets\components\page\AllPagesPage.ets:220,未修复,接口定义变更
declare class CommonMethod<T>,ArkTS,7.0.0(26) Beta1,ALL,"=HYPERLINK(""https://developer.huawei.com/consumer/cn/doc/harmonyos-releases/changelogs-for-all-apps-7001/#ch2026010615012"",""ArkUI接口新增仅支持Stage模型的约束"")",entry\src\main\ets\components\page\AllPagesPage.ets:221,未修复,接口定义变更
declare class CommonMethod<T>,ArkTS,7.0.0(26) Beta1,ALL,"=HYPERLINK(""https://developer.huawei.com/consumer/cn/doc/harmonyos-releases/changelogs-for-all-apps-7001/#ch2026010615012"",""ArkUI接口新增仅支持Stage模型的约束"")",entry\src\main\ets\components\page\AllPagesPage.ets:232,未修复,接口定义变更
declare class CommonMethod<T>,ArkTS,7.0.0(26) Beta1,ALL,"=HYPERLINK(""https://developer.huawei.com/consumer/cn/doc/harmonyos-releases/changelogs-for-all-apps-7001/#ch2026010615012"",""ArkUI接口新增仅支持Stage模型的约束"")",entry\src\main\ets\components\page\AllPagesPage.ets:233,未修复,接口定义变更
declare class CommonMethod<T>,ArkTS,7.0.0(26) Beta1,ALL,"=HYPERLINK(""https://developer.huawei.com/consumer/cn/doc/harmonyos-releases/changelogs-for-all-apps-7001/#ch2026010615012"",""ArkUI接口新增仅支持Stage模型的约束"")",entry\src\main\ets\components\page\AllPagesPage.ets:234,未修复,接口定义变更
declare class CommonMethod<T>,ArkTS,7.0.0(26) Beta1,ALL,"=HYPERLINK(""https://developer.huawei.com/consumer/cn/doc/harmonyos-releases/changelogs-for-all-apps-7001/#ch2026010615012"",""ArkUI接口新增仅支持Stage模型的约束"")",entry\src\main\ets\components\page\AllPagesPage.ets:235,未修复,接口定义变更
declare class CommonMethod<T>,ArkTS,7.0.0(26) Beta1,ALL,"=HYPERLINK(""https://developer.huawei.com/consumer/cn/doc/harmonyos-releases/changelogs-for-all-apps-7001/#ch2026010615012"",""ArkUI接口新增仅支持Stage模型的约束"")",entry\src\main\ets\components\page\AllPagesPage.ets:237,未修复,接口定义变更
declare class CommonMethod<T>,ArkTS,7.0.0(26) Beta1,ALL,"=HYPERLINK(""https://developer.huawei.com/consumer/cn/doc/harmonyos-releases/changelogs-for-all-apps-7001/#ch2026010615012"",""ArkUI接口新增仅支持Stage模型的约束"")",entry\src\main\ets\components\page\AllPagesPage.ets:238,未修复,接口定义变更
declare class CommonMethod<T>,ArkTS,7.0.0(26) Beta1,ALL,"=HYPERLINK(""https://developer.huawei.com/consumer/cn/doc/harmonyos-releases/changelogs-for-all-apps-7001/#ch2026010615012"",""ArkUI接口新增仅支持Stage模型的约束"")",entry\src\main\ets\components\page\AllPagesPage.ets:246,未修复,接口定义变更
declare class CommonMethod<T>,ArkTS,7.0.0(26) Beta1,ALL,"=HYPERLINK(""https://developer.huawei.com/consumer/cn/doc/harmonyos-releases/changelogs-for-all-apps-7001/#ch2026010615012"",""ArkUI接口新增仅支持Stage模型的约束"")",entry\src\main\ets\components\page\AllPagesPage.ets:247,未修复,接口定义变更
declare class CommonMethod<T>,ArkTS,7.0.0(26) Beta1,ALL,"=HYPERLINK(""https://developer.huawei.com/consumer/cn/doc/harmonyos-releases/changelogs-for-all-apps-7001/#ch2026010615012"",""ArkUI接口新增仅支持Stage模型的约束"")",entry\src\main\ets\components\page\AllPagesPage.ets:248,未修复,接口定义变更
declare class CommonMethod<T>,ArkTS,7.0.0(26) Beta1,ALL,"=HYPERLINK(""https://developer.huawei.com/consumer/cn/doc/harmonyos-releases/changelogs-for-all-apps-7001/#ch2026010615012"",""ArkUI接口新增仅支持Stage模型的约束"")",entry\src\main\ets\components\page\AllPagesPage.ets:253,未修复,接口定义变更
declare class CommonMethod<T>,ArkTS,7.0.0(26) Beta1,ALL,"=HYPERLINK(""https://developer.huawei.com/consumer/cn/doc/harmonyos-releases/changelogs-for-all-apps-7001/#ch2026010615012"",""ArkUI接口新增仅支持Stage模型的约束"")",entry\src\main\ets\components\page\AllPagesPage.ets:254,未修复,接口定义变更
declare class CommonMethod<T>,ArkTS,7.0.0(26) Beta1,ALL,"=HYPERLINK(""https://developer.huawei.com/consumer/cn/doc/harmonyos-releases/changelogs-for-all-apps-7001/#ch2026010615012"",""ArkUI接口新增仅支持Stage模型的约束"")",entry\src\main\ets\components\page\AllPagesPage.ets:255,未修复,接口定义变更
declare class CommonMethod<T>,ArkTS,7.0.0(26) Beta1,ALL,"=HYPERLINK(""https://developer.huawei.com/consumer/cn/doc/harmonyos-releases/changelogs-for-all-apps-7001/#ch2026010615012"",""ArkUI接口新增仅支持Stage模型的约束"")",entry\src\main\ets\components\page\AllPagesPage.ets:256,未修复,接口定义变更
declare class CommonMethod<T>,ArkTS,7.0.0(26) Beta1,ALL,"=HYPERLINK(""https://developer.huawei.com/consumer/cn/doc/harmonyos-releases/changelogs-for-all-apps-7001/#ch2026010615012"",""ArkUI接口新增仅支持Stage模型的约束"")",entry\src\main\ets\components\page\AllPagesPage.ets:257,未修复,接口定义变更
declare class CommonMethod<T>,ArkTS,7.0.0(26) Beta1,ALL,"=HYPERLINK(""https://developer.huawei.com/consumer/cn/doc/harmonyos-releases/changelogs-for-all-apps-7001/#ch2026010615012"",""ArkUI接口新增仅支持Stage模型的约束"")",entry\src\main\ets\components\page\AllPagesPage.ets:308,未修复,接口定义变更
declare class CommonMethod<T>,ArkTS,7.0.0(26) Beta1,ALL,"=HYPERLINK(""https://developer.huawei.com/consumer/cn/doc/harmonyos-releases/changelogs-for-all-apps-7001/#ch2026010615012"",""ArkUI接口新增仅支持Stage模型的约束"")",entry\src\main\ets\components\page\AllPagesPage.ets:309,未修复,接口定义变更
declare class CommonMethod<T>,ArkTS,7.0.0(26) Beta1,ALL,"=HYPERLINK(""https://developer.huawei.com/consumer/cn/doc/harmonyos-releases/changelogs-for-all-apps-7001/#ch2026010615012"",""ArkUI接口新增仅支持Stage模型的约束"")",entry\src\main\ets\components\page\AllPagesPage.ets:311,未修复,接口定义变更
declare class CommonMethod<T>,ArkTS,7.0.0(26) Beta1,ALL,"=HYPERLINK(""https://developer.huawei.com/consumer/cn/doc/harmonyos-releases/changelogs-for-all-apps-7001/#ch2026010615012"",""ArkUI接口新增仅支持Stage模型的约束"")",entry\src\main\ets\components\page\AllPagesPage.ets:321,未修复,接口定义变更
declare class CommonMethod<T>,ArkTS,7.0.0(26) Beta1,ALL,"=HYPERLINK(""https://developer.huawei.com/consumer/cn/doc/harmonyos-releases/changelogs-for-all-apps-7001/#ch2026010615012"",""ArkUI接口新增仅支持Stage模型的约束"")",entry\src\main\ets\components\page\AllPagesPage.ets:322,未修复,接口定义变更
declare class CommonMethod<T>,ArkTS,7.0.0(26) Beta1,ALL,"=HYPERLINK(""https://developer.huawei.com/consumer/cn/doc/harmonyos-releases/changelogs-for-all-apps-7001/#ch2026010615012"",""ArkUI接口新增仅支持Stage模型的约束"")",entry\src\main\ets\components\page\AllPagesPage.ets:331,未修复,接口定义变更
declare class CommonMethod<T>,ArkTS,7.0.0(26) Beta1,ALL,"=HYPERLINK(""https://developer.huawei.com/consumer/cn/doc/harmonyos-releases/changelogs-for-all-apps-7001/#ch2026010615012"",""ArkUI接口新增仅支持Stage模型的约束"")",entry\src\main\ets\components\page\AllPagesPage.ets:333,未修复,接口定义变更
declare class CommonMethod<T>,ArkTS,7.0.0(26) Beta1,ALL,"=HYPERLINK(""https://developer.huawei.com/consumer/cn/doc/harmonyos-releases/changelogs-for-all-apps-7001/#ch2026010615012"",""ArkUI接口新增仅支持Stage模型的约束"")",entry\src\main\ets\components\page\AllPagesPage.ets:334,未修复,接口定义变更
declare class CommonMethod<T>,ArkTS,7.0.0(26) Beta1,ALL,"=HYPERLINK(""https://developer.huawei.com/consumer/cn/doc/harmonyos-releases/changelogs-for-all-apps-7001/#ch2026010615012"",""ArkUI接口新增仅支持Stage模型的约束"")",entry\src\main\ets\components\page\AllPagesPage.ets:335,未修复,接口定义变更
declare class CommonMethod<T>,ArkTS,7.0.0(26) Beta1,ALL,"=HYPERLINK(""https://developer.huawei.com/consumer/cn/doc/harmonyos-releases/changelogs-for-all-apps-7001/#ch2026010615012"",""ArkUI接口新增仅支持Stage模型的约束"")",entry\src\main\ets\components\page\AllPagesPage.ets:339,未修复,接口定义变更
declare class CommonMethod<T>,ArkTS,7.0.0(26) Beta1,ALL,"=HYPERLINK(""https://developer.huawei.com/consumer/cn/doc/harmonyos-releases/changelogs-for-all-apps-7001/#ch2026010615012"",""ArkUI接口新增仅支持Stage模型的约束"")",entry\src\main\ets\components\page\AllPagesPage.ets:340,未修复,接口定义变更
declare class CommonMethod<T>,ArkTS,7.0.0(26) Beta1,ALL,"=HYPERLINK(""https://developer.huawei.com/consumer/cn/doc/harmonyos-releases/changelogs-for-all-apps-7001/#ch2026010615012"",""ArkUI接口新增仅支持Stage模型的约束"")",entry\src\main\ets\components\page\AllPagesPage.ets:341,未修复,接口定义变更
declare class CommonMethod<T>,ArkTS,7.0.0(26) Beta1,ALL,"=HYPERLINK(""https://developer.huawei.com/consumer/cn/doc/harmonyos-releases/changelogs-for-all-apps-7001/#ch2026010615012"",""ArkUI接口新增仅支持Stage模型的约束"")",entry\src\main\ets\components\page\AllPagesPage.ets:354,未修复,接口定义变更
declare class CommonMethod<T>,ArkTS,7.0.0(26) Beta1,ALL,"=HYPERLINK(""https://developer.huawei.com/consumer/cn/doc/harmonyos-releases/changelogs-for-all-apps-7001/#ch2026010615012"",""ArkUI接口新增仅支持Stage模型的约束"")",entry\src\main\ets\components\page\AllPagesPage.ets:355,未修复,接口定义变更
declare class CommonMethod<T>,ArkTS,7.0.0(26) Beta1,ALL,"=HYPERLINK(""https://developer.huawei.com/consumer/cn/doc/harmonyos-releases/changelogs-for-all-apps-7001/#ch2026010615012"",""ArkUI接口新增仅支持Stage模型的约束"")",entry\src\main\ets\components\page\AllPagesPage.ets:356,未修复,接口定义变更
declare class CommonMethod<T>,ArkTS,7.0.0(26) Beta1,ALL,"=HYPERLINK(""https://developer.huawei.com/consumer/cn/doc/harmonyos-releases/changelogs-for-all-apps-7001/#ch2026010615012"",""ArkUI接口新增仅支持Stage模型的约束"")",entry\src\main\ets\components\page\AllPagesPage.ets:357,未修复,接口定义变更
declare class CommonMethod<T>,ArkTS,7.0.0(26) Beta1,ALL,"=HYPERLINK(""https://developer.huawei.com/consumer/cn/doc/harmonyos-releases/changelogs-for-all-apps-7001/#ch2026010615012"",""ArkUI接口新增仅支持Stage模型的约束"")",entry\src\main\ets\components\page\AllPagesPage.ets:358,未修复,接口定义变更
declare class CommonMethod<T>,ArkTS,7.0.0(26) Beta1,ALL,"=HYPERLINK(""https://developer.huawei.com/consumer/cn/doc/harmonyos-releases/changelogs-for-all-apps-7001/#ch2026010615012"",""ArkUI接口新增仅支持Stage模型的约束"")",entry\src\main\ets\components\page\AllPagesPage.ets:360,未修复,接口定义变更
declare class CommonMethod<T>,ArkTS,7.0.0(26) Beta1,ALL,"=HYPERLINK(""https://developer.huawei.com/consumer/cn/doc/harmonyos-releases/changelogs-for-all-apps-7001/#ch2026010615012"",""ArkUI接口新增仅支持Stage模型的约束"")",entry\src\main\ets\components\page\AllPagesPage.ets:374,未修复,接口定义变更
declare class CommonMethod<T>,ArkTS,7.0.0(26) Beta1,ALL,"=HYPERLINK(""https://developer.huawei.com/consumer/cn/doc/harmonyos-releases/changelogs-for-all-apps-7001/#ch2026010615012"",""ArkUI接口新增仅支持Stage模型的约束"")",entry\src\main\ets\components\page\AllPagesPage.ets:382,未修复,接口定义变更
declare class CommonMethod<T>,ArkTS,7.0.0(26) Beta1,ALL,"=HYPERLINK(""https://developer.huawei.com/consumer/cn/doc/harmonyos-releases/changelogs-for-all-apps-7001/#ch2026010615012"",""ArkUI接口新增仅支持Stage模型的约束"")",entry\src\main\ets\components\page\AllPagesPage.ets:383,未修复,接口定义变更
declare class CommonMethod<T>,ArkTS,7.0.0(26) Beta1,ALL,"=HYPERLINK(""https://developer.huawei.com/consumer/cn/doc/harmonyos-releases/changelogs-for-all-apps-7001/#ch2026010615012"",""ArkUI接口新增仅支持Stage模型的约束"")",entry\src\main\ets\components\page\AllPagesPage.ets:384,未修复,接口定义变更
declare class CommonMethod<T>,ArkTS,7.0.0(26) Beta1,ALL,"=HYPERLINK(""https://developer.huawei.com/consumer/cn/doc/harmonyos-releases/changelogs-for-all-apps-7001/#ch2026010615012"",""ArkUI接口新增仅支持Stage模型的约束"")",entry\src\main\ets\components\page\AllPagesPage.ets:387,未修复,接口定义变更
declare class CommonMethod<T>,ArkTS,7.0.0(26) Beta1,ALL,"=HYPERLINK(""https://developer.huawei.com/consumer/cn/doc/harmonyos-releases/changelogs-for-all-apps-7001/#ch2026010615012"",""ArkUI接口新增仅支持Stage模型的约束"")",entry\src\main\ets\components\page\AllPagesPage.ets:402,未修复,接口定义变更
declare class CommonMethod<T>,ArkTS,7.0.0(26) Beta1,ALL,"=HYPERLINK(""https://developer.huawei.com/consumer/cn/doc/harmonyos-releases/changelogs-for-all-apps-7001/#ch2026010615012"",""ArkUI接口新增仅支持Stage模型的约束"")",entry\src\main\ets\components\page\AllPagesPage.ets:404,未修复,接口定义变更
declare class CommonMethod<T>,ArkTS,7.0.0(26) Beta1,ALL,"=HYPERLINK(""https://developer.huawei.com/consumer/cn/doc/harmonyos-releases/changelogs-for-all-apps-7001/#ch2026010615012"",""ArkUI接口新增仅支持Stage模型的约束"")",entry\src\main\ets\components\page\AllPagesPage.ets:407,未修复,接口定义变更
declare class CommonMethod<T>,ArkTS,7.0.0(26) Beta1,ALL,"=HYPERLINK(""https://developer.huawei.com/consumer/cn/doc/harmonyos-releases/changelogs-for-all-apps-7001/#ch2026010615012"",""ArkUI接口新增仅支持Stage模型的约束"")",entry\src\main\ets\components\page\AllPagesPage.ets:408,未修复,接口定义变更
declare class CommonMethod<T>,ArkTS,7.0.0(26) Beta1,ALL,"=HYPERLINK(""https://developer.huawei.com/consumer/cn/doc/harmonyos-releases/changelogs-for-all-apps-7001/#ch2026010615012"",""ArkUI接口新增仅支持Stage模型的约束"")",entry\src\main\ets\components\page\AllPagesPage.ets:409,未修复,接口定义变更
declare class CommonMethod<T>,ArkTS,7.0.0(26) Beta1,ALL,"=HYPERLINK(""https://developer.huawei.com/consumer/cn/doc/harmonyos-releases/changelogs-for-all-apps-7001/#ch2026010615012"",""ArkUI接口新增仅支持Stage模型的约束"")",entry\src\main\ets\components\page\AllPagesPage.ets:412,未修复,接口定义变更
declare class CommonMethod<T>,ArkTS,7.0.0(26) Beta1,ALL,"=HYPERLINK(""https://developer.huawei.com/consumer/cn/doc/harmonyos-releases/changelogs-for-all-apps-7001/#ch2026010615012"",""ArkUI接口新增仅支持Stage模型的约束"")",entry\src\main\ets\components\page\AllPagesPage.ets:419,未修复,接口定义变更
declare class CommonMethod<T>,ArkTS,7.0.0(26) Beta1,ALL,"=HYPERLINK(""https://developer.huawei.com/consumer/cn/doc/harmonyos-releases/changelogs-for-all-apps-7001/#ch2026010615012"",""ArkUI接口新增仅支持Stage模型的约束"")",entry\src\main\ets\components\page\ContentArea.ets:100,未修复,接口定义变更
declare class CommonMethod<T>,ArkTS,7.0.0(26) Beta1,ALL,"=HYPERLINK(""https://developer.huawei.com/consumer/cn/doc/harmonyos-releases/changelogs-for-all-apps-7001/#ch2026010615012"",""ArkUI接口新增仅支持Stage模型的约束"")",entry\src\main\ets\components\page\ContentArea.ets:104,未修复,接口定义变更
declare class CommonMethod<T>,ArkTS,7.0.0(26) Beta1,ALL,"=HYPERLINK(""https://developer.huawei.com/consumer/cn/doc/harmonyos-releases/changelogs-for-all-apps-7001/#ch2026010615012"",""ArkUI接口新增仅支持Stage模型的约束"")",entry\src\main\ets\components\page\ContentArea.ets:105,未修复,接口定义变更
declare class CommonMethod<T>,ArkTS,7.0.0(26) Beta1,ALL,"=HYPERLINK(""https://developer.huawei.com/consumer/cn/doc/harmonyos-releases/changelogs-for-all-apps-7001/#ch2026010615012"",""ArkUI接口新增仅支持Stage模型的约束"")",entry\src\main\ets\components\page\ContentArea.ets:115,未修复,接口定义变更
declare class CommonMethod<T>,ArkTS,7.0.0(26) Beta1,ALL,"=HYPERLINK(""https://developer.huawei.com/consumer/cn/doc/harmonyos-releases/changelogs-for-all-apps-7001/#ch2026010615012"",""ArkUI接口新增仅支持Stage模型的约束"")",entry\src\main\ets\components\page\ContentArea.ets:116,未修复,接口定义变更
declare class CommonMethod<T>,ArkTS,7.0.0(26) Beta1,ALL,"=HYPERLINK(""https://developer.huawei.com/consumer/cn/doc/harmonyos-releases/changelogs-for-all-apps-7001/#ch2026010615012"",""ArkUI接口新增仅支持Stage模型的约束"")",entry\src\main\ets\components\page\ContentArea.ets:117,未修复,接口定义变更
declare class CommonMethod<T>,ArkTS,7.0.0(26) Beta1,ALL,"=HYPERLINK(""https://developer.huawei.com/consumer/cn/doc/harmonyos-releases/changelogs-for-all-apps-7001/#ch2026010615012"",""ArkUI接口新增仅支持Stage模型的约束"")",entry\src\main\ets\components\page\ContentArea.ets:129,未修复,接口定义变更
declare class CommonMethod<T>,ArkTS,7.0.0(26) Beta1,ALL,"=HYPERLINK(""https://developer.huawei.com/consumer/cn/doc/harmonyos-releases/changelogs-for-all-apps-7001/#ch2026010615012"",""ArkUI接口新增仅支持Stage模型的约束"")",entry\src\main\ets\components\page\ContentArea.ets:130,未修复,接口定义变更
declare class CommonMethod<T>,ArkTS,7.0.0(26) Beta1,ALL,"=HYPERLINK(""https://developer.huawei.com/consumer/cn/doc/harmonyos-releases/changelogs-for-all-apps-7001/#ch2026010615012"",""ArkUI接口新增仅支持Stage模型的约束"")",entry\src\main\ets\components\page\ContentArea.ets:131,未修复,接口定义变更
declare class CommonMethod<T>,ArkTS,7.0.0(26) Beta1,ALL,"=HYPERLINK(""https://developer.huawei.com/consumer/cn/doc/harmonyos-releases/changelogs-for-all-apps-7001/#ch2026010615012"",""ArkUI接口新增仅支持Stage模型的约束"")",entry\src\main\ets\components\page\ContentArea.ets:136,未修复,接口定义变更
declare class CommonMethod<T>,ArkTS,7.0.0(26) Beta1,ALL,"=HYPERLINK(""https://developer.huawei.com/consumer/cn/doc/harmonyos-releases/changelogs-for-all-apps-7001/#ch2026010615012"",""ArkUI接口新增仅支持Stage模型的约束"")",entry\src\main\ets\components\page\ContentArea.ets:137,未修复,接口定义变更
declare class CommonMethod<T>,ArkTS,7.0.0(26) Beta1,ALL,"=HYPERLINK(""https://developer.huawei.com/consumer/cn/doc/harmonyos-releases/changelogs-for-all-apps-7001/#ch2026010615012"",""ArkUI接口新增仅支持Stage模型的约束"")",entry\src\main\ets\components\page\ContentArea.ets:138,未修复,接口定义变更
declare class CommonMethod<T>,ArkTS,7.0.0(26) Beta1,ALL,"=HYPERLINK(""https://developer.huawei.com/consumer/cn/doc/harmonyos-releases/changelogs-for-all-apps-7001/#ch2026010615012"",""ArkUI接口新增仅支持Stage模型的约束"")",entry\src\main\ets\components\page\ContentArea.ets:55,未修复,接口定义变更
declare class CommonMethod<T>,ArkTS,7.0.0(26) Beta1,ALL,"=HYPERLINK(""https://developer.huawei.com/consumer/cn/doc/harmonyos-releases/changelogs-for-all-apps-7001/#ch2026010615012"",""ArkUI接口新增仅支持Stage模型的约束"")",entry\src\main\ets\components\page\ContentArea.ets:56,未修复,接口定义变更
declare class CommonMethod<T>,ArkTS,7.0.0(26) Beta1,ALL,"=HYPERLINK(""https://developer.huawei.com/consumer/cn/doc/harmonyos-releases/changelogs-for-all-apps-7001/#ch2026010615012"",""ArkUI接口新增仅支持Stage模型的约束"")",entry\src\main\ets\components\page\ContentArea.ets:58,未修复,接口定义变更
declare class CommonMethod<T>,ArkTS,7.0.0(26) Beta1,ALL,"=HYPERLINK(""https://developer.huawei.com/consumer/cn/doc/harmonyos-releases/changelogs-for-all-apps-7001/#ch2026010615012"",""ArkUI接口新增仅支持Stage模型的约束"")",entry\src\main\ets\components\page\ContentArea.ets:59,未修复,接口定义变更
declare class CommonMethod<T>,ArkTS,7.0.0(26) Beta1,ALL,"=HYPERLINK(""https://developer.huawei.com/consumer/cn/doc/harmonyos-releases/changelogs-for-all-apps-7001/#ch2026010615012"",""ArkUI接口新增仅支持Stage模型的约束"")",entry\src\main\ets\components\page\ContentArea.ets:60,未修复,接口定义变更
declare class CommonMethod<T>,ArkTS,7.0.0(26) Beta1,ALL,"=HYPERLINK(""https://developer.huawei.com/consumer/cn/doc/harmonyos-releases/changelogs-for-all-apps-7001/#ch2026010615012"",""ArkUI接口新增仅支持Stage模型的约束"")",entry\src\main\ets\components\page\ContentArea.ets:61,未修复,接口定义变更
declare class CommonMethod<T>,ArkTS,7.0.0(26) Beta1,ALL,"=HYPERLINK(""https://developer.huawei.com/consumer/cn/doc/harmonyos-releases/changelogs-for-all-apps-7001/#ch2026010615012"",""ArkUI接口新增仅支持Stage模型的约束"")",entry\src\main\ets\components\page\ContentArea.ets:62,未修复,接口定义变更
declare class CommonMethod<T>,ArkTS,7.0.0(26) Beta1,ALL,"=HYPERLINK(""https://developer.huawei.com/consumer/cn/doc/harmonyos-releases/changelogs-for-all-apps-7001/#ch2026010615012"",""ArkUI接口新增仅支持Stage模型的约束"")",entry\src\main\ets\components\page\ContentArea.ets:69,未修复,接口定义变更
declare class CommonMethod<T>,ArkTS,7.0.0(26) Beta1,ALL,"=HYPERLINK(""https://developer.huawei.com/consumer/cn/doc/harmonyos-releases/changelogs-for-all-apps-7001/#ch2026010615012"",""ArkUI接口新增仅支持Stage模型的约束"")",entry\src\main\ets\components\page\ContentArea.ets:70,未修复,接口定义变更
declare class CommonMethod<T>,ArkTS,7.0.0(26) Beta1,ALL,"=HYPERLINK(""https://developer.huawei.com/consumer/cn/doc/harmonyos-releases/changelogs-for-all-apps-7001/#ch2026010615012"",""ArkUI接口新增仅支持Stage模型的约束"")",entry\src\main\ets\components\page\ContentArea.ets:71,未修复,接口定义变更
declare class CommonMethod<T>,ArkTS,7.0.0(26) Beta1,ALL,"=HYPERLINK(""https://developer.huawei.com/consumer/cn/doc/harmonyos-releases/changelogs-for-all-apps-7001/#ch2026010615012"",""ArkUI接口新增仅支持Stage模型的约束"")",entry\src\main\ets\components\page\ContentArea.ets:72,未修复,接口定义变更
declare class CommonMethod<T>,ArkTS,7.0.0(26) Beta1,ALL,"=HYPERLINK(""https://developer.huawei.com/consumer/cn/doc/harmonyos-releases/changelogs-for-all-apps-7001/#ch2026010615012"",""ArkUI接口新增仅支持Stage模型的约束"")",entry\src\main\ets\components\page\ContentArea.ets:78,未修复,接口定义变更
declare class CommonMethod<T>,ArkTS,7.0.0(26) Beta1,ALL,"=HYPERLINK(""https://developer.huawei.com/consumer/cn/doc/harmonyos-releases/changelogs-for-all-apps-7001/#ch2026010615012"",""ArkUI接口新增仅支持Stage模型的约束"")",entry\src\main\ets\components\page\ContentArea.ets:79,未修复,接口定义变更
declare class CommonMethod<T>,ArkTS,7.0.0(26) Beta1,ALL,"=HYPERLINK(""https://developer.huawei.com/consumer/cn/doc/harmonyos-releases/changelogs-for-all-apps-7001/#ch2026010615012"",""ArkUI接口新增仅支持Stage模型的约束"")",entry\src\main\ets\components\page\ContentArea.ets:80,未修复,接口定义变更
declare class CommonMethod<T>,ArkTS,7.0.0(26) Beta1,ALL,"=HYPERLINK(""https://developer.huawei.com/consumer/cn/doc/harmonyos-releases/changelogs-for-all-apps-7001/#ch2026010615012"",""ArkUI接口新增仅支持Stage模型的约束"")",entry\src\main\ets\components\page\ContentArea.ets:81,未修复,接口定义变更
declare class CommonMethod<T>,ArkTS,7.0.0(26) Beta1,ALL,"=HYPERLINK(""https://developer.huawei.com/consumer/cn/doc/harmonyos-releases/changelogs-for-all-apps-7001/#ch2026010615012"",""ArkUI接口新增仅支持Stage模型的约束"")",entry\src\main\ets\components\page\ContentArea.ets:88,未修复,接口定义变更
declare class CommonMethod<T>,ArkTS,7.0.0(26) Beta1,ALL,"=HYPERLINK(""https://developer.huawei.com/consumer/cn/doc/harmonyos-releases/changelogs-for-all-apps-7001/#ch2026010615012"",""ArkUI接口新增仅支持Stage模型的约束"")",entry\src\main\ets\components\page\ContentArea.ets:89,未修复,接口定义变更
declare class CommonMethod<T>,ArkTS,7.0.0(26) Beta1,ALL,"=HYPERLINK(""https://developer.huawei.com/consumer/cn/doc/harmonyos-releases/changelogs-for-all-apps-7001/#ch2026010615012"",""ArkUI接口新增仅支持Stage模型的约束"")",entry\src\main\ets\components\page\ContentArea.ets:90,未修复,接口定义变更
declare class CommonMethod<T>,ArkTS,7.0.0(26) Beta1,ALL,"=HYPERLINK(""https://developer.huawei.com/consumer/cn/doc/harmonyos-releases/changelogs-for-all-apps-7001/#ch2026010615012"",""ArkUI接口新增仅支持Stage模型的约束"")",entry\src\main\ets\components\page\ContentArea.ets:91,未修复,接口定义变更
declare class CommonMethod<T>,ArkTS,7.0.0(26) Beta1,ALL,"=HYPERLINK(""https://developer.huawei.com/consumer/cn/doc/harmonyos-releases/changelogs-for-all-apps-7001/#ch2026010615012"",""ArkUI接口新增仅支持Stage模型的约束"")",entry\src\main\ets\components\page\ContentArea.ets:92,未修复,接口定义变更
declare class CommonMethod<T>,ArkTS,7.0.0(26) Beta1,ALL,"=HYPERLINK(""https://developer.huawei.com/consumer/cn/doc/harmonyos-releases/changelogs-for-all-apps-7001/#ch2026010615012"",""ArkUI接口新增仅支持Stage模型的约束"")",entry\src\main\ets\components\page\ContentArea.ets:93,未修复,接口定义变更
declare class CommonMethod<T>,ArkTS,7.0.0(26) Beta1,ALL,"=HYPERLINK(""https://developer.huawei.com/consumer/cn/doc/harmonyos-releases/changelogs-for-all-apps-7001/#ch2026010615012"",""ArkUI接口新增仅支持Stage模型的约束"")",entry\src\main\ets\components\page\ContentArea.ets:94,未修复,接口定义变更
declare class CommonMethod<T>,ArkTS,7.0.0(26) Beta1,ALL,"=HYPERLINK(""https://developer.huawei.com/consumer/cn/doc/harmonyos-releases/changelogs-for-all-apps-7001/#ch2026010615012"",""ArkUI接口新增仅支持Stage模型的约束"")",entry\src\main\ets\components\page\ContentArea.ets:97,未修复,接口定义变更
declare class CommonMethod<T>,ArkTS,7.0.0(26) Beta1,ALL,"=HYPERLINK(""https://developer.huawei.com/consumer/cn/doc/harmonyos-releases/changelogs-for-all-apps-7001/#ch2026010615012"",""ArkUI接口新增仅支持Stage模型的约束"")",entry\src\main\ets\components\page\ContentArea.ets:98,未修复,接口定义变更
declare class CommonMethod<T>,ArkTS,7.0.0(26) Beta1,ALL,"=HYPERLINK(""https://developer.huawei.com/consumer/cn/doc/harmonyos-releases/changelogs-for-all-apps-7001/#ch2026010615012"",""ArkUI接口新增仅支持Stage模型的约束"")",entry\src\main\ets\components\page\ContentArea.ets:99,未修复,接口定义变更
declare class CommonMethod<T>,ArkTS,7.0.0(26) Beta1,ALL,"=HYPERLINK(""https://developer.huawei.com/consumer/cn/doc/harmonyos-releases/changelogs-for-all-apps-7001/#ch2026010615012"",""ArkUI接口新增仅支持Stage模型的约束"")",entry\src\main\ets\components\page\JournalFeed.ets:61,未修复,接口定义变更
declare class CommonMethod<T>,ArkTS,7.0.0(26) Beta1,ALL,"=HYPERLINK(""https://developer.huawei.com/consumer/cn/doc/harmonyos-releases/changelogs-for-all-apps-7001/#ch2026010615012"",""ArkUI接口新增仅支持Stage模型的约束"")",entry\src\main\ets\components\page\JournalFeed.ets:62,未修复,接口定义变更
declare class CommonMethod<T>,ArkTS,7.0.0(26) Beta1,ALL,"=HYPERLINK(""https://developer.huawei.com/consumer/cn/doc/harmonyos-releases/changelogs-for-all-apps-7001/#ch2026010615012"",""ArkUI接口新增仅支持Stage模型的约束"")",entry\src\main\ets\components\page\JournalFeed.ets:63,未修复,接口定义变更
declare class CommonMethod<T>,ArkTS,7.0.0(26) Beta1,ALL,"=HYPERLINK(""https://developer.huawei.com/consumer/cn/doc/harmonyos-releases/changelogs-for-all-apps-7001/#ch2026010615012"",""ArkUI接口新增仅支持Stage模型的约束"")",entry\src\main\ets\components\page\JournalFeed.ets:64,未修复,接口定义变更
declare class CommonMethod<T>,ArkTS,7.0.0(26) Beta1,ALL,"=HYPERLINK(""https://developer.huawei.com/consumer/cn/doc/harmonyos-releases/changelogs-for-all-apps-7001/#ch2026010615012"",""ArkUI接口新增仅支持Stage模型的约束"")",entry\src\main\ets\components\page\JournalFeed.ets:76,未修复,接口定义变更
declare class CommonMethod<T>,ArkTS,7.0.0(26) Beta1,ALL,"=HYPERLINK(""https://developer.huawei.com/consumer/cn/doc/harmonyos-releases/changelogs-for-all-apps-7001/#ch2026010615012"",""ArkUI接口新增仅支持Stage模型的约束"")",entry\src\main\ets\components\page\JournalFeed.ets:80,未修复,接口定义变更
declare class CommonMethod<T>,ArkTS,7.0.0(26) Beta1,ALL,"=HYPERLINK(""https://developer.huawei.com/consumer/cn/doc/harmonyos-releases/changelogs-for-all-apps-7001/#ch2026010615012"",""ArkUI接口新增仅支持Stage模型的约束"")",entry\src\main\ets\components\page\JournalFeed.ets:81,未修复,接口定义变更
declare class CommonMethod<T>,ArkTS,7.0.0(26) Beta1,ALL,"=HYPERLINK(""https://developer.huawei.com/consumer/cn/doc/harmonyos-releases/changelogs-for-all-apps-7001/#ch2026010615012"",""ArkUI接口新增仅支持Stage模型的约束"")",entry\src\main\ets\components\page\JournalFeed.ets:84,未修复,接口定义变更
declare class CommonMethod<T>,ArkTS,7.0.0(26) Beta1,ALL,"=HYPERLINK(""https://developer.huawei.com/consumer/cn/doc/harmonyos-releases/changelogs-for-all-apps-7001/#ch2026010615012"",""ArkUI接口新增仅支持Stage模型的约束"")",entry\src\main\ets\components\page\JournalFeed.ets:85,未修复,接口定义变更
declare class CommonMethod<T>,ArkTS,7.0.0(26) Beta1,ALL,"=HYPERLINK(""https://developer.huawei.com/consumer/cn/doc/harmonyos-releases/changelogs-for-all-apps-7001/#ch2026010615012"",""ArkUI接口新增仅支持Stage模型的约束"")",entry\src\main\ets\components\page\JournalFeed.ets:88,未修复,接口定义变更
declare class CommonMethod<T>,ArkTS,7.0.0(26) Beta1,ALL,"=HYPERLINK(""https://developer.huawei.com/consumer/cn/doc/harmonyos-releases/changelogs-for-all-apps-7001/#ch2026010615012"",""ArkUI接口新增仅支持Stage模型的约束"")",entry\src\main\ets\components\page\JournalFeed.ets:89,未修复,接口定义变更
declare class CommonMethod<T>,ArkTS,7.0.0(26) Beta1,ALL,"=HYPERLINK(""https://developer.huawei.com/consumer/cn/doc/harmonyos-releases/changelogs-for-all-apps-7001/#ch2026010615012"",""ArkUI接口新增仅支持Stage模型的约束"")",entry\src\main\ets\components\page\JournalFeed.ets:91,未修复,接口定义变更
declare class CommonMethod<T>,ArkTS,7.0.0(26) Beta1,ALL,"=HYPERLINK(""https://developer.huawei.com/consumer/cn/doc/harmonyos-releases/changelogs-for-all-apps-7001/#ch2026010615012"",""ArkUI接口新增仅支持Stage模型的约束"")",entry\src\main\ets\components\page\PageView.ets:131,未修复,接口定义变更
declare class CommonMethod<T>,ArkTS,7.0.0(26) Beta1,ALL,"=HYPERLINK(""https://developer.huawei.com/consumer/cn/doc/harmonyos-releases/changelogs-for-all-apps-7001/#ch2026010615012"",""ArkUI接口新增仅支持Stage模型的约束"")",entry\src\main\ets\components\page\PageView.ets:132,未修复,接口定义变更
declare class CommonMethod<T>,ArkTS,7.0.0(26) Beta1,ALL,"=HYPERLINK(""https://developer.huawei.com/consumer/cn/doc/harmonyos-releases/changelogs-for-all-apps-7001/#ch2026010615012"",""ArkUI接口新增仅支持Stage模型的约束"")",entry\src\main\ets\components\page\PageView.ets:142,未修复,接口定义变更
declare class CommonMethod<T>,ArkTS,7.0.0(26) Beta1,ALL,"=HYPERLINK(""https://developer.huawei.com/consumer/cn/doc/harmonyos-releases/changelogs-for-all-apps-7001/#ch2026010615012"",""ArkUI接口新增仅支持Stage模型的约束"")",entry\src\main\ets\components\page\PageView.ets:151,未修复,接口定义变更
declare class CommonMethod<T>,ArkTS,7.0.0(26) Beta1,ALL,"=HYPERLINK(""https://developer.huawei.com/consumer/cn/doc/harmonyos-releases/changelogs-for-all-apps-7001/#ch2026010615012"",""ArkUI接口新增仅支持Stage模型的约束"")",entry\src\main\ets\components\page\PageView.ets:153,未修复,接口定义变更
declare class CommonMethod<T>,ArkTS,7.0.0(26) Beta1,ALL,"=HYPERLINK(""https://developer.huawei.com/consumer/cn/doc/harmonyos-releases/changelogs-for-all-apps-7001/#ch2026010615012"",""ArkUI接口新增仅支持Stage模型的约束"")",entry\src\main\ets\components\page\PageView.ets:154,未修复,接口定义变更
declare class CommonMethod<T>,ArkTS,7.0.0(26) Beta1,ALL,"=HYPERLINK(""https://developer.huawei.com/consumer/cn/doc/harmonyos-releases/changelogs-for-all-apps-7001/#ch2026010615012"",""ArkUI接口新增仅支持Stage模型的约束"")",entry\src\main\ets\components\page\PageView.ets:155,未修复,接口定义变更
declare class CommonMethod<T>,ArkTS,7.0.0(26) Beta1,ALL,"=HYPERLINK(""https://developer.huawei.com/consumer/cn/doc/harmonyos-releases/changelogs-for-all-apps-7001/#ch2026010615012"",""ArkUI接口新增仅支持Stage模型的约束"")",entry\src\main\ets\components\page\PageView.ets:169,未修复,接口定义变更
declare class CommonMethod<T>,ArkTS,7.0.0(26) Beta1,ALL,"=HYPERLINK(""https://developer.huawei.com/consumer/cn/doc/harmonyos-releases/changelogs-for-all-apps-7001/#ch2026010615012"",""ArkUI接口新增仅支持Stage模型的约束"")",entry\src\main\ets\components\page\PageView.ets:173,未修复,接口定义变更
declare class CommonMethod<T>,ArkTS,7.0.0(26) Beta1,ALL,"=HYPERLINK(""https://developer.huawei.com/consumer/cn/doc/harmonyos-releases/changelogs-for-all-apps-7001/#ch2026010615012"",""ArkUI接口新增仅支持Stage模型的约束"")",entry\src\main\ets\components\page\PageView.ets:177,未修复,接口定义变更
declare class CommonMethod<T>,ArkTS,7.0.0(26) Beta1,ALL,"=HYPERLINK(""https://developer.huawei.com/consumer/cn/doc/harmonyos-releases/changelogs-for-all-apps-7001/#ch2026010615012"",""ArkUI接口新增仅支持Stage模型的约束"")",entry\src\main\ets\components\page\PageView.ets:178,未修复,接口定义变更
declare class CommonMethod<T>,ArkTS,7.0.0(26) Beta1,ALL,"=HYPERLINK(""https://developer.huawei.com/consumer/cn/doc/harmonyos-releases/changelogs-for-all-apps-7001/#ch2026010615012"",""ArkUI接口新增仅支持Stage模型的约束"")",entry\src\main\ets\components\page\PageView.ets:181,未修复,接口定义变更
declare class CommonMethod<T>,ArkTS,7.0.0(26) Beta1,ALL,"=HYPERLINK(""https://developer.huawei.com/consumer/cn/doc/harmonyos-releases/changelogs-for-all-apps-7001/#ch2026010615012"",""ArkUI接口新增仅支持Stage模型的约束"")",entry\src\main\ets\components\page\PageView.ets:182,未修复,接口定义变更
declare class CommonMethod<T>,ArkTS,7.0.0(26) Beta1,ALL,"=HYPERLINK(""https://developer.huawei.com/consumer/cn/doc/harmonyos-releases/changelogs-for-all-apps-7001/#ch2026010615012"",""ArkUI接口新增仅支持Stage模型的约束"")",entry\src\main\ets\components\page\PageView.ets:190,未修复,接口定义变更
declare class CommonMethod<T>,ArkTS,7.0.0(26) Beta1,ALL,"=HYPERLINK(""https://developer.huawei.com/consumer/cn/doc/harmonyos-releases/changelogs-for-all-apps-7001/#ch2026010615012"",""ArkUI接口新增仅支持Stage模型的约束"")",entry\src\main\ets\components\page\PageView.ets:191,未修复,接口定义变更
declare class CommonMethod<T>,ArkTS,7.0.0(26) Beta1,ALL,"=HYPERLINK(""https://developer.huawei.com/consumer/cn/doc/harmonyos-releases/changelogs-for-all-apps-7001/#ch2026010615012"",""ArkUI接口新增仅支持Stage模型的约束"")",entry\src\main\ets\components\page\PageView.ets:192,未修复,接口定义变更
declare class CommonMethod<T>,ArkTS,7.0.0(26) Beta1,ALL,"=HYPERLINK(""https://developer.huawei.com/consumer/cn/doc/harmonyos-releases/changelogs-for-all-apps-7001/#ch2026010615012"",""ArkUI接口新增仅支持Stage模型的约束"")",entry\src\main\ets\components\page\PageView.ets:197,未修复,接口定义变更
declare class CommonMethod<T>,ArkTS,7.0.0(26) Beta1,ALL,"=HYPERLINK(""https://developer.huawei.com/consumer/cn/doc/harmonyos-releases/changelogs-for-all-apps-7001/#ch2026010615012"",""ArkUI接口新增仅支持Stage模型的约束"")",entry\src\main\ets\components\page\PageView.ets:198,未修复,接口定义变更
declare class CommonMethod<T>,ArkTS,7.0.0(26) Beta1,ALL,"=HYPERLINK(""https://developer.huawei.com/consumer/cn/doc/harmonyos-releases/changelogs-for-all-apps-7001/#ch2026010615012"",""ArkUI接口新增仅支持Stage模型的约束"")",entry\src\main\ets\components\page\PageView.ets:199,未修复,接口定义变更
declare class CommonMethod<T>,ArkTS,7.0.0(26) Beta1,ALL,"=HYPERLINK(""https://developer.huawei.com/consumer/cn/doc/harmonyos-releases/changelogs-for-all-apps-7001/#ch2026010615012"",""ArkUI接口新增仅支持Stage模型的约束"")",entry\src\main\ets\components\page\PageView.ets:202,未修复,接口定义变更
declare class CommonMethod<T>,ArkTS,7.0.0(26) Beta1,ALL,"=HYPERLINK(""https://developer.huawei.com/consumer/cn/doc/harmonyos-releases/changelogs-for-all-apps-7001/#ch2026010615012"",""ArkUI接口新增仅支持Stage模型的约束"")",entry\src\main\ets\components\page\PageView.ets:203,未修复,接口定义变更
declare class CommonMethod<T>,ArkTS,7.0.0(26) Beta1,ALL,"=HYPERLINK(""https://developer.huawei.com/consumer/cn/doc/harmonyos-releases/changelogs-for-all-apps-7001/#ch2026010615012"",""ArkUI接口新增仅支持Stage模型的约束"")",entry\src\main\ets\components\page\PageView.ets:204,未修复,接口定义变更
declare class CommonMethod<T>,ArkTS,7.0.0(26) Beta1,ALL,"=HYPERLINK(""https://developer.huawei.com/consumer/cn/doc/harmonyos-releases/changelogs-for-all-apps-7001/#ch2026010615012"",""ArkUI接口新增仅支持Stage模型的约束"")",entry\src\main\ets\components\page\PageView.ets:213,未修复,接口定义变更
declare class CommonMethod<T>,ArkTS,7.0.0(26) Beta1,ALL,"=HYPERLINK(""https://developer.huawei.com/consumer/cn/doc/harmonyos-releases/changelogs-for-all-apps-7001/#ch2026010615012"",""ArkUI接口新增仅支持Stage模型的约束"")",entry\src\main\ets\components\page\PageView.ets:214,未修复,接口定义变更
declare class CommonMethod<T>,ArkTS,7.0.0(26) Beta1,ALL,"=HYPERLINK(""https://developer.huawei.com/consumer/cn/doc/harmonyos-releases/changelogs-for-all-apps-7001/#ch2026010615012"",""ArkUI接口新增仅支持Stage模型的约束"")",entry\src\main\ets\components\page\PageView.ets:217,未修复,接口定义变更
declare class CommonMethod<T>,ArkTS,7.0.0(26) Beta1,ALL,"=HYPERLINK(""https://developer.huawei.com/consumer/cn/doc/harmonyos-releases/changelogs-for-all-apps-7001/#ch2026010615012"",""ArkUI接口新增仅支持Stage模型的约束"")",entry\src\main\ets\components\page\PageView.ets:232,未修复,接口定义变更
declare class CommonMethod<T>,ArkTS,7.0.0(26) Beta1,ALL,"=HYPERLINK(""https://developer.huawei.com/consumer/cn/doc/harmonyos-releases/changelogs-for-all-apps-7001/#ch2026010615012"",""ArkUI接口新增仅支持Stage模型的约束"")",entry\src\main\ets\components\page\PageView.ets:234,未修复,接口定义变更
declare class CommonMethod<T>,ArkTS,7.0.0(26) Beta1,ALL,"=HYPERLINK(""https://developer.huawei.com/consumer/cn/doc/harmonyos-releases/changelogs-for-all-apps-7001/#ch2026010615012"",""ArkUI接口新增仅支持Stage模型的约束"")",entry\src\main\ets\components\page\PageView.ets:235,未修复,接口定义变更
declare class CommonMethod<T>,ArkTS,7.0.0(26) Beta1,ALL,"=HYPERLINK(""https://developer.huawei.com/consumer/cn/doc/harmonyos-releases/changelogs-for-all-apps-7001/#ch2026010615012"",""ArkUI接口新增仅支持Stage模型的约束"")",entry\src\main\ets\components\page\PageView.ets:252,未修复,接口定义变更
declare class CommonMethod<T>,ArkTS,7.0.0(26) Beta1,ALL,"=HYPERLINK(""https://developer.huawei.com/consumer/cn/doc/harmonyos-releases/changelogs-for-all-apps-7001/#ch2026010615012"",""ArkUI接口新增仅支持Stage模型的约束"")",entry\src\main\ets\components\page\PageView.ets:259,未修复,接口定义变更
declare class CommonMethod<T>,ArkTS,7.0.0(26) Beta1,ALL,"=HYPERLINK(""https://developer.huawei.com/consumer/cn/doc/harmonyos-releases/changelogs-for-all-apps-7001/#ch2026010615012"",""ArkUI接口新增仅支持Stage模型的约束"")",entry\src\main\ets\components\page\PageView.ets:260,未修复,接口定义变更
declare class CommonMethod<T>,ArkTS,7.0.0(26) Beta1,ALL,"=HYPERLINK(""https://developer.huawei.com/consumer/cn/doc/harmonyos-releases/changelogs-for-all-apps-7001/#ch2026010615012"",""ArkUI接口新增仅支持Stage模型的约束"")",entry\src\main\ets\components\page\PageView.ets:261,未修复,接口定义变更
declare class CommonMethod<T>,ArkTS,7.0.0(26) Beta1,ALL,"=HYPERLINK(""https://developer.huawei.com/consumer/cn/doc/harmonyos-releases/changelogs-for-all-apps-7001/#ch2026010615012"",""ArkUI接口新增仅支持Stage模型的约束"")",entry\src\main\ets\components\page\PageView.ets:262,未修复,接口定义变更
declare class CommonMethod<T>,ArkTS,7.0.0(26) Beta1,ALL,"=HYPERLINK(""https://developer.huawei.com/consumer/cn/doc/harmonyos-releases/changelogs-for-all-apps-7001/#ch2026010615012"",""ArkUI接口新增仅支持Stage模型的约束"")",entry\src\main\ets\components\page\PageView.ets:263,未修复,接口定义变更
declare class CommonMethod<T>,ArkTS,7.0.0(26) Beta1,ALL,"=HYPERLINK(""https://developer.huawei.com/consumer/cn/doc/harmonyos-releases/changelogs-for-all-apps-7001/#ch2026010615012"",""ArkUI接口新增仅支持Stage模型的约束"")",entry\src\main\ets\components\page\PageView.ets:266,未修复,接口定义变更
declare class CommonMethod<T>,ArkTS,7.0.0(26) Beta1,ALL,"=HYPERLINK(""https://developer.huawei.com/consumer/cn/doc/harmonyos-releases/changelogs-for-all-apps-7001/#ch2026010615012"",""ArkUI接口新增仅支持Stage模型的约束"")",entry\src\main\ets\components\page\PageView.ets:268,未修复,接口定义变更
declare class CommonMethod<T>,ArkTS,7.0.0(26) Beta1,ALL,"=HYPERLINK(""https://developer.huawei.com/consumer/cn/doc/harmonyos-releases/changelogs-for-all-apps-7001/#ch2026010615012"",""ArkUI接口新增仅支持Stage模型的约束"")",entry\src\main\ets\components\page\PageView.ets:269,未修复,接口定义变更
declare class CommonMethod<T>,ArkTS,7.0.0(26) Beta1,ALL,"=HYPERLINK(""https://developer.huawei.com/consumer/cn/doc/harmonyos-releases/changelogs-for-all-apps-7001/#ch2026010615012"",""ArkUI接口新增仅支持Stage模型的约束"")",entry\src\main\ets\components\page\PageView.ets:270,未修复,接口定义变更
declare class CommonMethod<T>,ArkTS,7.0.0(26) Beta1,ALL,"=HYPERLINK(""https://developer.huawei.com/consumer/cn/doc/harmonyos-releases/changelogs-for-all-apps-7001/#ch2026010615012"",""ArkUI接口新增仅支持Stage模型的约束"")",entry\src\main\ets\components\page\PageView.ets:273,未修复,接口定义变更
declare class CommonMethod<T>,ArkTS,7.0.0(26) Beta1,ALL,"=HYPERLINK(""https://developer.huawei.com/consumer/cn/doc/harmonyos-releases/changelogs-for-all-apps-7001/#ch2026010615012"",""ArkUI接口新增仅支持Stage模型的约束"")",entry\src\main\ets\components\page\PageView.ets:274,未修复,接口定义变更
declare class CommonMethod<T>,ArkTS,7.0.0(26) Beta1,ALL,"=HYPERLINK(""https://developer.huawei.com/consumer/cn/doc/harmonyos-releases/changelogs-for-all-apps-7001/#ch2026010615012"",""ArkUI接口新增仅支持Stage模型的约束"")",entry\src\main\ets\components\page\PageView.ets:275,未修复,接口定义变更
declare class CommonMethod<T>,ArkTS,7.0.0(26) Beta1,ALL,"=HYPERLINK(""https://developer.huawei.com/consumer/cn/doc/harmonyos-releases/changelogs-for-all-apps-7001/#ch2026010615012"",""ArkUI接口新增仅支持Stage模型的约束"")",entry\src\main\ets\components\page\PageView.ets:289,未修复,接口定义变更
declare class CommonMethod<T>,ArkTS,7.0.0(26) Beta1,ALL,"=HYPERLINK(""https://developer.huawei.com/consumer/cn/doc/harmonyos-releases/changelogs-for-all-apps-7001/#ch2026010615012"",""ArkUI接口新增仅支持Stage模型的约束"")",entry\src\main\ets\components\page\PageView.ets:290,未修复,接口定义变更
declare class CommonMethod<T>,ArkTS,7.0.0(26) Beta1,ALL,"=HYPERLINK(""https://developer.huawei.com/consumer/cn/doc/harmonyos-releases/changelogs-for-all-apps-7001/#ch2026010615012"",""ArkUI接口新增仅支持Stage模型的约束"")",entry\src\main\ets\components\page\PageView.ets:298,未修复,接口定义变更
declare class CommonMethod<T>,ArkTS,7.0.0(26) Beta1,ALL,"=HYPERLINK(""https://developer.huawei.com/consumer/cn/doc/harmonyos-releases/changelogs-for-all-apps-7001/#ch2026010615012"",""ArkUI接口新增仅支持Stage模型的约束"")",entry\src\main\ets\components\page\PageView.ets:299,未修复,接口定义变更
declare class CommonMethod<T>,ArkTS,7.0.0(26) Beta1,ALL,"=HYPERLINK(""https://developer.huawei.com/consumer/cn/doc/harmonyos-releases/changelogs-for-all-apps-7001/#ch2026010615012"",""ArkUI接口新增仅支持Stage模型的约束"")",entry\src\main\ets\components\page\PageView.ets:302,未修复,接口定义变更
declare class CommonMethod<T>,ArkTS,7.0.0(26) Beta1,ALL,"=HYPERLINK(""https://developer.huawei.com/consumer/cn/doc/harmonyos-releases/changelogs-for-all-apps-7001/#ch2026010615012"",""ArkUI接口新增仅支持Stage模型的约束"")",entry\src\main\ets\components\page\PageView.ets:303,未修复,接口定义变更
declare class CommonMethod<T>,ArkTS,7.0.0(26) Beta1,ALL,"=HYPERLINK(""https://developer.huawei.com/consumer/cn/doc/harmonyos-releases/changelogs-for-all-apps-7001/#ch2026010615012"",""ArkUI接口新增仅支持Stage模型的约束"")",entry\src\main\ets\components\page\PageView.ets:304,未修复,接口定义变更
declare class CommonMethod<T>,ArkTS,7.0.0(26) Beta1,ALL,"=HYPERLINK(""https://developer.huawei.com/consumer/cn/doc/harmonyos-releases/changelogs-for-all-apps-7001/#ch2026010615012"",""ArkUI接口新增仅支持Stage模型的约束"")",entry\src\main\ets\components\page\PageView.ets:318,未修复,接口定义变更
declare class CommonMethod<T>,ArkTS,7.0.0(26) Beta1,ALL,"=HYPERLINK(""https://developer.huawei.com/consumer/cn/doc/harmonyos-releases/changelogs-for-all-apps-7001/#ch2026010615012"",""ArkUI接口新增仅支持Stage模型的约束"")",entry\src\main\ets\components\page\PageView.ets:319,未修复,接口定义变更
declare class CommonMethod<T>,ArkTS,7.0.0(26) Beta1,ALL,"=HYPERLINK(""https://developer.huawei.com/consumer/cn/doc/harmonyos-releases/changelogs-for-all-apps-7001/#ch2026010615012"",""ArkUI接口新增仅支持Stage模型的约束"")",entry\src\main\ets\components\page\PageView.ets:337,未修复,接口定义变更
declare class CommonMethod<T>,ArkTS,7.0.0(26) Beta1,ALL,"=HYPERLINK(""https://developer.huawei.com/consumer/cn/doc/harmonyos-releases/changelogs-for-all-apps-7001/#ch2026010615012"",""ArkUI接口新增仅支持Stage模型的约束"")",entry\src\main\ets\components\page\PageView.ets:338,未修复,接口定义变更
declare class CommonMethod<T>,ArkTS,7.0.0(26) Beta1,ALL,"=HYPERLINK(""https://developer.huawei.com/consumer/cn/doc/harmonyos-releases/changelogs-for-all-apps-7001/#ch2026010615012"",""ArkUI接口新增仅支持Stage模型的约束"")",entry\src\main\ets\components\page\PageView.ets:341,未修复,接口定义变更
declare class CommonMethod<T>,ArkTS,7.0.0(26) Beta1,ALL,"=HYPERLINK(""https://developer.huawei.com/consumer/cn/doc/harmonyos-releases/changelogs-for-all-apps-7001/#ch2026010615012"",""ArkUI接口新增仅支持Stage模型的约束"")",entry\src\main\ets\components\page\PageView.ets:342,未修复,接口定义变更
declare class CommonMethod<T>,ArkTS,7.0.0(26) Beta1,ALL,"=HYPERLINK(""https://developer.huawei.com/consumer/cn/doc/harmonyos-releases/changelogs-for-all-apps-7001/#ch2026010615012"",""ArkUI接口新增仅支持Stage模型的约束"")",entry\src\main\ets\components\page\PageView.ets:343,未修复,接口定义变更
declare class CommonMethod<T>,ArkTS,7.0.0(26) Beta1,ALL,"=HYPERLINK(""https://developer.huawei.com/consumer/cn/doc/harmonyos-releases/changelogs-for-all-apps-7001/#ch2026010615012"",""ArkUI接口新增仅支持Stage模型的约束"")",entry\src\main\ets\components\property\PropertyConfig.ets:314,未修复,接口定义变更
declare class CommonMethod<T>,ArkTS,7.0.0(26) Beta1,ALL,"=HYPERLINK(""https://developer.huawei.com/consumer/cn/doc/harmonyos-releases/changelogs-for-all-apps-7001/#ch2026010615012"",""ArkUI接口新增仅支持Stage模型的约束"")",entry\src\main\ets\components\property\PropertyConfig.ets:315,未修复,接口定义变更
declare class CommonMethod<T>,ArkTS,7.0.0(26) Beta1,ALL,"=HYPERLINK(""https://developer.huawei.com/consumer/cn/doc/harmonyos-releases/changelogs-for-all-apps-7001/#ch2026010615012"",""ArkUI接口新增仅支持Stage模型的约束"")",entry\src\main\ets\components\property\PropertyConfig.ets:323,未修复,接口定义变更
declare class CommonMethod<T>,ArkTS,7.0.0(26) Beta1,ALL,"=HYPERLINK(""https://developer.huawei.com/consumer/cn/doc/harmonyos-releases/changelogs-for-all-apps-7001/#ch2026010615012"",""ArkUI接口新增仅支持Stage模型的约束"")",entry\src\main\ets\components\property\PropertyConfig.ets:330,未修复,接口定义变更
declare class CommonMethod<T>,ArkTS,7.0.0(26) Beta1,ALL,"=HYPERLINK(""https://developer.huawei.com/consumer/cn/doc/harmonyos-releases/changelogs-for-all-apps-7001/#ch2026010615012"",""ArkUI接口新增仅支持Stage模型的约束"")",entry\src\main\ets\components\property\PropertyConfig.ets:331,未修复,接口定义变更
declare class CommonMethod<T>,ArkTS,7.0.0(26) Beta1,ALL,"=HYPERLINK(""https://developer.huawei.com/consumer/cn/doc/harmonyos-releases/changelogs-for-all-apps-7001/#ch2026010615012"",""ArkUI接口新增仅支持Stage模型的约束"")",entry\src\main\ets\components\property\PropertyConfig.ets:335,未修复,接口定义变更
declare class CommonMethod<T>,ArkTS,7.0.0(26) Beta1,ALL,"=HYPERLINK(""https://developer.huawei.com/consumer/cn/doc/harmonyos-releases/changelogs-for-all-apps-7001/#ch2026010615012"",""ArkUI接口新增仅支持Stage模型的约束"")",entry\src\main\ets\components\property\PropertyConfig.ets:336,未修复,接口定义变更
declare class CommonMethod<T>,ArkTS,7.0.0(26) Beta1,ALL,"=HYPERLINK(""https://developer.huawei.com/consumer/cn/doc/harmonyos-releases/changelogs-for-all-apps-7001/#ch2026010615012"",""ArkUI接口新增仅支持Stage模型的约束"")",entry\src\main\ets\components\property\PropertyConfig.ets:345,未修复,接口定义变更
declare class CommonMethod<T>,ArkTS,7.0.0(26) Beta1,ALL,"=HYPERLINK(""https://developer.huawei.com/consumer/cn/doc/harmonyos-releases/changelogs-for-all-apps-7001/#ch2026010615012"",""ArkUI接口新增仅支持Stage模型的约束"")",entry\src\main\ets\components\property\PropertyConfig.ets:346,未修复,接口定义变更
declare class CommonMethod<T>,ArkTS,7.0.0(26) Beta1,ALL,"=HYPERLINK(""https://developer.huawei.com/consumer/cn/doc/harmonyos-releases/changelogs-for-all-apps-7001/#ch2026010615012"",""ArkUI接口新增仅支持Stage模型的约束"")",entry\src\main\ets\components\property\PropertyConfig.ets:353,未修复,接口定义变更
declare class CommonMethod<T>,ArkTS,7.0.0(26) Beta1,ALL,"=HYPERLINK(""https://developer.huawei.com/consumer/cn/doc/harmonyos-releases/changelogs-for-all-apps-7001/#ch2026010615012"",""ArkUI接口新增仅支持Stage模型的约束"")",entry\src\main\ets\components\property\PropertyConfig.ets:364,未修复,接口定义变更
declare class CommonMethod<T>,ArkTS,7.0.0(26) Beta1,ALL,"=HYPERLINK(""https://developer.huawei.com/consumer/cn/doc/harmonyos-releases/changelogs-for-all-apps-7001/#ch2026010615012"",""ArkUI接口新增仅支持Stage模型的约束"")",entry\src\main\ets\components\property\PropertyConfig.ets:365,未修复,接口定义变更
declare class CommonMethod<T>,ArkTS,7.0.0(26) Beta1,ALL,"=HYPERLINK(""https://developer.huawei.com/consumer/cn/doc/harmonyos-releases/changelogs-for-all-apps-7001/#ch2026010615012"",""ArkUI接口新增仅支持Stage模型的约束"")",entry\src\main\ets\components\property\PropertyConfig.ets:366,未修复,接口定义变更
declare class CommonMethod<T>,ArkTS,7.0.0(26) Beta1,ALL,"=HYPERLINK(""https://developer.huawei.com/consumer/cn/doc/harmonyos-releases/changelogs-for-all-apps-7001/#ch2026010615012"",""ArkUI接口新增仅支持Stage模型的约束"")",entry\src\main\ets\components\property\PropertyConfig.ets:374,未修复,接口定义变更
declare class CommonMethod<T>,ArkTS,7.0.0(26) Beta1,ALL,"=HYPERLINK(""https://developer.huawei.com/consumer/cn/doc/harmonyos-releases/changelogs-for-all-apps-7001/#ch2026010615012"",""ArkUI接口新增仅支持Stage模型的约束"")",entry\src\main\ets\components\property\PropertyConfig.ets:375,未修复,接口定义变更
declare class CommonMethod<T>,ArkTS,7.0.0(26) Beta1,ALL,"=HYPERLINK(""https://developer.huawei.com/consumer/cn/doc/harmonyos-releases/changelogs-for-all-apps-7001/#ch2026010615012"",""ArkUI接口新增仅支持Stage模型的约束"")",entry\src\main\ets\components\property\PropertyConfig.ets:384,未修复,接口定义变更
declare class CommonMethod<T>,ArkTS,7.0.0(26) Beta1,ALL,"=HYPERLINK(""https://developer.huawei.com/consumer/cn/doc/harmonyos-releases/changelogs-for-all-apps-7001/#ch2026010615012"",""ArkUI接口新增仅支持Stage模型的约束"")",entry\src\main\ets\components\property\PropertyConfig.ets:385,未修复,接口定义变更
declare class CommonMethod<T>,ArkTS,7.0.0(26) Beta1,ALL,"=HYPERLINK(""https://developer.huawei.com/consumer/cn/doc/harmonyos-releases/changelogs-for-all-apps-7001/#ch2026010615012"",""ArkUI接口新增仅支持Stage模型的约束"")",entry\src\main\ets\components\property\PropertyConfig.ets:400,未修复,接口定义变更
declare class CommonMethod<T>,ArkTS,7.0.0(26) Beta1,ALL,"=HYPERLINK(""https://developer.huawei.com/consumer/cn/doc/harmonyos-releases/changelogs-for-all-apps-7001/#ch2026010615012"",""ArkUI接口新增仅支持Stage模型的约束"")",entry\src\main\ets\components\property\PropertyConfig.ets:401,未修复,接口定义变更
declare class CommonMethod<T>,ArkTS,7.0.0(26) Beta1,ALL,"=HYPERLINK(""https://developer.huawei.com/consumer/cn/doc/harmonyos-releases/changelogs-for-all-apps-7001/#ch2026010615012"",""ArkUI接口新增仅支持Stage模型的约束"")",entry\src\main\ets\components\property\PropertyConfig.ets:402,未修复,接口定义变更
declare class CommonMethod<T>,ArkTS,7.0.0(26) Beta1,ALL,"=HYPERLINK(""https://developer.huawei.com/consumer/cn/doc/harmonyos-releases/changelogs-for-all-apps-7001/#ch2026010615012"",""ArkUI接口新增仅支持Stage模型的约束"")",entry\src\main\ets\components\property\PropertyConfig.ets:411,未修复,接口定义变更
declare class CommonMethod<T>,ArkTS,7.0.0(26) Beta1,ALL,"=HYPERLINK(""https://developer.huawei.com/consumer/cn/doc/harmonyos-releases/changelogs-for-all-apps-7001/#ch2026010615012"",""ArkUI接口新增仅支持Stage模型的约束"")",entry\src\main\ets\components\property\PropertyConfig.ets:419,未修复,接口定义变更
declare class CommonMethod<T>,ArkTS,7.0.0(26) Beta1,ALL,"=HYPERLINK(""https://developer.huawei.com/consumer/cn/doc/harmonyos-releases/changelogs-for-all-apps-7001/#ch2026010615012"",""ArkUI接口新增仅支持Stage模型的约束"")",entry\src\main\ets\components\property\PropertyConfig.ets:420,未修复,接口定义变更
declare class CommonMethod<T>,ArkTS,7.0.0(26) Beta1,ALL,"=HYPERLINK(""https://developer.huawei.com/consumer/cn/doc/harmonyos-releases/changelogs-for-all-apps-7001/#ch2026010615012"",""ArkUI接口新增仅支持Stage模型的约束"")",entry\src\main\ets\components\property\PropertyConfig.ets:429,未修复,接口定义变更
declare class CommonMethod<T>,ArkTS,7.0.0(26) Beta1,ALL,"=HYPERLINK(""https://developer.huawei.com/consumer/cn/doc/harmonyos-releases/changelogs-for-all-apps-7001/#ch2026010615012"",""ArkUI接口新增仅支持Stage模型的约束"")",entry\src\main\ets\components\property\PropertyConfig.ets:430,未修复,接口定义变更
declare class CommonMethod<T>,ArkTS,7.0.0(26) Beta1,ALL,"=HYPERLINK(""https://developer.huawei.com/consumer/cn/doc/harmonyos-releases/changelogs-for-all-apps-7001/#ch2026010615012"",""ArkUI接口新增仅支持Stage模型的约束"")",entry\src\main\ets\components\property\PropertyConfig.ets:435,未修复,接口定义变更
declare class CommonMethod<T>,ArkTS,7.0.0(26) Beta1,ALL,"=HYPERLINK(""https://developer.huawei.com/consumer/cn/doc/harmonyos-releases/changelogs-for-all-apps-7001/#ch2026010615012"",""ArkUI接口新增仅支持Stage模型的约束"")",entry\src\main\ets\components\property\PropertyConfig.ets:436,未修复,接口定义变更
declare class CommonMethod<T>,ArkTS,7.0.0(26) Beta1,ALL,"=HYPERLINK(""https://developer.huawei.com/consumer/cn/doc/harmonyos-releases/changelogs-for-all-apps-7001/#ch2026010615012"",""ArkUI接口新增仅支持Stage模型的约束"")",entry\src\main\ets\components\property\PropertyConfig.ets:437,未修复,接口定义变更
declare class CommonMethod<T>,ArkTS,7.0.0(26) Beta1,ALL,"=HYPERLINK(""https://developer.huawei.com/consumer/cn/doc/harmonyos-releases/changelogs-for-all-apps-7001/#ch2026010615012"",""ArkUI接口新增仅支持Stage模型的约束"")",entry\src\main\ets\components\property\PropertyConfig.ets:438,未修复,接口定义变更
declare class CommonMethod<T>,ArkTS,7.0.0(26) Beta1,ALL,"=HYPERLINK(""https://developer.huawei.com/consumer/cn/doc/harmonyos-releases/changelogs-for-all-apps-7001/#ch2026010615012"",""ArkUI接口新增仅支持Stage模型的约束"")",entry\src\main\ets\components\property\PropertyConfig.ets:448,未修复,接口定义变更
declare class CommonMethod<T>,ArkTS,7.0.0(26) Beta1,ALL,"=HYPERLINK(""https://developer.huawei.com/consumer/cn/doc/harmonyos-releases/changelogs-for-all-apps-7001/#ch2026010615012"",""ArkUI接口新增仅支持Stage模型的约束"")",entry\src\main\ets\components\property\PropertyConfig.ets:452,未修复,接口定义变更
declare class CommonMethod<T>,ArkTS,7.0.0(26) Beta1,ALL,"=HYPERLINK(""https://developer.huawei.com/consumer/cn/doc/harmonyos-releases/changelogs-for-all-apps-7001/#ch2026010615012"",""ArkUI接口新增仅支持Stage模型的约束"")",entry\src\main\ets\components\property\PropertyConfig.ets:453,未修复,接口定义变更
declare class CommonMethod<T>,ArkTS,7.0.0(26) Beta1,ALL,"=HYPERLINK(""https://developer.huawei.com/consumer/cn/doc/harmonyos-releases/changelogs-for-all-apps-7001/#ch2026010615012"",""ArkUI接口新增仅支持Stage模型的约束"")",entry\src\main\ets\components\property\PropertyConfig.ets:454,未修复,接口定义变更
declare class CommonMethod<T>,ArkTS,7.0.0(26) Beta1,ALL,"=HYPERLINK(""https://developer.huawei.com/consumer/cn/doc/harmonyos-releases/changelogs-for-all-apps-7001/#ch2026010615012"",""ArkUI接口新增仅支持Stage模型的约束"")",entry\src\main\ets\components\property\PropertyConfig.ets:456,未修复,接口定义变更
declare class CommonMethod<T>,ArkTS,7.0.0(26) Beta1,ALL,"=HYPERLINK(""https://developer.huawei.com/consumer/cn/doc/harmonyos-releases/changelogs-for-all-apps-7001/#ch2026010615012"",""ArkUI接口新增仅支持Stage模型的约束"")",entry\src\main\ets\components\property\PropertyConfig.ets:457,未修复,接口定义变更
declare class CommonMethod<T>,ArkTS,7.0.0(26) Beta1,ALL,"=HYPERLINK(""https://developer.huawei.com/consumer/cn/doc/harmonyos-releases/changelogs-for-all-apps-7001/#ch2026010615012"",""ArkUI接口新增仅支持Stage模型的约束"")",entry\src\main\ets\components\property\PropertyConfig.ets:466,未修复,接口定义变更
declare class CommonMethod<T>,ArkTS,7.0.0(26) Beta1,ALL,"=HYPERLINK(""https://developer.huawei.com/consumer/cn/doc/harmonyos-releases/changelogs-for-all-apps-7001/#ch2026010615012"",""ArkUI接口新增仅支持Stage模型的约束"")",entry\src\main\ets\components\property\PropertyConfig.ets:467,未修复,接口定义变更
declare class CommonMethod<T>,ArkTS,7.0.0(26) Beta1,ALL,"=HYPERLINK(""https://developer.huawei.com/consumer/cn/doc/harmonyos-releases/changelogs-for-all-apps-7001/#ch2026010615012"",""ArkUI接口新增仅支持Stage模型的约束"")",entry\src\main\ets\components\property\PropertyConfig.ets:468,未修复,接口定义变更
declare class CommonMethod<T>,ArkTS,7.0.0(26) Beta1,ALL,"=HYPERLINK(""https://developer.huawei.com/consumer/cn/doc/harmonyos-releases/changelogs-for-all-apps-7001/#ch2026010615012"",""ArkUI接口新增仅支持Stage模型的约束"")",entry\src\main\ets\components\property\PropertyConfig.ets:469,未修复,接口定义变更
declare class CommonMethod<T>,ArkTS,7.0.0(26) Beta1,ALL,"=HYPERLINK(""https://developer.huawei.com/consumer/cn/doc/harmonyos-releases/changelogs-for-all-apps-7001/#ch2026010615012"",""ArkUI接口新增仅支持Stage模型的约束"")",entry\src\main\ets\components\property\PropertyConfig.ets:479,未修复,接口定义变更
declare class CommonMethod<T>,ArkTS,7.0.0(26) Beta1,ALL,"=HYPERLINK(""https://developer.huawei.com/consumer/cn/doc/harmonyos-releases/changelogs-for-all-apps-7001/#ch2026010615012"",""ArkUI接口新增仅支持Stage模型的约束"")",entry\src\main\ets\components\property\PropertyConfig.ets:488,未修复,接口定义变更
declare class CommonMethod<T>,ArkTS,7.0.0(26) Beta1,ALL,"=HYPERLINK(""https://developer.huawei.com/consumer/cn/doc/harmonyos-releases/changelogs-for-all-apps-7001/#ch2026010615012"",""ArkUI接口新增仅支持Stage模型的约束"")",entry\src\main\ets\components\property\PropertyConfig.ets:489,未修复,接口定义变更
declare class CommonMethod<T>,ArkTS,7.0.0(26) Beta1,ALL,"=HYPERLINK(""https://developer.huawei.com/consumer/cn/doc/harmonyos-releases/changelogs-for-all-apps-7001/#ch2026010615012"",""ArkUI接口新增仅支持Stage模型的约束"")",entry\src\main\ets\components\property\PropertyConfig.ets:494,未修复,接口定义变更
declare class CommonMethod<T>,ArkTS,7.0.0(26) Beta1,ALL,"=HYPERLINK(""https://developer.huawei.com/consumer/cn/doc/harmonyos-releases/changelogs-for-all-apps-7001/#ch2026010615012"",""ArkUI接口新增仅支持Stage模型的约束"")",entry\src\main\ets\components\property\PropertyConfig.ets:509,未修复,接口定义变更
declare class CommonMethod<T>,ArkTS,7.0.0(26) Beta1,ALL,"=HYPERLINK(""https://developer.huawei.com/consumer/cn/doc/harmonyos-releases/changelogs-for-all-apps-7001/#ch2026010615012"",""ArkUI接口新增仅支持Stage模型的约束"")",entry\src\main\ets\components\property\PropertyConfig.ets:510,未修复,接口定义变更
declare class CommonMethod<T>,ArkTS,7.0.0(26) Beta1,ALL,"=HYPERLINK(""https://developer.huawei.com/consumer/cn/doc/harmonyos-releases/changelogs-for-all-apps-7001/#ch2026010615012"",""ArkUI接口新增仅支持Stage模型的约束"")",entry\src\main\ets\components\property\PropertyConfig.ets:512,未修复,接口定义变更
declare class CommonMethod<T>,ArkTS,7.0.0(26) Beta1,ALL,"=HYPERLINK(""https://developer.huawei.com/consumer/cn/doc/harmonyos-releases/changelogs-for-all-apps-7001/#ch2026010615012"",""ArkUI接口新增仅支持Stage模型的约束"")",entry\src\main\ets\components\property\PropertyConfig.ets:522,未修复,接口定义变更
declare class CommonMethod<T>,ArkTS,7.0.0(26) Beta1,ALL,"=HYPERLINK(""https://developer.huawei.com/consumer/cn/doc/harmonyos-releases/changelogs-for-all-apps-7001/#ch2026010615012"",""ArkUI接口新增仅支持Stage模型的约束"")",entry\src\main\ets\components\property\PropertyConfig.ets:527,未修复,接口定义变更
declare class CommonMethod<T>,ArkTS,7.0.0(26) Beta1,ALL,"=HYPERLINK(""https://developer.huawei.com/consumer/cn/doc/harmonyos-releases/changelogs-for-all-apps-7001/#ch2026010615012"",""ArkUI接口新增仅支持Stage模型的约束"")",entry\src\main\ets\components\property\PropertyConfig.ets:538,未修复,接口定义变更
declare class CommonMethod<T>,ArkTS,7.0.0(26) Beta1,ALL,"=HYPERLINK(""https://developer.huawei.com/consumer/cn/doc/harmonyos-releases/changelogs-for-all-apps-7001/#ch2026010615012"",""ArkUI接口新增仅支持Stage模型的约束"")",entry\src\main\ets\components\property\PropertyConfig.ets:543,未修复,接口定义变更
declare class CommonMethod<T>,ArkTS,7.0.0(26) Beta1,ALL,"=HYPERLINK(""https://developer.huawei.com/consumer/cn/doc/harmonyos-releases/changelogs-for-all-apps-7001/#ch2026010615012"",""ArkUI接口新增仅支持Stage模型的约束"")",entry\src\main\ets\components\property\PropertyConfig.ets:550,未修复,接口定义变更
declare class CommonMethod<T>,ArkTS,7.0.0(26) Beta1,ALL,"=HYPERLINK(""https://developer.huawei.com/consumer/cn/doc/harmonyos-releases/changelogs-for-all-apps-7001/#ch2026010615012"",""ArkUI接口新增仅支持Stage模型的约束"")",entry\src\main\ets\components\property\PropertyConfig.ets:551,未修复,接口定义变更
declare class CommonMethod<T>,ArkTS,7.0.0(26) Beta1,ALL,"=HYPERLINK(""https://developer.huawei.com/consumer/cn/doc/harmonyos-releases/changelogs-for-all-apps-7001/#ch2026010615012"",""ArkUI接口新增仅支持Stage模型的约束"")",entry\src\main\ets\components\property\PropertyConfig.ets:553,未修复,接口定义变更
declare class CommonMethod<T>,ArkTS,7.0.0(26) Beta1,ALL,"=HYPERLINK(""https://developer.huawei.com/consumer/cn/doc/harmonyos-releases/changelogs-for-all-apps-7001/#ch2026010615012"",""ArkUI接口新增仅支持Stage模型的约束"")",entry\src\main\ets\components\property\PropertyConfig.ets:558,未修复,接口定义变更
declare class CommonMethod<T>,ArkTS,7.0.0(26) Beta1,ALL,"=HYPERLINK(""https://developer.huawei.com/consumer/cn/doc/harmonyos-releases/changelogs-for-all-apps-7001/#ch2026010615012"",""ArkUI接口新增仅支持Stage模型的约束"")",entry\src\main\ets\components\property\PropertyConfig.ets:559,未修复,接口定义变更
declare class CommonMethod<T>,ArkTS,7.0.0(26) Beta1,ALL,"=HYPERLINK(""https://developer.huawei.com/consumer/cn/doc/harmonyos-releases/changelogs-for-all-apps-7001/#ch2026010615012"",""ArkUI接口新增仅支持Stage模型的约束"")",entry\src\main\ets\components\property\PropertyConfig.ets:561,未修复,接口定义变更
declare class CommonMethod<T>,ArkTS,7.0.0(26) Beta1,ALL,"=HYPERLINK(""https://developer.huawei.com/consumer/cn/doc/harmonyos-releases/changelogs-for-all-apps-7001/#ch2026010615012"",""ArkUI接口新增仅支持Stage模型的约束"")",entry\src\main\ets\components\property\PropertyConfig.ets:565,未修复,接口定义变更
declare class CommonMethod<T>,ArkTS,7.0.0(26) Beta1,ALL,"=HYPERLINK(""https://developer.huawei.com/consumer/cn/doc/harmonyos-releases/changelogs-for-all-apps-7001/#ch2026010615012"",""ArkUI接口新增仅支持Stage模型的约束"")",entry\src\main\ets\components\property\PropertyConfig.ets:567,未修复,接口定义变更
declare class CommonMethod<T>,ArkTS,7.0.0(26) Beta1,ALL,"=HYPERLINK(""https://developer.huawei.com/consumer/cn/doc/harmonyos-releases/changelogs-for-all-apps-7001/#ch2026010615012"",""ArkUI接口新增仅支持Stage模型的约束"")",entry\src\main\ets\components\property\PropertyConfig.ets:568,未修复,接口定义变更
declare class CommonMethod<T>,ArkTS,7.0.0(26) Beta1,ALL,"=HYPERLINK(""https://developer.huawei.com/consumer/cn/doc/harmonyos-releases/changelogs-for-all-apps-7001/#ch2026010615012"",""ArkUI接口新增仅支持Stage模型的约束"")",entry\src\main\ets\components\property\PropertyConfig.ets:569,未修复,接口定义变更
declare class CommonMethod<T>,ArkTS,7.0.0(26) Beta1,ALL,"=HYPERLINK(""https://developer.huawei.com/consumer/cn/doc/harmonyos-releases/changelogs-for-all-apps-7001/#ch2026010615012"",""ArkUI接口新增仅支持Stage模型的约束"")",entry\src\main\ets\components\property\PropertyConfig.ets:570,未修复,接口定义变更
declare class CommonMethod<T>,ArkTS,7.0.0(26) Beta1,ALL,"=HYPERLINK(""https://developer.huawei.com/consumer/cn/doc/harmonyos-releases/changelogs-for-all-apps-7001/#ch2026010615012"",""ArkUI接口新增仅支持Stage模型的约束"")",entry\src\main\ets\components\property\PropertyConfig.ets:572,未修复,接口定义变更
declare class CommonMethod<T>,ArkTS,7.0.0(26) Beta1,ALL,"=HYPERLINK(""https://developer.huawei.com/consumer/cn/doc/harmonyos-releases/changelogs-for-all-apps-7001/#ch2026010615012"",""ArkUI接口新增仅支持Stage模型的约束"")",entry\src\main\ets\components\property\PropertyConfig.ets:573,未修复,接口定义变更
declare class CommonMethod<T>,ArkTS,7.0.0(26) Beta1,ALL,"=HYPERLINK(""https://developer.huawei.com/consumer/cn/doc/harmonyos-releases/changelogs-for-all-apps-7001/#ch2026010615012"",""ArkUI接口新增仅支持Stage模型的约束"")",entry\src\main\ets\components\property\PropertyEditor.ets:174,未修复,接口定义变更
declare class CommonMethod<T>,ArkTS,7.0.0(26) Beta1,ALL,"=HYPERLINK(""https://developer.huawei.com/consumer/cn/doc/harmonyos-releases/changelogs-for-all-apps-7001/#ch2026010615012"",""ArkUI接口新增仅支持Stage模型的约束"")",entry\src\main\ets\components\property\PropertyEditor.ets:180,未修复,接口定义变更
declare class CommonMethod<T>,ArkTS,7.0.0(26) Beta1,ALL,"=HYPERLINK(""https://developer.huawei.com/consumer/cn/doc/harmonyos-releases/changelogs-for-all-apps-7001/#ch2026010615012"",""ArkUI接口新增仅支持Stage模型的约束"")",entry\src\main\ets\components\property\PropertyEditor.ets:181,未修复,接口定义变更
declare class CommonMethod<T>,ArkTS,7.0.0(26) Beta1,ALL,"=HYPERLINK(""https://developer.huawei.com/consumer/cn/doc/harmonyos-releases/changelogs-for-all-apps-7001/#ch2026010615012"",""ArkUI接口新增仅支持Stage模型的约束"")",entry\src\main\ets\components\property\PropertyEditor.ets:183,未修复,接口定义变更
declare class CommonMethod<T>,ArkTS,7.0.0(26) Beta1,ALL,"=HYPERLINK(""https://developer.huawei.com/consumer/cn/doc/harmonyos-releases/changelogs-for-all-apps-7001/#ch2026010615012"",""ArkUI接口新增仅支持Stage模型的约束"")",entry\src\main\ets\components\property\PropertyEditor.ets:184,未修复,接口定义变更
declare class CommonMethod<T>,ArkTS,7.0.0(26) Beta1,ALL,"=HYPERLINK(""https://developer.huawei.com/consumer/cn/doc/harmonyos-releases/changelogs-for-all-apps-7001/#ch2026010615012"",""ArkUI接口新增仅支持Stage模型的约束"")",entry\src\main\ets\components\property\PropertyEditor.ets:190,未修复,接口定义变更
declare class CommonMethod<T>,ArkTS,7.0.0(26) Beta1,ALL,"=HYPERLINK(""https://developer.huawei.com/consumer/cn/doc/harmonyos-releases/changelogs-for-all-apps-7001/#ch2026010615012"",""ArkUI接口新增仅支持Stage模型的约束"")",entry\src\main\ets\components\property\PropertyEditor.ets:191,未修复,接口定义变更
declare class CommonMethod<T>,ArkTS,7.0.0(26) Beta1,ALL,"=HYPERLINK(""https://developer.huawei.com/consumer/cn/doc/harmonyos-releases/changelogs-for-all-apps-7001/#ch2026010615012"",""ArkUI接口新增仅支持Stage模型的约束"")",entry\src\main\ets\components\property\PropertyEditor.ets:193,未修复,接口定义变更
declare class CommonMethod<T>,ArkTS,7.0.0(26) Beta1,ALL,"=HYPERLINK(""https://developer.huawei.com/consumer/cn/doc/harmonyos-releases/changelogs-for-all-apps-7001/#ch2026010615012"",""ArkUI接口新增仅支持Stage模型的约束"")",entry\src\main\ets\components\property\PropertyEditor.ets:203,未修复,接口定义变更
declare class CommonMethod<T>,ArkTS,7.0.0(26) Beta1,ALL,"=HYPERLINK(""https://developer.huawei.com/consumer/cn/doc/harmonyos-releases/changelogs-for-all-apps-7001/#ch2026010615012"",""ArkUI接口新增仅支持Stage模型的约束"")",entry\src\main\ets\components\property\PropertyEditor.ets:204,未修复,接口定义变更
declare class CommonMethod<T>,ArkTS,7.0.0(26) Beta1,ALL,"=HYPERLINK(""https://developer.huawei.com/consumer/cn/doc/harmonyos-releases/changelogs-for-all-apps-7001/#ch2026010615012"",""ArkUI接口新增仅支持Stage模型的约束"")",entry\src\main\ets\components\property\PropertyEditor.ets:218,未修复,接口定义变更
declare class CommonMethod<T>,ArkTS,7.0.0(26) Beta1,ALL,"=HYPERLINK(""https://developer.huawei.com/consumer/cn/doc/harmonyos-releases/changelogs-for-all-apps-7001/#ch2026010615012"",""ArkUI接口新增仅支持Stage模型的约束"")",entry\src\main\ets\components\property\PropertyEditor.ets:219,未修复,接口定义变更
declare class CommonMethod<T>,ArkTS,7.0.0(26) Beta1,ALL,"=HYPERLINK(""https://developer.huawei.com/consumer/cn/doc/harmonyos-releases/changelogs-for-all-apps-7001/#ch2026010615012"",""ArkUI接口新增仅支持Stage模型的约束"")",entry\src\main\ets\components\property\PropertyEditor.ets:220,未修复,接口定义变更
declare class CommonMethod<T>,ArkTS,7.0.0(26) Beta1,ALL,"=HYPERLINK(""https://developer.huawei.com/consumer/cn/doc/harmonyos-releases/changelogs-for-all-apps-7001/#ch2026010615012"",""ArkUI接口新增仅支持Stage模型的约束"")",entry\src\main\ets\components\property\PropertyEditor.ets:221,未修复,接口定义变更
declare class CommonMethod<T>,ArkTS,7.0.0(26) Beta1,ALL,"=HYPERLINK(""https://developer.huawei.com/consumer/cn/doc/harmonyos-releases/changelogs-for-all-apps-7001/#ch2026010615012"",""ArkUI接口新增仅支持Stage模型的约束"")",entry\src\main\ets\components\property\PropertyEditor.ets:227,未修复,接口定义变更
declare class CommonMethod<T>,ArkTS,7.0.0(26) Beta1,ALL,"=HYPERLINK(""https://developer.huawei.com/consumer/cn/doc/harmonyos-releases/changelogs-for-all-apps-7001/#ch2026010615012"",""ArkUI接口新增仅支持Stage模型的约束"")",entry\src\main\ets\components\property\PropertyEditor.ets:228,未修复,接口定义变更
declare class CommonMethod<T>,ArkTS,7.0.0(26) Beta1,ALL,"=HYPERLINK(""https://developer.huawei.com/consumer/cn/doc/harmonyos-releases/changelogs-for-all-apps-7001/#ch2026010615012"",""ArkUI接口新增仅支持Stage模型的约束"")",entry\src\main\ets\components\property\PropertyEditor.ets:237,未修复,接口定义变更
declare class CommonMethod<T>,ArkTS,7.0.0(26) Beta1,ALL,"=HYPERLINK(""https://developer.huawei.com/consumer/cn/doc/harmonyos-releases/changelogs-for-all-apps-7001/#ch2026010615012"",""ArkUI接口新增仅支持Stage模型的约束"")",entry\src\main\ets\components\property\PropertyEditor.ets:239,未修复,接口定义变更
declare class CommonMethod<T>,ArkTS,7.0.0(26) Beta1,ALL,"=HYPERLINK(""https://developer.huawei.com/consumer/cn/doc/harmonyos-releases/changelogs-for-all-apps-7001/#ch2026010615012"",""ArkUI接口新增仅支持Stage模型的约束"")",entry\src\main\ets\components\property\PropertyEditor.ets:240,未修复,接口定义变更
declare class CommonMethod<T>,ArkTS,7.0.0(26) Beta1,ALL,"=HYPERLINK(""https://developer.huawei.com/consumer/cn/doc/harmonyos-releases/changelogs-for-all-apps-7001/#ch2026010615012"",""ArkUI接口新增仅支持Stage模型的约束"")",entry\src\main\ets\components\property\PropertyEditor.ets:244,未修复,接口定义变更
declare class CommonMethod<T>,ArkTS,7.0.0(26) Beta1,ALL,"=HYPERLINK(""https://developer.huawei.com/consumer/cn/doc/harmonyos-releases/changelogs-for-all-apps-7001/#ch2026010615012"",""ArkUI接口新增仅支持Stage模型的约束"")",entry\src\main\ets\components\property\PropertyEditor.ets:245,未修复,接口定义变更
declare class CommonMethod<T>,ArkTS,7.0.0(26) Beta1,ALL,"=HYPERLINK(""https://developer.huawei.com/consumer/cn/doc/harmonyos-releases/changelogs-for-all-apps-7001/#ch2026010615012"",""ArkUI接口新增仅支持Stage模型的约束"")",entry\src\main\ets\components\property\PropertyEditor.ets:250,未修复,接口定义变更
declare class CommonMethod<T>,ArkTS,7.0.0(26) Beta1,ALL,"=HYPERLINK(""https://developer.huawei.com/consumer/cn/doc/harmonyos-releases/changelogs-for-all-apps-7001/#ch2026010615012"",""ArkUI接口新增仅支持Stage模型的约束"")",entry\src\main\ets\components\property\PropertyEditor.ets:251,未修复,接口定义变更
declare class CommonMethod<T>,ArkTS,7.0.0(26) Beta1,ALL,"=HYPERLINK(""https://developer.huawei.com/consumer/cn/doc/harmonyos-releases/changelogs-for-all-apps-7001/#ch2026010615012"",""ArkUI接口新增仅支持Stage模型的约束"")",entry\src\main\ets\components\property\PropertyEditor.ets:252,未修复,接口定义变更
declare class CommonMethod<T>,ArkTS,7.0.0(26) Beta1,ALL,"=HYPERLINK(""https://developer.huawei.com/consumer/cn/doc/harmonyos-releases/changelogs-for-all-apps-7001/#ch2026010615012"",""ArkUI接口新增仅支持Stage模型的约束"")",entry\src\main\ets\components\property\PropertyEditor.ets:253,未修复,接口定义变更
declare class CommonMethod<T>,ArkTS,7.0.0(26) Beta1,ALL,"=HYPERLINK(""https://developer.huawei.com/consumer/cn/doc/harmonyos-releases/changelogs-for-all-apps-7001/#ch2026010615012"",""ArkUI接口新增仅支持Stage模型的约束"")",entry\src\main\ets\components\property\PropertyEditor.ets:260,未修复,接口定义变更
declare class CommonMethod<T>,ArkTS,7.0.0(26) Beta1,ALL,"=HYPERLINK(""https://developer.huawei.com/consumer/cn/doc/harmonyos-releases/changelogs-for-all-apps-7001/#ch2026010615012"",""ArkUI接口新增仅支持Stage模型的约束"")",entry\src\main\ets\components\property\PropertyEditor.ets:269,未修复,接口定义变更
declare class CommonMethod<T>,ArkTS,7.0.0(26) Beta1,ALL,"=HYPERLINK(""https://developer.huawei.com/consumer/cn/doc/harmonyos-releases/changelogs-for-all-apps-7001/#ch2026010615012"",""ArkUI接口新增仅支持Stage模型的约束"")",entry\src\main\ets\components\property\PropertyEditor.ets:270,未修复,接口定义变更
declare class CommonMethod<T>,ArkTS,7.0.0(26) Beta1,ALL,"=HYPERLINK(""https://developer.huawei.com/consumer/cn/doc/harmonyos-releases/changelogs-for-all-apps-7001/#ch2026010615012"",""ArkUI接口新增仅支持Stage模型的约束"")",entry\src\main\ets\components\property\PropertyEditor.ets:271,未修复,接口定义变更
declare class CommonMethod<T>,ArkTS,7.0.0(26) Beta1,ALL,"=HYPERLINK(""https://developer.huawei.com/consumer/cn/doc/harmonyos-releases/changelogs-for-all-apps-7001/#ch2026010615012"",""ArkUI接口新增仅支持Stage模型的约束"")",entry\src\main\ets\components\property\PropertyEditor.ets:276,未修复,接口定义变更
declare class CommonMethod<T>,ArkTS,7.0.0(26) Beta1,ALL,"=HYPERLINK(""https://developer.huawei.com/consumer/cn/doc/harmonyos-releases/changelogs-for-all-apps-7001/#ch2026010615012"",""ArkUI接口新增仅支持Stage模型的约束"")",entry\src\main\ets\components\property\PropertyEditor.ets:289,未修复,接口定义变更
declare class CommonMethod<T>,ArkTS,7.0.0(26) Beta1,ALL,"=HYPERLINK(""https://developer.huawei.com/consumer/cn/doc/harmonyos-releases/changelogs-for-all-apps-7001/#ch2026010615012"",""ArkUI接口新增仅支持Stage模型的约束"")",entry\src\main\ets\components\property\PropertyEditor.ets:291,未修复,接口定义变更
declare class CommonMethod<T>,ArkTS,7.0.0(26) Beta1,ALL,"=HYPERLINK(""https://developer.huawei.com/consumer/cn/doc/harmonyos-releases/changelogs-for-all-apps-7001/#ch2026010615012"",""ArkUI接口新增仅支持Stage模型的约束"")",entry\src\main\ets\components\property\PropertyEditor.ets:298,未修复,接口定义变更
declare class CommonMethod<T>,ArkTS,7.0.0(26) Beta1,ALL,"=HYPERLINK(""https://developer.huawei.com/consumer/cn/doc/harmonyos-releases/changelogs-for-all-apps-7001/#ch2026010615012"",""ArkUI接口新增仅支持Stage模型的约束"")",entry\src\main\ets\components\property\PropertyEditor.ets:299,未修复,接口定义变更
declare class CommonMethod<T>,ArkTS,7.0.0(26) Beta1,ALL,"=HYPERLINK(""https://developer.huawei.com/consumer/cn/doc/harmonyos-releases/changelogs-for-all-apps-7001/#ch2026010615012"",""ArkUI接口新增仅支持Stage模型的约束"")",entry\src\main\ets\components\property\PropertyEditor.ets:300,未修复,接口定义变更
declare class CommonMethod<T>,ArkTS,7.0.0(26) Beta1,ALL,"=HYPERLINK(""https://developer.huawei.com/consumer/cn/doc/harmonyos-releases/changelogs-for-all-apps-7001/#ch2026010615012"",""ArkUI接口新增仅支持Stage模型的约束"")",entry\src\main\ets\components\property\PropertyEditor.ets:302,未修复,接口定义变更
declare class CommonMethod<T>,ArkTS,7.0.0(26) Beta1,ALL,"=HYPERLINK(""https://developer.huawei.com/consumer/cn/doc/harmonyos-releases/changelogs-for-all-apps-7001/#ch2026010615012"",""ArkUI接口新增仅支持Stage模型的约束"")",entry\src\main\ets\components\property\PropertyEditor.ets:306,未修复,接口定义变更
declare class CommonMethod<T>,ArkTS,7.0.0(26) Beta1,ALL,"=HYPERLINK(""https://developer.huawei.com/consumer/cn/doc/harmonyos-releases/changelogs-for-all-apps-7001/#ch2026010615012"",""ArkUI接口新增仅支持Stage模型的约束"")",entry\src\main\ets\components\property\PropertyEditor.ets:307,未修复,接口定义变更
declare class CommonMethod<T>,ArkTS,7.0.0(26) Beta1,ALL,"=HYPERLINK(""https://developer.huawei.com/consumer/cn/doc/harmonyos-releases/changelogs-for-all-apps-7001/#ch2026010615012"",""ArkUI接口新增仅支持Stage模型的约束"")",entry\src\main\ets\components\property\PropertyEditor.ets:308,未修复,接口定义变更
declare class CommonMethod<T>,ArkTS,7.0.0(26) Beta1,ALL,"=HYPERLINK(""https://developer.huawei.com/consumer/cn/doc/harmonyos-releases/changelogs-for-all-apps-7001/#ch2026010615012"",""ArkUI接口新增仅支持Stage模型的约束"")",entry\src\main\ets\components\property\PropertyEditor.ets:310,未修复,接口定义变更
declare class CommonMethod<T>,ArkTS,7.0.0(26) Beta1,ALL,"=HYPERLINK(""https://developer.huawei.com/consumer/cn/doc/harmonyos-releases/changelogs-for-all-apps-7001/#ch2026010615012"",""ArkUI接口新增仅支持Stage模型的约束"")",entry\src\main\ets\components\property\PropertyEditor.ets:312,未修复,接口定义变更
declare class CommonMethod<T>,ArkTS,7.0.0(26) Beta1,ALL,"=HYPERLINK(""https://developer.huawei.com/consumer/cn/doc/harmonyos-releases/changelogs-for-all-apps-7001/#ch2026010615012"",""ArkUI接口新增仅支持Stage模型的约束"")",entry\src\main\ets\components\property\PropertyEditor.ets:314,未修复,接口定义变更
declare class CommonMethod<T>,ArkTS,7.0.0(26) Beta1,ALL,"=HYPERLINK(""https://developer.huawei.com/consumer/cn/doc/harmonyos-releases/changelogs-for-all-apps-7001/#ch2026010615012"",""ArkUI接口新增仅支持Stage模型的约束"")",entry\src\main\ets\components\property\PropertyEditor.ets:315,未修复,接口定义变更
declare class CommonMethod<T>,ArkTS,7.0.0(26) Beta1,ALL,"=HYPERLINK(""https://developer.huawei.com/consumer/cn/doc/harmonyos-releases/changelogs-for-all-apps-7001/#ch2026010615012"",""ArkUI接口新增仅支持Stage模型的约束"")",entry\src\main\ets\components\property\PropertyEditor.ets:316,未修复,接口定义变更
declare class CommonMethod<T>,ArkTS,7.0.0(26) Beta1,ALL,"=HYPERLINK(""https://developer.huawei.com/consumer/cn/doc/harmonyos-releases/changelogs-for-all-apps-7001/#ch2026010615012"",""ArkUI接口新增仅支持Stage模型的约束"")",entry\src\main\ets\components\property\PropertyEditor.ets:317,未修复,接口定义变更
declare class CommonMethod<T>,ArkTS,7.0.0(26) Beta1,ALL,"=HYPERLINK(""https://developer.huawei.com/consumer/cn/doc/harmonyos-releases/changelogs-for-all-apps-7001/#ch2026010615012"",""ArkUI接口新增仅支持Stage模型的约束"")",entry\src\main\ets\components\property\PropertyEditor.ets:318,未修复,接口定义变更
declare class CommonMethod<T>,ArkTS,7.0.0(26) Beta1,ALL,"=HYPERLINK(""https://developer.huawei.com/consumer/cn/doc/harmonyos-releases/changelogs-for-all-apps-7001/#ch2026010615012"",""ArkUI接口新增仅支持Stage模型的约束"")",entry\src\main\ets\components\property\PropertyEditor.ets:321,未修复,接口定义变更
declare class CommonMethod<T>,ArkTS,7.0.0(26) Beta1,ALL,"=HYPERLINK(""https://developer.huawei.com/consumer/cn/doc/harmonyos-releases/changelogs-for-all-apps-7001/#ch2026010615012"",""ArkUI接口新增仅支持Stage模型的约束"")",entry\src\main\ets\components\property\PropertyEditor.ets:322,未修复,接口定义变更
declare class CommonMethod<T>,ArkTS,7.0.0(26) Beta1,ALL,"=HYPERLINK(""https://developer.huawei.com/consumer/cn/doc/harmonyos-releases/changelogs-for-all-apps-7001/#ch2026010615012"",""ArkUI接口新增仅支持Stage模型的约束"")",entry\src\main\ets\components\property\PropertyEditor.ets:330,未修复,接口定义变更
declare class CommonMethod<T>,ArkTS,7.0.0(26) Beta1,ALL,"=HYPERLINK(""https://developer.huawei.com/consumer/cn/doc/harmonyos-releases/changelogs-for-all-apps-7001/#ch2026010615012"",""ArkUI接口新增仅支持Stage模型的约束"")",entry\src\main\ets\components\property\PropertyEditor.ets:331,未修复,接口定义变更
declare class CommonMethod<T>,ArkTS,7.0.0(26) Beta1,ALL,"=HYPERLINK(""https://developer.huawei.com/consumer/cn/doc/harmonyos-releases/changelogs-for-all-apps-7001/#ch2026010615012"",""ArkUI接口新增仅支持Stage模型的约束"")",entry\src\main\ets\components\property\PropertyEditor.ets:332,未修复,接口定义变更
declare class CommonMethod<T>,ArkTS,7.0.0(26) Beta1,ALL,"=HYPERLINK(""https://developer.huawei.com/consumer/cn/doc/harmonyos-releases/changelogs-for-all-apps-7001/#ch2026010615012"",""ArkUI接口新增仅支持Stage模型的约束"")",entry\src\main\ets\components\property\PropertyEditor.ets:333,未修复,接口定义变更
declare class CommonMethod<T>,ArkTS,7.0.0(26) Beta1,ALL,"=HYPERLINK(""https://developer.huawei.com/consumer/cn/doc/harmonyos-releases/changelogs-for-all-apps-7001/#ch2026010615012"",""ArkUI接口新增仅支持Stage模型的约束"")",entry\src\main\ets\components\property\PropertyEditor.ets:334,未修复,接口定义变更
declare class CommonMethod<T>,ArkTS,7.0.0(26) Beta1,ALL,"=HYPERLINK(""https://developer.huawei.com/consumer/cn/doc/harmonyos-releases/changelogs-for-all-apps-7001/#ch2026010615012"",""ArkUI接口新增仅支持Stage模型的约束"")",entry\src\main\ets\components\property\PropertyEditor.ets:345,未修复,接口定义变更
declare class CommonMethod<T>,ArkTS,7.0.0(26) Beta1,ALL,"=HYPERLINK(""https://developer.huawei.com/consumer/cn/doc/harmonyos-releases/changelogs-for-all-apps-7001/#ch2026010615012"",""ArkUI接口新增仅支持Stage模型的约束"")",entry\src\main\ets\components\property\PropertyEditor.ets:357,未修复,接口定义变更
declare class CommonMethod<T>,ArkTS,7.0.0(26) Beta1,ALL,"=HYPERLINK(""https://developer.huawei.com/consumer/cn/doc/harmonyos-releases/changelogs-for-all-apps-7001/#ch2026010615012"",""ArkUI接口新增仅支持Stage模型的约束"")",entry\src\main\ets\components\property\PropertyEditor.ets:358,未修复,接口定义变更
declare class CommonMethod<T>,ArkTS,7.0.0(26) Beta1,ALL,"=HYPERLINK(""https://developer.huawei.com/consumer/cn/doc/harmonyos-releases/changelogs-for-all-apps-7001/#ch2026010615012"",""ArkUI接口新增仅支持Stage模型的约束"")",entry\src\main\ets\components\property\PropertyEditor.ets:360,未修复,接口定义变更
declare class CommonMethod<T>,ArkTS,7.0.0(26) Beta1,ALL,"=HYPERLINK(""https://developer.huawei.com/consumer/cn/doc/harmonyos-releases/changelogs-for-all-apps-7001/#ch2026010615012"",""ArkUI接口新增仅支持Stage模型的约束"")",entry\src\main\ets\components\property\PropertyEditor.ets:361,未修复,接口定义变更
declare class CommonMethod<T>,ArkTS,7.0.0(26) Beta1,ALL,"=HYPERLINK(""https://developer.huawei.com/consumer/cn/doc/harmonyos-releases/changelogs-for-all-apps-7001/#ch2026010615012"",""ArkUI接口新增仅支持Stage模型的约束"")",entry\src\main\ets\components\property\PropertyEditor.ets:363,未修复,接口定义变更
declare class CommonMethod<T>,ArkTS,7.0.0(26) Beta1,ALL,"=HYPERLINK(""https://developer.huawei.com/consumer/cn/doc/harmonyos-releases/changelogs-for-all-apps-7001/#ch2026010615012"",""ArkUI接口新增仅支持Stage模型的约束"")",entry\src\main\ets\components\property\PropertyEditor.ets:364,未修复,接口定义变更
declare class CommonMethod<T>,ArkTS,7.0.0(26) Beta1,ALL,"=HYPERLINK(""https://developer.huawei.com/consumer/cn/doc/harmonyos-releases/changelogs-for-all-apps-7001/#ch2026010615012"",""ArkUI接口新增仅支持Stage模型的约束"")",entry\src\main\ets\components\property\PropertyEditor.ets:379,未修复,接口定义变更
declare class CommonMethod<T>,ArkTS,7.0.0(26) Beta1,ALL,"=HYPERLINK(""https://developer.huawei.com/consumer/cn/doc/harmonyos-releases/changelogs-for-all-apps-7001/#ch2026010615012"",""ArkUI接口新增仅支持Stage模型的约束"")",entry\src\main\ets\components\property\PropertyEditor.ets:388,未修复,接口定义变更
declare class CommonMethod<T>,ArkTS,7.0.0(26) Beta1,ALL,"=HYPERLINK(""https://developer.huawei.com/consumer/cn/doc/harmonyos-releases/changelogs-for-all-apps-7001/#ch2026010615012"",""ArkUI接口新增仅支持Stage模型的约束"")",entry\src\main\ets\components\property\PropertyEditor.ets:389,未修复,接口定义变更
declare class CommonMethod<T>,ArkTS,7.0.0(26) Beta1,ALL,"=HYPERLINK(""https://developer.huawei.com/consumer/cn/doc/harmonyos-releases/changelogs-for-all-apps-7001/#ch2026010615012"",""ArkUI接口新增仅支持Stage模型的约束"")",entry\src\main\ets\components\property\PropertyEditor.ets:390,未修复,接口定义变更
declare class CommonMethod<T>,ArkTS,7.0.0(26) Beta1,ALL,"=HYPERLINK(""https://developer.huawei.com/consumer/cn/doc/harmonyos-releases/changelogs-for-all-apps-7001/#ch2026010615012"",""ArkUI接口新增仅支持Stage模型的约束"")",entry\src\main\ets\components\property\PropertyEditor.ets:391,未修复,接口定义变更
declare class CommonMethod<T>,ArkTS,7.0.0(26) Beta1,ALL,"=HYPERLINK(""https://developer.huawei.com/consumer/cn/doc/harmonyos-releases/changelogs-for-all-apps-7001/#ch2026010615012"",""ArkUI接口新增仅支持Stage模型的约束"")",entry\src\main\ets\components\property\PropertyEditor.ets:392,未修复,接口定义变更
declare class CommonMethod<T>,ArkTS,7.0.0(26) Beta1,ALL,"=HYPERLINK(""https://developer.huawei.com/consumer/cn/doc/harmonyos-releases/changelogs-for-all-apps-7001/#ch2026010615012"",""ArkUI接口新增仅支持Stage模型的约束"")",entry\src\main\ets\components\property\PropertyEditor.ets:394,未修复,接口定义变更
declare class CommonMethod<T>,ArkTS,7.0.0(26) Beta1,ALL,"=HYPERLINK(""https://developer.huawei.com/consumer/cn/doc/harmonyos-releases/changelogs-for-all-apps-7001/#ch2026010615012"",""ArkUI接口新增仅支持Stage模型的约束"")",entry\src\main\ets\components\property\PropertyEditor.ets:398,未修复,接口定义变更
declare class CommonMethod<T>,ArkTS,7.0.0(26) Beta1,ALL,"=HYPERLINK(""https://developer.huawei.com/consumer/cn/doc/harmonyos-releases/changelogs-for-all-apps-7001/#ch2026010615012"",""ArkUI接口新增仅支持Stage模型的约束"")",entry\src\main\ets\components\property\PropertyEditor.ets:399,未修复,接口定义变更
declare class CommonMethod<T>,ArkTS,7.0.0(26) Beta1,ALL,"=HYPERLINK(""https://developer.huawei.com/consumer/cn/doc/harmonyos-releases/changelogs-for-all-apps-7001/#ch2026010615012"",""ArkUI接口新增仅支持Stage模型的约束"")",entry\src\main\ets\components\property\PropertyEditor.ets:400,未修复,接口定义变更
declare class CommonMethod<T>,ArkTS,7.0.0(26) Beta1,ALL,"=HYPERLINK(""https://developer.huawei.com/consumer/cn/doc/harmonyos-releases/changelogs-for-all-apps-7001/#ch2026010615012"",""ArkUI接口新增仅支持Stage模型的约束"")",entry\src\main\ets\components\property\PropertyEditor.ets:401,未修复,接口定义变更
declare class CommonMethod<T>,ArkTS,7.0.0(26) Beta1,ALL,"=HYPERLINK(""https://developer.huawei.com/consumer/cn/doc/harmonyos-releases/changelogs-for-all-apps-7001/#ch2026010615012"",""ArkUI接口新增仅支持Stage模型的约束"")",entry\src\main\ets\components\property\PropertyEditor.ets:409,未修复,接口定义变更
declare class CommonMethod<T>,ArkTS,7.0.0(26) Beta1,ALL,"=HYPERLINK(""https://developer.huawei.com/consumer/cn/doc/harmonyos-releases/changelogs-for-all-apps-7001/#ch2026010615012"",""ArkUI接口新增仅支持Stage模型的约束"")",entry\src\main\ets\components\property\PropertyEditor.ets:410,未修复,接口定义变更
declare class CommonMethod<T>,ArkTS,7.0.0(26) Beta1,ALL,"=HYPERLINK(""https://developer.huawei.com/consumer/cn/doc/harmonyos-releases/changelogs-for-all-apps-7001/#ch2026010615012"",""ArkUI接口新增仅支持Stage模型的约束"")",entry\src\main\ets\components\property\PropertyEditor.ets:411,未修复,接口定义变更
declare class CommonMethod<T>,ArkTS,7.0.0(26) Beta1,ALL,"=HYPERLINK(""https://developer.huawei.com/consumer/cn/doc/harmonyos-releases/changelogs-for-all-apps-7001/#ch2026010615012"",""ArkUI接口新增仅支持Stage模型的约束"")",entry\src\main\ets\components\property\PropertyEditor.ets:412,未修复,接口定义变更
declare class CommonMethod<T>,ArkTS,7.0.0(26) Beta1,ALL,"=HYPERLINK(""https://developer.huawei.com/consumer/cn/doc/harmonyos-releases/changelogs-for-all-apps-7001/#ch2026010615012"",""ArkUI接口新增仅支持Stage模型的约束"")",entry\src\main\ets\components\property\PropertyEditor.ets:419,未修复,接口定义变更
declare class CommonMethod<T>,ArkTS,7.0.0(26) Beta1,ALL,"=HYPERLINK(""https://developer.huawei.com/consumer/cn/doc/harmonyos-releases/changelogs-for-all-apps-7001/#ch2026010615012"",""ArkUI接口新增仅支持Stage模型的约束"")",entry\src\main\ets\components\property\PropertyEditor.ets:420,未修复,接口定义变更
declare class CommonMethod<T>,ArkTS,7.0.0(26) Beta1,ALL,"=HYPERLINK(""https://developer.huawei.com/consumer/cn/doc/harmonyos-releases/changelogs-for-all-apps-7001/#ch2026010615012"",""ArkUI接口新增仅支持Stage模型的约束"")",entry\src\main\ets\components\property\PropertyEditor.ets:421,未修复,接口定义变更
declare class CommonMethod<T>,ArkTS,7.0.0(26) Beta1,ALL,"=HYPERLINK(""https://developer.huawei.com/consumer/cn/doc/harmonyos-releases/changelogs-for-all-apps-7001/#ch2026010615012"",""ArkUI接口新增仅支持Stage模型的约束"")",entry\src\main\ets\components\property\PropertyEditor.ets:422,未修复,接口定义变更
declare class CommonMethod<T>,ArkTS,7.0.0(26) Beta1,ALL,"=HYPERLINK(""https://developer.huawei.com/consumer/cn/doc/harmonyos-releases/changelogs-for-all-apps-7001/#ch2026010615012"",""ArkUI接口新增仅支持Stage模型的约束"")",entry\src\main\ets\components\property\PropertyEditor.ets:429,未修复,接口定义变更
declare class CommonMethod<T>,ArkTS,7.0.0(26) Beta1,ALL,"=HYPERLINK(""https://developer.huawei.com/consumer/cn/doc/harmonyos-releases/changelogs-for-all-apps-7001/#ch2026010615012"",""ArkUI接口新增仅支持Stage模型的约束"")",entry\src\main\ets\components\property\PropertyEditor.ets:430,未修复,接口定义变更
declare class CommonMethod<T>,ArkTS,7.0.0(26) Beta1,ALL,"=HYPERLINK(""https://developer.huawei.com/consumer/cn/doc/harmonyos-releases/changelogs-for-all-apps-7001/#ch2026010615012"",""ArkUI接口新增仅支持Stage模型的约束"")",entry\src\main\ets\components\property\PropertyEditor.ets:431,未修复,接口定义变更
declare class CommonMethod<T>,ArkTS,7.0.0(26) Beta1,ALL,"=HYPERLINK(""https://developer.huawei.com/consumer/cn/doc/harmonyos-releases/changelogs-for-all-apps-7001/#ch2026010615012"",""ArkUI接口新增仅支持Stage模型的约束"")",entry\src\main\ets\components\property\PropertyEditor.ets:432,未修复,接口定义变更
declare class CommonMethod<T>,ArkTS,7.0.0(26) Beta1,ALL,"=HYPERLINK(""https://developer.huawei.com/consumer/cn/doc/harmonyos-releases/changelogs-for-all-apps-7001/#ch2026010615012"",""ArkUI接口新增仅支持Stage模型的约束"")",entry\src\main\ets\components\property\PropertyValueEditor.ets:26,未修复,接口定义变更
declare class CommonMethod<T>,ArkTS,7.0.0(26) Beta1,ALL,"=HYPERLINK(""https://developer.huawei.com/consumer/cn/doc/harmonyos-releases/changelogs-for-all-apps-7001/#ch2026010615012"",""ArkUI接口新增仅支持Stage模型的约束"")",entry\src\main\ets\components\property\PropertyValueEditor.ets:30,未修复,接口定义变更
declare class CommonMethod<T>,ArkTS,7.0.0(26) Beta1,ALL,"=HYPERLINK(""https://developer.huawei.com/consumer/cn/doc/harmonyos-releases/changelogs-for-all-apps-7001/#ch2026010615012"",""ArkUI接口新增仅支持Stage模型的约束"")",entry\src\main\ets\components\property\PropertyValueEditor.ets:31,未修复,接口定义变更
declare class CommonMethod<T>,ArkTS,7.0.0(26) Beta1,ALL,"=HYPERLINK(""https://developer.huawei.com/consumer/cn/doc/harmonyos-releases/changelogs-for-all-apps-7001/#ch2026010615012"",""ArkUI接口新增仅支持Stage模型的约束"")",entry\src\main\ets\components\property\PropertyValueEditor.ets:35,未修复,接口定义变更
declare class CommonMethod<T>,ArkTS,7.0.0(26) Beta1,ALL,"=HYPERLINK(""https://developer.huawei.com/consumer/cn/doc/harmonyos-releases/changelogs-for-all-apps-7001/#ch2026010615012"",""ArkUI接口新增仅支持Stage模型的约束"")",entry\src\main\ets\components\property\PropertyValueEditor.ets:36,未修复,接口定义变更
declare class CommonMethod<T>,ArkTS,7.0.0(26) Beta1,ALL,"=HYPERLINK(""https://developer.huawei.com/consumer/cn/doc/harmonyos-releases/changelogs-for-all-apps-7001/#ch2026010615012"",""ArkUI接口新增仅支持Stage模型的约束"")",entry\src\main\ets\components\property\PropertyValueEditor.ets:41,未修复,接口定义变更
declare class CommonMethod<T>,ArkTS,7.0.0(26) Beta1,ALL,"=HYPERLINK(""https://developer.huawei.com/consumer/cn/doc/harmonyos-releases/changelogs-for-all-apps-7001/#ch2026010615012"",""ArkUI接口新增仅支持Stage模型的约束"")",entry\src\main\ets\components\property\PropertyValueEditor.ets:42,未修复,接口定义变更
declare class CommonMethod<T>,ArkTS,7.0.0(26) Beta1,ALL,"=HYPERLINK(""https://developer.huawei.com/consumer/cn/doc/harmonyos-releases/changelogs-for-all-apps-7001/#ch2026010615012"",""ArkUI接口新增仅支持Stage模型的约束"")",entry\src\main\ets\components\property\PropertyValueEditor.ets:47,未修复,接口定义变更
declare class CommonMethod<T>,ArkTS,7.0.0(26) Beta1,ALL,"=HYPERLINK(""https://developer.huawei.com/consumer/cn/doc/harmonyos-releases/changelogs-for-all-apps-7001/#ch2026010615012"",""ArkUI接口新增仅支持Stage模型的约束"")",entry\src\main\ets\components\property\PropertyValueEditor.ets:48,未修复,接口定义变更
declare class CommonMethod<T>,ArkTS,7.0.0(26) Beta1,ALL,"=HYPERLINK(""https://developer.huawei.com/consumer/cn/doc/harmonyos-releases/changelogs-for-all-apps-7001/#ch2026010615012"",""ArkUI接口新增仅支持Stage模型的约束"")",entry\src\main\ets\components\property\PropertyValueEditor.ets:54,未修复,接口定义变更
declare class CommonMethod<T>,ArkTS,7.0.0(26) Beta1,ALL,"=HYPERLINK(""https://developer.huawei.com/consumer/cn/doc/harmonyos-releases/changelogs-for-all-apps-7001/#ch2026010615012"",""ArkUI接口新增仅支持Stage模型的约束"")",entry\src\main\ets\components\property\PropertyValueEditor.ets:55,未修复,接口定义变更
declare class CommonMethod<T>,ArkTS,7.0.0(26) Beta1,ALL,"=HYPERLINK(""https://developer.huawei.com/consumer/cn/doc/harmonyos-releases/changelogs-for-all-apps-7001/#ch2026010615012"",""ArkUI接口新增仅支持Stage模型的约束"")",entry\src\main\ets\components\property\PropertyValueEditor.ets:62,未修复,接口定义变更
declare class CommonMethod<T>,ArkTS,7.0.0(26) Beta1,ALL,"=HYPERLINK(""https://developer.huawei.com/consumer/cn/doc/harmonyos-releases/changelogs-for-all-apps-7001/#ch2026010615012"",""ArkUI接口新增仅支持Stage模型的约束"")",entry\src\main\ets\components\property\PropertyValueEditor.ets:63,未修复,接口定义变更
declare class CommonMethod<T>,ArkTS,7.0.0(26) Beta1,ALL,"=HYPERLINK(""https://developer.huawei.com/consumer/cn/doc/harmonyos-releases/changelogs-for-all-apps-7001/#ch2026010615012"",""ArkUI接口新增仅支持Stage模型的约束"")",entry\src\main\ets\components\property\PropertyValueEditor.ets:67,未修复,接口定义变更
declare class CommonMethod<T>,ArkTS,7.0.0(26) Beta1,ALL,"=HYPERLINK(""https://developer.huawei.com/consumer/cn/doc/harmonyos-releases/changelogs-for-all-apps-7001/#ch2026010615012"",""ArkUI接口新增仅支持Stage模型的约束"")",entry\src\main\ets\components\property\PropertyValueEditor.ets:68,未修复,接口定义变更
declare class CommonMethod<T>,ArkTS,7.0.0(26) Beta1,ALL,"=HYPERLINK(""https://developer.huawei.com/consumer/cn/doc/harmonyos-releases/changelogs-for-all-apps-7001/#ch2026010615012"",""ArkUI接口新增仅支持Stage模型的约束"")",entry\src\main\ets\components\query\InlineQueryBlock.ets:137,未修复,接口定义变更
declare class CommonMethod<T>,ArkTS,7.0.0(26) Beta1,ALL,"=HYPERLINK(""https://developer.huawei.com/consumer/cn/doc/harmonyos-releases/changelogs-for-all-apps-7001/#ch2026010615012"",""ArkUI接口新增仅支持Stage模型的约束"")",entry\src\main\ets\components\query\InlineQueryBlock.ets:144,未修复,接口定义变更
declare class CommonMethod<T>,ArkTS,7.0.0(26) Beta1,ALL,"=HYPERLINK(""https://developer.huawei.com/consumer/cn/doc/harmonyos-releases/changelogs-for-all-apps-7001/#ch2026010615012"",""ArkUI接口新增仅支持Stage模型的约束"")",entry\src\main\ets\components\query\InlineQueryBlock.ets:149,未修复,接口定义变更
declare class CommonMethod<T>,ArkTS,7.0.0(26) Beta1,ALL,"=HYPERLINK(""https://developer.huawei.com/consumer/cn/doc/harmonyos-releases/changelogs-for-all-apps-7001/#ch2026010615012"",""ArkUI接口新增仅支持Stage模型的约束"")",entry\src\main\ets\components\query\InlineQueryBlock.ets:150,未修复,接口定义变更
declare class CommonMethod<T>,ArkTS,7.0.0(26) Beta1,ALL,"=HYPERLINK(""https://developer.huawei.com/consumer/cn/doc/harmonyos-releases/changelogs-for-all-apps-7001/#ch2026010615012"",""ArkUI接口新增仅支持Stage模型的约束"")",entry\src\main\ets\components\query\InlineQueryBlock.ets:151,未修复,接口定义变更
declare class CommonMethod<T>,ArkTS,7.0.0(26) Beta1,ALL,"=HYPERLINK(""https://developer.huawei.com/consumer/cn/doc/harmonyos-releases/changelogs-for-all-apps-7001/#ch2026010615012"",""ArkUI接口新增仅支持Stage模型的约束"")",entry\src\main\ets\components\query\InlineQueryBlock.ets:152,未修复,接口定义变更
declare class CommonMethod<T>,ArkTS,7.0.0(26) Beta1,ALL,"=HYPERLINK(""https://developer.huawei.com/consumer/cn/doc/harmonyos-releases/changelogs-for-all-apps-7001/#ch2026010615012"",""ArkUI接口新增仅支持Stage模型的约束"")",entry\src\main\ets\components\query\InlineQueryBlock.ets:158,未修复,接口定义变更
declare class CommonMethod<T>,ArkTS,7.0.0(26) Beta1,ALL,"=HYPERLINK(""https://developer.huawei.com/consumer/cn/doc/harmonyos-releases/changelogs-for-all-apps-7001/#ch2026010615012"",""ArkUI接口新增仅支持Stage模型的约束"")",entry\src\main\ets\components\query\InlineQueryBlock.ets:164,未修复,接口定义变更
declare class CommonMethod<T>,ArkTS,7.0.0(26) Beta1,ALL,"=HYPERLINK(""https://developer.huawei.com/consumer/cn/doc/harmonyos-releases/changelogs-for-all-apps-7001/#ch2026010615012"",""ArkUI接口新增仅支持Stage模型的约束"")",entry\src\main\ets\components\query\InlineQueryBlock.ets:165,未修复,接口定义变更
declare class CommonMethod<T>,ArkTS,7.0.0(26) Beta1,ALL,"=HYPERLINK(""https://developer.huawei.com/consumer/cn/doc/harmonyos-releases/changelogs-for-all-apps-7001/#ch2026010615012"",""ArkUI接口新增仅支持Stage模型的约束"")",entry\src\main\ets\components\query\InlineQueryBlock.ets:166,未修复,接口定义变更
declare class CommonMethod<T>,ArkTS,7.0.0(26) Beta1,ALL,"=HYPERLINK(""https://developer.huawei.com/consumer/cn/doc/harmonyos-releases/changelogs-for-all-apps-7001/#ch2026010615012"",""ArkUI接口新增仅支持Stage模型的约束"")",entry\src\main\ets\components\query\InlineQueryBlock.ets:167,未修复,接口定义变更
declare class CommonMethod<T>,ArkTS,7.0.0(26) Beta1,ALL,"=HYPERLINK(""https://developer.huawei.com/consumer/cn/doc/harmonyos-releases/changelogs-for-all-apps-7001/#ch2026010615012"",""ArkUI接口新增仅支持Stage模型的约束"")",entry\src\main\ets\components\query\InlineQueryBlock.ets:168,未修复,接口定义变更
declare class CommonMethod<T>,ArkTS,7.0.0(26) Beta1,ALL,"=HYPERLINK(""https://developer.huawei.com/consumer/cn/doc/harmonyos-releases/changelogs-for-all-apps-7001/#ch2026010615012"",""ArkUI接口新增仅支持Stage模型的约束"")",entry\src\main\ets\components\query\InlineQueryBlock.ets:174,未修复,接口定义变更
declare class CommonMethod<T>,ArkTS,7.0.0(26) Beta1,ALL,"=HYPERLINK(""https://developer.huawei.com/consumer/cn/doc/harmonyos-releases/changelogs-for-all-apps-7001/#ch2026010615012"",""ArkUI接口新增仅支持Stage模型的约束"")",entry\src\main\ets\components\query\InlineQueryBlock.ets:175,未修复,接口定义变更
declare class CommonMethod<T>,ArkTS,7.0.0(26) Beta1,ALL,"=HYPERLINK(""https://developer.huawei.com/consumer/cn/doc/harmonyos-releases/changelogs-for-all-apps-7001/#ch2026010615012"",""ArkUI接口新增仅支持Stage模型的约束"")",entry\src\main\ets\components\query\InlineQueryBlock.ets:176,未修复,接口定义变更
declare class CommonMethod<T>,ArkTS,7.0.0(26) Beta1,ALL,"=HYPERLINK(""https://developer.huawei.com/consumer/cn/doc/harmonyos-releases/changelogs-for-all-apps-7001/#ch2026010615012"",""ArkUI接口新增仅支持Stage模型的约束"")",entry\src\main\ets\components\query\InlineQueryBlock.ets:177,未修复,接口定义变更
declare class CommonMethod<T>,ArkTS,7.0.0(26) Beta1,ALL,"=HYPERLINK(""https://developer.huawei.com/consumer/cn/doc/harmonyos-releases/changelogs-for-all-apps-7001/#ch2026010615012"",""ArkUI接口新增仅支持Stage模型的约束"")",entry\src\main\ets\components\query\InlineQueryBlock.ets:178,未修复,接口定义变更
declare class CommonMethod<T>,ArkTS,7.0.0(26) Beta1,ALL,"=HYPERLINK(""https://developer.huawei.com/consumer/cn/doc/harmonyos-releases/changelogs-for-all-apps-7001/#ch2026010615012"",""ArkUI接口新增仅支持Stage模型的约束"")",entry\src\main\ets\components\query\QueryBuilder.ets:107,未修复,接口定义变更
declare class CommonMethod<T>,ArkTS,7.0.0(26) Beta1,ALL,"=HYPERLINK(""https://developer.huawei.com/consumer/cn/doc/harmonyos-releases/changelogs-for-all-apps-7001/#ch2026010615012"",""ArkUI接口新增仅支持Stage模型的约束"")",entry\src\main\ets\components\query\QueryBuilder.ets:113,未修复,接口定义变更
declare class CommonMethod<T>,ArkTS,7.0.0(26) Beta1,ALL,"=HYPERLINK(""https://developer.huawei.com/consumer/cn/doc/harmonyos-releases/changelogs-for-all-apps-7001/#ch2026010615012"",""ArkUI接口新增仅支持Stage模型的约束"")",entry\src\main\ets\components\query\QueryBuilder.ets:114,未修复,接口定义变更
declare class CommonMethod<T>,ArkTS,7.0.0(26) Beta1,ALL,"=HYPERLINK(""https://developer.huawei.com/consumer/cn/doc/harmonyos-releases/changelogs-for-all-apps-7001/#ch2026010615012"",""ArkUI接口新增仅支持Stage模型的约束"")",entry\src\main\ets\components\query\QueryBuilder.ets:116,未修复,接口定义变更
declare class CommonMethod<T>,ArkTS,7.0.0(26) Beta1,ALL,"=HYPERLINK(""https://developer.huawei.com/consumer/cn/doc/harmonyos-releases/changelogs-for-all-apps-7001/#ch2026010615012"",""ArkUI接口新增仅支持Stage模型的约束"")",entry\src\main\ets\components\query\QueryBuilder.ets:122,未修复,接口定义变更
declare class CommonMethod<T>,ArkTS,7.0.0(26) Beta1,ALL,"=HYPERLINK(""https://developer.huawei.com/consumer/cn/doc/harmonyos-releases/changelogs-for-all-apps-7001/#ch2026010615012"",""ArkUI接口新增仅支持Stage模型的约束"")",entry\src\main\ets\components\query\QueryBuilder.ets:135,未修复,接口定义变更
declare class CommonMethod<T>,ArkTS,7.0.0(26) Beta1,ALL,"=HYPERLINK(""https://developer.huawei.com/consumer/cn/doc/harmonyos-releases/changelogs-for-all-apps-7001/#ch2026010615012"",""ArkUI接口新增仅支持Stage模型的约束"")",entry\src\main\ets\components\query\QueryBuilder.ets:139,未修复,接口定义变更
declare class CommonMethod<T>,ArkTS,7.0.0(26) Beta1,ALL,"=HYPERLINK(""https://developer.huawei.com/consumer/cn/doc/harmonyos-releases/changelogs-for-all-apps-7001/#ch2026010615012"",""ArkUI接口新增仅支持Stage模型的约束"")",entry\src\main\ets\components\query\QueryBuilder.ets:140,未修复,接口定义变更
declare class CommonMethod<T>,ArkTS,7.0.0(26) Beta1,ALL,"=HYPERLINK(""https://developer.huawei.com/consumer/cn/doc/harmonyos-releases/changelogs-for-all-apps-7001/#ch2026010615012"",""ArkUI接口新增仅支持Stage模型的约束"")",entry\src\main\ets\components\query\QueryBuilder.ets:141,未修复,接口定义变更
declare class CommonMethod<T>,ArkTS,7.0.0(26) Beta1,ALL,"=HYPERLINK(""https://developer.huawei.com/consumer/cn/doc/harmonyos-releases/changelogs-for-all-apps-7001/#ch2026010615012"",""ArkUI接口新增仅支持Stage模型的约束"")",entry\src\main\ets\components\query\QueryBuilder.ets:142,未修复,接口定义变更
declare class CommonMethod<T>,ArkTS,7.0.0(26) Beta1,ALL,"=HYPERLINK(""https://developer.huawei.com/consumer/cn/doc/harmonyos-releases/changelogs-for-all-apps-7001/#ch2026010615012"",""ArkUI接口新增仅支持Stage模型的约束"")",entry\src\main\ets\components\query\QueryBuilder.ets:143,未修复,接口定义变更
declare class CommonMethod<T>,ArkTS,7.0.0(26) Beta1,ALL,"=HYPERLINK(""https://developer.huawei.com/consumer/cn/doc/harmonyos-releases/changelogs-for-all-apps-7001/#ch2026010615012"",""ArkUI接口新增仅支持Stage模型的约束"")",entry\src\main\ets\components\query\QueryBuilder.ets:154,未修复,接口定义变更
declare class CommonMethod<T>,ArkTS,7.0.0(26) Beta1,ALL,"=HYPERLINK(""https://developer.huawei.com/consumer/cn/doc/harmonyos-releases/changelogs-for-all-apps-7001/#ch2026010615012"",""ArkUI接口新增仅支持Stage模型的约束"")",entry\src\main\ets\components\query\QueryBuilder.ets:155,未修复,接口定义变更
declare class CommonMethod<T>,ArkTS,7.0.0(26) Beta1,ALL,"=HYPERLINK(""https://developer.huawei.com/consumer/cn/doc/harmonyos-releases/changelogs-for-all-apps-7001/#ch2026010615012"",""ArkUI接口新增仅支持Stage模型的约束"")",entry\src\main\ets\components\query\QueryBuilder.ets:156,未修复,接口定义变更
declare class CommonMethod<T>,ArkTS,7.0.0(26) Beta1,ALL,"=HYPERLINK(""https://developer.huawei.com/consumer/cn/doc/harmonyos-releases/changelogs-for-all-apps-7001/#ch2026010615012"",""ArkUI接口新增仅支持Stage模型的约束"")",entry\src\main\ets\components\query\QueryBuilder.ets:157,未修复,接口定义变更
declare class CommonMethod<T>,ArkTS,7.0.0(26) Beta1,ALL,"=HYPERLINK(""https://developer.huawei.com/consumer/cn/doc/harmonyos-releases/changelogs-for-all-apps-7001/#ch2026010615012"",""ArkUI接口新增仅支持Stage模型的约束"")",entry\src\main\ets\components\query\QueryBuilder.ets:160,未修复,接口定义变更
declare class CommonMethod<T>,ArkTS,7.0.0(26) Beta1,ALL,"=HYPERLINK(""https://developer.huawei.com/consumer/cn/doc/harmonyos-releases/changelogs-for-all-apps-7001/#ch2026010615012"",""ArkUI接口新增仅支持Stage模型的约束"")",entry\src\main\ets\components\query\QueryBuilder.ets:161,未修复,接口定义变更
declare class CommonMethod<T>,ArkTS,7.0.0(26) Beta1,ALL,"=HYPERLINK(""https://developer.huawei.com/consumer/cn/doc/harmonyos-releases/changelogs-for-all-apps-7001/#ch2026010615012"",""ArkUI接口新增仅支持Stage模型的约束"")",entry\src\main\ets\components\query\QueryBuilder.ets:169,未修复,接口定义变更
declare class CommonMethod<T>,ArkTS,7.0.0(26) Beta1,ALL,"=HYPERLINK(""https://developer.huawei.com/consumer/cn/doc/harmonyos-releases/changelogs-for-all-apps-7001/#ch2026010615012"",""ArkUI接口新增仅支持Stage模型的约束"")",entry\src\main\ets\components\query\QueryBuilder.ets:170,未修复,接口定义变更
declare class CommonMethod<T>,ArkTS,7.0.0(26) Beta1,ALL,"=HYPERLINK(""https://developer.huawei.com/consumer/cn/doc/harmonyos-releases/changelogs-for-all-apps-7001/#ch2026010615012"",""ArkUI接口新增仅支持Stage模型的约束"")",entry\src\main\ets\components\query\QueryBuilder.ets:171,未修复,接口定义变更
declare class CommonMethod<T>,ArkTS,7.0.0(26) Beta1,ALL,"=HYPERLINK(""https://developer.huawei.com/consumer/cn/doc/harmonyos-releases/changelogs-for-all-apps-7001/#ch2026010615012"",""ArkUI接口新增仅支持Stage模型的约束"")",entry\src\main\ets\components\query\QueryBuilder.ets:172,未修复,接口定义变更
declare class CommonMethod<T>,ArkTS,7.0.0(26) Beta1,ALL,"=HYPERLINK(""https://developer.huawei.com/consumer/cn/doc/harmonyos-releases/changelogs-for-all-apps-7001/#ch2026010615012"",""ArkUI接口新增仅支持Stage模型的约束"")",entry\src\main\ets\components\query\QueryBuilder.ets:32,未修复,接口定义变更
declare class CommonMethod<T>,ArkTS,7.0.0(26) Beta1,ALL,"=HYPERLINK(""https://developer.huawei.com/consumer/cn/doc/harmonyos-releases/changelogs-for-all-apps-7001/#ch2026010615012"",""ArkUI接口新增仅支持Stage模型的约束"")",entry\src\main\ets\components\query\QueryBuilder.ets:38,未修复,接口定义变更
declare class CommonMethod<T>,ArkTS,7.0.0(26) Beta1,ALL,"=HYPERLINK(""https://developer.huawei.com/consumer/cn/doc/harmonyos-releases/changelogs-for-all-apps-7001/#ch2026010615012"",""ArkUI接口新增仅支持Stage模型的约束"")",entry\src\main\ets\components\query\QueryBuilder.ets:46,未修复,接口定义变更
declare class CommonMethod<T>,ArkTS,7.0.0(26) Beta1,ALL,"=HYPERLINK(""https://developer.huawei.com/consumer/cn/doc/harmonyos-releases/changelogs-for-all-apps-7001/#ch2026010615012"",""ArkUI接口新增仅支持Stage模型的约束"")",entry\src\main\ets\components\query\QueryBuilder.ets:50,未修复,接口定义变更
declare class CommonMethod<T>,ArkTS,7.0.0(26) Beta1,ALL,"=HYPERLINK(""https://developer.huawei.com/consumer/cn/doc/harmonyos-releases/changelogs-for-all-apps-7001/#ch2026010615012"",""ArkUI接口新增仅支持Stage模型的约束"")",entry\src\main\ets\components\query\QueryBuilder.ets:58,未修复,接口定义变更
declare class CommonMethod<T>,ArkTS,7.0.0(26) Beta1,ALL,"=HYPERLINK(""https://developer.huawei.com/consumer/cn/doc/harmonyos-releases/changelogs-for-all-apps-7001/#ch2026010615012"",""ArkUI接口新增仅支持Stage模型的约束"")",entry\src\main\ets\components\query\QueryBuilder.ets:62,未修复,接口定义变更
declare class CommonMethod<T>,ArkTS,7.0.0(26) Beta1,ALL,"=HYPERLINK(""https://developer.huawei.com/consumer/cn/doc/harmonyos-releases/changelogs-for-all-apps-7001/#ch2026010615012"",""ArkUI接口新增仅支持Stage模型的约束"")",entry\src\main\ets\components\query\QueryBuilder.ets:64,未修复,接口定义变更
declare class CommonMethod<T>,ArkTS,7.0.0(26) Beta1,ALL,"=HYPERLINK(""https://developer.huawei.com/consumer/cn/doc/harmonyos-releases/changelogs-for-all-apps-7001/#ch2026010615012"",""ArkUI接口新增仅支持Stage模型的约束"")",entry\src\main\ets\components\query\QueryBuilder.ets:68,未修复,接口定义变更
declare class CommonMethod<T>,ArkTS,7.0.0(26) Beta1,ALL,"=HYPERLINK(""https://developer.huawei.com/consumer/cn/doc/harmonyos-releases/changelogs-for-all-apps-7001/#ch2026010615012"",""ArkUI接口新增仅支持Stage模型的约束"")",entry\src\main\ets\components\query\QueryBuilder.ets:71,未修复,接口定义变更
declare class CommonMethod<T>,ArkTS,7.0.0(26) Beta1,ALL,"=HYPERLINK(""https://developer.huawei.com/consumer/cn/doc/harmonyos-releases/changelogs-for-all-apps-7001/#ch2026010615012"",""ArkUI接口新增仅支持Stage模型的约束"")",entry\src\main\ets\components\query\QueryBuilder.ets:75,未修复,接口定义变更
declare class CommonMethod<T>,ArkTS,7.0.0(26) Beta1,ALL,"=HYPERLINK(""https://developer.huawei.com/consumer/cn/doc/harmonyos-releases/changelogs-for-all-apps-7001/#ch2026010615012"",""ArkUI接口新增仅支持Stage模型的约束"")",entry\src\main\ets\components\query\QueryBuilder.ets:77,未修复,接口定义变更
declare class CommonMethod<T>,ArkTS,7.0.0(26) Beta1,ALL,"=HYPERLINK(""https://developer.huawei.com/consumer/cn/doc/harmonyos-releases/changelogs-for-all-apps-7001/#ch2026010615012"",""ArkUI接口新增仅支持Stage模型的约束"")",entry\src\main\ets\components\query\QueryBuilder.ets:80,未修复,接口定义变更
declare class CommonMethod<T>,ArkTS,7.0.0(26) Beta1,ALL,"=HYPERLINK(""https://developer.huawei.com/consumer/cn/doc/harmonyos-releases/changelogs-for-all-apps-7001/#ch2026010615012"",""ArkUI接口新增仅支持Stage模型的约束"")",entry\src\main\ets\components\query\QueryBuilder.ets:87,未修复,接口定义变更
declare class CommonMethod<T>,ArkTS,7.0.0(26) Beta1,ALL,"=HYPERLINK(""https://developer.huawei.com/consumer/cn/doc/harmonyos-releases/changelogs-for-all-apps-7001/#ch2026010615012"",""ArkUI接口新增仅支持Stage模型的约束"")",entry\src\main\ets\components\query\QueryBuilder.ets:88,未修复,接口定义变更
declare class CommonMethod<T>,ArkTS,7.0.0(26) Beta1,ALL,"=HYPERLINK(""https://developer.huawei.com/consumer/cn/doc/harmonyos-releases/changelogs-for-all-apps-7001/#ch2026010615012"",""ArkUI接口新增仅支持Stage模型的约束"")",entry\src\main\ets\components\query\QueryBuilder.ets:90,未修复,接口定义变更
declare class CommonMethod<T>,ArkTS,7.0.0(26) Beta1,ALL,"=HYPERLINK(""https://developer.huawei.com/consumer/cn/doc/harmonyos-releases/changelogs-for-all-apps-7001/#ch2026010615012"",""ArkUI接口新增仅支持Stage模型的约束"")",entry\src\main\ets\components\query\QueryBuilder.ets:92,未修复,接口定义变更
declare class CommonMethod<T>,ArkTS,7.0.0(26) Beta1,ALL,"=HYPERLINK(""https://developer.huawei.com/consumer/cn/doc/harmonyos-releases/changelogs-for-all-apps-7001/#ch2026010615012"",""ArkUI接口新增仅支持Stage模型的约束"")",entry\src\main\ets\components\query\QueryBuilder.ets:94,未修复,接口定义变更
declare class CommonMethod<T>,ArkTS,7.0.0(26) Beta1,ALL,"=HYPERLINK(""https://developer.huawei.com/consumer/cn/doc/harmonyos-releases/changelogs-for-all-apps-7001/#ch2026010615012"",""ArkUI接口新增仅支持Stage模型的约束"")",entry\src\main\ets\components\query\QueryBuilder.ets:95,未修复,接口定义变更
declare class CommonMethod<T>,ArkTS,7.0.0(26) Beta1,ALL,"=HYPERLINK(""https://developer.huawei.com/consumer/cn/doc/harmonyos-releases/changelogs-for-all-apps-7001/#ch2026010615012"",""ArkUI接口新增仅支持Stage模型的约束"")",entry\src\main\ets\components\query\QueryBuilder.ets:96,未修复,接口定义变更
declare class CommonMethod<T>,ArkTS,7.0.0(26) Beta1,ALL,"=HYPERLINK(""https://developer.huawei.com/consumer/cn/doc/harmonyos-releases/changelogs-for-all-apps-7001/#ch2026010615012"",""ArkUI接口新增仅支持Stage模型的约束"")",entry\src\main\ets\components\query\QueryBuilder.ets:97,未修复,接口定义变更
declare class CommonMethod<T>,ArkTS,7.0.0(26) Beta1,ALL,"=HYPERLINK(""https://developer.huawei.com/consumer/cn/doc/harmonyos-releases/changelogs-for-all-apps-7001/#ch2026010615012"",""ArkUI接口新增仅支持Stage模型的约束"")",entry\src\main\ets\components\query\QueryView.ets:285,未修复,接口定义变更
declare class CommonMethod<T>,ArkTS,7.0.0(26) Beta1,ALL,"=HYPERLINK(""https://developer.huawei.com/consumer/cn/doc/harmonyos-releases/changelogs-for-all-apps-7001/#ch2026010615012"",""ArkUI接口新增仅支持Stage模型的约束"")",entry\src\main\ets\components\query\QueryView.ets:286,未修复,接口定义变更
declare class CommonMethod<T>,ArkTS,7.0.0(26) Beta1,ALL,"=HYPERLINK(""https://developer.huawei.com/consumer/cn/doc/harmonyos-releases/changelogs-for-all-apps-7001/#ch2026010615012"",""ArkUI接口新增仅支持Stage模型的约束"")",entry\src\main\ets\components\query\QueryView.ets:287,未修复,接口定义变更
declare class CommonMethod<T>,ArkTS,7.0.0(26) Beta1,ALL,"=HYPERLINK(""https://developer.huawei.com/consumer/cn/doc/harmonyos-releases/changelogs-for-all-apps-7001/#ch2026010615012"",""ArkUI接口新增仅支持Stage模型的约束"")",entry\src\main\ets\components\query\QueryView.ets:289,未修复,接口定义变更
declare class CommonMethod<T>,ArkTS,7.0.0(26) Beta1,ALL,"=HYPERLINK(""https://developer.huawei.com/consumer/cn/doc/harmonyos-releases/changelogs-for-all-apps-7001/#ch2026010615012"",""ArkUI接口新增仅支持Stage模型的约束"")",entry\src\main\ets\components\query\QueryView.ets:294,未修复,接口定义变更
declare class CommonMethod<T>,ArkTS,7.0.0(26) Beta1,ALL,"=HYPERLINK(""https://developer.huawei.com/consumer/cn/doc/harmonyos-releases/changelogs-for-all-apps-7001/#ch2026010615012"",""ArkUI接口新增仅支持Stage模型的约束"")",entry\src\main\ets\components\query\QueryView.ets:304,未修复,接口定义变更
declare class CommonMethod<T>,ArkTS,7.0.0(26) Beta1,ALL,"=HYPERLINK(""https://developer.huawei.com/consumer/cn/doc/harmonyos-releases/changelogs-for-all-apps-7001/#ch2026010615012"",""ArkUI接口新增仅支持Stage模型的约束"")",entry\src\main\ets\components\query\QueryView.ets:306,未修复,接口定义变更
declare class CommonMethod<T>,ArkTS,7.0.0(26) Beta1,ALL,"=HYPERLINK(""https://developer.huawei.com/consumer/cn/doc/harmonyos-releases/changelogs-for-all-apps-7001/#ch2026010615012"",""ArkUI接口新增仅支持Stage模型的约束"")",entry\src\main\ets\components\query\QueryView.ets:321,未修复,接口定义变更
declare class CommonMethod<T>,ArkTS,7.0.0(26) Beta1,ALL,"=HYPERLINK(""https://developer.huawei.com/consumer/cn/doc/harmonyos-releases/changelogs-for-all-apps-7001/#ch2026010615012"",""ArkUI接口新增仅支持Stage模型的约束"")",entry\src\main\ets\components\query\QueryView.ets:322,未修复,接口定义变更
declare class CommonMethod<T>,ArkTS,7.0.0(26) Beta1,ALL,"=HYPERLINK(""https://developer.huawei.com/consumer/cn/doc/harmonyos-releases/changelogs-for-all-apps-7001/#ch2026010615012"",""ArkUI接口新增仅支持Stage模型的约束"")",entry\src\main\ets\components\query\QueryView.ets:323,未修复,接口定义变更
declare class CommonMethod<T>,ArkTS,7.0.0(26) Beta1,ALL,"=HYPERLINK(""https://developer.huawei.com/consumer/cn/doc/harmonyos-releases/changelogs-for-all-apps-7001/#ch2026010615012"",""ArkUI接口新增仅支持Stage模型的约束"")",entry\src\main\ets\components\query\QueryView.ets:335,未修复,接口定义变更
declare class CommonMethod<T>,ArkTS,7.0.0(26) Beta1,ALL,"=HYPERLINK(""https://developer.huawei.com/consumer/cn/doc/harmonyos-releases/changelogs-for-all-apps-7001/#ch2026010615012"",""ArkUI接口新增仅支持Stage模型的约束"")",entry\src\main\ets\components\query\QueryView.ets:336,未修复,接口定义变更
declare class CommonMethod<T>,ArkTS,7.0.0(26) Beta1,ALL,"=HYPERLINK(""https://developer.huawei.com/consumer/cn/doc/harmonyos-releases/changelogs-for-all-apps-7001/#ch2026010615012"",""ArkUI接口新增仅支持Stage模型的约束"")",entry\src\main\ets\components\query\QueryView.ets:351,未修复,接口定义变更
declare class CommonMethod<T>,ArkTS,7.0.0(26) Beta1,ALL,"=HYPERLINK(""https://developer.huawei.com/consumer/cn/doc/harmonyos-releases/changelogs-for-all-apps-7001/#ch2026010615012"",""ArkUI接口新增仅支持Stage模型的约束"")",entry\src\main\ets\components\query\QueryView.ets:352,未修复,接口定义变更
declare class CommonMethod<T>,ArkTS,7.0.0(26) Beta1,ALL,"=HYPERLINK(""https://developer.huawei.com/consumer/cn/doc/harmonyos-releases/changelogs-for-all-apps-7001/#ch2026010615012"",""ArkUI接口新增仅支持Stage模型的约束"")",entry\src\main\ets\components\query\QueryView.ets:353,未修复,接口定义变更
declare class CommonMethod<T>,ArkTS,7.0.0(26) Beta1,ALL,"=HYPERLINK(""https://developer.huawei.com/consumer/cn/doc/harmonyos-releases/changelogs-for-all-apps-7001/#ch2026010615012"",""ArkUI接口新增仅支持Stage模型的约束"")",entry\src\main\ets\components\query\QueryView.ets:366,未修复,接口定义变更
declare class CommonMethod<T>,ArkTS,7.0.0(26) Beta1,ALL,"=HYPERLINK(""https://developer.huawei.com/consumer/cn/doc/harmonyos-releases/changelogs-for-all-apps-7001/#ch2026010615012"",""ArkUI接口新增仅支持Stage模型的约束"")",entry\src\main\ets\components\query\QueryView.ets:369,未修复,接口定义变更
declare class CommonMethod<T>,ArkTS,7.0.0(26) Beta1,ALL,"=HYPERLINK(""https://developer.huawei.com/consumer/cn/doc/harmonyos-releases/changelogs-for-all-apps-7001/#ch2026010615012"",""ArkUI接口新增仅支持Stage模型的约束"")",entry\src\main\ets\components\query\QueryView.ets:370,未修复,接口定义变更
declare class CommonMethod<T>,ArkTS,7.0.0(26) Beta1,ALL,"=HYPERLINK(""https://developer.huawei.com/consumer/cn/doc/harmonyos-releases/changelogs-for-all-apps-7001/#ch2026010615012"",""ArkUI接口新增仅支持Stage模型的约束"")",entry\src\main\ets\components\query\QueryView.ets:371,未修复,接口定义变更
declare class CommonMethod<T>,ArkTS,7.0.0(26) Beta1,ALL,"=HYPERLINK(""https://developer.huawei.com/consumer/cn/doc/harmonyos-releases/changelogs-for-all-apps-7001/#ch2026010615012"",""ArkUI接口新增仅支持Stage模型的约束"")",entry\src\main\ets\components\query\QueryView.ets:372,未修复,接口定义变更
declare class CommonMethod<T>,ArkTS,7.0.0(26) Beta1,ALL,"=HYPERLINK(""https://developer.huawei.com/consumer/cn/doc/harmonyos-releases/changelogs-for-all-apps-7001/#ch2026010615012"",""ArkUI接口新增仅支持Stage模型的约束"")",entry\src\main\ets\components\query\QueryView.ets:373,未修复,接口定义变更
declare class CommonMethod<T>,ArkTS,7.0.0(26) Beta1,ALL,"=HYPERLINK(""https://developer.huawei.com/consumer/cn/doc/harmonyos-releases/changelogs-for-all-apps-7001/#ch2026010615012"",""ArkUI接口新增仅支持Stage模型的约束"")",entry\src\main\ets\components\query\QueryView.ets:378,未修复,接口定义变更
declare class CommonMethod<T>,ArkTS,7.0.0(26) Beta1,ALL,"=HYPERLINK(""https://developer.huawei.com/consumer/cn/doc/harmonyos-releases/changelogs-for-all-apps-7001/#ch2026010615012"",""ArkUI接口新增仅支持Stage模型的约束"")",entry\src\main\ets\components\query\QueryView.ets:381,未修复,接口定义变更
declare class CommonMethod<T>,ArkTS,7.0.0(26) Beta1,ALL,"=HYPERLINK(""https://developer.huawei.com/consumer/cn/doc/harmonyos-releases/changelogs-for-all-apps-7001/#ch2026010615012"",""ArkUI接口新增仅支持Stage模型的约束"")",entry\src\main\ets\components\query\QueryView.ets:382,未修复,接口定义变更
declare class CommonMethod<T>,ArkTS,7.0.0(26) Beta1,ALL,"=HYPERLINK(""https://developer.huawei.com/consumer/cn/doc/harmonyos-releases/changelogs-for-all-apps-7001/#ch2026010615012"",""ArkUI接口新增仅支持Stage模型的约束"")",entry\src\main\ets\components\query\QueryView.ets:397,未修复,接口定义变更
declare class CommonMethod<T>,ArkTS,7.0.0(26) Beta1,ALL,"=HYPERLINK(""https://developer.huawei.com/consumer/cn/doc/harmonyos-releases/changelogs-for-all-apps-7001/#ch2026010615012"",""ArkUI接口新增仅支持Stage模型的约束"")",entry\src\main\ets\components\query\QueryView.ets:398,未修复,接口定义变更
declare class CommonMethod<T>,ArkTS,7.0.0(26) Beta1,ALL,"=HYPERLINK(""https://developer.huawei.com/consumer/cn/doc/harmonyos-releases/changelogs-for-all-apps-7001/#ch2026010615012"",""ArkUI接口新增仅支持Stage模型的约束"")",entry\src\main\ets\components\query\QueryView.ets:399,未修复,接口定义变更
declare class CommonMethod<T>,ArkTS,7.0.0(26) Beta1,ALL,"=HYPERLINK(""https://developer.huawei.com/consumer/cn/doc/harmonyos-releases/changelogs-for-all-apps-7001/#ch2026010615012"",""ArkUI接口新增仅支持Stage模型的约束"")",entry\src\main\ets\components\query\QueryView.ets:403,未修复,接口定义变更
declare class CommonMethod<T>,ArkTS,7.0.0(26) Beta1,ALL,"=HYPERLINK(""https://developer.huawei.com/consumer/cn/doc/harmonyos-releases/changelogs-for-all-apps-7001/#ch2026010615012"",""ArkUI接口新增仅支持Stage模型的约束"")",entry\src\main\ets\components\query\QueryView.ets:410,未修复,接口定义变更
declare class CommonMethod<T>,ArkTS,7.0.0(26) Beta1,ALL,"=HYPERLINK(""https://developer.huawei.com/consumer/cn/doc/harmonyos-releases/changelogs-for-all-apps-7001/#ch2026010615012"",""ArkUI接口新增仅支持Stage模型的约束"")",entry\src\main\ets\components\query\QueryView.ets:419,未修复,接口定义变更
declare class CommonMethod<T>,ArkTS,7.0.0(26) Beta1,ALL,"=HYPERLINK(""https://developer.huawei.com/consumer/cn/doc/harmonyos-releases/changelogs-for-all-apps-7001/#ch2026010615012"",""ArkUI接口新增仅支持Stage模型的约束"")",entry\src\main\ets\components\query\QueryView.ets:420,未修复,接口定义变更
declare class CommonMethod<T>,ArkTS,7.0.0(26) Beta1,ALL,"=HYPERLINK(""https://developer.huawei.com/consumer/cn/doc/harmonyos-releases/changelogs-for-all-apps-7001/#ch2026010615012"",""ArkUI接口新增仅支持Stage模型的约束"")",entry\src\main\ets\components\query\QueryView.ets:421,未修复,接口定义变更
declare class CommonMethod<T>,ArkTS,7.0.0(26) Beta1,ALL,"=HYPERLINK(""https://developer.huawei.com/consumer/cn/doc/harmonyos-releases/changelogs-for-all-apps-7001/#ch2026010615012"",""ArkUI接口新增仅支持Stage模型的约束"")",entry\src\main\ets\components\query\QueryView.ets:422,未修复,接口定义变更
declare class CommonMethod<T>,ArkTS,7.0.0(26) Beta1,ALL,"=HYPERLINK(""https://developer.huawei.com/consumer/cn/doc/harmonyos-releases/changelogs-for-all-apps-7001/#ch2026010615012"",""ArkUI接口新增仅支持Stage模型的约束"")",entry\src\main\ets\components\query\QueryView.ets:425,未修复,接口定义变更
declare class CommonMethod<T>,ArkTS,7.0.0(26) Beta1,ALL,"=HYPERLINK(""https://developer.huawei.com/consumer/cn/doc/harmonyos-releases/changelogs-for-all-apps-7001/#ch2026010615012"",""ArkUI接口新增仅支持Stage模型的约束"")",entry\src\main\ets\components\query\QueryView.ets:433,未修复,接口定义变更
declare class CommonMethod<T>,ArkTS,7.0.0(26) Beta1,ALL,"=HYPERLINK(""https://developer.huawei.com/consumer/cn/doc/harmonyos-releases/changelogs-for-all-apps-7001/#ch2026010615012"",""ArkUI接口新增仅支持Stage模型的约束"")",entry\src\main\ets\components\query\QueryView.ets:435,未修复,接口定义变更
declare class CommonMethod<T>,ArkTS,7.0.0(26) Beta1,ALL,"=HYPERLINK(""https://developer.huawei.com/consumer/cn/doc/harmonyos-releases/changelogs-for-all-apps-7001/#ch2026010615012"",""ArkUI接口新增仅支持Stage模型的约束"")",entry\src\main\ets\components\query\QueryView.ets:436,未修复,接口定义变更
declare class CommonMethod<T>,ArkTS,7.0.0(26) Beta1,ALL,"=HYPERLINK(""https://developer.huawei.com/consumer/cn/doc/harmonyos-releases/changelogs-for-all-apps-7001/#ch2026010615012"",""ArkUI接口新增仅支持Stage模型的约束"")",entry\src\main\ets\components\query\QueryView.ets:437,未修复,接口定义变更
declare class CommonMethod<T>,ArkTS,7.0.0(26) Beta1,ALL,"=HYPERLINK(""https://developer.huawei.com/consumer/cn/doc/harmonyos-releases/changelogs-for-all-apps-7001/#ch2026010615012"",""ArkUI接口新增仅支持Stage模型的约束"")",entry\src\main\ets\components\query\QueryView.ets:438,未修复,接口定义变更
declare class CommonMethod<T>,ArkTS,7.0.0(26) Beta1,ALL,"=HYPERLINK(""https://developer.huawei.com/consumer/cn/doc/harmonyos-releases/changelogs-for-all-apps-7001/#ch2026010615012"",""ArkUI接口新增仅支持Stage模型的约束"")",entry\src\main\ets\components\query\QueryView.ets:439,未修复,接口定义变更
declare class CommonMethod<T>,ArkTS,7.0.0(26) Beta1,ALL,"=HYPERLINK(""https://developer.huawei.com/consumer/cn/doc/harmonyos-releases/changelogs-for-all-apps-7001/#ch2026010615012"",""ArkUI接口新增仅支持Stage模型的约束"")",entry\src\main\ets\components\query\QueryView.ets:440,未修复,接口定义变更
declare class CommonMethod<T>,ArkTS,7.0.0(26) Beta1,ALL,"=HYPERLINK(""https://developer.huawei.com/consumer/cn/doc/harmonyos-releases/changelogs-for-all-apps-7001/#ch2026010615012"",""ArkUI接口新增仅支持Stage模型的约束"")",entry\src\main\ets\components\query\QueryView.ets:445,未修复,接口定义变更
declare class CommonMethod<T>,ArkTS,7.0.0(26) Beta1,ALL,"=HYPERLINK(""https://developer.huawei.com/consumer/cn/doc/harmonyos-releases/changelogs-for-all-apps-7001/#ch2026010615012"",""ArkUI接口新增仅支持Stage模型的约束"")",entry\src\main\ets\components\query\QueryView.ets:447,未修复,接口定义变更
declare class CommonMethod<T>,ArkTS,7.0.0(26) Beta1,ALL,"=HYPERLINK(""https://developer.huawei.com/consumer/cn/doc/harmonyos-releases/changelogs-for-all-apps-7001/#ch2026010615012"",""ArkUI接口新增仅支持Stage模型的约束"")",entry\src\main\ets\components\query\QueryView.ets:448,未修复,接口定义变更
declare class CommonMethod<T>,ArkTS,7.0.0(26) Beta1,ALL,"=HYPERLINK(""https://developer.huawei.com/consumer/cn/doc/harmonyos-releases/changelogs-for-all-apps-7001/#ch2026010615012"",""ArkUI接口新增仅支持Stage模型的约束"")",entry\src\main\ets\components\query\QueryView.ets:461,未修复,接口定义变更
declare class CommonMethod<T>,ArkTS,7.0.0(26) Beta1,ALL,"=HYPERLINK(""https://developer.huawei.com/consumer/cn/doc/harmonyos-releases/changelogs-for-all-apps-7001/#ch2026010615012"",""ArkUI接口新增仅支持Stage模型的约束"")",entry\src\main\ets\components\query\QueryView.ets:462,未修复,接口定义变更
declare class CommonMethod<T>,ArkTS,7.0.0(26) Beta1,ALL,"=HYPERLINK(""https://developer.huawei.com/consumer/cn/doc/harmonyos-releases/changelogs-for-all-apps-7001/#ch2026010615012"",""ArkUI接口新增仅支持Stage模型的约束"")",entry\src\main\ets\components\query\QueryView.ets:468,未修复,接口定义变更
declare class CommonMethod<T>,ArkTS,7.0.0(26) Beta1,ALL,"=HYPERLINK(""https://developer.huawei.com/consumer/cn/doc/harmonyos-releases/changelogs-for-all-apps-7001/#ch2026010615012"",""ArkUI接口新增仅支持Stage模型的约束"")",entry\src\main\ets\components\query\QueryView.ets:469,未修复,接口定义变更
declare class CommonMethod<T>,ArkTS,7.0.0(26) Beta1,ALL,"=HYPERLINK(""https://developer.huawei.com/consumer/cn/doc/harmonyos-releases/changelogs-for-all-apps-7001/#ch2026010615012"",""ArkUI接口新增仅支持Stage模型的约束"")",entry\src\main\ets\components\query\QueryView.ets:472,未修复,接口定义变更
declare class CommonMethod<T>,ArkTS,7.0.0(26) Beta1,ALL,"=HYPERLINK(""https://developer.huawei.com/consumer/cn/doc/harmonyos-releases/changelogs-for-all-apps-7001/#ch2026010615012"",""ArkUI接口新增仅支持Stage模型的约束"")",entry\src\main\ets\components\query\QueryView.ets:473,未修复,接口定义变更
declare class CommonMethod<T>,ArkTS,7.0.0(26) Beta1,ALL,"=HYPERLINK(""https://developer.huawei.com/consumer/cn/doc/harmonyos-releases/changelogs-for-all-apps-7001/#ch2026010615012"",""ArkUI接口新增仅支持Stage模型的约束"")",entry\src\main\ets\components\query\QueryView.ets:474,未修复,接口定义变更
declare class CommonMethod<T>,ArkTS,7.0.0(26) Beta1,ALL,"=HYPERLINK(""https://developer.huawei.com/consumer/cn/doc/harmonyos-releases/changelogs-for-all-apps-7001/#ch2026010615012"",""ArkUI接口新增仅支持Stage模型的约束"")",entry\src\main\ets\components\query\QueryView.ets:484,未修复,接口定义变更
declare class CommonMethod<T>,ArkTS,7.0.0(26) Beta1,ALL,"=HYPERLINK(""https://developer.huawei.com/consumer/cn/doc/harmonyos-releases/changelogs-for-all-apps-7001/#ch2026010615012"",""ArkUI接口新增仅支持Stage模型的约束"")",entry\src\main\ets\components\query\QueryView.ets:485,未修复,接口定义变更
declare class CommonMethod<T>,ArkTS,7.0.0(26) Beta1,ALL,"=HYPERLINK(""https://developer.huawei.com/consumer/cn/doc/harmonyos-releases/changelogs-for-all-apps-7001/#ch2026010615012"",""ArkUI接口新增仅支持Stage模型的约束"")",entry\src\main\ets\components\query\QueryView.ets:492,未修复,接口定义变更
declare class CommonMethod<T>,ArkTS,7.0.0(26) Beta1,ALL,"=HYPERLINK(""https://developer.huawei.com/consumer/cn/doc/harmonyos-releases/changelogs-for-all-apps-7001/#ch2026010615012"",""ArkUI接口新增仅支持Stage模型的约束"")",entry\src\main\ets\components\query\QueryView.ets:493,未修复,接口定义变更
declare class CommonMethod<T>,ArkTS,7.0.0(26) Beta1,ALL,"=HYPERLINK(""https://developer.huawei.com/consumer/cn/doc/harmonyos-releases/changelogs-for-all-apps-7001/#ch2026010615012"",""ArkUI接口新增仅支持Stage模型的约束"")",entry\src\main\ets\components\query\QueryView.ets:496,未修复,接口定义变更
declare class CommonMethod<T>,ArkTS,7.0.0(26) Beta1,ALL,"=HYPERLINK(""https://developer.huawei.com/consumer/cn/doc/harmonyos-releases/changelogs-for-all-apps-7001/#ch2026010615012"",""ArkUI接口新增仅支持Stage模型的约束"")",entry\src\main\ets\components\query\QueryView.ets:497,未修复,接口定义变更
declare class CommonMethod<T>,ArkTS,7.0.0(26) Beta1,ALL,"=HYPERLINK(""https://developer.huawei.com/consumer/cn/doc/harmonyos-releases/changelogs-for-all-apps-7001/#ch2026010615012"",""ArkUI接口新增仅支持Stage模型的约束"")",entry\src\main\ets\components\query\QueryView.ets:498,未修复,接口定义变更
declare class CommonMethod<T>,ArkTS,7.0.0(26) Beta1,ALL,"=HYPERLINK(""https://developer.huawei.com/consumer/cn/doc/harmonyos-releases/changelogs-for-all-apps-7001/#ch2026010615012"",""ArkUI接口新增仅支持Stage模型的约束"")",entry\src\main\ets\components\query\QueryView.ets:503,未修复,接口定义变更
declare class CommonMethod<T>,ArkTS,7.0.0(26) Beta1,ALL,"=HYPERLINK(""https://developer.huawei.com/consumer/cn/doc/harmonyos-releases/changelogs-for-all-apps-7001/#ch2026010615012"",""ArkUI接口新增仅支持Stage模型的约束"")",entry\src\main\ets\components\query\QueryView.ets:505,未修复,接口定义变更
declare class CommonMethod<T>,ArkTS,7.0.0(26) Beta1,ALL,"=HYPERLINK(""https://developer.huawei.com/consumer/cn/doc/harmonyos-releases/changelogs-for-all-apps-7001/#ch2026010615012"",""ArkUI接口新增仅支持Stage模型的约束"")",entry\src\main\ets\components\query\QueryView.ets:506,未修复,接口定义变更
declare class CommonMethod<T>,ArkTS,7.0.0(26) Beta1,ALL,"=HYPERLINK(""https://developer.huawei.com/consumer/cn/doc/harmonyos-releases/changelogs-for-all-apps-7001/#ch2026010615012"",""ArkUI接口新增仅支持Stage模型的约束"")",entry\src\main\ets\components\search\SearchPanel.ets:220,未修复,接口定义变更
declare class CommonMethod<T>,ArkTS,7.0.0(26) Beta1,ALL,"=HYPERLINK(""https://developer.huawei.com/consumer/cn/doc/harmonyos-releases/changelogs-for-all-apps-7001/#ch2026010615012"",""ArkUI接口新增仅支持Stage模型的约束"")",entry\src\main\ets\components\search\SearchPanel.ets:221,未修复,接口定义变更
declare class CommonMethod<T>,ArkTS,7.0.0(26) Beta1,ALL,"=HYPERLINK(""https://developer.huawei.com/consumer/cn/doc/harmonyos-releases/changelogs-for-all-apps-7001/#ch2026010615012"",""ArkUI接口新增仅支持Stage模型的约束"")",entry\src\main\ets\components\search\SearchPanel.ets:222,未修复,接口定义变更
declare class CommonMethod<T>,ArkTS,7.0.0(26) Beta1,ALL,"=HYPERLINK(""https://developer.huawei.com/consumer/cn/doc/harmonyos-releases/changelogs-for-all-apps-7001/#ch2026010615012"",""ArkUI接口新增仅支持Stage模型的约束"")",entry\src\main\ets\components\search\SearchPanel.ets:223,未修复,接口定义变更
declare class CommonMethod<T>,ArkTS,7.0.0(26) Beta1,ALL,"=HYPERLINK(""https://developer.huawei.com/consumer/cn/doc/harmonyos-releases/changelogs-for-all-apps-7001/#ch2026010615012"",""ArkUI接口新增仅支持Stage模型的约束"")",entry\src\main\ets\components\search\SearchPanel.ets:233,未修复,接口定义变更
declare class CommonMethod<T>,ArkTS,7.0.0(26) Beta1,ALL,"=HYPERLINK(""https://developer.huawei.com/consumer/cn/doc/harmonyos-releases/changelogs-for-all-apps-7001/#ch2026010615012"",""ArkUI接口新增仅支持Stage模型的约束"")",entry\src\main\ets\components\search\SearchPanel.ets:234,未修复,接口定义变更
declare class CommonMethod<T>,ArkTS,7.0.0(26) Beta1,ALL,"=HYPERLINK(""https://developer.huawei.com/consumer/cn/doc/harmonyos-releases/changelogs-for-all-apps-7001/#ch2026010615012"",""ArkUI接口新增仅支持Stage模型的约束"")",entry\src\main\ets\components\search\SearchPanel.ets:235,未修复,接口定义变更
declare class CommonMethod<T>,ArkTS,7.0.0(26) Beta1,ALL,"=HYPERLINK(""https://developer.huawei.com/consumer/cn/doc/harmonyos-releases/changelogs-for-all-apps-7001/#ch2026010615012"",""ArkUI接口新增仅支持Stage模型的约束"")",entry\src\main\ets\components\search\SearchPanel.ets:251,未修复,接口定义变更
declare class CommonMethod<T>,ArkTS,7.0.0(26) Beta1,ALL,"=HYPERLINK(""https://developer.huawei.com/consumer/cn/doc/harmonyos-releases/changelogs-for-all-apps-7001/#ch2026010615012"",""ArkUI接口新增仅支持Stage模型的约束"")",entry\src\main\ets\components\search\SearchPanel.ets:252,未修复,接口定义变更
declare class CommonMethod<T>,ArkTS,7.0.0(26) Beta1,ALL,"=HYPERLINK(""https://developer.huawei.com/consumer/cn/doc/harmonyos-releases/changelogs-for-all-apps-7001/#ch2026010615012"",""ArkUI接口新增仅支持Stage模型的约束"")",entry\src\main\ets\components\search\SearchPanel.ets:254,未修复,接口定义变更
declare class CommonMethod<T>,ArkTS,7.0.0(26) Beta1,ALL,"=HYPERLINK(""https://developer.huawei.com/consumer/cn/doc/harmonyos-releases/changelogs-for-all-apps-7001/#ch2026010615012"",""ArkUI接口新增仅支持Stage模型的约束"")",entry\src\main\ets\components\search\SearchPanel.ets:255,未修复,接口定义变更
declare class CommonMethod<T>,ArkTS,7.0.0(26) Beta1,ALL,"=HYPERLINK(""https://developer.huawei.com/consumer/cn/doc/harmonyos-releases/changelogs-for-all-apps-7001/#ch2026010615012"",""ArkUI接口新增仅支持Stage模型的约束"")",entry\src\main\ets\components\search\SearchPanel.ets:257,未修复,接口定义变更
declare class CommonMethod<T>,ArkTS,7.0.0(26) Beta1,ALL,"=HYPERLINK(""https://developer.huawei.com/consumer/cn/doc/harmonyos-releases/changelogs-for-all-apps-7001/#ch2026010615012"",""ArkUI接口新增仅支持Stage模型的约束"")",entry\src\main\ets\components\search\SearchPanel.ets:258,未修复,接口定义变更
declare class CommonMethod<T>,ArkTS,7.0.0(26) Beta1,ALL,"=HYPERLINK(""https://developer.huawei.com/consumer/cn/doc/harmonyos-releases/changelogs-for-all-apps-7001/#ch2026010615012"",""ArkUI接口新增仅支持Stage模型的约束"")",entry\src\main\ets\components\search\SearchPanel.ets:259,未修复,接口定义变更
declare class CommonMethod<T>,ArkTS,7.0.0(26) Beta1,ALL,"=HYPERLINK(""https://developer.huawei.com/consumer/cn/doc/harmonyos-releases/changelogs-for-all-apps-7001/#ch2026010615012"",""ArkUI接口新增仅支持Stage模型的约束"")",entry\src\main\ets\components\search\SearchPanel.ets:269,未修复,接口定义变更
declare class CommonMethod<T>,ArkTS,7.0.0(26) Beta1,ALL,"=HYPERLINK(""https://developer.huawei.com/consumer/cn/doc/harmonyos-releases/changelogs-for-all-apps-7001/#ch2026010615012"",""ArkUI接口新增仅支持Stage模型的约束"")",entry\src\main\ets\components\search\SearchPanel.ets:270,未修复,接口定义变更
declare class CommonMethod<T>,ArkTS,7.0.0(26) Beta1,ALL,"=HYPERLINK(""https://developer.huawei.com/consumer/cn/doc/harmonyos-releases/changelogs-for-all-apps-7001/#ch2026010615012"",""ArkUI接口新增仅支持Stage模型的约束"")",entry\src\main\ets\components\search\SearchPanel.ets:284,未修复,接口定义变更
declare class CommonMethod<T>,ArkTS,7.0.0(26) Beta1,ALL,"=HYPERLINK(""https://developer.huawei.com/consumer/cn/doc/harmonyos-releases/changelogs-for-all-apps-7001/#ch2026010615012"",""ArkUI接口新增仅支持Stage模型的约束"")",entry\src\main\ets\components\search\SearchPanel.ets:285,未修复,接口定义变更
declare class CommonMethod<T>,ArkTS,7.0.0(26) Beta1,ALL,"=HYPERLINK(""https://developer.huawei.com/consumer/cn/doc/harmonyos-releases/changelogs-for-all-apps-7001/#ch2026010615012"",""ArkUI接口新增仅支持Stage模型的约束"")",entry\src\main\ets\components\search\SearchPanel.ets:292,未修复,接口定义变更
declare class CommonMethod<T>,ArkTS,7.0.0(26) Beta1,ALL,"=HYPERLINK(""https://developer.huawei.com/consumer/cn/doc/harmonyos-releases/changelogs-for-all-apps-7001/#ch2026010615012"",""ArkUI接口新增仅支持Stage模型的约束"")",entry\src\main\ets\components\search\SearchPanel.ets:294,未修复,接口定义变更
declare class CommonMethod<T>,ArkTS,7.0.0(26) Beta1,ALL,"=HYPERLINK(""https://developer.huawei.com/consumer/cn/doc/harmonyos-releases/changelogs-for-all-apps-7001/#ch2026010615012"",""ArkUI接口新增仅支持Stage模型的约束"")",entry\src\main\ets\components\search\SearchPanel.ets:295,未修复,接口定义变更
declare class CommonMethod<T>,ArkTS,7.0.0(26) Beta1,ALL,"=HYPERLINK(""https://developer.huawei.com/consumer/cn/doc/harmonyos-releases/changelogs-for-all-apps-7001/#ch2026010615012"",""ArkUI接口新增仅支持Stage模型的约束"")",entry\src\main\ets\components\search\SearchPanel.ets:299,未修复,接口定义变更
declare class CommonMethod<T>,ArkTS,7.0.0(26) Beta1,ALL,"=HYPERLINK(""https://developer.huawei.com/consumer/cn/doc/harmonyos-releases/changelogs-for-all-apps-7001/#ch2026010615012"",""ArkUI接口新增仅支持Stage模型的约束"")",entry\src\main\ets\components\search\SearchPanel.ets:306,未修复,接口定义变更
declare class CommonMethod<T>,ArkTS,7.0.0(26) Beta1,ALL,"=HYPERLINK(""https://developer.huawei.com/consumer/cn/doc/harmonyos-releases/changelogs-for-all-apps-7001/#ch2026010615012"",""ArkUI接口新增仅支持Stage模型的约束"")",entry\src\main\ets\components\search\SearchPanel.ets:307,未修复,接口定义变更
declare class CommonMethod<T>,ArkTS,7.0.0(26) Beta1,ALL,"=HYPERLINK(""https://developer.huawei.com/consumer/cn/doc/harmonyos-releases/changelogs-for-all-apps-7001/#ch2026010615012"",""ArkUI接口新增仅支持Stage模型的约束"")",entry\src\main\ets\components\search\SearchPanel.ets:310,未修复,接口定义变更
declare class CommonMethod<T>,ArkTS,7.0.0(26) Beta1,ALL,"=HYPERLINK(""https://developer.huawei.com/consumer/cn/doc/harmonyos-releases/changelogs-for-all-apps-7001/#ch2026010615012"",""ArkUI接口新增仅支持Stage模型的约束"")",entry\src\main\ets\components\search\SearchPanel.ets:333,未修复,接口定义变更
declare class CommonMethod<T>,ArkTS,7.0.0(26) Beta1,ALL,"=HYPERLINK(""https://developer.huawei.com/consumer/cn/doc/harmonyos-releases/changelogs-for-all-apps-7001/#ch2026010615012"",""ArkUI接口新增仅支持Stage模型的约束"")",entry\src\main\ets\components\search\SearchPanel.ets:345,未修复,接口定义变更
declare class CommonMethod<T>,ArkTS,7.0.0(26) Beta1,ALL,"=HYPERLINK(""https://developer.huawei.com/consumer/cn/doc/harmonyos-releases/changelogs-for-all-apps-7001/#ch2026010615012"",""ArkUI接口新增仅支持Stage模型的约束"")",entry\src\main\ets\components\search\SearchPanel.ets:361,未修复,接口定义变更
declare class CommonMethod<T>,ArkTS,7.0.0(26) Beta1,ALL,"=HYPERLINK(""https://developer.huawei.com/consumer/cn/doc/harmonyos-releases/changelogs-for-all-apps-7001/#ch2026010615012"",""ArkUI接口新增仅支持Stage模型的约束"")",entry\src\main\ets\components\search\SearchPanel.ets:364,未修复,接口定义变更
declare class CommonMethod<T>,ArkTS,7.0.0(26) Beta1,ALL,"=HYPERLINK(""https://developer.huawei.com/consumer/cn/doc/harmonyos-releases/changelogs-for-all-apps-7001/#ch2026010615012"",""ArkUI接口新增仅支持Stage模型的约束"")",entry\src\main\ets\components\search\SearchPanel.ets:365,未修复,接口定义变更
declare class CommonMethod<T>,ArkTS,7.0.0(26) Beta1,ALL,"=HYPERLINK(""https://developer.huawei.com/consumer/cn/doc/harmonyos-releases/changelogs-for-all-apps-7001/#ch2026010615012"",""ArkUI接口新增仅支持Stage模型的约束"")",entry\src\main\ets\components\search\SearchPanel.ets:366,未修复,接口定义变更
declare class CommonMethod<T>,ArkTS,7.0.0(26) Beta1,ALL,"=HYPERLINK(""https://developer.huawei.com/consumer/cn/doc/harmonyos-releases/changelogs-for-all-apps-7001/#ch2026010615012"",""ArkUI接口新增仅支持Stage模型的约束"")",entry\src\main\ets\components\search\TaskDashboard.ets:105,未修复,接口定义变更
declare class CommonMethod<T>,ArkTS,7.0.0(26) Beta1,ALL,"=HYPERLINK(""https://developer.huawei.com/consumer/cn/doc/harmonyos-releases/changelogs-for-all-apps-7001/#ch2026010615012"",""ArkUI接口新增仅支持Stage模型的约束"")",entry\src\main\ets\components\search\TaskDashboard.ets:115,未修复,接口定义变更
declare class CommonMethod<T>,ArkTS,7.0.0(26) Beta1,ALL,"=HYPERLINK(""https://developer.huawei.com/consumer/cn/doc/harmonyos-releases/changelogs-for-all-apps-7001/#ch2026010615012"",""ArkUI接口新增仅支持Stage模型的约束"")",entry\src\main\ets\components\search\TaskDashboard.ets:119,未修复,接口定义变更
declare class CommonMethod<T>,ArkTS,7.0.0(26) Beta1,ALL,"=HYPERLINK(""https://developer.huawei.com/consumer/cn/doc/harmonyos-releases/changelogs-for-all-apps-7001/#ch2026010615012"",""ArkUI接口新增仅支持Stage模型的约束"")",entry\src\main\ets\components\search\TaskDashboard.ets:120,未修复,接口定义变更
declare class CommonMethod<T>,ArkTS,7.0.0(26) Beta1,ALL,"=HYPERLINK(""https://developer.huawei.com/consumer/cn/doc/harmonyos-releases/changelogs-for-all-apps-7001/#ch2026010615012"",""ArkUI接口新增仅支持Stage模型的约束"")",entry\src\main\ets\components\search\TaskDashboard.ets:121,未修复,接口定义变更
declare class CommonMethod<T>,ArkTS,7.0.0(26) Beta1,ALL,"=HYPERLINK(""https://developer.huawei.com/consumer/cn/doc/harmonyos-releases/changelogs-for-all-apps-7001/#ch2026010615012"",""ArkUI接口新增仅支持Stage模型的约束"")",entry\src\main\ets\components\search\TaskDashboard.ets:122,未修复,接口定义变更
declare class CommonMethod<T>,ArkTS,7.0.0(26) Beta1,ALL,"=HYPERLINK(""https://developer.huawei.com/consumer/cn/doc/harmonyos-releases/changelogs-for-all-apps-7001/#ch2026010615012"",""ArkUI接口新增仅支持Stage模型的约束"")",entry\src\main\ets\components\search\TaskDashboard.ets:123,未修复,接口定义变更
declare class CommonMethod<T>,ArkTS,7.0.0(26) Beta1,ALL,"=HYPERLINK(""https://developer.huawei.com/consumer/cn/doc/harmonyos-releases/changelogs-for-all-apps-7001/#ch2026010615012"",""ArkUI接口新增仅支持Stage模型的约束"")",entry\src\main\ets\components\search\TaskDashboard.ets:128,未修复,接口定义变更
declare class CommonMethod<T>,ArkTS,7.0.0(26) Beta1,ALL,"=HYPERLINK(""https://developer.huawei.com/consumer/cn/doc/harmonyos-releases/changelogs-for-all-apps-7001/#ch2026010615012"",""ArkUI接口新增仅支持Stage模型的约束"")",entry\src\main\ets\components\search\TaskDashboard.ets:131,未修复,接口定义变更
declare class CommonMethod<T>,ArkTS,7.0.0(26) Beta1,ALL,"=HYPERLINK(""https://developer.huawei.com/consumer/cn/doc/harmonyos-releases/changelogs-for-all-apps-7001/#ch2026010615012"",""ArkUI接口新增仅支持Stage模型的约束"")",entry\src\main\ets\components\search\TaskDashboard.ets:132,未修复,接口定义变更
declare class CommonMethod<T>,ArkTS,7.0.0(26) Beta1,ALL,"=HYPERLINK(""https://developer.huawei.com/consumer/cn/doc/harmonyos-releases/changelogs-for-all-apps-7001/#ch2026010615012"",""ArkUI接口新增仅支持Stage模型的约束"")",entry\src\main\ets\components\search\TaskDashboard.ets:133,未修复,接口定义变更
declare class CommonMethod<T>,ArkTS,7.0.0(26) Beta1,ALL,"=HYPERLINK(""https://developer.huawei.com/consumer/cn/doc/harmonyos-releases/changelogs-for-all-apps-7001/#ch2026010615012"",""ArkUI接口新增仅支持Stage模型的约束"")",entry\src\main\ets\components\search\TaskDashboard.ets:134,未修复,接口定义变更
declare class CommonMethod<T>,ArkTS,7.0.0(26) Beta1,ALL,"=HYPERLINK(""https://developer.huawei.com/consumer/cn/doc/harmonyos-releases/changelogs-for-all-apps-7001/#ch2026010615012"",""ArkUI接口新增仅支持Stage模型的约束"")",entry\src\main\ets\components\search\TaskDashboard.ets:49,未修复,接口定义变更
declare class CommonMethod<T>,ArkTS,7.0.0(26) Beta1,ALL,"=HYPERLINK(""https://developer.huawei.com/consumer/cn/doc/harmonyos-releases/changelogs-for-all-apps-7001/#ch2026010615012"",""ArkUI接口新增仅支持Stage模型的约束"")",entry\src\main\ets\components\search\TaskDashboard.ets:61,未修复,接口定义变更
declare class CommonMethod<T>,ArkTS,7.0.0(26) Beta1,ALL,"=HYPERLINK(""https://developer.huawei.com/consumer/cn/doc/harmonyos-releases/changelogs-for-all-apps-7001/#ch2026010615012"",""ArkUI接口新增仅支持Stage模型的约束"")",entry\src\main\ets\components\search\TaskDashboard.ets:73,未修复,接口定义变更
declare class CommonMethod<T>,ArkTS,7.0.0(26) Beta1,ALL,"=HYPERLINK(""https://developer.huawei.com/consumer/cn/doc/harmonyos-releases/changelogs-for-all-apps-7001/#ch2026010615012"",""ArkUI接口新增仅支持Stage模型的约束"")",entry\src\main\ets\components\search\TaskDashboard.ets:74,未修复,接口定义变更
declare class CommonMethod<T>,ArkTS,7.0.0(26) Beta1,ALL,"=HYPERLINK(""https://developer.huawei.com/consumer/cn/doc/harmonyos-releases/changelogs-for-all-apps-7001/#ch2026010615012"",""ArkUI接口新增仅支持Stage模型的约束"")",entry\src\main\ets\components\search\TaskDashboard.ets:75,未修复,接口定义变更
declare class CommonMethod<T>,ArkTS,7.0.0(26) Beta1,ALL,"=HYPERLINK(""https://developer.huawei.com/consumer/cn/doc/harmonyos-releases/changelogs-for-all-apps-7001/#ch2026010615012"",""ArkUI接口新增仅支持Stage模型的约束"")",entry\src\main\ets\components\search\TaskDashboard.ets:80,未修复,接口定义变更
declare class CommonMethod<T>,ArkTS,7.0.0(26) Beta1,ALL,"=HYPERLINK(""https://developer.huawei.com/consumer/cn/doc/harmonyos-releases/changelogs-for-all-apps-7001/#ch2026010615012"",""ArkUI接口新增仅支持Stage模型的约束"")",entry\src\main\ets\components\search\TaskDashboard.ets:84,未修复,接口定义变更
declare class CommonMethod<T>,ArkTS,7.0.0(26) Beta1,ALL,"=HYPERLINK(""https://developer.huawei.com/consumer/cn/doc/harmonyos-releases/changelogs-for-all-apps-7001/#ch2026010615012"",""ArkUI接口新增仅支持Stage模型的约束"")",entry\src\main\ets\components\search\TaskDashboard.ets:85,未修复,接口定义变更
declare class CommonMethod<T>,ArkTS,7.0.0(26) Beta1,ALL,"=HYPERLINK(""https://developer.huawei.com/consumer/cn/doc/harmonyos-releases/changelogs-for-all-apps-7001/#ch2026010615012"",""ArkUI接口新增仅支持Stage模型的约束"")",entry\src\main\ets\components\search\TaskDashboard.ets:86,未修复,接口定义变更
declare class CommonMethod<T>,ArkTS,7.0.0(26) Beta1,ALL,"=HYPERLINK(""https://developer.huawei.com/consumer/cn/doc/harmonyos-releases/changelogs-for-all-apps-7001/#ch2026010615012"",""ArkUI接口新增仅支持Stage模型的约束"")",entry\src\main\ets\components\search\TaskDashboard.ets:87,未修复,接口定义变更
declare class CommonMethod<T>,ArkTS,7.0.0(26) Beta1,ALL,"=HYPERLINK(""https://developer.huawei.com/consumer/cn/doc/harmonyos-releases/changelogs-for-all-apps-7001/#ch2026010615012"",""ArkUI接口新增仅支持Stage模型的约束"")",entry\src\main\ets\components\search\TaskDashboard.ets:88,未修复,接口定义变更
declare class CommonMethod<T>,ArkTS,7.0.0(26) Beta1,ALL,"=HYPERLINK(""https://developer.huawei.com/consumer/cn/doc/harmonyos-releases/changelogs-for-all-apps-7001/#ch2026010615012"",""ArkUI接口新增仅支持Stage模型的约束"")",entry\src\main\ets\components\search\TaskDashboard.ets:93,未修复,接口定义变更
declare class CommonMethod<T>,ArkTS,7.0.0(26) Beta1,ALL,"=HYPERLINK(""https://developer.huawei.com/consumer/cn/doc/harmonyos-releases/changelogs-for-all-apps-7001/#ch2026010615012"",""ArkUI接口新增仅支持Stage模型的约束"")",entry\src\main\ets\components\search\TaskSchedulePanel.ets:178,未修复,接口定义变更
declare class CommonMethod<T>,ArkTS,7.0.0(26) Beta1,ALL,"=HYPERLINK(""https://developer.huawei.com/consumer/cn/doc/harmonyos-releases/changelogs-for-all-apps-7001/#ch2026010615012"",""ArkUI接口新增仅支持Stage模型的约束"")",entry\src\main\ets\components\search\TaskSchedulePanel.ets:188,未修复,接口定义变更
declare class CommonMethod<T>,ArkTS,7.0.0(26) Beta1,ALL,"=HYPERLINK(""https://developer.huawei.com/consumer/cn/doc/harmonyos-releases/changelogs-for-all-apps-7001/#ch2026010615012"",""ArkUI接口新增仅支持Stage模型的约束"")",entry\src\main\ets\components\search\TaskSchedulePanel.ets:194,未修复,接口定义变更
declare class CommonMethod<T>,ArkTS,7.0.0(26) Beta1,ALL,"=HYPERLINK(""https://developer.huawei.com/consumer/cn/doc/harmonyos-releases/changelogs-for-all-apps-7001/#ch2026010615012"",""ArkUI接口新增仅支持Stage模型的约束"")",entry\src\main\ets\components\search\TaskSchedulePanel.ets:195,未修复,接口定义变更
declare class CommonMethod<T>,ArkTS,7.0.0(26) Beta1,ALL,"=HYPERLINK(""https://developer.huawei.com/consumer/cn/doc/harmonyos-releases/changelogs-for-all-apps-7001/#ch2026010615012"",""ArkUI接口新增仅支持Stage模型的约束"")",entry\src\main\ets\components\search\TaskSchedulePanel.ets:199,未修复,接口定义变更
declare class CommonMethod<T>,ArkTS,7.0.0(26) Beta1,ALL,"=HYPERLINK(""https://developer.huawei.com/consumer/cn/doc/harmonyos-releases/changelogs-for-all-apps-7001/#ch2026010615012"",""ArkUI接口新增仅支持Stage模型的约束"")",entry\src\main\ets\components\search\TaskSchedulePanel.ets:200,未修复,接口定义变更
declare class CommonMethod<T>,ArkTS,7.0.0(26) Beta1,ALL,"=HYPERLINK(""https://developer.huawei.com/consumer/cn/doc/harmonyos-releases/changelogs-for-all-apps-7001/#ch2026010615012"",""ArkUI接口新增仅支持Stage模型的约束"")",entry\src\main\ets\components\search\TaskSchedulePanel.ets:201,未修复,接口定义变更
declare class CommonMethod<T>,ArkTS,7.0.0(26) Beta1,ALL,"=HYPERLINK(""https://developer.huawei.com/consumer/cn/doc/harmonyos-releases/changelogs-for-all-apps-7001/#ch2026010615012"",""ArkUI接口新增仅支持Stage模型的约束"")",entry\src\main\ets\components\search\TaskSchedulePanel.ets:202,未修复,接口定义变更
declare class CommonMethod<T>,ArkTS,7.0.0(26) Beta1,ALL,"=HYPERLINK(""https://developer.huawei.com/consumer/cn/doc/harmonyos-releases/changelogs-for-all-apps-7001/#ch2026010615012"",""ArkUI接口新增仅支持Stage模型的约束"")",entry\src\main\ets\components\search\TaskSchedulePanel.ets:216,未修复,接口定义变更
declare class CommonMethod<T>,ArkTS,7.0.0(26) Beta1,ALL,"=HYPERLINK(""https://developer.huawei.com/consumer/cn/doc/harmonyos-releases/changelogs-for-all-apps-7001/#ch2026010615012"",""ArkUI接口新增仅支持Stage模型的约束"")",entry\src\main\ets\components\search\TaskSchedulePanel.ets:231,未修复,接口定义变更
declare class CommonMethod<T>,ArkTS,7.0.0(26) Beta1,ALL,"=HYPERLINK(""https://developer.huawei.com/consumer/cn/doc/harmonyos-releases/changelogs-for-all-apps-7001/#ch2026010615012"",""ArkUI接口新增仅支持Stage模型的约束"")",entry\src\main\ets\components\search\TaskSchedulePanel.ets:232,未修复,接口定义变更
declare class CommonMethod<T>,ArkTS,7.0.0(26) Beta1,ALL,"=HYPERLINK(""https://developer.huawei.com/consumer/cn/doc/harmonyos-releases/changelogs-for-all-apps-7001/#ch2026010615012"",""ArkUI接口新增仅支持Stage模型的约束"")",entry\src\main\ets\components\search\TaskSchedulePanel.ets:238,未修复,接口定义变更
declare class CommonMethod<T>,ArkTS,7.0.0(26) Beta1,ALL,"=HYPERLINK(""https://developer.huawei.com/consumer/cn/doc/harmonyos-releases/changelogs-for-all-apps-7001/#ch2026010615012"",""ArkUI接口新增仅支持Stage模型的约束"")",entry\src\main\ets\components\search\TaskSchedulePanel.ets:249,未修复,接口定义变更
declare class CommonMethod<T>,ArkTS,7.0.0(26) Beta1,ALL,"=HYPERLINK(""https://developer.huawei.com/consumer/cn/doc/harmonyos-releases/changelogs-for-all-apps-7001/#ch2026010615012"",""ArkUI接口新增仅支持Stage模型的约束"")",entry\src\main\ets\components\search\TaskSchedulePanel.ets:250,未修复,接口定义变更
declare class CommonMethod<T>,ArkTS,7.0.0(26) Beta1,ALL,"=HYPERLINK(""https://developer.huawei.com/consumer/cn/doc/harmonyos-releases/changelogs-for-all-apps-7001/#ch2026010615012"",""ArkUI接口新增仅支持Stage模型的约束"")",entry\src\main\ets\components\search\TaskSchedulePanel.ets:251,未修复,接口定义变更
declare class CommonMethod<T>,ArkTS,7.0.0(26) Beta1,ALL,"=HYPERLINK(""https://developer.huawei.com/consumer/cn/doc/harmonyos-releases/changelogs-for-all-apps-7001/#ch2026010615012"",""ArkUI接口新增仅支持Stage模型的约束"")",entry\src\main\ets\components\search\TaskSchedulePanel.ets:257,未修复,接口定义变更
declare class CommonMethod<T>,ArkTS,7.0.0(26) Beta1,ALL,"=HYPERLINK(""https://developer.huawei.com/consumer/cn/doc/harmonyos-releases/changelogs-for-all-apps-7001/#ch2026010615012"",""ArkUI接口新增仅支持Stage模型的约束"")",entry\src\main\ets\components\search\TaskSchedulePanel.ets:265,未修复,接口定义变更
declare class CommonMethod<T>,ArkTS,7.0.0(26) Beta1,ALL,"=HYPERLINK(""https://developer.huawei.com/consumer/cn/doc/harmonyos-releases/changelogs-for-all-apps-7001/#ch2026010615012"",""ArkUI接口新增仅支持Stage模型的约束"")",entry\src\main\ets\components\search\TaskSchedulePanel.ets:266,未修复,接口定义变更
declare class CommonMethod<T>,ArkTS,7.0.0(26) Beta1,ALL,"=HYPERLINK(""https://developer.huawei.com/consumer/cn/doc/harmonyos-releases/changelogs-for-all-apps-7001/#ch2026010615012"",""ArkUI接口新增仅支持Stage模型的约束"")",entry\src\main\ets\components\search\TaskSchedulePanel.ets:267,未修复,接口定义变更
declare class CommonMethod<T>,ArkTS,7.0.0(26) Beta1,ALL,"=HYPERLINK(""https://developer.huawei.com/consumer/cn/doc/harmonyos-releases/changelogs-for-all-apps-7001/#ch2026010615012"",""ArkUI接口新增仅支持Stage模型的约束"")",entry\src\main\ets\components\search\TaskSchedulePanel.ets:275,未修复,接口定义变更
declare class CommonMethod<T>,ArkTS,7.0.0(26) Beta1,ALL,"=HYPERLINK(""https://developer.huawei.com/consumer/cn/doc/harmonyos-releases/changelogs-for-all-apps-7001/#ch2026010615012"",""ArkUI接口新增仅支持Stage模型的约束"")",entry\src\main\ets\components\search\TaskSchedulePanel.ets:277,未修复,接口定义变更
declare class CommonMethod<T>,ArkTS,7.0.0(26) Beta1,ALL,"=HYPERLINK(""https://developer.huawei.com/consumer/cn/doc/harmonyos-releases/changelogs-for-all-apps-7001/#ch2026010615012"",""ArkUI接口新增仅支持Stage模型的约束"")",entry\src\main\ets\components\search\TaskSchedulePanel.ets:278,未修复,接口定义变更
declare class CommonMethod<T>,ArkTS,7.0.0(26) Beta1,ALL,"=HYPERLINK(""https://developer.huawei.com/consumer/cn/doc/harmonyos-releases/changelogs-for-all-apps-7001/#ch2026010615012"",""ArkUI接口新增仅支持Stage模型的约束"")",entry\src\main\ets\components\search\TaskSchedulePanel.ets:279,未修复,接口定义变更
declare class CommonMethod<T>,ArkTS,7.0.0(26) Beta1,ALL,"=HYPERLINK(""https://developer.huawei.com/consumer/cn/doc/harmonyos-releases/changelogs-for-all-apps-7001/#ch2026010615012"",""ArkUI接口新增仅支持Stage模型的约束"")",entry\src\main\ets\components\search\TaskSchedulePanel.ets:280,未修复,接口定义变更
declare class CommonMethod<T>,ArkTS,7.0.0(26) Beta1,ALL,"=HYPERLINK(""https://developer.huawei.com/consumer/cn/doc/harmonyos-releases/changelogs-for-all-apps-7001/#ch2026010615012"",""ArkUI接口新增仅支持Stage模型的约束"")",entry\src\main\ets\components\settings\ProUpgradePage.ets:105,未修复,接口定义变更
declare class CommonMethod<T>,ArkTS,7.0.0(26) Beta1,ALL,"=HYPERLINK(""https://developer.huawei.com/consumer/cn/doc/harmonyos-releases/changelogs-for-all-apps-7001/#ch2026010615012"",""ArkUI接口新增仅支持Stage模型的约束"")",entry\src\main\ets\components\settings\ProUpgradePage.ets:106,未修复,接口定义变更
declare class CommonMethod<T>,ArkTS,7.0.0(26) Beta1,ALL,"=HYPERLINK(""https://developer.huawei.com/consumer/cn/doc/harmonyos-releases/changelogs-for-all-apps-7001/#ch2026010615012"",""ArkUI接口新增仅支持Stage模型的约束"")",entry\src\main\ets\components\settings\ProUpgradePage.ets:107,未修复,接口定义变更
declare class CommonMethod<T>,ArkTS,7.0.0(26) Beta1,ALL,"=HYPERLINK(""https://developer.huawei.com/consumer/cn/doc/harmonyos-releases/changelogs-for-all-apps-7001/#ch2026010615012"",""ArkUI接口新增仅支持Stage模型的约束"")",entry\src\main\ets\components\settings\ProUpgradePage.ets:109,未修复,接口定义变更
declare class CommonMethod<T>,ArkTS,7.0.0(26) Beta1,ALL,"=HYPERLINK(""https://developer.huawei.com/consumer/cn/doc/harmonyos-releases/changelogs-for-all-apps-7001/#ch2026010615012"",""ArkUI接口新增仅支持Stage模型的约束"")",entry\src\main\ets\components\settings\ProUpgradePage.ets:110,未修复,接口定义变更
declare class CommonMethod<T>,ArkTS,7.0.0(26) Beta1,ALL,"=HYPERLINK(""https://developer.huawei.com/consumer/cn/doc/harmonyos-releases/changelogs-for-all-apps-7001/#ch2026010615012"",""ArkUI接口新增仅支持Stage模型的约束"")",entry\src\main\ets\components\settings\ProUpgradePage.ets:111,未修复,接口定义变更
declare class CommonMethod<T>,ArkTS,7.0.0(26) Beta1,ALL,"=HYPERLINK(""https://developer.huawei.com/consumer/cn/doc/harmonyos-releases/changelogs-for-all-apps-7001/#ch2026010615012"",""ArkUI接口新增仅支持Stage模型的约束"")",entry\src\main\ets\components\settings\ProUpgradePage.ets:26,未修复,接口定义变更
declare class CommonMethod<T>,ArkTS,7.0.0(26) Beta1,ALL,"=HYPERLINK(""https://developer.huawei.com/consumer/cn/doc/harmonyos-releases/changelogs-for-all-apps-7001/#ch2026010615012"",""ArkUI接口新增仅支持Stage模型的约束"")",entry\src\main\ets\components\settings\ProUpgradePage.ets:27,未修复,接口定义变更
declare class CommonMethod<T>,ArkTS,7.0.0(26) Beta1,ALL,"=HYPERLINK(""https://developer.huawei.com/consumer/cn/doc/harmonyos-releases/changelogs-for-all-apps-7001/#ch2026010615012"",""ArkUI接口新增仅支持Stage模型的约束"")",entry\src\main\ets\components\settings\ProUpgradePage.ets:32,未修复,接口定义变更
declare class CommonMethod<T>,ArkTS,7.0.0(26) Beta1,ALL,"=HYPERLINK(""https://developer.huawei.com/consumer/cn/doc/harmonyos-releases/changelogs-for-all-apps-7001/#ch2026010615012"",""ArkUI接口新增仅支持Stage模型的约束"")",entry\src\main\ets\components\settings\ProUpgradePage.ets:33,未修复,接口定义变更
declare class CommonMethod<T>,ArkTS,7.0.0(26) Beta1,ALL,"=HYPERLINK(""https://developer.huawei.com/consumer/cn/doc/harmonyos-releases/changelogs-for-all-apps-7001/#ch2026010615012"",""ArkUI接口新增仅支持Stage模型的约束"")",entry\src\main\ets\components\settings\ProUpgradePage.ets:43,未修复,接口定义变更
declare class CommonMethod<T>,ArkTS,7.0.0(26) Beta1,ALL,"=HYPERLINK(""https://developer.huawei.com/consumer/cn/doc/harmonyos-releases/changelogs-for-all-apps-7001/#ch2026010615012"",""ArkUI接口新增仅支持Stage模型的约束"")",entry\src\main\ets\components\settings\ProUpgradePage.ets:44,未修复,接口定义变更
declare class CommonMethod<T>,ArkTS,7.0.0(26) Beta1,ALL,"=HYPERLINK(""https://developer.huawei.com/consumer/cn/doc/harmonyos-releases/changelogs-for-all-apps-7001/#ch2026010615012"",""ArkUI接口新增仅支持Stage模型的约束"")",entry\src\main\ets\components\settings\ProUpgradePage.ets:45,未修复,接口定义变更
declare class CommonMethod<T>,ArkTS,7.0.0(26) Beta1,ALL,"=HYPERLINK(""https://developer.huawei.com/consumer/cn/doc/harmonyos-releases/changelogs-for-all-apps-7001/#ch2026010615012"",""ArkUI接口新增仅支持Stage模型的约束"")",entry\src\main\ets\components\settings\ProUpgradePage.ets:58,未修复,接口定义变更
declare class CommonMethod<T>,ArkTS,7.0.0(26) Beta1,ALL,"=HYPERLINK(""https://developer.huawei.com/consumer/cn/doc/harmonyos-releases/changelogs-for-all-apps-7001/#ch2026010615012"",""ArkUI接口新增仅支持Stage模型的约束"")",entry\src\main\ets\components\settings\ProUpgradePage.ets:60,未修复,接口定义变更
declare class CommonMethod<T>,ArkTS,7.0.0(26) Beta1,ALL,"=HYPERLINK(""https://developer.huawei.com/consumer/cn/doc/harmonyos-releases/changelogs-for-all-apps-7001/#ch2026010615012"",""ArkUI接口新增仅支持Stage模型的约束"")",entry\src\main\ets\components\settings\ProUpgradePage.ets:76,未修复,接口定义变更
declare class CommonMethod<T>,ArkTS,7.0.0(26) Beta1,ALL,"=HYPERLINK(""https://developer.huawei.com/consumer/cn/doc/harmonyos-releases/changelogs-for-all-apps-7001/#ch2026010615012"",""ArkUI接口新增仅支持Stage模型的约束"")",entry\src\main\ets\components\settings\ProUpgradePage.ets:77,未修复,接口定义变更
declare class CommonMethod<T>,ArkTS,7.0.0(26) Beta1,ALL,"=HYPERLINK(""https://developer.huawei.com/consumer/cn/doc/harmonyos-releases/changelogs-for-all-apps-7001/#ch2026010615012"",""ArkUI接口新增仅支持Stage模型的约束"")",entry\src\main\ets\components\settings\ProUpgradePage.ets:78,未修复,接口定义变更
declare class CommonMethod<T>,ArkTS,7.0.0(26) Beta1,ALL,"=HYPERLINK(""https://developer.huawei.com/consumer/cn/doc/harmonyos-releases/changelogs-for-all-apps-7001/#ch2026010615012"",""ArkUI接口新增仅支持Stage模型的约束"")",entry\src\main\ets\components\settings\ProUpgradePage.ets:79,未修复,接口定义变更
declare class CommonMethod<T>,ArkTS,7.0.0(26) Beta1,ALL,"=HYPERLINK(""https://developer.huawei.com/consumer/cn/doc/harmonyos-releases/changelogs-for-all-apps-7001/#ch2026010615012"",""ArkUI接口新增仅支持Stage模型的约束"")",entry\src\main\ets\components\settings\ProUpgradePage.ets:84,未修复,接口定义变更
declare class CommonMethod<T>,ArkTS,7.0.0(26) Beta1,ALL,"=HYPERLINK(""https://developer.huawei.com/consumer/cn/doc/harmonyos-releases/changelogs-for-all-apps-7001/#ch2026010615012"",""ArkUI接口新增仅支持Stage模型的约束"")",entry\src\main\ets\components\settings\ProUpgradePage.ets:85,未修复,接口定义变更
declare class CommonMethod<T>,ArkTS,7.0.0(26) Beta1,ALL,"=HYPERLINK(""https://developer.huawei.com/consumer/cn/doc/harmonyos-releases/changelogs-for-all-apps-7001/#ch2026010615012"",""ArkUI接口新增仅支持Stage模型的约束"")",entry\src\main\ets\components\settings\ProUpgradePage.ets:87,未修复,接口定义变更
declare class CommonMethod<T>,ArkTS,7.0.0(26) Beta1,ALL,"=HYPERLINK(""https://developer.huawei.com/consumer/cn/doc/harmonyos-releases/changelogs-for-all-apps-7001/#ch2026010615012"",""ArkUI接口新增仅支持Stage模型的约束"")",entry\src\main\ets\components\settings\ProUpgradePage.ets:89,未修复,接口定义变更
declare class CommonMethod<T>,ArkTS,7.0.0(26) Beta1,ALL,"=HYPERLINK(""https://developer.huawei.com/consumer/cn/doc/harmonyos-releases/changelogs-for-all-apps-7001/#ch2026010615012"",""ArkUI接口新增仅支持Stage模型的约束"")",entry\src\main\ets\components\settings\ProUpgradePage.ets:90,未修复,接口定义变更
declare class CommonMethod<T>,ArkTS,7.0.0(26) Beta1,ALL,"=HYPERLINK(""https://developer.huawei.com/consumer/cn/doc/harmonyos-releases/changelogs-for-all-apps-7001/#ch2026010615012"",""ArkUI接口新增仅支持Stage模型的约束"")",entry\src\main\ets\components\settings\ProUpgradePage.ets:97,未修复,接口定义变更
declare class CommonMethod<T>,ArkTS,7.0.0(26) Beta1,ALL,"=HYPERLINK(""https://developer.huawei.com/consumer/cn/doc/harmonyos-releases/changelogs-for-all-apps-7001/#ch2026010615012"",""ArkUI接口新增仅支持Stage模型的约束"")",entry\src\main\ets\components\settings\ProUpgradePage.ets:99,未修复,接口定义变更
declare class CommonMethod<T>,ArkTS,7.0.0(26) Beta1,ALL,"=HYPERLINK(""https://developer.huawei.com/consumer/cn/doc/harmonyos-releases/changelogs-for-all-apps-7001/#ch2026010615012"",""ArkUI接口新增仅支持Stage模型的约束"")",entry\src\main\ets\components\settings\RecycleBinPage.ets:23,未修复,接口定义变更
declare class CommonMethod<T>,ArkTS,7.0.0(26) Beta1,ALL,"=HYPERLINK(""https://developer.huawei.com/consumer/cn/doc/harmonyos-releases/changelogs-for-all-apps-7001/#ch2026010615012"",""ArkUI接口新增仅支持Stage模型的约束"")",entry\src\main\ets\components\settings\RecycleBinPage.ets:24,未修复,接口定义变更
declare class CommonMethod<T>,ArkTS,7.0.0(26) Beta1,ALL,"=HYPERLINK(""https://developer.huawei.com/consumer/cn/doc/harmonyos-releases/changelogs-for-all-apps-7001/#ch2026010615012"",""ArkUI接口新增仅支持Stage模型的约束"")",entry\src\main\ets\components\settings\RecycleBinPage.ets:29,未修复,接口定义变更
declare class CommonMethod<T>,ArkTS,7.0.0(26) Beta1,ALL,"=HYPERLINK(""https://developer.huawei.com/consumer/cn/doc/harmonyos-releases/changelogs-for-all-apps-7001/#ch2026010615012"",""ArkUI接口新增仅支持Stage模型的约束"")",entry\src\main\ets\components\settings\RecycleBinPage.ets:39,未修复,接口定义变更
declare class CommonMethod<T>,ArkTS,7.0.0(26) Beta1,ALL,"=HYPERLINK(""https://developer.huawei.com/consumer/cn/doc/harmonyos-releases/changelogs-for-all-apps-7001/#ch2026010615012"",""ArkUI接口新增仅支持Stage模型的约束"")",entry\src\main\ets\components\settings\RecycleBinPage.ets:44,未修复,接口定义变更
declare class CommonMethod<T>,ArkTS,7.0.0(26) Beta1,ALL,"=HYPERLINK(""https://developer.huawei.com/consumer/cn/doc/harmonyos-releases/changelogs-for-all-apps-7001/#ch2026010615012"",""ArkUI接口新增仅支持Stage模型的约束"")",entry\src\main\ets\components\settings\RecycleBinPage.ets:46,未修复,接口定义变更
declare class CommonMethod<T>,ArkTS,7.0.0(26) Beta1,ALL,"=HYPERLINK(""https://developer.huawei.com/consumer/cn/doc/harmonyos-releases/changelogs-for-all-apps-7001/#ch2026010615012"",""ArkUI接口新增仅支持Stage模型的约束"")",entry\src\main\ets\components\settings\RecycleBinPage.ets:47,未修复,接口定义变更
declare class CommonMethod<T>,ArkTS,7.0.0(26) Beta1,ALL,"=HYPERLINK(""https://developer.huawei.com/consumer/cn/doc/harmonyos-releases/changelogs-for-all-apps-7001/#ch2026010615012"",""ArkUI接口新增仅支持Stage模型的约束"")",entry\src\main\ets\components\settings\RecycleBinPage.ets:49,未修复,接口定义变更
declare class CommonMethod<T>,ArkTS,7.0.0(26) Beta1,ALL,"=HYPERLINK(""https://developer.huawei.com/consumer/cn/doc/harmonyos-releases/changelogs-for-all-apps-7001/#ch2026010615012"",""ArkUI接口新增仅支持Stage模型的约束"")",entry\src\main\ets\components\settings\RecycleBinPage.ets:54,未修复,接口定义变更
declare class CommonMethod<T>,ArkTS,7.0.0(26) Beta1,ALL,"=HYPERLINK(""https://developer.huawei.com/consumer/cn/doc/harmonyos-releases/changelogs-for-all-apps-7001/#ch2026010615012"",""ArkUI接口新增仅支持Stage模型的约束"")",entry\src\main\ets\components\settings\SettingsPage.ets:239,未修复,接口定义变更
declare class CommonMethod<T>,ArkTS,7.0.0(26) Beta1,ALL,"=HYPERLINK(""https://developer.huawei.com/consumer/cn/doc/harmonyos-releases/changelogs-for-all-apps-7001/#ch2026010615012"",""ArkUI接口新增仅支持Stage模型的约束"")",entry\src\main\ets\components\settings\SettingsPage.ets:240,未修复,接口定义变更
declare class CommonMethod<T>,ArkTS,7.0.0(26) Beta1,ALL,"=HYPERLINK(""https://developer.huawei.com/consumer/cn/doc/harmonyos-releases/changelogs-for-all-apps-7001/#ch2026010615012"",""ArkUI接口新增仅支持Stage模型的约束"")",entry\src\main\ets\components\settings\SettingsPage.ets:249,未修复,接口定义变更
declare class CommonMethod<T>,ArkTS,7.0.0(26) Beta1,ALL,"=HYPERLINK(""https://developer.huawei.com/consumer/cn/doc/harmonyos-releases/changelogs-for-all-apps-7001/#ch2026010615012"",""ArkUI接口新增仅支持Stage模型的约束"")",entry\src\main\ets\components\settings\SettingsPage.ets:250,未修复,接口定义变更
declare class CommonMethod<T>,ArkTS,7.0.0(26) Beta1,ALL,"=HYPERLINK(""https://developer.huawei.com/consumer/cn/doc/harmonyos-releases/changelogs-for-all-apps-7001/#ch2026010615012"",""ArkUI接口新增仅支持Stage模型的约束"")",entry\src\main\ets\components\settings\SettingsPage.ets:301,未修复,接口定义变更
declare class CommonMethod<T>,ArkTS,7.0.0(26) Beta1,ALL,"=HYPERLINK(""https://developer.huawei.com/consumer/cn/doc/harmonyos-releases/changelogs-for-all-apps-7001/#ch2026010615012"",""ArkUI接口新增仅支持Stage模型的约束"")",entry\src\main\ets\components\settings\SettingsPage.ets:305,未修复,接口定义变更
declare class CommonMethod<T>,ArkTS,7.0.0(26) Beta1,ALL,"=HYPERLINK(""https://developer.huawei.com/consumer/cn/doc/harmonyos-releases/changelogs-for-all-apps-7001/#ch2026010615012"",""ArkUI接口新增仅支持Stage模型的约束"")",entry\src\main\ets\components\settings\SettingsPage.ets:309,未修复,接口定义变更
declare class CommonMethod<T>,ArkTS,7.0.0(26) Beta1,ALL,"=HYPERLINK(""https://developer.huawei.com/consumer/cn/doc/harmonyos-releases/changelogs-for-all-apps-7001/#ch2026010615012"",""ArkUI接口新增仅支持Stage模型的约束"")",entry\src\main\ets\components\settings\SettingsPage.ets:310,未修复,接口定义变更
declare class CommonMethod<T>,ArkTS,7.0.0(26) Beta1,ALL,"=HYPERLINK(""https://developer.huawei.com/consumer/cn/doc/harmonyos-releases/changelogs-for-all-apps-7001/#ch2026010615012"",""ArkUI接口新增仅支持Stage模型的约束"")",entry\src\main\ets\components\settings\SettingsPage.ets:318,未修复,接口定义变更
declare class CommonMethod<T>,ArkTS,7.0.0(26) Beta1,ALL,"=HYPERLINK(""https://developer.huawei.com/consumer/cn/doc/harmonyos-releases/changelogs-for-all-apps-7001/#ch2026010615012"",""ArkUI接口新增仅支持Stage模型的约束"")",entry\src\main\ets\components\settings\SettingsPage.ets:322,未修复,接口定义变更
declare class CommonMethod<T>,ArkTS,7.0.0(26) Beta1,ALL,"=HYPERLINK(""https://developer.huawei.com/consumer/cn/doc/harmonyos-releases/changelogs-for-all-apps-7001/#ch2026010615012"",""ArkUI接口新增仅支持Stage模型的约束"")",entry\src\main\ets\components\settings\SettingsPage.ets:323,未修复,接口定义变更
declare class CommonMethod<T>,ArkTS,7.0.0(26) Beta1,ALL,"=HYPERLINK(""https://developer.huawei.com/consumer/cn/doc/harmonyos-releases/changelogs-for-all-apps-7001/#ch2026010615012"",""ArkUI接口新增仅支持Stage模型的约束"")",entry\src\main\ets\components\settings\SettingsPage.ets:324,未修复,接口定义变更
declare class CommonMethod<T>,ArkTS,7.0.0(26) Beta1,ALL,"=HYPERLINK(""https://developer.huawei.com/consumer/cn/doc/harmonyos-releases/changelogs-for-all-apps-7001/#ch2026010615012"",""ArkUI接口新增仅支持Stage模型的约束"")",entry\src\main\ets\components\settings\SettingsPage.ets:326,未修复,接口定义变更
declare class CommonMethod<T>,ArkTS,7.0.0(26) Beta1,ALL,"=HYPERLINK(""https://developer.huawei.com/consumer/cn/doc/harmonyos-releases/changelogs-for-all-apps-7001/#ch2026010615012"",""ArkUI接口新增仅支持Stage模型的约束"")",entry\src\main\ets\components\settings\SettingsPage.ets:327,未修复,接口定义变更
declare class CommonMethod<T>,ArkTS,7.0.0(26) Beta1,ALL,"=HYPERLINK(""https://developer.huawei.com/consumer/cn/doc/harmonyos-releases/changelogs-for-all-apps-7001/#ch2026010615012"",""ArkUI接口新增仅支持Stage模型的约束"")",entry\src\main\ets\components\settings\SettingsPage.ets:349,未修复,接口定义变更
declare class CommonMethod<T>,ArkTS,7.0.0(26) Beta1,ALL,"=HYPERLINK(""https://developer.huawei.com/consumer/cn/doc/harmonyos-releases/changelogs-for-all-apps-7001/#ch2026010615012"",""ArkUI接口新增仅支持Stage模型的约束"")",entry\src\main\ets\components\settings\SettingsPage.ets:354,未修复,接口定义变更
declare class CommonMethod<T>,ArkTS,7.0.0(26) Beta1,ALL,"=HYPERLINK(""https://developer.huawei.com/consumer/cn/doc/harmonyos-releases/changelogs-for-all-apps-7001/#ch2026010615012"",""ArkUI接口新增仅支持Stage模型的约束"")",entry\src\main\ets\components\settings\SettingsPage.ets:355,未修复,接口定义变更
declare class CommonMethod<T>,ArkTS,7.0.0(26) Beta1,ALL,"=HYPERLINK(""https://developer.huawei.com/consumer/cn/doc/harmonyos-releases/changelogs-for-all-apps-7001/#ch2026010615012"",""ArkUI接口新增仅支持Stage模型的约束"")",entry\src\main\ets\components\settings\SettingsPage.ets:373,未修复,接口定义变更
declare class CommonMethod<T>,ArkTS,7.0.0(26) Beta1,ALL,"=HYPERLINK(""https://developer.huawei.com/consumer/cn/doc/harmonyos-releases/changelogs-for-all-apps-7001/#ch2026010615012"",""ArkUI接口新增仅支持Stage模型的约束"")",entry\src\main\ets\components\settings\SettingsPage.ets:378,未修复,接口定义变更
declare class CommonMethod<T>,ArkTS,7.0.0(26) Beta1,ALL,"=HYPERLINK(""https://developer.huawei.com/consumer/cn/doc/harmonyos-releases/changelogs-for-all-apps-7001/#ch2026010615012"",""ArkUI接口新增仅支持Stage模型的约束"")",entry\src\main\ets\components\settings\SettingsPage.ets:379,未修复,接口定义变更
declare class CommonMethod<T>,ArkTS,7.0.0(26) Beta1,ALL,"=HYPERLINK(""https://developer.huawei.com/consumer/cn/doc/harmonyos-releases/changelogs-for-all-apps-7001/#ch2026010615012"",""ArkUI接口新增仅支持Stage模型的约束"")",entry\src\main\ets\components\settings\SettingsPage.ets:384,未修复,接口定义变更
declare class CommonMethod<T>,ArkTS,7.0.0(26) Beta1,ALL,"=HYPERLINK(""https://developer.huawei.com/consumer/cn/doc/harmonyos-releases/changelogs-for-all-apps-7001/#ch2026010615012"",""ArkUI接口新增仅支持Stage模型的约束"")",entry\src\main\ets\components\settings\SettingsPage.ets:385,未修复,接口定义变更
declare class CommonMethod<T>,ArkTS,7.0.0(26) Beta1,ALL,"=HYPERLINK(""https://developer.huawei.com/consumer/cn/doc/harmonyos-releases/changelogs-for-all-apps-7001/#ch2026010615012"",""ArkUI接口新增仅支持Stage模型的约束"")",entry\src\main\ets\components\settings\SettingsPage.ets:391,未修复,接口定义变更
declare class CommonMethod<T>,ArkTS,7.0.0(26) Beta1,ALL,"=HYPERLINK(""https://developer.huawei.com/consumer/cn/doc/harmonyos-releases/changelogs-for-all-apps-7001/#ch2026010615012"",""ArkUI接口新增仅支持Stage模型的约束"")",entry\src\main\ets\components\settings\SettingsPage.ets:396,未修复,接口定义变更
declare class CommonMethod<T>,ArkTS,7.0.0(26) Beta1,ALL,"=HYPERLINK(""https://developer.huawei.com/consumer/cn/doc/harmonyos-releases/changelogs-for-all-apps-7001/#ch2026010615012"",""ArkUI接口新增仅支持Stage模型的约束"")",entry\src\main\ets\components\settings\SettingsPage.ets:397,未修复,接口定义变更
declare class CommonMethod<T>,ArkTS,7.0.0(26) Beta1,ALL,"=HYPERLINK(""https://developer.huawei.com/consumer/cn/doc/harmonyos-releases/changelogs-for-all-apps-7001/#ch2026010615012"",""ArkUI接口新增仅支持Stage模型的约束"")",entry\src\main\ets\components\settings\SettingsPage.ets:402,未修复,接口定义变更
declare class CommonMethod<T>,ArkTS,7.0.0(26) Beta1,ALL,"=HYPERLINK(""https://developer.huawei.com/consumer/cn/doc/harmonyos-releases/changelogs-for-all-apps-7001/#ch2026010615012"",""ArkUI接口新增仅支持Stage模型的约束"")",entry\src\main\ets\components\settings\SettingsPage.ets:407,未修复,接口定义变更
declare class CommonMethod<T>,ArkTS,7.0.0(26) Beta1,ALL,"=HYPERLINK(""https://developer.huawei.com/consumer/cn/doc/harmonyos-releases/changelogs-for-all-apps-7001/#ch2026010615012"",""ArkUI接口新增仅支持Stage模型的约束"")",entry\src\main\ets\components\settings\SettingsPage.ets:408,未修复,接口定义变更
declare class CommonMethod<T>,ArkTS,7.0.0(26) Beta1,ALL,"=HYPERLINK(""https://developer.huawei.com/consumer/cn/doc/harmonyos-releases/changelogs-for-all-apps-7001/#ch2026010615012"",""ArkUI接口新增仅支持Stage模型的约束"")",entry\src\main\ets\components\settings\SettingsPage.ets:452,未修复,接口定义变更
declare class CommonMethod<T>,ArkTS,7.0.0(26) Beta1,ALL,"=HYPERLINK(""https://developer.huawei.com/consumer/cn/doc/harmonyos-releases/changelogs-for-all-apps-7001/#ch2026010615012"",""ArkUI接口新增仅支持Stage模型的约束"")",entry\src\main\ets\components\settings\SettingsPage.ets:453,未修复,接口定义变更
declare class CommonMethod<T>,ArkTS,7.0.0(26) Beta1,ALL,"=HYPERLINK(""https://developer.huawei.com/consumer/cn/doc/harmonyos-releases/changelogs-for-all-apps-7001/#ch2026010615012"",""ArkUI接口新增仅支持Stage模型的约束"")",entry\src\main\ets\components\settings\SettingsPage.ets:457,未修复,接口定义变更
declare class CommonMethod<T>,ArkTS,7.0.0(26) Beta1,ALL,"=HYPERLINK(""https://developer.huawei.com/consumer/cn/doc/harmonyos-releases/changelogs-for-all-apps-7001/#ch2026010615012"",""ArkUI接口新增仅支持Stage模型的约束"")",entry\src\main\ets\components\settings\SettingsPage.ets:459,未修复,接口定义变更
declare class CommonMethod<T>,ArkTS,7.0.0(26) Beta1,ALL,"=HYPERLINK(""https://developer.huawei.com/consumer/cn/doc/harmonyos-releases/changelogs-for-all-apps-7001/#ch2026010615012"",""ArkUI接口新增仅支持Stage模型的约束"")",entry\src\main\ets\components\settings\SettingsPage.ets:460,未修复,接口定义变更
declare class CommonMethod<T>,ArkTS,7.0.0(26) Beta1,ALL,"=HYPERLINK(""https://developer.huawei.com/consumer/cn/doc/harmonyos-releases/changelogs-for-all-apps-7001/#ch2026010615012"",""ArkUI接口新增仅支持Stage模型的约束"")",entry\src\main\ets\components\settings\SettingsPage.ets:463,未修复,接口定义变更
declare class CommonMethod<T>,ArkTS,7.0.0(26) Beta1,ALL,"=HYPERLINK(""https://developer.huawei.com/consumer/cn/doc/harmonyos-releases/changelogs-for-all-apps-7001/#ch2026010615012"",""ArkUI接口新增仅支持Stage模型的约束"")",entry\src\main\ets\components\settings\SettingsPage.ets:464,未修复,接口定义变更
declare class CommonMethod<T>,ArkTS,7.0.0(26) Beta1,ALL,"=HYPERLINK(""https://developer.huawei.com/consumer/cn/doc/harmonyos-releases/changelogs-for-all-apps-7001/#ch2026010615012"",""ArkUI接口新增仅支持Stage模型的约束"")",entry\src\main\ets\components\settings\SettingsPage.ets:467,未修复,接口定义变更
declare class CommonMethod<T>,ArkTS,7.0.0(26) Beta1,ALL,"=HYPERLINK(""https://developer.huawei.com/consumer/cn/doc/harmonyos-releases/changelogs-for-all-apps-7001/#ch2026010615012"",""ArkUI接口新增仅支持Stage模型的约束"")",entry\src\main\ets\components\settings\SettingsPage.ets:468,未修复,接口定义变更
declare class CommonMethod<T>,ArkTS,7.0.0(26) Beta1,ALL,"=HYPERLINK(""https://developer.huawei.com/consumer/cn/doc/harmonyos-releases/changelogs-for-all-apps-7001/#ch2026010615012"",""ArkUI接口新增仅支持Stage模型的约束"")",entry\src\main\ets\components\settings\SettingsPage.ets:469,未修复,接口定义变更
declare class CommonMethod<T>,ArkTS,7.0.0(26) Beta1,ALL,"=HYPERLINK(""https://developer.huawei.com/consumer/cn/doc/harmonyos-releases/changelogs-for-all-apps-7001/#ch2026010615012"",""ArkUI接口新增仅支持Stage模型的约束"")",entry\src\main\ets\components\settings\SettingsPage.ets:472,未修复,接口定义变更
declare class CommonMethod<T>,ArkTS,7.0.0(26) Beta1,ALL,"=HYPERLINK(""https://developer.huawei.com/consumer/cn/doc/harmonyos-releases/changelogs-for-all-apps-7001/#ch2026010615012"",""ArkUI接口新增仅支持Stage模型的约束"")",entry\src\main\ets\components\settings\SettingsPage.ets:473,未修复,接口定义变更
declare class CommonMethod<T>,ArkTS,7.0.0(26) Beta1,ALL,"=HYPERLINK(""https://developer.huawei.com/consumer/cn/doc/harmonyos-releases/changelogs-for-all-apps-7001/#ch2026010615012"",""ArkUI接口新增仅支持Stage模型的约束"")",entry\src\main\ets\components\settings\SettingsPage.ets:487,未修复,接口定义变更
declare class CommonMethod<T>,ArkTS,7.0.0(26) Beta1,ALL,"=HYPERLINK(""https://developer.huawei.com/consumer/cn/doc/harmonyos-releases/changelogs-for-all-apps-7001/#ch2026010615012"",""ArkUI接口新增仅支持Stage模型的约束"")",entry\src\main\ets\components\settings\SettingsPage.ets:488,未修复,接口定义变更
declare class CommonMethod<T>,ArkTS,7.0.0(26) Beta1,ALL,"=HYPERLINK(""https://developer.huawei.com/consumer/cn/doc/harmonyos-releases/changelogs-for-all-apps-7001/#ch2026010615012"",""ArkUI接口新增仅支持Stage模型的约束"")",entry\src\main\ets\components\settings\SettingsPage.ets:496,未修复,接口定义变更
declare class CommonMethod<T>,ArkTS,7.0.0(26) Beta1,ALL,"=HYPERLINK(""https://developer.huawei.com/consumer/cn/doc/harmonyos-releases/changelogs-for-all-apps-7001/#ch2026010615012"",""ArkUI接口新增仅支持Stage模型的约束"")",entry\src\main\ets\components\settings\SettingsPage.ets:497,未修复,接口定义变更
declare class CommonMethod<T>,ArkTS,7.0.0(26) Beta1,ALL,"=HYPERLINK(""https://developer.huawei.com/consumer/cn/doc/harmonyos-releases/changelogs-for-all-apps-7001/#ch2026010615012"",""ArkUI接口新增仅支持Stage模型的约束"")",entry\src\main\ets\components\settings\SettingsPage.ets:506,未修复,接口定义变更
declare class CommonMethod<T>,ArkTS,7.0.0(26) Beta1,ALL,"=HYPERLINK(""https://developer.huawei.com/consumer/cn/doc/harmonyos-releases/changelogs-for-all-apps-7001/#ch2026010615012"",""ArkUI接口新增仅支持Stage模型的约束"")",entry\src\main\ets\components\settings\SettingsPage.ets:513,未修复,接口定义变更
declare class CommonMethod<T>,ArkTS,7.0.0(26) Beta1,ALL,"=HYPERLINK(""https://developer.huawei.com/consumer/cn/doc/harmonyos-releases/changelogs-for-all-apps-7001/#ch2026010615012"",""ArkUI接口新增仅支持Stage模型的约束"")",entry\src\main\ets\components\settings\SettingsPage.ets:514,未修复,接口定义变更
declare class CommonMethod<T>,ArkTS,7.0.0(26) Beta1,ALL,"=HYPERLINK(""https://developer.huawei.com/consumer/cn/doc/harmonyos-releases/changelogs-for-all-apps-7001/#ch2026010615012"",""ArkUI接口新增仅支持Stage模型的约束"")",entry\src\main\ets\components\settings\SettingsPage.ets:523,未修复,接口定义变更
declare class CommonMethod<T>,ArkTS,7.0.0(26) Beta1,ALL,"=HYPERLINK(""https://developer.huawei.com/consumer/cn/doc/harmonyos-releases/changelogs-for-all-apps-7001/#ch2026010615012"",""ArkUI接口新增仅支持Stage模型的约束"")",entry\src\main\ets\components\settings\SettingsPage.ets:530,未修复,接口定义变更
declare class CommonMethod<T>,ArkTS,7.0.0(26) Beta1,ALL,"=HYPERLINK(""https://developer.huawei.com/consumer/cn/doc/harmonyos-releases/changelogs-for-all-apps-7001/#ch2026010615012"",""ArkUI接口新增仅支持Stage模型的约束"")",entry\src\main\ets\components\settings\SettingsPage.ets:531,未修复,接口定义变更
declare class CommonMethod<T>,ArkTS,7.0.0(26) Beta1,ALL,"=HYPERLINK(""https://developer.huawei.com/consumer/cn/doc/harmonyos-releases/changelogs-for-all-apps-7001/#ch2026010615012"",""ArkUI接口新增仅支持Stage模型的约束"")",entry\src\main\ets\components\settings\SettingsPage.ets:533,未修复,接口定义变更
declare class CommonMethod<T>,ArkTS,7.0.0(26) Beta1,ALL,"=HYPERLINK(""https://developer.huawei.com/consumer/cn/doc/harmonyos-releases/changelogs-for-all-apps-7001/#ch2026010615012"",""ArkUI接口新增仅支持Stage模型的约束"")",entry\src\main\ets\components\settings\SettingsPage.ets:534,未修复,接口定义变更
declare class CommonMethod<T>,ArkTS,7.0.0(26) Beta1,ALL,"=HYPERLINK(""https://developer.huawei.com/consumer/cn/doc/harmonyos-releases/changelogs-for-all-apps-7001/#ch2026010615012"",""ArkUI接口新增仅支持Stage模型的约束"")",entry\src\main\ets\components\settings\SettingsPage.ets:544,未修复,接口定义变更
declare class CommonMethod<T>,ArkTS,7.0.0(26) Beta1,ALL,"=HYPERLINK(""https://developer.huawei.com/consumer/cn/doc/harmonyos-releases/changelogs-for-all-apps-7001/#ch2026010615012"",""ArkUI接口新增仅支持Stage模型的约束"")",entry\src\main\ets\components\settings\SettingsPage.ets:547,未修复,接口定义变更
declare class CommonMethod<T>,ArkTS,7.0.0(26) Beta1,ALL,"=HYPERLINK(""https://developer.huawei.com/consumer/cn/doc/harmonyos-releases/changelogs-for-all-apps-7001/#ch2026010615012"",""ArkUI接口新增仅支持Stage模型的约束"")",entry\src\main\ets\components\settings\SettingsPage.ets:548,未修复,接口定义变更
declare class CommonMethod<T>,ArkTS,7.0.0(26) Beta1,ALL,"=HYPERLINK(""https://developer.huawei.com/consumer/cn/doc/harmonyos-releases/changelogs-for-all-apps-7001/#ch2026010615012"",""ArkUI接口新增仅支持Stage模型的约束"")",entry\src\main\ets\components\settings\SettingsPage.ets:549,未修复,接口定义变更
declare class CommonMethod<T>,ArkTS,7.0.0(26) Beta1,ALL,"=HYPERLINK(""https://developer.huawei.com/consumer/cn/doc/harmonyos-releases/changelogs-for-all-apps-7001/#ch2026010615012"",""ArkUI接口新增仅支持Stage模型的约束"")",entry\src\main\ets\components\settings\SettingsPage.ets:567,未修复,接口定义变更
declare class CommonMethod<T>,ArkTS,7.0.0(26) Beta1,ALL,"=HYPERLINK(""https://developer.huawei.com/consumer/cn/doc/harmonyos-releases/changelogs-for-all-apps-7001/#ch2026010615012"",""ArkUI接口新增仅支持Stage模型的约束"")",entry\src\main\ets\components\settings\SettingsPage.ets:582,未修复,接口定义变更
declare class CommonMethod<T>,ArkTS,7.0.0(26) Beta1,ALL,"=HYPERLINK(""https://developer.huawei.com/consumer/cn/doc/harmonyos-releases/changelogs-for-all-apps-7001/#ch2026010615012"",""ArkUI接口新增仅支持Stage模型的约束"")",entry\src\main\ets\components\settings\SettingsPage.ets:583,未修复,接口定义变更
declare class CommonMethod<T>,ArkTS,7.0.0(26) Beta1,ALL,"=HYPERLINK(""https://developer.huawei.com/consumer/cn/doc/harmonyos-releases/changelogs-for-all-apps-7001/#ch2026010615012"",""ArkUI接口新增仅支持Stage模型的约束"")",entry\src\main\ets\components\settings\SettingsPage.ets:595,未修复,接口定义变更
declare class CommonMethod<T>,ArkTS,7.0.0(26) Beta1,ALL,"=HYPERLINK(""https://developer.huawei.com/consumer/cn/doc/harmonyos-releases/changelogs-for-all-apps-7001/#ch2026010615012"",""ArkUI接口新增仅支持Stage模型的约束"")",entry\src\main\ets\components\settings\SettingsPage.ets:600,未修复,接口定义变更
declare class CommonMethod<T>,ArkTS,7.0.0(26) Beta1,ALL,"=HYPERLINK(""https://developer.huawei.com/consumer/cn/doc/harmonyos-releases/changelogs-for-all-apps-7001/#ch2026010615012"",""ArkUI接口新增仅支持Stage模型的约束"")",entry\src\main\ets\components\settings\SettingsPage.ets:601,未修复,接口定义变更
declare class CommonMethod<T>,ArkTS,7.0.0(26) Beta1,ALL,"=HYPERLINK(""https://developer.huawei.com/consumer/cn/doc/harmonyos-releases/changelogs-for-all-apps-7001/#ch2026010615012"",""ArkUI接口新增仅支持Stage模型的约束"")",entry\src\main\ets\components\settings\SettingsPage.ets:602,未修复,接口定义变更
declare class CommonMethod<T>,ArkTS,7.0.0(26) Beta1,ALL,"=HYPERLINK(""https://developer.huawei.com/consumer/cn/doc/harmonyos-releases/changelogs-for-all-apps-7001/#ch2026010615012"",""ArkUI接口新增仅支持Stage模型的约束"")",entry\src\main\ets\components\settings\SettingsPage.ets:603,未修复,接口定义变更
declare class CommonMethod<T>,ArkTS,7.0.0(26) Beta1,ALL,"=HYPERLINK(""https://developer.huawei.com/consumer/cn/doc/harmonyos-releases/changelogs-for-all-apps-7001/#ch2026010615012"",""ArkUI接口新增仅支持Stage模型的约束"")",entry\src\main\ets\components\settings\SettingsPage.ets:604,未修复,接口定义变更
declare class CommonMethod<T>,ArkTS,7.0.0(26) Beta1,ALL,"=HYPERLINK(""https://developer.huawei.com/consumer/cn/doc/harmonyos-releases/changelogs-for-all-apps-7001/#ch2026010615012"",""ArkUI接口新增仅支持Stage模型的约束"")",entry\src\main\ets\components\settings\SettingsPage.ets:605,未修复,接口定义变更
declare class CommonMethod<T>,ArkTS,7.0.0(26) Beta1,ALL,"=HYPERLINK(""https://developer.huawei.com/consumer/cn/doc/harmonyos-releases/changelogs-for-all-apps-7001/#ch2026010615012"",""ArkUI接口新增仅支持Stage模型的约束"")",entry\src\main\ets\components\settings\SettingsPage.ets:619,未修复,接口定义变更
declare class CommonMethod<T>,ArkTS,7.0.0(26) Beta1,ALL,"=HYPERLINK(""https://developer.huawei.com/consumer/cn/doc/harmonyos-releases/changelogs-for-all-apps-7001/#ch2026010615012"",""ArkUI接口新增仅支持Stage模型的约束"")",entry\src\main\ets\components\settings\SettingsPage.ets:624,未修复,接口定义变更
declare class CommonMethod<T>,ArkTS,7.0.0(26) Beta1,ALL,"=HYPERLINK(""https://developer.huawei.com/consumer/cn/doc/harmonyos-releases/changelogs-for-all-apps-7001/#ch2026010615012"",""ArkUI接口新增仅支持Stage模型的约束"")",entry\src\main\ets\components\settings\SettingsPage.ets:625,未修复,接口定义变更
declare class CommonMethod<T>,ArkTS,7.0.0(26) Beta1,ALL,"=HYPERLINK(""https://developer.huawei.com/consumer/cn/doc/harmonyos-releases/changelogs-for-all-apps-7001/#ch2026010615012"",""ArkUI接口新增仅支持Stage模型的约束"")",entry\src\main\ets\components\settings\SettingsPage.ets:626,未修复,接口定义变更
declare class CommonMethod<T>,ArkTS,7.0.0(26) Beta1,ALL,"=HYPERLINK(""https://developer.huawei.com/consumer/cn/doc/harmonyos-releases/changelogs-for-all-apps-7001/#ch2026010615012"",""ArkUI接口新增仅支持Stage模型的约束"")",entry\src\main\ets\components\settings\SettingsPage.ets:627,未修复,接口定义变更
declare class CommonMethod<T>,ArkTS,7.0.0(26) Beta1,ALL,"=HYPERLINK(""https://developer.huawei.com/consumer/cn/doc/harmonyos-releases/changelogs-for-all-apps-7001/#ch2026010615012"",""ArkUI接口新增仅支持Stage模型的约束"")",entry\src\main\ets\components\settings\SettingsPage.ets:628,未修复,接口定义变更
declare class CommonMethod<T>,ArkTS,7.0.0(26) Beta1,ALL,"=HYPERLINK(""https://developer.huawei.com/consumer/cn/doc/harmonyos-releases/changelogs-for-all-apps-7001/#ch2026010615012"",""ArkUI接口新增仅支持Stage模型的约束"")",entry\src\main\ets\components\settings\SettingsPage.ets:629,未修复,接口定义变更
declare class CommonMethod<T>,ArkTS,7.0.0(26) Beta1,ALL,"=HYPERLINK(""https://developer.huawei.com/consumer/cn/doc/harmonyos-releases/changelogs-for-all-apps-7001/#ch2026010615012"",""ArkUI接口新增仅支持Stage模型的约束"")",entry\src\main\ets\components\settings\ShortcutSettings.ets:321,未修复,接口定义变更
declare class CommonMethod<T>,ArkTS,7.0.0(26) Beta1,ALL,"=HYPERLINK(""https://developer.huawei.com/consumer/cn/doc/harmonyos-releases/changelogs-for-all-apps-7001/#ch2026010615012"",""ArkUI接口新增仅支持Stage模型的约束"")",entry\src\main\ets\components\settings\ShortcutSettings.ets:322,未修复,接口定义变更
declare class CommonMethod<T>,ArkTS,7.0.0(26) Beta1,ALL,"=HYPERLINK(""https://developer.huawei.com/consumer/cn/doc/harmonyos-releases/changelogs-for-all-apps-7001/#ch2026010615012"",""ArkUI接口新增仅支持Stage模型的约束"")",entry\src\main\ets\components\settings\ShortcutSettings.ets:330,未修复,接口定义变更
declare class CommonMethod<T>,ArkTS,7.0.0(26) Beta1,ALL,"=HYPERLINK(""https://developer.huawei.com/consumer/cn/doc/harmonyos-releases/changelogs-for-all-apps-7001/#ch2026010615012"",""ArkUI接口新增仅支持Stage模型的约束"")",entry\src\main\ets\components\settings\ShortcutSettings.ets:332,未修复,接口定义变更
declare class CommonMethod<T>,ArkTS,7.0.0(26) Beta1,ALL,"=HYPERLINK(""https://developer.huawei.com/consumer/cn/doc/harmonyos-releases/changelogs-for-all-apps-7001/#ch2026010615012"",""ArkUI接口新增仅支持Stage模型的约束"")",entry\src\main\ets\components\settings\ShortcutSettings.ets:333,未修复,接口定义变更
declare class CommonMethod<T>,ArkTS,7.0.0(26) Beta1,ALL,"=HYPERLINK(""https://developer.huawei.com/consumer/cn/doc/harmonyos-releases/changelogs-for-all-apps-7001/#ch2026010615012"",""ArkUI接口新增仅支持Stage模型的约束"")",entry\src\main\ets\components\settings\ShortcutSettings.ets:337,未修复,接口定义变更
declare class CommonMethod<T>,ArkTS,7.0.0(26) Beta1,ALL,"=HYPERLINK(""https://developer.huawei.com/consumer/cn/doc/harmonyos-releases/changelogs-for-all-apps-7001/#ch2026010615012"",""ArkUI接口新增仅支持Stage模型的约束"")",entry\src\main\ets\components\settings\ShortcutSettings.ets:338,未修复,接口定义变更
declare class CommonMethod<T>,ArkTS,7.0.0(26) Beta1,ALL,"=HYPERLINK(""https://developer.huawei.com/consumer/cn/doc/harmonyos-releases/changelogs-for-all-apps-7001/#ch2026010615012"",""ArkUI接口新增仅支持Stage模型的约束"")",entry\src\main\ets\components\settings\ShortcutSettings.ets:339,未修复,接口定义变更
declare class CommonMethod<T>,ArkTS,7.0.0(26) Beta1,ALL,"=HYPERLINK(""https://developer.huawei.com/consumer/cn/doc/harmonyos-releases/changelogs-for-all-apps-7001/#ch2026010615012"",""ArkUI接口新增仅支持Stage模型的约束"")",entry\src\main\ets\components\settings\ShortcutSettings.ets:340,未修复,接口定义变更
declare class CommonMethod<T>,ArkTS,7.0.0(26) Beta1,ALL,"=HYPERLINK(""https://developer.huawei.com/consumer/cn/doc/harmonyos-releases/changelogs-for-all-apps-7001/#ch2026010615012"",""ArkUI接口新增仅支持Stage模型的约束"")",entry\src\main\ets\components\settings\ShortcutSettings.ets:343,未修复,接口定义变更
declare class CommonMethod<T>,ArkTS,7.0.0(26) Beta1,ALL,"=HYPERLINK(""https://developer.huawei.com/consumer/cn/doc/harmonyos-releases/changelogs-for-all-apps-7001/#ch2026010615012"",""ArkUI接口新增仅支持Stage模型的约束"")",entry\src\main\ets\components\settings\ShortcutSettings.ets:344,未修复,接口定义变更
declare class CommonMethod<T>,ArkTS,7.0.0(26) Beta1,ALL,"=HYPERLINK(""https://developer.huawei.com/consumer/cn/doc/harmonyos-releases/changelogs-for-all-apps-7001/#ch2026010615012"",""ArkUI接口新增仅支持Stage模型的约束"")",entry\src\main\ets\components\settings\ShortcutSettings.ets:356,未修复,接口定义变更
declare class CommonMethod<T>,ArkTS,7.0.0(26) Beta1,ALL,"=HYPERLINK(""https://developer.huawei.com/consumer/cn/doc/harmonyos-releases/changelogs-for-all-apps-7001/#ch2026010615012"",""ArkUI接口新增仅支持Stage模型的约束"")",entry\src\main\ets\components\settings\ShortcutSettings.ets:358,未修复,接口定义变更
declare class CommonMethod<T>,ArkTS,7.0.0(26) Beta1,ALL,"=HYPERLINK(""https://developer.huawei.com/consumer/cn/doc/harmonyos-releases/changelogs-for-all-apps-7001/#ch2026010615012"",""ArkUI接口新增仅支持Stage模型的约束"")",entry\src\main\ets\components\settings\ShortcutSettings.ets:359,未修复,接口定义变更
declare class CommonMethod<T>,ArkTS,7.0.0(26) Beta1,ALL,"=HYPERLINK(""https://developer.huawei.com/consumer/cn/doc/harmonyos-releases/changelogs-for-all-apps-7001/#ch2026010615012"",""ArkUI接口新增仅支持Stage模型的约束"")",entry\src\main\ets\components\settings\ShortcutSettings.ets:372,未修复,接口定义变更
declare class CommonMethod<T>,ArkTS,7.0.0(26) Beta1,ALL,"=HYPERLINK(""https://developer.huawei.com/consumer/cn/doc/harmonyos-releases/changelogs-for-all-apps-7001/#ch2026010615012"",""ArkUI接口新增仅支持Stage模型的约束"")",entry\src\main\ets\components\settings\ShortcutSettings.ets:379,未修复,接口定义变更
declare class CommonMethod<T>,ArkTS,7.0.0(26) Beta1,ALL,"=HYPERLINK(""https://developer.huawei.com/consumer/cn/doc/harmonyos-releases/changelogs-for-all-apps-7001/#ch2026010615012"",""ArkUI接口新增仅支持Stage模型的约束"")",entry\src\main\ets\components\settings\ShortcutSettings.ets:383,未修复,接口定义变更
declare class CommonMethod<T>,ArkTS,7.0.0(26) Beta1,ALL,"=HYPERLINK(""https://developer.huawei.com/consumer/cn/doc/harmonyos-releases/changelogs-for-all-apps-7001/#ch2026010615012"",""ArkUI接口新增仅支持Stage模型的约束"")",entry\src\main\ets\components\settings\ShortcutSettings.ets:385,未修复,接口定义变更
declare class CommonMethod<T>,ArkTS,7.0.0(26) Beta1,ALL,"=HYPERLINK(""https://developer.huawei.com/consumer/cn/doc/harmonyos-releases/changelogs-for-all-apps-7001/#ch2026010615012"",""ArkUI接口新增仅支持Stage模型的约束"")",entry\src\main\ets\components\settings\ShortcutSettings.ets:386,未修复,接口定义变更
declare class CommonMethod<T>,ArkTS,7.0.0(26) Beta1,ALL,"=HYPERLINK(""https://developer.huawei.com/consumer/cn/doc/harmonyos-releases/changelogs-for-all-apps-7001/#ch2026010615012"",""ArkUI接口新增仅支持Stage模型的约束"")",entry\src\main\ets\components\settings\ShortcutSettings.ets:389,未修复,接口定义变更
declare class CommonMethod<T>,ArkTS,7.0.0(26) Beta1,ALL,"=HYPERLINK(""https://developer.huawei.com/consumer/cn/doc/harmonyos-releases/changelogs-for-all-apps-7001/#ch2026010615012"",""ArkUI接口新增仅支持Stage模型的约束"")",entry\src\main\ets\components\settings\ShortcutSettings.ets:390,未修复,接口定义变更
declare class CommonMethod<T>,ArkTS,7.0.0(26) Beta1,ALL,"=HYPERLINK(""https://developer.huawei.com/consumer/cn/doc/harmonyos-releases/changelogs-for-all-apps-7001/#ch2026010615012"",""ArkUI接口新增仅支持Stage模型的约束"")",entry\src\main\ets\components\settings\ShortcutSettings.ets:391,未修复,接口定义变更
declare class CommonMethod<T>,ArkTS,7.0.0(26) Beta1,ALL,"=HYPERLINK(""https://developer.huawei.com/consumer/cn/doc/harmonyos-releases/changelogs-for-all-apps-7001/#ch2026010615012"",""ArkUI接口新增仅支持Stage模型的约束"")",entry\src\main\ets\components\settings\ShortcutSettings.ets:392,未修复,接口定义变更
declare class CommonMethod<T>,ArkTS,7.0.0(26) Beta1,ALL,"=HYPERLINK(""https://developer.huawei.com/consumer/cn/doc/harmonyos-releases/changelogs-for-all-apps-7001/#ch2026010615012"",""ArkUI接口新增仅支持Stage模型的约束"")",entry\src\main\ets\components\settings\ShortcutSettings.ets:393,未修复,接口定义变更
declare class CommonMethod<T>,ArkTS,7.0.0(26) Beta1,ALL,"=HYPERLINK(""https://developer.huawei.com/consumer/cn/doc/harmonyos-releases/changelogs-for-all-apps-7001/#ch2026010615012"",""ArkUI接口新增仅支持Stage模型的约束"")",entry\src\main\ets\components\settings\ShortcutSettings.ets:394,未修复,接口定义变更
declare class CommonMethod<T>,ArkTS,7.0.0(26) Beta1,ALL,"=HYPERLINK(""https://developer.huawei.com/consumer/cn/doc/harmonyos-releases/changelogs-for-all-apps-7001/#ch2026010615012"",""ArkUI接口新增仅支持Stage模型的约束"")",entry\src\main\ets\components\settings\ShortcutSettings.ets:403,未修复,接口定义变更
declare class CommonMethod<T>,ArkTS,7.0.0(26) Beta1,ALL,"=HYPERLINK(""https://developer.huawei.com/consumer/cn/doc/harmonyos-releases/changelogs-for-all-apps-7001/#ch2026010615012"",""ArkUI接口新增仅支持Stage模型的约束"")",entry\src\main\ets\components\settings\ShortcutSettings.ets:407,未修复,接口定义变更
declare class CommonMethod<T>,ArkTS,7.0.0(26) Beta1,ALL,"=HYPERLINK(""https://developer.huawei.com/consumer/cn/doc/harmonyos-releases/changelogs-for-all-apps-7001/#ch2026010615012"",""ArkUI接口新增仅支持Stage模型的约束"")",entry\src\main\ets\components\settings\ShortcutSettings.ets:408,未修复,接口定义变更
declare class CommonMethod<T>,ArkTS,7.0.0(26) Beta1,ALL,"=HYPERLINK(""https://developer.huawei.com/consumer/cn/doc/harmonyos-releases/changelogs-for-all-apps-7001/#ch2026010615012"",""ArkUI接口新增仅支持Stage模型的约束"")",entry\src\main\ets\components\settings\ShortcutSettings.ets:409,未修复,接口定义变更
declare class CommonMethod<T>,ArkTS,7.0.0(26) Beta1,ALL,"=HYPERLINK(""https://developer.huawei.com/consumer/cn/doc/harmonyos-releases/changelogs-for-all-apps-7001/#ch2026010615012"",""ArkUI接口新增仅支持Stage模型的约束"")",entry\src\main\ets\components\settings\ShortcutSettings.ets:410,未修复,接口定义变更
declare class CommonMethod<T>,ArkTS,7.0.0(26) Beta1,ALL,"=HYPERLINK(""https://developer.huawei.com/consumer/cn/doc/harmonyos-releases/changelogs-for-all-apps-7001/#ch2026010615012"",""ArkUI接口新增仅支持Stage模型的约束"")",entry\src\main\ets\components\settings\ShortcutSettings.ets:414,未修复,接口定义变更
declare class CommonMethod<T>,ArkTS,7.0.0(26) Beta1,ALL,"=HYPERLINK(""https://developer.huawei.com/consumer/cn/doc/harmonyos-releases/changelogs-for-all-apps-7001/#ch2026010615012"",""ArkUI接口新增仅支持Stage模型的约束"")",entry\src\main\ets\components\settings\ShortcutSettings.ets:415,未修复,接口定义变更
declare class CommonMethod<T>,ArkTS,7.0.0(26) Beta1,ALL,"=HYPERLINK(""https://developer.huawei.com/consumer/cn/doc/harmonyos-releases/changelogs-for-all-apps-7001/#ch2026010615012"",""ArkUI接口新增仅支持Stage模型的约束"")",entry\src\main\ets\components\settings\ShortcutSettings.ets:417,未修复,接口定义变更
declare class CommonMethod<T>,ArkTS,7.0.0(26) Beta1,ALL,"=HYPERLINK(""https://developer.huawei.com/consumer/cn/doc/harmonyos-releases/changelogs-for-all-apps-7001/#ch2026010615012"",""ArkUI接口新增仅支持Stage模型的约束"")",entry\src\main\ets\components\settings\ShortcutSettings.ets:418,未修复,接口定义变更
declare class CommonMethod<T>,ArkTS,7.0.0(26) Beta1,ALL,"=HYPERLINK(""https://developer.huawei.com/consumer/cn/doc/harmonyos-releases/changelogs-for-all-apps-7001/#ch2026010615012"",""ArkUI接口新增仅支持Stage模型的约束"")",entry\src\main\ets\components\settings\ShortcutSettings.ets:419,未修复,接口定义变更
declare class CommonMethod<T>,ArkTS,7.0.0(26) Beta1,ALL,"=HYPERLINK(""https://developer.huawei.com/consumer/cn/doc/harmonyos-releases/changelogs-for-all-apps-7001/#ch2026010615012"",""ArkUI接口新增仅支持Stage模型的约束"")",entry\src\main\ets\components\settings\ShortcutSettings.ets:420,未修复,接口定义变更
declare class CommonMethod<T>,ArkTS,7.0.0(26) Beta1,ALL,"=HYPERLINK(""https://developer.huawei.com/consumer/cn/doc/harmonyos-releases/changelogs-for-all-apps-7001/#ch2026010615012"",""ArkUI接口新增仅支持Stage模型的约束"")",entry\src\main\ets\components\settings\ShortcutSettings.ets:421,未修复,接口定义变更
declare class CommonMethod<T>,ArkTS,7.0.0(26) Beta1,ALL,"=HYPERLINK(""https://developer.huawei.com/consumer/cn/doc/harmonyos-releases/changelogs-for-all-apps-7001/#ch2026010615012"",""ArkUI接口新增仅支持Stage模型的约束"")",entry\src\main\ets\components\settings\ShortcutSettings.ets:440,未修复,接口定义变更
declare class CommonMethod<T>,ArkTS,7.0.0(26) Beta1,ALL,"=HYPERLINK(""https://developer.huawei.com/consumer/cn/doc/harmonyos-releases/changelogs-for-all-apps-7001/#ch2026010615012"",""ArkUI接口新增仅支持Stage模型的约束"")",entry\src\main\ets\components\settings\ShortcutSettings.ets:446,未修复,接口定义变更
declare class CommonMethod<T>,ArkTS,7.0.0(26) Beta1,ALL,"=HYPERLINK(""https://developer.huawei.com/consumer/cn/doc/harmonyos-releases/changelogs-for-all-apps-7001/#ch2026010615012"",""ArkUI接口新增仅支持Stage模型的约束"")",entry\src\main\ets\components\settings\ShortcutSettings.ets:447,未修复,接口定义变更
declare class CommonMethod<T>,ArkTS,7.0.0(26) Beta1,ALL,"=HYPERLINK(""https://developer.huawei.com/consumer/cn/doc/harmonyos-releases/changelogs-for-all-apps-7001/#ch2026010615012"",""ArkUI接口新增仅支持Stage模型的约束"")",entry\src\main\ets\components\settings\ShortcutSettings.ets:448,未修复,接口定义变更
declare class CommonMethod<T>,ArkTS,7.0.0(26) Beta1,ALL,"=HYPERLINK(""https://developer.huawei.com/consumer/cn/doc/harmonyos-releases/changelogs-for-all-apps-7001/#ch2026010615012"",""ArkUI接口新增仅支持Stage模型的约束"")",entry\src\main\ets\components\settings\ShortcutSettings.ets:457,未修复,接口定义变更
declare class CommonMethod<T>,ArkTS,7.0.0(26) Beta1,ALL,"=HYPERLINK(""https://developer.huawei.com/consumer/cn/doc/harmonyos-releases/changelogs-for-all-apps-7001/#ch2026010615012"",""ArkUI接口新增仅支持Stage模型的约束"")",entry\src\main\ets\components\settings\ShortcutSettings.ets:458,未修复,接口定义变更
declare class CommonMethod<T>,ArkTS,7.0.0(26) Beta1,ALL,"=HYPERLINK(""https://developer.huawei.com/consumer/cn/doc/harmonyos-releases/changelogs-for-all-apps-7001/#ch2026010615012"",""ArkUI接口新增仅支持Stage模型的约束"")",entry\src\main\ets\components\settings\ShortcutSettings.ets:459,未修复,接口定义变更
declare class CommonMethod<T>,ArkTS,7.0.0(26) Beta1,ALL,"=HYPERLINK(""https://developer.huawei.com/consumer/cn/doc/harmonyos-releases/changelogs-for-all-apps-7001/#ch2026010615012"",""ArkUI接口新增仅支持Stage模型的约束"")",entry\src\main\ets\components\settings\ShortcutSettings.ets:460,未修复,接口定义变更
declare class CommonMethod<T>,ArkTS,7.0.0(26) Beta1,ALL,"=HYPERLINK(""https://developer.huawei.com/consumer/cn/doc/harmonyos-releases/changelogs-for-all-apps-7001/#ch2026010615012"",""ArkUI接口新增仅支持Stage模型的约束"")",entry\src\main\ets\components\settings\ShortcutSettings.ets:465,未修复,接口定义变更
declare class CommonMethod<T>,ArkTS,7.0.0(26) Beta1,ALL,"=HYPERLINK(""https://developer.huawei.com/consumer/cn/doc/harmonyos-releases/changelogs-for-all-apps-7001/#ch2026010615012"",""ArkUI接口新增仅支持Stage模型的约束"")",entry\src\main\ets\components\settings\ShortcutSettings.ets:469,未修复,接口定义变更
declare class CommonMethod<T>,ArkTS,7.0.0(26) Beta1,ALL,"=HYPERLINK(""https://developer.huawei.com/consumer/cn/doc/harmonyos-releases/changelogs-for-all-apps-7001/#ch2026010615012"",""ArkUI接口新增仅支持Stage模型的约束"")",entry\src\main\ets\components\settings\ShortcutSettings.ets:470,未修复,接口定义变更
declare class CommonMethod<T>,ArkTS,7.0.0(26) Beta1,ALL,"=HYPERLINK(""https://developer.huawei.com/consumer/cn/doc/harmonyos-releases/changelogs-for-all-apps-7001/#ch2026010615012"",""ArkUI接口新增仅支持Stage模型的约束"")",entry\src\main\ets\components\settings\ShortcutSettings.ets:471,未修复,接口定义变更
declare class CommonMethod<T>,ArkTS,7.0.0(26) Beta1,ALL,"=HYPERLINK(""https://developer.huawei.com/consumer/cn/doc/harmonyos-releases/changelogs-for-all-apps-7001/#ch2026010615012"",""ArkUI接口新增仅支持Stage模型的约束"")",entry\src\main\ets\components\settings\ShortcutSettings.ets:472,未修复,接口定义变更
declare class CommonMethod<T>,ArkTS,7.0.0(26) Beta1,ALL,"=HYPERLINK(""https://developer.huawei.com/consumer/cn/doc/harmonyos-releases/changelogs-for-all-apps-7001/#ch2026010615012"",""ArkUI接口新增仅支持Stage模型的约束"")",entry\src\main\ets\components\settings\ShortcutSettings.ets:479,未修复,接口定义变更
declare class CommonMethod<T>,ArkTS,7.0.0(26) Beta1,ALL,"=HYPERLINK(""https://developer.huawei.com/consumer/cn/doc/harmonyos-releases/changelogs-for-all-apps-7001/#ch2026010615012"",""ArkUI接口新增仅支持Stage模型的约束"")",entry\src\main\ets\components\settings\ShortcutSettings.ets:482,未修复,接口定义变更
declare class CommonMethod<T>,ArkTS,7.0.0(26) Beta1,ALL,"=HYPERLINK(""https://developer.huawei.com/consumer/cn/doc/harmonyos-releases/changelogs-for-all-apps-7001/#ch2026010615012"",""ArkUI接口新增仅支持Stage模型的约束"")",entry\src\main\ets\components\sidebar\BacklinkFilters.ets:199,未修复,接口定义变更
declare class CommonMethod<T>,ArkTS,7.0.0(26) Beta1,ALL,"=HYPERLINK(""https://developer.huawei.com/consumer/cn/doc/harmonyos-releases/changelogs-for-all-apps-7001/#ch2026010615012"",""ArkUI接口新增仅支持Stage模型的约束"")",entry\src\main\ets\components\sidebar\BacklinkFilters.ets:200,未修复,接口定义变更
declare class CommonMethod<T>,ArkTS,7.0.0(26) Beta1,ALL,"=HYPERLINK(""https://developer.huawei.com/consumer/cn/doc/harmonyos-releases/changelogs-for-all-apps-7001/#ch2026010615012"",""ArkUI接口新增仅支持Stage模型的约束"")",entry\src\main\ets\components\sidebar\BacklinkFilters.ets:201,未修复,接口定义变更
declare class CommonMethod<T>,ArkTS,7.0.0(26) Beta1,ALL,"=HYPERLINK(""https://developer.huawei.com/consumer/cn/doc/harmonyos-releases/changelogs-for-all-apps-7001/#ch2026010615012"",""ArkUI接口新增仅支持Stage模型的约束"")",entry\src\main\ets\components\sidebar\BacklinkFilters.ets:202,未修复,接口定义变更
declare class CommonMethod<T>,ArkTS,7.0.0(26) Beta1,ALL,"=HYPERLINK(""https://developer.huawei.com/consumer/cn/doc/harmonyos-releases/changelogs-for-all-apps-7001/#ch2026010615012"",""ArkUI接口新增仅支持Stage模型的约束"")",entry\src\main\ets\components\sidebar\BacklinkFilters.ets:231,未修复,接口定义变更
declare class CommonMethod<T>,ArkTS,7.0.0(26) Beta1,ALL,"=HYPERLINK(""https://developer.huawei.com/consumer/cn/doc/harmonyos-releases/changelogs-for-all-apps-7001/#ch2026010615012"",""ArkUI接口新增仅支持Stage模型的约束"")",entry\src\main\ets\components\sidebar\BacklinkFilters.ets:232,未修复,接口定义变更
declare class CommonMethod<T>,ArkTS,7.0.0(26) Beta1,ALL,"=HYPERLINK(""https://developer.huawei.com/consumer/cn/doc/harmonyos-releases/changelogs-for-all-apps-7001/#ch2026010615012"",""ArkUI接口新增仅支持Stage模型的约束"")",entry\src\main\ets\components\sidebar\BacklinkFilters.ets:233,未修复,接口定义变更
declare class CommonMethod<T>,ArkTS,7.0.0(26) Beta1,ALL,"=HYPERLINK(""https://developer.huawei.com/consumer/cn/doc/harmonyos-releases/changelogs-for-all-apps-7001/#ch2026010615012"",""ArkUI接口新增仅支持Stage模型的约束"")",entry\src\main\ets\components\sidebar\BacklinkFilters.ets:234,未修复,接口定义变更
declare class CommonMethod<T>,ArkTS,7.0.0(26) Beta1,ALL,"=HYPERLINK(""https://developer.huawei.com/consumer/cn/doc/harmonyos-releases/changelogs-for-all-apps-7001/#ch2026010615012"",""ArkUI接口新增仅支持Stage模型的约束"")",entry\src\main\ets\components\sidebar\BacklinkFilters.ets:235,未修复,接口定义变更
declare class CommonMethod<T>,ArkTS,7.0.0(26) Beta1,ALL,"=HYPERLINK(""https://developer.huawei.com/consumer/cn/doc/harmonyos-releases/changelogs-for-all-apps-7001/#ch2026010615012"",""ArkUI接口新增仅支持Stage模型的约束"")",entry\src\main\ets\components\sidebar\BacklinkFilters.ets:239,未修复,接口定义变更
declare class CommonMethod<T>,ArkTS,7.0.0(26) Beta1,ALL,"=HYPERLINK(""https://developer.huawei.com/consumer/cn/doc/harmonyos-releases/changelogs-for-all-apps-7001/#ch2026010615012"",""ArkUI接口新增仅支持Stage模型的约束"")",entry\src\main\ets\components\sidebar\BacklinkFilters.ets:248,未修复,接口定义变更
declare class CommonMethod<T>,ArkTS,7.0.0(26) Beta1,ALL,"=HYPERLINK(""https://developer.huawei.com/consumer/cn/doc/harmonyos-releases/changelogs-for-all-apps-7001/#ch2026010615012"",""ArkUI接口新增仅支持Stage模型的约束"")",entry\src\main\ets\components\sidebar\BacklinkFilters.ets:253,未修复,接口定义变更
declare class CommonMethod<T>,ArkTS,7.0.0(26) Beta1,ALL,"=HYPERLINK(""https://developer.huawei.com/consumer/cn/doc/harmonyos-releases/changelogs-for-all-apps-7001/#ch2026010615012"",""ArkUI接口新增仅支持Stage模型的约束"")",entry\src\main\ets\components\sidebar\BacklinkFilters.ets:254,未修复,接口定义变更
declare class CommonMethod<T>,ArkTS,7.0.0(26) Beta1,ALL,"=HYPERLINK(""https://developer.huawei.com/consumer/cn/doc/harmonyos-releases/changelogs-for-all-apps-7001/#ch2026010615012"",""ArkUI接口新增仅支持Stage模型的约束"")",entry\src\main\ets\components\sidebar\BacklinkFilters.ets:269,未修复,接口定义变更
declare class CommonMethod<T>,ArkTS,7.0.0(26) Beta1,ALL,"=HYPERLINK(""https://developer.huawei.com/consumer/cn/doc/harmonyos-releases/changelogs-for-all-apps-7001/#ch2026010615012"",""ArkUI接口新增仅支持Stage模型的约束"")",entry\src\main\ets\components\sidebar\BacklinkFilters.ets:270,未修复,接口定义变更
declare class CommonMethod<T>,ArkTS,7.0.0(26) Beta1,ALL,"=HYPERLINK(""https://developer.huawei.com/consumer/cn/doc/harmonyos-releases/changelogs-for-all-apps-7001/#ch2026010615012"",""ArkUI接口新增仅支持Stage模型的约束"")",entry\src\main\ets\components\sidebar\BacklinkFilters.ets:278,未修复,接口定义变更
declare class CommonMethod<T>,ArkTS,7.0.0(26) Beta1,ALL,"=HYPERLINK(""https://developer.huawei.com/consumer/cn/doc/harmonyos-releases/changelogs-for-all-apps-7001/#ch2026010615012"",""ArkUI接口新增仅支持Stage模型的约束"")",entry\src\main\ets\components\sidebar\BacklinkFilters.ets:295,未修复,接口定义变更
declare class CommonMethod<T>,ArkTS,7.0.0(26) Beta1,ALL,"=HYPERLINK(""https://developer.huawei.com/consumer/cn/doc/harmonyos-releases/changelogs-for-all-apps-7001/#ch2026010615012"",""ArkUI接口新增仅支持Stage模型的约束"")",entry\src\main\ets\components\sidebar\BacklinkFilters.ets:299,未修复,接口定义变更
declare class CommonMethod<T>,ArkTS,7.0.0(26) Beta1,ALL,"=HYPERLINK(""https://developer.huawei.com/consumer/cn/doc/harmonyos-releases/changelogs-for-all-apps-7001/#ch2026010615012"",""ArkUI接口新增仅支持Stage模型的约束"")",entry\src\main\ets\components\sidebar\BacklinkFilters.ets:307,未修复,接口定义变更
declare class CommonMethod<T>,ArkTS,7.0.0(26) Beta1,ALL,"=HYPERLINK(""https://developer.huawei.com/consumer/cn/doc/harmonyos-releases/changelogs-for-all-apps-7001/#ch2026010615012"",""ArkUI接口新增仅支持Stage模型的约束"")",entry\src\main\ets\components\sidebar\BacklinkFilters.ets:316,未修复,接口定义变更
declare class CommonMethod<T>,ArkTS,7.0.0(26) Beta1,ALL,"=HYPERLINK(""https://developer.huawei.com/consumer/cn/doc/harmonyos-releases/changelogs-for-all-apps-7001/#ch2026010615012"",""ArkUI接口新增仅支持Stage模型的约束"")",entry\src\main\ets\components\sidebar\BacklinkFilters.ets:317,未修复,接口定义变更
declare class CommonMethod<T>,ArkTS,7.0.0(26) Beta1,ALL,"=HYPERLINK(""https://developer.huawei.com/consumer/cn/doc/harmonyos-releases/changelogs-for-all-apps-7001/#ch2026010615012"",""ArkUI接口新增仅支持Stage模型的约束"")",entry\src\main\ets\components\sidebar\BacklinkFilters.ets:318,未修复,接口定义变更
declare class CommonMethod<T>,ArkTS,7.0.0(26) Beta1,ALL,"=HYPERLINK(""https://developer.huawei.com/consumer/cn/doc/harmonyos-releases/changelogs-for-all-apps-7001/#ch2026010615012"",""ArkUI接口新增仅支持Stage模型的约束"")",entry\src\main\ets\components\sidebar\BacklinkFilters.ets:321,未修复,接口定义变更
declare class CommonMethod<T>,ArkTS,7.0.0(26) Beta1,ALL,"=HYPERLINK(""https://developer.huawei.com/consumer/cn/doc/harmonyos-releases/changelogs-for-all-apps-7001/#ch2026010615012"",""ArkUI接口新增仅支持Stage模型的约束"")",entry\src\main\ets\components\sidebar\BacklinkFilters.ets:324,未修复,接口定义变更
declare class CommonMethod<T>,ArkTS,7.0.0(26) Beta1,ALL,"=HYPERLINK(""https://developer.huawei.com/consumer/cn/doc/harmonyos-releases/changelogs-for-all-apps-7001/#ch2026010615012"",""ArkUI接口新增仅支持Stage模型的约束"")",entry\src\main\ets\components\sidebar\BacklinkFilters.ets:325,未修复,接口定义变更
declare class CommonMethod<T>,ArkTS,7.0.0(26) Beta1,ALL,"=HYPERLINK(""https://developer.huawei.com/consumer/cn/doc/harmonyos-releases/changelogs-for-all-apps-7001/#ch2026010615012"",""ArkUI接口新增仅支持Stage模型的约束"")",entry\src\main\ets\components\sidebar\BacklinkFilters.ets:326,未修复,接口定义变更
declare class CommonMethod<T>,ArkTS,7.0.0(26) Beta1,ALL,"=HYPERLINK(""https://developer.huawei.com/consumer/cn/doc/harmonyos-releases/changelogs-for-all-apps-7001/#ch2026010615012"",""ArkUI接口新增仅支持Stage模型的约束"")",entry\src\main\ets\components\sidebar\BacklinkFilters.ets:327,未修复,接口定义变更
declare class CommonMethod<T>,ArkTS,7.0.0(26) Beta1,ALL,"=HYPERLINK(""https://developer.huawei.com/consumer/cn/doc/harmonyos-releases/changelogs-for-all-apps-7001/#ch2026010615012"",""ArkUI接口新增仅支持Stage模型的约束"")",entry\src\main\ets\components\sidebar\BacklinkFilters.ets:328,未修复,接口定义变更
declare class CommonMethod<T>,ArkTS,7.0.0(26) Beta1,ALL,"=HYPERLINK(""https://developer.huawei.com/consumer/cn/doc/harmonyos-releases/changelogs-for-all-apps-7001/#ch2026010615012"",""ArkUI接口新增仅支持Stage模型的约束"")",entry\src\main\ets\components\sidebar\BacklinkFilters.ets:329,未修复,接口定义变更
declare class CommonMethod<T>,ArkTS,7.0.0(26) Beta1,ALL,"=HYPERLINK(""https://developer.huawei.com/consumer/cn/doc/harmonyos-releases/changelogs-for-all-apps-7001/#ch2026010615012"",""ArkUI接口新增仅支持Stage模型的约束"")",entry\src\main\ets\components\sidebar\LeftSidebar.ets:122,未修复,接口定义变更
declare class CommonMethod<T>,ArkTS,7.0.0(26) Beta1,ALL,"=HYPERLINK(""https://developer.huawei.com/consumer/cn/doc/harmonyos-releases/changelogs-for-all-apps-7001/#ch2026010615012"",""ArkUI接口新增仅支持Stage模型的约束"")",entry\src\main\ets\components\sidebar\LeftSidebar.ets:127,未修复,接口定义变更
declare class CommonMethod<T>,ArkTS,7.0.0(26) Beta1,ALL,"=HYPERLINK(""https://developer.huawei.com/consumer/cn/doc/harmonyos-releases/changelogs-for-all-apps-7001/#ch2026010615012"",""ArkUI接口新增仅支持Stage模型的约束"")",entry\src\main\ets\components\sidebar\LeftSidebar.ets:128,未修复,接口定义变更
declare class CommonMethod<T>,ArkTS,7.0.0(26) Beta1,ALL,"=HYPERLINK(""https://developer.huawei.com/consumer/cn/doc/harmonyos-releases/changelogs-for-all-apps-7001/#ch2026010615012"",""ArkUI接口新增仅支持Stage模型的约束"")",entry\src\main\ets\components\sidebar\LeftSidebar.ets:129,未修复,接口定义变更
declare class CommonMethod<T>,ArkTS,7.0.0(26) Beta1,ALL,"=HYPERLINK(""https://developer.huawei.com/consumer/cn/doc/harmonyos-releases/changelogs-for-all-apps-7001/#ch2026010615012"",""ArkUI接口新增仅支持Stage模型的约束"")",entry\src\main\ets\components\sidebar\LeftSidebar.ets:130,未修复,接口定义变更
declare class CommonMethod<T>,ArkTS,7.0.0(26) Beta1,ALL,"=HYPERLINK(""https://developer.huawei.com/consumer/cn/doc/harmonyos-releases/changelogs-for-all-apps-7001/#ch2026010615012"",""ArkUI接口新增仅支持Stage模型的约束"")",entry\src\main\ets\components\sidebar\LeftSidebar.ets:146,未修复,接口定义变更
declare class CommonMethod<T>,ArkTS,7.0.0(26) Beta1,ALL,"=HYPERLINK(""https://developer.huawei.com/consumer/cn/doc/harmonyos-releases/changelogs-for-all-apps-7001/#ch2026010615012"",""ArkUI接口新增仅支持Stage模型的约束"")",entry\src\main\ets\components\sidebar\LeftSidebar.ets:147,未修复,接口定义变更
declare class CommonMethod<T>,ArkTS,7.0.0(26) Beta1,ALL,"=HYPERLINK(""https://developer.huawei.com/consumer/cn/doc/harmonyos-releases/changelogs-for-all-apps-7001/#ch2026010615012"",""ArkUI接口新增仅支持Stage模型的约束"")",entry\src\main\ets\components\sidebar\LeftSidebar.ets:148,未修复,接口定义变更
declare class CommonMethod<T>,ArkTS,7.0.0(26) Beta1,ALL,"=HYPERLINK(""https://developer.huawei.com/consumer/cn/doc/harmonyos-releases/changelogs-for-all-apps-7001/#ch2026010615012"",""ArkUI接口新增仅支持Stage模型的约束"")",entry\src\main\ets\components\sidebar\LeftSidebar.ets:188,未修复,接口定义变更
declare class CommonMethod<T>,ArkTS,7.0.0(26) Beta1,ALL,"=HYPERLINK(""https://developer.huawei.com/consumer/cn/doc/harmonyos-releases/changelogs-for-all-apps-7001/#ch2026010615012"",""ArkUI接口新增仅支持Stage模型的约束"")",entry\src\main\ets\components\sidebar\LeftSidebar.ets:189,未修复,接口定义变更
declare class CommonMethod<T>,ArkTS,7.0.0(26) Beta1,ALL,"=HYPERLINK(""https://developer.huawei.com/consumer/cn/doc/harmonyos-releases/changelogs-for-all-apps-7001/#ch2026010615012"",""ArkUI接口新增仅支持Stage模型的约束"")",entry\src\main\ets\components\sidebar\LeftSidebar.ets:190,未修复,接口定义变更
declare class CommonMethod<T>,ArkTS,7.0.0(26) Beta1,ALL,"=HYPERLINK(""https://developer.huawei.com/consumer/cn/doc/harmonyos-releases/changelogs-for-all-apps-7001/#ch2026010615012"",""ArkUI接口新增仅支持Stage模型的约束"")",entry\src\main\ets\components\sidebar\LeftSidebar.ets:199,未修复,接口定义变更
declare class CommonMethod<T>,ArkTS,7.0.0(26) Beta1,ALL,"=HYPERLINK(""https://developer.huawei.com/consumer/cn/doc/harmonyos-releases/changelogs-for-all-apps-7001/#ch2026010615012"",""ArkUI接口新增仅支持Stage模型的约束"")",entry\src\main\ets\components\sidebar\LeftSidebar.ets:202,未修复,接口定义变更
declare class CommonMethod<T>,ArkTS,7.0.0(26) Beta1,ALL,"=HYPERLINK(""https://developer.huawei.com/consumer/cn/doc/harmonyos-releases/changelogs-for-all-apps-7001/#ch2026010615012"",""ArkUI接口新增仅支持Stage模型的约束"")",entry\src\main\ets\components\sidebar\LeftSidebar.ets:203,未修复,接口定义变更
declare class CommonMethod<T>,ArkTS,7.0.0(26) Beta1,ALL,"=HYPERLINK(""https://developer.huawei.com/consumer/cn/doc/harmonyos-releases/changelogs-for-all-apps-7001/#ch2026010615012"",""ArkUI接口新增仅支持Stage模型的约束"")",entry\src\main\ets\components\sidebar\LeftSidebar.ets:204,未修复,接口定义变更
declare class CommonMethod<T>,ArkTS,7.0.0(26) Beta1,ALL,"=HYPERLINK(""https://developer.huawei.com/consumer/cn/doc/harmonyos-releases/changelogs-for-all-apps-7001/#ch2026010615012"",""ArkUI接口新增仅支持Stage模型的约束"")",entry\src\main\ets\components\sidebar\LeftSidebar.ets:214,未修复,接口定义变更
declare class CommonMethod<T>,ArkTS,7.0.0(26) Beta1,ALL,"=HYPERLINK(""https://developer.huawei.com/consumer/cn/doc/harmonyos-releases/changelogs-for-all-apps-7001/#ch2026010615012"",""ArkUI接口新增仅支持Stage模型的约束"")",entry\src\main\ets\components\sidebar\LeftSidebar.ets:217,未修复,接口定义变更
declare class CommonMethod<T>,ArkTS,7.0.0(26) Beta1,ALL,"=HYPERLINK(""https://developer.huawei.com/consumer/cn/doc/harmonyos-releases/changelogs-for-all-apps-7001/#ch2026010615012"",""ArkUI接口新增仅支持Stage模型的约束"")",entry\src\main\ets\components\sidebar\LeftSidebar.ets:218,未修复,接口定义变更
declare class CommonMethod<T>,ArkTS,7.0.0(26) Beta1,ALL,"=HYPERLINK(""https://developer.huawei.com/consumer/cn/doc/harmonyos-releases/changelogs-for-all-apps-7001/#ch2026010615012"",""ArkUI接口新增仅支持Stage模型的约束"")",entry\src\main\ets\components\sidebar\LeftSidebar.ets:219,未修复,接口定义变更
declare class CommonMethod<T>,ArkTS,7.0.0(26) Beta1,ALL,"=HYPERLINK(""https://developer.huawei.com/consumer/cn/doc/harmonyos-releases/changelogs-for-all-apps-7001/#ch2026010615012"",""ArkUI接口新增仅支持Stage模型的约束"")",entry\src\main\ets\components\sidebar\LeftSidebar.ets:220,未修复,接口定义变更
declare class CommonMethod<T>,ArkTS,7.0.0(26) Beta1,ALL,"=HYPERLINK(""https://developer.huawei.com/consumer/cn/doc/harmonyos-releases/changelogs-for-all-apps-7001/#ch2026010615012"",""ArkUI接口新增仅支持Stage模型的约束"")",entry\src\main\ets\components\sidebar\LeftSidebar.ets:221,未修复,接口定义变更
declare class CommonMethod<T>,ArkTS,7.0.0(26) Beta1,ALL,"=HYPERLINK(""https://developer.huawei.com/consumer/cn/doc/harmonyos-releases/changelogs-for-all-apps-7001/#ch2026010615012"",""ArkUI接口新增仅支持Stage模型的约束"")",entry\src\main\ets\components\sidebar\LeftSidebar.ets:228,未修复,接口定义变更
declare class CommonMethod<T>,ArkTS,7.0.0(26) Beta1,ALL,"=HYPERLINK(""https://developer.huawei.com/consumer/cn/doc/harmonyos-releases/changelogs-for-all-apps-7001/#ch2026010615012"",""ArkUI接口新增仅支持Stage模型的约束"")",entry\src\main\ets\components\sidebar\LeftSidebar.ets:229,未修复,接口定义变更
declare class CommonMethod<T>,ArkTS,7.0.0(26) Beta1,ALL,"=HYPERLINK(""https://developer.huawei.com/consumer/cn/doc/harmonyos-releases/changelogs-for-all-apps-7001/#ch2026010615012"",""ArkUI接口新增仅支持Stage模型的约束"")",entry\src\main\ets\components\sidebar\LeftSidebar.ets:230,未修复,接口定义变更
declare class CommonMethod<T>,ArkTS,7.0.0(26) Beta1,ALL,"=HYPERLINK(""https://developer.huawei.com/consumer/cn/doc/harmonyos-releases/changelogs-for-all-apps-7001/#ch2026010615012"",""ArkUI接口新增仅支持Stage模型的约束"")",entry\src\main\ets\components\sidebar\LeftSidebar.ets:231,未修复,接口定义变更
declare class CommonMethod<T>,ArkTS,7.0.0(26) Beta1,ALL,"=HYPERLINK(""https://developer.huawei.com/consumer/cn/doc/harmonyos-releases/changelogs-for-all-apps-7001/#ch2026010615012"",""ArkUI接口新增仅支持Stage模型的约束"")",entry\src\main\ets\components\sidebar\LeftSidebar.ets:244,未修复,接口定义变更
declare class CommonMethod<T>,ArkTS,7.0.0(26) Beta1,ALL,"=HYPERLINK(""https://developer.huawei.com/consumer/cn/doc/harmonyos-releases/changelogs-for-all-apps-7001/#ch2026010615012"",""ArkUI接口新增仅支持Stage模型的约束"")",entry\src\main\ets\components\sidebar\LeftSidebar.ets:245,未修复,接口定义变更
declare class CommonMethod<T>,ArkTS,7.0.0(26) Beta1,ALL,"=HYPERLINK(""https://developer.huawei.com/consumer/cn/doc/harmonyos-releases/changelogs-for-all-apps-7001/#ch2026010615012"",""ArkUI接口新增仅支持Stage模型的约束"")",entry\src\main\ets\components\sidebar\LeftSidebar.ets:246,未修复,接口定义变更
declare class CommonMethod<T>,ArkTS,7.0.0(26) Beta1,ALL,"=HYPERLINK(""https://developer.huawei.com/consumer/cn/doc/harmonyos-releases/changelogs-for-all-apps-7001/#ch2026010615012"",""ArkUI接口新增仅支持Stage模型的约束"")",entry\src\main\ets\components\sidebar\LeftSidebar.ets:247,未修复,接口定义变更
declare class CommonMethod<T>,ArkTS,7.0.0(26) Beta1,ALL,"=HYPERLINK(""https://developer.huawei.com/consumer/cn/doc/harmonyos-releases/changelogs-for-all-apps-7001/#ch2026010615012"",""ArkUI接口新增仅支持Stage模型的约束"")",entry\src\main\ets\components\sidebar\LeftSidebar.ets:249,未修复,接口定义变更
declare class CommonMethod<T>,ArkTS,7.0.0(26) Beta1,ALL,"=HYPERLINK(""https://developer.huawei.com/consumer/cn/doc/harmonyos-releases/changelogs-for-all-apps-7001/#ch2026010615012"",""ArkUI接口新增仅支持Stage模型的约束"")",entry\src\main\ets\components\sidebar\LeftSidebar.ets:253,未修复,接口定义变更
declare class CommonMethod<T>,ArkTS,7.0.0(26) Beta1,ALL,"=HYPERLINK(""https://developer.huawei.com/consumer/cn/doc/harmonyos-releases/changelogs-for-all-apps-7001/#ch2026010615012"",""ArkUI接口新增仅支持Stage模型的约束"")",entry\src\main\ets\components\sidebar\LeftSidebar.ets:255,未修复,接口定义变更
declare class CommonMethod<T>,ArkTS,7.0.0(26) Beta1,ALL,"=HYPERLINK(""https://developer.huawei.com/consumer/cn/doc/harmonyos-releases/changelogs-for-all-apps-7001/#ch2026010615012"",""ArkUI接口新增仅支持Stage模型的约束"")",entry\src\main\ets\components\sidebar\LeftSidebar.ets:256,未修复,接口定义变更
declare class CommonMethod<T>,ArkTS,7.0.0(26) Beta1,ALL,"=HYPERLINK(""https://developer.huawei.com/consumer/cn/doc/harmonyos-releases/changelogs-for-all-apps-7001/#ch2026010615012"",""ArkUI接口新增仅支持Stage模型的约束"")",entry\src\main\ets\components\sidebar\LeftSidebar.ets:259,未修复,接口定义变更
declare class CommonMethod<T>,ArkTS,7.0.0(26) Beta1,ALL,"=HYPERLINK(""https://developer.huawei.com/consumer/cn/doc/harmonyos-releases/changelogs-for-all-apps-7001/#ch2026010615012"",""ArkUI接口新增仅支持Stage模型的约束"")",entry\src\main\ets\components\sidebar\LeftSidebar.ets:277,未修复,接口定义变更
declare class CommonMethod<T>,ArkTS,7.0.0(26) Beta1,ALL,"=HYPERLINK(""https://developer.huawei.com/consumer/cn/doc/harmonyos-releases/changelogs-for-all-apps-7001/#ch2026010615012"",""ArkUI接口新增仅支持Stage模型的约束"")",entry\src\main\ets\components\sidebar\LeftSidebar.ets:278,未修复,接口定义变更
declare class CommonMethod<T>,ArkTS,7.0.0(26) Beta1,ALL,"=HYPERLINK(""https://developer.huawei.com/consumer/cn/doc/harmonyos-releases/changelogs-for-all-apps-7001/#ch2026010615012"",""ArkUI接口新增仅支持Stage模型的约束"")",entry\src\main\ets\components\sidebar\LeftSidebar.ets:279,未修复,接口定义变更
declare class CommonMethod<T>,ArkTS,7.0.0(26) Beta1,ALL,"=HYPERLINK(""https://developer.huawei.com/consumer/cn/doc/harmonyos-releases/changelogs-for-all-apps-7001/#ch2026010615012"",""ArkUI接口新增仅支持Stage模型的约束"")",entry\src\main\ets\components\sidebar\LeftSidebar.ets:281,未修复,接口定义变更
declare class CommonMethod<T>,ArkTS,7.0.0(26) Beta1,ALL,"=HYPERLINK(""https://developer.huawei.com/consumer/cn/doc/harmonyos-releases/changelogs-for-all-apps-7001/#ch2026010615012"",""ArkUI接口新增仅支持Stage模型的约束"")",entry\src\main\ets\components\sidebar\LeftSidebar.ets:282,未修复,接口定义变更
declare class CommonMethod<T>,ArkTS,7.0.0(26) Beta1,ALL,"=HYPERLINK(""https://developer.huawei.com/consumer/cn/doc/harmonyos-releases/changelogs-for-all-apps-7001/#ch2026010615012"",""ArkUI接口新增仅支持Stage模型的约束"")",entry\src\main\ets\components\sidebar\LeftSidebar.ets:289,未修复,接口定义变更
declare class CommonMethod<T>,ArkTS,7.0.0(26) Beta1,ALL,"=HYPERLINK(""https://developer.huawei.com/consumer/cn/doc/harmonyos-releases/changelogs-for-all-apps-7001/#ch2026010615012"",""ArkUI接口新增仅支持Stage模型的约束"")",entry\src\main\ets\components\sidebar\LeftSidebar.ets:297,未修复,接口定义变更
declare class CommonMethod<T>,ArkTS,7.0.0(26) Beta1,ALL,"=HYPERLINK(""https://developer.huawei.com/consumer/cn/doc/harmonyos-releases/changelogs-for-all-apps-7001/#ch2026010615012"",""ArkUI接口新增仅支持Stage模型的约束"")",entry\src\main\ets\components\sidebar\LeftSidebar.ets:300,未修复,接口定义变更
declare class CommonMethod<T>,ArkTS,7.0.0(26) Beta1,ALL,"=HYPERLINK(""https://developer.huawei.com/consumer/cn/doc/harmonyos-releases/changelogs-for-all-apps-7001/#ch2026010615012"",""ArkUI接口新增仅支持Stage模型的约束"")",entry\src\main\ets\components\sidebar\LeftSidebar.ets:301,未修复,接口定义变更
declare class CommonMethod<T>,ArkTS,7.0.0(26) Beta1,ALL,"=HYPERLINK(""https://developer.huawei.com/consumer/cn/doc/harmonyos-releases/changelogs-for-all-apps-7001/#ch2026010615012"",""ArkUI接口新增仅支持Stage模型的约束"")",entry\src\main\ets\components\sidebar\LeftSidebar.ets:331,未修复,接口定义变更
declare class CommonMethod<T>,ArkTS,7.0.0(26) Beta1,ALL,"=HYPERLINK(""https://developer.huawei.com/consumer/cn/doc/harmonyos-releases/changelogs-for-all-apps-7001/#ch2026010615012"",""ArkUI接口新增仅支持Stage模型的约束"")",entry\src\main\ets\components\sidebar\LeftSidebar.ets:335,未修复,接口定义变更
declare class CommonMethod<T>,ArkTS,7.0.0(26) Beta1,ALL,"=HYPERLINK(""https://developer.huawei.com/consumer/cn/doc/harmonyos-releases/changelogs-for-all-apps-7001/#ch2026010615012"",""ArkUI接口新增仅支持Stage模型的约束"")",entry\src\main\ets\components\sidebar\LeftSidebar.ets:336,未修复,接口定义变更
declare class CommonMethod<T>,ArkTS,7.0.0(26) Beta1,ALL,"=HYPERLINK(""https://developer.huawei.com/consumer/cn/doc/harmonyos-releases/changelogs-for-all-apps-7001/#ch2026010615012"",""ArkUI接口新增仅支持Stage模型的约束"")",entry\src\main\ets\components\sidebar\LeftSidebar.ets:337,未修复,接口定义变更
declare class CommonMethod<T>,ArkTS,7.0.0(26) Beta1,ALL,"=HYPERLINK(""https://developer.huawei.com/consumer/cn/doc/harmonyos-releases/changelogs-for-all-apps-7001/#ch2026010615012"",""ArkUI接口新增仅支持Stage模型的约束"")",entry\src\main\ets\components\sidebar\LeftSidebar.ets:339,未修复,接口定义变更
declare class CommonMethod<T>,ArkTS,7.0.0(26) Beta1,ALL,"=HYPERLINK(""https://developer.huawei.com/consumer/cn/doc/harmonyos-releases/changelogs-for-all-apps-7001/#ch2026010615012"",""ArkUI接口新增仅支持Stage模型的约束"")",entry\src\main\ets\components\sidebar\LeftSidebar.ets:340,未修复,接口定义变更
declare class CommonMethod<T>,ArkTS,7.0.0(26) Beta1,ALL,"=HYPERLINK(""https://developer.huawei.com/consumer/cn/doc/harmonyos-releases/changelogs-for-all-apps-7001/#ch2026010615012"",""ArkUI接口新增仅支持Stage模型的约束"")",entry\src\main\ets\components\sidebar\LeftSidebar.ets:341,未修复,接口定义变更
declare class CommonMethod<T>,ArkTS,7.0.0(26) Beta1,ALL,"=HYPERLINK(""https://developer.huawei.com/consumer/cn/doc/harmonyos-releases/changelogs-for-all-apps-7001/#ch2026010615012"",""ArkUI接口新增仅支持Stage模型的约束"")",entry\src\main\ets\components\sidebar\LeftSidebar.ets:342,未修复,接口定义变更
declare class CommonMethod<T>,ArkTS,7.0.0(26) Beta1,ALL,"=HYPERLINK(""https://developer.huawei.com/consumer/cn/doc/harmonyos-releases/changelogs-for-all-apps-7001/#ch2026010615012"",""ArkUI接口新增仅支持Stage模型的约束"")",entry\src\main\ets\components\sidebar\LeftSidebar.ets:343,未修复,接口定义变更
declare class CommonMethod<T>,ArkTS,7.0.0(26) Beta1,ALL,"=HYPERLINK(""https://developer.huawei.com/consumer/cn/doc/harmonyos-releases/changelogs-for-all-apps-7001/#ch2026010615012"",""ArkUI接口新增仅支持Stage模型的约束"")",entry\src\main\ets\components\sidebar\LeftSidebar.ets:345,未修复,接口定义变更
declare class CommonMethod<T>,ArkTS,7.0.0(26) Beta1,ALL,"=HYPERLINK(""https://developer.huawei.com/consumer/cn/doc/harmonyos-releases/changelogs-for-all-apps-7001/#ch2026010615012"",""ArkUI接口新增仅支持Stage模型的约束"")",entry\src\main\ets\components\sidebar\LeftSidebar.ets:346,未修复,接口定义变更
declare class CommonMethod<T>,ArkTS,7.0.0(26) Beta1,ALL,"=HYPERLINK(""https://developer.huawei.com/consumer/cn/doc/harmonyos-releases/changelogs-for-all-apps-7001/#ch2026010615012"",""ArkUI接口新增仅支持Stage模型的约束"")",entry\src\main\ets\components\sidebar\LeftSidebar.ets:349,未修复,接口定义变更
declare class CommonMethod<T>,ArkTS,7.0.0(26) Beta1,ALL,"=HYPERLINK(""https://developer.huawei.com/consumer/cn/doc/harmonyos-releases/changelogs-for-all-apps-7001/#ch2026010615012"",""ArkUI接口新增仅支持Stage模型的约束"")",entry\src\main\ets\components\sidebar\LeftSidebar.ets:372,未修复,接口定义变更
declare class CommonMethod<T>,ArkTS,7.0.0(26) Beta1,ALL,"=HYPERLINK(""https://developer.huawei.com/consumer/cn/doc/harmonyos-releases/changelogs-for-all-apps-7001/#ch2026010615012"",""ArkUI接口新增仅支持Stage模型的约束"")",entry\src\main\ets\components\sidebar\LeftSidebar.ets:373,未修复,接口定义变更
declare class CommonMethod<T>,ArkTS,7.0.0(26) Beta1,ALL,"=HYPERLINK(""https://developer.huawei.com/consumer/cn/doc/harmonyos-releases/changelogs-for-all-apps-7001/#ch2026010615012"",""ArkUI接口新增仅支持Stage模型的约束"")",entry\src\main\ets\components\sidebar\LeftSidebar.ets:382,未修复,接口定义变更
declare class CommonMethod<T>,ArkTS,7.0.0(26) Beta1,ALL,"=HYPERLINK(""https://developer.huawei.com/consumer/cn/doc/harmonyos-releases/changelogs-for-all-apps-7001/#ch2026010615012"",""ArkUI接口新增仅支持Stage模型的约束"")",entry\src\main\ets\components\sidebar\LeftSidebar.ets:388,未修复,接口定义变更
declare class CommonMethod<T>,ArkTS,7.0.0(26) Beta1,ALL,"=HYPERLINK(""https://developer.huawei.com/consumer/cn/doc/harmonyos-releases/changelogs-for-all-apps-7001/#ch2026010615012"",""ArkUI接口新增仅支持Stage模型的约束"")",entry\src\main\ets\components\sidebar\LeftSidebar.ets:389,未修复,接口定义变更
declare class CommonMethod<T>,ArkTS,7.0.0(26) Beta1,ALL,"=HYPERLINK(""https://developer.huawei.com/consumer/cn/doc/harmonyos-releases/changelogs-for-all-apps-7001/#ch2026010615012"",""ArkUI接口新增仅支持Stage模型的约束"")",entry\src\main\ets\components\sidebar\LeftSidebar.ets:390,未修复,接口定义变更
declare class CommonMethod<T>,ArkTS,7.0.0(26) Beta1,ALL,"=HYPERLINK(""https://developer.huawei.com/consumer/cn/doc/harmonyos-releases/changelogs-for-all-apps-7001/#ch2026010615012"",""ArkUI接口新增仅支持Stage模型的约束"")",entry\src\main\ets\components\sidebar\LeftSidebar.ets:391,未修复,接口定义变更
declare class CommonMethod<T>,ArkTS,7.0.0(26) Beta1,ALL,"=HYPERLINK(""https://developer.huawei.com/consumer/cn/doc/harmonyos-releases/changelogs-for-all-apps-7001/#ch2026010615012"",""ArkUI接口新增仅支持Stage模型的约束"")",entry\src\main\ets\components\sidebar\LeftSidebar.ets:392,未修复,接口定义变更
declare class CommonMethod<T>,ArkTS,7.0.0(26) Beta1,ALL,"=HYPERLINK(""https://developer.huawei.com/consumer/cn/doc/harmonyos-releases/changelogs-for-all-apps-7001/#ch2026010615012"",""ArkUI接口新增仅支持Stage模型的约束"")",entry\src\main\ets\components\sidebar\LeftSidebar.ets:394,未修复,接口定义变更
declare class CommonMethod<T>,ArkTS,7.0.0(26) Beta1,ALL,"=HYPERLINK(""https://developer.huawei.com/consumer/cn/doc/harmonyos-releases/changelogs-for-all-apps-7001/#ch2026010615012"",""ArkUI接口新增仅支持Stage模型的约束"")",entry\src\main\ets\components\sidebar\LeftSidebar.ets:395,未修复,接口定义变更
declare class CommonMethod<T>,ArkTS,7.0.0(26) Beta1,ALL,"=HYPERLINK(""https://developer.huawei.com/consumer/cn/doc/harmonyos-releases/changelogs-for-all-apps-7001/#ch2026010615012"",""ArkUI接口新增仅支持Stage模型的约束"")",entry\src\main\ets\components\sidebar\LeftSidebar.ets:396,未修复,接口定义变更
declare class CommonMethod<T>,ArkTS,7.0.0(26) Beta1,ALL,"=HYPERLINK(""https://developer.huawei.com/consumer/cn/doc/harmonyos-releases/changelogs-for-all-apps-7001/#ch2026010615012"",""ArkUI接口新增仅支持Stage模型的约束"")",entry\src\main\ets\components\sidebar\LeftSidebar.ets:397,未修复,接口定义变更
declare class CommonMethod<T>,ArkTS,7.0.0(26) Beta1,ALL,"=HYPERLINK(""https://developer.huawei.com/consumer/cn/doc/harmonyos-releases/changelogs-for-all-apps-7001/#ch2026010615012"",""ArkUI接口新增仅支持Stage模型的约束"")",entry\src\main\ets\components\sidebar\LeftSidebar.ets:398,未修复,接口定义变更
declare class CommonMethod<T>,ArkTS,7.0.0(26) Beta1,ALL,"=HYPERLINK(""https://developer.huawei.com/consumer/cn/doc/harmonyos-releases/changelogs-for-all-apps-7001/#ch2026010615012"",""ArkUI接口新增仅支持Stage模型的约束"")",entry\src\main\ets\components\sidebar\LeftSidebar.ets:401,未修复,接口定义变更
declare class CommonMethod<T>,ArkTS,7.0.0(26) Beta1,ALL,"=HYPERLINK(""https://developer.huawei.com/consumer/cn/doc/harmonyos-releases/changelogs-for-all-apps-7001/#ch2026010615012"",""ArkUI接口新增仅支持Stage模型的约束"")",entry\src\main\ets\components\sidebar\LeftSidebar.ets:402,未修复,接口定义变更
declare class CommonMethod<T>,ArkTS,7.0.0(26) Beta1,ALL,"=HYPERLINK(""https://developer.huawei.com/consumer/cn/doc/harmonyos-releases/changelogs-for-all-apps-7001/#ch2026010615012"",""ArkUI接口新增仅支持Stage模型的约束"")",entry\src\main\ets\components\sidebar\LeftSidebar.ets:403,未修复,接口定义变更
declare class CommonMethod<T>,ArkTS,7.0.0(26) Beta1,ALL,"=HYPERLINK(""https://developer.huawei.com/consumer/cn/doc/harmonyos-releases/changelogs-for-all-apps-7001/#ch2026010615012"",""ArkUI接口新增仅支持Stage模型的约束"")",entry\src\main\ets\components\sidebar\LeftSidebar.ets:405,未修复,接口定义变更
declare class CommonMethod<T>,ArkTS,7.0.0(26) Beta1,ALL,"=HYPERLINK(""https://developer.huawei.com/consumer/cn/doc/harmonyos-releases/changelogs-for-all-apps-7001/#ch2026010615012"",""ArkUI接口新增仅支持Stage模型的约束"")",entry\src\main\ets\components\sidebar\LeftSidebar.ets:406,未修复,接口定义变更
declare class CommonMethod<T>,ArkTS,7.0.0(26) Beta1,ALL,"=HYPERLINK(""https://developer.huawei.com/consumer/cn/doc/harmonyos-releases/changelogs-for-all-apps-7001/#ch2026010615012"",""ArkUI接口新增仅支持Stage模型的约束"")",entry\src\main\ets\components\sidebar\LeftSidebar.ets:407,未修复,接口定义变更
declare class CommonMethod<T>,ArkTS,7.0.0(26) Beta1,ALL,"=HYPERLINK(""https://developer.huawei.com/consumer/cn/doc/harmonyos-releases/changelogs-for-all-apps-7001/#ch2026010615012"",""ArkUI接口新增仅支持Stage模型的约束"")",entry\src\main\ets\components\sidebar\LeftSidebar.ets:409,未修复,接口定义变更
declare class CommonMethod<T>,ArkTS,7.0.0(26) Beta1,ALL,"=HYPERLINK(""https://developer.huawei.com/consumer/cn/doc/harmonyos-releases/changelogs-for-all-apps-7001/#ch2026010615012"",""ArkUI接口新增仅支持Stage模型的约束"")",entry\src\main\ets\components\sidebar\LeftSidebar.ets:413,未修复,接口定义变更
declare class CommonMethod<T>,ArkTS,7.0.0(26) Beta1,ALL,"=HYPERLINK(""https://developer.huawei.com/consumer/cn/doc/harmonyos-releases/changelogs-for-all-apps-7001/#ch2026010615012"",""ArkUI接口新增仅支持Stage模型的约束"")",entry\src\main\ets\components\sidebar\LeftSidebar.ets:415,未修复,接口定义变更
declare class CommonMethod<T>,ArkTS,7.0.0(26) Beta1,ALL,"=HYPERLINK(""https://developer.huawei.com/consumer/cn/doc/harmonyos-releases/changelogs-for-all-apps-7001/#ch2026010615012"",""ArkUI接口新增仅支持Stage模型的约束"")",entry\src\main\ets\components\sidebar\LeftSidebar.ets:416,未修复,接口定义变更
declare class CommonMethod<T>,ArkTS,7.0.0(26) Beta1,ALL,"=HYPERLINK(""https://developer.huawei.com/consumer/cn/doc/harmonyos-releases/changelogs-for-all-apps-7001/#ch2026010615012"",""ArkUI接口新增仅支持Stage模型的约束"")",entry\src\main\ets\components\sidebar\LeftSidebar.ets:419,未修复,接口定义变更
declare class CommonMethod<T>,ArkTS,7.0.0(26) Beta1,ALL,"=HYPERLINK(""https://developer.huawei.com/consumer/cn/doc/harmonyos-releases/changelogs-for-all-apps-7001/#ch2026010615012"",""ArkUI接口新增仅支持Stage模型的约束"")",entry\src\main\ets\components\sidebar\PageContextMenu.ets:184,未修复,接口定义变更
declare class CommonMethod<T>,ArkTS,7.0.0(26) Beta1,ALL,"=HYPERLINK(""https://developer.huawei.com/consumer/cn/doc/harmonyos-releases/changelogs-for-all-apps-7001/#ch2026010615012"",""ArkUI接口新增仅支持Stage模型的约束"")",entry\src\main\ets\components\sidebar\PageContextMenu.ets:185,未修复,接口定义变更
declare class CommonMethod<T>,ArkTS,7.0.0(26) Beta1,ALL,"=HYPERLINK(""https://developer.huawei.com/consumer/cn/doc/harmonyos-releases/changelogs-for-all-apps-7001/#ch2026010615012"",""ArkUI接口新增仅支持Stage模型的约束"")",entry\src\main\ets\components\sidebar\PageContextMenu.ets:186,未修复,接口定义变更
declare class CommonMethod<T>,ArkTS,7.0.0(26) Beta1,ALL,"=HYPERLINK(""https://developer.huawei.com/consumer/cn/doc/harmonyos-releases/changelogs-for-all-apps-7001/#ch2026010615012"",""ArkUI接口新增仅支持Stage模型的约束"")",entry\src\main\ets\components\sidebar\PageContextMenu.ets:187,未修复,接口定义变更
declare class CommonMethod<T>,ArkTS,7.0.0(26) Beta1,ALL,"=HYPERLINK(""https://developer.huawei.com/consumer/cn/doc/harmonyos-releases/changelogs-for-all-apps-7001/#ch2026010615012"",""ArkUI接口新增仅支持Stage模型的约束"")",entry\src\main\ets\components\sidebar\PageContextMenu.ets:203,未修复,接口定义变更
declare class CommonMethod<T>,ArkTS,7.0.0(26) Beta1,ALL,"=HYPERLINK(""https://developer.huawei.com/consumer/cn/doc/harmonyos-releases/changelogs-for-all-apps-7001/#ch2026010615012"",""ArkUI接口新增仅支持Stage模型的约束"")",entry\src\main\ets\components\sidebar\PageContextMenu.ets:207,未修复,接口定义变更
declare class CommonMethod<T>,ArkTS,7.0.0(26) Beta1,ALL,"=HYPERLINK(""https://developer.huawei.com/consumer/cn/doc/harmonyos-releases/changelogs-for-all-apps-7001/#ch2026010615012"",""ArkUI接口新增仅支持Stage模型的约束"")",entry\src\main\ets\components\sidebar\PageContextMenu.ets:208,未修复,接口定义变更
declare class CommonMethod<T>,ArkTS,7.0.0(26) Beta1,ALL,"=HYPERLINK(""https://developer.huawei.com/consumer/cn/doc/harmonyos-releases/changelogs-for-all-apps-7001/#ch2026010615012"",""ArkUI接口新增仅支持Stage模型的约束"")",entry\src\main\ets\components\sidebar\PageContextMenu.ets:209,未修复,接口定义变更
declare class CommonMethod<T>,ArkTS,7.0.0(26) Beta1,ALL,"=HYPERLINK(""https://developer.huawei.com/consumer/cn/doc/harmonyos-releases/changelogs-for-all-apps-7001/#ch2026010615012"",""ArkUI接口新增仅支持Stage模型的约束"")",entry\src\main\ets\components\sidebar\PageContextMenu.ets:216,未修复,接口定义变更
declare class CommonMethod<T>,ArkTS,7.0.0(26) Beta1,ALL,"=HYPERLINK(""https://developer.huawei.com/consumer/cn/doc/harmonyos-releases/changelogs-for-all-apps-7001/#ch2026010615012"",""ArkUI接口新增仅支持Stage模型的约束"")",entry\src\main\ets\components\sidebar\PageContextMenu.ets:217,未修复,接口定义变更
declare class CommonMethod<T>,ArkTS,7.0.0(26) Beta1,ALL,"=HYPERLINK(""https://developer.huawei.com/consumer/cn/doc/harmonyos-releases/changelogs-for-all-apps-7001/#ch2026010615012"",""ArkUI接口新增仅支持Stage模型的约束"")",entry\src\main\ets\components\sidebar\PageContextMenu.ets:218,未修复,接口定义变更
declare class CommonMethod<T>,ArkTS,7.0.0(26) Beta1,ALL,"=HYPERLINK(""https://developer.huawei.com/consumer/cn/doc/harmonyos-releases/changelogs-for-all-apps-7001/#ch2026010615012"",""ArkUI接口新增仅支持Stage模型的约束"")",entry\src\main\ets\components\sidebar\PageContextMenu.ets:219,未修复,接口定义变更
declare class CommonMethod<T>,ArkTS,7.0.0(26) Beta1,ALL,"=HYPERLINK(""https://developer.huawei.com/consumer/cn/doc/harmonyos-releases/changelogs-for-all-apps-7001/#ch2026010615012"",""ArkUI接口新增仅支持Stage模型的约束"")",entry\src\main\ets\components\sidebar\PageContextMenu.ets:220,未修复,接口定义变更
declare class CommonMethod<T>,ArkTS,7.0.0(26) Beta1,ALL,"=HYPERLINK(""https://developer.huawei.com/consumer/cn/doc/harmonyos-releases/changelogs-for-all-apps-7001/#ch2026010615012"",""ArkUI接口新增仅支持Stage模型的约束"")",entry\src\main\ets\components\sidebar\PageContextMenu.ets:221,未修复,接口定义变更
declare class CommonMethod<T>,ArkTS,7.0.0(26) Beta1,ALL,"=HYPERLINK(""https://developer.huawei.com/consumer/cn/doc/harmonyos-releases/changelogs-for-all-apps-7001/#ch2026010615012"",""ArkUI接口新增仅支持Stage模型的约束"")",entry\src\main\ets\components\sidebar\PageContextMenu.ets:227,未修复,接口定义变更
declare class CommonMethod<T>,ArkTS,7.0.0(26) Beta1,ALL,"=HYPERLINK(""https://developer.huawei.com/consumer/cn/doc/harmonyos-releases/changelogs-for-all-apps-7001/#ch2026010615012"",""ArkUI接口新增仅支持Stage模型的约束"")",entry\src\main\ets\components\sidebar\PageContextMenu.ets:228,未修复,接口定义变更
declare class CommonMethod<T>,ArkTS,7.0.0(26) Beta1,ALL,"=HYPERLINK(""https://developer.huawei.com/consumer/cn/doc/harmonyos-releases/changelogs-for-all-apps-7001/#ch2026010615012"",""ArkUI接口新增仅支持Stage模型的约束"")",entry\src\main\ets\components\sidebar\PageContextMenu.ets:229,未修复,接口定义变更
declare class CommonMethod<T>,ArkTS,7.0.0(26) Beta1,ALL,"=HYPERLINK(""https://developer.huawei.com/consumer/cn/doc/harmonyos-releases/changelogs-for-all-apps-7001/#ch2026010615012"",""ArkUI接口新增仅支持Stage模型的约束"")",entry\src\main\ets\components\sidebar\PageContextMenu.ets:231,未修复,接口定义变更
declare class CommonMethod<T>,ArkTS,7.0.0(26) Beta1,ALL,"=HYPERLINK(""https://developer.huawei.com/consumer/cn/doc/harmonyos-releases/changelogs-for-all-apps-7001/#ch2026010615012"",""ArkUI接口新增仅支持Stage模型的约束"")",entry\src\main\ets\components\sidebar\PageContextMenu.ets:238,未修复,接口定义变更
declare class CommonMethod<T>,ArkTS,7.0.0(26) Beta1,ALL,"=HYPERLINK(""https://developer.huawei.com/consumer/cn/doc/harmonyos-releases/changelogs-for-all-apps-7001/#ch2026010615012"",""ArkUI接口新增仅支持Stage模型的约束"")",entry\src\main\ets\components\sidebar\PageContextMenu.ets:242,未修复,接口定义变更
declare class CommonMethod<T>,ArkTS,7.0.0(26) Beta1,ALL,"=HYPERLINK(""https://developer.huawei.com/consumer/cn/doc/harmonyos-releases/changelogs-for-all-apps-7001/#ch2026010615012"",""ArkUI接口新增仅支持Stage模型的约束"")",entry\src\main\ets\components\sidebar\PageContextMenu.ets:243,未修复,接口定义变更
declare class CommonMethod<T>,ArkTS,7.0.0(26) Beta1,ALL,"=HYPERLINK(""https://developer.huawei.com/consumer/cn/doc/harmonyos-releases/changelogs-for-all-apps-7001/#ch2026010615012"",""ArkUI接口新增仅支持Stage模型的约束"")",entry\src\main\ets\components\sidebar\PageContextMenu.ets:244,未修复,接口定义变更
declare class CommonMethod<T>,ArkTS,7.0.0(26) Beta1,ALL,"=HYPERLINK(""https://developer.huawei.com/consumer/cn/doc/harmonyos-releases/changelogs-for-all-apps-7001/#ch2026010615012"",""ArkUI接口新增仅支持Stage模型的约束"")",entry\src\main\ets\components\sidebar\PageContextMenu.ets:253,未修复,接口定义变更
declare class CommonMethod<T>,ArkTS,7.0.0(26) Beta1,ALL,"=HYPERLINK(""https://developer.huawei.com/consumer/cn/doc/harmonyos-releases/changelogs-for-all-apps-7001/#ch2026010615012"",""ArkUI接口新增仅支持Stage模型的约束"")",entry\src\main\ets\components\sidebar\PageContextMenu.ets:254,未修复,接口定义变更
declare class CommonMethod<T>,ArkTS,7.0.0(26) Beta1,ALL,"=HYPERLINK(""https://developer.huawei.com/consumer/cn/doc/harmonyos-releases/changelogs-for-all-apps-7001/#ch2026010615012"",""ArkUI接口新增仅支持Stage模型的约束"")",entry\src\main\ets\components\sidebar\PageContextMenu.ets:255,未修复,接口定义变更
declare class CommonMethod<T>,ArkTS,7.0.0(26) Beta1,ALL,"=HYPERLINK(""https://developer.huawei.com/consumer/cn/doc/harmonyos-releases/changelogs-for-all-apps-7001/#ch2026010615012"",""ArkUI接口新增仅支持Stage模型的约束"")",entry\src\main\ets\components\sidebar\PageContextMenu.ets:257,未修复,接口定义变更
declare class CommonMethod<T>,ArkTS,7.0.0(26) Beta1,ALL,"=HYPERLINK(""https://developer.huawei.com/consumer/cn/doc/harmonyos-releases/changelogs-for-all-apps-7001/#ch2026010615012"",""ArkUI接口新增仅支持Stage模型的约束"")",entry\src\main\ets\components\sidebar\PageContextMenu.ets:261,未修复,接口定义变更
declare class CommonMethod<T>,ArkTS,7.0.0(26) Beta1,ALL,"=HYPERLINK(""https://developer.huawei.com/consumer/cn/doc/harmonyos-releases/changelogs-for-all-apps-7001/#ch2026010615012"",""ArkUI接口新增仅支持Stage模型的约束"")",entry\src\main\ets\components\sidebar\PageContextMenu.ets:262,未修复,接口定义变更
declare class CommonMethod<T>,ArkTS,7.0.0(26) Beta1,ALL,"=HYPERLINK(""https://developer.huawei.com/consumer/cn/doc/harmonyos-releases/changelogs-for-all-apps-7001/#ch2026010615012"",""ArkUI接口新增仅支持Stage模型的约束"")",entry\src\main\ets\components\sidebar\PageContextMenu.ets:263,未修复,接口定义变更
declare class CommonMethod<T>,ArkTS,7.0.0(26) Beta1,ALL,"=HYPERLINK(""https://developer.huawei.com/consumer/cn/doc/harmonyos-releases/changelogs-for-all-apps-7001/#ch2026010615012"",""ArkUI接口新增仅支持Stage模型的约束"")",entry\src\main\ets\components\sidebar\PageContextMenu.ets:265,未修复,接口定义变更
declare class CommonMethod<T>,ArkTS,7.0.0(26) Beta1,ALL,"=HYPERLINK(""https://developer.huawei.com/consumer/cn/doc/harmonyos-releases/changelogs-for-all-apps-7001/#ch2026010615012"",""ArkUI接口新增仅支持Stage模型的约束"")",entry\src\main\ets\components\sidebar\PageContextMenu.ets:267,未修复,接口定义变更
declare class CommonMethod<T>,ArkTS,7.0.0(26) Beta1,ALL,"=HYPERLINK(""https://developer.huawei.com/consumer/cn/doc/harmonyos-releases/changelogs-for-all-apps-7001/#ch2026010615012"",""ArkUI接口新增仅支持Stage模型的约束"")",entry\src\main\ets\components\sidebar\PageContextMenu.ets:269,未修复,接口定义变更
declare class CommonMethod<T>,ArkTS,7.0.0(26) Beta1,ALL,"=HYPERLINK(""https://developer.huawei.com/consumer/cn/doc/harmonyos-releases/changelogs-for-all-apps-7001/#ch2026010615012"",""ArkUI接口新增仅支持Stage模型的约束"")",entry\src\main\ets\components\sidebar\PageContextMenu.ets:270,未修复,接口定义变更
declare class CommonMethod<T>,ArkTS,7.0.0(26) Beta1,ALL,"=HYPERLINK(""https://developer.huawei.com/consumer/cn/doc/harmonyos-releases/changelogs-for-all-apps-7001/#ch2026010615012"",""ArkUI接口新增仅支持Stage模型的约束"")",entry\src\main\ets\components\sidebar\PageContextMenu.ets:271,未修复,接口定义变更
declare class CommonMethod<T>,ArkTS,7.0.0(26) Beta1,ALL,"=HYPERLINK(""https://developer.huawei.com/consumer/cn/doc/harmonyos-releases/changelogs-for-all-apps-7001/#ch2026010615012"",""ArkUI接口新增仅支持Stage模型的约束"")",entry\src\main\ets\components\sidebar\PageContextMenu.ets:272,未修复,接口定义变更
declare class CommonMethod<T>,ArkTS,7.0.0(26) Beta1,ALL,"=HYPERLINK(""https://developer.huawei.com/consumer/cn/doc/harmonyos-releases/changelogs-for-all-apps-7001/#ch2026010615012"",""ArkUI接口新增仅支持Stage模型的约束"")",entry\src\main\ets\components\sidebar\PageContextMenu.ets:273,未修复,接口定义变更
declare class CommonMethod<T>,ArkTS,7.0.0(26) Beta1,ALL,"=HYPERLINK(""https://developer.huawei.com/consumer/cn/doc/harmonyos-releases/changelogs-for-all-apps-7001/#ch2026010615012"",""ArkUI接口新增仅支持Stage模型的约束"")",entry\src\main\ets\components\sidebar\PageContextMenu.ets:276,未修复,接口定义变更
declare class CommonMethod<T>,ArkTS,7.0.0(26) Beta1,ALL,"=HYPERLINK(""https://developer.huawei.com/consumer/cn/doc/harmonyos-releases/changelogs-for-all-apps-7001/#ch2026010615012"",""ArkUI接口新增仅支持Stage模型的约束"")",entry\src\main\ets\components\sidebar\PageContextMenu.ets:277,未修复,接口定义变更
declare class CommonMethod<T>,ArkTS,7.0.0(26) Beta1,ALL,"=HYPERLINK(""https://developer.huawei.com/consumer/cn/doc/harmonyos-releases/changelogs-for-all-apps-7001/#ch2026010615012"",""ArkUI接口新增仅支持Stage模型的约束"")",entry\src\main\ets\components\sidebar\PageContextMenu.ets:279,未修复,接口定义变更
declare class CommonMethod<T>,ArkTS,7.0.0(26) Beta1,ALL,"=HYPERLINK(""https://developer.huawei.com/consumer/cn/doc/harmonyos-releases/changelogs-for-all-apps-7001/#ch2026010615012"",""ArkUI接口新增仅支持Stage模型的约束"")",entry\src\main\ets\components\sidebar\PageContextMenu.ets:290,未修复,接口定义变更
declare class CommonMethod<T>,ArkTS,7.0.0(26) Beta1,ALL,"=HYPERLINK(""https://developer.huawei.com/consumer/cn/doc/harmonyos-releases/changelogs-for-all-apps-7001/#ch2026010615012"",""ArkUI接口新增仅支持Stage模型的约束"")",entry\src\main\ets\components\sidebar\PageContextMenu.ets:292,未修复,接口定义变更
declare class CommonMethod<T>,ArkTS,7.0.0(26) Beta1,ALL,"=HYPERLINK(""https://developer.huawei.com/consumer/cn/doc/harmonyos-releases/changelogs-for-all-apps-7001/#ch2026010615012"",""ArkUI接口新增仅支持Stage模型的约束"")",entry\src\main\ets\components\sidebar\PageContextMenu.ets:293,未修复,接口定义变更
declare class CommonMethod<T>,ArkTS,7.0.0(26) Beta1,ALL,"=HYPERLINK(""https://developer.huawei.com/consumer/cn/doc/harmonyos-releases/changelogs-for-all-apps-7001/#ch2026010615012"",""ArkUI接口新增仅支持Stage模型的约束"")",entry\src\main\ets\components\sidebar\PageContextMenu.ets:294,未修复,接口定义变更
declare class CommonMethod<T>,ArkTS,7.0.0(26) Beta1,ALL,"=HYPERLINK(""https://developer.huawei.com/consumer/cn/doc/harmonyos-releases/changelogs-for-all-apps-7001/#ch2026010615012"",""ArkUI接口新增仅支持Stage模型的约束"")",entry\src\main\ets\components\sidebar\PageContextMenu.ets:295,未修复,接口定义变更
declare class CommonMethod<T>,ArkTS,7.0.0(26) Beta1,ALL,"=HYPERLINK(""https://developer.huawei.com/consumer/cn/doc/harmonyos-releases/changelogs-for-all-apps-7001/#ch2026010615012"",""ArkUI接口新增仅支持Stage模型的约束"")",entry\src\main\ets\components\sidebar\PageTree.ets:103,未修复,接口定义变更
declare class CommonMethod<T>,ArkTS,7.0.0(26) Beta1,ALL,"=HYPERLINK(""https://developer.huawei.com/consumer/cn/doc/harmonyos-releases/changelogs-for-all-apps-7001/#ch2026010615012"",""ArkUI接口新增仅支持Stage模型的约束"")",entry\src\main\ets\components\sidebar\PageTree.ets:104,未修复,接口定义变更
declare class CommonMethod<T>,ArkTS,7.0.0(26) Beta1,ALL,"=HYPERLINK(""https://developer.huawei.com/consumer/cn/doc/harmonyos-releases/changelogs-for-all-apps-7001/#ch2026010615012"",""ArkUI接口新增仅支持Stage模型的约束"")",entry\src\main\ets\components\sidebar\PageTree.ets:106,未修复,接口定义变更
declare class CommonMethod<T>,ArkTS,7.0.0(26) Beta1,ALL,"=HYPERLINK(""https://developer.huawei.com/consumer/cn/doc/harmonyos-releases/changelogs-for-all-apps-7001/#ch2026010615012"",""ArkUI接口新增仅支持Stage模型的约束"")",entry\src\main\ets\components\sidebar\PageTree.ets:108,未修复,接口定义变更
declare class CommonMethod<T>,ArkTS,7.0.0(26) Beta1,ALL,"=HYPERLINK(""https://developer.huawei.com/consumer/cn/doc/harmonyos-releases/changelogs-for-all-apps-7001/#ch2026010615012"",""ArkUI接口新增仅支持Stage模型的约束"")",entry\src\main\ets\components\sidebar\PageTree.ets:131,未修复,接口定义变更
declare class CommonMethod<T>,ArkTS,7.0.0(26) Beta1,ALL,"=HYPERLINK(""https://developer.huawei.com/consumer/cn/doc/harmonyos-releases/changelogs-for-all-apps-7001/#ch2026010615012"",""ArkUI接口新增仅支持Stage模型的约束"")",entry\src\main\ets\components\sidebar\PageTree.ets:135,未修复,接口定义变更
declare class CommonMethod<T>,ArkTS,7.0.0(26) Beta1,ALL,"=HYPERLINK(""https://developer.huawei.com/consumer/cn/doc/harmonyos-releases/changelogs-for-all-apps-7001/#ch2026010615012"",""ArkUI接口新增仅支持Stage模型的约束"")",entry\src\main\ets\components\sidebar\PageTree.ets:136,未修复,接口定义变更
declare class CommonMethod<T>,ArkTS,7.0.0(26) Beta1,ALL,"=HYPERLINK(""https://developer.huawei.com/consumer/cn/doc/harmonyos-releases/changelogs-for-all-apps-7001/#ch2026010615012"",""ArkUI接口新增仅支持Stage模型的约束"")",entry\src\main\ets\components\sidebar\PageTree.ets:137,未修复,接口定义变更
declare class CommonMethod<T>,ArkTS,7.0.0(26) Beta1,ALL,"=HYPERLINK(""https://developer.huawei.com/consumer/cn/doc/harmonyos-releases/changelogs-for-all-apps-7001/#ch2026010615012"",""ArkUI接口新增仅支持Stage模型的约束"")",entry\src\main\ets\components\sidebar\PageTree.ets:138,未修复,接口定义变更
declare class CommonMethod<T>,ArkTS,7.0.0(26) Beta1,ALL,"=HYPERLINK(""https://developer.huawei.com/consumer/cn/doc/harmonyos-releases/changelogs-for-all-apps-7001/#ch2026010615012"",""ArkUI接口新增仅支持Stage模型的约束"")",entry\src\main\ets\components\sidebar\PageTree.ets:139,未修复,接口定义变更
declare class CommonMethod<T>,ArkTS,7.0.0(26) Beta1,ALL,"=HYPERLINK(""https://developer.huawei.com/consumer/cn/doc/harmonyos-releases/changelogs-for-all-apps-7001/#ch2026010615012"",""ArkUI接口新增仅支持Stage模型的约束"")",entry\src\main\ets\components\sidebar\PageTree.ets:155,未修复,接口定义变更
declare class CommonMethod<T>,ArkTS,7.0.0(26) Beta1,ALL,"=HYPERLINK(""https://developer.huawei.com/consumer/cn/doc/harmonyos-releases/changelogs-for-all-apps-7001/#ch2026010615012"",""ArkUI接口新增仅支持Stage模型的约束"")",entry\src\main\ets\components\sidebar\PageTree.ets:61,未修复,接口定义变更
declare class CommonMethod<T>,ArkTS,7.0.0(26) Beta1,ALL,"=HYPERLINK(""https://developer.huawei.com/consumer/cn/doc/harmonyos-releases/changelogs-for-all-apps-7001/#ch2026010615012"",""ArkUI接口新增仅支持Stage模型的约束"")",entry\src\main\ets\components\sidebar\PageTree.ets:62,未修复,接口定义变更
declare class CommonMethod<T>,ArkTS,7.0.0(26) Beta1,ALL,"=HYPERLINK(""https://developer.huawei.com/consumer/cn/doc/harmonyos-releases/changelogs-for-all-apps-7001/#ch2026010615012"",""ArkUI接口新增仅支持Stage模型的约束"")",entry\src\main\ets\components\sidebar\PageTree.ets:71,未修复,接口定义变更
declare class CommonMethod<T>,ArkTS,7.0.0(26) Beta1,ALL,"=HYPERLINK(""https://developer.huawei.com/consumer/cn/doc/harmonyos-releases/changelogs-for-all-apps-7001/#ch2026010615012"",""ArkUI接口新增仅支持Stage模型的约束"")",entry\src\main\ets\components\sidebar\PageTree.ets:73,未修复,接口定义变更
declare class CommonMethod<T>,ArkTS,7.0.0(26) Beta1,ALL,"=HYPERLINK(""https://developer.huawei.com/consumer/cn/doc/harmonyos-releases/changelogs-for-all-apps-7001/#ch2026010615012"",""ArkUI接口新增仅支持Stage模型的约束"")",entry\src\main\ets\components\sidebar\PageTree.ets:74,未修复,接口定义变更
declare class CommonMethod<T>,ArkTS,7.0.0(26) Beta1,ALL,"=HYPERLINK(""https://developer.huawei.com/consumer/cn/doc/harmonyos-releases/changelogs-for-all-apps-7001/#ch2026010615012"",""ArkUI接口新增仅支持Stage模型的约束"")",entry\src\main\ets\components\sidebar\PageTree.ets:78,未修复,接口定义变更
declare class CommonMethod<T>,ArkTS,7.0.0(26) Beta1,ALL,"=HYPERLINK(""https://developer.huawei.com/consumer/cn/doc/harmonyos-releases/changelogs-for-all-apps-7001/#ch2026010615012"",""ArkUI接口新增仅支持Stage模型的约束"")",entry\src\main\ets\components\sidebar\PageTree.ets:79,未修复,接口定义变更
declare class CommonMethod<T>,ArkTS,7.0.0(26) Beta1,ALL,"=HYPERLINK(""https://developer.huawei.com/consumer/cn/doc/harmonyos-releases/changelogs-for-all-apps-7001/#ch2026010615012"",""ArkUI接口新增仅支持Stage模型的约束"")",entry\src\main\ets\components\sidebar\RightSidebar.ets:107,未修复,接口定义变更
declare class CommonMethod<T>,ArkTS,7.0.0(26) Beta1,ALL,"=HYPERLINK(""https://developer.huawei.com/consumer/cn/doc/harmonyos-releases/changelogs-for-all-apps-7001/#ch2026010615012"",""ArkUI接口新增仅支持Stage模型的约束"")",entry\src\main\ets\components\sidebar\RightSidebar.ets:108,未修复,接口定义变更
declare class CommonMethod<T>,ArkTS,7.0.0(26) Beta1,ALL,"=HYPERLINK(""https://developer.huawei.com/consumer/cn/doc/harmonyos-releases/changelogs-for-all-apps-7001/#ch2026010615012"",""ArkUI接口新增仅支持Stage模型的约束"")",entry\src\main\ets\components\sidebar\RightSidebar.ets:109,未修复,接口定义变更
declare class CommonMethod<T>,ArkTS,7.0.0(26) Beta1,ALL,"=HYPERLINK(""https://developer.huawei.com/consumer/cn/doc/harmonyos-releases/changelogs-for-all-apps-7001/#ch2026010615012"",""ArkUI接口新增仅支持Stage模型的约束"")",entry\src\main\ets\components\sidebar\RightSidebar.ets:110,未修复,接口定义变更
declare class CommonMethod<T>,ArkTS,7.0.0(26) Beta1,ALL,"=HYPERLINK(""https://developer.huawei.com/consumer/cn/doc/harmonyos-releases/changelogs-for-all-apps-7001/#ch2026010615012"",""ArkUI接口新增仅支持Stage模型的约束"")",entry\src\main\ets\components\sidebar\RightSidebar.ets:118,未修复,接口定义变更
declare class CommonMethod<T>,ArkTS,7.0.0(26) Beta1,ALL,"=HYPERLINK(""https://developer.huawei.com/consumer/cn/doc/harmonyos-releases/changelogs-for-all-apps-7001/#ch2026010615012"",""ArkUI接口新增仅支持Stage模型的约束"")",entry\src\main\ets\components\sidebar\RightSidebar.ets:119,未修复,接口定义变更
declare class CommonMethod<T>,ArkTS,7.0.0(26) Beta1,ALL,"=HYPERLINK(""https://developer.huawei.com/consumer/cn/doc/harmonyos-releases/changelogs-for-all-apps-7001/#ch2026010615012"",""ArkUI接口新增仅支持Stage模型的约束"")",entry\src\main\ets\components\sidebar\RightSidebar.ets:120,未修复,接口定义变更
declare class CommonMethod<T>,ArkTS,7.0.0(26) Beta1,ALL,"=HYPERLINK(""https://developer.huawei.com/consumer/cn/doc/harmonyos-releases/changelogs-for-all-apps-7001/#ch2026010615012"",""ArkUI接口新增仅支持Stage模型的约束"")",entry\src\main\ets\components\sidebar\RightSidebar.ets:121,未修复,接口定义变更
declare class CommonMethod<T>,ArkTS,7.0.0(26) Beta1,ALL,"=HYPERLINK(""https://developer.huawei.com/consumer/cn/doc/harmonyos-releases/changelogs-for-all-apps-7001/#ch2026010615012"",""ArkUI接口新增仅支持Stage模型的约束"")",entry\src\main\ets\components\sidebar\RightSidebar.ets:129,未修复,接口定义变更
declare class CommonMethod<T>,ArkTS,7.0.0(26) Beta1,ALL,"=HYPERLINK(""https://developer.huawei.com/consumer/cn/doc/harmonyos-releases/changelogs-for-all-apps-7001/#ch2026010615012"",""ArkUI接口新增仅支持Stage模型的约束"")",entry\src\main\ets\components\sidebar\RightSidebar.ets:130,未修复,接口定义变更
declare class CommonMethod<T>,ArkTS,7.0.0(26) Beta1,ALL,"=HYPERLINK(""https://developer.huawei.com/consumer/cn/doc/harmonyos-releases/changelogs-for-all-apps-7001/#ch2026010615012"",""ArkUI接口新增仅支持Stage模型的约束"")",entry\src\main\ets\components\sidebar\RightSidebar.ets:131,未修复,接口定义变更
declare class CommonMethod<T>,ArkTS,7.0.0(26) Beta1,ALL,"=HYPERLINK(""https://developer.huawei.com/consumer/cn/doc/harmonyos-releases/changelogs-for-all-apps-7001/#ch2026010615012"",""ArkUI接口新增仅支持Stage模型的约束"")",entry\src\main\ets\components\sidebar\RightSidebar.ets:132,未修复,接口定义变更
declare class CommonMethod<T>,ArkTS,7.0.0(26) Beta1,ALL,"=HYPERLINK(""https://developer.huawei.com/consumer/cn/doc/harmonyos-releases/changelogs-for-all-apps-7001/#ch2026010615012"",""ArkUI接口新增仅支持Stage模型的约束"")",entry\src\main\ets\components\sidebar\RightSidebar.ets:134,未修复,接口定义变更
declare class CommonMethod<T>,ArkTS,7.0.0(26) Beta1,ALL,"=HYPERLINK(""https://developer.huawei.com/consumer/cn/doc/harmonyos-releases/changelogs-for-all-apps-7001/#ch2026010615012"",""ArkUI接口新增仅支持Stage模型的约束"")",entry\src\main\ets\components\sidebar\RightSidebar.ets:135,未修复,接口定义变更
declare class CommonMethod<T>,ArkTS,7.0.0(26) Beta1,ALL,"=HYPERLINK(""https://developer.huawei.com/consumer/cn/doc/harmonyos-releases/changelogs-for-all-apps-7001/#ch2026010615012"",""ArkUI接口新增仅支持Stage模型的约束"")",entry\src\main\ets\components\sidebar\RightSidebar.ets:136,未修复,接口定义变更
declare class CommonMethod<T>,ArkTS,7.0.0(26) Beta1,ALL,"=HYPERLINK(""https://developer.huawei.com/consumer/cn/doc/harmonyos-releases/changelogs-for-all-apps-7001/#ch2026010615012"",""ArkUI接口新增仅支持Stage模型的约束"")",entry\src\main\ets\components\sidebar\RightSidebar.ets:153,未修复,接口定义变更
declare class CommonMethod<T>,ArkTS,7.0.0(26) Beta1,ALL,"=HYPERLINK(""https://developer.huawei.com/consumer/cn/doc/harmonyos-releases/changelogs-for-all-apps-7001/#ch2026010615012"",""ArkUI接口新增仅支持Stage模型的约束"")",entry\src\main\ets\components\sidebar\RightSidebar.ets:161,未修复,接口定义变更
declare class CommonMethod<T>,ArkTS,7.0.0(26) Beta1,ALL,"=HYPERLINK(""https://developer.huawei.com/consumer/cn/doc/harmonyos-releases/changelogs-for-all-apps-7001/#ch2026010615012"",""ArkUI接口新增仅支持Stage模型的约束"")",entry\src\main\ets\components\sidebar\RightSidebar.ets:162,未修复,接口定义变更
declare class CommonMethod<T>,ArkTS,7.0.0(26) Beta1,ALL,"=HYPERLINK(""https://developer.huawei.com/consumer/cn/doc/harmonyos-releases/changelogs-for-all-apps-7001/#ch2026010615012"",""ArkUI接口新增仅支持Stage模型的约束"")",entry\src\main\ets\components\sidebar\RightSidebar.ets:163,未修复,接口定义变更
declare class CommonMethod<T>,ArkTS,7.0.0(26) Beta1,ALL,"=HYPERLINK(""https://developer.huawei.com/consumer/cn/doc/harmonyos-releases/changelogs-for-all-apps-7001/#ch2026010615012"",""ArkUI接口新增仅支持Stage模型的约束"")",entry\src\main\ets\components\sidebar\RightSidebar.ets:165,未修复,接口定义变更
declare class CommonMethod<T>,ArkTS,7.0.0(26) Beta1,ALL,"=HYPERLINK(""https://developer.huawei.com/consumer/cn/doc/harmonyos-releases/changelogs-for-all-apps-7001/#ch2026010615012"",""ArkUI接口新增仅支持Stage模型的约束"")",entry\src\main\ets\components\sidebar\RightSidebar.ets:166,未修复,接口定义变更
declare class CommonMethod<T>,ArkTS,7.0.0(26) Beta1,ALL,"=HYPERLINK(""https://developer.huawei.com/consumer/cn/doc/harmonyos-releases/changelogs-for-all-apps-7001/#ch2026010615012"",""ArkUI接口新增仅支持Stage模型的约束"")",entry\src\main\ets\components\sidebar\RightSidebar.ets:167,未修复,接口定义变更
declare class CommonMethod<T>,ArkTS,7.0.0(26) Beta1,ALL,"=HYPERLINK(""https://developer.huawei.com/consumer/cn/doc/harmonyos-releases/changelogs-for-all-apps-7001/#ch2026010615012"",""ArkUI接口新增仅支持Stage模型的约束"")",entry\src\main\ets\components\sidebar\RightSidebar.ets:168,未修复,接口定义变更
declare class CommonMethod<T>,ArkTS,7.0.0(26) Beta1,ALL,"=HYPERLINK(""https://developer.huawei.com/consumer/cn/doc/harmonyos-releases/changelogs-for-all-apps-7001/#ch2026010615012"",""ArkUI接口新增仅支持Stage模型的约束"")",entry\src\main\ets\components\sidebar\RightSidebar.ets:175,未修复,接口定义变更
declare class CommonMethod<T>,ArkTS,7.0.0(26) Beta1,ALL,"=HYPERLINK(""https://developer.huawei.com/consumer/cn/doc/harmonyos-releases/changelogs-for-all-apps-7001/#ch2026010615012"",""ArkUI接口新增仅支持Stage模型的约束"")",entry\src\main\ets\components\sidebar\RightSidebar.ets:176,未修复,接口定义变更
declare class CommonMethod<T>,ArkTS,7.0.0(26) Beta1,ALL,"=HYPERLINK(""https://developer.huawei.com/consumer/cn/doc/harmonyos-releases/changelogs-for-all-apps-7001/#ch2026010615012"",""ArkUI接口新增仅支持Stage模型的约束"")",entry\src\main\ets\components\sidebar\RightSidebar.ets:179,未修复,接口定义变更
declare class CommonMethod<T>,ArkTS,7.0.0(26) Beta1,ALL,"=HYPERLINK(""https://developer.huawei.com/consumer/cn/doc/harmonyos-releases/changelogs-for-all-apps-7001/#ch2026010615012"",""ArkUI接口新增仅支持Stage模型的约束"")",entry\src\main\ets\components\sidebar\RightSidebar.ets:181,未修复,接口定义变更
declare class CommonMethod<T>,ArkTS,7.0.0(26) Beta1,ALL,"=HYPERLINK(""https://developer.huawei.com/consumer/cn/doc/harmonyos-releases/changelogs-for-all-apps-7001/#ch2026010615012"",""ArkUI接口新增仅支持Stage模型的约束"")",entry\src\main\ets\components\sidebar\RightSidebar.ets:208,未修复,接口定义变更
declare class CommonMethod<T>,ArkTS,7.0.0(26) Beta1,ALL,"=HYPERLINK(""https://developer.huawei.com/consumer/cn/doc/harmonyos-releases/changelogs-for-all-apps-7001/#ch2026010615012"",""ArkUI接口新增仅支持Stage模型的约束"")",entry\src\main\ets\components\sidebar\RightSidebar.ets:223,未修复,接口定义变更
declare class CommonMethod<T>,ArkTS,7.0.0(26) Beta1,ALL,"=HYPERLINK(""https://developer.huawei.com/consumer/cn/doc/harmonyos-releases/changelogs-for-all-apps-7001/#ch2026010615012"",""ArkUI接口新增仅支持Stage模型的约束"")",entry\src\main\ets\components\sidebar\RightSidebar.ets:226,未修复,接口定义变更
declare class CommonMethod<T>,ArkTS,7.0.0(26) Beta1,ALL,"=HYPERLINK(""https://developer.huawei.com/consumer/cn/doc/harmonyos-releases/changelogs-for-all-apps-7001/#ch2026010615012"",""ArkUI接口新增仅支持Stage模型的约束"")",entry\src\main\ets\components\sidebar\RightSidebar.ets:227,未修复,接口定义变更
declare class CommonMethod<T>,ArkTS,7.0.0(26) Beta1,ALL,"=HYPERLINK(""https://developer.huawei.com/consumer/cn/doc/harmonyos-releases/changelogs-for-all-apps-7001/#ch2026010615012"",""ArkUI接口新增仅支持Stage模型的约束"")",entry\src\main\ets\components\sidebar\RightSidebar.ets:238,未修复,接口定义变更
declare class CommonMethod<T>,ArkTS,7.0.0(26) Beta1,ALL,"=HYPERLINK(""https://developer.huawei.com/consumer/cn/doc/harmonyos-releases/changelogs-for-all-apps-7001/#ch2026010615012"",""ArkUI接口新增仅支持Stage模型的约束"")",entry\src\main\ets\components\sidebar\RightSidebar.ets:243,未修复,接口定义变更
declare class CommonMethod<T>,ArkTS,7.0.0(26) Beta1,ALL,"=HYPERLINK(""https://developer.huawei.com/consumer/cn/doc/harmonyos-releases/changelogs-for-all-apps-7001/#ch2026010615012"",""ArkUI接口新增仅支持Stage模型的约束"")",entry\src\main\ets\components\sidebar\RightSidebar.ets:250,未修复,接口定义变更
declare class CommonMethod<T>,ArkTS,7.0.0(26) Beta1,ALL,"=HYPERLINK(""https://developer.huawei.com/consumer/cn/doc/harmonyos-releases/changelogs-for-all-apps-7001/#ch2026010615012"",""ArkUI接口新增仅支持Stage模型的约束"")",entry\src\main\ets\components\sidebar\RightSidebar.ets:254,未修复,接口定义变更
declare class CommonMethod<T>,ArkTS,7.0.0(26) Beta1,ALL,"=HYPERLINK(""https://developer.huawei.com/consumer/cn/doc/harmonyos-releases/changelogs-for-all-apps-7001/#ch2026010615012"",""ArkUI接口新增仅支持Stage模型的约束"")",entry\src\main\ets\components\sidebar\RightSidebar.ets:255,未修复,接口定义变更
declare class CommonMethod<T>,ArkTS,7.0.0(26) Beta1,ALL,"=HYPERLINK(""https://developer.huawei.com/consumer/cn/doc/harmonyos-releases/changelogs-for-all-apps-7001/#ch2026010615012"",""ArkUI接口新增仅支持Stage模型的约束"")",entry\src\main\ets\components\sidebar\RightSidebar.ets:266,未修复,接口定义变更
declare class CommonMethod<T>,ArkTS,7.0.0(26) Beta1,ALL,"=HYPERLINK(""https://developer.huawei.com/consumer/cn/doc/harmonyos-releases/changelogs-for-all-apps-7001/#ch2026010615012"",""ArkUI接口新增仅支持Stage模型的约束"")",entry\src\main\ets\components\sidebar\RightSidebar.ets:277,未修复,接口定义变更
declare class CommonMethod<T>,ArkTS,7.0.0(26) Beta1,ALL,"=HYPERLINK(""https://developer.huawei.com/consumer/cn/doc/harmonyos-releases/changelogs-for-all-apps-7001/#ch2026010615012"",""ArkUI接口新增仅支持Stage模型的约束"")",entry\src\main\ets\components\sidebar\RightSidebar.ets:281,未修复,接口定义变更
declare class CommonMethod<T>,ArkTS,7.0.0(26) Beta1,ALL,"=HYPERLINK(""https://developer.huawei.com/consumer/cn/doc/harmonyos-releases/changelogs-for-all-apps-7001/#ch2026010615012"",""ArkUI接口新增仅支持Stage模型的约束"")",entry\src\main\ets\components\sidebar\RightSidebar.ets:282,未修复,接口定义变更
declare class CommonMethod<T>,ArkTS,7.0.0(26) Beta1,ALL,"=HYPERLINK(""https://developer.huawei.com/consumer/cn/doc/harmonyos-releases/changelogs-for-all-apps-7001/#ch2026010615012"",""ArkUI接口新增仅支持Stage模型的约束"")",entry\src\main\ets\components\sidebar\RightSidebar.ets:298,未修复,接口定义变更
declare class CommonMethod<T>,ArkTS,7.0.0(26) Beta1,ALL,"=HYPERLINK(""https://developer.huawei.com/consumer/cn/doc/harmonyos-releases/changelogs-for-all-apps-7001/#ch2026010615012"",""ArkUI接口新增仅支持Stage模型的约束"")",entry\src\main\ets\components\sidebar\RightSidebar.ets:312,未修复,接口定义变更
declare class CommonMethod<T>,ArkTS,7.0.0(26) Beta1,ALL,"=HYPERLINK(""https://developer.huawei.com/consumer/cn/doc/harmonyos-releases/changelogs-for-all-apps-7001/#ch2026010615012"",""ArkUI接口新增仅支持Stage模型的约束"")",entry\src\main\ets\components\sidebar\RightSidebar.ets:325,未修复,接口定义变更
declare class CommonMethod<T>,ArkTS,7.0.0(26) Beta1,ALL,"=HYPERLINK(""https://developer.huawei.com/consumer/cn/doc/harmonyos-releases/changelogs-for-all-apps-7001/#ch2026010615012"",""ArkUI接口新增仅支持Stage模型的约束"")",entry\src\main\ets\components\sidebar\RightSidebar.ets:327,未修复,接口定义变更
declare class CommonMethod<T>,ArkTS,7.0.0(26) Beta1,ALL,"=HYPERLINK(""https://developer.huawei.com/consumer/cn/doc/harmonyos-releases/changelogs-for-all-apps-7001/#ch2026010615012"",""ArkUI接口新增仅支持Stage模型的约束"")",entry\src\main\ets\components\sidebar\RightSidebar.ets:328,未修复,接口定义变更
declare class CommonMethod<T>,ArkTS,7.0.0(26) Beta1,ALL,"=HYPERLINK(""https://developer.huawei.com/consumer/cn/doc/harmonyos-releases/changelogs-for-all-apps-7001/#ch2026010615012"",""ArkUI接口新增仅支持Stage模型的约束"")",entry\src\main\ets\components\sidebar\RightSidebar.ets:60,未修复,接口定义变更
declare class CommonMethod<T>,ArkTS,7.0.0(26) Beta1,ALL,"=HYPERLINK(""https://developer.huawei.com/consumer/cn/doc/harmonyos-releases/changelogs-for-all-apps-7001/#ch2026010615012"",""ArkUI接口新增仅支持Stage模型的约束"")",entry\src\main\ets\components\sidebar\RightSidebar.ets:72,未修复,接口定义变更
declare class CommonMethod<T>,ArkTS,7.0.0(26) Beta1,ALL,"=HYPERLINK(""https://developer.huawei.com/consumer/cn/doc/harmonyos-releases/changelogs-for-all-apps-7001/#ch2026010615012"",""ArkUI接口新增仅支持Stage模型的约束"")",entry\src\main\ets\components\sidebar\RightSidebar.ets:73,未修复,接口定义变更
declare class CommonMethod<T>,ArkTS,7.0.0(26) Beta1,ALL,"=HYPERLINK(""https://developer.huawei.com/consumer/cn/doc/harmonyos-releases/changelogs-for-all-apps-7001/#ch2026010615012"",""ArkUI接口新增仅支持Stage模型的约束"")",entry\src\main\ets\components\sidebar\RightSidebar.ets:75,未修复,接口定义变更
declare class CommonMethod<T>,ArkTS,7.0.0(26) Beta1,ALL,"=HYPERLINK(""https://developer.huawei.com/consumer/cn/doc/harmonyos-releases/changelogs-for-all-apps-7001/#ch2026010615012"",""ArkUI接口新增仅支持Stage模型的约束"")",entry\src\main\ets\components\sidebar\RightSidebar.ets:76,未修复,接口定义变更
declare class CommonMethod<T>,ArkTS,7.0.0(26) Beta1,ALL,"=HYPERLINK(""https://developer.huawei.com/consumer/cn/doc/harmonyos-releases/changelogs-for-all-apps-7001/#ch2026010615012"",""ArkUI接口新增仅支持Stage模型的约束"")",entry\src\main\ets\components\sidebar\RightSidebar.ets:77,未修复,接口定义变更
declare class CommonMethod<T>,ArkTS,7.0.0(26) Beta1,ALL,"=HYPERLINK(""https://developer.huawei.com/consumer/cn/doc/harmonyos-releases/changelogs-for-all-apps-7001/#ch2026010615012"",""ArkUI接口新增仅支持Stage模型的约束"")",entry\src\main\ets\components\sidebar\RightSidebar.ets:80,未修复,接口定义变更
declare class CommonMethod<T>,ArkTS,7.0.0(26) Beta1,ALL,"=HYPERLINK(""https://developer.huawei.com/consumer/cn/doc/harmonyos-releases/changelogs-for-all-apps-7001/#ch2026010615012"",""ArkUI接口新增仅支持Stage模型的约束"")",entry\src\main\ets\components\sidebar\RightSidebar.ets:81,未修复,接口定义变更
declare class CommonMethod<T>,ArkTS,7.0.0(26) Beta1,ALL,"=HYPERLINK(""https://developer.huawei.com/consumer/cn/doc/harmonyos-releases/changelogs-for-all-apps-7001/#ch2026010615012"",""ArkUI接口新增仅支持Stage模型的约束"")",entry\src\main\ets\components\sidebar\RightSidebar.ets:82,未修复,接口定义变更
declare class CommonMethod<T>,ArkTS,7.0.0(26) Beta1,ALL,"=HYPERLINK(""https://developer.huawei.com/consumer/cn/doc/harmonyos-releases/changelogs-for-all-apps-7001/#ch2026010615012"",""ArkUI接口新增仅支持Stage模型的约束"")",entry\src\main\ets\components\sidebar\RightSidebar.ets:83,未修复,接口定义变更
declare class CommonMethod<T>,ArkTS,7.0.0(26) Beta1,ALL,"=HYPERLINK(""https://developer.huawei.com/consumer/cn/doc/harmonyos-releases/changelogs-for-all-apps-7001/#ch2026010615012"",""ArkUI接口新增仅支持Stage模型的约束"")",entry\src\main\ets\components\sidebar\RightSidebar.ets:99,未修复,接口定义变更
declare class CommonMethod<T>,ArkTS,7.0.0(26) Beta1,ALL,"=HYPERLINK(""https://developer.huawei.com/consumer/cn/doc/harmonyos-releases/changelogs-for-all-apps-7001/#ch2026010615012"",""ArkUI接口新增仅支持Stage模型的约束"")",entry\src\main\ets\components\whiteboard\WbConnector.ets:213,未修复,接口定义变更
declare class CommonMethod<T>,ArkTS,7.0.0(26) Beta1,ALL,"=HYPERLINK(""https://developer.huawei.com/consumer/cn/doc/harmonyos-releases/changelogs-for-all-apps-7001/#ch2026010615012"",""ArkUI接口新增仅支持Stage模型的约束"")",entry\src\main\ets\components\whiteboard\WbConnector.ets:218,未修复,接口定义变更
declare class CommonMethod<T>,ArkTS,7.0.0(26) Beta1,ALL,"=HYPERLINK(""https://developer.huawei.com/consumer/cn/doc/harmonyos-releases/changelogs-for-all-apps-7001/#ch2026010615012"",""ArkUI接口新增仅支持Stage模型的约束"")",entry\src\main\ets\components\whiteboard\WbConnector.ets:225,未修复,接口定义变更
declare class CommonMethod<T>,ArkTS,7.0.0(26) Beta1,ALL,"=HYPERLINK(""https://developer.huawei.com/consumer/cn/doc/harmonyos-releases/changelogs-for-all-apps-7001/#ch2026010615012"",""ArkUI接口新增仅支持Stage模型的约束"")",entry\src\main\ets\components\whiteboard\WbConnector.ets:226,未修复,接口定义变更
declare class CommonMethod<T>,ArkTS,7.0.0(26) Beta1,ALL,"=HYPERLINK(""https://developer.huawei.com/consumer/cn/doc/harmonyos-releases/changelogs-for-all-apps-7001/#ch2026010615012"",""ArkUI接口新增仅支持Stage模型的约束"")",entry\src\main\ets\components\whiteboard\WbConnector.ets:235,未修复,接口定义变更
declare class CommonMethod<T>,ArkTS,7.0.0(26) Beta1,ALL,"=HYPERLINK(""https://developer.huawei.com/consumer/cn/doc/harmonyos-releases/changelogs-for-all-apps-7001/#ch2026010615012"",""ArkUI接口新增仅支持Stage模型的约束"")",entry\src\main\ets\components\whiteboard\WbConnector.ets:236,未修复,接口定义变更
declare class CommonMethod<T>,ArkTS,7.0.0(26) Beta1,ALL,"=HYPERLINK(""https://developer.huawei.com/consumer/cn/doc/harmonyos-releases/changelogs-for-all-apps-7001/#ch2026010615012"",""ArkUI接口新增仅支持Stage模型的约束"")",entry\src\main\ets\components\whiteboard\WbConnector.ets:248,未修复,接口定义变更
declare class CommonMethod<T>,ArkTS,7.0.0(26) Beta1,ALL,"=HYPERLINK(""https://developer.huawei.com/consumer/cn/doc/harmonyos-releases/changelogs-for-all-apps-7001/#ch2026010615012"",""ArkUI接口新增仅支持Stage模型的约束"")",entry\src\main\ets\components\whiteboard\WbConnector.ets:249,未修复,接口定义变更
declare class CommonMethod<T>,ArkTS,7.0.0(26) Beta1,ALL,"=HYPERLINK(""https://developer.huawei.com/consumer/cn/doc/harmonyos-releases/changelogs-for-all-apps-7001/#ch2026010615012"",""ArkUI接口新增仅支持Stage模型的约束"")",entry\src\main\ets\components\whiteboard\WbConnector.ets:250,未修复,接口定义变更
declare class CommonMethod<T>,ArkTS,7.0.0(26) Beta1,ALL,"=HYPERLINK(""https://developer.huawei.com/consumer/cn/doc/harmonyos-releases/changelogs-for-all-apps-7001/#ch2026010615012"",""ArkUI接口新增仅支持Stage模型的约束"")",entry\src\main\ets\components\whiteboard\WbConnector.ets:254,未修复,接口定义变更
declare class CommonMethod<T>,ArkTS,7.0.0(26) Beta1,ALL,"=HYPERLINK(""https://developer.huawei.com/consumer/cn/doc/harmonyos-releases/changelogs-for-all-apps-7001/#ch2026010615012"",""ArkUI接口新增仅支持Stage模型的约束"")",entry\src\main\ets\components\whiteboard\WbPageRef.ets:100,未修复,接口定义变更
declare class CommonMethod<T>,ArkTS,7.0.0(26) Beta1,ALL,"=HYPERLINK(""https://developer.huawei.com/consumer/cn/doc/harmonyos-releases/changelogs-for-all-apps-7001/#ch2026010615012"",""ArkUI接口新增仅支持Stage模型的约束"")",entry\src\main\ets\components\whiteboard\WbPageRef.ets:101,未修复,接口定义变更
declare class CommonMethod<T>,ArkTS,7.0.0(26) Beta1,ALL,"=HYPERLINK(""https://developer.huawei.com/consumer/cn/doc/harmonyos-releases/changelogs-for-all-apps-7001/#ch2026010615012"",""ArkUI接口新增仅支持Stage模型的约束"")",entry\src\main\ets\components\whiteboard\WbPageRef.ets:102,未修复,接口定义变更
declare class CommonMethod<T>,ArkTS,7.0.0(26) Beta1,ALL,"=HYPERLINK(""https://developer.huawei.com/consumer/cn/doc/harmonyos-releases/changelogs-for-all-apps-7001/#ch2026010615012"",""ArkUI接口新增仅支持Stage模型的约束"")",entry\src\main\ets\components\whiteboard\WbPageRef.ets:103,未修复,接口定义变更
declare class CommonMethod<T>,ArkTS,7.0.0(26) Beta1,ALL,"=HYPERLINK(""https://developer.huawei.com/consumer/cn/doc/harmonyos-releases/changelogs-for-all-apps-7001/#ch2026010615012"",""ArkUI接口新增仅支持Stage模型的约束"")",entry\src\main\ets\components\whiteboard\WbPageRef.ets:104,未修复,接口定义变更
declare class CommonMethod<T>,ArkTS,7.0.0(26) Beta1,ALL,"=HYPERLINK(""https://developer.huawei.com/consumer/cn/doc/harmonyos-releases/changelogs-for-all-apps-7001/#ch2026010615012"",""ArkUI接口新增仅支持Stage模型的约束"")",entry\src\main\ets\components\whiteboard\WbPageRef.ets:108,未修复,接口定义变更
declare class CommonMethod<T>,ArkTS,7.0.0(26) Beta1,ALL,"=HYPERLINK(""https://developer.huawei.com/consumer/cn/doc/harmonyos-releases/changelogs-for-all-apps-7001/#ch2026010615012"",""ArkUI接口新增仅支持Stage模型的约束"")",entry\src\main\ets\components\whiteboard\WbPageRef.ets:112,未修复,接口定义变更
declare class CommonMethod<T>,ArkTS,7.0.0(26) Beta1,ALL,"=HYPERLINK(""https://developer.huawei.com/consumer/cn/doc/harmonyos-releases/changelogs-for-all-apps-7001/#ch2026010615012"",""ArkUI接口新增仅支持Stage模型的约束"")",entry\src\main\ets\components\whiteboard\WbPageRef.ets:66,未修复,接口定义变更
declare class CommonMethod<T>,ArkTS,7.0.0(26) Beta1,ALL,"=HYPERLINK(""https://developer.huawei.com/consumer/cn/doc/harmonyos-releases/changelogs-for-all-apps-7001/#ch2026010615012"",""ArkUI接口新增仅支持Stage模型的约束"")",entry\src\main\ets\components\whiteboard\WbPageRef.ets:70,未修复,接口定义变更
declare class CommonMethod<T>,ArkTS,7.0.0(26) Beta1,ALL,"=HYPERLINK(""https://developer.huawei.com/consumer/cn/doc/harmonyos-releases/changelogs-for-all-apps-7001/#ch2026010615012"",""ArkUI接口新增仅支持Stage模型的约束"")",entry\src\main\ets\components\whiteboard\WbPageRef.ets:78,未修复,接口定义变更
declare class CommonMethod<T>,ArkTS,7.0.0(26) Beta1,ALL,"=HYPERLINK(""https://developer.huawei.com/consumer/cn/doc/harmonyos-releases/changelogs-for-all-apps-7001/#ch2026010615012"",""ArkUI接口新增仅支持Stage模型的约束"")",entry\src\main\ets\components\whiteboard\WbPageRef.ets:94,未修复,接口定义变更
declare class CommonMethod<T>,ArkTS,7.0.0(26) Beta1,ALL,"=HYPERLINK(""https://developer.huawei.com/consumer/cn/doc/harmonyos-releases/changelogs-for-all-apps-7001/#ch2026010615012"",""ArkUI接口新增仅支持Stage模型的约束"")",entry\src\main\ets\components\whiteboard\WbPageRef.ets:96,未修复,接口定义变更
declare class CommonMethod<T>,ArkTS,7.0.0(26) Beta1,ALL,"=HYPERLINK(""https://developer.huawei.com/consumer/cn/doc/harmonyos-releases/changelogs-for-all-apps-7001/#ch2026010615012"",""ArkUI接口新增仅支持Stage模型的约束"")",entry\src\main\ets\components\whiteboard\WbShape.ets:106,未修复,接口定义变更
declare class CommonMethod<T>,ArkTS,7.0.0(26) Beta1,ALL,"=HYPERLINK(""https://developer.huawei.com/consumer/cn/doc/harmonyos-releases/changelogs-for-all-apps-7001/#ch2026010615012"",""ArkUI接口新增仅支持Stage模型的约束"")",entry\src\main\ets\components\whiteboard\WbShape.ets:107,未修复,接口定义变更
declare class CommonMethod<T>,ArkTS,7.0.0(26) Beta1,ALL,"=HYPERLINK(""https://developer.huawei.com/consumer/cn/doc/harmonyos-releases/changelogs-for-all-apps-7001/#ch2026010615012"",""ArkUI接口新增仅支持Stage模型的约束"")",entry\src\main\ets\components\whiteboard\WbShape.ets:108,未修复,接口定义变更
declare class CommonMethod<T>,ArkTS,7.0.0(26) Beta1,ALL,"=HYPERLINK(""https://developer.huawei.com/consumer/cn/doc/harmonyos-releases/changelogs-for-all-apps-7001/#ch2026010615012"",""ArkUI接口新增仅支持Stage模型的约束"")",entry\src\main\ets\components\whiteboard\WbShape.ets:109,未修复,接口定义变更
declare class CommonMethod<T>,ArkTS,7.0.0(26) Beta1,ALL,"=HYPERLINK(""https://developer.huawei.com/consumer/cn/doc/harmonyos-releases/changelogs-for-all-apps-7001/#ch2026010615012"",""ArkUI接口新增仅支持Stage模型的约束"")",entry\src\main\ets\components\whiteboard\WbShape.ets:110,未修复,接口定义变更
declare class CommonMethod<T>,ArkTS,7.0.0(26) Beta1,ALL,"=HYPERLINK(""https://developer.huawei.com/consumer/cn/doc/harmonyos-releases/changelogs-for-all-apps-7001/#ch2026010615012"",""ArkUI接口新增仅支持Stage模型的约束"")",entry\src\main\ets\components\whiteboard\WbShape.ets:111,未修复,接口定义变更
declare class CommonMethod<T>,ArkTS,7.0.0(26) Beta1,ALL,"=HYPERLINK(""https://developer.huawei.com/consumer/cn/doc/harmonyos-releases/changelogs-for-all-apps-7001/#ch2026010615012"",""ArkUI接口新增仅支持Stage模型的约束"")",entry\src\main\ets\components\whiteboard\WbShape.ets:114,未修复,接口定义变更
declare class CommonMethod<T>,ArkTS,7.0.0(26) Beta1,ALL,"=HYPERLINK(""https://developer.huawei.com/consumer/cn/doc/harmonyos-releases/changelogs-for-all-apps-7001/#ch2026010615012"",""ArkUI接口新增仅支持Stage模型的约束"")",entry\src\main\ets\components\whiteboard\WbShape.ets:120,未修复,接口定义变更
declare class CommonMethod<T>,ArkTS,7.0.0(26) Beta1,ALL,"=HYPERLINK(""https://developer.huawei.com/consumer/cn/doc/harmonyos-releases/changelogs-for-all-apps-7001/#ch2026010615012"",""ArkUI接口新增仅支持Stage模型的约束"")",entry\src\main\ets\components\whiteboard\WbShape.ets:121,未修复,接口定义变更
declare class CommonMethod<T>,ArkTS,7.0.0(26) Beta1,ALL,"=HYPERLINK(""https://developer.huawei.com/consumer/cn/doc/harmonyos-releases/changelogs-for-all-apps-7001/#ch2026010615012"",""ArkUI接口新增仅支持Stage模型的约束"")",entry\src\main\ets\components\whiteboard\WbShape.ets:122,未修复,接口定义变更
declare class CommonMethod<T>,ArkTS,7.0.0(26) Beta1,ALL,"=HYPERLINK(""https://developer.huawei.com/consumer/cn/doc/harmonyos-releases/changelogs-for-all-apps-7001/#ch2026010615012"",""ArkUI接口新增仅支持Stage模型的约束"")",entry\src\main\ets\components\whiteboard\WbShape.ets:143,未修复,接口定义变更
declare class CommonMethod<T>,ArkTS,7.0.0(26) Beta1,ALL,"=HYPERLINK(""https://developer.huawei.com/consumer/cn/doc/harmonyos-releases/changelogs-for-all-apps-7001/#ch2026010615012"",""ArkUI接口新增仅支持Stage模型的约束"")",entry\src\main\ets\components\whiteboard\WbShape.ets:144,未修复,接口定义变更
declare class CommonMethod<T>,ArkTS,7.0.0(26) Beta1,ALL,"=HYPERLINK(""https://developer.huawei.com/consumer/cn/doc/harmonyos-releases/changelogs-for-all-apps-7001/#ch2026010615012"",""ArkUI接口新增仅支持Stage模型的约束"")",entry\src\main\ets\components\whiteboard\WbShape.ets:147,未修复,接口定义变更
declare class CommonMethod<T>,ArkTS,7.0.0(26) Beta1,ALL,"=HYPERLINK(""https://developer.huawei.com/consumer/cn/doc/harmonyos-releases/changelogs-for-all-apps-7001/#ch2026010615012"",""ArkUI接口新增仅支持Stage模型的约束"")",entry\src\main\ets\components\whiteboard\WbShape.ets:148,未修复,接口定义变更
declare class CommonMethod<T>,ArkTS,7.0.0(26) Beta1,ALL,"=HYPERLINK(""https://developer.huawei.com/consumer/cn/doc/harmonyos-releases/changelogs-for-all-apps-7001/#ch2026010615012"",""ArkUI接口新增仅支持Stage模型的约束"")",entry\src\main\ets\components\whiteboard\WbShape.ets:149,未修复,接口定义变更
declare class CommonMethod<T>,ArkTS,7.0.0(26) Beta1,ALL,"=HYPERLINK(""https://developer.huawei.com/consumer/cn/doc/harmonyos-releases/changelogs-for-all-apps-7001/#ch2026010615012"",""ArkUI接口新增仅支持Stage模型的约束"")",entry\src\main\ets\components\whiteboard\WbShape.ets:150,未修复,接口定义变更
declare class CommonMethod<T>,ArkTS,7.0.0(26) Beta1,ALL,"=HYPERLINK(""https://developer.huawei.com/consumer/cn/doc/harmonyos-releases/changelogs-for-all-apps-7001/#ch2026010615012"",""ArkUI接口新增仅支持Stage模型的约束"")",entry\src\main\ets\components\whiteboard\WbShape.ets:151,未修复,接口定义变更
declare class CommonMethod<T>,ArkTS,7.0.0(26) Beta1,ALL,"=HYPERLINK(""https://developer.huawei.com/consumer/cn/doc/harmonyos-releases/changelogs-for-all-apps-7001/#ch2026010615012"",""ArkUI接口新增仅支持Stage模型的约束"")",entry\src\main\ets\components\whiteboard\WbShape.ets:179,未修复,接口定义变更
declare class CommonMethod<T>,ArkTS,7.0.0(26) Beta1,ALL,"=HYPERLINK(""https://developer.huawei.com/consumer/cn/doc/harmonyos-releases/changelogs-for-all-apps-7001/#ch2026010615012"",""ArkUI接口新增仅支持Stage模型的约束"")",entry\src\main\ets\components\whiteboard\WbShape.ets:190,未修复,接口定义变更
declare class CommonMethod<T>,ArkTS,7.0.0(26) Beta1,ALL,"=HYPERLINK(""https://developer.huawei.com/consumer/cn/doc/harmonyos-releases/changelogs-for-all-apps-7001/#ch2026010615012"",""ArkUI接口新增仅支持Stage模型的约束"")",entry\src\main\ets\components\whiteboard\WbShape.ets:192,未修复,接口定义变更
declare class CommonMethod<T>,ArkTS,7.0.0(26) Beta1,ALL,"=HYPERLINK(""https://developer.huawei.com/consumer/cn/doc/harmonyos-releases/changelogs-for-all-apps-7001/#ch2026010615012"",""ArkUI接口新增仅支持Stage模型的约束"")",entry\src\main\ets\components\whiteboard\WbShape.ets:193,未修复,接口定义变更
declare class CommonMethod<T>,ArkTS,7.0.0(26) Beta1,ALL,"=HYPERLINK(""https://developer.huawei.com/consumer/cn/doc/harmonyos-releases/changelogs-for-all-apps-7001/#ch2026010615012"",""ArkUI接口新增仅支持Stage模型的约束"")",entry\src\main\ets\components\whiteboard\WbShape.ets:201,未修复,接口定义变更
declare class CommonMethod<T>,ArkTS,7.0.0(26) Beta1,ALL,"=HYPERLINK(""https://developer.huawei.com/consumer/cn/doc/harmonyos-releases/changelogs-for-all-apps-7001/#ch2026010615012"",""ArkUI接口新增仅支持Stage模型的约束"")",entry\src\main\ets\components\whiteboard\WbShape.ets:202,未修复,接口定义变更
declare class CommonMethod<T>,ArkTS,7.0.0(26) Beta1,ALL,"=HYPERLINK(""https://developer.huawei.com/consumer/cn/doc/harmonyos-releases/changelogs-for-all-apps-7001/#ch2026010615012"",""ArkUI接口新增仅支持Stage模型的约束"")",entry\src\main\ets\components\whiteboard\WbShape.ets:203,未修复,接口定义变更
declare class CommonMethod<T>,ArkTS,7.0.0(26) Beta1,ALL,"=HYPERLINK(""https://developer.huawei.com/consumer/cn/doc/harmonyos-releases/changelogs-for-all-apps-7001/#ch2026010615012"",""ArkUI接口新增仅支持Stage模型的约束"")",entry\src\main\ets\components\whiteboard\WbShape.ets:204,未修复,接口定义变更
declare class CommonMethod<T>,ArkTS,7.0.0(26) Beta1,ALL,"=HYPERLINK(""https://developer.huawei.com/consumer/cn/doc/harmonyos-releases/changelogs-for-all-apps-7001/#ch2026010615012"",""ArkUI接口新增仅支持Stage模型的约束"")",entry\src\main\ets\components\whiteboard\WbShape.ets:208,未修复,接口定义变更
declare class CommonMethod<T>,ArkTS,7.0.0(26) Beta1,ALL,"=HYPERLINK(""https://developer.huawei.com/consumer/cn/doc/harmonyos-releases/changelogs-for-all-apps-7001/#ch2026010615012"",""ArkUI接口新增仅支持Stage模型的约束"")",entry\src\main\ets\components\whiteboard\WbShape.ets:209,未修复,接口定义变更
declare class CommonMethod<T>,ArkTS,7.0.0(26) Beta1,ALL,"=HYPERLINK(""https://developer.huawei.com/consumer/cn/doc/harmonyos-releases/changelogs-for-all-apps-7001/#ch2026010615012"",""ArkUI接口新增仅支持Stage模型的约束"")",entry\src\main\ets\components\whiteboard\WbShape.ets:210,未修复,接口定义变更
declare class CommonMethod<T>,ArkTS,7.0.0(26) Beta1,ALL,"=HYPERLINK(""https://developer.huawei.com/consumer/cn/doc/harmonyos-releases/changelogs-for-all-apps-7001/#ch2026010615012"",""ArkUI接口新增仅支持Stage模型的约束"")",entry\src\main\ets\components\whiteboard\WbShape.ets:72,未修复,接口定义变更
declare class CommonMethod<T>,ArkTS,7.0.0(26) Beta1,ALL,"=HYPERLINK(""https://developer.huawei.com/consumer/cn/doc/harmonyos-releases/changelogs-for-all-apps-7001/#ch2026010615012"",""ArkUI接口新增仅支持Stage模型的约束"")",entry\src\main\ets\components\whiteboard\WbShape.ets:73,未修复,接口定义变更
declare class CommonMethod<T>,ArkTS,7.0.0(26) Beta1,ALL,"=HYPERLINK(""https://developer.huawei.com/consumer/cn/doc/harmonyos-releases/changelogs-for-all-apps-7001/#ch2026010615012"",""ArkUI接口新增仅支持Stage模型的约束"")",entry\src\main\ets\components\whiteboard\WbShape.ets:74,未修复,接口定义变更
declare class CommonMethod<T>,ArkTS,7.0.0(26) Beta1,ALL,"=HYPERLINK(""https://developer.huawei.com/consumer/cn/doc/harmonyos-releases/changelogs-for-all-apps-7001/#ch2026010615012"",""ArkUI接口新增仅支持Stage模型的约束"")",entry\src\main\ets\components\whiteboard\WbShape.ets:75,未修复,接口定义变更
declare class CommonMethod<T>,ArkTS,7.0.0(26) Beta1,ALL,"=HYPERLINK(""https://developer.huawei.com/consumer/cn/doc/harmonyos-releases/changelogs-for-all-apps-7001/#ch2026010615012"",""ArkUI接口新增仅支持Stage模型的约束"")",entry\src\main\ets\components\whiteboard\WbShape.ets:76,未修复,接口定义变更
declare class CommonMethod<T>,ArkTS,7.0.0(26) Beta1,ALL,"=HYPERLINK(""https://developer.huawei.com/consumer/cn/doc/harmonyos-releases/changelogs-for-all-apps-7001/#ch2026010615012"",""ArkUI接口新增仅支持Stage模型的约束"")",entry\src\main\ets\components\whiteboard\WbShape.ets:79,未修复,接口定义变更
declare class CommonMethod<T>,ArkTS,7.0.0(26) Beta1,ALL,"=HYPERLINK(""https://developer.huawei.com/consumer/cn/doc/harmonyos-releases/changelogs-for-all-apps-7001/#ch2026010615012"",""ArkUI接口新增仅支持Stage模型的约束"")",entry\src\main\ets\components\whiteboard\WbShape.ets:89,未修复,接口定义变更
declare class CommonMethod<T>,ArkTS,7.0.0(26) Beta1,ALL,"=HYPERLINK(""https://developer.huawei.com/consumer/cn/doc/harmonyos-releases/changelogs-for-all-apps-7001/#ch2026010615012"",""ArkUI接口新增仅支持Stage模型的约束"")",entry\src\main\ets\components\whiteboard\WbShape.ets:90,未修复,接口定义变更
declare class CommonMethod<T>,ArkTS,7.0.0(26) Beta1,ALL,"=HYPERLINK(""https://developer.huawei.com/consumer/cn/doc/harmonyos-releases/changelogs-for-all-apps-7001/#ch2026010615012"",""ArkUI接口新增仅支持Stage模型的约束"")",entry\src\main\ets\components\whiteboard\WbShape.ets:91,未修复,接口定义变更
declare class CommonMethod<T>,ArkTS,7.0.0(26) Beta1,ALL,"=HYPERLINK(""https://developer.huawei.com/consumer/cn/doc/harmonyos-releases/changelogs-for-all-apps-7001/#ch2026010615012"",""ArkUI接口新增仅支持Stage模型的约束"")",entry\src\main\ets\components\whiteboard\WbShape.ets:92,未修复,接口定义变更
declare class CommonMethod<T>,ArkTS,7.0.0(26) Beta1,ALL,"=HYPERLINK(""https://developer.huawei.com/consumer/cn/doc/harmonyos-releases/changelogs-for-all-apps-7001/#ch2026010615012"",""ArkUI接口新增仅支持Stage模型的约束"")",entry\src\main\ets\components\whiteboard\WbShape.ets:93,未修复,接口定义变更
declare class CommonMethod<T>,ArkTS,7.0.0(26) Beta1,ALL,"=HYPERLINK(""https://developer.huawei.com/consumer/cn/doc/harmonyos-releases/changelogs-for-all-apps-7001/#ch2026010615012"",""ArkUI接口新增仅支持Stage模型的约束"")",entry\src\main\ets\components\whiteboard\WbShape.ets:96,未修复,接口定义变更
declare class CommonMethod<T>,ArkTS,7.0.0(26) Beta1,ALL,"=HYPERLINK(""https://developer.huawei.com/consumer/cn/doc/harmonyos-releases/changelogs-for-all-apps-7001/#ch2026010615012"",""ArkUI接口新增仅支持Stage模型的约束"")",entry\src\main\ets\components\whiteboard\Whiteboard.ets:1003,未修复,接口定义变更
declare class CommonMethod<T>,ArkTS,7.0.0(26) Beta1,ALL,"=HYPERLINK(""https://developer.huawei.com/consumer/cn/doc/harmonyos-releases/changelogs-for-all-apps-7001/#ch2026010615012"",""ArkUI接口新增仅支持Stage模型的约束"")",entry\src\main\ets\components\whiteboard\Whiteboard.ets:1004,未修复,接口定义变更
declare class CommonMethod<T>,ArkTS,7.0.0(26) Beta1,ALL,"=HYPERLINK(""https://developer.huawei.com/consumer/cn/doc/harmonyos-releases/changelogs-for-all-apps-7001/#ch2026010615012"",""ArkUI接口新增仅支持Stage模型的约束"")",entry\src\main\ets\components\whiteboard\Whiteboard.ets:1007,未修复,接口定义变更
declare class CommonMethod<T>,ArkTS,7.0.0(26) Beta1,ALL,"=HYPERLINK(""https://developer.huawei.com/consumer/cn/doc/harmonyos-releases/changelogs-for-all-apps-7001/#ch2026010615012"",""ArkUI接口新增仅支持Stage模型的约束"")",entry\src\main\ets\components\whiteboard\Whiteboard.ets:1014,未修复,接口定义变更
declare class CommonMethod<T>,ArkTS,7.0.0(26) Beta1,ALL,"=HYPERLINK(""https://developer.huawei.com/consumer/cn/doc/harmonyos-releases/changelogs-for-all-apps-7001/#ch2026010615012"",""ArkUI接口新增仅支持Stage模型的约束"")",entry\src\main\ets\components\whiteboard\Whiteboard.ets:1017,未修复,接口定义变更
declare class CommonMethod<T>,ArkTS,7.0.0(26) Beta1,ALL,"=HYPERLINK(""https://developer.huawei.com/consumer/cn/doc/harmonyos-releases/changelogs-for-all-apps-7001/#ch2026010615012"",""ArkUI接口新增仅支持Stage模型的约束"")",entry\src\main\ets\components\whiteboard\Whiteboard.ets:1027,未修复,接口定义变更
declare class CommonMethod<T>,ArkTS,7.0.0(26) Beta1,ALL,"=HYPERLINK(""https://developer.huawei.com/consumer/cn/doc/harmonyos-releases/changelogs-for-all-apps-7001/#ch2026010615012"",""ArkUI接口新增仅支持Stage模型的约束"")",entry\src\main\ets\components\whiteboard\Whiteboard.ets:1028,未修复,接口定义变更
declare class CommonMethod<T>,ArkTS,7.0.0(26) Beta1,ALL,"=HYPERLINK(""https://developer.huawei.com/consumer/cn/doc/harmonyos-releases/changelogs-for-all-apps-7001/#ch2026010615012"",""ArkUI接口新增仅支持Stage模型的约束"")",entry\src\main\ets\components\whiteboard\Whiteboard.ets:1031,未修复,接口定义变更
declare class CommonMethod<T>,ArkTS,7.0.0(26) Beta1,ALL,"=HYPERLINK(""https://developer.huawei.com/consumer/cn/doc/harmonyos-releases/changelogs-for-all-apps-7001/#ch2026010615012"",""ArkUI接口新增仅支持Stage模型的约束"")",entry\src\main\ets\components\whiteboard\Whiteboard.ets:1036,未修复,接口定义变更
declare class CommonMethod<T>,ArkTS,7.0.0(26) Beta1,ALL,"=HYPERLINK(""https://developer.huawei.com/consumer/cn/doc/harmonyos-releases/changelogs-for-all-apps-7001/#ch2026010615012"",""ArkUI接口新增仅支持Stage模型的约束"")",entry\src\main\ets\components\whiteboard\Whiteboard.ets:1039,未修复,接口定义变更
declare class CommonMethod<T>,ArkTS,7.0.0(26) Beta1,ALL,"=HYPERLINK(""https://developer.huawei.com/consumer/cn/doc/harmonyos-releases/changelogs-for-all-apps-7001/#ch2026010615012"",""ArkUI接口新增仅支持Stage模型的约束"")",entry\src\main\ets\components\whiteboard\Whiteboard.ets:1050,未修复,接口定义变更
declare class CommonMethod<T>,ArkTS,7.0.0(26) Beta1,ALL,"=HYPERLINK(""https://developer.huawei.com/consumer/cn/doc/harmonyos-releases/changelogs-for-all-apps-7001/#ch2026010615012"",""ArkUI接口新增仅支持Stage模型的约束"")",entry\src\main\ets\components\whiteboard\Whiteboard.ets:1051,未修复,接口定义变更
declare class CommonMethod<T>,ArkTS,7.0.0(26) Beta1,ALL,"=HYPERLINK(""https://developer.huawei.com/consumer/cn/doc/harmonyos-releases/changelogs-for-all-apps-7001/#ch2026010615012"",""ArkUI接口新增仅支持Stage模型的约束"")",entry\src\main\ets\components\whiteboard\Whiteboard.ets:1054,未修复,接口定义变更
declare class CommonMethod<T>,ArkTS,7.0.0(26) Beta1,ALL,"=HYPERLINK(""https://developer.huawei.com/consumer/cn/doc/harmonyos-releases/changelogs-for-all-apps-7001/#ch2026010615012"",""ArkUI接口新增仅支持Stage模型的约束"")",entry\src\main\ets\components\whiteboard\Whiteboard.ets:1055,未修复,接口定义变更
declare class CommonMethod<T>,ArkTS,7.0.0(26) Beta1,ALL,"=HYPERLINK(""https://developer.huawei.com/consumer/cn/doc/harmonyos-releases/changelogs-for-all-apps-7001/#ch2026010615012"",""ArkUI接口新增仅支持Stage模型的约束"")",entry\src\main\ets\components\whiteboard\Whiteboard.ets:1064,未修复,接口定义变更
declare class CommonMethod<T>,ArkTS,7.0.0(26) Beta1,ALL,"=HYPERLINK(""https://developer.huawei.com/consumer/cn/doc/harmonyos-releases/changelogs-for-all-apps-7001/#ch2026010615012"",""ArkUI接口新增仅支持Stage模型的约束"")",entry\src\main\ets\components\whiteboard\Whiteboard.ets:1065,未修复,接口定义变更
declare class CommonMethod<T>,ArkTS,7.0.0(26) Beta1,ALL,"=HYPERLINK(""https://developer.huawei.com/consumer/cn/doc/harmonyos-releases/changelogs-for-all-apps-7001/#ch2026010615012"",""ArkUI接口新增仅支持Stage模型的约束"")",entry\src\main\ets\components\whiteboard\Whiteboard.ets:1068,未修复,接口定义变更
declare class CommonMethod<T>,ArkTS,7.0.0(26) Beta1,ALL,"=HYPERLINK(""https://developer.huawei.com/consumer/cn/doc/harmonyos-releases/changelogs-for-all-apps-7001/#ch2026010615012"",""ArkUI接口新增仅支持Stage模型的约束"")",entry\src\main\ets\components\whiteboard\Whiteboard.ets:1069,未修复,接口定义变更
declare class CommonMethod<T>,ArkTS,7.0.0(26) Beta1,ALL,"=HYPERLINK(""https://developer.huawei.com/consumer/cn/doc/harmonyos-releases/changelogs-for-all-apps-7001/#ch2026010615012"",""ArkUI接口新增仅支持Stage模型的约束"")",entry\src\main\ets\components\whiteboard\Whiteboard.ets:1074,未修复,接口定义变更
declare class CommonMethod<T>,ArkTS,7.0.0(26) Beta1,ALL,"=HYPERLINK(""https://developer.huawei.com/consumer/cn/doc/harmonyos-releases/changelogs-for-all-apps-7001/#ch2026010615012"",""ArkUI接口新增仅支持Stage模型的约束"")",entry\src\main\ets\components\whiteboard\Whiteboard.ets:1075,未修复,接口定义变更
declare class CommonMethod<T>,ArkTS,7.0.0(26) Beta1,ALL,"=HYPERLINK(""https://developer.huawei.com/consumer/cn/doc/harmonyos-releases/changelogs-for-all-apps-7001/#ch2026010615012"",""ArkUI接口新增仅支持Stage模型的约束"")",entry\src\main\ets\components\whiteboard\Whiteboard.ets:1076,未修复,接口定义变更
declare class CommonMethod<T>,ArkTS,7.0.0(26) Beta1,ALL,"=HYPERLINK(""https://developer.huawei.com/consumer/cn/doc/harmonyos-releases/changelogs-for-all-apps-7001/#ch2026010615012"",""ArkUI接口新增仅支持Stage模型的约束"")",entry\src\main\ets\components\whiteboard\Whiteboard.ets:1082,未修复,接口定义变更
declare class CommonMethod<T>,ArkTS,7.0.0(26) Beta1,ALL,"=HYPERLINK(""https://developer.huawei.com/consumer/cn/doc/harmonyos-releases/changelogs-for-all-apps-7001/#ch2026010615012"",""ArkUI接口新增仅支持Stage模型的约束"")",entry\src\main\ets\components\whiteboard\Whiteboard.ets:1083,未修复,接口定义变更
declare class CommonMethod<T>,ArkTS,7.0.0(26) Beta1,ALL,"=HYPERLINK(""https://developer.huawei.com/consumer/cn/doc/harmonyos-releases/changelogs-for-all-apps-7001/#ch2026010615012"",""ArkUI接口新增仅支持Stage模型的约束"")",entry\src\main\ets\components\whiteboard\Whiteboard.ets:1084,未修复,接口定义变更
declare class CommonMethod<T>,ArkTS,7.0.0(26) Beta1,ALL,"=HYPERLINK(""https://developer.huawei.com/consumer/cn/doc/harmonyos-releases/changelogs-for-all-apps-7001/#ch2026010615012"",""ArkUI接口新增仅支持Stage模型的约束"")",entry\src\main\ets\components\whiteboard\Whiteboard.ets:1085,未修复,接口定义变更
declare class CommonMethod<T>,ArkTS,7.0.0(26) Beta1,ALL,"=HYPERLINK(""https://developer.huawei.com/consumer/cn/doc/harmonyos-releases/changelogs-for-all-apps-7001/#ch2026010615012"",""ArkUI接口新增仅支持Stage模型的约束"")",entry\src\main\ets\components\whiteboard\Whiteboard.ets:1089,未修复,接口定义变更
declare class CommonMethod<T>,ArkTS,7.0.0(26) Beta1,ALL,"=HYPERLINK(""https://developer.huawei.com/consumer/cn/doc/harmonyos-releases/changelogs-for-all-apps-7001/#ch2026010615012"",""ArkUI接口新增仅支持Stage模型的约束"")",entry\src\main\ets\components\whiteboard\Whiteboard.ets:1168,未修复,接口定义变更
declare class CommonMethod<T>,ArkTS,7.0.0(26) Beta1,ALL,"=HYPERLINK(""https://developer.huawei.com/consumer/cn/doc/harmonyos-releases/changelogs-for-all-apps-7001/#ch2026010615012"",""ArkUI接口新增仅支持Stage模型的约束"")",entry\src\main\ets\components\whiteboard\Whiteboard.ets:1173,未修复,接口定义变更
declare class CommonMethod<T>,ArkTS,7.0.0(26) Beta1,ALL,"=HYPERLINK(""https://developer.huawei.com/consumer/cn/doc/harmonyos-releases/changelogs-for-all-apps-7001/#ch2026010615012"",""ArkUI接口新增仅支持Stage模型的约束"")",entry\src\main\ets\components\whiteboard\Whiteboard.ets:1174,未修复,接口定义变更
declare class CommonMethod<T>,ArkTS,7.0.0(26) Beta1,ALL,"=HYPERLINK(""https://developer.huawei.com/consumer/cn/doc/harmonyos-releases/changelogs-for-all-apps-7001/#ch2026010615012"",""ArkUI接口新增仅支持Stage模型的约束"")",entry\src\main\ets\components\whiteboard\Whiteboard.ets:1175,未修复,接口定义变更
declare class CommonMethod<T>,ArkTS,7.0.0(26) Beta1,ALL,"=HYPERLINK(""https://developer.huawei.com/consumer/cn/doc/harmonyos-releases/changelogs-for-all-apps-7001/#ch2026010615012"",""ArkUI接口新增仅支持Stage模型的约束"")",entry\src\main\ets\components\whiteboard\Whiteboard.ets:1176,未修复,接口定义变更
declare class CommonMethod<T>,ArkTS,7.0.0(26) Beta1,ALL,"=HYPERLINK(""https://developer.huawei.com/consumer/cn/doc/harmonyos-releases/changelogs-for-all-apps-7001/#ch2026010615012"",""ArkUI接口新增仅支持Stage模型的约束"")",entry\src\main\ets\components\whiteboard\Whiteboard.ets:1177,未修复,接口定义变更
declare class CommonMethod<T>,ArkTS,7.0.0(26) Beta1,ALL,"=HYPERLINK(""https://developer.huawei.com/consumer/cn/doc/harmonyos-releases/changelogs-for-all-apps-7001/#ch2026010615012"",""ArkUI接口新增仅支持Stage模型的约束"")",entry\src\main\ets\components\whiteboard\Whiteboard.ets:1178,未修复,接口定义变更
declare class CommonMethod<T>,ArkTS,7.0.0(26) Beta1,ALL,"=HYPERLINK(""https://developer.huawei.com/consumer/cn/doc/harmonyos-releases/changelogs-for-all-apps-7001/#ch2026010615012"",""ArkUI接口新增仅支持Stage模型的约束"")",entry\src\main\ets\components\whiteboard\Whiteboard.ets:1179,未修复,接口定义变更
declare class CommonMethod<T>,ArkTS,7.0.0(26) Beta1,ALL,"=HYPERLINK(""https://developer.huawei.com/consumer/cn/doc/harmonyos-releases/changelogs-for-all-apps-7001/#ch2026010615012"",""ArkUI接口新增仅支持Stage模型的约束"")",entry\src\main\ets\components\whiteboard\Whiteboard.ets:1180,未修复,接口定义变更
declare class CommonMethod<T>,ArkTS,7.0.0(26) Beta1,ALL,"=HYPERLINK(""https://developer.huawei.com/consumer/cn/doc/harmonyos-releases/changelogs-for-all-apps-7001/#ch2026010615012"",""ArkUI接口新增仅支持Stage模型的约束"")",entry\src\main\ets\components\whiteboard\Whiteboard.ets:1185,未修复,接口定义变更
declare class CommonMethod<T>,ArkTS,7.0.0(26) Beta1,ALL,"=HYPERLINK(""https://developer.huawei.com/consumer/cn/doc/harmonyos-releases/changelogs-for-all-apps-7001/#ch2026010615012"",""ArkUI接口新增仅支持Stage模型的约束"")",entry\src\main\ets\components\whiteboard\Whiteboard.ets:1186,未修复,接口定义变更
declare class CommonMethod<T>,ArkTS,7.0.0(26) Beta1,ALL,"=HYPERLINK(""https://developer.huawei.com/consumer/cn/doc/harmonyos-releases/changelogs-for-all-apps-7001/#ch2026010615012"",""ArkUI接口新增仅支持Stage模型的约束"")",entry\src\main\ets\components\whiteboard\Whiteboard.ets:1187,未修复,接口定义变更
declare class CommonMethod<T>,ArkTS,7.0.0(26) Beta1,ALL,"=HYPERLINK(""https://developer.huawei.com/consumer/cn/doc/harmonyos-releases/changelogs-for-all-apps-7001/#ch2026010615012"",""ArkUI接口新增仅支持Stage模型的约束"")",entry\src\main\ets\components\whiteboard\Whiteboard.ets:1188,未修复,接口定义变更
declare class CommonMethod<T>,ArkTS,7.0.0(26) Beta1,ALL,"=HYPERLINK(""https://developer.huawei.com/consumer/cn/doc/harmonyos-releases/changelogs-for-all-apps-7001/#ch2026010615012"",""ArkUI接口新增仅支持Stage模型的约束"")",entry\src\main\ets\components\whiteboard\Whiteboard.ets:1202,未修复,接口定义变更
declare class CommonMethod<T>,ArkTS,7.0.0(26) Beta1,ALL,"=HYPERLINK(""https://developer.huawei.com/consumer/cn/doc/harmonyos-releases/changelogs-for-all-apps-7001/#ch2026010615012"",""ArkUI接口新增仅支持Stage模型的约束"")",entry\src\main\ets\components\whiteboard\Whiteboard.ets:1286,未修复,接口定义变更
declare class CommonMethod<T>,ArkTS,7.0.0(26) Beta1,ALL,"=HYPERLINK(""https://developer.huawei.com/consumer/cn/doc/harmonyos-releases/changelogs-for-all-apps-7001/#ch2026010615012"",""ArkUI接口新增仅支持Stage模型的约束"")",entry\src\main\ets\components\whiteboard\Whiteboard.ets:1301,未修复,接口定义变更
declare class CommonMethod<T>,ArkTS,7.0.0(26) Beta1,ALL,"=HYPERLINK(""https://developer.huawei.com/consumer/cn/doc/harmonyos-releases/changelogs-for-all-apps-7001/#ch2026010615012"",""ArkUI接口新增仅支持Stage模型的约束"")",entry\src\main\ets\components\whiteboard\Whiteboard.ets:1355,未修复,接口定义变更
declare class CommonMethod<T>,ArkTS,7.0.0(26) Beta1,ALL,"=HYPERLINK(""https://developer.huawei.com/consumer/cn/doc/harmonyos-releases/changelogs-for-all-apps-7001/#ch2026010615012"",""ArkUI接口新增仅支持Stage模型的约束"")",entry\src\main\ets\components\whiteboard\Whiteboard.ets:1356,未修复,接口定义变更
declare class CommonMethod<T>,ArkTS,7.0.0(26) Beta1,ALL,"=HYPERLINK(""https://developer.huawei.com/consumer/cn/doc/harmonyos-releases/changelogs-for-all-apps-7001/#ch2026010615012"",""ArkUI接口新增仅支持Stage模型的约束"")",entry\src\main\ets\components\whiteboard\Whiteboard.ets:1357,未修复,接口定义变更
declare class CommonMethod<T>,ArkTS,7.0.0(26) Beta1,ALL,"=HYPERLINK(""https://developer.huawei.com/consumer/cn/doc/harmonyos-releases/changelogs-for-all-apps-7001/#ch2026010615012"",""ArkUI接口新增仅支持Stage模型的约束"")",entry\src\main\ets\components\whiteboard\Whiteboard.ets:1359,未修复,接口定义变更
declare class CommonMethod<T>,ArkTS,7.0.0(26) Beta1,ALL,"=HYPERLINK(""https://developer.huawei.com/consumer/cn/doc/harmonyos-releases/changelogs-for-all-apps-7001/#ch2026010615012"",""ArkUI接口新增仅支持Stage模型的约束"")",entry\src\main\ets\components\whiteboard\Whiteboard.ets:1360,未修复,接口定义变更
declare class CommonMethod<T>,ArkTS,7.0.0(26) Beta1,ALL,"=HYPERLINK(""https://developer.huawei.com/consumer/cn/doc/harmonyos-releases/changelogs-for-all-apps-7001/#ch2026010615012"",""ArkUI接口新增仅支持Stage模型的约束"")",entry\src\main\ets\components\whiteboard\Whiteboard.ets:1361,未修复,接口定义变更
declare class CommonMethod<T>,ArkTS,7.0.0(26) Beta1,ALL,"=HYPERLINK(""https://developer.huawei.com/consumer/cn/doc/harmonyos-releases/changelogs-for-all-apps-7001/#ch2026010615012"",""ArkUI接口新增仅支持Stage模型的约束"")",entry\src\main\ets\components\whiteboard\Whiteboard.ets:830,未修复,接口定义变更
declare class CommonMethod<T>,ArkTS,7.0.0(26) Beta1,ALL,"=HYPERLINK(""https://developer.huawei.com/consumer/cn/doc/harmonyos-releases/changelogs-for-all-apps-7001/#ch2026010615012"",""ArkUI接口新增仅支持Stage模型的约束"")",entry\src\main\ets\components\whiteboard\Whiteboard.ets:831,未修复,接口定义变更
declare class CommonMethod<T>,ArkTS,7.0.0(26) Beta1,ALL,"=HYPERLINK(""https://developer.huawei.com/consumer/cn/doc/harmonyos-releases/changelogs-for-all-apps-7001/#ch2026010615012"",""ArkUI接口新增仅支持Stage模型的约束"")",entry\src\main\ets\components\whiteboard\Whiteboard.ets:834,未修复,接口定义变更
declare class CommonMethod<T>,ArkTS,7.0.0(26) Beta1,ALL,"=HYPERLINK(""https://developer.huawei.com/consumer/cn/doc/harmonyos-releases/changelogs-for-all-apps-7001/#ch2026010615012"",""ArkUI接口新增仅支持Stage模型的约束"")",entry\src\main\ets\components\whiteboard\Whiteboard.ets:835,未修复,接口定义变更
declare class CommonMethod<T>,ArkTS,7.0.0(26) Beta1,ALL,"=HYPERLINK(""https://developer.huawei.com/consumer/cn/doc/harmonyos-releases/changelogs-for-all-apps-7001/#ch2026010615012"",""ArkUI接口新增仅支持Stage模型的约束"")",entry\src\main\ets\components\whiteboard\Whiteboard.ets:836,未修复,接口定义变更
declare class CommonMethod<T>,ArkTS,7.0.0(26) Beta1,ALL,"=HYPERLINK(""https://developer.huawei.com/consumer/cn/doc/harmonyos-releases/changelogs-for-all-apps-7001/#ch2026010615012"",""ArkUI接口新增仅支持Stage模型的约束"")",entry\src\main\ets\components\whiteboard\Whiteboard.ets:877,未修复,接口定义变更
declare class CommonMethod<T>,ArkTS,7.0.0(26) Beta1,ALL,"=HYPERLINK(""https://developer.huawei.com/consumer/cn/doc/harmonyos-releases/changelogs-for-all-apps-7001/#ch2026010615012"",""ArkUI接口新增仅支持Stage模型的约束"")",entry\src\main\ets\components\whiteboard\Whiteboard.ets:878,未修复,接口定义变更
declare class CommonMethod<T>,ArkTS,7.0.0(26) Beta1,ALL,"=HYPERLINK(""https://developer.huawei.com/consumer/cn/doc/harmonyos-releases/changelogs-for-all-apps-7001/#ch2026010615012"",""ArkUI接口新增仅支持Stage模型的约束"")",entry\src\main\ets\components\whiteboard\Whiteboard.ets:881,未修复,接口定义变更
declare class CommonMethod<T>,ArkTS,7.0.0(26) Beta1,ALL,"=HYPERLINK(""https://developer.huawei.com/consumer/cn/doc/harmonyos-releases/changelogs-for-all-apps-7001/#ch2026010615012"",""ArkUI接口新增仅支持Stage模型的约束"")",entry\src\main\ets\components\whiteboard\Whiteboard.ets:882,未修复,接口定义变更
declare class CommonMethod<T>,ArkTS,7.0.0(26) Beta1,ALL,"=HYPERLINK(""https://developer.huawei.com/consumer/cn/doc/harmonyos-releases/changelogs-for-all-apps-7001/#ch2026010615012"",""ArkUI接口新增仅支持Stage模型的约束"")",entry\src\main\ets\components\whiteboard\Whiteboard.ets:883,未修复,接口定义变更
declare class CommonMethod<T>,ArkTS,7.0.0(26) Beta1,ALL,"=HYPERLINK(""https://developer.huawei.com/consumer/cn/doc/harmonyos-releases/changelogs-for-all-apps-7001/#ch2026010615012"",""ArkUI接口新增仅支持Stage模型的约束"")",entry\src\main\ets\components\whiteboard\Whiteboard.ets:894,未修复,接口定义变更
declare class CommonMethod<T>,ArkTS,7.0.0(26) Beta1,ALL,"=HYPERLINK(""https://developer.huawei.com/consumer/cn/doc/harmonyos-releases/changelogs-for-all-apps-7001/#ch2026010615012"",""ArkUI接口新增仅支持Stage模型的约束"")",entry\src\main\ets\components\whiteboard\Whiteboard.ets:895,未修复,接口定义变更
declare class CommonMethod<T>,ArkTS,7.0.0(26) Beta1,ALL,"=HYPERLINK(""https://developer.huawei.com/consumer/cn/doc/harmonyos-releases/changelogs-for-all-apps-7001/#ch2026010615012"",""ArkUI接口新增仅支持Stage模型的约束"")",entry\src\main\ets\components\whiteboard\Whiteboard.ets:896,未修复,接口定义变更
declare class CommonMethod<T>,ArkTS,7.0.0(26) Beta1,ALL,"=HYPERLINK(""https://developer.huawei.com/consumer/cn/doc/harmonyos-releases/changelogs-for-all-apps-7001/#ch2026010615012"",""ArkUI接口新增仅支持Stage模型的约束"")",entry\src\main\ets\components\whiteboard\Whiteboard.ets:897,未修复,接口定义变更
declare class CommonMethod<T>,ArkTS,7.0.0(26) Beta1,ALL,"=HYPERLINK(""https://developer.huawei.com/consumer/cn/doc/harmonyos-releases/changelogs-for-all-apps-7001/#ch2026010615012"",""ArkUI接口新增仅支持Stage模型的约束"")",entry\src\main\ets\components\whiteboard\Whiteboard.ets:898,未修复,接口定义变更
declare class CommonMethod<T>,ArkTS,7.0.0(26) Beta1,ALL,"=HYPERLINK(""https://developer.huawei.com/consumer/cn/doc/harmonyos-releases/changelogs-for-all-apps-7001/#ch2026010615012"",""ArkUI接口新增仅支持Stage模型的约束"")",entry\src\main\ets\components\whiteboard\Whiteboard.ets:902,未修复,接口定义变更
declare class CommonMethod<T>,ArkTS,7.0.0(26) Beta1,ALL,"=HYPERLINK(""https://developer.huawei.com/consumer/cn/doc/harmonyos-releases/changelogs-for-all-apps-7001/#ch2026010615012"",""ArkUI接口新增仅支持Stage模型的约束"")",entry\src\main\ets\components\whiteboard\Whiteboard.ets:915,未修复,接口定义变更
declare class CommonMethod<T>,ArkTS,7.0.0(26) Beta1,ALL,"=HYPERLINK(""https://developer.huawei.com/consumer/cn/doc/harmonyos-releases/changelogs-for-all-apps-7001/#ch2026010615012"",""ArkUI接口新增仅支持Stage模型的约束"")",entry\src\main\ets\components\whiteboard\Whiteboard.ets:927,未修复,接口定义变更
declare class CommonMethod<T>,ArkTS,7.0.0(26) Beta1,ALL,"=HYPERLINK(""https://developer.huawei.com/consumer/cn/doc/harmonyos-releases/changelogs-for-all-apps-7001/#ch2026010615012"",""ArkUI接口新增仅支持Stage模型的约束"")",entry\src\main\ets\components\whiteboard\Whiteboard.ets:930,未修复,接口定义变更
declare class CommonMethod<T>,ArkTS,7.0.0(26) Beta1,ALL,"=HYPERLINK(""https://developer.huawei.com/consumer/cn/doc/harmonyos-releases/changelogs-for-all-apps-7001/#ch2026010615012"",""ArkUI接口新增仅支持Stage模型的约束"")",entry\src\main\ets\components\whiteboard\Whiteboard.ets:932,未修复,接口定义变更
declare class CommonMethod<T>,ArkTS,7.0.0(26) Beta1,ALL,"=HYPERLINK(""https://developer.huawei.com/consumer/cn/doc/harmonyos-releases/changelogs-for-all-apps-7001/#ch2026010615012"",""ArkUI接口新增仅支持Stage模型的约束"")",entry\src\main\ets\components\whiteboard\Whiteboard.ets:933,未修复,接口定义变更
declare class CommonMethod<T>,ArkTS,7.0.0(26) Beta1,ALL,"=HYPERLINK(""https://developer.huawei.com/consumer/cn/doc/harmonyos-releases/changelogs-for-all-apps-7001/#ch2026010615012"",""ArkUI接口新增仅支持Stage模型的约束"")",entry\src\main\ets\components\whiteboard\Whiteboard.ets:934,未修复,接口定义变更
declare class CommonMethod<T>,ArkTS,7.0.0(26) Beta1,ALL,"=HYPERLINK(""https://developer.huawei.com/consumer/cn/doc/harmonyos-releases/changelogs-for-all-apps-7001/#ch2026010615012"",""ArkUI接口新增仅支持Stage模型的约束"")",entry\src\main\ets\components\whiteboard\Whiteboard.ets:944,未修复,接口定义变更
declare class CommonMethod<T>,ArkTS,7.0.0(26) Beta1,ALL,"=HYPERLINK(""https://developer.huawei.com/consumer/cn/doc/harmonyos-releases/changelogs-for-all-apps-7001/#ch2026010615012"",""ArkUI接口新增仅支持Stage模型的约束"")",entry\src\main\ets\components\whiteboard\Whiteboard.ets:945,未修复,接口定义变更
declare class CommonMethod<T>,ArkTS,7.0.0(26) Beta1,ALL,"=HYPERLINK(""https://developer.huawei.com/consumer/cn/doc/harmonyos-releases/changelogs-for-all-apps-7001/#ch2026010615012"",""ArkUI接口新增仅支持Stage模型的约束"")",entry\src\main\ets\components\whiteboard\Whiteboard.ets:948,未修复,接口定义变更
declare class CommonMethod<T>,ArkTS,7.0.0(26) Beta1,ALL,"=HYPERLINK(""https://developer.huawei.com/consumer/cn/doc/harmonyos-releases/changelogs-for-all-apps-7001/#ch2026010615012"",""ArkUI接口新增仅支持Stage模型的约束"")",entry\src\main\ets\components\whiteboard\Whiteboard.ets:949,未修复,接口定义变更
declare class CommonMethod<T>,ArkTS,7.0.0(26) Beta1,ALL,"=HYPERLINK(""https://developer.huawei.com/consumer/cn/doc/harmonyos-releases/changelogs-for-all-apps-7001/#ch2026010615012"",""ArkUI接口新增仅支持Stage模型的约束"")",entry\src\main\ets\components\whiteboard\Whiteboard.ets:968,未修复,接口定义变更
declare class CommonMethod<T>,ArkTS,7.0.0(26) Beta1,ALL,"=HYPERLINK(""https://developer.huawei.com/consumer/cn/doc/harmonyos-releases/changelogs-for-all-apps-7001/#ch2026010615012"",""ArkUI接口新增仅支持Stage模型的约束"")",entry\src\main\ets\components\whiteboard\Whiteboard.ets:969,未修复,接口定义变更
declare class CommonMethod<T>,ArkTS,7.0.0(26) Beta1,ALL,"=HYPERLINK(""https://developer.huawei.com/consumer/cn/doc/harmonyos-releases/changelogs-for-all-apps-7001/#ch2026010615012"",""ArkUI接口新增仅支持Stage模型的约束"")",entry\src\main\ets\components\whiteboard\Whiteboard.ets:972,未修复,接口定义变更
declare class CommonMethod<T>,ArkTS,7.0.0(26) Beta1,ALL,"=HYPERLINK(""https://developer.huawei.com/consumer/cn/doc/harmonyos-releases/changelogs-for-all-apps-7001/#ch2026010615012"",""ArkUI接口新增仅支持Stage模型的约束"")",entry\src\main\ets\components\whiteboard\Whiteboard.ets:973,未修复,接口定义变更
declare class CommonMethod<T>,ArkTS,7.0.0(26) Beta1,ALL,"=HYPERLINK(""https://developer.huawei.com/consumer/cn/doc/harmonyos-releases/changelogs-for-all-apps-7001/#ch2026010615012"",""ArkUI接口新增仅支持Stage模型的约束"")",entry\src\main\ets\components\whiteboard\Whiteboard.ets:974,未修复,接口定义变更
declare class CommonMethod<T>,ArkTS,7.0.0(26) Beta1,ALL,"=HYPERLINK(""https://developer.huawei.com/consumer/cn/doc/harmonyos-releases/changelogs-for-all-apps-7001/#ch2026010615012"",""ArkUI接口新增仅支持Stage模型的约束"")",entry\src\main\ets\components\whiteboard\Whiteboard.ets:984,未修复,接口定义变更
declare class CommonMethod<T>,ArkTS,7.0.0(26) Beta1,ALL,"=HYPERLINK(""https://developer.huawei.com/consumer/cn/doc/harmonyos-releases/changelogs-for-all-apps-7001/#ch2026010615012"",""ArkUI接口新增仅支持Stage模型的约束"")",entry\src\main\ets\components\whiteboard\Whiteboard.ets:985,未修复,接口定义变更
declare class CommonMethod<T>,ArkTS,7.0.0(26) Beta1,ALL,"=HYPERLINK(""https://developer.huawei.com/consumer/cn/doc/harmonyos-releases/changelogs-for-all-apps-7001/#ch2026010615012"",""ArkUI接口新增仅支持Stage模型的约束"")",entry\src\main\ets\components\whiteboard\Whiteboard.ets:988,未修复,接口定义变更
declare class CommonMethod<T>,ArkTS,7.0.0(26) Beta1,ALL,"=HYPERLINK(""https://developer.huawei.com/consumer/cn/doc/harmonyos-releases/changelogs-for-all-apps-7001/#ch2026010615012"",""ArkUI接口新增仅支持Stage模型的约束"")",entry\src\main\ets\components\whiteboard\Whiteboard.ets:989,未修复,接口定义变更
declare class CommonMethod<T>,ArkTS,7.0.0(26) Beta1,ALL,"=HYPERLINK(""https://developer.huawei.com/consumer/cn/doc/harmonyos-releases/changelogs-for-all-apps-7001/#ch2026010615012"",""ArkUI接口新增仅支持Stage模型的约束"")",entry\src\main\ets\components\whiteboard\Whiteboard.ets:990,未修复,接口定义变更
declare class CommonMethod<T>,ArkTS,7.0.0(26) Beta1,ALL,"=HYPERLINK(""https://developer.huawei.com/consumer/cn/doc/harmonyos-releases/changelogs-for-all-apps-7001/#ch2026010615012"",""ArkUI接口新增仅支持Stage模型的约束"")",entry\src\main\ets\pages\Index.ets:17,未修复,接口定义变更
declare class CommonMethod<T>,ArkTS,7.0.0(26) Beta1,ALL,"=HYPERLINK(""https://developer.huawei.com/consumer/cn/doc/harmonyos-releases/changelogs-for-all-apps-7001/#ch2026010615012"",""ArkUI接口新增仅支持Stage模型的约束"")",entry\src\main\ets\pages\Index.ets:18,未修复,接口定义变更
declare class CommonMethod<T>,ArkTS,7.0.0(26) Beta1,ALL,"=HYPERLINK(""https://developer.huawei.com/consumer/cn/doc/harmonyos-releases/changelogs-for-all-apps-7001/#ch2026010615012"",""ArkUI接口新增仅支持Stage模型的约束"")",entry\src\main\ets\widget\pages\WidgetCard.ets:112,未修复,接口定义变更
declare class CommonMethod<T>,ArkTS,7.0.0(26) Beta1,ALL,"=HYPERLINK(""https://developer.huawei.com/consumer/cn/doc/harmonyos-releases/changelogs-for-all-apps-7001/#ch2026010615012"",""ArkUI接口新增仅支持Stage模型的约束"")",entry\src\main\ets\widget\pages\WidgetCard.ets:113,未修复,接口定义变更
declare class CommonMethod<T>,ArkTS,7.0.0(26) Beta1,ALL,"=HYPERLINK(""https://developer.huawei.com/consumer/cn/doc/harmonyos-releases/changelogs-for-all-apps-7001/#ch2026010615012"",""ArkUI接口新增仅支持Stage模型的约束"")",entry\src\main\ets\widget\pages\WidgetCard.ets:114,未修复,接口定义变更
declare class CommonMethod<T>,ArkTS,7.0.0(26) Beta1,ALL,"=HYPERLINK(""https://developer.huawei.com/consumer/cn/doc/harmonyos-releases/changelogs-for-all-apps-7001/#ch2026010615012"",""ArkUI接口新增仅支持Stage模型的约束"")",entry\src\main\ets\widget\pages\WidgetCard.ets:115,未修复,接口定义变更
declare class CommonMethod<T>,ArkTS,7.0.0(26) Beta1,ALL,"=HYPERLINK(""https://developer.huawei.com/consumer/cn/doc/harmonyos-releases/changelogs-for-all-apps-7001/#ch2026010615012"",""ArkUI接口新增仅支持Stage模型的约束"")",entry\src\main\ets\widget\pages\WidgetCard.ets:116,未修复,接口定义变更
declare class CommonMethod<T>,ArkTS,7.0.0(26) Beta1,ALL,"=HYPERLINK(""https://developer.huawei.com/consumer/cn/doc/harmonyos-releases/changelogs-for-all-apps-7001/#ch2026010615012"",""ArkUI接口新增仅支持Stage模型的约束"")",entry\src\main\ets\widget\pages\WidgetCard.ets:120,未修复,接口定义变更
declare class CommonMethod<T>,ArkTS,7.0.0(26) Beta1,ALL,"=HYPERLINK(""https://developer.huawei.com/consumer/cn/doc/harmonyos-releases/changelogs-for-all-apps-7001/#ch2026010615012"",""ArkUI接口新增仅支持Stage模型的约束"")",entry\src\main\ets\widget\pages\WidgetCard.ets:121,未修复,接口定义变更
declare class CommonMethod<T>,ArkTS,7.0.0(26) Beta1,ALL,"=HYPERLINK(""https://developer.huawei.com/consumer/cn/doc/harmonyos-releases/changelogs-for-all-apps-7001/#ch2026010615012"",""ArkUI接口新增仅支持Stage模型的约束"")",entry\src\main\ets\widget\pages\WidgetCard.ets:43,未修复,接口定义变更
declare class CommonMethod<T>,ArkTS,7.0.0(26) Beta1,ALL,"=HYPERLINK(""https://developer.huawei.com/consumer/cn/doc/harmonyos-releases/changelogs-for-all-apps-7001/#ch2026010615012"",""ArkUI接口新增仅支持Stage模型的约束"")",entry\src\main\ets\widget\pages\WidgetCard.ets:44,未修复,接口定义变更
declare class CommonMethod<T>,ArkTS,7.0.0(26) Beta1,ALL,"=HYPERLINK(""https://developer.huawei.com/consumer/cn/doc/harmonyos-releases/changelogs-for-all-apps-7001/#ch2026010615012"",""ArkUI接口新增仅支持Stage模型的约束"")",entry\src\main\ets\widget\pages\WidgetCard.ets:45,未修复,接口定义变更
declare class CommonMethod<T>,ArkTS,7.0.0(26) Beta1,ALL,"=HYPERLINK(""https://developer.huawei.com/consumer/cn/doc/harmonyos-releases/changelogs-for-all-apps-7001/#ch2026010615012"",""ArkUI接口新增仅支持Stage模型的约束"")",entry\src\main\ets\widget\pages\WidgetCard.ets:46,未修复,接口定义变更
declare class CommonMethod<T>,ArkTS,7.0.0(26) Beta1,ALL,"=HYPERLINK(""https://developer.huawei.com/consumer/cn/doc/harmonyos-releases/changelogs-for-all-apps-7001/#ch2026010615012"",""ArkUI接口新增仅支持Stage模型的约束"")",entry\src\main\ets\widget\pages\WidgetCard.ets:47,未修复,接口定义变更
declare class CommonMethod<T>,ArkTS,7.0.0(26) Beta1,ALL,"=HYPERLINK(""https://developer.huawei.com/consumer/cn/doc/harmonyos-releases/changelogs-for-all-apps-7001/#ch2026010615012"",""ArkUI接口新增仅支持Stage模型的约束"")",entry\src\main\ets\widget\pages\WidgetCard.ets:89,未修复,接口定义变更
declare class CommonMethod<T>,ArkTS,7.0.0(26) Beta1,ALL,"=HYPERLINK(""https://developer.huawei.com/consumer/cn/doc/harmonyos-releases/changelogs-for-all-apps-7001/#ch2026010615012"",""ArkUI接口新增仅支持Stage模型的约束"")",entry\src\main\ets\widget\pages\WidgetCard.ets:90,未修复,接口定义变更
declare const Toggle: ToggleInterface,ArkTS,7.0.0(26) Beta1,26.0.0 - 26.0.0(26.0.0),"=HYPERLINK(""https://developer.huawei.com/consumer/cn/doc/harmonyos-releases/changelogs-ux-7001/#ch2026031846233"",""表单类组件触摸热区最小高度变更"")",entry\src\main\ets\components\property\PropertyEditor.ets:371,未修复,UX视觉布局变更
declare const Toggle: ToggleInterface,ArkTS,7.0.0(26) Beta1,26.0.0 - 26.0.0(26.0.0),"=HYPERLINK(""https://developer.huawei.com/consumer/cn/doc/harmonyos-releases/changelogs-ux-7001/#ch2026031846233"",""表单类组件触摸热区最小高度变更"")",entry\src\main\ets\components\property\PropertyValueEditor.ets:29,未修复,UX视觉布局变更
declare const Toggle: ToggleInterface,ArkTS,7.0.0(26) Beta1,26.0.0 - 26.0.0(26.0.0),"=HYPERLINK(""https://developer.huawei.com/consumer/cn/doc/harmonyos-releases/changelogs-ux-7001/#ch2026031846233"",""表单类组件触摸热区最小高度变更"")",entry\src\main\ets\components\settings\SettingsPage.ets:507,未修复,UX视觉布局变更
declare const Toggle: ToggleInterface,ArkTS,7.0.0(26) Beta1,26.0.0 - 26.0.0(26.0.0),"=HYPERLINK(""https://developer.huawei.com/consumer/cn/doc/harmonyos-releases/changelogs-ux-7001/#ch2026031846233"",""表单类组件触摸热区最小高度变更"")",entry\src\main\ets\components\settings\SettingsPage.ets:570,未修复,UX视觉布局变更
declare const Select: SelectInterface,ArkTS,7.0.0(26) Beta1,26.0.0 - 26.0.0(26.0.0),"=HYPERLINK(""https://developer.huawei.com/consumer/cn/doc/harmonyos-releases/changelogs-ux-7001/#ch2026031846233"",""表单类组件触摸热区最小高度变更"")",entry\src\main\ets\components\graph\GraphView.ets:225,未修复,UX视觉布局变更
declare const Select: SelectInterface,ArkTS,7.0.0(26) Beta1,26.0.0 - 26.0.0(26.0.0),"=HYPERLINK(""https://developer.huawei.com/consumer/cn/doc/harmonyos-releases/changelogs-ux-7001/#ch2026031846233"",""表单类组件触摸热区最小高度变更"")",entry\src\main\ets\components\graph\GraphView.ets:237,未修复,UX视觉布局变更
declare const Select: SelectInterface,ArkTS,7.0.0(26) Beta1,26.0.0 - 26.0.0(26.0.0),"=HYPERLINK(""https://developer.huawei.com/consumer/cn/doc/harmonyos-releases/changelogs-ux-7001/#ch2026031846233"",""表单类组件触摸热区最小高度变更"")",entry\src\main\ets\components\page\AllPagesPage.ets:259,未修复,UX视觉布局变更
declare const Select: SelectInterface,ArkTS,7.0.0(26) Beta1,26.0.0 - 26.0.0(26.0.0),"=HYPERLINK(""https://developer.huawei.com/consumer/cn/doc/harmonyos-releases/changelogs-ux-7001/#ch2026031846233"",""表单类组件触摸热区最小高度变更"")",entry\src\main\ets\components\page\AllPagesPage.ets:280,未修复,UX视觉布局变更
declare const Select: SelectInterface,ArkTS,7.0.0(26) Beta1,26.0.0 - 26.0.0(26.0.0),"=HYPERLINK(""https://developer.huawei.com/consumer/cn/doc/harmonyos-releases/changelogs-ux-7001/#ch2026031846233"",""表单类组件触摸热区最小高度变更"")",entry\src\main\ets\components\property\PropertyConfig.ets:502,未修复,UX视觉布局变更
declare const Select: SelectInterface,ArkTS,7.0.0(26) Beta1,26.0.0 - 26.0.0(26.0.0),"=HYPERLINK(""https://developer.huawei.com/consumer/cn/doc/harmonyos-releases/changelogs-ux-7001/#ch2026031846233"",""表单类组件触摸热区最小高度变更"")",entry\src\main\ets\components\settings\SettingsPage.ets:524,未修复,UX视觉布局变更
declare const Select: SelectInterface,ArkTS,7.0.0(26) Beta1,26.0.0 - 26.0.0(26.0.0),"=HYPERLINK(""https://developer.huawei.com/consumer/cn/doc/harmonyos-releases/changelogs-ux-7001/#ch2026031846233"",""表单类组件触摸热区最小高度变更"")",entry\src\main\ets\components\sidebar\BacklinkFilters.ets:208,未修复,UX视觉布局变更
declare const Button: ButtonInterface,ArkTS,7.0.0(26) Beta1,26.0.0 - 26.0.0(26.0.0),"=HYPERLINK(""https://developer.huawei.com/consumer/cn/doc/harmonyos-releases/changelogs-ux-7001/#ch2026031846233"",""表单类组件触摸热区最小高度变更"")",entry\src\main\ets\components\common\ExportDialog.ets:188,未修复,UX视觉布局变更
declare const Button: ButtonInterface,ArkTS,7.0.0(26) Beta1,26.0.0 - 26.0.0(26.0.0),"=HYPERLINK(""https://developer.huawei.com/consumer/cn/doc/harmonyos-releases/changelogs-ux-7001/#ch2026031846233"",""表单类组件触摸热区最小高度变更"")",entry\src\main\ets\components\common\ExportDialog.ets:194,未修复,UX视觉布局变更
declare const Button: ButtonInterface,ArkTS,7.0.0(26) Beta1,26.0.0 - 26.0.0(26.0.0),"=HYPERLINK(""https://developer.huawei.com/consumer/cn/doc/harmonyos-releases/changelogs-ux-7001/#ch2026031846233"",""表单类组件触摸热区最小高度变更"")",entry\src\main\ets\components\common\ImportDialog.ets:144,未修复,UX视觉布局变更
declare const Button: ButtonInterface,ArkTS,7.0.0(26) Beta1,26.0.0 - 26.0.0(26.0.0),"=HYPERLINK(""https://developer.huawei.com/consumer/cn/doc/harmonyos-releases/changelogs-ux-7001/#ch2026031846233"",""表单类组件触摸热区最小高度变更"")",entry\src\main\ets\components\common\ImportDialog.ets:150,未修复,UX视觉布局变更
declare const Button: ButtonInterface,ArkTS,7.0.0(26) Beta1,26.0.0 - 26.0.0(26.0.0),"=HYPERLINK(""https://developer.huawei.com/consumer/cn/doc/harmonyos-releases/changelogs-ux-7001/#ch2026031846233"",""表单类组件触摸热区最小高度变更"")",entry\src\main\ets\components\extensions\PdfViewer.ets:263,未修复,UX视觉布局变更
declare const Button: ButtonInterface,ArkTS,7.0.0(26) Beta1,26.0.0 - 26.0.0(26.0.0),"=HYPERLINK(""https://developer.huawei.com/consumer/cn/doc/harmonyos-releases/changelogs-ux-7001/#ch2026031846233"",""表单类组件触摸热区最小高度变更"")",entry\src\main\ets\components\extensions\PdfViewer.ets:270,未修复,UX视觉布局变更
declare const Button: ButtonInterface,ArkTS,7.0.0(26) Beta1,26.0.0 - 26.0.0(26.0.0),"=HYPERLINK(""https://developer.huawei.com/consumer/cn/doc/harmonyos-releases/changelogs-ux-7001/#ch2026031846233"",""表单类组件触摸热区最小高度变更"")",entry\src\main\ets\components\flashcard\FlashcardPage.ets:134,未修复,UX视觉布局变更
declare const Button: ButtonInterface,ArkTS,7.0.0(26) Beta1,26.0.0 - 26.0.0(26.0.0),"=HYPERLINK(""https://developer.huawei.com/consumer/cn/doc/harmonyos-releases/changelogs-ux-7001/#ch2026031846233"",""表单类组件触摸热区最小高度变更"")",entry\src\main\ets\components\flashcard\FlashcardPage.ets:174,未修复,UX视觉布局变更
declare const Button: ButtonInterface,ArkTS,7.0.0(26) Beta1,26.0.0 - 26.0.0(26.0.0),"=HYPERLINK(""https://developer.huawei.com/consumer/cn/doc/harmonyos-releases/changelogs-ux-7001/#ch2026031846233"",""表单类组件触摸热区最小高度变更"")",entry\src\main\ets\components\flashcard\FlashcardPage.ets:177,未修复,UX视觉布局变更
declare const Button: ButtonInterface,ArkTS,7.0.0(26) Beta1,26.0.0 - 26.0.0(26.0.0),"=HYPERLINK(""https://developer.huawei.com/consumer/cn/doc/harmonyos-releases/changelogs-ux-7001/#ch2026031846233"",""表单类组件触摸热区最小高度变更"")",entry\src\main\ets\components\flashcard\FlashcardPage.ets:180,未修复,UX视觉布局变更
declare const Button: ButtonInterface,ArkTS,7.0.0(26) Beta1,26.0.0 - 26.0.0(26.0.0),"=HYPERLINK(""https://developer.huawei.com/consumer/cn/doc/harmonyos-releases/changelogs-ux-7001/#ch2026031846233"",""表单类组件触摸热区最小高度变更"")",entry\src\main\ets\components\flashcard\FlashcardPage.ets:183,未修复,UX视觉布局变更
declare const Button: ButtonInterface,ArkTS,7.0.0(26) Beta1,26.0.0 - 26.0.0(26.0.0),"=HYPERLINK(""https://developer.huawei.com/consumer/cn/doc/harmonyos-releases/changelogs-ux-7001/#ch2026031846233"",""表单类组件触摸热区最小高度变更"")",entry\src\main\ets\components\mobile\MobileToolbar.ets:55,未修复,UX视觉布局变更
declare const Button: ButtonInterface,ArkTS,7.0.0(26) Beta1,26.0.0 - 26.0.0(26.0.0),"=HYPERLINK(""https://developer.huawei.com/consumer/cn/doc/harmonyos-releases/changelogs-ux-7001/#ch2026031846233"",""表单类组件触摸热区最小高度变更"")",entry\src\main\ets\components\onboarding\OnboardingPage.ets:210,未修复,UX视觉布局变更
declare const Button: ButtonInterface,ArkTS,7.0.0(26) Beta1,26.0.0 - 26.0.0(26.0.0),"=HYPERLINK(""https://developer.huawei.com/consumer/cn/doc/harmonyos-releases/changelogs-ux-7001/#ch2026031846233"",""表单类组件触摸热区最小高度变更"")",entry\src\main\ets\components\onboarding\OnboardingPage.ets:232,未修复,UX视觉布局变更
declare const Button: ButtonInterface,ArkTS,7.0.0(26) Beta1,26.0.0 - 26.0.0(26.0.0),"=HYPERLINK(""https://developer.huawei.com/consumer/cn/doc/harmonyos-releases/changelogs-ux-7001/#ch2026031846233"",""表单类组件触摸热区最小高度变更"")",entry\src\main\ets\components\onboarding\OnboardingPage.ets:265,未修复,UX视觉布局变更
declare const Button: ButtonInterface,ArkTS,7.0.0(26) Beta1,26.0.0 - 26.0.0(26.0.0),"=HYPERLINK(""https://developer.huawei.com/consumer/cn/doc/harmonyos-releases/changelogs-ux-7001/#ch2026031846233"",""表单类组件触摸热区最小高度变更"")",entry\src\main\ets\components\outliner\BlockSelection.ets:100,未修复,UX视觉布局变更
declare const Button: ButtonInterface,ArkTS,7.0.0(26) Beta1,26.0.0 - 26.0.0(26.0.0),"=HYPERLINK(""https://developer.huawei.com/consumer/cn/doc/harmonyos-releases/changelogs-ux-7001/#ch2026031846233"",""表单类组件触摸热区最小高度变更"")",entry\src\main\ets\components\outliner\BlockSelection.ets:111,未修复,UX视觉布局变更
declare const Button: ButtonInterface,ArkTS,7.0.0(26) Beta1,26.0.0 - 26.0.0(26.0.0),"=HYPERLINK(""https://developer.huawei.com/consumer/cn/doc/harmonyos-releases/changelogs-ux-7001/#ch2026031846233"",""表单类组件触摸热区最小高度变更"")",entry\src\main\ets\components\outliner\BlockSelection.ets:122,未修复,UX视觉布局变更
declare const Button: ButtonInterface,ArkTS,7.0.0(26) Beta1,26.0.0 - 26.0.0(26.0.0),"=HYPERLINK(""https://developer.huawei.com/consumer/cn/doc/harmonyos-releases/changelogs-ux-7001/#ch2026031846233"",""表单类组件触摸热区最小高度变更"")",entry\src\main\ets\components\outliner\BlockSelection.ets:133,未修复,UX视觉布局变更
declare const Button: ButtonInterface,ArkTS,7.0.0(26) Beta1,26.0.0 - 26.0.0(26.0.0),"=HYPERLINK(""https://developer.huawei.com/consumer/cn/doc/harmonyos-releases/changelogs-ux-7001/#ch2026031846233"",""表单类组件触摸热区最小高度变更"")",entry\src\main\ets\components\outliner\BlockSelection.ets:144,未修复,UX视觉布局变更
declare const Button: ButtonInterface,ArkTS,7.0.0(26) Beta1,26.0.0 - 26.0.0(26.0.0),"=HYPERLINK(""https://developer.huawei.com/consumer/cn/doc/harmonyos-releases/changelogs-ux-7001/#ch2026031846233"",""表单类组件触摸热区最小高度变更"")",entry\src\main\ets\components\outliner\BlockSelection.ets:89,未修复,UX视觉布局变更
declare const Button: ButtonInterface,ArkTS,7.0.0(26) Beta1,26.0.0 - 26.0.0(26.0.0),"=HYPERLINK(""https://developer.huawei.com/consumer/cn/doc/harmonyos-releases/changelogs-ux-7001/#ch2026031846233"",""表单类组件触摸热区最小高度变更"")",entry\src\main\ets\components\outliner\BlockView.ets:405,未修复,UX视觉布局变更
declare const Button: ButtonInterface,ArkTS,7.0.0(26) Beta1,26.0.0 - 26.0.0(26.0.0),"=HYPERLINK(""https://developer.huawei.com/consumer/cn/doc/harmonyos-releases/changelogs-ux-7001/#ch2026031846233"",""表单类组件触摸热区最小高度变更"")",entry\src\main\ets\components\outliner\BlockView.ets:415,未修复,UX视觉布局变更
declare const Button: ButtonInterface,ArkTS,7.0.0(26) Beta1,26.0.0 - 26.0.0(26.0.0),"=HYPERLINK(""https://developer.huawei.com/consumer/cn/doc/harmonyos-releases/changelogs-ux-7001/#ch2026031846233"",""表单类组件触摸热区最小高度变更"")",entry\src\main\ets\components\outliner\BlockView.ets:425,未修复,UX视觉布局变更
declare const Button: ButtonInterface,ArkTS,7.0.0(26) Beta1,26.0.0 - 26.0.0(26.0.0),"=HYPERLINK(""https://developer.huawei.com/consumer/cn/doc/harmonyos-releases/changelogs-ux-7001/#ch2026031846233"",""表单类组件触摸热区最小高度变更"")",entry\src\main\ets\components\outliner\BlockView.ets:435,未修复,UX视觉布局变更
declare const Button: ButtonInterface,ArkTS,7.0.0(26) Beta1,26.0.0 - 26.0.0(26.0.0),"=HYPERLINK(""https://developer.huawei.com/consumer/cn/doc/harmonyos-releases/changelogs-ux-7001/#ch2026031846233"",""表单类组件触摸热区最小高度变更"")",entry\src\main\ets\components\outliner\BlockView.ets:446,未修复,UX视觉布局变更
declare const Button: ButtonInterface,ArkTS,7.0.0(26) Beta1,26.0.0 - 26.0.0(26.0.0),"=HYPERLINK(""https://developer.huawei.com/consumer/cn/doc/harmonyos-releases/changelogs-ux-7001/#ch2026031846233"",""表单类组件触摸热区最小高度变更"")",entry\src\main\ets\components\outliner\BlockView.ets:457,未修复,UX视觉布局变更
declare const Button: ButtonInterface,ArkTS,7.0.0(26) Beta1,26.0.0 - 26.0.0(26.0.0),"=HYPERLINK(""https://developer.huawei.com/consumer/cn/doc/harmonyos-releases/changelogs-ux-7001/#ch2026031846233"",""表单类组件触摸热区最小高度变更"")",entry\src\main\ets\components\outliner\Toolbar.ets:30,未修复,UX视觉布局变更
declare const Button: ButtonInterface,ArkTS,7.0.0(26) Beta1,26.0.0 - 26.0.0(26.0.0),"=HYPERLINK(""https://developer.huawei.com/consumer/cn/doc/harmonyos-releases/changelogs-ux-7001/#ch2026031846233"",""表单类组件触摸热区最小高度变更"")",entry\src\main\ets\components\outliner\Toolbar.ets:43,未修复,UX视觉布局变更
declare const Button: ButtonInterface,ArkTS,7.0.0(26) Beta1,26.0.0 - 26.0.0(26.0.0),"=HYPERLINK(""https://developer.huawei.com/consumer/cn/doc/harmonyos-releases/changelogs-ux-7001/#ch2026031846233"",""表单类组件触摸热区最小高度变更"")",entry\src\main\ets\components\property\PropertyConfig.ets:548,未修复,UX视觉布局变更
declare const Button: ButtonInterface,ArkTS,7.0.0(26) Beta1,26.0.0 - 26.0.0(26.0.0),"=HYPERLINK(""https://developer.huawei.com/consumer/cn/doc/harmonyos-releases/changelogs-ux-7001/#ch2026031846233"",""表单类组件触摸热区最小高度变更"")",entry\src\main\ets\components\property\PropertyConfig.ets:556,未修复,UX视觉布局变更
declare const Button: ButtonInterface,ArkTS,7.0.0(26) Beta1,26.0.0 - 26.0.0(26.0.0),"=HYPERLINK(""https://developer.huawei.com/consumer/cn/doc/harmonyos-releases/changelogs-ux-7001/#ch2026031846233"",""表单类组件触摸热区最小高度变更"")",entry\src\main\ets\components\property\PropertyEditor.ets:296,未修复,UX视觉布局变更
declare const Button: ButtonInterface,ArkTS,7.0.0(26) Beta1,26.0.0 - 26.0.0(26.0.0),"=HYPERLINK(""https://developer.huawei.com/consumer/cn/doc/harmonyos-releases/changelogs-ux-7001/#ch2026031846233"",""表单类组件触摸热区最小高度变更"")",entry\src\main\ets\components\property\PropertyEditor.ets:304,未修复,UX视觉布局变更
declare const Button: ButtonInterface,ArkTS,7.0.0(26) Beta1,26.0.0 - 26.0.0(26.0.0),"=HYPERLINK(""https://developer.huawei.com/consumer/cn/doc/harmonyos-releases/changelogs-ux-7001/#ch2026031846233"",""表单类组件触摸热区最小高度变更"")",entry\src\main\ets\components\query\QueryBuilder.ets:84,未修复,UX视觉布局变更
declare const Button: ButtonInterface,ArkTS,7.0.0(26) Beta1,26.0.0 - 26.0.0(26.0.0),"=HYPERLINK(""https://developer.huawei.com/consumer/cn/doc/harmonyos-releases/changelogs-ux-7001/#ch2026031846233"",""表单类组件触摸热区最小高度变更"")",entry\src\main\ets\components\settings\ProUpgradePage.ets:82,未修复,UX视觉布局变更
declare const Button: ButtonInterface,ArkTS,7.0.0(26) Beta1,26.0.0 - 26.0.0(26.0.0),"=HYPERLINK(""https://developer.huawei.com/consumer/cn/doc/harmonyos-releases/changelogs-ux-7001/#ch2026031846233"",""表单类组件触摸热区最小高度变更"")",entry\src\main\ets\components\sidebar\PageContextMenu.ets:251,未修复,UX视觉布局变更
declare const Button: ButtonInterface,ArkTS,7.0.0(26) Beta1,26.0.0 - 26.0.0(26.0.0),"=HYPERLINK(""https://developer.huawei.com/consumer/cn/doc/harmonyos-releases/changelogs-ux-7001/#ch2026031846233"",""表单类组件触摸热区最小高度变更"")",entry\src\main\ets\components\sidebar\PageContextMenu.ets:259,未修复,UX视觉布局变更
declare const Button: ButtonInterface,ArkTS,7.0.0(26) Beta1,26.0.0 - 26.0.0(26.0.0),"=HYPERLINK(""https://developer.huawei.com/consumer/cn/doc/harmonyos-releases/changelogs-ux-7001/#ch2026031846233"",""表单类组件触摸热区最小高度变更"")",entry\src\main\ets\widget\pages\WidgetCard.ets:109,未修复,UX视觉布局变更
shadow(value: ShadowOptions | ShadowStyle): T,ArkTS,7.0.0(26) Beta1,26.0.0 - 26.0.0(26.0.0),"=HYPERLINK(""https://developer.huawei.com/consumer/cn/doc/harmonyos-releases/changelogs-for-all-apps-7001/#ch2026022422576"",""组件的阴影模糊半径规格变更"")",entry\src\main\ets\components\common\FloatingPanel.ets:91,未修复,接口行为变更
shadow(value: ShadowOptions | ShadowStyle): T,ArkTS,7.0.0(26) Beta1,26.0.0 - 26.0.0(26.0.0),"=HYPERLINK(""https://developer.huawei.com/consumer/cn/doc/harmonyos-releases/changelogs-for-all-apps-7001/#ch2026022422576"",""组件的阴影模糊半径规格变更"")",entry\src\main\ets\components\common\GlassSurface.ets:91,未修复,接口行为变更
shadow(value: ShadowOptions | ShadowStyle): T,ArkTS,7.0.0(26) Beta1,26.0.0 - 26.0.0(26.0.0),"=HYPERLINK(""https://developer.huawei.com/consumer/cn/doc/harmonyos-releases/changelogs-for-all-apps-7001/#ch2026022422576"",""组件的阴影模糊半径规格变更"")",entry\src\main\ets\components\graph\GraphActions.ets:125,未修复,接口行为变更
shadow(value: ShadowOptions | ShadowStyle): T,ArkTS,7.0.0(26) Beta1,26.0.0 - 26.0.0(26.0.0),"=HYPERLINK(""https://developer.huawei.com/consumer/cn/doc/harmonyos-releases/changelogs-for-all-apps-7001/#ch2026022422576"",""组件的阴影模糊半径规格变更"")",entry\src\main\ets\components\graph\GraphActions.ets:182,未修复,接口行为变更
shadow(value: ShadowOptions | ShadowStyle): T,ArkTS,7.0.0(26) Beta1,26.0.0 - 26.0.0(26.0.0),"=HYPERLINK(""https://developer.huawei.com/consumer/cn/doc/harmonyos-releases/changelogs-for-all-apps-7001/#ch2026022422576"",""组件的阴影模糊半径规格变更"")",entry\src\main\ets\components\layout\TabBar.ets:106,未修复,接口行为变更
shadow(value: ShadowOptions | ShadowStyle): T,ArkTS,7.0.0(26) Beta1,26.0.0 - 26.0.0(26.0.0),"=HYPERLINK(""https://developer.huawei.com/consumer/cn/doc/harmonyos-releases/changelogs-for-all-apps-7001/#ch2026022422576"",""组件的阴影模糊半径规格变更"")",entry\src\main\ets\components\layout\TabOverviewSheet.ets:64,未修复,接口行为变更
shadow(value: ShadowOptions | ShadowStyle): T,ArkTS,7.0.0(26) Beta1,26.0.0 - 26.0.0(26.0.0),"=HYPERLINK(""https://developer.huawei.com/consumer/cn/doc/harmonyos-releases/changelogs-for-all-apps-7001/#ch2026022422576"",""组件的阴影模糊半径规格变更"")",entry\src\main\ets\components\mobile\MobileToolbar.ets:82,未修复,接口行为变更
shadow(value: ShadowOptions | ShadowStyle): T,ArkTS,7.0.0(26) Beta1,26.0.0 - 26.0.0(26.0.0),"=HYPERLINK(""https://developer.huawei.com/consumer/cn/doc/harmonyos-releases/changelogs-for-all-apps-7001/#ch2026022422576"",""组件的阴影模糊半径规格变更"")",entry\src\main\ets\components\outliner\AutoComplete.ets:326,未修复,接口行为变更
shadow(value: ShadowOptions | ShadowStyle): T,ArkTS,7.0.0(26) Beta1,26.0.0 - 26.0.0(26.0.0),"=HYPERLINK(""https://developer.huawei.com/consumer/cn/doc/harmonyos-releases/changelogs-for-all-apps-7001/#ch2026022422576"",""组件的阴影模糊半径规格变更"")",entry\src\main\ets\components\outliner\BlockDragHandler.ets:239,未修复,接口行为变更
shadow(value: ShadowOptions | ShadowStyle): T,ArkTS,7.0.0(26) Beta1,26.0.0 - 26.0.0(26.0.0),"=HYPERLINK(""https://developer.huawei.com/consumer/cn/doc/harmonyos-releases/changelogs-for-all-apps-7001/#ch2026022422576"",""组件的阴影模糊半径规格变更"")",entry\src\main\ets\components\outliner\BlockSelection.ets:157,未修复,接口行为变更
shadow(value: ShadowOptions | ShadowStyle): T,ArkTS,7.0.0(26) Beta1,26.0.0 - 26.0.0(26.0.0),"=HYPERLINK(""https://developer.huawei.com/consumer/cn/doc/harmonyos-releases/changelogs-for-all-apps-7001/#ch2026022422576"",""组件的阴影模糊半径规格变更"")",entry\src\main\ets\components\outliner\SlashMenu.ets:196,未修复,接口行为变更
shadow(value: ShadowOptions | ShadowStyle): T,ArkTS,7.0.0(26) Beta1,26.0.0 - 26.0.0(26.0.0),"=HYPERLINK(""https://developer.huawei.com/consumer/cn/doc/harmonyos-releases/changelogs-for-all-apps-7001/#ch2026022422576"",""组件的阴影模糊半径规格变更"")",entry\src\main\ets\components\outliner\SlashMenu.ets:266,未修复,接口行为变更
shadow(value: ShadowOptions | ShadowStyle): T,ArkTS,7.0.0(26) Beta1,26.0.0 - 26.0.0(26.0.0),"=HYPERLINK(""https://developer.huawei.com/consumer/cn/doc/harmonyos-releases/changelogs-for-all-apps-7001/#ch2026022422576"",""组件的阴影模糊半径规格变更"")",entry\src\main\ets\components\outliner\Toolbar.ets:59,未修复,接口行为变更
shadow(value: ShadowOptions | ShadowStyle): T,ArkTS,7.0.0(26) Beta1,26.0.0 - 26.0.0(26.0.0),"=HYPERLINK(""https://developer.huawei.com/consumer/cn/doc/harmonyos-releases/changelogs-for-all-apps-7001/#ch2026022422576"",""组件的阴影模糊半径规格变更"")",entry\src\main\ets\components\page\ContentArea.ets:93,未修复,接口行为变更
shadow(value: ShadowOptions | ShadowStyle): T,ArkTS,7.0.0(26) Beta1,26.0.0 - 26.0.0(26.0.0),"=HYPERLINK(""https://developer.huawei.com/consumer/cn/doc/harmonyos-releases/changelogs-for-all-apps-7001/#ch2026022422576"",""组件的阴影模糊半径规格变更"")",entry\src\main\ets\components\sidebar\PageContextMenu.ets:221,未修复,接口行为变更
